Time,header.seq,header.stamp.secs,header.stamp.nsecs,header.frame_id,velocity,acceleration.linear.x,acceleration.linear.y,acceleration.linear.z,acceleration.angular.x,acceleration.angular.y,acceleration.angular.z,orientation.x,orientation.y,orientation.z,orientation.w,control.header.seq,control.header.stamp.secs,control.header.stamp.nsecs,control.header.frame_id,control.throttle,control.steer,control.brake,control.hand_brake,control.reverse,control.gear,control.manual_gear_shift
14.600215196,223,14,600215196,map,2.7657556533813477,3.541092872619629,0.541125476360321,-0.0004280090215615928,0.0,0.0,0.0,0.00015108057749981004,-0.0037794120666592343,0.003220524279297458,0.9999876606450981,0,0,0,,0.9025317430496216,0.0068836212158203125,0.0,False,False,1,False
14.650215197,224,14,650215197,map,2.9348132610321045,3.3790969848632812,0.7494089007377625,-0.0003211974981240928,0.0,0.0,0.0,0.000482137380088362,-0.0036615343629744115,0.0033194587299741375,0.9999876708756941,0,0,0,,0.8909773826599121,-0.01032373309135437,0.0,False,False,1,False
14.700215198,225,14,700215198,map,3.1021921634674072,3.341703414916992,0.4795076847076416,-0.00018711085431277752,0.0,0.0,0.0,0.0006932817249318964,-0.003556468246200897,0.00375424756446805,0.9999863881670032,0,0,0,,0.9033622741699219,-0.015593260526657104,0.0,False,False,1,False
14.700215198,226,14,750215198,map,3.2714004516601562,3.372673988342285,0.5937899351119995,-0.0002452850458212197,0.0,0.0,0.0,0.0008494740414908123,-0.003475264458047803,0.004506794335826059,0.9999834447307685,0,0,0,,0.9037930965423584,-0.024375349283218384,0.0,False,False,1,False
14.800215199,227,14,800215199,map,3.44337797164917,3.420290946960449,0.709303617477417,-0.0001605987490620464,0.0,0.0,0.0,0.001005326014695932,-0.0034228957959437276,0.005642026245076407,0.9999777200737144,0,0,0,,0.9024255275726318,-0.03388318419456482,0.0,False,False,1,False
14.850215200000001,228,14,850215200,map,3.617842435836792,3.4746265411376953,0.46851128339767456,-0.0001569747837493196,0.0,0.0,0.0,0.001063104609598081,-0.003397437939392645,0.006995034165475751,0.9999691978861454,0,0,0,,0.9021482467651367,-0.0344240665435791,0.0,False,False,1,False
14.850215200000001,229,14,900215201,map,3.7944347858428955,3.5040903091430664,0.7278096675872803,-4.463195728021674e-05,0.0,0.0,0.0,0.0011440092554523954,-0.0033904458640894946,0.008638395197359195,0.9999562861685907,0,0,0,,0.9124679565429688,-0.0423714816570282,0.0,False,False,1,False
14.950215201,230,14,950215201,map,3.9739885330200195,3.5545921325683594,0.812947154045105,4.920959327137098e-05,0.0,0.0,0.0,0.001260309199454068,-0.0033977174794647762,0.010636839853743713,0.9999368603939838,0,0,0,,0.9175007343292236,-0.0488264262676239,0.0,False,False,1,False
15.000215202,231,15,215202,map,4.155531406402588,3.5759639739990234,1.0287481546401978,-0.00012092589895473793,0.0,0.0,0.0,0.0014374076579569055,-0.003412702976622828,0.013069252664827917,0.9999077367199443,0,0,0,,0.9133415222167969,-0.05782824754714966,0.0,False,False,1,False
15.050215203,232,15,50215203,map,4.338870525360107,3.619680404663086,0.8170366287231445,-6.923676119185984e-05,0.0,0.0,0.0,0.0015462842500105858,-0.00343309839230846,0.015776431417090814,0.9998684548740343,0,0,0,,0.911192774772644,-0.05775567889213562,0.0,False,False,1,False
15.050215203,233,15,100215204,map,4.523066520690918,3.613138198852539,1.0721755027770996,2.2315980459097773e-05,0.0,0.0,0.0,0.0016738360762344673,-0.0034519710325949483,0.018791630379648556,0.9998160614815379,0,0,0,,0.9143035411834717,-0.06403589248657227,0.0,False,False,1,False
15.100215204,234,15,150215204,map,4.710014820098877,3.6799240112304688,0.8634752035140991,-1.2588498066179454e-05,0.0,0.0,0.0,0.0017322874439378866,-0.0034731698878520696,0.021983746528314873,0.9997507945281766,0,0,0,,0.925230860710144,-0.06171479821205139,0.0,False,False,1,False
15.200215205,235,15,200215205,map,4.900942325592041,3.784656524658203,0.5538469552993774,0.00011196135892532766,0.0,0.0,0.0,0.0016384670166082439,-0.0035052513940107026,0.02506676045074742,0.9996782913312688,0,0,0,,0.9351621866226196,-0.05331513285636902,0.0,False,False,1,False
15.250215206,236,15,250215206,map,5.095851898193359,3.902721405029297,0.11824429035186768,0.09171256422996521,0.0,0.0,0.0,0.0013274449020387903,-0.00355635479954769,0.02770819588036479,0.999608846555305,0,0,0,,0.9378864765167236,-0.038818299770355225,0.0,False,False,1,False
15.300215207,237,15,300215207,map,5.29940128326416,4.1655731201171875,-1.0211217403411865,-0.05022010952234268,0.0,0.0,0.0,0.0005646176522615344,-0.003634131913975295,0.02915390223804286,0.9995681688991667,0,0,0,,0.943740963935852,-0.006842762231826782,0.0,False,False,1,False
15.300215207,238,15,350215207,map,5.48679780960083,3.8124847412109375,-0.8159887790679932,-0.02948913723230362,0.0,0.0,0.0,-0.0001680744648287272,-0.0036910034631375873,0.02966523672914521,0.9995530611099208,0,0,0,,0.9460752010345459,0.006110846996307373,0.0,False,False,1,False
15.400215208,239,15,400215208,map,5.3772501945495605,-2.0902538299560547,-1.8807053565979004,-0.014923094771802425,0.0,0.0,0.0,-0.0010080456490754288,-0.00319634026650907,0.028606534694289705,0.9995851306545405,0,0,0,,0.9498335123062134,0.04188859462738037,0.0,False,False,0,False
15.450215209,240,15,450215209,map,5.499375343322754,2.465057373046875,-0.45192986726760864,-0.005772971548140049,0.0,0.0,0.0,-0.0013511649574324696,-0.002619485695241009,0.02727665180263178,0.9996235776102864,0,0,0,,0.9442588090896606,0.026450157165527344,0.0,False,False,0,False
15.50021521,241,15,500215210,map,5.802070140838623,6.08546257019043,-0.7231125235557556,-0.00201587681658566,0.0,0.0,0.0,-0.0015483576175526301,-0.002635397351938039,0.025346005735082444,0.9996740655147369,0,0,0,,0.9446027278900146,0.03438025712966919,0.0,False,False,0,False
15.50021521,242,15,550215210,map,6.2381768226623535,8.771734237670898,-1.9163637161254883,-0.0012607569806277752,0.0,0.0,0.0,-0.002168296468265273,-0.0036352874648617342,0.022421396169345114,0.9997396481931137,0,0,0,,0.945186972618103,0.06289392709732056,0.0,False,False,2,False
15.600215211,243,15,600215211,map,6.622424602508545,7.7004241943359375,-2.1645727157592773,-0.00025253393687307835,0.0,0.0,0.0,-0.002935768548474579,-0.004598569635566259,0.017822930446973133,0.9998262736948949,0,0,0,,0.9465649127960205,0.07789194583892822,0.0,False,False,2,False
15.650215211999999,244,15,650215212,map,6.966674327850342,6.865072250366211,-2.1733360290527344,0.0011245731730014086,0.0,0.0,0.0,-0.003575764483252931,-0.0052313218759078295,0.01235386799577271,0.999903609917143,0,0,0,,0.9509874582290649,0.08401316404342651,0.0,False,False,2,False
15.700215213,245,15,700215213,map,7.282926559448242,6.326589584350586,0.04175007343292236,0.0035760877653956413,0.0,0.0,0.0,-0.0032952191594967204,-0.005542354788109691,0.007178044283041327,0.9999534486736692,0,0,0,,0.9508655071258545,0.04408681392669678,0.0,False,False,2,False
15.750215213,246,15,750215213,map,7.573307991027832,5.753564834594727,-2.3660128116607666,0.003001976292580366,0.0,0.0,0.0,-0.0034151243551064116,-0.0056020551726726426,0.002035676974534337,0.9999764046829989,0,0,0,,0.9521195888519287,0.07450813055038452,0.0,False,False,2,False
15.800215214,247,15,800215214,map,7.844309329986572,5.352449417114258,-1.9414279460906982,0.00207176199182868,0.0,0.0,0.0,-0.0036930298318556157,-0.005499412644378715,-0.0038087184455464027,0.9999708054013527,0,0,0,,0.9530298709869385,0.07109355926513672,0.0,False,False,2,False
15.850215215,248,15,850215215,map,8.107126235961914,5.228462219238281,-0.7500487565994263,0.0021451949141919613,0.0,0.0,0.0,-0.003479107900400789,-0.005329320016753195,-0.00903858385741076,0.9999388972123391,0,0,0,,0.9495060443878174,0.04747748374938965,0.0,False,False,2,False
15.900215215,249,15,900215215,map,8.35546588897705,4.957389831542969,-0.31858503818511963,0.0018878935370594263,0.0,0.0,0.0,-0.002915885116593717,-0.0051412749185899545,-0.013334739523632297,0.9998936191555755,0,0,0,,0.9496288299560547,0.030245721340179443,0.0,False,False,2,False
15.950215216,250,15,950215216,map,8.599072456359863,4.870929718017578,-0.13789594173431396,0.001015472342260182,0.0,0.0,0.0,-0.0022559276187254173,-0.00496276912595846,-0.016369233714759863,0.9998511538728017,0,0,0,,0.9460010528564453,0.017850875854492188,0.0,False,False,2,False
16.000215217,251,16,215217,map,8.832040786743164,4.676017761230469,0.27352094650268555,0.00014171615475788713,0.0,0.0,0.0,-0.0015391159774828086,-0.004802227746324484,-0.018328456414586948,0.9998193023822549,0,0,0,,0.9432312250137329,0.003782510757446289,0.0,False,False,2,False
16.050215218,252,16,50215218,map,9.061835289001465,4.60845947265625,0.20526230335235596,-0.0003967285738326609,0.0,0.0,0.0,-0.0009188016495827502,-0.004663165749539831,-0.01921792346729534,0.9998040218494453,0,0,0,,0.939744234085083,-0.0018456578254699707,0.0,False,False,2,False
16.100215218,253,16,100215218,map,9.28337574005127,4.4757080078125,1.1286014318466187,-0.0005683899507857859,0.0,0.0,0.0,-0.00013903210997689123,-0.004544269229100448,-0.018985934609217967,0.9998094141256423,0,0,0,,0.9348659515380859,-0.02106386423110962,0.0,False,False,2,False
16.150215219,254,16,150215219,map,9.501952171325684,4.397678375244141,0.7720953226089478,-0.0007324218167923391,0.0,0.0,0.0,0.0005028096351011622,-0.004440082443827859,-0.01774819087603849,0.999832503257916,0,0,0,,0.929072380065918,-0.02151644229888916,0.0,False,False,2,False
16.20021522,255,16,200215220,map,9.715319633483887,4.298419952392578,1.1701244115829468,-0.0006000518333166838,0.0,0.0,0.0,0.0010788940914180402,-0.004345721067902851,-0.01580969280789276,0.9998649930411904,0,0,0,,0.9231081008911133,-0.029518723487854004,0.0,False,False,2,False
16.250215221,256,16,250215221,map,9.924694061279297,4.203929901123047,0.7872438430786133,-0.00034866330679506063,0.0,0.0,0.0,0.0014357052384582692,-0.004257636748254567,-0.0134496833303395,0.999899453594261,0,0,0,,0.9218859672546387,-0.025056034326553345,0.0,False,False,2,False
16.300215221,257,16,300215221,map,10.130982398986816,4.14093017578125,0.9772792458534241,-0.00020389555720612407,0.0,0.0,0.0,0.001687935216341653,-0.004176293386536333,-0.010928735226285619,0.9999301336566514,0,0,0,,0.9149731397628784,-0.026761144399642944,0.0,False,False,2,False
16.350215222,258,16,350215222,map,10.331765174865723,4.0271759033203125,1.2087702751159668,-0.00014228819054551423,0.0,0.0,0.0,0.0019563708051113173,-0.004098267741031609,-0.00814371185359196,0.999956527441089,0,0,0,,0.9111504554748535,-0.02997705340385437,0.0,False,False,2,False
16.400215223,259,16,400215223,map,10.530911445617676,3.9863967895507812,0.7680341601371765,0.00011596677359193563,0.0,0.0,0.0,0.002044350485260532,-0.004025253541479057,-0.00541131654968717,0.9999751675007832,0,0,0,,0.9121809005737305,-0.022565633058547974,0.0,False,False,2,False
16.450215224,260,16,450215224,map,10.659478187561035,2.5719451904296875,0.7433673143386841,0.00022125244140625,0.0,0.0,0.0,0.002012847863093009,-0.003900494678910356,-0.002907916621773396,0.9999861392067696,0,0,0,,0.9110419750213623,-0.019767969846725464,0.0,False,False,2,False
16.500215224,261,16,500215224,map,10.669473648071289,0.19678115844726562,0.9768162965774536,0.0009603500366210938,0.0,0.0,0.0,0.0020169443982816556,-0.003336600380950588,-0.0005274775817165705,0.9999922603703456,0,0,0,,0.9074537754058838,-0.021829754114151,0.0,False,False,0,False
16.550215225,262,16,550215225,map,10.654074668884277,-0.3134727478027344,0.7519736289978027,0.0007675171364098787,0.0,0.0,0.0,0.0019788003390776854,-0.0026267248129004,0.0017159971169997553,0.9999931199862676,0,0,0,,0.9099254608154297,-0.01805710792541504,0.0,False,False,0,False
16.550215225,263,16,600215226,map,11.067612648010254,8.265914916992188,0.5236856937408447,-0.0006700516096316278,0.0,0.0,0.0,0.0018255310661077918,-0.0028479226348582087,0.0036278506399844766,0.9999876976606894,0,0,0,,0.9145796298980713,-0.011256396770477295,0.0,False,False,3,False
16.650215227,264,16,650215227,map,11.419305801391602,7.023258209228516,0.8726401329040527,-0.0015933988615870476,0.0,0.0,0.0,0.0017590116714228808,-0.0035987149219660814,0.0053676841408109655,0.999977571296384,0,0,0,,0.9072169065475464,-0.014995753765106201,0.0,False,False,3,False
16.700215227,265,16,700215227,map,11.729329109191895,6.192684173583984,0.5489426851272583,-0.0012035369873046875,0.0,0.0,0.0,0.0016509991592346552,-0.004259469871102797,0.006914771647576118,0.999965657935939,0,0,0,,0.912529468536377,-0.009730398654937744,0.0,False,False,3,False
16.750215228000002,266,16,750215228,map,12.00544261932373,5.5242919921875,-0.08115649223327637,-0.00016937250620685518,0.0,0.0,0.0,0.0013081880413714538,-0.004664366408638973,0.007887926777548127,0.9999571555527799,0,0,0,,0.9161137342453003,0.0017613768577575684,0.0,False,False,3,False
16.800215229,267,16,800215229,map,12.255675315856934,5.007038116455078,-0.11612385511398315,0.0005069731269031763,0.0,0.0,0.0,0.0008975155199458218,-0.004826524226213643,0.008221937354473326,0.9999541483867769,0,0,0,,0.9202567338943481,0.0049127936363220215,0.0,False,False,3,False
16.85021523,268,16,850215230,map,12.486234664916992,4.6099853515625,0.11464804410934448,0.0006584167713299394,0.0,0.0,0.0,0.0006245159782676108,-0.004813386049759043,0.008228597907365114,0.9999543646942133,0,0,0,,0.9220520257949829,0.002135157585144043,0.0,False,False,3,False
16.90021523,269,16,900215230,map,12.701897621154785,4.315624237060547,-0.1284879446029663,0.0007419586181640625,0.0,0.0,0.0,0.0003822818214155207,-0.004696304365296902,0.008001579469555653,0.9999568857265346,0,0,0,,0.9270386695861816,0.005190789699554443,0.0,False,False,3,False
16.950215231,270,16,950215231,map,12.906670570373535,4.0988922119140625,-0.21827131509780884,0.0004446029488462955,0.0,0.0,0.0,0.00014018676839224002,-0.004530797481092089,0.007538409640233243,0.9999613115525777,0,0,0,,0.9303584098815918,0.006547391414642334,0.0,False,False,3,False
17.000215232,271,17,215232,map,13.103521347045898,3.940601348876953,-0.25655657052993774,0.00021190644474700093,0.0,0.0,0.0,-7.488157754354798e-05,-0.004353950765915729,0.006900738655553708,0.9999667081015673,0,0,0,,0.9333312511444092,0.006892144680023193,0.0,False,False,3,False
17.050215233,272,17,50215233,map,13.294649124145508,3.825664520263672,-0.2455049753189087,0.0001274108944926411,0.0,0.0,0.0,-0.00023938050353426076,-0.0041873422507361195,0.006177595602439167,0.9999721226986393,0,0,0,,0.9356107711791992,0.0062046051025390625,0.0,False,False,3,False
17.100215233,273,17,100215233,map,13.481772422790527,3.7456512451171875,-0.2859562635421753,-7.095339242368937e-05,0.0,0.0,0.0,-0.00037010584120573703,-0.0040416998156704515,0.005420274339156771,0.999977073892374,0,0,0,,0.9402921199798584,0.006110012531280518,0.0,False,False,3,False
17.150215234,274,17,150215234,map,13.66629409790039,3.6928749084472656,-0.24457290768623352,-0.00011539457773324102,0.0,0.0,0.0,-0.00045539214950385146,-0.003921649704440756,0.004686318139182375,0.9999812256757045,0,0,0,,0.9428633451461792,0.004865467548370361,0.0,False,False,3,False
17.200215235,275,17,200215235,map,13.849093437194824,3.658580780029297,-0.299953818321228,-0.00013771059457212687,0.0,0.0,0.0,-0.0005248371308828591,-0.0038267037325301428,0.003983580485244845,0.999984605867034,0,0,0,,0.9460715055465698,0.005043089389801025,0.0,False,False,3,False
17.200215235,276,17,250215236,map,14.030815124511719,3.6375999450683594,-0.45798346400260925,-0.00010051724530057982,0.0,0.0,0.0,-0.0006331749291540728,-0.0037545217252083897,0.0032223714089837535,0.9999875594119292,0,0,0,,0.9486885070800781,0.007162928581237793,0.0,False,False,3,False
17.250215236,277,17,300215236,map,14.212048530578613,3.6243057250976562,0.07210150361061096,-0.00012111664545955136,0.0,0.0,0.0,-0.0005691011282615123,-0.003701300746429687,0.0026639264020633796,0.9999894399406498,0,0,0,,0.9493776559829712,-0.0010433495044708252,0.0,False,False,3,False
17.300215236,278,17,350215237,map,14.39278507232666,3.6174774169921875,-0.5295826196670532,-0.00010280608694301918,0.0,0.0,0.0,-0.0006167355571783948,-0.0036634170719250124,0.0021194369295320916,0.999990853458026,0,0,0,,0.9527089595794678,0.006791889667510986,0.0,False,False,3,False
17.400215238,279,17,400215238,map,14.573580741882324,3.6174964904785156,-0.4737016558647156,-5.874633643543348e-05,0.0,0.0,0.0,-0.0007266463947787277,-0.0036378673165974812,0.0014229182774087624,0.9999921065738367,0,0,0,,0.9544824361801147,0.006945788860321045,0.0,False,False,3,False
17.450215239,280,17,450215239,map,14.754587173461914,3.620738983154297,-0.30328258872032166,-0.00010643005225574598,0.0,0.0,0.0,-0.0007651907777327419,-0.0036217006503008902,0.000713338703308842,0.9999928944324393,0,0,0,,0.9557406902313232,0.00439906120300293,0.0,False,False,3,False
17.500215239,281,17,500215239,map,14.93574047088623,3.62335205078125,-0.3770337700843811,-2.670285539352335e-06,0.0,0.0,0.0,-0.0007836630624972822,-0.003612411567737072,2.486540884134846e-05,0.9999931678449514,0,0,0,,0.957474946975708,0.004942536354064941,0.0,False,False,3,False
17.55021524,282,17,550215240,map,15.117133140563965,3.6276626586914062,-0.37277400493621826,-1.3160706657799892e-05,0.0,0.0,0.0,-0.0007986248539162187,-0.0036082357777511035,-0.0006527306790022813,0.9999929583629955,0,0,0,,0.9585603475570679,0.004668831825256348,0.0,False,False,3,False
17.600215241,283,17,600215241,map,15.29875659942627,3.632049560546875,-0.2827267050743103,2.4795554054435343e-06,0.0,0.0,0.0,-0.0007781924096129519,-0.003607477690196947,-0.0012636663847417607,0.9999923918053358,0,0,0,,0.9591301679611206,0.0030311942100524902,0.0,False,False,3,False
17.650215242,284,17,650215242,map,15.480549812316895,3.635692596435547,-0.08259311318397522,3.509521047817543e-05,0.0,0.0,0.0,-0.0006758372891751108,-0.003609175217447627,-0.0016802981610656753,0.999991846814912,0,0,0,,0.9599331617355347,-0.0004943907260894775,0.0,False,False,3,False
17.700215242,285,17,700215242,map,15.662479400634766,3.6381912231445312,-0.16181424260139465,3.814698175119702e-06,0.0,0.0,0.0,-0.0005773979983193586,-0.0036120608596022993,-0.0019265944654670653,0.9999914538943138,0,0,0,,0.9611308574676514,0.00013440847396850586,0.0,False,False,3,False
17.750215243,286,17,750215243,map,15.80243968963623,2.7979278564453125,-0.3895796835422516,-2.9182432626839727e-05,0.0,0.0,0.0,-0.0005834033784221842,-0.0035792236625003275,-0.002208306044263873,0.9999909860508176,0,0,0,,0.9617623090744019,0.0039070844650268555,0.0,False,False,3,False
17.750215243,287,17,800215244,map,15.790776252746582,-0.23195266723632812,0.399671345949173,0.0007053374429233372,0.0,0.0,0.0,-0.00038022540623333537,-0.0031091558919603703,-0.002204668107608353,0.9999926639814991,0,0,0,,0.9606829881668091,-0.007269144058227539,0.0,False,False,0,False
17.850215245,288,17,850215245,map,15.778153419494629,-0.25257110595703125,-0.04415445029735565,0.0007545471307821572,0.0,0.0,0.0,-0.00022889427533179517,-0.0024754643265148296,-0.0019891302445955257,0.9999949315094797,0,0,0,,0.9615557193756104,-0.0018843114376068115,0.0,False,False,0,False
17.900215245,289,17,900215245,map,16.079801559448242,6.033458709716797,0.18992848694324493,-0.0003725051647052169,0.0,0.0,0.0,-8.405775845640669e-05,-0.0025317484628066397,-0.001644548567640158,0.9999954393116116,0,0,0,,0.960413932800293,-0.004700213670730591,0.0,False,False,4,False
17.950215246,290,17,950215246,map,16.346696853637695,5.338325500488281,0.2394556701183319,-0.0010845183860510588,0.0,0.0,0.0,7.3120314238223e-05,-0.003032348148244243,-0.0011473555005241192,0.9999947415329157,0,0,0,,0.9610178470611572,-0.005139261484146118,0.0,False,False,4,False
18.000215247,291,18,215247,map,16.584959030151367,4.765357971191406,0.06705459207296371,-0.0009077072027139366,0.0,0.0,0.0,0.0001487686611565615,-0.003503533452412476,-0.0006593323055855293,0.9999936341808101,0,0,0,,0.962303876876831,-0.0018057823181152344,0.0,False,False,4,False
18.050215248,292,18,50215248,map,16.80142593383789,4.329261779785156,-0.06469562649726868,-0.00036334991455078125,0.0,0.0,0.0,0.00012643208702642036,-0.003809249298464135,-0.00035422977071411423,0.999992674051155,0,0,0,,0.962890625,0.0013577938079833984,0.0,False,False,4,False
18.100215248,293,18,100215248,map,17.001367568969727,3.99871826171875,-0.07453653961420059,0.00011806492693722248,0.0,0.0,0.0,6.67291123103833e-05,-0.003950126780565243,-0.00027030153537602484,0.9999921594606246,0,0,0,,0.963077187538147,0.002402067184448242,0.0,False,False,4,False
18.150215249,294,18,150215249,map,17.18878746032715,3.7483978271484375,-0.0036084651947021484,0.000328254682244733,0.0,0.0,0.0,3.1543277255393075e-05,-0.003969192214363607,-0.00032437733337284055,0.9999920696173209,0,0,0,,0.9623796939849854,0.001545727252960205,0.0,False,False,4,False
18.20021525,295,18,200215250,map,17.366596221923828,3.5562515258789062,0.052016377449035645,0.0003803253057412803,0.0,0.0,0.0,3.474057225902327e-05,-0.003912989802900581,-0.0004106288767047793,0.9999922593139513,0,0,0,,0.9603714942932129,0.0003587007522583008,0.0,False,False,4,False
18.25021525,296,18,250215250,map,17.536907196044922,3.4064102172851562,0.15086841583251953,0.0004106521373614669,0.0,0.0,0.0,8.466901782018802e-05,-0.0038180021953440027,-0.0004223273005226818,0.9999926186377802,0,0,0,,0.958244800567627,-0.0016724765300750732,0.0,False,False,4,False
18.300215251,297,18,300215251,map,17.701324462890625,3.2884597778320312,0.20202599465847015,0.0002601623418740928,0.0,0.0,0.0,0.0001633808804229968,-0.0037088195390702914,-0.00029573348929503186,0.9999930652289634,0,0,0,,0.9561798572540283,-0.0029968619346618652,0.0,False,False,4,False
18.350215252,298,18,350215252,map,17.8610897064209,3.195343017578125,0.17650216817855835,0.0001699447602732107,0.0,0.0,0.0,0.00023040104991853882,-0.0036006613640427398,-5.3435380426482626e-05,0.9999934896276864,0,0,0,,0.9544358253479004,-0.0028541088104248047,0.0,False,False,4,False
18.400215253,299,18,400215253,map,18.017120361328125,3.1204986572265625,0.22737465798854828,6.961821782169864e-05,0.0,0.0,0.0,0.00029507925587409406,-0.00350108565103731,0.0002854534222774639,0.9999937869026191,0,0,0,,0.9527568817138672,-0.0034791231155395508,0.0,False,False,4,False
18.400215253,300,18,450215253,map,18.17009735107422,3.0591964721679688,0.3074372112751007,-2.6893612812273204e-05,0.0,0.0,0.0,0.000377995483475458,-0.0034134527451013382,0.0007365760575593084,0.9999938314387159,0,0,0,,0.9510114192962646,-0.0044806599617004395,0.0,False,False,4,False
18.500215254,301,18,500215254,map,18.320514678955078,3.0074310302734375,0.4293287992477417,-1.1444099072832614e-05,0.0,0.0,0.0,0.0004970709442314555,-0.0033382052975636303,0.0013380109910945722,0.9999934094945103,0,0,0,,0.9492557048797607,-0.006081253290176392,0.0,False,False,4,False
18.550215255,302,18,550215255,map,18.468704223632812,2.9647445678710938,-0.4433639645576477,-8.239745511673391e-05,0.0,0.0,0.0,0.00032724506454746887,-0.0032750487811882374,0.0015978767176331595,0.9999933068556728,0,0,0,,0.9474426507949829,0.007673740386962891,0.0,False,False,4,False
18.600215256,303,18,600215256,map,18.615245819091797,2.9305648803710938,0.145742267370224,-2.86102294921875e-05,0.0,0.0,0.0,0.00021867245071833773,-0.0032224141981778503,0.00158978749216689,0.9999935203814196,0,0,0,,0.9457039833068848,0.0005853176116943359,0.0,False,False,4,False
18.650215256,304,18,650215256,map,18.760135650634766,2.8976821899414062,0.06761029362678528,-6.065369234420359e-05,0.0,0.0,0.0,0.0001861773855250522,-0.0031785483969821306,0.0015289559319434478,0.9999937622114586,0,0,0,,0.9441113471984863,0.000961005687713623,0.0,False,False,4,False
18.700215257,305,18,700215257,map,18.903440475463867,2.8659439086914062,0.07066071033477783,-8.773804438533261e-06,0.0,0.0,0.0,0.0001693913778882819,-0.003141394574054115,0.0014463402657768508,0.9999940055052966,0,0,0,,0.9402060508728027,0.00040966272354125977,0.0,False,False,4,False
18.750215258,306,18,750215258,map,19.04503631591797,2.83172607421875,0.08755385875701904,-8.7738037109375e-05,0.0,0.0,0.0,0.00016540987568156832,-0.003108746551207458,0.0013882666570509737,0.9999941905081962,0,0,0,,0.9362599849700928,-0.0003514289855957031,0.0,False,False,4,False
18.750215258,307,18,800215259,map,19.184846878051758,2.7959060668945312,0.12768201529979706,-2.079009937006049e-05,0.0,0.0,0.0,0.00018036562912856482,-0.003078861704803078,0.0014008249461458348,0.9999942628676991,0,0,0,,0.9326092004776001,-0.0013990402221679688,0.0,False,False,4,False
18.850215259,308,18,850215259,map,19.322717666625977,2.7577590942382812,-0.14159850776195526,6.484983714472037e-06,0.0,0.0,0.0,0.00011304072231725228,-0.0030502915195796667,0.0013526788611431884,0.9999944265861384,0,0,0,,0.9265463352203369,0.002411186695098877,0.0,False,False,4,False
18.850215259,309,18,900215260,map,19.458398818969727,2.7140045166015625,-0.17850138247013092,-8.964534572442062e-06,0.0,0.0,0.0,-2.368071385219204e-06,-0.003021657576789693,0.0011552557860026022,0.9999947674682852,0,0,0,,0.921116828918457,0.003279745578765869,0.0,False,False,4,False
18.950215261,310,18,950215261,map,19.591400146484375,2.6602935791015625,-0.1358155906200409,-9.53677954385057e-07,0.0,0.0,0.0,-9.568837699728596e-05,-0.002991278569138896,0.0008628324600526067,0.9999951492964364,0,0,0,,0.9078960418701172,0.002531290054321289,0.0,False,False,4,False
19.000215262,311,19,215262,map,19.721052169799805,2.5933074951171875,-0.204777792096138,4.9400332500226796e-05,0.0,0.0,0.0,-0.00018280800734874156,-0.0029567758934972562,0.0005006598074588928,0.9999954866884676,0,0,0,,0.9004454612731934,0.0031152963638305664,0.0,False,False,4,False
19.050215262,312,19,50215262,map,19.84723472595215,2.5237655639648438,-0.15425249934196472,-1.4877323337714188e-05,0.0,0.0,0.0,-0.00024225865030926813,-0.0029175533008065,0.00012073179287031521,0.9999957072994451,0,0,0,,0.8918533325195312,0.0019280314445495605,0.0,False,False,4,False
19.100215263,313,19,100215263,map,19.969568252563477,2.446746826171875,-0.2343498021364212,-3.242494130972773e-06,0.0,0.0,0.0,-0.00030330395161301,-0.0028731565714792324,-0.00026889887995255386,0.9999957903268498,0,0,0,,0.8797791004180908,0.002576470375061035,0.0,False,False,4,False
19.150215264,314,19,150215264,map,20.087474822998047,2.3580551147460938,-0.25382572412490845,4.19617208535783e-06,0.0,0.0,0.0,-0.0003675565500816432,-0.0028229820117294333,-0.0006761601792930507,0.9999957192319154,0,0,0,,0.8657238483428955,0.002544999122619629,0.0,False,False,4,False
19.150215264,315,19,200215265,map,20.20003318786621,2.2506332397460938,-0.4521101713180542,-3.4523007343523204e-05,0.0,0.0,0.0,-0.00048611302514054095,-0.002765433868090458,-0.0011886581447018494,0.9999953515699277,0,0,0,,0.8461673259735107,0.005253791809082031,0.0,False,False,4,False
19.200215265,316,19,250215265,map,20.306564331054688,2.1290206909179688,-0.6523946523666382,2.937316821771674e-05,0.0,0.0,0.0,-0.0006816561999071328,-0.0026984762092102437,-0.0019342157017334927,0.9999942561738007,0,0,0,,0.8344701528549194,0.008256494998931885,0.0,False,False,4,False
19.250215265,317,19,300215266,map,20.407228469848633,2.01507568359375,0.7698560953140259,9.803770808503032e-05,0.0,0.0,0.0,-0.0004114878240080264,-0.0026241691124286315,-0.0021436680103806257,0.9999941745338826,0,0,0,,0.8281002044677734,-0.013704091310501099,0.0,False,False,4,False
19.350215267,318,19,350215267,map,20.503156661987305,1.9185256958007812,-0.02903580665588379,6.408692570403218e-05,0.0,0.0,0.0,-0.0001876921187866344,-0.002546439920735705,-0.001859220432432469,0.9999950118449503,0,0,0,,0.8134353160858154,-0.004039853811264038,0.0,False,False,4,False
19.400215268,319,19,400215268,map,20.59368133544922,1.810760498046875,0.20883086323738098,-4.9400332500226796e-05,0.0,0.0,0.0,-3.1816688512428645e-05,-0.002465920001492984,-0.001346793821136745,0.9999960521785313,0,0,0,,0.8070535659790039,-0.0062410831451416016,0.0,False,False,4,False
19.450215268,320,19,450215268,map,20.679227828979492,1.7110443115234375,0.17221733927726746,3.7002555473009124e-05,0.0,0.0,0.0,9.301672113389174e-05,-0.002384486594435386,-0.000690025972518279,0.9999969147131045,0,0,0,,0.7957669496536255,-0.004588216543197632,0.0,False,False,4,False
19.500215269,321,19,500215269,map,20.759119033813477,1.5970993041992188,-0.5831778645515442,-2.937316821771674e-05,0.0,0.0,0.0,-6.621615567106545e-05,-0.002301603623899027,-0.00042110421217362003,0.9999972604499583,0,0,0,,0.7781323194503784,0.008388102054595947,0.0,False,False,4,False
19.500215269,322,19,550215270,map,20.833641052246094,1.4902496337890625,-0.09287573397159576,4.138946678722277e-05,0.0,0.0,0.0,-0.00018490302206305021,-0.0022172552722682063,-0.0005169688025703685,0.9999973911631905,0,0,0,,0.769455075263977,0.0031981468200683594,0.0,False,False,4,False
19.600215271,323,19,600215271,map,20.903039932250977,1.38763427734375,-0.15923984348773956,-4.80651760881301e-05,0.0,0.0,0.0,-0.00023683979244919237,-0.002132287306793463,-0.0007898544680095503,0.999997386690422,0,0,0,,0.7640780210494995,0.0038549304008483887,0.0,False,False,4,False
19.650215271,324,19,650215271,map,20.968366622924805,1.3068771362304688,0.15164203941822052,4.329680450609885e-05,0.0,0.0,0.0,-0.00016933361790883619,-0.002049690328892001,-0.0010187375941639037,0.9999973661312292,0,0,0,,0.7659811973571777,-0.0013425648212432861,0.0,False,False,4,False
19.650215271,325,19,700215272,map,21.0305118560791,1.2432861328125,0.1938418298959732,-3.395080057089217e-05,0.0,0.0,0.0,-3.881571575633706e-05,-0.0019729919913766053,-0.0010462719223290015,0.999997505552392,0,0,0,,0.7609217166900635,-0.003090977668762207,0.0,False,False,4,False
19.700215272,326,19,750215273,map,21.089750289916992,1.1850738525390625,0.20451784133911133,-6.294249033089727e-06,0.0,0.0,0.0,8.845324191827853e-05,-0.0019034315166418948,-0.0008699338033377451,0.9999978061674252,0,0,0,,0.7571725845336914,-0.003752470016479492,0.0,False,False,4,False
19.800215274,327,19,800215274,map,21.146120071411133,1.1275482177734375,0.1569978892803192,5.378722562454641e-05,0.0,0.0,0.0,0.0001753872678469027,-0.001840748850874297,-0.0005623606168952639,0.9999981323150113,0,0,0,,0.7480053901672363,-0.002960890531539917,0.0,False,False,4,False
19.850215274,328,19,850215274,map,21.199312210083008,1.0639572143554688,0.16045215725898743,-9.95635855360888e-05,0.0,0.0,0.0,0.00023156370380518948,-0.0017824614681855135,-0.0001949914399836995,0.9999983655925163,0,0,0,,0.7401300668716431,-0.0024878978729248047,0.0,False,False,4,False
19.900215275,329,19,900215275,map,21.249454498291016,1.0028839111328125,0.07521812617778778,4.386900400277227e-05,0.0,0.0,0.0,0.00024196247970357265,-0.0017271892147408365,0.0001375701015966851,0.99999846967185,0,0,0,,0.737167239189148,-0.0005962848663330078,0.0,False,False,4,False
19.900215275,330,19,950215276,map,21.297086715698242,0.952606201171875,-0.04603593796491623,1.6021731426008046e-05,0.0,0.0,0.0,0.00019019136136848164,-0.001675127297578266,0.00031776609380204483,0.9999985283991635,0,0,0,,0.7369581460952759,0.0019048452377319336,0.0,False,False,4,False
20.000215277,331,20,215277,map,21.34245491027832,0.9073638916015625,-0.05379064008593559,2.803802999551408e-05,0.0,0.0,0.0,0.00011792173784664836,-0.0016267517754861073,0.00031444358782319797,0.9999986204482257,0,0,0,,0.7293272018432617,0.0025186538696289062,0.0,False,False,4,False
20.050215277,332,20,50215277,map,21.38536834716797,0.8581924438476562,-0.08652700483798981,-8.96454366738908e-06,0.0,0.0,0.0,4.346624104164706e-05,-0.0015814230676100228,0.00015186833458269018,0.9999987370730905,0,0,0,,0.7245259284973145,0.0029726624488830566,0.0,False,False,4,False
20.100215278,333,20,100215278,map,21.42569351196289,0.8066177368164062,0.3925755023956299,-7.05718994140625e-05,0.0,0.0,0.0,0.00013650515598277786,-0.0015379001796954482,0.0001333675226171669,0.9999987992205208,0,0,0,,0.7178821563720703,-0.004637360572814941,0.0,False,False,4,False
20.150215279,334,20,150215279,map,21.46367835998535,0.7596588134765625,0.08749283105134964,2.040862455032766e-05,0.0,0.0,0.0,0.00020391021283990444,-0.0014956064998656385,0.00025623384554557054,0.9999988279623326,0,0,0,,0.7150299549102783,-0.0012025535106658936,0.0,False,False,4,False
20.150215279,335,20,200215280,map,21.499420166015625,0.7147979736328125,0.08035904169082642,-3.871917215292342e-05,0.0,0.0,0.0,0.00021477406584356843,-0.0014548035446966655,0.00039951896791589925,0.9999988389009964,0,0,0,,0.7105573415756226,-0.0008912384510040283,0.0,False,False,4,False
20.25021528,336,20,250215280,map,21.53274154663086,0.6660079956054688,-0.9125118255615234,-5.7411190937273204e-05,0.0,0.0,0.0,-0.0001158210167790045,-0.0014147773988643843,1.847821066167767e-05,0.999998992323972,0,0,0,,0.7145055532455444,0.014388978481292725,0.0,False,False,4,False
20.25021528,337,20,300215281,map,21.565401077270508,0.6528472900390625,-0.20099304616451263,-6.217956979526207e-05,0.0,0.0,0.0,-0.00033868205820382233,-0.0013787688354513867,-0.0007210147204053246,0.9999987322135637,0,0,0,,0.7091778516769409,0.004819393157958984,0.0,False,False,4,False
20.350215282,338,20,350215282,map,21.595956802368164,0.6116104125976562,0.3041418790817261,0.00012092590623069555,0.0,0.0,0.0,-0.00024607721657923527,-0.0013461173857002827,-0.001188247424703404,0.9999983577396739,0,0,0,,0.6959131956100464,-0.0046513378620147705,0.0,False,False,4,False
20.350215282,339,20,400215283,map,21.624340057373047,0.56793212890625,0.2691766023635864,-4.2724612285383046e-05,0.0,0.0,0.0,-5.3250815244521874e-05,-0.0013139801856135197,-0.001206702972211947,0.9999984072429111,0,0,0,,0.7007120847702026,-0.006204932928085327,0.0,False,False,4,False
20.400215283,340,20,450215283,map,21.651012420654297,0.5334854125976562,0.08871881663799286,-2.307891918462701e-05,0.0,0.0,0.0,6.07468030071461e-05,-0.0012823324890352309,-0.0009489611972702863,0.9999987257021178,0,0,0,,0.6904582977294922,-0.003930538892745972,0.0,False,False,4,False
20.450215283,341,20,500215284,map,21.675533294677734,0.49022674560546875,-0.2394021451473236,3.242494130972773e-06,0.0,0.0,0.0,6.30160684066587e-06,-0.0012505100557161123,-0.000741522420814323,0.9999989431641364,0,0,0,,0.6885157823562622,0.0017878413200378418,0.0,False,False,4,False
20.550215285,342,20,550215285,map,21.69841957092285,0.45745849609375,-0.2305460274219513,-1.5640256606275216e-05,0.0,0.0,0.0,-0.00011008229769853715,-0.001218774743253987,-0.0007326262176336762,0.9999989828639018,0,0,0,,0.6899574995040894,0.0029876232147216797,0.0,False,False,4,False
20.550215285,343,20,600215286,map,21.72014045715332,0.4338836669921875,-0.2861683964729309,-1.1444089977885596e-05,0.0,0.0,0.0,-0.00023441266324578087,-0.0011892497000699192,-0.0009418914927863042,0.9999988217874409,0,0,0,,0.6892614364624023,0.004390895366668701,0.0,False,False,4,False
20.650215286,344,20,650215286,map,21.740882873535156,0.41370391845703125,-0.4233511686325073,1.0299681889591739e-05,0.0,0.0,0.0,-0.00038753339803992265,-0.00116239978824792,-0.001412361105192931,0.9999982519388252,0,0,0,,0.6888437271118164,0.006535470485687256,0.0,False,False,4,False
20.700215287,345,20,700215287,map,21.76102066040039,0.40218353271484375,-0.17049655318260193,1.7166121324407868e-06,0.0,0.0,0.0,-0.00044965583544239444,-0.0011392336331729424,-0.001970491299125106,0.9999973085565773,0,0,0,,0.6888202428817749,0.0024303793907165527,0.0,False,False,4,False
20.750215288,346,20,750215288,map,21.779605865478516,0.37139892578125,-0.08122310042381287,6.294249033089727e-06,0.0,0.0,0.0,-0.0004205546518844258,-0.0011184806644502507,-0.0024178118995994116,0.9999963631535898,0,0,0,,0.6683179140090942,-6.574392318725586e-05,0.0,False,False,4,False
20.800215288,347,20,800215288,map,21.79400634765625,0.28934478759765625,0.4054815173149109,4.978180368198082e-05,0.0,0.0,0.0,-0.00020693400204123852,-0.001092825498395059,-0.0024425778965617624,0.9999963983554983,0,0,0,,0.6389930248260498,-0.008328080177307129,0.0,False,False,4,False
20.850215289,348,20,850215289,map,21.797237396240234,0.06519317626953125,0.2210596203804016,-1.6021731426008046e-05,0.0,0.0,0.0,1.467566165314154e-06,-0.0010460665020785769,-0.002057788300689731,0.9999973356214651,0,0,0,,0.492382287979126,-0.006431400775909424,0.0,False,False,4,False
20.90021529,349,20,900215290,map,21.778059005737305,-0.38280487060546875,0.434908002614975,4.76837158203125e-06,0.0,0.0,0.0,0.00021619895249622162,-0.000941744646645576,-0.0013348170140007542,0.9999986423183648,0,0,0,,0.42181527614593506,-0.008834660053253174,0.0,False,False,4,False
20.950215291,350,20,950215291,map,21.729055404663086,-0.9849166870117188,-1.5690659284591675,5.950928607489914e-05,0.0,0.0,0.0,-0.00024368889712096884,-0.0007562160677388085,-0.001421422103362345,0.9999986741552133,0,0,0,,0.18615198135375977,0.02333354949951172,0.0,False,False,4,False
21.000215291,351,21,215291,map,21.63874053955078,-1.8112564086914062,-0.8341071009635925,2.460479663568549e-05,0.0,0.0,0.0,-0.0007556229974919028,-0.00045993301138026656,-0.0024950399487797745,0.9999964961294437,0,0,0,,0.06664168834686279,0.016073286533355713,0.0,False,False,4,False
21.000215291,352,21,50215292,map,21.5115909576416,-2.5462722778320312,-0.43534964323043823,6.0081474657636136e-05,0.0,0.0,0.0,-0.0009643035082089827,-5.979630651198164e-05,-0.0038812662903976933,0.9999920011255733,0,0,0,,0.05558884143829346,0.008683264255523682,0.0,False,False,4,False
21.100215293,353,21,100215293,map,21.35782814025879,-3.0757522583007812,-0.05158424377441406,0.00010833739361260086,0.0,0.0,0.0,-0.0008952397444557208,0.0003943964758842206,-0.0050459452494893585,0.9999867906296358,0,0,0,,0.0290985107421875,-0.00025323033332824707,0.0,False,False,4,False
21.100215293,354,21,150215294,map,21.18378257751465,-3.4743881225585938,0.9468299150466919,0.00020580293494276702,0.0,0.0,0.0,-0.00040858138267006906,0.0008533111710157406,-0.0052502578246573905,0.9999857697557869,0,0,0,,0.01493978500366211,-0.019522905349731445,0.0,False,False,4,False
21.200215294,355,21,200215294,map,20.98715591430664,-3.9252853393554688,2.1079647541046143,-0.00010604861017782241,0.0,0.0,0.0,0.0005707092290891298,0.0012975241886608994,-0.00368680027264694,0.9999921990824255,0,0,0,,0.0,-0.0422225296497345,0.03941279649734497,False,False,4,False
21.250215295,356,21,250215295,map,20.77268409729004,-4.294548034667969,2.4984354972839355,-0.0007038115873001516,0.0,0.0,0.0,0.0017315107187476219,0.001724327666590344,-0.00019310021586159667,0.9999969956340048,0,0,0,,0.0,-0.050220489501953125,0.06835401058197021,False,False,4,False
21.300215296,357,21,300215296,map,20.555631637573242,-4.347076416015625,0.9509375691413879,-0.0004772185639012605,0.0,0.0,0.0,0.002245563934944025,0.0020999033332737968,0.00390717420625216,0.9999876408427892,0,0,0,,0.0,-0.020297914743423462,0.05027514696121216,False,False,4,False
21.350215297,358,21,350215297,map,20.33436393737793,-4.435577392578125,1.1365002393722534,0.00018501278827898204,0.0,0.0,0.0,0.002405920326719915,0.002402199457870162,0.0077034187450733425,0.9999645485339889,0,0,0,,0.0,-0.014294743537902832,0.05997532606124878,False,False,4,False
21.400215297,359,21,400215297,map,20.11271095275879,-4.43450927734375,0.11650770902633667,0.0005052566411904991,0.0,0.0,0.0,0.0021512545500873836,0.002631621337297103,0.010413151676287327,0.9999400046728626,0,0,0,,0.0,0.009205758571624756,0.04971456527709961,False,False,4,False
21.450215298,360,21,450215298,map,19.89171600341797,-4.416656494140625,-0.3366762399673462,0.0006608962430618703,0.0,0.0,0.0,0.0015968493858096863,0.0027911097362017315,0.01145821941185462,0.9999291819855992,0,0,0,,0.0,0.022985756397247314,0.04353034496307373,False,False,4,False
21.500215299,361,21,500215299,map,19.674081802368164,-4.3402862548828125,-1.5622787475585938,0.00045566557673737407,0.0,0.0,0.0,0.0006344369288252641,0.002888222880344523,0.010317338718681965,0.9999424024313304,0,0,0,,0.0,0.046454429626464844,0.018085002899169922,False,False,4,False
21.5502153,362,21,550215300,map,19.46273422241211,-4.222412109375,-0.9247058629989624,-0.0001413345307810232,0.0,0.0,0.0,-0.0001594865655229891,0.0029342291498607163,0.007519734853092698,0.9999674086944388,0,0,0,,0.008001089096069336,0.03550297021865845,0.0,False,False,4,False
21.6002153,363,21,600215300,map,19.256261825561523,-4.126930236816406,-0.9885063171386719,-0.00046329497126862407,0.0,0.0,0.0,-0.0007114222331954002,0.002941874801916057,0.0039251349263478875,0.9999877162079872,0,0,0,,0.04979300498962402,0.02989017963409424,0.0,False,False,4,False
21.650215301,364,21,650215301,map,19.056432723999023,-3.99627685546875,-0.517085075378418,-0.00027446745662018657,0.0,0.0,0.0,-0.0009606293021828414,0.002918413302283667,0.0003785709516644827,0.9999952083581078,0,0,0,,0.07069647312164307,0.014239668846130371,0.0,False,False,4,False
21.700215302,365,21,700215302,map,18.863712310791016,-3.8547515869140625,-0.47165101766586304,-6.923676119185984e-05,0.0,0.0,0.0,-0.0010342573601001095,0.002867951966910552,-0.002543642314080244,0.9999921174924362,0,0,0,,0.10072457790374756,0.005200624465942383,0.0,False,False,4,False
21.700215302,366,21,750215303,map,18.67879295349121,-3.6985397338867188,-0.10273236781358719,5.321502612787299e-05,0.0,0.0,0.0,-0.0009358926351373114,0.0027930410440805973,-0.0044600409491468585,0.9999857154286923,0,0,0,,0.12427055835723877,-0.006819814443588257,0.0,False,False,4,False
21.800215303,367,21,800215303,map,18.500341415405273,-3.5707473754882812,-0.682923436164856,1.773834810592234e-05,0.0,0.0,0.0,-0.0009744663355777108,0.0027014302682548895,-0.005615004948143469,0.9999801120068833,0,0,0,,0.1093754768371582,-0.0013222098350524902,0.0,False,False,4,False
21.850215304,368,21,850215304,map,18.326072692871094,-3.4869384765625,-0.381559282541275,-0.00013809204392600805,0.0,0.0,0.0,-0.001006815011546095,0.0026055141023048002,-0.006184428140154444,0.9999769749691111,0,0,0,,0.10601520538330078,-0.006032854318618774,0.0,False,False,4,False
21.900215305,369,21,900215305,map,18.155332565307617,-3.415374755859375,-0.11199697852134705,1.392364538332913e-05,0.0,0.0,0.0,-0.000909249141366812,0.0025132469889962393,-0.00613091533254678,0.9999776341162618,0,0,0,,0.11480319499969482,-0.009904593229293823,0.0,False,False,4,False
21.900215305,370,21,950215306,map,17.98818588256836,-3.3426284790039062,0.06785094738006592,5.6076052715070546e-05,0.0,0.0,0.0,-0.0007117851236405922,0.0024271909412644926,-0.005519957786288038,0.9999815659161472,0,0,0,,0.120963454246521,-0.011575430631637573,0.0,False,False,4,False
22.000215306,371,22,215306,map,17.825355529785156,-3.2571029663085938,-0.08790016174316406,-7.26699799997732e-05,0.0,0.0,0.0,-0.0005603400923488563,0.0023467002265946243,-0.00464875961103895,0.9999862839314878,0,0,0,,0.14626097679138184,-0.006910949945449829,0.0,False,False,4,False
22.000215306,372,22,50215307,map,17.66680908203125,-3.1707000732421875,0.055269449949264526,-9.155269253824372e-06,0.0,0.0,0.0,-0.00041739723908153307,0.0022686893505232354,-0.003720984482233872,0.9999904165054075,0,0,0,,0.13593065738677979,-0.0060357749462127686,0.0,False,False,4,False
22.100215308,373,22,100215308,map,17.51198387145996,-3.095855712890625,0.13668105006217957,-6.752014451194555e-05,0.0,0.0,0.0,-0.00025906753331907557,0.0021943665947507947,-0.0028174140141112806,0.9999935898882222,0,0,0,,0.15856409072875977,-0.004792392253875732,0.0,False,False,4,False
22.150215309,374,22,150215309,map,17.36195945739746,-2.9994583129882812,0.2487000823020935,-3.3760068617993966e-05,0.0,0.0,0.0,-7.998653812604973e-05,0.0021205353390475576,-0.001965976072782936,0.9999958159263022,0,0,0,,0.17504525184631348,-0.004552572965621948,0.0,False,False,4,False
22.200215309,375,22,200215309,map,17.217790603637695,-2.8818130493164062,0.49262040853500366,-5.149840944795869e-06,0.0,0.0,0.0,0.00016349781989040158,0.002043786568465488,-0.001073809826201471,0.9999973215651045,0,0,0,,0.2091890573501587,-0.007097601890563965,0.0,False,False,4,False
22.25021531,376,22,250215310,map,17.080154418945312,-2.7516555786132812,0.8883354067802429,-8.75473051564768e-05,0.0,0.0,0.0,0.0005334319924135747,0.001960142446305746,8.390877256791959e-05,0.999997933123473,0,0,0,,0.22250759601593018,-0.01293879747390747,0.0,False,False,4,False
22.300215311,377,22,300215311,map,16.948484420776367,-2.634429931640625,0.8079201579093933,-5.187988790567033e-05,0.0,0.0,0.0,0.0008781126463330731,0.0018705712872673752,0.0014899860228476847,0.9999967549061803,0,0,0,,0.2295215129852295,-0.011753112077713013,0.0,False,False,4,False
22.350215312,378,22,350215312,map,16.82148551940918,-2.5438308715820312,0.9767875075340271,-9.212493750965223e-05,0.0,0.0,0.0,0.0011975403823634952,0.0017805935214159911,0.0030985686793743293,0.999992897102716,0,0,0,,0.22971177101135254,-0.013610601425170898,0.0,False,False,4,False
22.350215312,379,22,400215312,map,16.6966495513916,-2.5,0.5284087657928467,2.8610338631551713e-06,0.0,0.0,0.0,0.0013206743488800889,0.001696678532089108,0.004613783131653716,0.9999870449693021,0,0,0,,0.18976545333862305,-0.005742132663726807,0.0,False,False,4,False
22.450215313,380,22,450215313,map,16.568532943725586,-2.558441162109375,-0.651934027671814,0.00027828215388581157,0.0,0.0,0.0,0.0009362733343904466,0.0016321139391000262,0.00521742652670778,0.9999846189100967,0,0,0,,0.12557768821716309,0.015252768993377686,0.0,False,False,4,False
22.500215314000002,381,22,500215314,map,16.43294334411621,-2.7091598510742188,-0.6486731171607971,0.0001375198335153982,0.0,0.0,0.0,0.0003845105651456664,0.0016039960400662198,0.004697163340421066,0.9999876079256593,0,0,0,,0.06687140464782715,0.018900752067565918,0.0,False,False,4,False
22.550215315,382,22,550215315,map,16.287992477416992,-2.8982925415039062,-0.2711886167526245,-6.618499173782766e-05,0.0,0.0,0.0,3.0627400471182485e-05,0.001621961183447491,0.003566433763746576,0.9999923243975878,0,0,0,,0.012457132339477539,0.01288074254989624,0.0,False,False,4,False
22.600215315,383,22,600215315,map,16.1141300201416,-3.4791183471679688,0.5756157040596008,-0.00019073486328125,0.0,0.0,0.0,0.00011422901486228844,0.0017159143136325035,0.00270023389027053,0.9999948756502396,0,0,0,,0.0,-0.0038487911224365234,0.13239753246307373,False,False,4,False
22.650215316,384,22,650215316,map,16.053714752197266,-1.2154006958007812,1.175180196762085,3.662109520519152e-05,0.0,0.0,0.0,0.0005689864215681844,0.0016178416614640778,0.0028055043955219293,0.9999945939793362,0,0,0,,0.0,-0.017349421977996826,0.20613110065460205,False,False,0,False
22.700215317,385,22,700215317,map,15.969271659851074,-1.7078971862792969,1.7811813354492188,-0.0001865387021098286,0.0,0.0,0.0,0.001282532650775119,0.0014153910519559174,0.004279992766116886,0.9999890166597291,0,0,0,,0.0,-0.03135108947753906,0.27713894844055176,False,False,0,False
22.750215318,386,22,750215318,map,15.59123706817627,-7.581443786621094,1.2679028511047363,-0.000486755307065323,0.0,0.0,0.0,0.0018379483543895885,0.0017843110094482187,0.006779452410535562,0.9999737382577012,0,0,0,,0.0,-0.031408876180648804,0.32004642486572266,False,False,0,False
22.750215318,387,22,800215318,map,15.178789138793945,-8.26080322265625,0.545087456703186,-0.000878715596627444,0.0,0.0,0.0,0.0019505907569226017,0.002769467513139308,0.00940757885592305,0.9999500101032364,0,0,0,,0.0,-0.01635187864303589,0.28988319635391235,False,False,3,False
22.850215319,388,22,850215319,map,14.789843559265137,-7.796993255615234,0.750504732131958,-0.0006475448026321828,0.0,0.0,0.0,0.001947297804570454,0.0037102364692564653,0.011878229074683161,0.9999206717788426,0,0,0,,0.0,-0.015566647052764893,0.32127249240875244,False,False,3,False
22.90021532,389,22,900215320,map,14.42027473449707,-7.395114898681641,0.07151007652282715,1.316075213253498e-05,0.0,0.0,0.0,0.0017241255853673052,0.004411218327557539,0.013795273907117617,0.9998936238228845,0,0,0,,0.0,-0.0008418560028076172,0.33120274543762207,False,False,3,False
22.90021532,390,22,950215321,map,14.061933517456055,-7.119541168212891,-2.430034637451172,0.000959205674007535,0.0,0.0,0.0,0.0005935218168393273,0.004852237445236295,0.013634799960318208,0.99989509237403,0,0,0,,0.0,0.04880636930465698,0.34905320405960083,False,False,3,False
22.950215321,391,23,215321,map,13.744139671325684,-6.320209503173828,-4.039312362670898,0.0003274916671216488,0.0,0.0,0.0,-0.0013163743681924866,0.005047343782167507,0.010174302980031392,0.9999346353828024,0,0,0,,0.0,0.09263569116592407,0.09758734703063965,False,False,3,False
23.050215322,392,23,50215322,map,13.481077194213867,-5.267963409423828,-2.4196949005126953,-0.00046195980394259095,0.0,0.0,0.0,-0.0027101572323744213,0.004979438154279222,0.00447945068180005,0.9999738970418343,0,0,0,,0.2112596035003662,0.06700766086578369,0.0,False,False,3,False
23.100215323,393,23,100215323,map,13.251081466674805,-4.621295928955078,-1.9289733171463013,0.00040264130802825093,0.0,0.0,0.0,-0.003363664596885403,0.00472132417982875,-0.0017614117249377306,0.9999816459751668,0,0,0,,0.18754136562347412,0.051631391048431396,0.0,False,False,3,False
23.100215323,394,23,150215324,map,13.044425010681152,-4.147434234619141,-0.8395165205001831,0.0013942718505859375,0.0,0.0,0.0,-0.003319513883613,0.004362675651107403,-0.007226476622006333,0.9999588621160229,0,0,0,,0.20110058784484863,0.024359583854675293,0.0,False,False,3,False
23.200215324,395,23,200215324,map,12.85437297821045,-3.7991714477539062,0.1387268304824829,0.0017126081511378288,0.0,0.0,0.0,-0.0026981499301205513,0.003964988477993487,-0.010878678672209546,0.9999293241042941,0,0,0,,0.19090986251831055,-0.002293914556503296,0.0,False,False,3,False
23.250215325,396,23,250215325,map,12.673178672790527,-3.596649169921875,1.9522950649261475,0.0011840821243822575,0.0,0.0,0.0,-0.0013901074615164175,0.00357613488702284,-0.011728227190111809,0.999923860875163,0,0,0,,0.1864635944366455,-0.04511904716491699,0.0,False,False,3,False
23.300215326,397,23,300215326,map,12.50141429901123,-3.427562713623047,0.9099709987640381,-0.0003246308187954128,0.0,0.0,0.0,-0.0003059265019918134,0.00323240673550834,-0.010323907543105203,0.9999414357294696,0,0,0,,0.18352627754211426,-0.03494939208030701,0.0,False,False,3,False
23.300215326,398,23,350215326,map,12.336557388305664,-3.2933425903320312,0.6940791606903076,-0.001082038739696145,0.0,0.0,0.0,0.0003043990348817376,0.002943396216835615,-0.007927209182282503,0.9999642009164721,0,0,0,,0.18075263500213623,-0.029623329639434814,0.0,False,False,3,False
23.350215326,399,23,400215327,map,12.176612854003906,-3.1971168518066406,0.5996519923210144,-0.0009031295776367188,0.0,0.0,0.0,0.0006359511117875485,0.0027077575418362958,-0.005242987324038942,0.9999823871944935,0,0,0,,0.1757831573486328,-0.023864060640335083,0.0,False,False,3,False
23.450215328,400,23,450215328,map,12.020514488220215,-3.122234344482422,-0.1307518035173416,-0.0005331039428710938,0.0,0.0,0.0,0.0005898394707790265,0.0025199046530703997,-0.0030490843995917495,0.999992002595152,0,0,0,,0.17552459239959717,-0.00703740119934082,0.0,False,False,3,False
23.500215329,401,23,500215329,map,11.86661148071289,-3.0801963806152344,-0.590467095375061,-0.0002851485915016383,0.0,0.0,0.0,0.0002407345862664817,0.002372642280177215,-0.001906769784822651,0.9999953384113633,0,0,0,,0.16271543502807617,0.007233798503875732,0.0,False,False,3,False
23.550215329,402,23,550215329,map,11.714366912841797,-3.0435562133789062,0.32725268602371216,-0.0002756118483375758,0.0,0.0,0.0,0.00015499615455612077,0.0022592302369519013,-0.0013094127234401232,0.9999965786407712,0,0,0,,0.16298675537109375,-0.0025421082973480225,0.0,False,False,3,False
23.60021533,403,23,600215330,map,11.563902854919434,-3.0090713500976562,0.06590649485588074,-7.22885160939768e-05,0.0,0.0,0.0,0.0001586926847206931,0.002171899501891987,-0.000961285183245224,0.9999971667959776,0,0,0,,0.16249775886535645,0.0008552074432373047,0.0,False,False,3,False
23.60021533,404,23,650215331,map,11.514259338378906,-0.9932136535644531,-0.09640596807003021,8.945463923737407e-05,0.0,0.0,0.0,0.00010226110256715411,0.00194194500516496,-0.0009097474210810338,0.9999976953732912,0,0,0,,0.1521683931350708,0.0037277936935424805,0.0,False,False,3,False
23.650215331,405,23,700215332,map,11.500953674316406,-0.2665901184082031,-0.11764645576477051,0.00032711029052734375,0.0,0.0,0.0,1.8560433279084694e-05,0.0014409817103807885,-0.001107211357892872,0.9999983486537513,0,0,0,,0.1588287353515625,0.0044669508934021,0.0,False,False,0,False
23.750215332,406,23,750215332,map,11.290668487548828,-4.203834533691406,0.6772938966751099,-4.9591108108870685e-06,0.0,0.0,0.0,0.00021797549898872588,0.0011896696558792,-0.0010009772159062936,0.9999987676079432,0,0,0,,0.16448819637298584,-0.009448111057281494,0.0,False,False,0,False
23.750215332,407,23,800215333,map,10.827882766723633,-9.255790710449219,-0.0403120182454586,-0.0009166717063635588,0.0,0.0,0.0,0.0002625738194613431,0.002117540659629168,-0.0008049771391517497,0.9999973995407935,0,0,0,,0.15298521518707275,0.00018346309661865234,0.0,False,False,2,False
23.800215333,408,23,850215334,map,10.415525436401367,-8.24859619140625,-0.5103100538253784,-0.00119781494140625,0.0,0.0,0.0,3.949143070376856e-05,0.003261522987270996,-0.0009855545637166053,0.9999941947783659,0,0,0,,0.15650856494903564,0.010812938213348389,0.0,False,False,2,False
23.850215334,409,23,900215335,map,10.046133995056152,-7.386474609375,0.46134528517723083,-0.0007238385733217001,0.0,0.0,0.0,7.563322068071445e-05,0.004150656097832274,-0.0010902550308312684,0.9999907887963475,0,0,0,,0.16732966899871826,-0.005520761013031006,0.0,False,False,2,False
23.950215335,410,23,950215335,map,9.715225219726562,-6.618232727050781,-0.021211914718151093,5.512236384674907e-05,0.0,0.0,0.0,0.00010554730125295255,0.0046803275423606865,-0.0010677739200148095,0.9999884715599072,0,0,0,,0.18722140789031982,0.00014495849609375,0.0,False,False,2,False
24.000215336,411,24,215336,map,9.419342994689941,-5.917301177978516,0.2373155802488327,0.000776863016653806,0.0,0.0,0.0,0.0001647141676255948,0.004885144773951971,-0.0009330612235763357,0.9999876187366189,0,0,0,,0.23706400394439697,-0.004273891448974609,0.0,False,False,2,False
24.050215337,412,24,50215337,map,9.157723426818848,-5.232582092285156,0.48377975821495056,0.0011444090632721782,0.0,0.0,0.0,0.0003301472695660868,0.004835839666222362,-0.000500160313405875,0.999988127678106,0,0,0,,0.2715564966201782,-0.010167211294174194,0.0,False,False,2,False
24.100215338,413,24,100215338,map,8.924901008605957,-4.656200408935547,-0.4128618836402893,0.0010759353172034025,0.0,0.0,0.0,0.0002086732462875002,0.0046104090556236405,-0.0002558225518873994,0.9999893175122613,0,0,0,,0.2757059335708618,0.004252016544342041,0.0,False,False,2,False
24.100215338,414,24,150215338,map,8.718680381774902,-4.125099182128906,0.5957264304161072,0.0006700515514239669,0.0,0.0,0.0,0.0002984094594156004,0.004281063335018717,0.00010897431309930835,0.9999907857441063,0,0,0,,0.2900996208190918,-0.010432124137878418,0.0,False,False,2,False
24.200215339,415,24,200215339,map,8.526684761047363,-3.8396453857421875,-0.10970592498779297,0.00044994347263127565,0.0,0.0,0.0,0.0002818106973578885,0.003907986450930003,0.00048491441217068373,0.9999922065109523,0,0,0,,0.30094003677368164,-0.001354604959487915,0.0,False,False,2,False
24.25021534,416,24,250215340,map,8.370074272155762,-3.1317901611328125,-0.2973693907260895,7.553113391622901e-05,0.0,0.0,0.0,0.00010981166512595274,0.0035175626407327057,0.0005551386659099887,0.9999936532376236,0,0,0,,0.30876970291137695,0.004076063632965088,0.0,False,False,2,False
24.300215341,417,24,300215341,map,8.193224906921387,-3.536968231201172,-0.07701057940721512,-0.00014152537914924324,0.0,0.0,0.0,-6.4896825744325784e-06,0.003157905619437897,0.0004527509939043703,0.9999949112903125,0,0,0,,0.3426213264465332,0.0024222731590270996,0.0,False,False,2,False
24.350215341,418,24,350215341,map,8.087443351745605,-2.1157264709472656,0.1588069498538971,-0.0002792357699945569,0.0,0.0,0.0,1.5682586982045628e-05,0.0027893812761228365,0.00042232869445397856,0.9999960203643946,0,0,0,,0.379957914352417,-0.0017759203910827637,0.0,False,False,2,False
24.350215341,419,24,400215342,map,7.932877063751221,-3.091287612915039,-0.034024111926555634,-0.00024604800273664296,0.0,0.0,0.0,2.260120676763925e-05,0.0024679375307305024,0.00043137229818596454,0.9999968613408097,0,0,0,,0.36777520179748535,0.00020629167556762695,0.0,False,False,2,False
24.450215343,420,24,450215343,map,7.8596625328063965,-1.4653205871582031,0.44507938623428345,-0.0003177642938680947,0.0,0.0,0.0,0.0001693666625866389,0.002141291102172214,0.0006774071299749421,0.9999974636502482,0,0,0,,0.3903629779815674,-0.008083492517471313,0.0,False,False,2,False
24.450215343,421,24,500215344,map,7.723296642303467,-2.726411819458008,-0.8211237192153931,-0.00017108916654251516,0.0,0.0,0.0,-6.765220704376486e-05,0.001877983634221512,0.0005716382365002191,0.9999980709133267,0,0,0,,0.3890657424926758,0.01177150011062622,0.0,False,False,2,False
24.550215344,422,24,550215344,map,7.67440128326416,-0.9778690338134766,0.443769246339798,-0.00016098024207167327,0.0,0.0,0.0,-3.419322236449227e-05,0.0016053176476786208,0.00039713066443032536,0.9999986320357188,0,0,0,,0.38955187797546387,-0.0045150816440582275,0.0,False,False,2,False
24.600215345,423,24,600215345,map,7.549799919128418,-2.4930477142333984,0.3861424922943115,-0.00010929106792900711,0.0,0.0,0.0,0.00015414349261581707,0.0014073873105250243,0.0007899404704463505,0.9999986857465339,0,0,0,,0.4077329635620117,-0.008439302444458008,0.0,False,False,2,False
24.650215346,424,24,650215346,map,7.512191295623779,-0.7511615753173828,-0.37808310985565186,-0.0001279830903513357,0.0,0.0,0.0,7.737443238833016e-05,0.0012067578191398024,0.0007980541157291911,0.999998950428645,0,0,0,,0.4140639305114746,0.004217207431793213,0.0,False,False,2,False
24.700215347,425,24,700215347,map,7.395988941192627,-2.3266220092773438,0.683799684047699,-7.591247413074598e-05,0.0,0.0,0.0,0.00024048869828239766,0.0010748703226372382,0.00131853611892854,0.9999985241396501,0,0,0,,0.4399181604385376,-0.01304769515991211,0.0,False,False,2,False
24.750215347,426,24,750215347,map,7.373174667358398,-0.4567718505859375,0.07441379129886627,-5.8937075664289296e-05,0.0,0.0,0.0,0.00032477950079413937,0.000917758360067728,0.0017267588203858106,0.9999980352689921,0,0,0,,0.44533705711364746,-0.0060797035694122314,0.0,False,False,2,False
24.800215348000002,427,24,800215348,map,7.265519142150879,-2.1498966217041016,-0.9837284088134766,2.0599367417162284e-05,0.0,0.0,0.0,-4.6989695336304235e-05,0.0008170378703981844,0.0017742334748603254,0.9999980911665101,0,0,0,,0.4335545301437378,0.016211271286010742,0.0,False,False,2,False
24.850215349,428,24,850215349,map,7.251894950866699,-0.27248382568359375,0.04333330690860748,1.4877318790240679e-05,0.0,0.0,0.0,-0.00020459592775506091,0.0006892505167069759,0.0012536897470880413,0.9999989556675796,0,0,0,,0.42680394649505615,0.004138350486755371,0.0,False,False,2,False
24.90021535,429,24,900215350,map,7.147830486297607,-2.084035873413086,0.8528700470924377,-4.005432856502011e-06,0.0,0.0,0.0,9.638468844495757e-05,0.0006246315334694103,0.0015866498459504302,0.9999985415427893,0,0,0,,0.44511592388153076,-0.014600545167922974,0.0,False,False,2,False
24.95021535,430,24,950215350,map,7.141252040863037,-0.13006210327148438,-0.2916645407676697,1.1444089977885596e-05,0.0,0.0,0.0,0.00013252308456373858,0.0005256996707060772,0.0016934328436561989,0.9999984191800967,0,0,0,,0.4402291774749756,0.0014835000038146973,0.0,False,False,2,False
25.000215351,431,25,215351,map,7.041007995605469,-2.003660202026367,-0.5121841430664062,3.166198803228326e-05,0.0,0.0,0.0,-8.737096416069306e-05,0.00048324640182968373,0.0016930120710082193,0.9999984462734715,0,0,0,,0.4458160400390625,0.009846508502960205,0.0,False,False,2,False
25.000215351,432,25,50215352,map,7.040137767791748,-0.017385482788085938,-0.05031288415193558,-2.47955322265625e-05,0.0,0.0,0.0,-0.0001874430956248185,0.0004021036390578297,0.0012163403375958024,0.999999161846615,0,0,0,,0.4369070529937744,0.0046425461769104,0.0,False,False,2,False
25.100215353,433,25,100215353,map,6.942399978637695,-1.9548416137695312,0.127055361866951,8.201597665902227e-06,0.0,0.0,0.0,-0.00013360308695264006,0.00037773630009911113,0.0011779659726863898,0.9999992259305353,0,0,0,,0.45592331886291504,9.268522262573242e-05,0.0,False,False,2,False
25.150215353,434,25,150215353,map,6.947213649749756,0.0963592529296875,-0.1351138949394226,-8.201597665902227e-06,0.0,0.0,0.0,-0.0001278224335793764,0.00030828796268945986,0.0008336085536692449,0.9999995968582871,0,0,0,,0.45397448539733887,0.0038376450538635254,0.0,False,False,2,False
25.200215354,435,25,200215354,map,6.853996753692627,-1.8648529052734375,0.35105523467063904,2.0980833141948096e-05,0.0,0.0,0.0,6.424689804976065e-06,0.0002892084403882039,0.0010250482773352916,0.9999994327964544,0,0,0,,0.483304500579834,-0.005449056625366211,0.0,False,False,2,False
25.200215354,436,25,250215355,map,6.867666721343994,0.27355194091796875,-0.6894475221633911,7.629398623976158e-07,0.0,0.0,0.0,-0.00016444785208481912,0.00021560947492368357,0.0006067034814895469,0.9999997791901475,0,0,0,,0.4866452217102051,0.013121843338012695,0.0,False,False,2,False
25.300215356,437,25,300215356,map,6.77976131439209,-1.7579269409179688,0.5351639986038208,-2.9182432626839727e-05,0.0,0.0,0.0,-5.578821133566171e-05,0.00019010124914596317,0.0006740565257469467,0.9999997531984649,0,0,0,,0.45009851455688477,-0.0064768195152282715,0.0,False,False,2,False
25.350215356,438,25,350215356,map,6.797199249267578,0.3431510925292969,1.0347397327423096,-4.749298022943549e-05,0.0,0.0,0.0,0.00038646465177249404,0.00012079439092842475,0.0011709449128668229,0.9999992324706051,0,0,0,,0.48759567737579346,-0.022820711135864258,0.0,False,False,2,False
25.400215357,439,25,400215357,map,6.7129411697387695,-1.6829586029052734,-0.2742324769496918,-2.8610247682081535e-06,0.0,0.0,0.0,0.00042169540519311656,0.0001026084993499007,0.0020468613251333053,0.9999978109992025,0,0,0,,0.486846923828125,-0.0030707120895385742,0.0,False,False,2,False
25.450215358,440,25,450215358,map,6.737686634063721,0.4976081848144531,-0.4906751215457916,0.00010452270362293348,0.0,0.0,0.0,0.00015150936008091127,3.148721308708218e-05,0.0020719330957755387,0.9999978415710284,0,0,0,,0.48167502880096436,0.006861567497253418,0.0,False,False,2,False
25.500215359,441,25,500215359,map,6.657342910766602,-1.6077232360839844,0.18939636647701263,9.727478754939511e-06,0.0,0.0,0.0,7.772488152152601e-05,1.4307913500887639e-05,0.00233612141752543,0.9999972681416929,0,0,0,,0.5106432437896729,-0.0026553869247436523,0.0,False,False,2,False
25.550215359,442,25,550215359,map,6.689693927764893,0.6486892700195312,-0.5415571928024292,-1.2588501704158261e-05,0.0,0.0,0.0,-0.00012132283238688028,-5.978369802483246e-05,0.0019662030567115193,0.9999980578742238,0,0,0,,0.5156381130218506,0.01089787483215332,0.0,False,False,2,False
25.60021536,443,25,600215360,map,6.615677833557129,-1.4806270599365234,0.1770288050174713,2.346038854739163e-05,0.0,0.0,0.0,-0.0001340633546689457,-8.328730221597053e-05,0.0019235886405912987,0.9999981374467576,0,0,0,,0.4966301918029785,0.00018388032913208008,0.0,False,False,2,False
25.650215361,444,25,650215361,map,6.653792381286621,0.761566162109375,0.22594016790390015,-3.6621091567212716e-05,0.0,0.0,0.0,-1.649902673490949e-05,-0.0001589947580620678,0.0017542204907671512,0.9999984485782559,0,0,0,,0.5267033576965332,-0.003392428159713745,0.0,False,False,2,False
25.700215362,445,25,700215362,map,6.584929943084717,-1.37725830078125,-0.001560598611831665,-4.768371127283899e-06,0.0,0.0,0.0,3.756086791581052e-05,-0.0001815399813479812,0.0020162843555455346,0.9999979501128059,0,0,0,,0.5163792371749878,-0.000796198844909668,0.0,False,False,2,False
25.750215362,446,25,750215362,map,6.627702713012695,0.8541488647460938,0.2611914575099945,3.795623706537299e-05,0.0,0.0,0.0,0.00013085539625818334,-0.00025471963254171956,0.0020599865344706893,0.9999978372227871,0,0,0,,0.49493885040283203,-0.005785614252090454,0.0,False,False,2,False
25.750215362,447,25,800215363,map,6.55892276763916,-1.3748836517333984,-0.1333654671907425,-7.019042823230848e-05,0.0,0.0,0.0,0.00010887653448605067,-0.000263607296571204,0.0024176437450274917,0.9999970368235176,0,0,0,,0.5007507801055908,0.000511467456817627,0.0,False,False,2,False
25.850215364,448,25,850215364,map,6.602626800537109,0.8729171752929688,0.2022136002779007,-3.0136106943245977e-05,0.0,0.0,0.0,0.00013715463842905605,-0.0003185493034755318,0.0024533443546021533,0.9999969304035007,0,0,0,,0.5166537761688232,-0.0045334696769714355,0.0,False,False,2,False
25.900215364,449,25,900215364,map,6.535740375518799,-1.3353729248046875,-0.5048232078552246,2.5558474590070546e-05,0.0,0.0,0.0,-3.354378468831015e-05,-0.00031521710277619,0.0025731319301276,0.9999966392468841,0,0,0,,0.5149303674697876,0.00885462760925293,0.0,False,False,2,False
25.950215365,450,25,950215365,map,6.58322286605835,0.9492588043212891,0.12198705226182938,3.147124880342744e-05,0.0,0.0,0.0,-7.53385730394422e-05,-0.00036656082610526567,0.0022588635109544396,0.9999973787430139,0,0,0,,0.530109167098999,0.0004985928535461426,0.0,False,False,2,False
26.000215366,451,26,215366,map,6.5211687088012695,-1.2457084655761719,0.7140258550643921,-1.7738340829964727e-05,0.0,0.0,0.0,0.0001880165449612931,-0.0003649176434349024,0.002764692111751805,0.9999960939735812,0,0,0,,0.5506173372268677,-0.014329850673675537,0.0,False,False,2,False
26.050215367,452,26,50215367,map,6.575760364532471,1.09344482421875,-0.18681250512599945,-1.754760705807712e-05,0.0,0.0,0.0,0.00021628850036401872,-0.00042779936848039857,0.002962054955535777,0.9999954982085796,0,0,0,,0.5450916290283203,-0.00093117356300354,0.0,False,False,2,False
26.100215367,453,26,100215367,map,6.519637107849121,-1.1203575134277344,-0.3276123106479645,-3.0517576306010596e-05,0.0,0.0,0.0,5.259950084043708e-05,-0.00044049091124025635,0.003202733772830154,0.9999947728350533,0,0,0,,0.5437886714935303,0.005187928676605225,0.0,False,False,2,False
26.150215368,454,26,150215368,map,6.579135417938232,1.1889934539794922,0.16882844269275665,-7.762909081066027e-05,0.0,0.0,0.0,2.7751952659691628e-05,-0.0005097756713589372,0.003054920032006026,0.9999952033995922,0,0,0,,0.5527842044830322,-0.001888960599899292,0.0,False,False,2,False
26.200215369,455,26,200215369,map,6.5271830558776855,-1.037282943725586,-0.34151989221572876,3.0326846172101796e-05,0.0,0.0,0.0,-8.09341853961923e-05,-0.0005226886617226204,0.003107327793614816,0.9999950323677631,0,0,0,,0.5447237491607666,0.006851077079772949,0.0,False,False,2,False
26.200215369,456,26,250215370,map,6.589715003967285,1.2501811981201172,0.10838218033313751,8.75473051564768e-05,0.0,0.0,0.0,-8.890871055165866e-05,-0.000587951893597886,0.0027877391903402913,0.9999959374507571,0,0,0,,0.5498261451721191,0.0005597472190856934,0.0,False,False,2,False
26.30021537,457,26,300215370,map,6.540630340576172,-0.9840488433837891,0.37815046310424805,3.0899045668775216e-05,0.0,0.0,0.0,6.913398975174434e-05,-0.0005929740708916491,0.003097290763293509,0.9999950251837106,0,0,0,,0.555762529373169,-0.007058054208755493,0.0,False,False,2,False
26.350215371,458,26,350215371,map,6.6061882972717285,1.3132572174072266,-0.3249277174472809,1.087188684323337e-05,0.0,0.0,0.0,1.5686225133156853e-05,-0.000652448383078262,0.0029614386269773345,0.9999954019625832,0,0,0,,0.5599156618118286,0.004829823970794678,0.0,False,False,2,False
26.400215372,459,26,400215372,map,6.560396671295166,-0.9171867370605469,0.2239285409450531,-6.866455078125e-05,0.0,0.0,0.0,4.73717582903931e-05,-0.0006542510286435294,0.0032006096943550176,0.9999946628903037,0,0,0,,0.5563606023788452,-0.0034477412700653076,0.0,False,False,2,False
26.450215373,460,26,450215373,map,6.628222465515137,1.3556385040283203,0.1248498260974884,4.291534423828125e-05,0.0,0.0,0.0,0.00010715050563330902,-0.0007091938189141697,0.003205182473269114,0.9999946061695578,0,0,0,,0.5587373971939087,-0.00328180193901062,0.0,False,False,2,False
26.500215373,461,26,500215373,map,6.584217071533203,-0.8762168884277344,-0.8870090246200562,-0.00013122557720635086,0.0,0.0,0.0,-0.00018825722136908335,-0.0007058809322747643,0.003059299570964341,0.9999950534764975,0,0,0,,0.5623742341995239,0.017279744148254395,0.0,False,False,2,False
26.550215374,462,26,550215374,map,6.653745174407959,1.3904762268066406,0.0666174441576004,0.00010852812556549907,0.0,0.0,0.0,-0.0002863443608662892,-0.0007558191296381096,0.002395026418299527,0.9999968052912999,0,0,0,,0.5575411319732666,0.005131840705871582,0.0,False,False,2,False
26.600215375,463,26,600215375,map,6.6118550300598145,-0.8400821685791016,0.5993084907531738,1.9645693100756034e-05,0.0,0.0,0.0,-3.9390390942288e-05,-0.0007462925039305688,0.002530767773667912,0.999996518349125,0,0,0,,0.5636802911758423,-0.00882488489151001,0.0,False,False,2,False
26.650215376,464,26,650215376,map,6.682030200958252,1.404256820678711,-0.13310067355632782,3.2806394301587716e-05,0.0,0.0,0.0,3.6470353688713335e-05,-0.0007903301439384191,0.002449066760462822,0.9999966880546055,0,0,0,,0.5604491233825684,0.0009481310844421387,0.0,False,False,2,False
26.700215376,465,26,700215376,map,6.641713619232178,-0.80596923828125,-0.07813062518835068,-8.296966552734375e-05,0.0,0.0,0.0,9.37822113282172e-06,-0.000777401365201846,0.0026192211136409345,0.9999962676129969,0,0,0,,0.5658173561096191,0.0016325712203979492,0.0,False,False,2,False
26.750215377,466,26,750215377,map,6.712888240814209,1.41632080078125,0.9182065725326538,3.376007225597277e-05,0.0,0.0,0.0,0.0003040895504648816,-0.0008170652815631612,0.0029355773302380873,0.999995311148812,0,0,0,,0.5763311386108398,-0.018266350030899048,0.0,False,False,2,False
26.750215377,467,26,800215378,map,6.676106929779053,-0.7317733764648438,-0.3974969685077667,3.814697265625e-05,0.0,0.0,0.0,0.000269280151079205,-0.0008061583293877562,0.003539546932848888,0.9999933745802809,0,0,0,,0.5811254978179932,0.0015407204627990723,0.0,False,False,2,False
26.850215379,468,26,850215379,map,6.751099109649658,1.4989280700683594,0.11207573115825653,6.294249942584429e-06,0.0,0.0,0.0,0.00020372543601022953,-0.000853813332917617,0.0036521547051776033,0.9999929456074922,0,0,0,,0.5803587436676025,-0.0032789409160614014,0.0,False,False,2,False
26.900215379,469,26,900215379,map,6.718387603759766,-0.6519794464111328,-0.2825278639793396,-3.128051321255043e-05,0.0,0.0,0.0,6.543097400718971e-05,-0.0008503097736135143,0.0038946480915648066,0.9999920521725758,0,0,0,,0.5979838371276855,0.004071652889251709,0.0,False,False,2,False
26.95021538,470,26,950215380,map,6.796079158782959,1.5568351745605469,-0.6575745940208435,-2.28881845032447e-06,0.0,0.0,0.0,-0.000235355518813188,-0.0009037959854300639,0.0033175435784873566,0.9999940608149637,0,0,0,,0.5694267749786377,0.014927208423614502,0.0,False,False,2,False
27.000215381,471,27,215381,map,6.7645697593688965,-0.6304550170898438,0.10733550786972046,1.3542174201575108e-05,0.0,0.0,0.0,-0.00028438767479024613,-0.0008977905018127881,0.0030096410269732457,0.9999950275660144,0,0,0,,0.5730383396148682,0.003673255443572998,0.0,False,False,2,False
27.050215382,472,27,50215382,map,6.840515613555908,1.5167808532714844,0.46826404333114624,-1.3351438610698096e-05,0.0,0.0,0.0,-7.276986377458371e-05,-0.0009383224073937972,0.0027685468027996386,0.9999957246929646,0,0,0,,0.5751787424087524,-0.006226092576980591,0.0,False,False,2,False
27.050215382,473,27,100215382,map,6.808361053466797,-0.6445217132568359,-1.9201431274414062,-0.00011310577247058973,0.0,0.0,0.0,-0.0006155342035462284,-0.0009185741391101456,0.001945136371824505,0.9999974968887123,0,0,0,,0.5992082357406616,0.038598716259002686,0.0,False,False,2,False
27.100215382,474,27,150215383,map,6.884864330291748,1.5334606170654297,0.6100127696990967,5.321502612787299e-05,0.0,0.0,0.0,-0.000603262686561701,-0.0009536668488147501,0.0007775992958392647,0.9999990609660628,0,0,0,,0.5471228361129761,0.002055048942565918,0.0,False,False,2,False
27.200215384,475,27,200215384,map,6.851439476013184,-0.6725120544433594,-0.6902709603309631,5.664824857376516e-05,0.0,0.0,0.0,-0.000655725022000516,-0.0009256207132110521,-6.019216029087848e-05,0.9999993548137391,0,0,0,,0.5520343780517578,0.019222736358642578,0.0,False,False,2,False
27.250215385,476,27,250215385,map,6.920092582702637,1.3687801361083984,-0.440234899520874,-3.089904930675402e-05,0.0,0.0,0.0,-0.0007574054889863511,-0.0009370399518456404,-0.0014240819373218239,0.9999982601403313,0,0,0,,0.5372413396835327,0.018286287784576416,0.0,False,False,2,False
27.250215385,477,27,300215385,map,6.880509853363037,-0.7956600189208984,-0.3129884600639343,3.948211815441027e-05,0.0,0.0,0.0,-0.000781451425443062,-0.0008837148070278695,-0.002499797471340954,0.9999961796899085,0,0,0,,0.5335066318511963,0.01647430658340454,0.0,False,False,2,False
27.350215386,478,27,350215386,map,6.940986633300781,1.2068557739257812,-0.19514307379722595,4.463195728021674e-05,0.0,0.0,0.0,-0.0007298330015458057,-0.0008721064463005842,-0.0038048156458782537,0.9999921150449324,0,0,0,,0.5154523849487305,0.013491213321685791,0.0,False,False,2,False
27.400215387,479,27,400215387,map,6.891331195831299,-0.9896278381347656,0.25264620780944824,0.00010547638521529734,0.0,0.0,0.0,-0.0005082018243375516,-0.0007962793371207176,-0.004431037684372952,0.999989736734914,0,0,0,,0.46832573413848877,0.00336378812789917,0.0,False,False,2,False
27.450215388,480,27,450215388,map,6.937873840332031,0.9236621856689453,-0.48571810126304626,-3.662109520519152e-05,0.0,0.0,0.0,-0.0004967360189385565,-0.0007529506351333562,-0.005371651494197049,0.9999851657294189,0,0,0,,0.49460339546203613,0.014133691787719727,0.0,False,False,2,False
27.450215388,481,27,500215388,map,6.876908779144287,-1.2323570251464844,-0.6667527556419373,-9.326934377895668e-05,0.0,0.0,0.0,-0.0006744289970573536,-0.0006482410270930143,-0.006322459156520465,0.9999795755110765,0,0,0,,0.47994232177734375,0.021251261234283447,0.0,False,False,2,False
27.550215389,482,27,550215389,map,6.914030075073242,0.7316684722900391,-0.4690238833427429,5.168914867681451e-05,0.0,0.0,0.0,-0.0008075878800060363,-0.0005913034438303773,-0.00781448501077014,0.9999689655114652,0,0,0,,0.4538224935531616,0.02010631561279297,0.0,False,False,2,False
27.550215389,483,27,600215390,map,6.837461948394775,-1.4966392517089844,1.9312999248504639,0.0001358032168354839,0.0,0.0,0.0,-7.2947854100583e-05,-0.00047825351209170405,-0.007743788038058124,0.9999698993964821,0,0,0,,0.39404237270355225,-0.0289267897605896,0.0,False,False,2,False
27.650215391,484,27,650215391,map,6.8550567626953125,0.27747154235839844,-3.2417197227478027,-8.811951556708664e-05,0.0,0.0,0.0,-0.0007323794920812018,-0.00038355347889445173,-0.008976811227487091,0.9999593658580306,0,0,0,,0.5459237098693848,0.07139891386032104,0.0,False,False,2,False
27.700215391,485,27,700215391,map,6.775728702545166,-1.7617130279541016,-3.591366767883301,-0.0011064528953284025,0.0,0.0,0.0,-0.002370986289362734,-0.00023182903099889658,-0.012843247765835742,0.9999146841936772,0,0,0,,0.6358599662780762,0.1018872857093811,0.0,False,False,2,False
27.700215391,486,27,750215392,map,6.831445217132568,1.0608291625976562,-0.8625185489654541,-0.0005615234840661287,0.0,0.0,0.0,-0.002928270086437591,-0.00023542673986040895,-0.017807226027011624,0.9998371229904269,0,0,0,,0.7509803771972656,0.062032103538513184,0.0,False,False,2,False
27.800215393,487,27,800215393,map,6.797723770141602,-0.8017253875732422,-1.6932642459869385,0.00042057043174281716,0.0,0.0,0.0,-0.0031486443209617215,-0.0002824445242893324,-0.02259515168548856,0.9997396988138164,0,0,0,,0.5600730180740356,0.0730741024017334,0.0,False,False,2,False
27.850215394,488,27,850215394,map,6.859714984893799,1.0948944091796875,-1.7279243469238281,0.00029697417630814016,0.0,0.0,0.0,-0.003323880101226861,-0.00039106142968797097,-0.02798655307285947,0.9996026969447066,0,0,0,,0.36858582496643066,0.07551789283752441,0.0,False,False,2,False
27.900215394,489,27,900215394,map,6.79172420501709,-1.1374378204345703,2.740739583969116,0.0019905089866369963,0.0,0.0,0.0,-0.0020145560100304992,-0.0004290609199182519,-0.03097818169335689,0.99951793867333,0,0,0,,0.2901637554168701,-0.020623594522476196,0.0,False,False,2,False
27.900215394,490,27,950215395,map,6.803543567657471,0.18800735473632812,-0.6501805782318115,0.0005674361600540578,0.0,0.0,0.0,-0.0012105008771965198,-0.0004041098159368322,-0.03288386519316185,0.9994583647120279,0,0,0,,0.22611916065216064,0.021655559539794922,0.0,False,False,2,False
28.000215396,491,28,215396,map,6.678092002868652,-2.904376983642578,-4.090703964233398,-0.001129913260228932,0.0,0.0,0.0,-0.002109271426538853,-0.00014788916069522216,-0.036070481870169264,0.9993470115232741,0,0,0,,0.43323445320129395,0.20475351810455322,0.0,False,False,2,False
28.050215397,492,28,50215397,map,6.647140979766846,-1.4634895324707031,-6.234607696533203,-0.003983497619628906,0.0,0.0,0.0,-0.0046442713086567045,0.00024131341408632526,-0.04410516587231422,0.9990160693678674,0,0,0,,0.6058775186538696,0.20302540063858032,0.0,False,False,2,False
28.100215397,493,28,100215397,map,6.562882423400879,-2.100057601928711,-2.3104357719421387,-0.0023223874159157276,0.0,0.0,0.0,-0.005818276151833389,0.0005216554112420333,-0.05364138546905832,0.9985431774856872,0,0,0,,0.7168064117431641,0.14492809772491455,0.0,False,False,2,False
28.100215397,494,28,150215398,map,6.587989330291748,-0.6620216369628906,-5.801081657409668,-0.0006969453534111381,0.0,0.0,0.0,-0.00705303265997295,0.0006800499657179975,-0.06513827022619148,0.9978510901002619,0,0,0,,0.6883127689361572,0.24085301160812378,0.0,False,False,2,False
28.200215399,495,28,200215399,map,6.521414756774902,-2.7704715728759766,-5.590806007385254,-0.0031520845368504524,0.0,0.0,0.0,-0.008640983426193545,0.0009254389270307185,-0.07913963802267301,0.9968256591108903,0,0,0,,0.5695579051971436,0.2520431876182556,0.0,False,False,2,False
28.2502154,496,28,250215400,map,6.588411808013916,0.3570079803466797,-3.593008518218994,0.0020547867752611637,0.0,0.0,0.0,-0.009068884235346531,0.0009553331762468184,-0.09403276302807241,0.9955273387278496,0,0,0,,0.7568244934082031,0.21212178468704224,0.0,False,False,2,False
28.3002154,497,28,300215400,map,6.560654640197754,-2.1958541870117188,-4.95739221572876,0.002460288815200329,0.0,0.0,0.0,-0.009486633308092258,0.0010213270772716906,-0.1092159849643996,0.9939722477553058,0,0,0,,0.7434799671173096,0.24655723571777344,0.0,False,False,2,False
28.350215401,498,28,350215401,map,6.667923927307129,0.7687473297119141,-4.163532257080078,0.00244560232385993,0.0,0.0,0.0,-0.009565526544412103,0.0009376722416081573,-0.12490180798211063,0.9921225528307959,0,0,0,,0.7650198936462402,0.22224187850952148,0.0,False,False,2,False
28.400215402,499,28,400215402,map,6.687310695648193,-1.2366867065429688,-4.156594276428223,0.002277374267578125,0.0,0.0,0.0,-0.009541826001591472,0.0008556522081502858,-0.14024350489704177,0.9900706948243885,0,0,0,,0.7997714281082153,0.22440636157989502,0.0,False,False,2,False
28.400215402,500,28,450215402,map,6.837260723114014,1.6739082336425781,-3.7061023712158203,0.0025001526810228825,0.0,0.0,0.0,-0.009154606324975056,0.0006006484311216308,-0.1551915227149991,0.9878418009387419,0,0,0,,0.791184663772583,0.19380366802215576,0.0,False,False,2,False
28.450215402,501,28,500215403,map,6.90109920501709,0.2520179748535156,-2.5489425659179688,0.002929306123405695,0.0,0.0,0.0,-0.008390667321378869,0.00027957657583947454,-0.16855068795171216,0.9856572346053393,0,0,0,,0.812529444694519,0.16353732347488403,0.0,False,False,2,False
28.550215404,502,28,550215404,map,7.075270175933838,1.2349319458007812,-5.480227470397949,-0.0013439180329442024,0.0,0.0,0.0,-0.008432104110219244,6.751181391371282e-05,-0.18213854576193905,0.9832367188068982,0,0,0,,0.8237369060516357,0.20013213157653809,0.0,False,False,2,False
28.600215405,503,28,600215405,map,7.183027744293213,1.3264274597167969,-2.1545982360839844,-1.869193511083722e-05,0.0,0.0,0.0,-0.007859045298489548,-0.0002663219896919891,-0.19457539332186058,0.9808560448879526,0,0,0,,0.8513745069503784,0.135245680809021,0.0,False,False,2,False
28.650215405,504,28,650215405,map,7.386268615722656,1.1943244934082031,-6.4005327224731445,-0.0020423890091478825,0.0,0.0,0.0,-0.008179549255858109,-0.0004333897392735852,-0.20737532316634916,0.9782271630296089,0,0,0,,0.8595569133758545,0.20052611827850342,0.0,False,False,2,False
28.700215406,505,28,700215406,map,7.507165908813477,-0.2698326110839844,-5.308427810668945,-0.004609870724380016,0.0,0.0,0.0,-0.008986244679984065,-0.0003737969568494443,-0.2215358283069573,0.9751107549702942,0,0,0,,0.8631484508514404,0.19532936811447144,0.0,False,False,2,False
28.750215407,506,28,750215407,map,7.7088303565979,0.5173969268798828,-6.79807186126709,-0.0032546999864280224,0.0,0.0,0.0,-0.009950891024284201,-0.0002087732081621236,-0.23694226611348526,0.9714727472814543,0,0,0,,0.8583613634109497,0.21618467569351196,0.0,False,False,2,False
28.800215408,507,28,800215408,map,7.8388237953186035,-0.3659248352050781,-5.2220916748046875,-0.0005603785393759608,0.0,0.0,0.0,-0.010487802424605727,-3.6495246051148744e-05,-0.25281539650360535,0.9674576889761766,0,0,0,,0.9183614253997803,0.197567880153656,0.0,False,False,2,False
28.850215408,508,28,850215408,map,8.032527923583984,-0.6108856201171875,-7.472543716430664,-0.0010707858018577099,0.0,0.0,0.0,-0.011356027049438472,0.00029406408652292394,-0.2696075851928105,0.9629032683413568,0,0,0,,0.8706588745117188,0.23417061567306519,0.0,False,False,2,False
28.850215408,509,28,900215409,map,8.162123680114746,-1.5604686737060547,-6.210927963256836,-0.0008762360084801912,0.0,0.0,0.0,-0.012104526468208643,0.0007069701130440593,-0.28725559787973876,0.9577772194612867,0,0,0,,0.8807929754257202,0.22474080324172974,0.0,False,False,2,False
28.900215409,510,28,950215410,map,8.367813110351562,-0.21300315856933594,-6.664466857910156,0.0018159864703193307,0.0,0.0,0.0,-0.012463260515996163,0.0009818600885514363,-0.30489377693412995,0.952304304240466,0,0,0,,0.9422454833984375,0.21085524559020996,0.0,False,False,2,False
29.000215411,511,29,215411,map,8.5136137008667,-2.097320556640625,-6.700944900512695,0.001017952454276383,0.0,0.0,0.0,-0.01292324858205219,0.0013497147484430806,-0.3227808304168563,0.9463845431068645,0,0,0,,0.9430034160614014,0.22374296188354492,0.0,False,False,2,False
29.050215411,512,29,50215411,map,8.70862865447998,-2.2466659545898438,-7.903556823730469,-0.0017332081915810704,0.0,0.0,0.0,-0.01370266257344782,0.0018648625975184303,-0.34146065459966696,0.9397943289285468,0,0,0,,0.93068528175354,0.24282366037368774,0.0,False,False,2,False
29.100215412,513,29,100215412,map,8.873229026794434,-2.583799362182617,-6.990623474121094,-0.0006191252032294869,0.0,0.0,0.0,-0.014289264645795304,0.0023541456853609574,-0.36059961251562106,0.9326082748761982,0,0,0,,0.9676196575164795,0.23096251487731934,0.0,False,False,2,False
29.150215413,514,29,150215413,map,9.07681655883789,-2.794027328491211,-7.865638732910156,-2.0026927813887596e-05,0.0,0.0,0.0,-0.0148596232338701,0.0028451440647709377,-0.3800280105413921,0.9248512355814581,0,0,0,,0.95949387550354,0.238836407661438,0.0,False,False,2,False
29.200215414,515,29,200215414,map,9.265178680419922,-2.677125930786133,-7.025623321533203,0.00182514195330441,0.0,0.0,0.0,-0.015116628161399245,0.003211403840976281,-0.3992928960272467,0.9166931643797583,0,0,0,,0.9761735200881958,0.21789205074310303,0.0,False,False,2,False
29.250215414,516,29,250215414,map,9.489139556884766,-1.8995380401611328,-7.061491012573242,0.004427718929946423,0.0,0.0,0.0,-0.014973430009381715,0.003340267520528217,-0.4176146965323477,0.9084946913696527,0,0,0,,0.9707319736480713,0.19349610805511475,0.0,False,False,2,False
29.300215415,517,29,300215415,map,9.687768936157227,-3.105897903442383,-7.066469192504883,0.00238113384693861,0.0,0.0,0.0,-0.014919507480300395,0.003524995778890715,-0.4352728154352192,0.9001680725533436,0,0,0,,0.942040205001831,0.19651025533676147,0.0,False,False,2,False
29.350215416,518,29,350215416,map,9.913108825683594,-0.1433277130126953,-5.522441864013672,0.006726074032485485,0.0,0.0,0.0,-0.013981765996540198,0.0031933858178599113,-0.4508584406861964,0.8924802400998285,0,0,0,,0.8189939260482788,0.12291568517684937,0.0,False,False,2,False
29.400215417,519,29,400215417,map,10.097822189331055,-0.015468597412109375,-4.416618347167969,0.008837509900331497,0.0,0.0,0.0,-0.012397222926878991,0.0025028818466119843,-0.46329726151540185,0.8861126857902963,0,0,0,,0.5154484510421753,0.08789491653442383,0.0,False,False,2,False
29.450215417,520,29,450215417,map,10.220272064208984,1.3176250457763672,-2.064342498779297,0.0066459644585847855,0.0,0.0,0.0,-0.010116935551121767,0.001541656047713925,-0.4719119820195358,0.8815862703888251,0,0,0,,0.36808013916015625,0.029241979122161865,0.0,False,False,2,False
29.500215418,521,29,500215418,map,10.255772590637207,-4.776515960693359,-3.8016128540039062,-0.004628753289580345,0.0,0.0,0.0,-0.009354283483038644,0.0016584102630601769,-0.4795021962479687,0.8774892539793822,0,0,0,,0.5140018463134766,0.20125311613082886,0.0,False,False,2,False
29.550215419,522,29,550215419,map,10.239163398742676,-8.248529434204102,-4.320468902587891,-0.017026517540216446,0.0,0.0,0.0,-0.010766399524399253,0.003290063206975909,-0.4905359238406373,0.8713482469984016,0,0,0,,0.7867769002914429,0.2146836519241333,0.0,False,False,2,False
29.60021542,523,29,600215420,map,10.187557220458984,-10.92005729675293,-4.34783935546875,-0.019140053540468216,0.0,0.0,0.0,-0.013022288740739133,0.005626551351950252,-0.5058776947496517,0.8624885621679946,0,0,0,,0.5998737812042236,0.3561187982559204,0.0,False,False,2,False
29.65021542,524,29,650215420,map,10.142830848693848,-10.703988075256348,-3.6819839477539062,-0.0171953197568655,0.0,0.0,0.0,-0.015189421362761638,0.008093259844652721,-0.5252865039317679,0.850751355809024,0,0,0,,0.614177942276001,0.3153725862503052,0.0,False,False,2,False
29.65021542,525,29,700215421,map,10.088030815124512,-11.471266746520996,-3.0639266967773438,-0.007337569259107113,0.0,0.0,0.0,-0.016763777454102693,0.01029004487628725,-0.5472708931120828,0.8367243633922803,0,0,0,,0.5577338933944702,0.3379818797111511,0.0,False,False,2,False
29.750215422,526,29,750215422,map,10.019183158874512,-12.140707969665527,-2.2336387634277344,-0.0011341087520122528,0.0,0.0,0.0,-0.017888604214594678,0.012321891501976967,-0.5710181923835033,0.8206499819022381,0,0,0,,0.5276443958282471,0.35550081729888916,0.0,False,False,2,False
29.800215423,527,29,800215423,map,9.991484642028809,-9.749560356140137,-1.7996597290039062,0.011022756807506084,0.0,0.0,0.0,-0.018014524906828578,0.01356834790147585,-0.5947034088725554,0.8036287901157898,0,0,0,,0.7311336994171143,0.29122859239578247,0.0,False,False,2,False
29.850215423,528,29,850215423,map,10.017997741699219,-7.594647407531738,-2.033100128173828,0.022847171872854233,0.0,0.0,0.0,-0.017180750030394924,0.013745195698004677,-0.6163609616722904,0.7871563099855239,0,0,0,,0.8901910781860352,0.22592830657958984,0.0,False,False,2,False
29.900215424,529,29,900215424,map,10.085681915283203,-7.478964328765869,-2.5394439697265625,0.0196685791015625,0.0,0.0,0.0,-0.016188682025040445,0.013382481525650476,-0.6355352505455832,0.7717860980067407,0,0,0,,0.9471135139465332,0.20172375440597534,0.0,False,False,2,False
29.950215425,530,29,950215425,map,10.183807373046875,-7.930804252624512,-2.895488739013672,0.007792663760483265,0.0,0.0,0.0,-0.01553981181968278,0.012993675481060627,-0.6528383475282564,0.7572263668432823,0,0,0,,0.9798252582550049,0.19640493392944336,0.0,False,False,2,False
30.000215426,531,30,215426,map,10.309605598449707,-7.963257789611816,-3.123455047607422,-0.00012168893590569496,0.0,0.0,0.0,-0.015177524805400874,0.01265855411131425,-0.6688224849378526,0.7431593956818069,0,0,0,,0.9796426296234131,0.19025754928588867,0.0,False,False,2,False
30.050215426,532,30,50215426,map,10.472933769226074,-6.103591442108154,-3.5152435302734375,0.0018568034283816814,0.0,0.0,0.0,-0.014549925721589592,0.011896264588430313,-0.6830972298451713,0.7300855793180627,0,0,0,,0.9748156070709229,0.1486053466796875,0.0,False,False,2,False
30.100215427,533,30,100215427,map,10.65570068359375,-5.1258463859558105,-3.7224578857421875,0.004176139831542969,0.0,0.0,0.0,-0.01364514899172968,0.01073056355172157,-0.6952756541090855,0.718533527205265,0,0,0,,0.9732663631439209,0.11753112077713013,0.0,False,False,2,False
30.150215428,534,30,150215428,map,10.678413391113281,-4.08118200302124,-0.4186820983886719,0.0033811572939157486,0.0,0.0,0.0,-0.012312582988412589,0.009523270724265254,-0.7052736762440941,0.7087642409235996,0,0,0,,0.9759455919265747,0.09006333351135254,0.0,False,False,2,False
30.200215429,535,30,200215429,map,10.664416313171387,-1.6490659713745117,0.3165435791015625,0.004139898810535669,0.0,0.0,0.0,-0.010289842424439772,0.008044745162935941,-0.7125960308250059,0.7014529906348613,0,0,0,,0.9792909622192383,0.0393449068069458,0.0,False,False,0,False
30.250215429,536,30,250215429,map,10.913866996765137,1.9947848320007324,-5.032291412353516,0.004109002184122801,0.0,0.0,0.0,-0.00776666198028628,0.005444371737727785,-0.7161767009887529,0.6978545484117242,0,0,0,,0.9834244251251221,-0.04342418909072876,0.0,False,False,0,False
30.250215429,537,30,300215430,map,11.291664123535156,0.9708341956138611,-7.5701141357421875,-0.005364608950912952,0.0,0.0,0.0,-0.0061116063961235995,0.002408662679960036,-0.7165112471200501,0.6975446074351257,0,0,0,,0.9786734580993652,-0.04307636618614197,0.0,False,False,3,False
30.350215431,538,30,350215431,map,11.624361038208008,2.7667694091796875,-6.668663024902344,-0.011112594977021217,0.0,0.0,0.0,-0.0046783697741392405,-0.0004622211597204405,-0.7143714578128824,0.6997508981560177,0,0,0,,0.9785537719726562,-0.07452395558357239,0.0,False,False,3,False
30.400215432,539,30,400215432,map,11.934276580810547,0.868133544921875,-6.196079254150391,-0.01159744244068861,0.0,0.0,0.0,-0.0038324648392972084,-0.0023611503160192995,-0.71115528875256,0.703020549103441,0,0,0,,0.9701757431030273,-0.04222673177719116,0.0,False,False,3,False
30.450215432,540,30,450215432,map,12.218618392944336,0.3589044511318207,-5.685081481933594,-0.00790634099394083,0.0,0.0,0.0,-0.003494854418846707,-0.0033092822844165387,-0.7081833719743227,0.7060121431692455,0,0,0,,0.968866229057312,-0.022912830114364624,0.0,False,False,3,False
30.500215433,541,30,500215433,map,12.480042457580566,-1.1197113990783691,-5.232372283935547,-0.0035961149260401726,0.0,0.0,0.0,-0.003667406629194426,-0.003383081958414338,-0.7064158882509284,0.7077794131731514,0,0,0,,0.9643802642822266,0.010999023914337158,0.0,False,False,3,False
30.550215434000002,542,30,550215434,map,12.725312232971191,-0.6505285501480103,-4.9053192138671875,-0.000656509364489466,0.0,0.0,0.0,-0.003882663887310556,-0.003170458454228009,-0.7058914108002403,0.7083023290042003,0,0,0,,0.9627814292907715,0.014198541641235352,0.0,False,False,3,False
30.600215435,543,30,600215435,map,12.95742130279541,0.05736261606216431,-4.6422576904296875,0.0007009506225585938,0.0,0.0,0.0,-0.003827314315950535,-0.0030867935829187324,-0.7059516189648228,0.7082429915300602,0,0,0,,0.9559640884399414,0.006152331829071045,0.0,False,False,3,False
30.650215435,544,30,650215435,map,13.177726745605469,-0.16195204854011536,-4.405860900878906,0.0012022018199786544,0.0,0.0,0.0,-0.003687132207009035,-0.003016144836876209,-0.706288844541112,0.7079077454041537,0,0,0,,0.9464449882507324,0.00810396671295166,0.0,False,False,3,False
30.700215436,545,30,700215436,map,13.387895584106445,0.04507511854171753,-4.203472137451172,0.00118331890553236,0.0,0.0,0.0,-0.003497126142026259,-0.0029662810813964684,-0.7067082999088427,0.7074901766987624,0,0,0,,0.9391250610351562,0.0038830041885375977,0.0,False,False,3,False
30.750215437,546,30,750215437,map,13.589052200317383,-0.13658565282821655,-4.022884368896484,0.0009473800309933722,0.0,0.0,0.0,-0.0033375737039515567,-0.002882666504676175,-0.7071374831928446,0.7070623244801568,0,0,0,,0.9283527135848999,0.004825294017791748,0.0,False,False,3,False
30.750215437,547,30,800215438,map,13.781996726989746,0.45947855710983276,-3.8594436645507812,0.0006748199230059981,0.0,0.0,0.0,-0.003071274577787239,-0.0029152790669109818,-0.707331741619575,0.706869065469588,0,0,0,,0.9231641292572021,-0.005517512559890747,0.0,False,False,3,False
30.850215438,548,30,850215438,map,13.967719078063965,-0.04134798422455788,-3.714427947998047,0.0005016326904296875,0.0,0.0,0.0,-0.0028872041016328137,-0.002882007199037381,-0.7073684917850804,0.7068332016230425,0,0,0,,0.9078900814056396,-0.00019025802612304688,0.0,False,False,3,False
30.900215439,549,30,900215439,map,14.145564079284668,0.2786548435688019,-3.5569000244140625,0.00019569398136809468,0.0,0.0,0.0,-0.0027057278148224476,-0.0028605442872626802,-0.7072687590857681,0.706933800822008,0,0,0,,0.8914844989776611,-0.00484156608581543,0.0,False,False,3,False
30.95021544,550,30,950215440,map,14.31509780883789,0.1812443882226944,-3.3905410766601562,0.00014572143845725805,0.0,0.0,0.0,-0.0025412910108280336,-0.0028310463229723167,-0.7070429707250007,0.7071603527949523,0,0,0,,0.871707558631897,-0.003961801528930664,0.0,False,False,3,False
31.00021544,551,31,215440,map,14.47568416595459,0.0005908682942390442,-3.2117271423339844,5.0544731493573636e-05,0.0,0.0,0.0,-0.002444585919304897,-0.0027369912761237482,-0.706827204129063,0.7073767287531655,0,0,0,,0.8534057140350342,-0.0008753538131713867,0.0,False,False,3,False
31.050215441,552,31,50215441,map,14.627206802368164,0.06938960403203964,-3.0303573608398438,4.901885404251516e-05,0.0,0.0,0.0,-0.002361039155195016,-0.0026285479494153564,-0.7066561182937683,0.7075483352448572,0,0,0,,0.8398741483688354,-0.0010853111743927002,0.0,False,False,3,False
31.050215441,553,31,100215442,map,14.768529891967773,0.21305575966835022,-2.8261184692382812,-2.269745891680941e-05,0.0,0.0,0.0,-0.0022374086278128553,-0.0025557412579014205,-0.70646279388991,0.7077420314200065,0,0,0,,0.8017338514328003,-0.003014981746673584,0.0,False,False,3,False
31.150215443,554,31,150215443,map,14.897761344909668,0.09721677750349045,-2.5844192504882812,1.316071575274691e-05,0.0,0.0,0.0,-0.002119517606921515,-0.002463709972867358,-0.7062686273973627,0.7079364828376404,0,0,0,,0.7772961854934692,-0.0013897716999053955,0.0,False,False,3,False
31.200215443,555,31,200215443,map,15.012870788574219,-0.18142658472061157,-2.30255126953125,5.0544731493573636e-05,0.0,0.0,0.0,-0.0020711430171066842,-0.0022815986083697826,-0.7062102241379745,0.7079954971589754,0,0,0,,0.7259798049926758,0.0032528042793273926,0.0,False,False,3,False
31.250215444,556,31,250215444,map,15.110708236694336,0.07585451006889343,-1.9566154479980469,3.852845111396164e-05,0.0,0.0,0.0,-0.0019732112635473006,-0.0021163698739056496,-0.7062253961798175,0.707981155968523,0,0,0,,0.6805146932601929,0.00013941526412963867,0.0,False,False,3,False
31.300215445,557,31,300215445,map,15.182024002075195,-2.129319667816162,-1.42303466796875,-5.7220677263103426e-06,0.0,0.0,0.0,-0.002321995798731495,-0.0014454856748915567,-0.7070534690550996,0.707154799746013,0,0,0,,0.5640289783477783,0.035051584243774414,0.0,False,False,3,False
31.350215446,558,31,350215446,map,15.217866897583008,-2.861459255218506,-0.6889915466308594,-0.00044651032658293843,0.0,0.0,0.0,-0.0029811482174867663,-0.0003596709678217985,-0.7092860399214916,0.7049143898124001,0,0,0,,0.44028663635253906,0.05176353454589844,0.0,False,False,3,False
31.350215446,559,31,400215446,map,15.21713924407959,-1.4651892185211182,0.03925323486328125,-0.0004703521844930947,0.0,0.0,0.0,-0.0032207187924059213,0.00042252341379008266,-0.7121427611213027,0.7020271620293279,0,0,0,,0.3300790786743164,0.03116917610168457,0.0,False,False,3,False
31.450215447,560,31,450215447,map,15.177149772644043,0.34131765365600586,0.7935333251953125,0.0008306503295898438,0.0,0.0,0.0,-0.002696292036750578,0.0005404457700919176,-0.7143037713698521,0.6998303795452352,0,0,0,,0.29505300521850586,-0.0025496184825897217,0.0,False,False,3,False
31.450215447,561,31,500215448,map,15.102180480957031,0.27043282985687256,1.4948272705078125,0.0009475707192905247,0.0,0.0,0.0,-0.0018957309364266161,0.00044788512505614716,-0.7153731028822047,0.6987399582647453,0,0,0,,0.21585750579833984,-0.010710299015045166,0.0,False,False,3,False
31.550215449,562,31,550215449,map,14.989251136779785,2.1477599143981934,2.22900390625,0.00045528417103923857,0.0,0.0,0.0,-0.0006816603958196423,-1.632224499782865e-05,-0.7148698939183148,0.6992571557316424,0,0,0,,0.09583771228790283,-0.04678526520729065,0.0,False,False,3,False
31.600215449,563,31,600215449,map,14.837244033813477,3.00441312789917,3.024120330810547,-0.0006282806862145662,0.0,0.0,0.0,0.0008390266259990921,-0.0007368198329730216,-0.7124391922300305,0.7017329623905922,0,0,0,,0.014737725257873535,-0.06739416718482971,0.0,False,False,3,False
31.65021545,564,31,650215450,map,14.657644271850586,2.506885051727295,3.6018753051757812,-0.0015556334983557463,0.0,0.0,0.0,0.002164106402393007,-0.0012323969218847545,-0.7086808893520266,0.7055247656238062,0,0,0,,0.022812366485595703,-0.06090006232261658,0.0,False,False,3,False
31.700215451,565,31,700215451,map,14.447688102722168,2.586764097213745,4.232425689697266,-0.0013284682063385844,0.0,0.0,0.0,0.0032493212434087275,-0.0014874767413820301,-0.7042277497175277,0.709965144110743,0,0,0,,0.0,-0.05805817246437073,0.06805741786956787,False,False,3,False
31.700215451,566,31,750215452,map,14.203694343566895,2.3913521766662598,4.932765960693359,-0.0007116318447515368,0.0,0.0,0.0,0.004123395816865745,-0.0015252038601565937,-0.6995563254896653,0.7145639361369421,0,0,0,,0.0,-0.04969364404678345,0.1931319236755371,False,False,3,False
31.800215452,567,31,800215452,map,13.93829345703125,1.738712191581726,5.361366271972656,0.00015087134670466185,0.0,0.0,0.0,0.004693290788409899,-0.0012815695838640868,-0.6952261193291366,0.7187746333890241,0,0,0,,0.0,-0.03265523910522461,0.23397159576416016,False,False,3,False
31.800215452,568,31,850215453,map,13.652286529541016,-0.7451039552688599,5.699367523193359,0.0019140243530273438,0.0,0.0,0.0,0.004495276058136183,-0.00036951499706672393,-0.692437531572102,0.721463734932091,0,0,0,,0.0,0.01690000295639038,0.33049386739730835,False,False,3,False
31.900215454,569,31,900215454,map,13.361842155456543,-3.584470510482788,5.723285675048828,0.0023445128463208675,0.0,0.0,0.0,0.003376374952733004,0.0013187964563084757,-0.6924837672802098,0.7214243501029708,0,0,0,,0.0,0.09346616268157959,0.2677503228187561,False,False,3,False
31.900215454,570,31,950215455,map,13.109537124633789,-3.8941545486450195,5.004596710205078,-0.0002443314588163048,0.0,0.0,0.0,0.0018211326802893193,0.0032155230817770882,-0.6958086216128929,0.7182177288094728,0,0,0,,0.11331140995025635,0.10399234294891357,0.0,False,False,3,False
31.950215455,571,32,215455,map,12.894149780273438,-2.792201519012451,4.313106536865234,-0.0020410537254065275,0.0,0.0,0.0,0.0006694313737292271,0.004410599201680644,-0.7009312591121198,0.7132148823992781,0,0,0,,0.1564013957977295,0.08575433492660522,0.0,False,False,3,False
32.050215456,572,32,50215456,map,12.696063995361328,-2.309554100036621,3.9895057678222656,-0.0010906219249591231,0.0,0.0,0.0,-2.3465905151307496e-05,0.004971793511622597,-0.7065388347411939,0.707656806454361,0,0,0,,0.17409956455230713,0.06866627931594849,0.0,False,False,3,False
32.100215457,573,32,100215457,map,12.51237678527832,-1.2884020805358887,3.699188232421875,0.0004547119024209678,0.0,0.0,0.0,-0.00025435160871501534,0.004969582438013808,-0.7115871862166225,0.7025801840131566,0,0,0,,0.16959738731384277,0.040312230587005615,0.0,False,False,3,False
32.150215458,574,32,150215458,map,12.338398933410645,0.01370549201965332,3.4801101684570312,0.00159454345703125,0.0,0.0,0.0,-1.5952959269700633e-06,0.00442885302813324,-0.715181146467407,0.6989251125806509,0,0,0,,0.17353081703186035,0.006062746047973633,0.0,False,False,3,False
32.200215458,575,32,200215458,map,12.170876502990723,0.8993512392044067,3.3327102661132812,0.0014247894287109375,0.0,0.0,0.0,0.0005774785901122197,0.00354540516506153,-0.7168774396416537,0.697189954857011,0,0,0,,0.18068313598632812,-0.021213948726654053,0.0,False,False,3,False
32.250215459,576,32,250215459,map,12.006624221801758,2.207087993621826,3.2537460327148438,0.00043163279769942164,0.0,0.0,0.0,0.001461662779477056,0.0023730764314017533,-0.7164347298709469,0.6976485575738782,0,0,0,,0.1788409948348999,-0.053945392370224,0.0,False,False,3,False
32.30021546,577,32,300215460,map,11.849656105041504,0.9134998917579651,3.132152557373047,-0.0008090970804914832,0.0,0.0,0.0,0.002028141722497403,0.0015589407486009059,-0.7146647142988215,0.6994625097037579,0,0,0,,0.1824963092803955,-0.0384393036365509,0.0,False,False,3,False
32.350215461,578,32,350215461,map,11.697689056396484,0.39105087518692017,3.037281036376953,-0.0008808135753497481,0.0,0.0,0.0,0.0021755396856369537,0.001200569938331034,-0.7126125119995684,0.701553443010983,0,0,0,,0.17350411415100098,-0.025287866592407227,0.0,False,False,3,False
32.350215461,579,32,400215461,map,11.548335075378418,0.2960340678691864,2.9859542846679688,-0.0005201339372433722,0.0,0.0,0.0,0.0021341353943668414,0.001067422140005959,-0.7107551646999578,0.7034354284000978,0,0,0,,0.16425395011901855,-0.017073094844818115,0.0,False,False,3,False
32.450215462,580,32,450215462,map,11.499058723449707,0.4970099925994873,0.9844017028808594,-0.0001863479701569304,0.0,0.0,0.0,0.0019864815977244116,0.000846943645240998,-0.7091631275824198,0.705041130044797,0,0,0,,0.15918731689453125,-0.014824390411376953,0.0,False,False,3,False
32.500215463,581,32,500215463,map,11.485793113708496,-0.3073258697986603,0.2658843994140625,0.0002235412539448589,0.0,0.0,0.0,0.001476058132341925,0.0006196919593517475,-0.7081173099984395,0.7060929914075338,0,0,0,,0.16088199615478516,0.0008692741394042969,0.0,False,False,0,False
32.500215463,582,32,550215464,map,11.275308609008789,1.1937925815582275,4.209804534912109,-0.00013065336679574102,0.0,0.0,0.0,0.001444531608110972,0.000277767910820286,-0.7070995236061435,0.7071125086500633,0,0,0,,0.15610027313232422,-0.020466148853302002,0.0,False,False,0,False
32.600215464,583,32,600215464,map,10.813666343688965,-0.24644501507282257,9.232330322265625,-0.0009506225469522178,0.0,0.0,0.0,0.0020322940820895804,0.000986362418724934,-0.7063537621832575,0.7078553944977044,0,0,0,,0.16387522220611572,0.002667844295501709,0.0,False,False,2,False
32.600215464,584,32,650215465,map,10.402948379516602,-0.4687137007713318,8.214054107666016,-0.0011514663929119706,0.0,0.0,0.0,0.002587658010735997,0.0020319418505040814,-0.7061722881550236,0.7080323966318447,0,0,0,,0.157149076461792,0.011204659938812256,0.0,False,False,2,False
32.700215466,585,32,700215466,map,10.03504753112793,-0.2663896083831787,7.3583221435546875,-0.0007417676970362663,0.0,0.0,0.0,0.0030034596452862277,0.002859970984261009,-0.7063909518876502,0.7078097363609712,0,0,0,,0.16916966438293457,0.010247647762298584,0.0,False,False,2,False
32.700215466,586,32,750215467,map,9.706037521362305,-0.1315242350101471,6.58050537109375,5.7220458984375e-05,0.0,0.0,0.0,0.0032634651462393346,0.0033380224637621562,-0.7067776232752766,0.7074203832507387,0,0,0,,0.19837594032287598,0.00794154405593872,0.0,False,False,2,False
32.750215467,587,32,800215467,map,9.411340713500977,-0.15773889422416687,5.894451141357422,0.0007375715067610145,0.0,0.0,0.0,0.0033418088683313716,0.0035413679565623724,-0.7072192197148471,0.7069775571348829,0,0,0,,0.2174609899520874,0.007550716400146484,0.0,False,False,2,False
32.850215468,588,32,850215468,map,9.147502899169922,-0.39187735319137573,5.278606414794922,0.0011543274158611894,0.0,0.0,0.0,0.003210935664536868,0.0036090267072931255,-0.7077611377800512,0.7064353025342601,0,0,0,,0.23841392993927002,0.011372923851013184,0.0,False,False,2,False
32.900215469,589,32,900215469,map,8.909916877746582,0.048810094594955444,4.7515106201171875,0.0009853362571448088,0.0,0.0,0.0,0.003062834295019293,0.0034624639401027077,-0.7082366500144328,0.705959969095896,0,0,0,,0.25857412815093994,0.004054546356201172,0.0,False,False,2,False
32.95021547,590,32,950215470,map,8.698381423950195,0.00732421875,4.230747222900391,0.0007604599231854081,0.0,0.0,0.0,0.0028876573067093355,0.003202282916462883,-0.7085680811235249,0.7056292803110766,0,0,0,,0.27468299865722656,0.002704441547393799,0.0,False,False,2,False
33.00021547,591,33,215470,map,8.500900268554688,0.8384299874305725,3.9468765258789062,0.00039558415301144123,0.0,0.0,0.0,0.0028777812829388068,0.0027121686386082674,-0.7084627321061782,0.7057371463461541,0,0,0,,0.2972468137741089,-0.013637512922286987,0.0,False,False,2,False
33.050215471,592,33,50215471,map,8.340863227844238,0.04558033496141434,3.200702667236328,3.414141247048974e-05,0.0,0.0,0.0,0.0027159464576922265,0.0023389131907448225,-0.7081620218213124,0.7060408656514694,0,0,0,,0.30766916275024414,-0.004928857088088989,0.0,False,False,2,False
33.100215472,593,33,100215472,map,8.160970687866211,0.0893453061580658,3.5978126525878906,-0.00010681149433366954,0.0,0.0,0.0,0.0024726846981441997,0.0020791628501367282,-0.7078725556087029,0.7063327883711967,0,0,0,,0.3434644937515259,-0.00433349609375,0.0,False,False,2,False
33.150215473,594,33,150215473,map,8.05154037475586,0.23772478103637695,2.1887588500976562,-0.0002956389798782766,0.0,0.0,0.0,0.002237010920454816,0.00179447200601011,-0.7075510379077669,0.7066564260006438,0,0,0,,0.3388136625289917,-0.006644576787948608,0.0,False,False,2,False
33.200215473,595,33,200215473,map,7.89013671875,-0.33842557668685913,3.227968215942383,-0.00015449528291355819,0.0,0.0,0.0,0.0019105222325118034,0.0016786051940248018,-0.7073929415773277,0.7068159296422067,0,0,0,,0.3591184616088867,0.0030975341796875,0.0,False,False,2,False
33.250215474,596,33,250215474,map,7.812293529510498,0.4109311103820801,1.5570926666259766,-0.00031070702243596315,0.0,0.0,0.0,0.0017129430962447012,0.0014242506167822372,-0.7072189842597068,0.7069910506072892,0,0,0,,0.3710588216781616,-0.007133930921554565,0.0,False,False,2,False
33.300215475,597,33,300215475,map,7.67246675491333,-0.5035752654075623,2.7964019775390625,-0.00015392305795103312,0.0,0.0,0.0,0.001409617985035531,0.001355969090731431,-0.7071438958362187,0.7070669592807576,0,0,0,,0.3677489757537842,0.006707549095153809,0.0,False,False,2,False
33.350215476,598,33,350215476,map,7.616805553436279,-0.055621881037950516,1.1133098602294922,-0.00018424987501930445,0.0,0.0,0.0,0.001140827148794181,0.0012454773063925526,-0.7073443779979466,0.706867086667921,0,0,0,,0.38588154315948486,0.002918064594268799,0.0,False,False,2,False
33.400215476,599,33,400215476,map,7.4865827560424805,0.3464175760746002,2.604246139526367,-0.00010223388380836695,0.0,0.0,0.0,0.001074852002948402,0.00103838406399957,-0.7072235164821417,0.7069884469963715,0,0,0,,0.3986074924468994,-0.005303889513015747,0.0,False,False,2,False
33.400215476,600,33,450215477,map,7.444941520690918,-0.7815879583358765,0.8344554901123047,-0.0001707076735328883,0.0,0.0,0.0,0.0007826826918125409,0.0010482493083874853,-0.7075251598803313,0.7066869439274388,0,0,0,,0.40134918689727783,0.01413583755493164,0.0,False,False,2,False
33.500215478,601,33,500215478,map,7.321576118469238,0.8419668078422546,2.4657249450683594,-8.773804438533261e-06,0.0,0.0,0.0,0.0008293646498675784,0.0008176443088089417,-0.707420863299347,0.7067915999648473,0,0,0,,0.39408206939697266,-0.011989295482635498,0.0,False,False,2,False
33.550215478,602,33,550215478,map,7.29150390625,0.05324464291334152,0.6015110015869141,-7.171630568336695e-05,0.0,0.0,0.0,0.0008267780670666755,0.0006091861979729254,-0.7073109507105988,0.7069018067136856,0,0,0,,0.4266536235809326,-0.00406607985496521,0.0,False,False,2,False
33.600215479,603,33,600215479,map,7.175684452056885,0.06026420742273331,2.3164844512939453,-2.880096508306451e-05,0.0,0.0,0.0,0.000781711803620608,0.0005252190890927838,-0.7069915642085163,0.7072213523427867,0,0,0,,0.41519927978515625,-0.0034116506576538086,0.0,False,False,2,False
33.65021548,604,33,650215480,map,7.156200885772705,-0.12675298750400543,0.3894996643066406,3.509521411615424e-05,0.0,0.0,0.0,0.0006484782400664789,0.000485893482168779,-0.7069690376849097,0.7072440336534263,0,0,0,,0.4206678867340088,0.0007717609405517578,0.0,False,False,2,False
33.700215481,605,33,700215481,map,7.044266223907471,-0.5321832299232483,2.239217758178711,-4.76837158203125e-05,0.0,0.0,0.0,0.00043923660855745103,0.0006062338073132199,-0.7070043066151819,0.7072088446699167,0,0,0,,0.4142742156982422,0.010737240314483643,0.0,False,False,2,False
33.750215481,606,33,750215481,map,7.03160285949707,0.3276737928390503,0.2527046203613281,4.367828296381049e-05,0.0,0.0,0.0,0.00039173888040963044,0.000516630405725827,-0.7072224901117993,0.7069907560313213,0,0,0,,0.42409205436706543,-0.0027081966400146484,0.0,False,False,2,False
33.800215482,607,33,800215482,map,6.923410892486572,-0.09582839161157608,2.1639251708984375,-1.792907642084174e-05,0.0,0.0,0.0,0.0003798567305480669,0.00047168549189185457,-0.7071634923545271,0.7070498060975687,0,0,0,,0.43192553520202637,0.0021720528602600098,0.0,False,False,2,False
33.850215483,608,33,850215483,map,6.91812801361084,-0.2501411437988281,0.106201171875,-2.2888179955771193e-05,0.0,0.0,0.0,0.00026723596257366444,0.00046688587182349686,-0.7074335113965154,0.7067796952061648,0,0,0,,0.43473267555236816,0.006300687789916992,0.0,False,False,2,False
33.900215484,609,33,900215484,map,6.8142476081848145,0.30484434962272644,2.077007293701172,2.460479299770668e-05,0.0,0.0,0.0,0.00030881691198382565,0.00038275601362992016,-0.7073689972038688,0.7068442968042833,0,0,0,,0.44770383834838867,-0.0035029351711273193,0.0,False,False,2,False
33.950215484,610,33,950215484,map,6.8167405128479,0.2298123985528946,-0.04985809326171875,-1.0299681889591739e-05,0.0,0.0,0.0,0.0003513690194446247,0.00022776716903871703,-0.7073686876379077,0.7068446536625662,0,0,0,,0.4470115900039673,-0.005182147026062012,0.0,False,False,2,False
34.000215485,611,34,215485,map,6.717462539672852,-0.17532333731651306,1.9855308532714844,7.438661668857094e-06,0.0,0.0,0.0,0.00031577485875914756,0.00022496141556315645,-0.7071670974245947,0.7070463535007262,0,0,0,,0.4535977840423584,0.0018419623374938965,0.0,False,False,2,False
34.050215486,612,34,50215486,map,6.727440357208252,0.5442162752151489,-0.1987171173095703,-3.337860107421875e-05,0.0,0.0,0.0,0.0003672881890237039,6.322630610476181e-05,-0.7070448674576955,0.7071685912875022,0,0,0,,0.4707210063934326,-0.011230051517486572,0.0,False,False,2,False
34.100215487,613,34,100215487,map,6.633299350738525,-0.48873665928840637,1.8819618225097656,2.5939938495866954e-05,0.0,0.0,0.0,0.000262363812480943,0.00013016336591201519,-0.7068086054738065,0.7074047705881699,0,0,0,,0.4579787254333496,0.006251215934753418,0.0,False,False,2,False
34.150215487,614,34,150215487,map,6.6499810218811035,0.14886857569217682,-0.33355712890625,2.002716064453125e-05,0.0,0.0,0.0,0.00017653471389759493,0.00010595492639881224,-0.7068915918739365,0.7073218750660697,0,0,0,,0.4671792984008789,-0.0018289387226104736,0.0,False,False,2,False
34.200215488,615,34,200215488,map,6.5598297119140625,0.03173166885972023,1.8030643463134766,-1.6403195331804454e-05,0.0,0.0,0.0,0.00016474993428919988,8.606954042781581e-05,-0.706695991147842,0.7075173083006964,0,0,0,,0.47873103618621826,-0.0010312199592590332,0.0,False,False,2,False
34.250215489,616,34,250215489,map,6.582332134246826,0.04354594275355339,-0.449981689453125,2.555847095209174e-05,0.0,0.0,0.0,0.00011796807933202896,2.7484940706459828e-05,-0.7067441834464583,0.707469182715904,0,0,0,,0.4608553647994995,-0.0013000071048736572,0.0,False,False,2,False
34.30021549,617,34,300215490,map,6.494969844818115,-0.3257506787776947,1.7471122741699219,-1.1253355296503287e-05,0.0,0.0,0.0,2.4232049536461685e-05,9.96335075067406e-05,-0.7066734724086391,0.707539817169245,0,0,0,,0.4851645231246948,0.0064879655838012695,0.0,False,False,2,False
34.30021549,618,34,350215490,map,6.5230536460876465,0.34981247782707214,-0.5615043640136719,-2.0599363779183477e-05,0.0,0.0,0.0,2.521505780717997e-05,8.467029110703884e-08,-0.7067797926518062,0.7074336181319514,0,0,0,,0.49054503440856934,-0.005039721727371216,0.0,False,False,2,False
34.400215491,619,34,400215491,map,6.440552711486816,0.08592255413532257,1.6502094268798828,-6.103518899180926e-06,0.0,0.0,0.0,6.949655592867179e-05,-6.483395539764791e-05,-0.7065236122414054,0.707689463191408,0,0,0,,0.48375844955444336,-0.0030454397201538086,0.0,False,False,2,False
34.450215492,620,34,450215492,map,6.4737677574157715,-0.17681656777858734,-0.6646251678466797,5.340580173651688e-06,0.0,0.0,0.0,-1.7025762254000534e-05,-7.607662431202437e-05,-0.7066016801522546,0.7076115173797566,0,0,0,,0.49187135696411133,0.0025261640548706055,0.0,False,False,2,False
34.500215493,621,34,500215493,map,6.395529270172119,0.5075031518936157,1.5663719177246094,2.5939938495866954e-05,0.0,0.0,0.0,7.073061799748308e-05,-0.00018152945293468644,-0.7062643995144285,0.7079481337094979,0,0,0,,0.5214552879333496,-0.010392934083938599,0.0,False,False,2,False
34.500215493,622,34,550215493,map,6.435783386230469,0.10365024209022522,-0.8045196533203125,-3.7002566386945546e-05,0.0,0.0,0.0,7.62576702486385e-05,-0.00029034032054945475,-0.706085040905559,0.7081269835959233,0,0,0,,0.4931861162185669,-0.005980640649795532,0.0,False,False,2,False
34.550215493,623,34,600215494,map,6.362700939178467,-0.17760612070560455,1.460733413696289,5.683898780262098e-05,0.0,0.0,0.0,7.039371781302655e-06,-0.00024435126800166065,-0.7057523625533166,0.7084585682969167,0,0,0,,0.5326918363571167,0.0004494786262512207,0.0,False,False,2,False
34.650215495,624,34,650215495,map,6.409057140350342,0.427786648273468,-0.9244728088378906,-1.621246337890625e-05,0.0,0.0,0.0,6.062685881050832e-06,-0.0003498136713328405,-0.7055987682614301,0.7086114985107085,0,0,0,,0.5039159059524536,-0.010026246309280396,0.0,False,False,2,False
34.650215495,625,34,700215496,map,6.338873386383057,-0.7083621621131897,1.4000511169433594,-2.0980837689421605e-06,0.0,0.0,0.0,-0.00016721524933641845,-0.00019661223973010071,-0.7054359482348411,0.7087736284038072,0,0,0,,0.5003259181976318,0.011152088642120361,0.0,False,False,2,False
34.750215496,626,34,750215496,map,6.387048721313477,0.0015618279576301575,-0.9635066986083984,2.9182432626839727e-05,0.0,0.0,0.0,-0.00030282426341355295,-0.00015232464718668322,-0.7056992749349023,0.7085114102475842,0,0,0,,0.5127172470092773,0.003247857093811035,0.0,False,False,2,False
34.800215497,627,34,800215497,map,6.319422245025635,0.294744610786438,1.3535881042480469,-3.128051321255043e-05,0.0,0.0,0.0,-0.0002372262486781974,-0.0002205261177579102,-0.7055581514864107,0.7086519526276757,0,0,0,,0.5215212106704712,-0.0043888092041015625,0.0,False,False,2,False
34.850215498,628,34,850215498,map,6.371352672576904,-0.3572683036327362,-1.0398006439208984,2.937316821771674e-05,0.0,0.0,0.0,-0.0003287447928716145,-0.00021264232930147539,-0.7057615237643091,0.7084493759500262,0,0,0,,0.523841142654419,0.006953179836273193,0.0,False,False,2,False
34.900215499,629,34,900215499,map,6.307231426239014,0.05138767883181572,1.2825393676757812,0.00017871856107376516,0.0,0.0,0.0,-0.0003399959842704585,-0.00020244884816251584,-0.7057338858582808,0.7084769056000103,0,0,0,,0.523957371711731,0.0014564990997314453,0.0,False,False,2,False
34.950215499,630,34,950215499,map,6.363202095031738,0.43863052129745483,-1.1176490783691406,-6.980896432651207e-05,0.0,0.0,0.0,-0.0002620476457326359,-0.0003638941541883006,-0.7057664618949794,0.7084444227858093,0,0,0,,0.5419257879257202,-0.007968902587890625,0.0,False,False,2,False
35.0002155,631,35,215500,map,6.303308963775635,-0.46279799938201904,1.1960411071777344,-4.4250486098462716e-05,0.0,0.0,0.0,-0.0003269125534934645,-0.0003037378661253276,-0.7056406834289614,0.7085697049418634,0,0,0,,0.5297849178314209,0.007530152797698975,0.0,False,False,2,False
35.0002155,632,35,50215501,map,6.363170623779297,0.32964301109313965,-1.1961078643798828,2.689361645025201e-05,0.0,0.0,0.0,-0.00033545401946272977,-0.0003812926324333409,-0.705744755480119,0.7084660063819831,0,0,0,,0.536693811416626,-0.004603713750839233,0.0,False,False,2,False
35.100215502,633,35,100215502,map,6.306332588195801,0.2643454670906067,1.1383056640625,-8.277893357444555e-05,0.0,0.0,0.0,-0.00024452947241420677,-0.0004736138721829698,-0.7054172244048567,0.7087921101480924,0,0,0,,0.5422195196151733,-0.006870299577713013,0.0,False,False,2,False
35.150215502,634,35,150215502,map,6.369419574737549,0.18822930753231049,-1.2603569030761719,-2.880096508306451e-05,0.0,0.0,0.0,-0.0002252055200373201,-0.0005761059359193953,-0.705261874110824,0.7089466173909801,0,0,0,,0.5393645763397217,-0.006776988506317139,0.0,False,False,2,False
35.200215503,635,35,200215503,map,6.314727783203125,-0.08989892899990082,1.0931587219238281,-1.9264218281023204e-05,0.0,0.0,0.0,-0.00025123069561631533,-0.0005472907500639189,-0.7048968930007468,0.7093095287629134,0,0,0,,0.531281590461731,-0.0015469491481781006,0.0,False,False,2,False
35.200215503,636,35,250215504,map,6.379143714904785,0.40543824434280396,-1.2846565246582031,1.3923643564339727e-05,0.0,0.0,0.0,-0.00023338095603199095,-0.0006381985307993743,-0.7047078440972867,0.7094972816746511,0,0,0,,0.5475544929504395,-0.010207056999206543,0.0,False,False,2,False
35.300215505,637,35,300215505,map,6.3263630867004395,-0.0047491490840911865,1.0556221008300781,8.316040475619957e-05,0.0,0.0,0.0,-0.00022565444716479534,-0.0006338459543788111,-0.704240940537612,0.7099607348227621,0,0,0,,0.5368068218231201,-0.00456923246383667,0.0,False,False,2,False
35.350215505,638,35,350215505,map,6.39207124710083,-0.2633700370788574,-1.3167762756347656,3.967285010730848e-05,0.0,0.0,0.0,-0.00036534007917851435,-0.0005613523997066737,-0.7042195894562818,0.7099819161331756,0,0,0,,0.5378389358520508,0.0028069019317626953,0.0,False,False,2,False
35.400215506,639,35,400215506,map,6.340368270874023,0.30551040172576904,1.0371112823486328,-7.495879981433973e-05,0.0,0.0,0.0,-0.00034085122272467836,-0.000565145077957001,-0.703905740033703,0.7102930899136566,0,0,0,,0.553227424621582,-0.0066977739334106445,0.0,False,False,2,False
35.400215506,640,35,450215507,map,6.407593250274658,-0.1334841549396515,-1.345968246459961,1.2207030522404239e-05,0.0,0.0,0.0,-0.0004045716198935529,-0.0005640077415435107,-0.7038896623368176,0.7103089901391032,0,0,0,,0.5348453521728516,0.0004736781120300293,0.0,False,False,2,False
35.500215508,641,35,500215508,map,6.3567962646484375,-0.14854803681373596,1.0145854949951172,5.130767385708168e-05,0.0,0.0,0.0,-0.00045857185515981754,-0.0004864070196862595,-0.7037281535810309,0.7104690274582686,0,0,0,,0.5435291528701782,0.002454817295074463,0.0,False,False,2,False
35.550215508,642,35,550215508,map,6.424777984619141,0.3044910728931427,-1.356658935546875,-4.272460500942543e-05,0.0,0.0,0.0,-0.00044390299589513706,-0.0005573174039693584,-0.7037508061209556,0.710446546357674,0,0,0,,0.5591814517974854,-0.005486041307449341,0.0,False,False,2,False
35.600215509,643,35,600215509,map,6.375967025756836,-1.3881895542144775,0.9683036804199219,-4.081725637661293e-05,0.0,0.0,0.0,-0.0007456109915573964,-0.00023274758170137912,-0.7040274553419863,0.7101723255784472,0,0,0,,0.5589491128921509,0.028096139430999756,0.0,False,False,2,False
35.600215509,644,35,650215510,map,6.4469685554504395,0.4132753908634186,-1.4192485809326172,-2.7465821403893642e-05,0.0,0.0,0.0,-0.000797626808444466,-0.0002442587833949,-0.7046131376445056,0.7095911713006906,0,0,0,,0.5550684928894043,0.001894533634185791,0.0,False,False,2,False
35.65021551,645,35,700215511,map,6.402031898498535,0.6485554575920105,0.9026718139648438,6.332397606456652e-05,0.0,0.0,0.0,-0.0005519683309872512,-0.000472498994314147,-0.7045025567465912,0.7097010776469047,0,0,0,,0.5645593404769897,-0.010225474834442139,0.0,False,False,2,False
35.700215511,646,35,750215511,map,6.474039554595947,-0.20383425056934357,-1.4417743682861328,-4.806518700206652e-05,0.0,0.0,0.0,-0.000529125519580835,-0.0005617778971977154,-0.7045741680277422,0.709629936079217,0,0,0,,0.5432066917419434,0.0021480321884155273,0.0,False,False,2,False
35.800215512,647,35,800215512,map,6.430761814117432,0.04767470061779022,0.8659172058105469,-4.5013424823991954e-05,0.0,0.0,0.0,-0.0005108834348315819,-0.0005619888587594773,-0.7044162999596931,0.7097866577484632,0,0,0,,0.5846495628356934,-0.000637352466583252,0.0,False,False,2,False
35.850215513,648,35,850215513,map,6.507182598114014,0.19769161939620972,-1.5268802642822266,3.242489583499264e-06,0.0,0.0,0.0,-0.0005009620706561031,-0.0006432183859004213,-0.704437968731196,0.7097650903763711,0,0,0,,0.5911035537719727,-0.003882467746734619,0.0,False,False,2,False
35.850215513,649,35,900215514,map,6.469557762145996,0.25807374715805054,0.7550621032714844,-3.376007225597277e-05,0.0,0.0,0.0,-0.00042547602596687475,-0.0007166523237684746,-0.7040849071284578,0.7101153067872209,0,0,0,,0.5557621717453003,-0.006959736347198486,0.0,False,False,2,False
35.950215514,650,35,950215514,map,6.547098636627197,-0.26407742500305176,-1.5534591674804688,9.975433204090223e-05,0.0,0.0,0.0,-0.0005235812708501186,-0.0006940842812713427,-0.7040878142719367,0.7101123811788035,0,0,0,,0.5776317119598389,0.0029195547103881836,0.0,False,False,2,False
36.000215515,651,36,215515,map,6.510879993438721,0.4895970821380615,0.7295894622802734,-4.596710277837701e-05,0.0,0.0,0.0,-0.00044720418011527576,-0.0007600905003185042,-0.7037301363245217,0.7104668306821387,0,0,0,,0.5762268304824829,-0.010166734457015991,0.0,False,False,2,False
36.050215516,652,36,50215516,map,6.590564250946045,-0.8405342102050781,-1.6014957427978516,1.7547608877066523e-05,0.0,0.0,0.0,-0.0006693316841600211,-0.0006091816393767708,-0.703913414224302,0.7102852146623305,0,0,0,,0.5940845012664795,0.01425790786743164,0.0,False,False,2,False
36.100215516,653,36,100215516,map,6.558488845825195,-0.5424991846084595,0.6394004821777344,-4.234314110362902e-05,0.0,0.0,0.0,-0.0008913767976383519,-0.00038167757412767,-0.704237579720645,0.7099637251851972,0,0,0,,0.5874423980712891,0.015829622745513916,0.0,False,False,2,False
36.150215517,654,36,150215517,map,6.640981197357178,-1.0551236867904663,-1.6475868225097656,-6.656646291958168e-05,0.0,0.0,0.0,-0.0012249416907585211,-0.00012191265592043435,-0.7052634226465061,0.7089442780163292,0,0,0,,0.5946500301361084,0.029982388019561768,0.0,False,False,2,False
36.200215518,655,36,200215518,map,6.611311912536621,1.1323893070220947,0.5912876129150391,0.0001241683930857107,0.0,0.0,0.0,-0.0009795908989578906,-0.0003586919954172135,-0.7056268842048061,0.7085828194566534,0,0,0,,0.5655466318130493,-0.009976893663406372,0.0,False,False,2,False
36.250215519,656,36,250215519,map,6.692851543426514,-0.17615577578544617,-1.6311073303222656,9.765624417923391e-05,0.0,0.0,0.0,-0.0008596356007310272,-0.0005414289378091288,-0.7059429231940816,0.7082679980583156,0,0,0,,0.5872335433959961,0.0043416619300842285,0.0,False,False,2,False
36.250215519,657,36,300215519,map,6.66348934173584,-0.1255798041820526,0.5871677398681641,-4.367828296381049e-05,0.0,0.0,0.0,-0.0008236227048649795,-0.0005556586140490322,-0.7060402820267803,0.7081709772679825,0,0,0,,0.5725729465484619,0.005029499530792236,0.0,False,False,2,False
36.35021552,658,36,350215520,map,6.740028381347656,1.5525398254394531,-1.5216255187988281,9.15527380129788e-06,0.0,0.0,0.0,-0.0004458819700099667,-0.0009706691589875911,-0.7057328251948822,0.7084772674074323,0,0,0,,0.5297560691833496,-0.029330551624298096,0.0,False,False,2,False
36.400215521,659,36,400215521,map,6.703494071960449,-0.87569659948349,0.7233333587646484,-3.376007225597277e-05,0.0,0.0,0.0,-0.00047721031248305825,-0.0008783048499257948,-0.7052926222534355,0.7089155928922575,0,0,0,,0.5495586395263672,0.008136272430419922,0.0,False,False,2,False
36.450215522,660,36,450215522,map,6.771827220916748,0.8615214228630066,-1.3595199584960938,1.2588499885168858e-05,0.0,0.0,0.0,-0.00038357188848807085,-0.0009669384751077711,-0.7050002853366516,0.7092062574299747,0,0,0,,0.5047705173492432,-0.017273366451263428,0.0,False,False,2,False
36.500215522,661,36,500215522,map,6.725127220153809,-0.9806478023529053,0.9262847900390625,4.1770937968976796e-05,0.0,0.0,0.0,-0.0005427308008750229,-0.0007037045136870034,-0.7047840210377554,0.7094213796701422,0,0,0,,0.5137364864349365,0.013780653476715088,0.0,False,False,2,False
36.550215523,662,36,550215523,map,6.783151626586914,0.05409557372331619,-1.1602592468261719,2.403259713901207e-05,0.0,0.0,0.0,-0.0006429364966268172,-0.0005606030179130932,-0.7050248528427674,0.7091820846799162,0,0,0,,0.5040566921234131,0.0024243593215942383,0.0,False,False,2,False
36.600215524,663,36,600215524,map,6.72865104675293,-0.9649458527565002,1.0889720916748047,-9.212493750965223e-05,0.0,0.0,0.0,-0.0008259746893290185,-0.00024932944009627535,-0.7053885063452516,0.7088203656192856,0,0,0,,0.5116294622421265,0.02190941572189331,0.0,False,False,2,False
36.650215525,664,36,650215525,map,6.779383182525635,-0.19321393966674805,-1.0140323638916016,-4.1770937968976796e-05,0.0,0.0,0.0,-0.0009149259189932597,-0.00010803126406719907,-0.706173628694625,0.7080381044661894,0,0,0,,0.4901468753814697,0.013124644756317139,0.0,False,False,2,False
36.700215525,665,36,700215525,map,6.717772960662842,-0.03423422574996948,1.2323474884033203,1.2969971976417582e-05,0.0,0.0,0.0,-0.0008177233228674513,-7.561725126569308e-05,-0.7066285339591801,0.7075842286295663,0,0,0,,0.4709128141403198,0.008412182331085205,0.0,False,False,2,False
36.750215526,666,36,750215526,map,6.758681774139404,-1.232663631439209,-0.8074283599853516,5.149840944795869e-06,0.0,0.0,0.0,-0.0010058540070492594,0.00017517401531211497,-0.7076822003812793,0.706530155644677,0,0,0,,0.4919177293777466,0.03202402591705322,0.0,False,False,2,False
36.800215527,667,36,800215527,map,6.686899185180664,1.3128433227539062,1.4245986938476562,6.961822509765625e-05,0.0,0.0,0.0,-0.0006402689137739484,-5.295998905788902e-05,-0.7080230845473658,0.706188996656696,0,0,0,,0.4092003107070923,-0.013331443071365356,0.0,False,False,2,False
36.800215527,668,36,850215528,map,6.7159881591796875,-1.2406110763549805,-0.57159423828125,1.6403195331804454e-05,0.0,0.0,0.0,-0.0006829389973829058,6.794362866626672e-05,-0.7087046931901639,0.7055049162324984,0,0,0,,0.46486687660217285,0.0258939266204834,0.0,False,False,2,False
36.850215528,669,36,900215528,map,6.635051250457764,-0.8737386465072632,1.6330909729003906,-9.460448927711695e-05,0.0,0.0,0.0,-0.0008497704855414329,0.0003875928990657968,-0.7096113595677953,0.7045926809399965,0,0,0,,0.44921112060546875,0.029437661170959473,0.0,False,False,2,False
36.950215529,670,36,950215529,map,6.658709526062012,0.22161707282066345,-0.4773902893066406,2.28881845032447e-06,0.0,0.0,0.0,-0.0007580228328790206,0.0003618111722457119,-0.7106472470352263,0.7035479974922213,0,0,0,,0.399763822555542,0.009976208209991455,0.0,False,False,2,False
37.00021553,671,37,215530,map,6.565073013305664,-1.1033706665039062,1.8976306915283203,-1.3923643564339727e-05,0.0,0.0,0.0,-0.000810689346233113,0.0005712151502573753,-0.7116255041885727,0.7025582952925654,0,0,0,,0.38110482692718506,0.03313708305358887,0.0,False,False,2,False
37.050215531,672,37,50215531,map,6.565938949584961,2.456951856613159,-0.05942344665527344,0.0002428054722258821,0.0,0.0,0.0,-0.00015360588816315892,1.4568220768935319e-05,-0.7119087153539466,0.7022719965911294,0,0,0,,0.2399812936782837,-0.04016256332397461,0.0,False,False,2,False
37.050215531,673,37,100215531,map,6.435235977172852,-3.874708414077759,2.7032470703125,-4.4059761421522126e-05,0.0,0.0,0.0,-0.0004655591589386352,0.0005869726516928758,-0.7124839483203503,0.7016880090920894,0,0,0,,0.4102669954299927,0.23363447189331055,0.0,False,False,2,False
37.150215532,674,37,150215532,map,6.420236110687256,2.0063350200653076,0.23935317993164062,-0.00026645659818314016,0.0,0.0,0.0,-0.0004633404371367138,0.0007717039014581799,-0.7139277991490303,0.7002187425304678,0,0,0,,0.2282273769378662,-0.04942882061004639,0.0,False,False,2,False
37.150215532,675,37,200215533,map,6.276996612548828,-3.3117165565490723,2.98553466796875,3.0708310077898204e-05,0.0,0.0,0.0,-0.000593001413365544,0.0011718497215050735,-0.7150516892188435,0.6990703518694183,0,0,0,,0.35816681385040283,0.2760048508644104,0.0,False,False,2,False
37.250215534,676,37,250215534,map,6.254823684692383,2.1593401432037354,0.35552024841308594,-0.00014038085646461695,0.0,0.0,0.0,-0.0004153804018270993,0.0011475353725536183,-0.7167244938935288,0.6973553688577695,0,0,0,,0.3648803234100342,-0.05378079414367676,0.0,False,False,2,False
37.300215534,677,37,300215534,map,6.121497631072998,-2.433558940887451,2.7725791931152344,0.0002075195370707661,0.0,0.0,0.0,-0.00038460803242488676,0.0012835193856005275,-0.7178074254636517,0.6962404071898531,0,0,0,,0.4462275505065918,0.07697480916976929,0.0,False,False,2,False
37.300215534,678,37,350215535,map,6.118380546569824,-2.4379706382751465,0.21604537963867188,-0.0007017134921625257,0.0,0.0,0.0,-0.001056956635803103,0.0019966132058488466,-0.7205283263635845,0.6934218249277045,0,0,0,,0.8024777173995972,0.0860527753829956,0.0,False,False,2,False
37.350215535,679,37,400215536,map,6.019224643707275,-4.045987606048584,2.357635498046875,-0.0013883588835597038,0.0,0.0,0.0,-0.0020214889388403996,0.003008704317632354,-0.7244784962095815,0.6892878715099391,0,0,0,,0.8817548751831055,0.14990556240081787,0.0,False,False,2,False
37.400215536,680,37,450215537,map,6.08573579788208,-4.319789409637451,-0.7970237731933594,-0.0022764205932617188,0.0,0.0,0.0,-0.0031886285470347766,0.004011501353650682,-0.7304276648941677,0.6829708389544406,0,0,0,,0.8967640399932861,0.17369478940963745,0.0,False,False,2,False
37.500215537,681,37,500215537,map,6.0680131912231445,-4.403587341308594,1.074380874633789,-0.0015808104071766138,0.0,0.0,0.0,-0.004206856115643272,0.004812742273995062,-0.7374484055237395,0.6753732220512748,0,0,0,,0.8827157020568848,0.19635707139968872,0.0,False,False,2,False
37.550215538,682,37,550215538,map,6.209480285644531,-4.839322566986084,-1.9169139862060547,-0.0007469177944585681,0.0,0.0,0.0,-0.005155137833124919,0.005369352390179542,-0.745753571449329,0.6661803098856961,0,0,0,,0.8835322856903076,0.21457648277282715,0.0,False,False,2,False
37.600215539,683,37,600215539,map,6.269021034240723,-3.085470199584961,-0.5099678039550781,0.0019767761696130037,0.0,0.0,0.0,-0.0055721389422035425,0.0053234980466804905,-0.754005213941671,0.6568232250651087,0,0,0,,0.9210548400878906,0.18473100662231445,0.0,False,False,2,False
37.65021554,684,37,650215540,map,6.483381748199463,-4.003438949584961,-3.4012699127197266,0.0024803164415061474,0.0,0.0,0.0,-0.005919286373354262,0.005043543390554101,-0.7623429874949392,0.6471264900590832,0,0,0,,0.9251002073287964,0.18578654527664185,0.0,False,False,2,False
37.70021554,685,37,700215540,map,6.6070051193237305,-5.434327125549316,-1.0039520263671875,-0.0005229951348155737,0.0,0.0,0.0,-0.006568738985950505,0.005254487126154513,-0.7710898660419212,0.6366707630483966,0,0,0,,0.9338893890380859,0.21937555074691772,0.0,False,False,2,False
37.750215541,686,37,750215541,map,6.879366397857666,-6.716561317443848,-3.5143470764160156,-0.002819633577018976,0.0,0.0,0.0,-0.007528434574179221,0.005812303053864049,-0.7809410707086109,0.6245322921087114,0,0,0,,0.9452450275421143,0.24155688285827637,0.0,False,False,2,False
37.800215542,687,37,800215542,map,7.048515319824219,-5.771632194519043,-1.4591789245605469,-0.0015584944048896432,0.0,0.0,0.0,-0.008240037319680295,0.00628532671635044,-0.7914150314548487,0.6111913321050617,0,0,0,,0.9518027305603027,0.2365819215774536,0.0,False,False,2,False
37.850215543,688,37,850215543,map,7.321514129638672,-6.128597259521484,-3.385772705078125,0.0009401323040947318,0.0,0.0,0.0,-0.008687305597394435,0.006529957892865675,-0.801996065725932,0.5972304420669641,0,0,0,,0.9367334842681885,0.22853195667266846,0.0,False,False,2,False
37.900215543,689,37,900215543,map,7.475424289703369,-7.000060081481934,-0.20296096801757812,-0.000564956571906805,0.0,0.0,0.0,-0.009153331797186153,0.007215006883128854,-0.8129810191307968,0.582173533171801,0,0,0,,0.9287546873092651,0.25791752338409424,0.0,False,False,2,False
37.950215544,690,37,950215544,map,7.7083306312561035,-8.229923248291016,-1.0437583923339844,-0.0026266102213412523,0.0,0.0,0.0,-0.009708148428573407,0.008287804109188309,-0.8246218560133917,0.5655403245942466,0,0,0,,0.9196748733520508,0.28059297800064087,0.0,False,False,2,False
38.000215545,691,38,215545,map,7.88226318359375,-5.803537368774414,-0.7522201538085938,0.00209217076189816,0.0,0.0,0.0,-0.009733694728816234,0.008715656001684575,-0.8359872780043167,0.5485932587466965,0,0,0,,0.9403681755065918,0.23370593786239624,0.0,False,False,2,False
38.050215546,692,38,50215546,map,8.116772651672363,-7.689824104309082,-0.8441066741943359,0.002490997314453125,0.0,0.0,0.0,-0.009768587594411415,0.009184597433823475,-0.8470173829385397,0.5313960583842677,0,0,0,,0.929547905921936,0.24977529048919678,0.0,False,False,2,False
38.100215546,693,38,100215546,map,8.234604835510254,-9.251346588134766,3.363523483276367,-0.004647445864975452,0.0,0.0,0.0,-0.01015827469265221,0.010679860858182101,-0.8586607736891044,0.5123323391656504,0,0,0,,0.8711673021316528,0.33974796533584595,0.0,False,False,2,False
38.150215547,694,38,150215547,map,8.408024787902832,-9.828758239746094,3.1017208099365234,-0.009611128829419613,0.0,0.0,0.0,-0.010672702954584072,0.0127843442953188,-0.8713439843347243,0.4903899620875921,0,0,0,,0.9136989116668701,0.3479948043823242,0.0,False,False,2,False
38.200215548,695,38,200215548,map,8.529444694519043,-9.360008239746094,4.819746017456055,-0.005915642250329256,0.0,0.0,0.0,-0.010953024994740575,0.014805328675409039,-0.8845496645859788,0.46608231501217695,0,0,0,,0.8937985897064209,0.36499035358428955,0.0,False,False,2,False
38.250215549,696,38,250215549,map,8.676861763000488,-10.154848098754883,5.761852264404297,-0.004144287668168545,0.0,0.0,0.0,-0.011103658662804723,0.01689640660343517,-0.8980595234465419,0.43940904924132057,0,0,0,,0.9126940965652466,0.3997652530670166,0.0,False,False,2,False
38.300215549,697,38,300215549,map,8.763415336608887,-9.914464950561523,8.492212295532227,-0.005857658106833696,0.0,0.0,0.0,-0.011125887743804984,0.019307085863014776,-0.9118765052065848,0.4098593543029312,0,0,0,,0.8992244005203247,0.4532665014266968,0.0,False,False,2,False
38.35021555,698,38,350215550,map,8.90794563293457,-9.594268798828125,7.675323486328125,-0.0017253868281841278,0.0,0.0,0.0,-0.010873910211800166,0.021341847609773597,-0.9254716619573303,0.378058840038484,0,0,0,,0.9204463958740234,0.4297958016395569,0.0,False,False,2,False
38.400215551,699,38,400215551,map,9.004573822021484,-9.132728576660156,10.24271011352539,0.0004117959178984165,0.0,0.0,0.0,-0.010438624265637039,0.023359962296484234,-0.938572005903836,0.3441336034429029,0,0,0,,0.9137223958969116,0.4715389013290405,0.0,False,False,2,False
38.400215551,700,38,450215552,map,9.116917610168457,-8.754997253417969,11.03358268737793,-0.0010730745270848274,0.0,0.0,0.0,-0.009829605542892883,0.025380225119708836,-0.9509929973568134,0.3080122432729711,0,0,0,,0.9267904758453369,0.48181867599487305,0.0,False,False,2,False
38.500215552,701,38,500215552,map,9.240633010864258,-7.979736328125,11.297712326049805,0.00311889685690403,0.0,0.0,0.0,-0.009025912989591113,0.027016386664896763,-0.9623478987270185,0.2703241934455167,0,0,0,,0.9700950384140015,0.4670778512954712,0.0,False,False,2,False
38.500215552,702,38,550215553,map,9.366584777832031,-7.370433807373047,12.440862655639648,0.004085542168468237,0.0,0.0,0.0,-0.008104699790992037,0.028483547412288035,-0.9724128419181105,0.231379053159213,0,0,0,,0.9446454048156738,0.4760245680809021,0.0,False,False,2,False
38.550215553,703,38,600215554,map,9.531244277954102,-6.799583435058594,11.383318901062012,0.009474563412368298,0.0,0.0,0.0,-0.007093523404068418,0.029284939821923754,-0.9808968731928148,0.19218063998722992,0,0,0,,0.9517054557800293,0.42474067211151123,0.0,False,False,2,False
38.650215554,704,38,650215554,map,9.65849494934082,-5.5918121337890625,13.631863594055176,0.0055778492242097855,0.0,0.0,0.0,-0.006033513037454603,0.030194831188253793,-0.9878039275643667,0.15262787942689546,0,0,0,,0.8918507099151611,0.45352405309677124,0.0,False,False,2,False
38.700215555,705,38,700215555,map,9.781949996948242,-4.47845458984375,14.03465747833252,-0.00010681105777621269,0.0,0.0,0.0,-0.004873095346780051,0.0311648872861079,-0.99315107328603,0.11249865942753261,0,0,0,,0.8862485885620117,0.447182834148407,0.0,False,False,2,False
38.750215556,706,38,750215556,map,9.944986343383789,-4.155330657958984,12.512414932250977,0.008015249855816364,0.0,0.0,0.0,-0.003714497501053454,0.03139653184414837,-0.9968290582773672,0.07302252303455127,0,0,0,,0.8942949771881104,0.3835607171058655,0.0,False,False,2,False
38.800215557,707,38,800215557,map,10.178312301635742,-4.813709259033203,7.650923728942871,0.029422949999570847,0.0,0.0,0.0,-0.002820283609739429,0.029668535951578104,-0.998859741805517,0.0372966509899565,0,0,0,,0.932337760925293,0.21715670824050903,0.0,False,False,2,False
38.850215557,708,38,850215557,map,10.162440299987793,0.32093048095703125,1.1891896724700928,0.05737781152129173,0.0,0.0,0.0,-0.0019232621437190482,0.02473078048829143,-0.9996339015987581,0.010805199378587456,0,0,0,,0.9552730321884155,0.056124210357666016,0.0,False,False,0,False
38.900215558,709,38,900215558,map,10.16779613494873,-0.0283050537109375,4.594670295715332,0.023757368326187134,0.0,0.0,0.0,0.0011692029280205342,-0.020181083414163803,0.9997690954701239,0.0072878377859204105,0,0,0,,0.9544601440429688,0.0818091630935669,0.0,False,False,0,False
38.950215559,710,38,950215559,map,10.515949249267578,-6.906642913818359,1.8527835607528687,-0.010766219347715378,0.0,0.0,0.0,0.0013227154781364921,-0.016206732801172137,0.9996848425551794,0.019126102611384633,0,0,0,,0.937861442565918,0.01574498414993286,0.0,False,False,0,False
38.950215559,711,39,215560,map,10.90274715423584,-7.709789276123047,0.8408451080322266,-0.019963648170232773,0.0,0.0,0.0,0.0024080154302937415,-0.01246298810170691,0.999602578634045,0.02517062131596971,0,0,0,,0.9267699718475342,-0.01597079634666443,0.0,False,False,3,False
39.05021556,712,39,50215560,map,11.23904037475586,-6.734352111816406,-0.0944221019744873,-0.022924229502677917,0.0,0.0,0.0,0.0034958162602926343,-0.009072723596360091,0.9995942726782272,0.026772280143918286,0,0,0,,0.9157928228378296,-0.03592464327812195,0.0,False,False,3,False
39.05021556,713,39,100215561,map,11.535823822021484,-5.9693145751953125,-0.8582031726837158,-0.021091844886541367,0.0,0.0,0.0,0.004276854343303031,-0.006081500206901739,0.9996540484740283,0.02522909514122071,0,0,0,,0.9172303676605225,-0.04754900932312012,0.0,False,False,3,False
39.150215562,714,39,150215562,map,11.802589416503906,-5.371341705322266,-1.127411127090454,-0.01654949225485325,0.0,0.0,0.0,0.004714056061702893,-0.0036123199665185277,0.9997454393234663,0.02176661139993478,0,0,0,,0.9192477464675903,-0.04798439145088196,0.0,False,False,3,False
39.200215563,715,39,200215563,map,12.045595169067383,-4.897003173828125,-1.497415542602539,-0.011225319467484951,0.0,0.0,0.0,0.004873895637340256,-0.0016143092998784634,0.9998378025884433,0.017262898421573736,0,0,0,,0.9207901954650879,-0.047848284244537354,0.0,False,False,3,False
39.250215563,716,39,250215563,map,12.271303176879883,-4.538421630859375,-1.3571614027023315,-0.006388854701071978,0.0,0.0,0.0,0.004846208411376978,-0.00014401175294963522,0.9999106277305208,0.012459136254345879,0,0,0,,0.9219789505004883,-0.039480060338974,0.0,False,False,3,False
39.250215563,717,39,300215564,map,12.482305526733398,-4.238872528076172,-1.7068697214126587,-0.0026082992553710938,0.0,0.0,0.0,0.004709139269397902,0.0009961050084421321,0.9999590020287709,0.007669813803372638,0,0,0,,0.9190769195556641,-0.038426876068115234,0.0,False,False,3,False
39.350215565,718,39,350215565,map,12.682952880859375,-4.01947021484375,-1.496490240097046,-0.0002435687929391861,0.0,0.0,0.0,0.004521013614359505,0.0017852570373406667,0.9999831796167679,0.003164455205597305,0,0,0,,0.920690655708313,-0.030423909425735474,0.0,False,False,3,False
39.350215565,719,39,400215566,map,12.875701904296875,-3.8534164428710938,-1.2987391948699951,0.0011877063661813736,0.0,0.0,0.0,-0.00432186783712326,-0.0022330812486072165,-0.9999878664822917,0.000775689841251859,0,0,0,,0.9221526384353638,-0.022552043199539185,0.0,False,False,3,False
39.450215566,720,39,450215566,map,13.062642097473145,-3.7326431274414062,-1.0808671712875366,0.0018833158537745476,0.0,0.0,0.0,-0.0041356803127972725,-0.0024059517859028436,-0.9999805650454971,0.003997133428152725,0,0,0,,0.9260025024414062,-0.01515871286392212,0.0,False,False,3,False
39.500215567,721,39,500215567,map,13.245593070983887,-3.6510276794433594,-0.8664243221282959,0.0018543243641033769,0.0,0.0,0.0,-0.003975596254361333,-0.00237479576807811,-0.9999684810038729,0.0064491843119550245,0,0,0,,0.9307925701141357,-0.008841931819915771,0.0,False,False,3,False
39.550215568,722,39,550215568,map,13.425740242004395,-3.591022491455078,-0.9624260663986206,0.001459312392398715,0.0,0.0,0.0,-0.0038446682082495815,-0.0023020037626140075,-0.9999553315234969,0.00832191461015146,0,0,0,,0.9340909719467163,-0.008499205112457275,0.0,False,False,3,False
39.600215569,723,39,600215569,map,13.604464530944824,-3.5759925842285156,0.081462562084198,0.001301574637182057,0.0,0.0,0.0,-0.0037464443089769324,-0.0018915657223389072,-0.9999480567985076,0.009288155847450554,0,0,0,,0.9399532079696655,0.007934093475341797,0.0,False,False,3,False
39.650215569,724,39,650215569,map,13.78261661529541,-3.5581016540527344,-0.36696940660476685,0.0007648468017578125,0.0,0.0,0.0,-0.003675508518766692,-0.0015143462319214664,-0.9999463801575138,0.009562123326077645,0,0,0,,0.9420593976974487,0.0031937360763549805,0.0,False,False,3,False
39.650215569,725,39,700215570,map,13.960433959960938,-3.557300567626953,0.03744930028915405,0.0003368377801962197,0.0,0.0,0.0,-0.0036269980668922367,-0.0011316650650098389,-0.9999490158247999,0.009355745305277392,0,0,0,,0.94523024559021,0.007938027381896973,0.0,False,False,3,False
39.70021557,726,39,750215571,map,14.138350486755371,-3.5595703125,0.0592273473739624,7.076265319483355e-05,0.0,0.0,0.0,-0.0035957405460583574,-0.0007710087062439693,-0.9999546074424325,0.008789724122570546,0,0,0,,0.9481253623962402,0.007489562034606934,0.0,False,False,3,False
39.800215572,727,39,800215572,map,14.316375732421875,-3.567371368408203,0.48865586519241333,-7.057191396597773e-05,0.0,0.0,0.0,-0.003577805050598879,-0.0003428259604139182,-0.9999627853882076,0.007842806897926512,0,0,0,,0.9509645700454712,0.012686312198638916,0.0,False,False,3,False
39.850215572,728,39,850215572,map,14.494813919067383,-3.5764122009277344,0.6609666347503662,-0.0001796722353901714,0.0,0.0,0.0,-0.003569190426102572,0.00011875759276373508,-0.9999725184570827,0.006496853618136067,0,0,0,,0.9534790515899658,0.01472783088684082,0.0,False,False,3,False
39.900215573,729,39,900215573,map,14.673646926879883,-3.5843467712402344,0.8955092430114746,-0.00017509459576103836,0.0,0.0,0.0,-0.0035664977982752667,0.0005904183294909704,-0.9999820470010089,0.0047788257263896615,0,0,0,,0.9553776979446411,0.017343103885650635,0.0,False,False,3,False
39.900215573,730,39,950215574,map,14.852952003479004,-3.5914993286132812,1.0679666996002197,-0.00026988983154296875,0.0,0.0,0.0,-0.00356687110169214,0.0010501961889774708,-0.9999893703755542,0.0027264728884347452,0,0,0,,0.9573732614517212,0.018943846225738525,0.0,False,False,3,False
40.000215575,731,40,215575,map,15.033201217651367,-3.6064910888671875,0.9150820374488831,-0.00017642973398324102,0.0,0.0,0.0,-0.00356977957510332,0.001380145405011732,-0.9999925176587279,0.0005625824431463091,0,0,0,,0.9591667652130127,0.015192151069641113,0.0,False,False,3,False
40.000215575,732,40,50215575,map,15.213760375976562,-3.609180450439453,1.1349687576293945,-7.572176400572062e-05,0.0,0.0,0.0,0.003573486334049973,-0.001665784096087933,0.9999908801527408,0.0016416364129282302,0,0,0,,0.9598879814147949,0.016469597816467285,0.0,False,False,3,False
40.100215576,733,40,100215576,map,15.395037651062012,-3.620586395263672,0.9633426666259766,-9.536597644910216e-07,0.0,0.0,0.0,0.0035780627979811104,-0.0018464815439872045,0.9999848276066049,0.003759325619060208,0,0,0,,0.9608364105224609,0.01243603229522705,0.0,False,False,3,False
40.100215576,734,40,150215577,map,15.576940536499023,-3.634204864501953,0.5267833471298218,0.00022296904353424907,0.0,0.0,0.0,0.003584946073624468,-0.001798519645831685,0.9999771069094114,0.00544969226805218,0,0,0,,0.9608039855957031,0.00383681058883667,0.0,False,False,3,False
40.150215577,735,40,200215578,map,15.758733749389648,-3.6274147033691406,0.8881115913391113,0.00013256072998046875,0.0,0.0,0.0,0.0035914470659654065,-0.0017731303327600486,0.9999687237191998,0.006819758074169481,0,0,0,,0.9615848064422607,0.007342517375946045,0.0,False,False,3,False
40.250215578,736,40,250215578,map,15.782949447631836,-0.4798698425292969,0.38450121879577637,0.00045738217886537313,0.0,0.0,0.0,0.0033180408839992817,-0.001640373225573821,0.9999625832152451,0.007818692337381252,0,0,0,,0.9623653888702393,0.0002866387367248535,0.0,False,False,3,False
40.300215579,737,40,300215579,map,15.770294189453125,0.2510643005371094,-0.172346830368042,0.0011098860995844007,0.0,0.0,0.0,0.002714784617307185,-0.0012738113459884804,0.9999623750046641,0.008139774208657887,0,0,0,,0.961553692817688,-0.00879359245300293,0.0,False,False,0,False
40.35021558,738,40,350215580,map,15.95019817352295,-3.5990333557128906,-0.06040692329406738,0.0003179549821652472,0.0,0.0,0.0,0.0024007501282614905,-0.0008833235720323737,0.9999659294771253,0.007848313400858477,0,0,0,,0.9615375995635986,-0.008715838193893433,0.0,False,False,0,False
40.400215581,739,40,400215581,map,16.2308292388916,-5.616168975830078,-0.2956154942512512,-0.0010023117065429688,0.0,0.0,0.0,0.0028140401191776468,-0.0004848362333715631,0.9999710642680474,0.007051009761935399,0,0,0,,0.9609394073486328,-0.011714577674865723,0.0,False,False,4,False
40.450215581,740,40,450215581,map,16.47931480407715,-4.9756622314453125,-0.6234902143478394,-0.0011522292625159025,0.0,0.0,0.0,0.003329799271873603,-3.168227540109654e-05,0.9999778919964517,0.005755601738769014,0,0,0,,0.9612724781036377,-0.015323221683502197,0.0,False,False,4,False
40.500215582,741,40,500215582,map,16.703853607177734,-4.4910430908203125,-0.013637840747833252,-0.0007452011341229081,0.0,0.0,0.0,0.003708099344384623,0.00017518590870933132,0.9999831635410482,0.004460038518534766,0,0,0,,0.9628527164459229,-0.003957241773605347,0.0,False,False,4,False
40.550215583,742,40,550215583,map,16.909770965576172,-4.121894836425781,-0.4669933021068573,-0.0001636504748603329,0.0,0.0,0.0,0.003911852646321116,0.0003602791164509301,0.9999869139363994,0.0032771273683089306,0,0,0,,0.9627009630203247,-0.0075266361236572266,0.0,False,False,4,False
40.600215584,743,40,600215584,map,17.10142707824707,-3.8373184204101562,-0.7583080530166626,0.0001590728061273694,0.0,0.0,0.0,0.003973639964151734,0.0006462930739690692,0.9999899032172431,0.0019964854787578564,0,0,0,,0.9620468616485596,-0.010728955268859863,0.0,False,False,4,False
40.650215584,744,40,650215584,map,17.2824649810791,-3.6231231689453125,-0.7086687684059143,0.00035037999623455107,0.0,0.0,0.0,0.003941334650965664,0.0009113714701246079,0.9999916140321953,0.0006380818892609232,0,0,0,,0.9609432220458984,-0.009208142757415771,0.0,False,False,4,False
40.700215585,745,40,700215585,map,17.455217361450195,-3.4558868408203125,-0.7783952355384827,0.0003515243297442794,0.0,0.0,0.0,-0.003856351801696308,-0.0011327400585618304,-0.9999916495424765,0.000739118432920547,0,0,0,,0.9590206146240234,-0.009112417697906494,0.0,False,False,4,False
40.750215586,746,40,750215586,map,17.621427536010742,-3.3230209350585938,-0.8978534936904907,0.00027046201284974813,0.0,0.0,0.0,-0.003748142002795343,-0.0013438065486479367,-0.9999897433586715,0.002158423717648515,0,0,0,,0.9568976163864136,-0.01001584529876709,0.0,False,False,4,False
40.800215587,747,40,800215587,map,17.78292465209961,-3.2287216186523438,-0.40154749155044556,0.00024070737708825618,0.0,0.0,0.0,-0.003636849167913153,-0.00135769633203197,-0.9999868912940507,0.003338746600212301,0,0,0,,0.9552956819534302,-0.001646876335144043,0.0,False,False,4,False
40.850215587,748,40,850215587,map,17.94036293029785,-3.1484603881835938,-0.08292749524116516,0.0003057479625567794,0.0,0.0,0.0,-0.0035335540976777226,-0.001159841365497112,-0.9999852191621056,0.003966134233909672,0,0,0,,0.9535408020019531,0.00484853982925415,0.0,False,False,4,False
40.900215588,749,40,900215588,map,18.094539642333984,-3.0834197998046875,-0.04246026277542114,0.00025177001953125,0.0,0.0,0.0,-0.003442485297652673,-0.0009009319520679798,-0.9999855107019333,0.004039307216195171,0,0,0,,0.9521924257278442,0.0063498616218566895,0.0,False,False,4,False
40.950215589,750,40,950215589,map,18.246065139770508,-3.0304718017578125,-0.008950531482696533,-4.978181095793843e-05,0.0,0.0,0.0,-0.003364624971691961,-0.0006622265268030265,-0.9999872270889633,0.003713006026542612,0,0,0,,0.9500553607940674,0.0062882304191589355,0.0,False,False,4,False
41.00021559,751,41,215590,map,18.39531135559082,-2.9848861694335938,-0.013264566659927368,-0.00011100768460892141,0.0,0.0,0.0,-0.0032987596730025396,-0.00047258497678913017,-0.9999894060255067,0.0031753243635498796,0,0,0,,0.947749137878418,0.004788517951965332,0.0,False,False,4,False
41.00021559,752,41,50215590,map,18.542564392089844,-2.9446029663085938,-0.12605339288711548,-7.839204045012593e-05,0.0,0.0,0.0,-0.0032430071940336216,-0.0003696235551740769,-0.9999911475452256,0.002655393370070439,0,0,0,,0.9463313817977905,0.001225113868713379,0.0,False,False,4,False
41.05021559,753,41,100215591,map,18.687955856323242,-2.9092788696289062,0.38608789443969727,-8.678434824105352e-05,0.0,0.0,0.0,-0.0031961110642385183,-0.00015248711534237978,-0.9999928401884202,0.0020201964363765704,0,0,0,,0.9441108703613281,0.007183551788330078,0.0,False,False,4,False
41.150215592,754,41,150215592,map,18.831701278686523,-2.8759765625,0.4060181975364685,-0.0001295089750783518,0.0,0.0,0.0,-0.0031563747183547507,0.00011099611483631348,-0.9999942936891976,0.001198986047680993,0,0,0,,0.9412281513214111,0.006943643093109131,0.0,False,False,4,False
41.200215592,755,41,200215592,map,18.973752975463867,-2.84149169921875,0.2395142912864685,-3.871917215292342e-05,0.0,0.0,0.0,-0.0031214189589364805,0.00027895936952782377,-0.9999950154342252,0.0003847493423755072,0,0,0,,0.9352419376373291,0.003299415111541748,0.0,False,False,4,False
41.250215593,756,41,250215593,map,19.113847732543945,-2.8022003173828125,0.33396750688552856,-0.00012874603271484375,0.0,0.0,0.0,0.003089164595232091,-0.0004021371614934525,0.9999950875789538,0.0003466493435955671,0,0,0,,0.9326350688934326,0.0032721757888793945,0.0,False,False,4,False
41.250215593,757,41,300215594,map,19.25209617614746,-2.765045166015625,0.31684085726737976,1.9264218281023204e-05,0.0,0.0,0.0,0.0030586019731295793,-0.0004943423963591292,0.9999947205224756,0.0009795441496364095,0,0,0,,0.9291449785232544,0.0021776556968688965,0.0,False,False,4,False
41.350215595,758,41,350215595,map,19.388431549072266,-2.7266311645507812,0.11164635419845581,-1.354217511106981e-05,0.0,0.0,0.0,0.003028901477485753,-0.0004899697031695811,0.99999432431771,0.0013917679033197327,0,0,0,,0.9236690998077393,-0.0015518665313720703,0.0,False,False,4,False
41.400215595,759,41,400215595,map,19.522613525390625,-2.6836776733398438,-0.003905128687620163,3.356933666509576e-05,0.0,0.0,0.0,0.002999538346451553,-0.0004018224296603245,0.9999943033966945,0.0014948185852755316,0,0,0,,0.9186244010925293,-0.0038646161556243896,0.0,False,False,4,False
41.400215595,760,41,450215596,map,19.654375076293945,-2.6352691650390625,-0.1025107353925705,9.155272709904239e-05,0.0,0.0,0.0,0.002969159814631743,-0.00026560345587993314,0.9999947300152108,0.0012858797008363588,0,0,0,,0.9103070497512817,-0.005337834358215332,0.0,False,False,4,False
41.500215597,761,41,500215597,map,19.783266067504883,-2.57781982421875,-0.18296852707862854,-3.757476224564016e-05,0.0,0.0,0.0,0.002936451321613583,-0.00010757649042406708,0.9999953535601509,0.0008115041855611544,0,0,0,,0.9012787342071533,-0.005963921546936035,0.0,False,False,4,False
41.550215598,762,41,550215598,map,19.90837287902832,-2.5019073486328125,0.4940077066421509,-5.0163271225756034e-05,0.0,0.0,0.0,0.002898766423748818,-0.00018851449529973572,0.999995635449326,0.0005391639864052667,0,0,0,,0.8837130069732666,0.005448520183563232,0.0,False,False,4,False
41.600215598,763,41,600215598,map,20.028879165649414,-2.410125732421875,0.0038341060280799866,6.713867333019152e-05,0.0,0.0,0.0,0.0028541199881433692,-0.00022502607314976107,0.9999957941972697,0.00046362714709199,0,0,0,,0.8670904636383057,0.0001919269561767578,0.0,False,False,4,False
41.650215599,764,41,650215599,map,20.143896102905273,-2.3001861572265625,0.13086405396461487,2.7275082175037824e-05,0.0,0.0,0.0,0.002799990721628904,-0.000230401173244395,0.9999959334277065,0.0004899952122625001,0,0,0,,0.8528643846511841,0.0021692514419555664,0.0,False,False,4,False
41.7002156,765,41,700215600,map,20.253469467163086,-2.19146728515625,0.008354373276233673,1.373291524942033e-05,0.0,0.0,0.0,0.002736628432038761,-0.0002021004101521178,0.9999960711469089,0.0005724604752269528,0,0,0,,0.845882773399353,0.0005244612693786621,0.0,False,False,4,False
41.750215601,766,41,750215601,map,20.357614517211914,-2.083282470703125,-0.5869203209877014,1.6975400285446085e-05,0.0,0.0,0.0,0.0026661249242996656,3.695401851458897e-05,0.999996388934197,0.00033545618908484336,0,0,0,,0.8345096111297607,-0.008831769227981567,0.0,False,False,4,False
41.800215601,767,41,800215601,map,20.456403732299805,-1.9757461547851562,0.19166842103004456,3.814697265625e-05,0.0,0.0,0.0,0.002590718477332548,8.932102848341531e-05,0.9999966381750381,6.195277918528103e-05,0,0,0,,0.8147649765014648,0.0021248459815979004,0.0,False,False,4,False
41.800215601,768,41,850215602,map,20.549274444580078,-1.8574142456054688,-0.007424075156450272,-1.4114375517237931e-05,0.0,0.0,0.0,-0.0025101828301104362,-6.473725933797331e-05,-0.9999968451456634,6.70072145264823e-05,0,0,0,,0.8077178001403809,0.0005510449409484863,0.0,False,False,4,False
41.900215603,769,41,900215603,map,20.636144638061523,-1.7373275756835938,0.16237302124500275,9.517669241176918e-05,0.0,0.0,0.0,-0.0024256683546148685,5.794660197033876e-06,-0.9999970576946936,2.6484163007772647e-05,0,0,0,,0.7865884304046631,0.003360569477081299,0.0,False,False,4,False
41.900215603,770,41,950215604,map,20.71648597717285,-1.6066741943359375,0.1373233199119568,1.2016298569506034e-05,0.0,0.0,0.0,0.002336186219025834,-8.405821886562913e-05,0.9999972501923533,0.00018648296892495825,0,0,0,,0.7736697196960449,0.0032027363777160645,0.0,False,False,4,False
42.000215604,771,42,215604,map,20.789817810058594,-1.4661788940429688,0.31144869327545166,-4.692077709478326e-05,0.0,0.0,0.0,0.0022414886303754244,-0.00020293887389211736,0.9999972888264528,0.0005973979222577358,0,0,0,,0.749609112739563,0.005500197410583496,0.0,False,False,4,False
42.050215605,772,42,50215605,map,20.856117248535156,-1.3266372680664062,-0.5391234159469604,5.0544731493573636e-05,0.0,0.0,0.0,0.0021411408475585972,-4.870167711613657e-05,0.9999974397747031,0.0007304711195602744,0,0,0,,0.7484641075134277,-0.007789343595504761,0.0,False,False,4,False
42.100215606,773,42,100215606,map,20.916709899902344,-1.2118911743164062,-0.05504298955202103,2.517699613235891e-05,0.0,0.0,0.0,0.0020395352419233896,7.581723032699274e-05,0.9999977470507023,0.0005834734477231497,0,0,0,,0.7324961423873901,-0.002291470766067505,0.0,False,False,4,False
42.150215607,774,42,150215607,map,20.9709529876709,-1.0846328735351562,0.28782081604003906,5.7983415899798274e-05,0.0,0.0,0.0,0.0019376274757092811,1.2448961596006697e-06,0.9999979723860116,0.0005484724980417688,0,0,0,,0.71651291847229,0.003414750099182129,0.0,False,False,4,False
42.200215607,775,42,200215607,map,21.01943588256836,-0.96954345703125,0.11299755424261093,-5.3405892685987055e-06,0.0,0.0,0.0,0.001836183570987066,-8.562281852219218e-05,0.9999980966286274,0.000654093073562057,0,0,0,,0.7148772478103638,0.0017259716987609863,0.0,False,False,4,False
42.250215608,776,42,250215608,map,21.06278419494629,-0.866241455078125,0.38792186975479126,-3.242490492993966e-05,0.0,0.0,0.0,0.0017379099325141923,-0.00022831621235723005,0.9999979953350653,0.0009679187076089569,0,0,0,,0.701809287071228,0.005814731121063232,0.0,False,False,4,False
42.300215609,777,42,300215609,map,21.10169219970703,-0.7780838012695312,0.035935938358306885,3.4331969800405204e-06,0.0,0.0,0.0,0.001644250279240605,-0.00027143572146572396,0.999997723529512,0.0013325537370852303,0,0,0,,0.7025415897369385,0.0006252527236938477,0.0,False,False,4,False
42.35021561,778,42,350215610,map,21.137083053588867,-0.7078933715820312,-0.03700874745845795,-3.85284329240676e-05,0.0,0.0,0.0,0.0015581435118129175,-0.00021919967397132433,0.9999975570545626,0.001552425588073629,0,0,0,,0.698178768157959,-0.0014564692974090576,0.0,False,False,4,False
42.40021561,779,42,400215610,map,21.161157608032227,-0.48145294189453125,0.0296870619058609,9.5367431640625e-06,0.0,0.0,0.0,0.0014688594730803066,-0.00016912067022659396,0.99999756416757,0.0016387522613121714,0,0,0,,0.4643383026123047,-0.0010581910610198975,0.0,False,False,4,False
42.450215611,780,42,450215611,map,21.152645111083984,0.171966552734375,0.5631592273712158,7.438666216330603e-06,0.0,0.0,0.0,0.0013151132305620305,-0.0003130522653252727,0.9999972386617553,0.0019222758216144718,0,0,0,,0.3302440643310547,0.007036328315734863,0.0,False,False,4,False
42.500215612,781,42,500215612,map,21.1033935546875,0.9900283813476562,1.0204176902770996,8.106231689453125e-05,0.0,0.0,0.0,0.0010522005280765724,-0.0006852388233785761,0.999995320040726,0.0027898420115852213,0,0,0,,0.1387566328048706,0.015187740325927734,0.0,False,False,4,False
42.550215613,782,42,550215613,map,21.010831832885742,1.8547821044921875,0.522201657295227,-4.043580702273175e-05,0.0,0.0,0.0,0.000668236444681527,-0.0009259890552508474,0.9999913984477354,0.003987359385114423,0,0,0,,0.0786980390548706,0.008048951625823975,0.0,False,False,4,False
42.550215613,783,42,600215613,map,20.882883071899414,2.5717544555664062,1.398087501525879,-1.9073195289820433e-06,0.0,0.0,0.0,0.0001944844278623192,-0.0013241835072475895,0.9999829830967571,0.0056782242609211475,0,0,0,,0.04007411003112793,0.02041935920715332,0.0,False,False,4,False
42.650215614,784,42,650215614,map,20.72987174987793,3.0543899536132812,-0.5923482775688171,0.000176620451384224,0.0,0.0,0.0,-0.0003095043124025133,-0.001128938121463011,0.9999755803657904,0.006889729885797677,0,0,0,,0.04001450538635254,-0.012025386095046997,0.0,False,False,4,False
42.700215615,785,42,700215615,map,20.560792922973633,3.3736801147460938,-0.9713351726531982,0.00030555727425962687,0.0,0.0,0.0,-0.0007907671440752262,-0.0004894752108623653,0.9999766735151608,0.006766648128541305,0,0,0,,0.06877303123474121,-0.023347437381744385,0.0,False,False,4,False
42.750215616,786,42,750215616,map,20.381988525390625,3.5731887817382812,-0.4485073685646057,-0.00014781951904296875,0.0,0.0,0.0,-0.001216583459065155,-5.854481526186411e-06,0.9999830418503601,0.0056952525942984365,0,0,0,,0.03460347652435303,-0.016390860080718994,0.0,False,False,4,False
42.800215616,787,42,800215616,map,20.196090698242188,3.7163925170898438,-0.28068289160728455,-0.00018081664165947586,0.0,0.0,0.0,-0.0015756263942923068,0.00023251983154167448,0.9999896734187155,0.004256335504179761,0,0,0,,0.056925177574157715,-0.010941475629806519,0.0,False,False,4,False
42.850215617,788,42,850215617,map,20.005571365356445,3.8101577758789062,-0.05618467926979065,-8.010865713004023e-05,0.0,0.0,0.0,-0.0018658377056496602,0.00027801304248212803,0.9999939997667056,0.0029054756909501923,0,0,0,,0.018633008003234863,-0.0035099685192108154,0.0,False,False,4,False
42.850215617,789,42,900215618,map,19.811315536499023,3.884429931640625,-0.14434978365898132,-0.00015850065392442048,0.0,0.0,0.0,-0.002095905709960083,0.00027787470236741494,0.9999960755761652,0.0018381504762619164,0,0,0,,0.04223966598510742,-0.0012224316596984863,0.0,False,False,4,False
42.950215619,790,42,950215619,map,19.615537643432617,3.917694091796875,0.3743608295917511,-1.7738329916028306e-05,0.0,0.0,0.0,-0.002271978797939802,0.00010966570614352443,0.9999964734437694,0.0013708339794674337,0,0,0,,0.02418994903564453,0.009696424007415771,0.0,False,False,4,False
43.000215619,791,43,215619,map,19.418214797973633,3.9477157592773438,0.18858283758163452,-1.1062620615120977e-05,0.0,0.0,0.0,-0.0024046603856393363,-5.921716445712338e-05,0.9999959658019915,0.0015107883701190232,0,0,0,,0.016774773597717285,0.008836627006530762,0.0,False,False,4,False
43.05021562,792,43,50215620,map,19.219892501831055,3.9641571044921875,-0.38754284381866455,-0.00010643005953170359,0.0,0.0,0.0,-0.002503068085555259,1.724470936400329e-05,0.9999953357017694,0.001750122134266332,0,0,0,,0.011236071586608887,-0.0009576976299285889,0.0,False,False,4,False
43.100215621,793,43,100215621,map,19.022144317626953,3.9557647705078125,0.12946099042892456,6.69479341013357e-05,0.0,0.0,0.0,-0.0025736129878368473,2.8147393653907157e-05,0.9999945313324967,0.002076783333266885,0,0,0,,0.03551197052001953,0.005363941192626953,0.0,False,False,4,False
43.150215622,794,43,150215622,map,18.825401306152344,3.9306640625,-0.8624385595321655,-6.828307959949598e-05,0.0,0.0,0.0,-0.0026189170577251945,0.0002895368310288607,0.9999944507873785,0.0020385868431937884,0,0,0,,0.009299635887145996,-0.011551916599273682,0.0,False,False,4,False
43.150215622,795,43,200215622,map,18.629655838012695,3.9127349853515625,-0.7760753631591797,-0.00013885497173760086,0.0,0.0,0.0,-0.0026462769460797496,0.0006394105513805017,0.9999953377492053,0.0013830590457863305,0,0,0,,0.03269362449645996,-0.012932658195495605,0.0,False,False,4,False
43.250215623,796,43,250215623,map,18.43549919128418,3.8829803466796875,-1.2434687614440918,-0.00012893676466774195,0.0,0.0,0.0,-0.002658893947591771,0.0010850001395750215,0.9999958764938419,7.279083986148478e-06,0,0,0,,0.01906144618988037,-0.02127176523208618,0.0,False,False,4,False
43.300215624,797,43,300215624,map,18.244220733642578,3.8275909423828125,-0.765441358089447,-0.00015316010103560984,0.0,0.0,0.0,0.002659411616166875,-0.0013611828296818198,-0.999993967301795,0.0017720245981331826,0,0,0,,0.05228781700134277,-0.01345100998878479,0.0,False,False,4,False
43.350215625,798,43,350215625,map,18.056774139404297,3.7554550170898438,-1.2103428840637207,-3.700253728311509e-05,0.0,0.0,0.0,0.002645733429853634,-0.0016411412222812854,-0.9999877834925808,0.0038392207155024715,0,0,0,,0.05455493927001953,-0.0183982253074646,0.0,False,False,4,False
43.400215625,799,43,400215625,map,17.873258590698242,3.6789703369140625,-1.0034778118133545,-1.1062656994909048e-05,0.0,0.0,0.0,0.002619304407521628,-0.0018534277241451602,-0.999976612358988,0.006039766976809868,0,0,0,,0.06273376941680908,-0.013662844896316528,0.0,False,False,4,False
43.450215626,800,43,450215626,map,17.694211959838867,3.5794830322265625,0.16769260168075562,0.0003763198619708419,0.0,0.0,0.0,0.002577603936514188,-0.0016024495720790603,-0.9999669481119167,0.007542598826308974,0,0,0,,0.07911908626556396,0.00791466236114502,0.0,False,False,4,False
43.500215627,801,43,500215627,map,17.519893646240234,3.486480712890625,0.0035768747329711914,0.00028266903245821595,0.0,0.0,0.0,0.00252269138763553,-0.0012229603262476068,-0.9999631990571091,0.008108077927319372,0,0,0,,0.09167861938476562,0.009405732154846191,0.0,False,False,4,False
43.550215627,802,43,550215627,map,17.349720001220703,3.4064102172851562,-0.2735471725463867,9.098053851630539e-05,0.0,0.0,0.0,0.0024601922258843554,-0.0010029170333292075,-0.9999634032657835,0.008132265413045526,0,0,0,,0.08501207828521729,0.005348563194274902,0.0,False,False,4,False
43.600215628,803,43,600215628,map,17.184003829956055,3.3160018920898438,-0.1382187008857727,-6.217956979526207e-05,0.0,0.0,0.0,0.002393732685914971,-0.0008495948902765847,-0.999965927636896,0.007854412621767887,0,0,0,,0.12239956855773926,0.0056931376457214355,0.0,False,False,4,False
43.650215629,804,43,650215629,map,17.024572372436523,3.1877899169921875,0.09424209594726562,-6.961821782169864e-05,0.0,0.0,0.0,0.0023190670623241313,-0.0006485157210353608,-0.9999704185625827,0.007305022593607535,0,0,0,,0.14510035514831543,0.007615029811859131,0.0,False,False,4,False
43.650215629,805,43,700215630,map,16.872425079345703,3.03985595703125,0.3127443790435791,-9.040832082973793e-05,0.0,0.0,0.0,0.002233363556597816,-0.0003761975613646124,-0.9999764708411729,0.00647520861839568,0,0,0,,0.18152320384979248,0.009586036205291748,0.0,False,False,4,False
43.75021563,806,43,750215630,map,16.728376388549805,2.8763580322265625,0.5066794157028198,-1.7166166799142957e-06,0.0,0.0,0.0,0.0021348034185287574,-5.0761290347426234e-05,-0.9999833102218787,0.005368362445787622,0,0,0,,0.20406973361968994,0.011285781860351562,0.0,False,False,4,False
43.800215631,807,43,800215631,map,16.591697692871094,2.7289962768554688,0.6024868488311768,-0.00010070799180539325,0.0,0.0,0.0,0.002025507941462419,0.00027823327490460127,-0.9999897388321679,0.004042540562134579,0,0,0,,0.21178054809570312,0.01144266128540039,0.0,False,False,4,False
43.800215631,808,43,850215632,map,16.459487915039062,2.6369857788085938,1.6526892185211182,-0.00022468566021416336,0.0,0.0,0.0,0.0019153242632107628,0.0009038261571929853,-0.9999956337025568,0.0020608753155259476,0,0,0,,0.20437157154083252,0.02717578411102295,0.0,False,False,4,False
43.900215633,809,43,900215633,map,16.329652786254883,2.5963211059570312,1.0171785354614258,-0.00021247862605378032,0.0,0.0,0.0,-0.0018167365102334998,-0.0013826300884111269,0.9999973378155906,0.0003349092753229046,0,0,0,,0.157881498336792,0.01756817102432251,0.0,False,False,4,False
43.950215633,810,43,950215633,map,16.198070526123047,2.637786865234375,1.641273021697998,-0.00028324127197265625,0.0,0.0,0.0,-0.0017439317616859322,-0.0018729899958214954,0.999992044223154,0.0030597550365463657,0,0,0,,0.14860749244689941,0.02502495050430298,0.0,False,False,4,False
43.950215633,811,44,215634,map,16.060649871826172,2.7599334716796875,1.359858512878418,-0.00019435879949014634,0.0,0.0,0.0,-0.0017066899784128856,-0.0022500837436847452,0.9999782590843734,0.005958665207042775,0,0,0,,0.0007419586181640625,0.01968204975128174,0.0,False,False,4,False
44.000215634,812,44,50215635,map,15.939273834228516,2.4173545837402344,-1.1729241609573364,0.0007656097295694053,0.0,0.0,0.0,-0.0016947592792332347,-0.0016625567575267496,0.9999695028865054,0.007440228015896337,0,0,0,,0.0,-0.023921042680740356,0.028380513191223145,False,False,4,False
44.100215636,813,44,100215636,map,15.914158821105957,0.4985809326171875,-0.6239524483680725,0.0007850647089071572,0.0,0.0,0.0,-0.0014035014298904014,-0.0008597620580794527,0.9999730298206051,0.007157557148830748,0,0,0,,0.0,-0.02259606122970581,0.04051178693771362,False,False,0,False
44.150215636,814,44,150215636,map,15.883505821228027,0.6124305725097656,-0.12869775295257568,7.400507456623018e-05,0.0,0.0,0.0,-0.0010203373418894964,-0.00039895820968178044,0.999981440125805,0.0059932585441155465,0,0,0,,0.0,-0.015063583850860596,0.07201999425888062,False,False,0,False
44.200215637,815,44,200215637,map,15.478071212768555,8.109912872314453,0.22032052278518677,-0.0006320953252725303,0.0,0.0,0.0,-0.001463481794255608,-0.000298488402598647,0.99998751541496,0.004768452571473621,0,0,0,,0.0,-0.004703611135482788,0.13079899549484253,False,False,3,False
44.250215638,816,44,250215638,map,15.108558654785156,7.390842437744141,0.0841502845287323,-0.0009920119773596525,0.0,0.0,0.0,-0.002392119875507999,-0.00029556679688719375,0.9999898620576657,0.003803443789547657,0,0,0,,0.0,-0.002414911985397339,0.11965066194534302,False,False,3,False
44.300215639,817,44,300215639,map,14.774515151977539,6.6785430908203125,-0.4703909158706665,-0.0007017136085778475,0.0,0.0,0.0,-0.0032258818441805075,-0.00010850928207603338,0.9999907232577017,0.0028522465884995253,0,0,0,,0.0,-0.009472936391830444,0.06639903783798218,False,False,3,False
44.300215639,818,44,350215639,map,14.445919036865234,6.57257080078125,0.12498065829277039,-0.00024032589863054454,0.0,0.0,0.0,-0.003831069464182525,-4.751694884128948e-05,0.9999904019591875,0.0021252384343703507,0,0,0,,0.0,0.0016398429870605469,0.18817377090454102,False,False,3,False
44.350215639,819,44,400215640,map,14.116324424743652,6.598987579345703,1.0207726955413818,0.00010147094144485891,0.0,0.0,0.0,-0.004258751143554703,-0.0003894111941958259,0.9999882151126013,0.0022980499413323484,0,0,0,,0.0,0.020429551601409912,0.25087428092956543,False,False,3,False
44.450215641,820,44,450215641,map,13.780759811401367,6.749515533447266,2.741337299346924,6.103524356149137e-05,0.0,0.0,0.0,-0.004562929294756172,-0.0014179940163788712,0.9999789002393319,0.00440091415015058,0,0,0,,0.0,0.058125972747802734,0.3351041078567505,False,False,3,False
44.500215642,821,44,500215642,map,13.432515144348145,7.048358917236328,3.2425646781921387,-0.0008268357487395406,0.0,0.0,0.0,-0.004812486944818084,-0.0027839347367220497,0.9999450832602137,0.008883700834220468,0,0,0,,0.0,0.07474052906036377,0.4469791650772095,False,False,3,False
44.550215642,822,44,550215642,map,13.081794738769531,7.0006561279296875,-0.5550730228424072,0.000522613525390625,0.0,0.0,0.0,-0.00500600199390355,-0.002752103751925905,0.999896281376205,0.01322090613433189,0,0,0,,0.0,0.007524967193603516,0.5148077011108398,False,False,3,False
44.600215643,823,44,600215643,map,12.742053031921387,6.7745208740234375,-0.7997095584869385,0.0019025802612304688,0.0,0.0,0.0,-0.005116455250481825,-0.0019068929539398695,0.9998612679377872,0.01573628046180031,0,0,0,,0.0,-0.010308802127838135,0.47778409719467163,False,False,3,False
44.650215644,824,44,650215644,map,12.409368515014648,6.614704132080078,-1.6523140668869019,0.0010023117065429688,0.0,0.0,0.0,-0.005144762914105564,-0.0007605630691104688,0.9998574037035609,0.016066275783452762,0,0,0,,0.0,-0.03479790687561035,0.4750913977622986,False,False,3,False
44.700215645,825,44,700215645,map,12.083386421203613,6.4894866943359375,-1.6734817028045654,6.694790499750525e-05,0.0,0.0,0.0,-0.005121148417674507,0.0003182705484615666,0.9998830591394678,0.0144062690743095,0,0,0,,0.0,-0.042897194623947144,0.47129690647125244,False,False,3,False
44.750215645,826,44,750215645,map,11.763388633728027,6.374759674072266,-2.3970422744750977,-0.0006839752313680947,0.0,0.0,0.0,-0.005067648247574579,0.0014141628256040806,0.9999262187243961,0.010948798667999731,0,0,0,,0.0,-0.05915716290473938,0.4633750915527344,False,False,3,False
44.800215646,827,44,800215646,map,11.598475456237793,3.298816680908203,-2.788384437561035,-0.0003902435128111392,0.0,0.0,0.0,-0.0047032452781959125,0.002526421498808852,0.9999685008588933,0.005873156585792592,0,0,0,,0.0,-0.06580871343612671,0.4762832522392273,False,False,3,False
44.850215647,828,44,850215647,map,11.473762512207031,2.4985504150390625,-0.5661689043045044,0.0008962631691247225,0.0,0.0,0.0,-0.004020598948326592,0.0027407133480617874,0.9999877900277448,0.0008620150041107233,0,0,0,,0.0,-0.029021799564361572,0.4453333616256714,False,False,0,False
44.900215648,829,44,900215648,map,11.047723770141602,8.526763916015625,-0.5488132238388062,0.0005733490106649697,0.0,0.0,0.0,0.0038281293728294613,-0.002493596897544645,-0.9999846614103588,0.0031311889159944396,0,0,0,,0.0,-0.021235615015029907,0.4686286449432373,False,False,0,False
44.950215648,830,44,950215648,map,10.474971771240234,11.457805633544922,-0.1566016674041748,-0.0021348954178392887,0.0,0.0,0.0,0.004745917359693876,-0.0020605639638015664,-0.9999688625848483,0.005958540536990189,0,0,0,,0.0,-0.008450090885162354,0.43872976303100586,False,False,2,False
45.000215649,831,45,215649,map,9.945152282714844,10.580081939697266,2.024233818054199,-0.0017379759810864925,0.0,0.0,0.0,0.005780463729865074,-0.0009229388959293314,-0.999960972098672,0.00661730325293359,0,0,0,,0.0,0.042965710163116455,0.42265164852142334,False,False,2,False
45.05021565,832,45,50215650,map,9.460165977478027,9.69858169555664,0.7970156669616699,-0.0011047362349927425,0.0,0.0,0.0,0.006547100634897703,-3.4188337304657836e-05,-0.9999629943154968,0.005580708200539652,0,0,0,,0.0,0.03135848045349121,0.3898348808288574,False,False,2,False
45.100215651,833,45,100215651,map,9.027436256408691,8.65865707397461,-1.3318324089050293,6.44681858830154e-05,0.0,0.0,0.0,0.006944509359783702,-0.00023178592113197764,-0.999963834975648,0.0049039581802740135,0,0,0,,0.0,-0.011328905820846558,0.27240127325057983,False,False,2,False
45.150215651,834,45,150215651,map,8.609926223754883,8.346118927001953,1.2882742881774902,0.0012434006202965975,0.0,0.0,0.0,0.007051378988451633,3.666954829982179e-05,-0.9999673209659902,0.003953948634691663,0,0,0,,0.0,0.02832043170928955,0.42981553077697754,False,False,2,False
45.200215652,835,45,200215652,map,8.207390785217285,8.051986694335938,0.5807222127914429,0.001332283136434853,0.0,0.0,0.0,0.006995620186307111,0.00039464348540567905,-0.9999723947164146,0.0024729253622687796,0,0,0,,0.0,0.022579967975616455,0.3978065252304077,False,False,2,False
45.250215653,836,45,250215653,map,7.889461994171143,6.372661590576172,-2.8538923263549805,0.00136566162109375,0.0,0.0,0.0,0.006744725426046275,-0.0005167623017057972,-0.9999735520800824,0.0026714744979721384,0,0,0,,0.05928993225097656,-0.049304455518722534,0.0,False,False,2,False
45.250215653,837,45,300215654,map,7.588630676269531,6.071062088012695,-2.3999786376953125,0.0008539200644008815,0.0,0.0,0.0,0.0062894721351570175,-0.001768388057485462,-0.9999651967502698,0.005188509625492135,0,0,0,,0.17809784412384033,-0.06332224607467651,0.0,False,False,2,False
45.350215654,838,45,350215654,map,7.356770038604736,4.626808166503906,0.4221916198730469,0.0009466171031817794,0.0,0.0,0.0,0.0057311551830911,-0.001806085206496975,-0.9999517974460945,0.007764966247113061,0,0,0,,0.0,-0.019777297973632812,0.21810942888259888,False,False,2,False
45.350215654,839,45,400215655,map,7.070370674133301,5.734434127807617,-0.13445138931274414,0.0006673812167719007,0.0,0.0,0.0,0.005253170852411494,-0.0014822343725525075,-0.9999374831510082,0.009758942918543755,0,0,0,,0.12007081508636475,-0.019855082035064697,0.0,False,False,2,False
45.450215656,840,45,450215656,map,6.878214359283447,3.852663040161133,-0.23868203163146973,-0.00010108953574672341,0.0,0.0,0.0,0.00476256411446389,-0.001231764382183658,-0.9999223778505548,0.011447227317327174,0,0,0,,0.0,-0.01921987533569336,0.1327906847000122,False,False,2,False
45.450215656,841,45,500215657,map,6.654271602630615,4.468545913696289,0.39216458797454834,-8.35416722111404e-05,0.0,0.0,0.0,0.0042776390210368135,-0.000846851634404781,-0.9999108172772418,0.012623079603388333,0,0,0,,0.0,-0.00606265664100647,0.07354742288589478,False,False,2,False
45.550215657,842,45,550215657,map,6.7920918464660645,-2.7632713317871094,0.18522024154663086,0.00024070730432868004,0.0,0.0,0.0,0.0032457569259098343,-0.0004732789066332429,-0.9999070409234968,0.0132344467459204,0,0,0,,0.14801311492919922,-0.0003460347652435303,0.0,False,False,0,False
45.600215658,843,45,600215658,map,6.590710639953613,4.030494689941406,-0.03608137369155884,-0.00011711119441315532,0.0,0.0,0.0,0.0023611606126417964,-0.00031848076795541026,-0.9999037311283013,0.01366938061007957,0,0,0,,0.020400166511535645,-0.005807071924209595,0.0,False,False,0,False
45.650215659,844,45,650215659,map,6.056888580322266,10.6561279296875,0.869818925857544,-0.0022430419921875,0.0,0.0,0.0,0.002951551377137369,-1.842090090095353e-05,-0.9999017088286568,0.013706228024906838,0,0,0,,0.07993507385253906,0.012159228324890137,0.0,False,False,1,False
45.70021566,845,45,700215660,map,5.480917453765869,11.502313613891602,0.865168571472168,-0.002851104596629739,0.0,0.0,0.0,0.00423652905935986,0.0003282345370814904,-0.9999034874645208,0.013227238559378398,0,0,0,,0.2072833776473999,0.018017053604125977,0.0,False,False,1,False
45.70021566,846,45,750215660,map,5.0953898429870605,7.709236145019531,0.14351576566696167,-0.002013587858527899,0.0,0.0,0.0,0.005251619282061526,0.0003952772261688818,-0.9999056555559379,0.012686380022713786,0,0,0,,0.2419043779373169,0.007559716701507568,0.0,False,False,1,False
45.800215661,847,45,800215661,map,4.7140021324157715,7.614030838012695,0.8606009483337402,-0.0641317367553711,0.0,0.0,0.0,0.005752005568891135,0.0005590554253366338,-0.9999124174143749,0.011906275215527777,0,0,0,,0.3705928325653076,0.0231207013130188,0.0,False,False,1,False
45.850215662,848,45,850215662,map,4.442809104919434,5.422039031982422,0.17408788204193115,0.037409018725156784,0.0,0.0,0.0,0.0057604048397941225,0.0005845993073918473,-0.9999216301340197,0.011099980624140757,0,0,0,,0.44368278980255127,0.014963805675506592,0.0,False,False,1,False
45.900215663,849,45,900215663,map,4.251911163330078,3.8124942779541016,0.6210783123970032,0.0235990509390831,0.0,0.0,0.0,0.005359228814567761,0.0006660548662690154,-0.9999340512648723,0.010135490044793749,0,0,0,,0.5341751575469971,0.025473833084106445,0.0,False,False,1,False
45.950215663,850,45,950215663,map,4.134051322937012,2.3578262329101562,-0.09330470114946365,0.013544272631406784,0.0,0.0,0.0,0.0046450720737881805,0.000568890325830894,-0.999945853166349,0.009294643868856235,0,0,0,,0.5865509510040283,0.014414548873901367,0.0,False,False,1,False
46.000215664,851,46,215664,map,4.074690341949463,1.1852645874023438,0.5144779682159424,0.006255913060158491,0.0,0.0,0.0,0.003741226128391198,0.0005840668691000813,-0.9999580878478546,0.008335744754413019,0,0,0,,0.6216980218887329,0.025109410285949707,0.0,False,False,1,False
46.000215664,852,46,50215665,map,4.059225559234619,0.3100395202636719,-0.29378998279571533,0.0014207838103175163,0.0,0.0,0.0,0.0027715848644316063,0.00042314820231936925,-0.9999673552512723,0.007578106274914292,0,0,0,,0.6391878128051758,0.01139742136001587,0.0,False,False,1,False
46.100215665,853,46,100215665,map,4.07239294052124,-0.2640724182128906,0.2774488627910614,-0.0013797765132039785,0.0,0.0,0.0,0.0018382597822494957,0.0003651574639113871,-0.9999749453724454,0.006826132753954834,0,0,0,,0.6360403299331665,0.01839005947113037,0.0,False,False,1,False
46.150215666,854,46,150215666,map,4.104125022888184,-0.6345844268798828,-0.052406955510377884,-0.002536773681640625,0.0,0.0,0.0,0.0010121330128820775,0.0002874348421976556,-0.9999806837055806,0.00612578025194673,0,0,0,,0.6500123739242554,0.013353884220123291,0.0,False,False,1,False
46.200215667,855,46,200215667,map,4.147603988647461,-0.8687210083007812,0.5242815017700195,-0.00295066786929965,0.0,0.0,0.0,0.00032317819227982127,0.00037825867836476976,-0.99998632052965,0.005206844514702361,0,0,0,,0.6485778093338013,0.02439403533935547,0.0,False,False,1,False
46.250215668,856,46,250215668,map,4.196842670440674,-0.9851741790771484,-0.0923590213060379,-0.00247535714879632,0.0,0.0,0.0,-0.0002206874387243127,0.00035031723432877665,-0.9999905123450535,0.004336334254512036,0,0,0,,0.6305437088012695,0.015558838844299316,0.0,False,False,1,False
46.250215668,857,46,300215668,map,4.245677471160889,-0.9761524200439453,0.12611648440361023,-0.002015304286032915,0.0,0.0,0.0,-0.0006232096707082256,0.0003149837483939475,-0.9999935226205028,0.003530879774592057,0,0,0,,0.6114273071289062,0.016800224781036377,0.0,False,False,1,False
46.300215668,858,46,350215669,map,4.293826580047607,-0.9640121459960938,-0.32201701402664185,-0.0013294221134856343,0.0,0.0,0.0,-0.0009018169741705052,0.00015789523875804975,-0.999995119450662,0.0029871173553690377,0,0,0,,0.628414511680603,0.006427347660064697,0.0,False,False,1,False
46.40021567,859,46,400215670,map,4.341329097747803,-0.9490585327148438,0.3192383646965027,-0.0008741378551349044,0.0,0.0,0.0,-0.001086266802905669,0.00016172071975251355,-0.9999965402311146,0.0023902712486573246,0,0,0,,0.615025520324707,0.015192866325378418,0.0,False,False,1,False
46.450215671,860,46,450215671,map,4.385456085205078,-0.8825492858886719,-0.00012565404176712036,-0.0004352569521870464,0.0,0.0,0.0,-0.0011969691991300696,0.00016005326607994885,-0.9999976828377724,0.0017821242308943594,0,0,0,,0.5977559089660645,0.011295139789581299,0.0,False,False,1,False
46.500215671,861,46,500215671,map,4.424870014190674,-0.7871532440185547,0.1914498507976532,-0.00020751950796693563,0.0,0.0,0.0,-0.0012486401248346386,0.000193252445036684,-0.9999985512288257,0.0011406540144574611,0,0,0,,0.5912133455276489,0.013992369174957275,0.0,False,False,1,False
46.550215672,862,46,550215672,map,4.46250057220459,-0.7527542114257812,-0.018749721348285675,1.1444099072832614e-05,0.0,0.0,0.0,-0.001260677251279702,0.0001785326409790418,-0.9999990362584559,0.0005534447791833254,0,0,0,,0.6122210025787354,0.010310590267181396,0.0,False,False,1,False
46.600215673,863,46,600215673,map,4.4992241859436035,-0.735626220703125,-0.20543169975280762,1.6593930922681466e-05,0.0,0.0,0.0,-0.001253856276051408,7.64809371664156e-05,-0.9999991958925993,0.00017380811253537185,0,0,0,,0.5984703302383423,0.004304409027099609,0.0,False,False,1,False
46.650215674,864,46,650215674,map,4.532654762268066,-0.6682682037353516,0.07383342832326889,8.087157766567543e-05,0.0,0.0,0.0,0.0012335711039787442,-4.0669405870880334e-05,0.999999226530296,0.00015358105456364317,0,0,0,,0.5848960876464844,0.006828784942626953,0.0,False,False,1,False
46.700215674,865,46,700215674,map,4.564270496368408,-0.6320571899414062,0.048611126840114594,7.05718994140625e-05,0.0,0.0,0.0,0.0012038726455771908,-4.426846032847917e-05,0.9999991531669973,0.0004923375314835565,0,0,0,,0.603057861328125,0.006672561168670654,0.0,False,False,1,False
46.750215675,866,46,750215675,map,4.594958782196045,-0.612945556640625,0.1307530701160431,4.386902219266631e-06,0.0,0.0,0.0,0.001173542794065033,-8.305418031542899e-05,0.999998923552787,0.0008768081779658899,0,0,0,,0.5906987190246582,0.008310317993164062,0.0,False,False,1,False
46.750215675,867,46,800215676,map,4.622742176055908,-0.556182861328125,-0.07590141147375107,5.779265848104842e-05,0.0,0.0,0.0,0.0011415294639262245,-6.607601333747851e-05,0.9999986352393555,0.0011925031948354957,0,0,0,,0.5793426036834717,0.004515230655670166,0.0,False,False,1,False
46.800215676,868,46,850215677,map,4.646383285522461,-0.4741191864013672,-0.2735649347305298,0.00011978148540947586,0.0,0.0,0.0,0.0011039937479106687,4.317994193337588e-05,0.9999985653469282,0.0012839927502225961,0,0,0,,0.5681085586547852,-0.001704573631286621,0.0,False,False,1,False
46.850215677,869,46,900215677,map,4.6682209968566895,-0.4368782043457031,-0.03991827368736267,8.010865713004023e-06,0.0,0.0,0.0,0.0010622858308629653,0.00010190135296388193,0.999998611461344,0.0012799376203396667,0,0,0,,0.5880427360534668,-0.00036340951919555664,0.0,False,False,1,False
46.950215678,870,46,950215678,map,4.689284801483154,-0.42128562927246094,-0.0028837472200393677,-1.2779237295035273e-05,0.0,0.0,0.0,0.0010241431371294234,0.00010525242933836089,0.9999986507340934,0.0012800713861368341,0,0,0,,0.5751932859420776,0.00017940998077392578,0.0,False,False,1,False
47.000215679,871,47,215679,map,4.707655429840088,-0.3666400909423828,0.20381851494312286,4.806517972610891e-05,0.0,0.0,0.0,0.0009875633532269764,2.3297388414050866e-05,0.999998519934456,0.0014086535247589624,0,0,0,,0.5659933090209961,0.004735112190246582,0.0,False,False,1,False
47.05021568,872,47,50215680,map,4.722926139831543,-0.3053569793701172,0.010694451630115509,2.098086042678915e-06,0.0,0.0,0.0,0.0009493449232359225,-2.4664478199098615e-05,0.9999983091512121,0.0015747477883355507,0,0,0,,0.5603687763214111,0.002873539924621582,0.0,False,False,1,False
47.10021568,873,47,100215680,map,4.73750114440918,-0.29148101806640625,0.004731304943561554,3.814693627646193e-07,0.0,0.0,0.0,0.0009118892861989808,-3.6716874157155325e-05,0.9999981143566301,0.0017141741407664442,0,0,0,,0.5805578231811523,0.002283453941345215,0.0,False,False,1,False
47.150215681,874,47,150215681,map,4.751669406890869,-0.28293609619140625,0.07956854999065399,-4.158019874012098e-05,0.0,0.0,0.0,0.0008810850693593817,-5.944152437219303e-05,0.9999978546696222,0.001873716082728265,0,0,0,,0.5629816055297852,0.0035554170608520508,0.0,False,False,1,False
47.200215682,875,47,200215682,map,4.763127326965332,-0.22935867309570312,-0.034544654190540314,4.081725637661293e-05,0.0,0.0,0.0,0.0008518887068146702,-5.070956575868473e-05,0.9999976274423324,0.0020042015560631406,0,0,0,,0.5546574592590332,0.001702427864074707,0.0,False,False,1,False
47.250215683,876,47,250215683,map,4.771455764770508,-0.1661205291748047,0.0769619271159172,-4.8637382860761136e-05,0.0,0.0,0.0,0.0008197328121744544,-6.0883382443671736e-05,0.9999973543119027,0.002148418144831774,0,0,0,,0.5484776496887207,0.0032918453216552734,0.0,False,False,1,False
47.250215683,877,47,300215683,map,4.778129577636719,-0.13425827026367188,-0.14119106531143188,1.3160704838810489e-05,0.0,0.0,0.0,0.0007854397868587307,-1.4515697352391878e-05,0.9999972587207723,0.0022057707443648615,0,0,0,,0.5583796501159668,-0.0007607340812683105,0.0,False,False,1,False
47.350215684,878,47,350215684,map,4.781519889831543,-0.06854057312011719,-0.19490653276443481,1.1253355296503287e-05,0.0,0.0,0.0,0.0007502229467578263,7.42737716739056e-05,0.9999974951834082,0.002107433473834622,0,0,0,,0.526127815246582,-0.003928124904632568,0.0,False,False,1,False
47.400215685,879,47,400215685,map,4.777825832366943,0.07357597351074219,-0.36892169713974,4.348755464889109e-05,0.0,0.0,0.0,0.0007032471096832581,0.00021907618623096342,0.9999981595961017,0.0017715116530601352,0,0,0,,0.5048935413360596,-0.009897738695144653,0.0,False,False,1,False
47.450215686,880,47,450215686,map,4.766046524047852,0.23568153381347656,-0.06461493670940399,-8.98361176950857e-05,0.0,0.0,0.0,0.0006379067826781695,0.0002721476972616381,0.9999988104143225,0.0013777447178567965,0,0,0,,0.48451030254364014,-0.007054686546325684,0.0,False,False,1,False
47.500215686,881,47,500215686,map,4.751861572265625,0.2835559844970703,0.22004836797714233,4.825591895496473e-05,0.0,0.0,0.0,0.0005623371922259625,0.0001744976704881837,0.9999991333502921,0.0011775508949502364,0,0,0,,0.5319898128509521,-0.0003935694694519043,0.0,False,False,1,False
47.500215686,882,47,550215687,map,4.741366386413574,0.21024703979492188,0.20802082121372223,-7.247926987474784e-06,0.0,0.0,0.0,0.0005018488063145723,3.10109648767017e-05,0.9999991626670247,0.0011924140828360695,0,0,0,,0.5416197776794434,0.0027874112129211426,0.0,False,False,1,False
47.600215688,883,47,600215688,map,4.733452796936035,0.158538818359375,0.08544869720935822,4.463195728021674e-05,0.0,0.0,0.0,0.0004656126321954231,-6.079109737564407e-05,0.9999990493572783,0.0012964543412896672,0,0,0,,0.5345340967178345,0.002579927444458008,0.0,False,False,1,False
47.600215688,884,47,650215689,map,4.726572036743164,0.1379871368408203,0.09128119796514511,-6.427764310501516e-05,0.0,0.0,0.0,0.000448541528524876,-0.00011276614941535046,0.9999988527620775,0.0014424177001945448,0,0,0,,0.5343543291091919,0.003307819366455078,0.0,False,False,1,False
47.700215689,885,47,700215689,map,4.719808101654053,0.13536453247070312,0.016869641840457916,1.3160706657799892e-05,0.0,0.0,0.0,0.00044273091048953496,-0.00012107601674370907,0.9999986410309822,0.0015834349143221335,0,0,0,,0.5279862880706787,0.002383112907409668,0.0,False,False,1,False
47.75021569,886,47,750215690,map,4.714488506317139,0.10553359985351562,-0.24598486721515656,-8.773804438533261e-06,0.0,0.0,0.0,0.0004444923837943973,-2.5458143022528753e-05,0.9999986934851628,0.0015539647265107022,0,0,0,,0.5480639934539795,-0.0035740137100219727,0.0,False,False,1,False
47.800215691,887,47,800215691,map,4.70922327041626,0.10509490966796875,-0.1631973832845688,-4.310607982915826e-05,0.0,0.0,0.0,0.0004519108334433782,7.803549722107892e-05,0.9999989508749569,0.0013740218503864065,0,0,0,,0.5191941261291504,-0.004936128854751587,0.0,False,False,1,False
47.850215692,888,47,850215692,map,4.698729038238525,0.21165847778320312,-0.6198949217796326,-7.2479248046875e-05,0.0,0.0,0.0,0.00044991046574618986,0.00030346989997633776,0.9999995055492141,0.0008332994179087736,0,0,0,,0.49302804470062256,-0.01654905080795288,0.0,False,False,1,False
47.900215692,889,47,900215692,map,4.681241035461426,0.3481292724609375,0.7476507425308228,0.00014438628568314016,0.0,0.0,0.0,0.0004266780210679562,0.00012841550833766504,0.9999996685419882,0.0006814478976945004,0,0,0,,0.4742603302001953,0.0069901347160339355,0.0,False,False,1,False
47.950215693,890,47,950215693,map,4.661691188812256,0.3918933868408203,0.27406641840934753,-5.91278076171875e-05,0.0,0.0,0.0,0.00038698844154467355,-9.249794229292695e-05,0.9999995059090012,0.0009109697197070078,0,0,0,,0.5138218402862549,0.007332444190979004,0.0,False,False,1,False
47.950215693,891,48,215694,map,4.645255088806152,0.3285503387451172,-0.039077214896678925,2.47955322265625e-05,0.0,0.0,0.0,0.0003531655826279748,-0.00015086887057749385,0.999999284153353,0.0011332278837305385,0,0,0,,0.5227806568145752,0.0029758214950561523,0.0,False,False,1,False
48.050215695,892,48,50215695,map,4.630724906921387,0.2899742126464844,-0.6188114881515503,3.1661984394304454e-05,0.0,0.0,0.0,0.0003339587076472909,5.7446565646390294e-05,0.9999995110425665,0.000929024273998168,0,0,0,,0.515496015548706,-0.011355489492416382,0.0,False,False,1,False
48.100215695,893,48,100215695,map,4.617076396942139,0.27276039123535156,0.1361100673675537,-1.1253355296503287e-05,0.0,0.0,0.0,0.0003264730781087734,0.00011408659067557053,0.9999997064569331,0.0006837292055690663,0,0,0,,0.5138072967529297,-0.0024527907371520996,0.0,False,False,1,False
48.150215696,894,48,150215696,map,4.603063106536865,0.2808094024658203,0.4052523374557495,3.719329833984375e-05,0.0,0.0,0.0,0.0003247639162056895,-2.8742888742413522e-05,0.9999996574875483,0.0007607411066078361,0,0,0,,0.5068217515945435,0.006482124328613281,0.0,False,False,1,False
48.200215697,895,48,200215697,map,4.590063095092773,0.26053428649902344,0.1265767514705658,-3.376007225597277e-05,0.0,0.0,0.0,0.0003262574443421079,-0.00013774531687001364,0.9999994374956779,0.0009997952968579464,0,0,0,,0.5238878726959229,0.005586147308349609,0.0,False,False,1,False
48.250215698,896,48,250215698,map,4.579437255859375,0.2119159698486328,-0.14595264196395874,-3.318786548334174e-05,0.0,0.0,0.0,0.00033503323802626785,-0.00010930304015285112,0.9999992956677801,0.001133344395272216,0,0,0,,0.5253989696502686,0.0003192424774169922,0.0,False,False,1,False
48.300215698,897,48,300215698,map,4.568345546722412,0.22139549255371094,-0.19086159765720367,7.629387255292386e-07,0.0,0.0,0.0,0.0003471863928393254,-9.965457523753228e-06,0.9999993467535218,0.001088969617530617,0,0,0,,0.5027029514312744,-0.003165721893310547,0.0,False,False,1,False
48.350215699,898,48,350215699,map,4.554294586181641,0.2809619903564453,-0.06369787454605103,-1.5258788153005298e-05,0.0,0.0,0.0,0.00035184130969367845,5.616336616594193e-05,0.9999994650073831,0.0009711015995156495,0,0,0,,0.4942312240600586,-0.002717047929763794,0.0,False,False,1,False
48.4002157,899,48,400215700,map,4.537195205688477,0.34216880798339844,-0.24391770362854004,6.484985988208791e-06,0.0,0.0,0.0,0.00034432397944772307,0.00014781050472307557,0.9999996672774747,0.0007245950535985911,0,0,0,,0.4882969856262207,-0.007123231887817383,0.0,False,False,1,False
48.450215701,900,48,450215701,map,4.516873836517334,0.40801048278808594,-0.37624502182006836,-1.449584942747606e-05,0.0,0.0,0.0,0.00032461900656730817,0.00028674557461517514,0.9999998749220066,0.00025011086948223925,0,0,0,,0.4785590171813965,-0.012776494026184082,0.0,False,False,1,False
48.500215701,901,48,500215701,map,4.495317459106445,0.4295539855957031,0.3728848695755005,2.174377368646674e-05,0.0,0.0,0.0,-0.0002977835189292973,-0.00018755208586221478,-0.9999999380520563,6.713751880226756e-06,0,0,0,,0.4926121234893799,0.0002663135528564453,0.0,False,False,1,False
48.500215701,902,48,550215702,map,4.475954532623291,0.3874397277832031,0.4585227370262146,1.6593934560660273e-05,0.0,0.0,0.0,0.00027560462638078485,-4.984102322641304e-05,0.9999999502824698,0.00014488968288315612,0,0,0,,0.5108966827392578,0.008319199085235596,0.0,False,False,1,False
48.600215703,903,48,600215703,map,4.4620361328125,0.28061866760253906,0.4220670461654663,-4.863739013671875e-05,0.0,0.0,0.0,0.0002706706981514473,-0.0002808636705512848,0.9999997345682958,0.0006153993091825253,0,0,0,,0.5353507995605469,0.013207793235778809,0.0,False,False,1,False
48.650215703,904,48,650215703,map,4.452522277832031,0.18810272216796875,-0.39647147059440613,4.673004150390625e-05,0.0,0.0,0.0,0.0002881321107485121,-0.00020610792818989633,0.9999995741803811,0.0008521375858613193,0,0,0,,0.5208719968795776,-0.0010567903518676758,0.0,False,False,1,False
48.700215704,905,48,700215704,map,4.44360876083374,0.17792701721191406,-0.14083711802959442,-3.776550147449598e-05,0.0,0.0,0.0,0.00031572417885532056,-7.190832980787252e-05,0.9999995838545849,0.0008528998135397464,0,0,0,,0.5112112760543823,-0.0018537044525146484,0.0,False,False,1,False
48.700215704,906,48,750215705,map,4.434629917144775,0.18151283264160156,-0.7533994317054749,3.623962356869015e-06,0.0,0.0,0.0,0.00034215942662516724,0.00023043610122711202,0.999999841409029,0.0003834162845460168,0,0,0,,0.5188179016113281,-0.017495959997177124,0.0,False,False,1,False
48.800215706,907,48,800215706,map,4.42847204208374,0.12133598327636719,0.8121693730354309,4.00543212890625e-05,0.0,0.0,0.0,0.00036927492445958966,7.96964895755951e-05,0.9999998827261566,0.0003030382364723023,0,0,0,,0.5371122360229492,0.008913099765777588,0.0,False,False,1,False
48.850215706,908,48,850215706,map,4.424940586090088,0.07234573364257812,0.38030877709388733,-8.392333256779239e-06,0.0,0.0,0.0,0.00040049330522957163,-0.00016298832120063608,0.9999996805619404,0.0006722469313879584,0,0,0,,0.5273852348327637,0.011346817016601562,0.0,False,False,1,False
48.900215707,909,48,900215707,map,4.424034595489502,0.018014907836914062,-0.01528088003396988,-5.91278076171875e-05,0.0,0.0,0.0,0.00043427589848058607,-0.00023055336353288716,0.999999327401553,0.0010504503950800183,0,0,0,,0.5469602346420288,0.006266474723815918,0.0,False,False,1,False
48.950215708,910,48,950215708,map,4.426947593688965,-0.05680084228515625,0.19284051656723022,-2.021789623540826e-05,0.0,0.0,0.0,0.0004733454036664614,-0.000269668860623331,0.9999987907550764,0.0014566094945311944,0,0,0,,0.5532753467559814,0.009320676326751709,0.0,False,False,1,False
49.000215709,911,49,215709,map,4.434680938720703,-0.1533985137939453,0.1356537640094757,6.141662743175402e-05,0.0,0.0,0.0,0.0005199120141454474,-0.00029127857316412365,0.9999979962689632,0.0019111008212603924,0,0,0,,0.5733253955841064,0.009623885154724121,0.0,False,False,1,False
49.050215709,912,49,50215709,map,4.444539546966553,-0.198211669921875,-0.1076565682888031,-5.035399954067543e-05,0.0,0.0,0.0,0.0005722413272560624,-0.00022206782486243682,0.9999972654410957,0.0022566204987623235,0,0,0,,0.5459574460983276,0.004777252674102783,0.0,False,False,1,False
49.10021571,913,49,100215710,map,4.453821659088135,-0.18836021423339844,-0.4104160666465759,1.277923547604587e-05,0.0,0.0,0.0,0.0006174526227013263,-2.3246710770986004e-05,0.9999972063869538,0.00228154117593792,0,0,0,,0.553633451461792,-0.00444456934928894,0.0,False,False,1,False
49.150215711,914,49,150215711,map,4.465717315673828,-0.23543357849121094,0.385141521692276,2.346038854739163e-05,0.0,0.0,0.0,0.0006560651050599334,-5.087150346802733e-05,0.9999967988444645,0.0024432133537165544,0,0,0,,0.5774252414703369,0.007791101932525635,0.0,False,False,1,False
49.200215712,915,49,200215712,map,4.480789661407471,-0.30341148376464844,-0.2785083055496216,-6.523132469737902e-05,0.0,0.0,0.0,0.0006957299347034858,8.867196717272683e-06,0.9999965709654565,0.002524666029314835,0,0,0,,0.5720453262329102,-0.0017414093017578125,0.0,False,False,1,False
49.250215712,916,49,250215712,map,4.493579387664795,-0.2569103240966797,-0.2914786636829376,3.623963493737392e-06,0.0,0.0,0.0,0.0007287588924119468,0.0001390358847523591,0.9999969321515954,0.0023633169269558518,0,0,0,,0.5339357852935791,-0.00625455379486084,0.0,False,False,1,False
49.250215712,917,49,300215713,map,4.504007816314697,-0.20799636840820312,0.17880681157112122,-9.536734069115482e-07,0.0,0.0,0.0,0.0007443762723747654,0.00011868755293514732,0.9999971276836295,0.0022751794920567404,0,0,0,,0.5597379207611084,0.0008257031440734863,0.0,False,False,1,False
49.350215714,918,49,350215714,map,4.5164618492126465,-0.2467060089111328,0.3798984885215759,1.4877318790240679e-05,0.0,0.0,0.0,0.0007531205569235844,-4.261215862965909e-05,0.9999966469838006,0.002477299898446064,0,0,0,,0.5750008821487427,0.008252084255218506,0.0,False,False,1,False
49.400215715,919,49,400215715,map,4.5304059982299805,-0.28087615966796875,-0.295896053314209,3.0517576306010596e-05,0.0,0.0,0.0,0.0007639673941388179,-1.846910747600215e-05,0.999996425472416,0.0025622363481247047,0,0,0,,0.5626785755157471,-0.0022327005863189697,0.0,False,False,1,False
49.400215715,920,49,450215715,map,4.545180320739746,-0.2953910827636719,0.018486306071281433,7.4386593951203395e-06,0.0,0.0,0.0,0.0007754822621059189,9.125912078388464e-06,0.9999964137211452,0.0025634135107021993,0,0,0,,0.5743759870529175,0.0001380443572998047,0.0,False,False,1,False
49.500215716,921,49,500215716,map,4.561539649963379,-0.3262138366699219,0.1602218747138977,-4.367828296381049e-05,0.0,0.0,0.0,0.0007892506306132846,-3.618921745612212e-05,0.9999961458591063,0.002661586127768564,0,0,0,,0.5765674114227295,0.0036526918411254883,0.0,False,False,1,False
49.550215717,922,49,550215717,map,4.580533027648926,-0.37789344787597656,0.23906610906124115,3.318786548334174e-05,0.0,0.0,0.0,0.0008072628126809432,-0.00013125561316088235,0.9999953988714061,0.002921187212838695,0,0,0,,0.5934163331985474,0.007309913635253906,0.0,False,False,1,False
49.600215718,923,49,600215718,map,4.600764274597168,-0.40823936462402344,-0.546745777130127,-2.0217892597429454e-05,0.0,0.0,0.0,0.0008307673313556294,1.88432158088576e-05,0.9999955334098556,0.0028709982432330197,0,0,0,,0.5759915113449097,-0.007647037506103516,0.0,False,False,1,False
49.650215718,924,49,650215718,map,4.6196465492248535,-0.3776264190673828,-0.6712421774864197,4.959103989676805e-06,0.0,0.0,0.0,0.0008500353818724642,0.00031548120734000383,0.9999969362133444,0.0023033617565925866,0,0,0,,0.5718599557876587,-0.017857879400253296,0.0,False,False,1,False
49.700215719,925,49,700215719,map,4.636753082275391,-0.3427314758300781,0.3960815668106079,2.708435022213962e-05,0.0,0.0,0.0,0.0008599670896332937,0.0002749599526908232,0.999997760903618,0.0019139073591319194,0,0,0,,0.561597466468811,-0.0013954341411590576,0.0,False,False,1,False
49.75021572,926,49,750215720,map,4.6517791748046875,-0.3004646301269531,0.06479787826538086,-1.7166138377433526e-06,0.0,0.0,0.0,0.0008588303236914353,0.00016265706215894116,0.9999980954151924,0.0017450269749315751,0,0,0,,0.5643342733383179,-0.001835942268371582,0.0,False,False,1,False
49.800215721,927,49,800215721,map,4.665919780731201,-0.2827262878417969,-0.2969750463962555,-6.523132469737902e-05,0.0,0.0,0.0,0.0008501178588263985,0.00018942245817114766,0.9999985739984749,0.0014468654999854746,0,0,0,,0.5691299438476562,-0.008730590343475342,0.0,False,False,1,False
49.850215721,928,49,850215721,map,4.681574821472168,-0.31243324279785156,0.5702588558197021,9.89913969533518e-05,0.0,0.0,0.0,0.0008413898226417821,6.8357437921451985e-06,0.9999985952154687,0.0014496839407084014,0,0,0,,0.5886712074279785,0.006915748119354248,0.0,False,False,1,False
49.850215721,929,49,900215722,map,4.700410842895508,-0.37552833557128906,0.22177137434482574,-3.795623706537299e-05,0.0,0.0,0.0,0.0008421735756798179,-0.00016336149768034065,0.9999981676687892,0.0017113491033687853,0,0,0,,0.5919193029403687,0.0068749189376831055,0.0,False,False,1,False
49.950215723,930,49,950215723,map,4.717430591583252,-0.3419208526611328,-0.9218083620071411,2.1553038095589727e-05,0.0,0.0,0.0,0.0008474079339256482,8.904019718207018e-05,0.9999986163809402,0.0014287084523368846,0,0,0,,0.5576362609863281,-0.01643279194831848,0.0,False,False,1,False
50.000215724,931,50,215724,map,4.730435848236084,-0.26030540466308594,0.06941480934619904,6.8664553509734105e-06,0.0,0.0,0.0,0.0008430681571339478,0.00019931795631546376,0.9999991283616716,0.0009963856340126618,0,0,0,,0.5484933853149414,-0.006327033042907715,0.0,False,False,1,False
50.000215724,932,50,50215724,map,4.7409749031066895,-0.2110576629638672,0.28925621509552,-8.77380352903856e-06,0.0,0.0,0.0,0.0008266210579567422,9.981609674274026e-05,0.9999993049067799,0.0008348175431963269,0,0,0,,0.5649313926696777,0.0011082887649536133,0.0,False,False,1,False
50.050215724,933,50,100215725,map,4.751620292663574,-0.21266937255859375,0.16690444946289062,-8.201598575396929e-06,0.0,0.0,0.0,0.0008070867339576689,-2.281031703772411e-05,0.9999992913499574,0.0008748658617983849,0,0,0,,0.5671031475067139,0.002695322036743164,0.0,False,False,1,False
50.100215725,934,50,150215726,map,4.760131359100342,-0.1702117919921875,0.0061394646763801575,5.779266211902723e-05,0.0,0.0,0.0,0.0007865364129033688,-7.025107572750191e-05,0.9999992425075955,0.0009441448473629949,0,0,0,,0.5428179502487183,0.0010179877281188965,0.0,False,False,1,False
50.200215727,935,50,200215727,map,4.7652788162231445,-0.10111808776855469,0.4054427742958069,-3.128051685052924e-05,0.0,0.0,0.0,0.0007592374863037445,-0.00020040047453428775,0.9999989419504539,0.0012245391221788614,0,0,0,,0.5469192266464233,0.009389936923980713,0.0,False,False,1,False
50.250215727,936,50,250215727,map,4.770305633544922,-0.09706497192382812,0.3993166983127594,-3.814693627646193e-07,0.0,0.0,0.0,0.0007299927493804117,-0.0003613566813622407,0.999998089654969,0.001776856310283388,0,0,0,,0.5636368989944458,0.013774693012237549,0.0,False,False,1,False
50.250215727,937,50,300215728,map,4.775828838348389,-0.11356353759765625,-0.34415745735168457,1.792907642084174e-05,0.0,0.0,0.0,0.0007078954201749219,-0.00026781499373331347,0.9999974730136268,0.0021168669216210046,0,0,0,,0.5530425310134888,0.001085519790649414,0.0,False,False,1,False
50.350215729,938,50,350215729,map,4.777978897094727,-0.037822723388671875,0.5222246646881104,-3.833770824712701e-05,0.0,0.0,0.0,0.0006854302047022517,-0.00033015389261000584,0.9999963184581718,0.002604660043908762,0,0,0,,0.5272998809814453,0.014311730861663818,0.0,False,False,1,False
50.40021573,939,50,400215730,map,4.778141975402832,0.0045680999755859375,0.510774552822113,-1.6021729607018642e-05,0.0,0.0,0.0,0.0006571810511687178,-0.0004928139365037838,0.9999937648413181,0.003434461526466161,0,0,0,,0.5524826049804688,0.019954144954681396,0.0,False,False,1,False
50.45021573,940,50,450215730,map,4.777814865112305,0.015554428100585938,0.4432661831378937,-2.288817313456093e-06,0.0,0.0,0.0,0.000630213409391608,-0.0006342770920844399,0.9999894773343838,0.004499527101260963,0,0,0,,0.5359592437744141,0.02283298969268799,0.0,False,False,1,False
50.500215731,941,50,500215731,map,4.776809215545654,0.030364990234375,0.4128938913345337,-3.852844383800402e-05,0.0,0.0,0.0,0.0006049981840530934,-0.000729448698718907,0.999983201044886,0.005718348521794233,0,0,0,,0.547879695892334,0.024957716464996338,0.0,False,False,1,False
50.550215732,942,50,550215732,map,4.774867057800293,0.05486488342285156,0.53702712059021,-2.0980838598916307e-05,0.0,0.0,0.0,0.0005822686763956646,-0.0008308182197287354,0.9999740563302482,0.007131435388728896,0,0,0,,0.5325736999511719,0.02981114387512207,0.0,False,False,1,False
50.600215733,943,50,600215733,map,4.770045280456543,0.093841552734375,-0.08193910121917725,3.795623706537299e-05,0.0,0.0,0.0,0.0005601967057763726,-0.0007309644327322234,0.9999644479326041,0.00838181015601126,0,0,0,,0.5178669691085815,0.019535422325134277,0.0,False,False,1,False
50.600215733,944,50,650215733,map,4.759178638458252,0.2043437957763672,-0.4437938332557678,7.45773286325857e-05,0.0,0.0,0.0,0.0005307760372569488,-0.00042644991216545013,0.9999579531074224,0.009144858363294135,0,0,0,,0.48953306674957275,0.007236123085021973,0.0,False,False,1,False
50.700215734,945,50,700215734,map,4.740102291107178,0.41286468505859375,0.9630385041236877,3.471374657237902e-05,0.0,0.0,0.0,0.00047574782535469344,-0.0005330108351336138,0.999947170708429,0.01025404094316893,0,0,0,,0.4756258726119995,0.03114175796508789,0.0,False,False,1,False
50.700215734,946,50,750215735,map,4.715325355529785,0.4694938659667969,-0.7881113886833191,-1.2779237295035273e-05,0.0,0.0,0.0,0.00040875748275077934,-0.0003014543547771083,0.9999394385251239,0.010993694768009918,0,0,0,,0.4694631099700928,0.003033936023712158,0.0,False,False,1,False
50.800215736,947,50,800215736,map,4.685762882232666,0.5589771270751953,-1.5226733684539795,2.3269654775504023e-05,0.0,0.0,0.0,0.00033699752757119085,0.0003587442302365061,0.9999441073479447,0.010561245919195652,0,0,0,,0.4775667190551758,-0.026183754205703735,0.0,False,False,1,False
50.850215736,948,50,850215736,map,4.649402618408203,0.7243633270263672,-2.2378478050231934,-0.0003934860578738153,0.0,0.0,0.0,0.00025631619740619304,0.00130009947571051,0.9999619339159921,0.008624080377030054,0,0,0,,0.44290101528167725,-0.06332617998123169,0.0,False,False,1,False
50.850215736,949,50,900215737,map,4.618868350982666,0.6058025360107422,1.2958860397338867,0.00019569398136809468,0.0,0.0,0.0,0.0001818901665196063,0.001130243819480393,0.9999730433867184,0.007252721198299685,0,0,0,,0.5361840724945068,-0.004594266414642334,0.0,False,False,1,False
50.950215738,950,50,950215738,map,4.599710941314697,0.3856372833251953,-1.0361162424087524,8.96453857421875e-05,0.0,0.0,0.0,0.000153056125510416,0.0010900324022849038,0.999981693760394,0.005949835903442208,0,0,0,,0.5506467819213867,-0.03502252697944641,0.0,False,False,1,False
51.000215739,951,51,215739,map,4.590065956115723,0.20174026489257812,-0.7337966561317444,-5.455016435007565e-05,0.0,0.0,0.0,0.00017311750476552682,0.0012001642144741182,0.9999904794662614,0.004191731506739962,0,0,0,,0.5549079179763794,-0.039528876543045044,0.0,False,False,1,False
51.050215739,952,51,50215739,map,4.584654331207275,0.14291763305664062,-1.4476579427719116,-0.00015735626220703125,0.0,0.0,0.0,0.00022125323280539118,0.0015330316198671234,0.9999973368786016,0.0017108760223330023,0,0,0,,0.5478712320327759,-0.06145632266998291,0.0,False,False,1,False
51.10021574,953,51,100215740,map,4.5836286544799805,0.057373046875,-0.9887239336967468,-0.00010757445124909282,0.0,0.0,0.0,-0.0002821566227148292,-0.001784941156808135,-0.999997553231872,0.001275893011416319,0,0,0,,0.5515230894088745,-0.06421861052513123,0.0,False,False,1,False
51.150215741,954,51,150215741,map,4.587432861328125,-0.03932952880859375,-0.784662663936615,8.506773156113923e-05,0.0,0.0,0.0,-0.00034933814070939664,-0.0018672337965755163,-0.9999883311406171,0.004441732028840222,0,0,0,,0.5711535215377808,-0.06461876630783081,0.0,False,False,1,False
51.200215741,955,51,200215741,map,4.589695930480957,0.06898880004882812,-1.8621251583099365,-0.00017547604511491954,0.0,0.0,0.0,-0.00040060230532402204,-0.002209031001020431,-0.9999626638960533,0.008344490022659416,0,0,0,,0.538743257522583,-0.09242480993270874,0.0,False,False,1,False
51.250215742,956,51,250215742,map,4.583969593048096,0.3346729278564453,-2.562389373779297,-0.0005558013799600303,0.0,0.0,0.0,-0.0004031566407210235,-0.0028678193964048115,-0.9999043230288648,0.013526191807757116,0,0,0,,0.5092262029647827,-0.12717974185943604,0.0,False,False,1,False
51.250215742,957,51,300215743,map,4.588971138000488,-0.15214920043945312,0.5327963829040527,0.0007966994307935238,0.0,0.0,0.0,-0.00042572527572430234,-0.0025968592523544377,-0.9998314130055432,0.018171974228250523,0,0,0,,0.5987932682037354,-0.07392781972885132,0.0,False,False,1,False
51.350215744,958,51,350215744,map,4.5979790687561035,-0.5188179016113281,5.161871433258057,0.0015792845515534282,0.0,0.0,0.0,-0.0005219249453828382,-0.0005680454822793055,-0.9998108517928849,0.01943361921690074,0,0,0,,0.8578853607177734,0.08388221263885498,0.0,False,False,1,False
51.400215744,959,51,400215744,map,4.668543815612793,-1.4587116241455078,1.6777145862579346,-0.0007719039567746222,0.0,0.0,0.0,-0.0007264721465081287,0.0012874341415677274,-0.9998406637465402,0.01778937521188622,0,0,0,,0.8553042411804199,0.04733997583389282,0.0,False,False,1,False
51.450215745,960,51,450215745,map,4.761385917663574,-1.761617660522461,-2.862407922744751,-0.0002582550223451108,0.0,0.0,0.0,-0.001005085933121975,0.0009286287953738301,-0.9998433684020436,0.017645569225237825,0,0,0,,0.8045961856842041,-0.04888388514518738,0.0,False,False,1,False
51.450215745,961,51,500215746,map,4.849006175994873,-1.4447212219238281,-4.399966716766357,-0.00023174285888671875,0.0,0.0,0.0,-0.0012494134025989334,-0.0009249704107021387,-0.9997809643800007,0.020871192090636308,0,0,0,,0.7397071123123169,-0.12932467460632324,0.0,False,False,1,False
51.550215747,962,51,550215747,map,4.963383674621582,-2.3189449310302734,0.24144113063812256,-0.0007715224637649953,0.0,0.0,0.0,-0.0015075892900007052,-0.001693425601030904,-0.9996898093098426,0.024802109715044686,0,0,0,,0.8466408252716064,-0.05160441994667053,0.0,False,False,1,False
51.600215747,963,51,600215747,map,5.094821453094482,-2.7695083618164062,1.6750061511993408,0.07971934974193573,0.0,0.0,0.0,-0.0018392909283506096,-0.0009410424156642977,-0.9996408740549709,0.02671805319753989,0,0,0,,0.9255046844482422,-0.004534512758255005,0.0,False,False,1,False
51.650215748,964,51,650215748,map,5.215800762176514,-2.5928115844726562,3.166926145553589,-0.04560527950525284,0.0,0.0,0.0,-0.0021724524163014604,0.0007152709606238138,-0.9996625442427843,0.02587598260926877,0,0,0,,0.9713895320892334,0.05352818965911865,0.0,False,False,1,False
51.650215748,965,51,700215749,map,5.431398391723633,-4.0741729736328125,-4.298038005828857,-0.02606182172894478,0.0,0.0,0.0,-0.0024689941607032684,8.386598712652132e-05,-0.9996556665003177,0.026123657250394637,0,0,0,,0.9357357025146484,-0.18036699295043945,0.0,False,False,1,False
51.75021575,966,51,750215750,map,5.384034633636475,1.6690349578857422,-6.660025119781494,-0.014465903863310814,0.0,0.0,0.0,-0.0023268084168892836,-0.002917372997842058,-0.9994952417271223,0.03154895659485205,0,0,0,,0.9368505477905273,-0.32772916555404663,0.0,False,False,1,False
51.75021575,967,51,800215750,map,5.448997974395752,-1.3175296783447266,0.04227161407470703,-0.006632041186094284,0.0,0.0,0.0,-0.0019102157606098388,-0.004028571196079142,-0.9992153396748221,0.039355134968589355,0,0,0,,0.9714028835296631,-0.03304320573806763,0.0,False,False,0,False
51.850215751,968,51,850215751,map,5.367587089538574,2.057638168334961,-2.711658477783203,0.0013214105274528265,0.0,0.0,0.0,-0.0014191298340331376,-0.004037406986604701,-0.9989388622697912,0.04585667740333928,0,0,0,,0.9784679412841797,-0.35898715257644653,0.0,False,False,0,False
51.850215751,969,51,900215752,map,5.82860803604126,-7.50117301940918,-9.422590255737305,-0.003007889026775956,0.0,0.0,0.0,-0.0016150100602785396,-0.006480055083704526,-0.9983468781428895,0.057086877046866775,0,0,0,,0.9864712953567505,-0.33104169368743896,0.0,False,False,2,False
51.950215753,970,51,950215753,map,6.101166725158691,-2.4458694458007812,-11.333560943603516,-0.011027335189282894,0.0,0.0,0.0,-0.0020046769518246074,-0.010464639765204974,-0.9971383599831881,0.07484359448170133,0,0,0,,0.9804161787033081,-0.4573841691017151,0.0,False,False,2,False
52.000215753,971,52,215753,map,6.564465045928955,-7.938356399536133,-5.421712398529053,-0.003875540569424629,0.0,0.0,0.0,-0.0025518327920012666,-0.01235571890814326,-0.9953380199379986,0.09561929944090163,0,0,0,,0.9672808647155762,-0.21536517143249512,0.0,False,False,2,False
52.050215754,972,52,50215754,map,6.843389511108398,-3.0059814453125,-7.79632568359375,0.011535260826349258,0.0,0.0,0.0,-0.0029642638300053483,-0.012768200148649314,-0.9931884483946662,0.11577949810007601,0,0,0,,0.9513626098632812,-0.4955615699291229,0.0,False,False,2,False
52.100215755,973,52,100215755,map,7.132102012634277,-0.9939002990722656,-11.844749450683594,-0.0030904775485396385,0.0,0.0,0.0,-0.0025222114519922543,-0.015001721214667404,-0.9900566561069752,0.13984421514050394,0,0,0,,0.9450452327728271,-0.49189653992652893,0.0,False,False,2,False
52.150215756,974,52,150215756,map,7.282698154449463,3.0771636962890625,-11.870131492614746,-0.011782455258071423,0.0,0.0,0.0,-0.001229244216098848,-0.018034471017078106,-0.9854383049971398,0.16906978990391858,0,0,0,,0.9743030071258545,-0.4961763620376587,0.0,False,False,2,False
52.200215756,975,52,200215756,map,7.537469863891602,1.6785907745361328,-11.864638328552246,-0.005918312817811966,0.0,0.0,0.0,0.0002355861784434387,-0.020427003887839055,-0.9792214042081204,0.2017625424899164,0,0,0,,0.9712439775466919,-0.49783897399902344,0.0,False,False,2,False
52.200215756,976,52,250215757,map,7.718135356903076,3.873262405395508,-11.016559600830078,0.001920128706842661,0.0,0.0,0.0,0.0017530334468787573,-0.022059716303928202,-0.971374309432386,0.23652113386562207,0,0,0,,0.9707640409469604,-0.4976433217525482,0.0,False,False,2,False
52.300215758,977,52,300215758,map,7.960302829742432,3.6983394622802734,-11.488170623779297,0.005768968258053064,0.0,0.0,0.0,0.003229119308170808,-0.023200749574677756,-0.9618806891364577,0.27246437909209353,0,0,0,,0.9722638130187988,-0.4979953169822693,0.0,False,False,2,False
52.350215759,978,52,350215759,map,8.139055252075195,5.794506072998047,-10.68140983581543,0.005811690352857113,0.0,0.0,0.0,0.004735915336532183,-0.024025026056339053,-0.950702647643193,0.30913564173860675,0,0,0,,0.9393610954284668,-0.4972987473011017,0.0,False,False,2,False
52.350215759,979,52,400215759,map,8.35022258758545,6.3037109375,-10.879268646240234,0.0045299530029296875,0.0,0.0,0.0,0.006250360504090367,-0.024662401244302717,-0.9378372072797011,0.3461416929528206,0,0,0,,0.9220525026321411,-0.49768954515457153,0.0,False,False,2,False
52.400215759,980,52,450215760,map,8.503815650939941,8.181943893432617,-9.775238037109375,0.002851104363799095,0.0,0.0,0.0,0.007826664990943658,-0.025135035533951824,-0.9232493097269222,0.38329842863307956,0,0,0,,0.7424411773681641,-0.49719053506851196,0.0,False,False,2,False
52.500215761,981,52,500215761,map,8.653708457946777,9.13198471069336,-9.219074249267578,0.0019433978013694286,0.0,0.0,0.0,0.009455109858562441,-0.025426774885035055,-0.9069930681559015,0.42027092967947755,0,0,0,,0.7622907161712646,-0.4965859055519104,0.0,False,False,2,False
52.550215762,982,52,550215762,map,8.76398754119873,10.562906265258789,-8.025426864624023,0.001368904486298561,0.0,0.0,0.0,0.011141120953225397,-0.025560157338092266,-0.8890646690455238,0.4569316885878354,0,0,0,,0.9578170776367188,-0.49531790614128113,0.0,False,False,2,False
52.600215762,983,52,600215762,map,8.905543327331543,10.872955322265625,-7.785711288452148,0.0011053087655454874,0.0,0.0,0.0,0.012744755470267837,-0.025556365609124887,-0.8695679912464432,0.49298676654093015,0,0,0,,0.9850536584854126,-0.4833875596523285,0.0,False,False,2,False
52.650215763,984,52,650215763,map,9.091567039489746,9.258866310119629,-7.223377227783203,0.008740042336285114,0.0,0.0,0.0,0.013752495069700017,-0.024971643713345877,-0.8491963110588105,0.5273072265517701,0,0,0,,0.9952554702758789,-0.411050409078598,0.0,False,False,2,False
52.700215764,985,52,700215764,map,9.350800514221191,4.847373962402344,-6.866054534912109,0.02606639824807644,0.0,0.0,0.0,0.01339917846729391,-0.023141838451682134,-0.8297597063586142,0.5574798176016278,0,0,0,,0.9744961261749268,-0.2611601948738098,0.0,False,False,2,False
52.700215764,986,52,750215765,map,9.574233055114746,7.106213569641113,-6.434783935546875,0.02191772311925888,0.0,0.0,0.0,0.012617674826356565,-0.021267150926995566,-0.8120273008161206,0.5830953312304177,0,0,0,,0.8770794868469238,-0.26897287368774414,0.0,False,False,2,False
52.800215765,987,52,800215765,map,9.756747245788574,8.992298126220703,-5.576210021972656,-0.004676436074078083,0.0,0.0,0.0,0.012482017659522187,-0.020288317393657725,-0.7947556356946573,0.606461922089147,0,0,0,,0.7673525810241699,-0.28172940015792847,0.0,False,False,2,False
52.850215766,988,52,850215766,map,9.8345365524292,12.91710090637207,-3.4360122680664062,-0.02130279317498207,0.0,0.0,0.0,0.013509412236146306,-0.02032882915466866,-0.7764774185193155,0.62967217900731,0,0,0,,0.48125970363616943,-0.40332892537117004,0.0,False,False,2,False
52.850215766,989,52,900215767,map,9.80985164642334,14.843452453613281,-0.5715751647949219,-0.03252048417925835,0.0,0.0,0.0,0.015810958307042197,-0.021015485483297642,-0.7555077704701055,0.6546116189975585,0,0,0,,0.2560003995895386,-0.4433307945728302,0.0,False,False,2,False
52.900215767,990,52,950215768,map,9.703743934631348,15.207998275756836,2.1980667114257812,-0.022222518920898438,0.0,0.0,0.0,0.01850867530043131,-0.021367276815743748,-0.731773662534339,0.6809612141973891,0,0,0,,0.239676833152771,-0.4813484847545624,0.0,False,False,2,False
52.950215768,991,53,215768,map,9.547066688537598,14.339305877685547,4.322490692138672,-0.0064861285500228405,0.0,0.0,0.0,0.021014594714930345,-0.021016463370820113,-0.7057217381302207,0.7078654698505997,0,0,0,,0.005447030067443848,-0.47588932514190674,0.0,False,False,2,False
53.000215768,992,53,50215769,map,9.326370239257812,12.774316787719727,6.478614807128906,0.009934995323419571,0.0,0.0,0.0,0.022931411916062183,-0.01983189201646841,-0.6783003471529494,0.7341590328115367,0,0,0,,0.0,-0.4490029215812683,0.1373605728149414,False,False,2,False
53.050215769,993,53,100215770,map,9.100556373596191,7.401375770568848,6.243534088134766,0.032938577234745026,0.0,0.0,0.0,0.023154413573223277,-0.017347254975335125,-0.6518653946287574,0.7577825896405876,0,0,0,,0.0,-0.2734031677246094,0.4733297824859619,False,False,2,False
53.10021577,994,53,150215771,map,8.825181007385254,-0.8078193664550781,5.472526550292969,0.06132717430591583,0.0,0.0,0.0,0.020355835389090807,-0.013021967185140135,-0.631138902717533,0.7752933340437991,0,0,0,,0.0,-0.0015431046485900879,0.7240204811096191,False,False,2,False
53.200215771,995,53,200215771,map,8.498109817504883,2.9594898223876953,7.533626556396484,0.036591336131095886,0.0,0.0,0.0,0.017138915059278597,-0.008975983943822098,-0.6171697409442677,0.7865921434680216,0,0,0,,0.0,-0.27547281980514526,0.6039819121360779,False,False,2,False
53.250215772,996,53,250215772,map,8.176356315612793,0.1401042938232422,6.72612190246582,-0.012893294915556908,0.0,0.0,0.0,0.014783594674678347,-0.0061155232920101525,-0.6069832314583541,0.7945535868849464,0,0,0,,0.0,-0.046477824449539185,0.5458298921585083,False,False,2,False
53.250215772,997,53,300215773,map,7.869148254394531,-1.5331220626831055,5.952577590942383,-0.015611839480698109,0.0,0.0,0.0,0.012043369172557303,-0.003467438425434593,-0.6013099032961083,0.798917601713571,0,0,0,,0.0,-0.003246128559112549,0.39716005325317383,False,False,2,False
53.350215774,998,53,350215774,map,7.574954986572266,-3.3681154251098633,5.160703659057617,-0.017600633203983307,0.0,0.0,0.0,0.009088331705301333,-0.001037206570211298,-0.599715988985994,0.8001606457355276,0,0,0,,0.0,0.04987359046936035,0.2949550747871399,False,False,2,False
53.400215774,999,53,400215774,map,7.303077697753906,-5.896093845367432,4.083337783813477,-0.017382048070430756,0.0,0.0,0.0,0.005846278519442798,0.0013823475272728264,-0.6019876626430685,0.7984827888992487,0,0,0,,0.0,0.1522444486618042,0.13999426364898682,False,False,2,False
53.400215774,1000,53,450215775,map,7.013494968414307,-5.633978843688965,4.658842086791992,-0.017510032281279564,0.0,0.0,0.0,0.0028339900650926385,0.0035599701776411153,-0.6077129867826824,0.7941437028701522,0,0,0,,0.0,0.15546751022338867,0.05642610788345337,False,False,2,False
53.450215775,1001,53,500215776,map,6.818295955657959,-5.109808444976807,2.9847145080566406,-0.015201186761260033,0.0,0.0,0.0,0.0005949444530535587,0.005073873070247655,-0.6153878851604194,0.7882078740097382,0,0,0,,0.08886873722076416,0.1749303936958313,0.0,False,False,2,False
53.550215777,1002,53,550215777,map,6.558994293212891,-4.682320594787598,4.492959976196289,-0.008819580078125,0.0,0.0,0.0,-0.0008276560945518104,0.005976413844066416,-0.6239285225685788,0.7814581218391322,0,0,0,,0.16998636722564697,0.1733921766281128,0.0,False,False,2,False
53.550215777,1003,53,600215777,map,6.438667297363281,-3.0667710304260254,2.009763717651367,-0.0023059844970703125,0.0,0.0,0.0,-0.001572041595073037,0.006187557156854479,-0.6326989981359942,0.7743715003661764,0,0,0,,0.26750636100769043,0.16048967838287354,0.0,False,False,2,False
53.650215778,1004,53,650215778,map,6.23805570602417,-3.1414413452148438,3.677206039428711,0.0018482207087799907,0.0,0.0,0.0,-0.001900646219181241,0.0060589537946762195,-0.6408905303442011,0.767606021822388,0,0,0,,0.2802145481109619,0.15271210670471191,0.0,False,False,2,False
53.700215779,1005,53,700215779,map,6.1565775871276855,-2.267690896987915,1.4202117919921875,0.002931594382971525,0.0,0.0,0.0,-0.0020308051175422803,0.005696090856815822,-0.6487937747174886,0.7609402527579666,0,0,0,,0.2781028747558594,0.14254987239837646,0.0,False,False,2,False
53.700215779,1006,53,750215779,map,6.055680274963379,-1.2754303216934204,1.9197463989257812,0.0036859514657408,0.0,0.0,0.0,-0.0018657629874902504,0.004993136753337175,-0.6553399188703901,0.7553152840031688,0,0,0,,0.09485328197479248,0.10830390453338623,0.0,False,False,2,False
53.80021578,1007,53,800215780,map,6.106715679168701,-1.252126693725586,-1.1138343811035156,0.002495383843779564,0.0,0.0,0.0,-0.0019352540617306453,0.004154676085896935,-0.6613243245089516,0.7500860825739383,0,0,0,,0.0,0.10520720481872559,0.015018641948699951,False,False,0,False
53.850215781,1008,53,850215781,map,5.8272504806518555,-1.0672587156295776,5.53257942199707,0.0013294219970703125,0.0,0.0,0.0,-0.0016558416583061176,0.003510591192127795,-0.6663447567960433,0.7456336895743823,0,0,0,,0.0,0.08679670095443726,0.047562241554260254,False,False,0,False
53.900215782000004,1009,53,900215782,map,5.376263618469238,-1.728927493095398,8.937845230102539,-0.00048751826398074627,0.0,0.0,0.0,-0.0005570212586404246,0.003803319614548021,-0.6721549314849146,0.7404005487354375,0,0,0,,0.06156158447265625,0.09833735227584839,0.0,False,False,1,False
53.950215782,1010,53,950215782,map,4.86960506439209,-0.867638885974884,10.103235244750977,-0.0013904570369049907,0.0,0.0,0.0,0.0008288866748880728,0.004272836540298044,-0.6765998506999508,0.736338032324546,0,0,0,,0.08057236671447754,0.06795823574066162,0.0,False,False,1,False
54.000215783,1011,54,215783,map,4.5220441818237305,-1.3967394828796387,6.900806427001953,-0.05713138356804848,0.0,0.0,0.0,0.0016298669582809557,0.004671636481105468,-0.6799358345719041,0.7332549217095613,0,0,0,,0.2967265844345093,0.07289296388626099,0.0,False,False,1,False
54.050215784,1012,54,50215784,map,4.223581790924072,-1.1467902660369873,5.9389495849609375,0.03253364562988281,0.0,0.0,0.0,0.002044203139270019,0.0048858024113833535,-0.6825629414953958,0.7308076224735723,0,0,0,,0.42263340950012207,0.07304501533508301,0.0,False,False,1,False
54.100215785,1013,54,100215785,map,4.013792991638184,-0.6549198627471924,4.183855056762695,0.020317457616329193,0.0,0.0,0.0,0.0021710108532070568,0.00471391112511437,-0.6848355574816897,0.7286791646277003,0,0,0,,0.5335965156555176,0.06737470626831055,0.0,False,False,1,False
54.150215785,1014,54,150215785,map,3.8849942684173584,-0.29036945104599,2.5720882415771484,0.011634444817900658,0.0,0.0,0.0,0.0020692481193559185,0.004175716389911129,-0.686820870596403,0.7268117867220169,0,0,0,,0.5885175466537476,0.0594707727432251,0.0,False,False,1,False
54.200215786,1015,54,200215786,map,3.8193774223327637,-0.15600286424160004,1.3105964660644531,0.0055141448974609375,0.0,0.0,0.0,0.0017728096184016816,0.00342249329695164,-0.6885772539065549,0.7251527487972429,0,0,0,,0.6086077690124512,0.05360090732574463,0.0,False,False,1,False
54.250215787,1016,54,250215787,map,3.796823024749756,-0.3310558497905731,0.4482269287109375,0.0012285227421671152,0.0,0.0,0.0,0.0012970713496598036,0.0026574895561428634,-0.6902642871774209,0.7235512899598893,0,0,0,,0.6022050380706787,0.05482417345046997,0.0,False,False,1,False
54.300215788,1017,54,300215788,map,3.801206588745117,-0.1508122682571411,-0.08850574493408203,-0.0013326643966138363,0.0,0.0,0.0,0.0007948105571681929,0.001919523511071755,-0.6918733406728574,0.7220159029909583,0,0,0,,0.5965588092803955,0.05044752359390259,0.0,False,False,1,False
54.300215788,1018,54,350215788,map,3.8218328952789307,-0.18912222981452942,-0.4131507873535156,-0.0024341577664017677,0.0,0.0,0.0,0.00032206552186126244,0.0012771644412936983,-0.6934105419829818,0.7205415223230768,0,0,0,,0.6011331081390381,0.048625826835632324,0.0,False,False,1,False
54.400215789,1019,54,400215789,map,3.8526268005371094,-0.3851741850376129,-0.6157016754150391,-0.0027328492142260075,0.0,0.0,0.0,-0.0001332068604430975,0.0007998749286387637,-0.6949775326472318,0.7190309948615543,0,0,0,,0.6058149337768555,0.051593661308288574,0.0,False,False,1,False
54.45021579,1020,54,450215790,map,3.889960765838623,-0.29724374413490295,-0.7452392578125,-0.0024248124100267887,0.0,0.0,0.0,-0.0005068252809422332,0.00043529473077642345,-0.6965588752954525,0.7174993288455164,0,0,0,,0.6061865091323853,0.050389766693115234,0.0,False,False,1,False
54.500215791,1021,54,500215791,map,3.930718183517456,0.10331925004720688,-0.8157920837402344,-0.0018077850108966231,0.0,0.0,0.0,-0.000700105457062806,6.959038562547422e-05,-0.697959885402361,0.7161365116921844,0,0,0,,0.600806474685669,0.03972887992858887,0.0,False,False,1,False
54.550215791,1022,54,550215791,map,3.9706883430480957,-0.3627537190914154,-0.7966518402099609,-0.00131645193323493,0.0,0.0,0.0,-0.0008872079279259472,-0.00014404593991765454,-0.6993384801826664,0.7147900966358293,0,0,0,,0.5852694511413574,0.044537365436553955,0.0,False,False,1,False
54.600215792,1023,54,600215792,map,4.009941101074219,0.027868151664733887,-0.785365104675293,-0.0008356093894690275,0.0,0.0,0.0,-0.0009683164384562349,-0.00033239189932156456,-0.7006070179212763,0.7135466055685197,0,0,0,,0.5951114892959595,0.03620278835296631,0.0,False,False,1,False
54.650215793,1024,54,650215793,map,4.047999382019043,-0.48324906826019287,-0.7552337646484375,-0.00043334963265806437,0.0,0.0,0.0,-0.0010921552913852168,-0.0003793743859834215,-0.7019270651754338,0.7122478911489292,0,0,0,,0.5889208316802979,0.04355806112289429,0.0,False,False,1,False
54.650215793,1025,54,700215794,map,4.08639669418335,-0.04682019352912903,-0.7673072814941406,-0.0001756668061716482,0.0,0.0,0.0,-0.0011307420273255332,-0.0004438100674810474,-0.7031843838010925,0.7110065026660232,0,0,0,,0.602157473564148,0.035965561866760254,0.0,False,False,1,False
54.750215794,1026,54,750215794,map,4.12502384185791,-0.21681368350982666,-0.7689762115478516,-0.00012454984243959188,0.0,0.0,0.0,-0.0011509191468063625,-0.0004856857749437041,-0.7043801139097583,0.7098218752778203,0,0,0,,0.5977513790130615,0.03597736358642578,0.0,False,False,1,False
54.750215794,1027,54,800215795,map,4.160467147827148,-0.03858223557472229,-0.7082748413085938,1.4877296052873135e-05,0.0,0.0,0.0,-0.001125239416469089,-0.00054040633075337,-0.7054757413054943,0.7087329682092661,0,0,0,,0.5673524141311646,0.030795931816101074,0.0,False,False,1,False
54.850215796,1028,54,850215796,map,4.192984104156494,-0.007124543190002441,-0.6503200531005859,8.010865713004023e-05,0.0,0.0,0.0,-0.001065066990055396,-0.0005977284503040542,-0.706441563871442,0.7077703195160685,0,0,0,,0.5887057781219482,0.026687443256378174,0.0,False,False,1,False
54.900215797,1029,54,900215797,map,4.2252116203308105,0.19612431526184082,-0.6480216979980469,0.00011787413677666336,0.0,0.0,0.0,-0.0009551930340782448,-0.0006909400775812371,-0.7072083138823788,0.7070042510365264,0,0,0,,0.5875121355056763,0.018692314624786377,0.0,False,False,1,False
54.900215797,1030,54,950215797,map,4.2555975914001465,-0.18386930227279663,-0.6046772003173828,3.62396240234375e-05,0.0,0.0,0.0,-0.0009209032915149779,-0.0007005667106195309,-0.7079312363673197,0.7062804157831715,0,0,0,,0.5748380422592163,0.022045254707336426,0.0,False,False,1,False
55.000215798,1031,55,215798,map,4.285845756530762,-0.02597793936729431,-0.6045913696289062,2.9945376809337176e-05,0.0,0.0,0.0,-0.0008968868687198762,-0.0006965144554390941,-0.7086117632982455,0.7055976752915996,0,0,0,,0.5984969139099121,0.018754243850708008,0.0,False,False,1,False
55.050215799,1032,55,50215799,map,4.316826820373535,0.263637900352478,-0.6240940093994141,5.836486161570065e-05,0.0,0.0,0.0,-0.0008084634565025688,-0.0007648452940607319,-0.7091029104785902,0.7051041226296355,0,0,0,,0.5878117084503174,0.010004222393035889,0.0,False,False,1,False
55.1002158,1033,55,100215800,map,4.346625804901123,0.15556395053863525,-0.5982398986816406,-1.2016294022032525e-05,0.0,0.0,0.0,-0.0007240624594292433,-0.0008327863855633653,-0.7094289796163337,0.7047760673298423,0,0,0,,0.5824893712997437,0.006984591484069824,0.0,False,False,1,False
55.1502158,1034,55,150215800,map,4.376407623291016,-0.14989763498306274,-0.5935955047607422,-5.912784217798617e-06,0.0,0.0,0.0,-0.0007283219589003726,-0.0008127262371036602,-0.7097612814718618,0.704441432871895,0,0,0,,0.5978447198867798,0.010798811912536621,0.0,False,False,1,False
55.200215801,1035,55,200215801,map,4.407219886779785,-0.1539386808872223,-0.6139183044433594,1.6784670151537284e-05,0.0,0.0,0.0,-0.0007772906202389271,-0.0007544943083385988,-0.7101470467217547,0.7040525538551794,0,0,0,,0.5965735912322998,0.011965811252593994,0.0,False,False,1,False
55.250215802,1036,55,250215802,map,4.437262058258057,0.4196619987487793,-0.6067848205566406,4.196166628389619e-05,0.0,0.0,0.0,-0.00070287557118432,-0.0008247619502681189,-0.7103319132096876,0.7038660375451579,0,0,0,,0.585403323173523,-0.00030556321144104004,0.0,False,False,1,False
55.300215803,1037,55,300215803,map,4.464574337005615,-0.11621296405792236,-0.5448627471923828,-6.67572021484375e-06,0.0,0.0,0.0,-0.0006896412387919881,-0.000827307339984493,-0.7104711254310112,0.7037255288010513,0,0,0,,0.5720850229263306,0.005068957805633545,0.0,False,False,1,False
55.300215803,1038,55,350215803,map,4.4902496337890625,-0.09470067918300629,-0.5122947692871094,5.5313107623078395e-06,0.0,0.0,0.0,-0.0007161012824495605,-0.0007797766012511663,-0.710656412753217,0.7035384439816597,0,0,0,,0.5882030725479126,0.005956828594207764,0.0,False,False,1,False
55.350215803,1039,55,400215804,map,4.5151753425598145,-0.03925837576389313,-0.49800872802734375,-1.029968279908644e-05,0.0,0.0,0.0,-0.0007344594375724903,-0.0007378526148080185,-0.710848431953309,0.7033444553932129,0,0,0,,0.5776749849319458,0.005276620388031006,0.0,False,False,1,False
55.450215805,1040,55,450215805,map,4.535650730133057,0.24062514305114746,-0.4126262664794922,1.5258788153005298e-06,0.0,0.0,0.0,-0.0006755093702694988,-0.0007647298745192998,-0.7109174716918494,0.7032747026010377,0,0,0,,0.5474754571914673,-0.001215904951095581,0.0,False,False,1,False
55.500215806,1041,55,500215806,map,4.547674655914307,0.2774176597595215,-0.24323463439941406,3.2806394301587716e-05,0.0,0.0,0.0,-0.000566236245309852,-0.0008159982226205424,-0.7108228258123214,0.7033704030079752,0,0,0,,0.5171639919281006,-0.005602896213531494,0.0,False,False,1,False
55.500215806,1042,55,550215806,map,4.5557942390441895,0.040588006377220154,-0.16272544860839844,3.261566234868951e-05,0.0,0.0,0.0,-0.000498522195152694,-0.0007999679334690004,-0.7106881496678032,0.7035065496842801,0,0,0,,0.5603421926498413,-0.0035931766033172607,0.0,False,False,1,False
55.600215807,1043,55,600215807,map,4.562036991119385,0.15320318937301636,-0.12594223022460938,4.5967099140398204e-05,0.0,0.0,0.0,-0.00043883500876046636,-0.0007748618044886727,-0.7105152281021893,0.7036812614017182,0,0,0,,0.5274144411087036,-0.005910754203796387,0.0,False,False,1,False
55.650215808,1044,55,650215808,map,4.5661301612854,-0.04883673042058945,-0.08154869079589844,-4.482269287109375e-05,0.0,0.0,0.0,-0.00042482486739662986,-0.0007057697000160136,-0.7103708929033214,0.7038270497279148,0,0,0,,0.5484822988510132,-0.002845078706741333,0.0,False,False,1,False
55.700215809,1045,55,700215809,map,4.569828510284424,0.4031084179878235,-0.07579803466796875,2.88009596260963e-05,0.0,0.0,0.0,-0.0003355221204734604,-0.0007250348378344978,-0.7100957509685206,0.704104669921911,0,0,0,,0.5407674312591553,-0.011637717485427856,0.0,False,False,1,False
55.750215809,1046,55,750215809,map,4.570140361785889,-0.21870839595794678,-0.0054645538330078125,-2.403258804406505e-05,0.0,0.0,0.0,-0.00034976656066189305,-0.0006479363301998594,-0.7098879353129461,0.7043142602127174,0,0,0,,0.512779712677002,-0.0023960471153259277,0.0,False,False,1,False
55.80021581,1047,55,800215810,map,4.568510055541992,-0.23407265543937683,0.034008026123046875,-2.5939938495866954e-05,0.0,0.0,0.0,-0.0004234432466816477,-0.0005118084484033131,-0.7098490780561395,0.7043534944406663,0,0,0,,0.5418872833251953,0.0018842220306396484,0.0,False,False,1,False
55.850215811,1048,55,850215811,map,4.566352367401123,0.05459971725940704,0.04277229309082031,1.3160702110326383e-05,0.0,0.0,0.0,-0.0004371217833728382,-0.00044564112478590403,-0.7098278791126622,0.7043748947563039,0,0,0,,0.5211617946624756,-0.001382201910018921,0.0,False,False,1,False
55.900215812,1049,55,900215812,map,4.558907508850098,0.2974713146686554,0.14739990234375,-8.010861165530514e-06,0.0,0.0,0.0,-0.00035346051891793964,-0.00047525677977747053,-0.7096683466809753,0.7045356534028252,0,0,0,,0.4890173673629761,-0.007739633321762085,0.0,False,False,1,False
55.900215812,1050,55,950215812,map,4.545453071594238,0.12673281133174896,0.2687358856201172,-1.1825563888123725e-05,0.0,0.0,0.0,-0.00026799786142808096,-0.0004900309546239907,-0.7094283649920891,0.704777328658819,0,0,0,,0.4884068965911865,-0.007476091384887695,0.0,False,False,1,False
55.950215812,1051,56,215813,map,4.531738758087158,-0.4927603602409363,0.276641845703125,-1.1253355296503287e-05,0.0,0.0,0.0,-0.00033910740096896843,-0.0003430980949470463,-0.7094119812205246,0.7047938763855984,0,0,0,,0.5257830619812012,0.005721569061279297,0.0,False,False,1,False
56.050215814,1052,56,50215814,map,4.519687652587891,0.19392657279968262,0.23978233337402344,2.765655517578125e-05,0.0,0.0,0.0,-0.0003272777916646368,-0.00029775149473656786,-0.7094021945888254,0.7048037532149306,0,0,0,,0.5076208114624023,-0.0026845037937164307,0.0,False,False,1,False
56.100215815,1053,56,100215815,map,4.506519317626953,0.04214830696582794,0.26314735412597656,2.0790093913092278e-05,0.0,0.0,0.0,-0.00028882173932859463,-0.0002934967324028037,-0.7093362635529626,0.7048701267966979,0,0,0,,0.5015523433685303,-0.0023154020309448242,0.0,False,False,1,False
56.150215815,1054,56,150215815,map,4.492376327514648,0.7050924301147461,0.2821540832519531,-6.961821782169864e-05,0.0,0.0,0.0,-0.00010696776642212709,-0.0004407330765637481,-0.7089807466389842,0.7052276903294996,0,0,0,,0.5064618587493896,-0.01760733127593994,0.0,False,False,1,False
56.200215816,1055,56,200215816,map,4.480429649353027,0.0073217786848545074,0.23895263671875,-1.3732910701946821e-05,0.0,0.0,0.0,-3.694825231068764e-05,-0.0004886294599222344,-0.7085652428203917,0.705645134995599,0,0,0,,0.524182915687561,-0.010300695896148682,0.0,False,False,1,False
56.250215817,1056,56,250215817,map,4.474646091461182,-0.41894102096557617,0.11539459228515625,3.871917579090223e-05,0.0,0.0,0.0,-0.00015597280671211848,-0.0003744671279650406,-0.7084010470138031,0.7058100254577016,0,0,0,,0.5604779720306396,0.0012200474739074707,0.0,False,False,1,False
56.300215817,1057,56,300215817,map,4.476049423217773,-0.40835633873939514,-0.026445388793945312,-3.356933666509576e-05,0.0,0.0,0.0,-0.00034624391941795235,-0.00022722459311730415,-0.7085043436202403,0.7057063295418178,0,0,0,,0.5618588924407959,0.007421433925628662,0.0,False,False,1,False
56.350215818,1058,56,350215818,map,4.481777667999268,0.08724655956029892,-0.11507034301757812,5.149840944795869e-06,0.0,0.0,0.0,-0.0004241677309903246,-0.00022092242289406376,-0.7086094435905862,0.7056007566104637,0,0,0,,0.5575754642486572,0.0011720061302185059,0.0,False,False,1,False
56.400215819,1059,56,400215819,map,4.488325119018555,-0.09530801326036453,-0.13040542602539062,-8.96453821042087e-06,0.0,0.0,0.0,-0.0004743799617545024,-0.00024902642493890704,-0.7087040888036514,0.7055056537423905,0,0,0,,0.5431270599365234,0.0031792521476745605,0.0,False,False,1,False
56.400215819,1060,56,450215820,map,4.493062496185303,0.19521546363830566,-0.09576797485351562,-3.337859743623994e-05,0.0,0.0,0.0,-0.0004510596188754528,-0.00033666025060098264,-0.7087093602388758,0.7055003372890045,0,0,0,,0.5324392318725586,-0.0023672282695770264,0.0,False,False,1,False
56.45021582,1061,56,500215820,map,4.49639368057251,0.13344773650169373,-0.06707191467285156,-1.754760705807712e-05,0.0,0.0,0.0,-0.00040463844239083677,-0.00042451885130202175,-0.7086231149374442,0.7055869450520109,0,0,0,,0.5393013954162598,-0.00374680757522583,0.0,False,False,1,False
56.550215821,1062,56,550215821,map,4.499459266662598,-0.03292229026556015,-0.06121635437011719,-7.247926987474784e-06,0.0,0.0,0.0,-0.00039855816596439937,-0.0004544410498744937,-0.7085461903105783,0.7056641770921109,0,0,0,,0.539460301399231,-0.001391291618347168,0.0,False,False,1,False
56.600215822,1063,56,600215822,map,4.502363204956055,-0.16273760795593262,-0.0574493408203125,-9.91821252682712e-06,0.0,0.0,0.0,-0.0004426925867443257,-0.00042245806174494305,-0.7085597878581137,0.7056505173121641,0,0,0,,0.5401453971862793,0.0023910999298095703,0.0,False,False,1,False
56.600215822,1064,56,650215823,map,4.505252838134766,-0.009212829172611237,-0.05774497985839844,3.9291378925554454e-05,0.0,0.0,0.0,-0.00046607343494743767,-0.0004047208521821662,-0.7086034426609233,0.7056066751566857,0,0,0,,0.5404262542724609,0.001164555549621582,0.0,False,False,1,False
56.700215823,1065,56,700215823,map,4.507380485534668,-0.06813250482082367,-0.0421905517578125,1.7166121324407868e-06,0.0,0.0,0.0,-0.0004826678883081876,-0.00038847005050853445,-0.7086664941912951,0.7055433481603723,0,0,0,,0.5327497720718384,0.0023082494735717773,0.0,False,False,1,False
56.750215824,1066,56,750215824,map,4.50804328918457,-0.0014951080083847046,-0.013246536254882812,1.3542176020564511e-05,0.0,0.0,0.0,-0.0004801162223394677,-0.00038435080502452257,-0.7087283120094399,0.7054812552570917,0,0,0,,0.5295889377593994,0.0014980435371398926,0.0,False,False,1,False
56.800215825,1067,56,800215825,map,4.507706642150879,-0.03427598625421524,0.0069332122802734375,2.880096508306451e-05,0.0,0.0,0.0,-0.00047314266630256517,-0.0003780833628221205,-0.7087925677649303,0.7054167059761094,0,0,0,,0.5316989421844482,0.0019780397415161133,0.0,False,False,1,False
56.850215826,1068,56,850215826,map,4.507386207580566,-0.11696044355630875,0.007190704345703125,-2.5367735361214727e-05,0.0,0.0,0.0,-0.0004853405812486975,-0.00035102018663607016,-0.708899890699888,0.7053088587243432,0,0,0,,0.5365798473358154,0.004068493843078613,0.0,False,False,1,False
56.900215826,1069,56,900215826,map,4.508103370666504,-0.20585015416145325,-0.0125885009765625,2.5176999770337716e-05,0.0,0.0,0.0,-0.0005268508701140686,-0.0002989264078592361,-0.7090935458171475,0.7051141583826184,0,0,0,,0.5431342124938965,0.007274150848388672,0.0,False,False,1,False
56.950215827,1070,56,950215827,map,4.507718086242676,0.3612821102142334,0.004940032958984375,-1.8310545783606358e-05,0.0,0.0,0.0,-0.0004476292746207078,-0.0003718277388830881,-0.7091391411947549,0.7050683227870405,0,0,0,,0.5187876224517822,-0.003315061330795288,0.0,False,False,1,False
57.000215828,1071,57,215828,map,4.504705429077148,0.39198434352874756,0.05889892578125,2.47955313170678e-06,0.0,0.0,0.0,-0.0003039803198348821,-0.0005017131860962653,-0.7089546458585488,0.7052538308973755,0,0,0,,0.5211904048919678,-0.00929209589958191,0.0,False,False,1,False
57.000215828,1072,57,50215829,map,4.500863552093506,0.1646609753370285,0.07677078247070312,-2.86102294921875e-05,0.0,0.0,0.0,-0.0002128212599974691,-0.0005727546538794991,-0.7086759521438415,0.7055338556810987,0,0,0,,0.5257591009140015,-0.00864514708518982,0.0,False,False,1,False
57.100215829,1073,57,100215829,map,4.497343063354492,0.6031507849693298,0.07276535034179688,-2.0217894416418858e-05,0.0,0.0,0.0,-6.673026869892827e-05,-0.000698775626076513,-0.7081811253876473,0.7060304532414882,0,0,0,,0.5336441993713379,-0.019441962242126465,0.0,False,False,1,False
57.15021583,1074,57,150215830,map,4.4924492835998535,-0.08759189397096634,0.09728431701660156,-8.010865713004023e-06,0.0,0.0,0.0,-6.046897496777079e-05,-0.000687165152525592,-0.7077142984248781,0.7064984047770658,0,0,0,,0.5038378238677979,-0.010276496410369873,0.0,False,False,1,False
57.200215831,1075,57,200215831,map,4.484643459320068,-0.40646833181381226,0.15448570251464844,0.0001087188720703125,0.0,0.0,0.0,-0.0002004067269143585,-0.0005217557318043407,-0.7075177936261559,0.7066953086801103,0,0,0,,0.5125722885131836,0.00020360946655273438,0.0,False,False,1,False
57.200215831,1076,57,250215832,map,4.47670316696167,-0.3110584616661072,0.1587963104248047,-1.106262243411038e-05,0.0,0.0,0.0,-0.0003526491287458507,-0.0003416712913324477,-0.7075467922925979,0.7066663255142246,0,0,0,,0.5208334922790527,0.0042877197265625,0.0,False,False,1,False
57.300215832,1077,57,300215832,map,4.471354961395264,-0.20638220012187958,0.10755538940429688,-2.593994213384576e-05,0.0,0.0,0.0,-0.00045503951243917493,-0.00022097110021966987,-0.7076913134220283,0.7065215842547341,0,0,0,,0.5406945943832397,0.0056642889976501465,0.0,False,False,1,False
57.350215833,1078,57,350215833,map,4.471653461456299,-0.37437641620635986,-0.003681182861328125,2.536773718020413e-05,0.0,0.0,0.0,-0.0005658577652582135,-0.00011645048563754329,-0.7079801487946695,0.7062320972293398,0,0,0,,0.5655757188796997,0.011346995830535889,0.0,False,False,1,False
57.400215834,1079,57,400215834,map,4.4759626388549805,0.031385794281959534,-0.0864410400390625,-1.8501283193472773e-05,0.0,0.0,0.0,-0.0005887094688100914,-0.0001288113367479704,-0.7082537982376316,0.7059576432837661,0,0,0,,0.5458824634552002,0.006095707416534424,0.0,False,False,1,False
57.450215835,1080,57,450215835,map,4.4822492599487305,0.436096727848053,-0.12808799743652344,-1.71661376953125e-05,0.0,0.0,0.0,-0.0004742041259792925,-0.0002921443997526469,-0.7082850522291929,0.7059263237553803,0,0,0,,0.5616254806518555,-0.004714787006378174,0.0,False,False,1,False
57.450215835,1081,57,500215835,map,4.492489814758301,0.0005215778946876526,-0.2048206329345703,2.9945371352368966e-05,0.0,0.0,0.0,-0.00042245142553060284,-0.00040342872697845427,-0.7082369149604906,0.7059745966161262,0,0,0,,0.5734727382659912,-0.0010723769664764404,0.0,False,False,1,False
57.500215835,1082,57,550215836,map,4.504528045654297,0.44127368927001953,-0.2409839630126953,-3.814697265625e-05,0.0,0.0,0.0,-0.0003298290851470025,-0.0005606976688815775,-0.708026014386459,0.7061860518184456,0,0,0,,0.5591123104095459,-0.010328948497772217,0.0,False,False,1,False
57.600215837,1083,57,600215837,map,4.514280796051025,0.5820692181587219,-0.19205093383789062,-2.765655517578125e-05,0.0,0.0,0.0,-0.00018439925864403704,-0.0007577719810809606,-0.7075475039094592,0.7066653532543051,0,0,0,,0.5375891923904419,-0.01868608593940735,0.0,False,False,1,False
57.650215838,1084,57,650215838,map,4.5236992835998535,-1.3181251287460327,-0.18980979919433594,3.0517571758537088e-06,0.0,0.0,0.0,-0.00046310960866023616,-0.0005106848722662398,-0.7076054522022208,0.7066074219424406,0,0,0,,0.5769772529602051,0.018197298049926758,0.0,False,False,1,False
57.650215838,1085,57,700215838,map,4.537325382232666,0.845405101776123,-0.27380943298339844,-1.6784666513558477e-05,0.0,0.0,0.0,-0.0004460567760731027,-0.0005609861929174297,-0.7075394065592198,0.7066735275172482,0,0,0,,0.5734808444976807,-0.01209348440170288,0.0,False,False,1,False
57.750215839,1086,57,750215839,map,4.55490779876709,-0.84546959400177,-0.3503704071044922,-6.866457624710165e-06,0.0,0.0,0.0,-0.0006094421670173503,-0.0004391194001990838,-0.7076730538333409,0.7065396553857334,0,0,0,,0.5986698865890503,0.01336205005645752,0.0,False,False,1,False
57.80021584,1087,57,800215840,map,4.577860355377197,-0.48668235540390015,-0.45477867126464844,-2.136229886673391e-05,0.0,0.0,0.0,-0.0008210997145974967,-0.0002850763773564332,-0.7081212408349743,0.7060903290692022,0,0,0,,0.6040050983428955,0.01665431261062622,0.0,False,False,1,False
57.80021584,1088,57,850215841,map,4.602829456329346,0.1726001501083374,-0.5012226104736328,7.057183211145457e-06,0.0,0.0,0.0,-0.0008497967893672327,-0.0003247371438910495,-0.7084896446355045,0.7057206216594927,0,0,0,,0.5856863260269165,0.006342589855194092,0.0,False,False,1,False
57.850215841,1089,57,900215841,map,4.628855228424072,-0.23133933544158936,-0.5180644989013672,-2.3078915546648204e-05,0.0,0.0,0.0,-0.0008751812999838286,-0.0003629314574829264,-0.7088451271975992,0.7053635147827456,0,0,0,,0.60491943359375,0.01108163595199585,0.0,False,False,1,False
57.950215842,1090,57,950215842,map,4.654839038848877,0.6259984970092773,-0.5250453948974609,7.514953176723793e-05,0.0,0.0,0.0,-0.0007284262949201677,-0.0005661651793006912,-0.7089196130308913,0.7052886863634308,0,0,0,,0.5827863216400146,-0.005907952785491943,0.0,False,False,1,False
58.000215843,1091,58,215843,map,4.678089618682861,0.6337997913360596,-0.4661273956298828,-4.177093069301918e-05,0.0,0.0,0.0,-0.0005031037586567538,-0.0008270732447737779,-0.7086195163614978,0.7055901387264796,0,0,0,,0.5754573345184326,-0.014696329832077026,0.0,False,False,1,False
58.000215843,1092,58,50215844,map,4.700037956237793,-0.5962947010993958,-0.4380512237548828,9.91821252682712e-06,0.0,0.0,0.0,-0.0005641918323759125,-0.0007794627574631292,-0.7085243405101238,0.7056857183123946,0,0,0,,0.586336612701416,0.0055678486824035645,0.0,False,False,1,False
58.050215844,1093,58,100215844,map,4.7183380126953125,0.5619559288024902,-0.36696434020996094,3.6239589462638833e-06,0.0,0.0,0.0,-0.0005041779480512002,-0.0008337178670856317,-0.7083381041764387,0.7058726378680812,0,0,0,,0.5487818717956543,-0.010956406593322754,0.0,False,False,1,False
58.100215844,1094,58,150215845,map,4.730598449707031,0.3353113532066345,-0.24419784545898438,-2.4986265998450108e-05,0.0,0.0,0.0,-0.0003925635851378815,-0.000910058632193046,-0.7079544631455841,0.706257386368005,0,0,0,,0.5450617074966431,-0.013039588928222656,0.0,False,False,1,False
58.200215846,1095,58,200215846,map,4.738207817077637,-0.005544833838939667,-0.15221595764160156,4.482269287109375e-05,0.0,0.0,0.0,-0.0003632099109244644,-0.000879208912521044,-0.7075874007540668,0.706625194402487,0,0,0,,0.5404685735702515,-0.008318096399307251,0.0,False,False,1,False
58.250215847,1096,58,250215847,map,4.741405487060547,0.2238640934228897,-0.06262779235839844,4.253387305652723e-05,0.0,0.0,0.0,-0.0003208707542129084,-0.0008441366728484229,-0.7071992511535464,0.7070137223867013,0,0,0,,0.531818151473999,-0.0116901695728302,0.0,False,False,1,False
58.250215847,1097,58,300215847,map,4.740581035614014,0.09079158306121826,0.017175674438476562,2.155303991457913e-05,0.0,0.0,0.0,-0.0002897638093583851,-0.0007876327882932609,-0.7068025270911524,0.7074104066021975,0,0,0,,0.526576042175293,-0.010393291711807251,0.0,False,False,1,False
58.350215848,1098,58,350215848,map,4.737764358520508,-0.1384974718093872,0.05532264709472656,2.8038022719556466e-05,0.0,0.0,0.0,-0.00031971555504012653,-0.0006697674592356807,-0.7065128382188904,0.7076998365305748,0,0,0,,0.5374231338500977,-0.0051288604736328125,0.0,False,False,1,False
58.400215849,1099,58,400215849,map,4.737329483032227,-0.8918188810348511,0.0070095062255859375,2.0408628188306466e-05,0.0,0.0,0.0,-0.000544175906889533,-0.0003749018085297709,-0.7066564215222411,0.7075565456149757,0,0,0,,0.5710217952728271,0.01424562931060791,0.0,False,False,1,False
58.45021585,1100,58,450215850,map,4.74298095703125,-0.4641309678554535,-0.11058807373046875,-4.4250486098462716e-05,0.0,0.0,0.0,-0.0007438097846983702,-0.00014346619925535307,-0.707105872141455,0.7071072844678706,0,0,0,,0.580498456954956,0.01575756072998047,0.0,False,False,1,False
58.500215850000004,1101,58,500215850,map,4.749586582183838,0.30662786960601807,-0.13398170471191406,1.0108947208209429e-05,0.0,0.0,0.0,-0.0007119579397403588,-0.0001760185427065537,-0.7074050795048072,0.7068079764859491,0,0,0,,0.5421394109725952,0.00257951021194458,0.0,False,False,1,False
58.550215851,1102,58,550215851,map,4.754559516906738,-0.5907599925994873,-0.0949859619140625,9.15527380129788e-06,0.0,0.0,0.0,-0.0007722039202162183,-0.00012124342109937449,-0.7078191790874272,0.7063932323551374,0,0,0,,0.559167742729187,0.016584575176239014,0.0,False,False,1,False
58.600215852,1103,58,600215852,map,4.761245250701904,-0.6291170120239258,-0.12493133544921875,-8.60214204294607e-05,0.0,0.0,0.0,-0.0009091542641826606,7.097809747099793e-06,-0.7085148569634953,0.7056953102084094,0,0,0,,0.5713423490524292,0.02390289306640625,0.0,False,False,1,False
58.650215853,1104,58,650215853,map,4.7674336433410645,-0.049138665199279785,-0.12292861938476562,1.4495850336970761e-05,0.0,0.0,0.0,-0.0009194165648779892,4.545420128787667e-06,-0.709211103956396,0.7049955777715697,0,0,0,,0.5384125709533691,0.01660919189453125,0.0,False,False,1,False
58.700215853,1105,58,700215853,map,4.7710676193237305,-0.9861299395561218,-0.05008697509765625,-8.659363084007055e-05,0.0,0.0,0.0,-0.0010600685952350702,0.0001476314068512022,-0.7101894355938618,0.704009815294086,0,0,0,,0.5590180158615112,0.0350763201713562,0.0,False,False,1,False
58.750215854,1106,58,750215854,map,4.774990081787109,-0.4117172956466675,-0.06603240966796875,3.051763997063972e-06,0.0,0.0,0.0,-0.0011387565817303161,0.00023347754471573573,-0.711333609859082,0.702853572379433,0,0,0,,0.5458230972290039,0.03179359436035156,0.0,False,False,1,False
58.800215855,1107,58,800215855,map,4.776885032653809,-0.31009405851364136,-0.027379989624023438,3.8337704609148204e-05,0.0,0.0,0.0,-0.0011271484321891292,0.00023479207016597643,-0.7124703652697908,0.7017012562490013,0,0,0,,0.5392723083496094,0.030309319496154785,0.0,False,False,1,False
58.850215855,1108,58,850215855,map,4.774484634399414,-0.06710827350616455,0.05045890808105469,9.574890282237902e-05,0.0,0.0,0.0,-0.0010254917204034833,0.00015750635522152582,-0.7134897344523962,0.7006649144844693,0,0,0,,0.5131282806396484,0.02481478452682495,0.0,False,False,1,False
58.900215856,1109,58,900215856,map,4.764780044555664,0.24084895849227905,0.1857471466064453,2.0980833141948096e-05,0.0,0.0,0.0,-0.0008215375437577747,7.404142671842465e-07,-0.7142574558842139,0.6998825699996581,0,0,0,,0.4895336627960205,0.015405058860778809,0.0,False,False,1,False
58.950215857,1110,58,950215857,map,4.745838165283203,0.9904760122299194,0.35053253173828125,0.00014019012451171875,0.0,0.0,0.0,-0.00042432057502274367,-0.0003193555537592244,-0.7144741693787191,0.6996616176800535,0,0,0,,0.4665156602859497,-0.006638914346694946,0.0,False,False,1,False
59.000215858,1111,59,215858,map,4.71806526184082,1.7223869562149048,0.5304908752441406,-0.00020275116548873484,0.0,0.0,0.0,0.00018049171552865972,-0.0008132870803746612,-0.7138329195154225,0.7003155495938627,0,0,0,,0.4666717052459717,-0.03700733184814453,0.0,False,False,1,False
59.050215858,1112,59,50215858,map,4.69028377532959,-1.246933937072754,0.5707740783691406,6.332396878860891e-05,0.0,0.0,0.0,0.00013750430147773312,-0.0006421733930446147,-0.713558177674701,0.700595672110141,0,0,0,,0.49789631366729736,0.010571777820587158,0.0,False,False,1,False
59.100215859,1113,59,100215859,map,4.665135383605957,1.030329942703247,0.4892921447753906,-1.5258774510584772e-06,0.0,0.0,0.0,0.00024310340018046637,-0.0006480046879921248,-0.7131857519157312,0.7009747529369759,0,0,0,,0.504979133605957,-0.020881593227386475,0.0,False,False,1,False
59.15021586,1114,59,150215860,map,4.639306545257568,1.8123948574066162,0.5200004577636719,-0.0002597808779682964,0.0,0.0,0.0,0.0006713847832924089,-0.0010043491790255967,-0.7119961372822403,0.7021823417178535,0,0,0,,0.492215633392334,-0.053045958280563354,0.0,False,False,1,False
59.15021586,1115,59,200215861,map,4.614664554595947,1.0827051401138306,0.5119132995605469,-0.00019760130089707673,0.0,0.0,0.0,0.0010117576351503304,-0.0012908656141372593,-0.7102593819761776,0.7039381509246905,0,0,0,,0.491640567779541,-0.05575108528137207,0.0,False,False,1,False
59.250215861,1116,59,250215861,map,4.5888261795043945,1.5378022193908691,0.5660724639892578,-0.00015335084754042327,0.0,0.0,0.0,0.0013256914671925175,-0.0015574101285706027,-0.708033692512121,0.7061756915127257,0,0,0,,0.48952412605285645,-0.07403823733329773,0.0,False,False,1,False
59.250215861,1117,59,300215862,map,4.573767185211182,-0.7734128832817078,0.2733802795410156,0.0005775451427325606,0.0,0.0,0.0,0.0010677956660952853,-0.0012967114819868784,-0.7062655420774265,0.707945027827604,0,0,0,,0.5865864753723145,-0.033015549182891846,0.0,False,False,1,False
59.350215863,1118,59,350215863,map,4.57722806930542,-0.7793387770652771,-0.0908660888671875,0.0004922866937704384,0.0,0.0,0.0,0.0005195996482509049,-0.0008341935184735709,-0.7052593494105203,0.7089487176139252,0,0,0,,0.630980372428894,-0.01487460732460022,0.0,False,False,1,False
59.400215864,1119,59,400215864,map,4.597310543060303,0.3293764591217041,-0.3934764862060547,-8.8310225692112e-05,0.0,0.0,0.0,0.00019434908784346557,-0.0006789715938194489,-0.7043830193213817,0.7098197400169292,0,0,0,,0.6410990953445435,-0.026293307542800903,0.0,False,False,1,False
59.450215864,1120,59,450215864,map,4.634796142578125,-2.2834298610687256,-0.7829093933105469,-0.0001295089750783518,0.0,0.0,0.0,-0.0005645518494444566,-0.0001616280228153691,-0.7044658856576154,0.7097376072198958,0,0,0,,0.7803122997283936,0.030118882656097412,0.0,False,False,1,False
59.500215865,1121,59,500215865,map,4.684915065765381,3.3658573627471924,-0.934906005859375,-0.00021171568369027227,0.0,0.0,0.0,-0.0003156508755167866,-0.0006983482927829455,-0.7037066419806978,0.7104902354757852,0,0,0,,0.6584455966949463,-0.0808752179145813,0.0,False,False,1,False
59.500215865,1122,59,550215866,map,4.731058120727539,3.420029640197754,-0.7326889038085938,-0.0008672714466229081,0.0,0.0,0.0,0.0006760906740238147,-0.001911130454612071,-0.7008352437598274,0.7133203008367904,0,0,0,,0.6322245597839355,-0.1159849762916565,0.0,False,False,1,False
59.600215867,1123,59,600215867,map,4.793261528015137,-1.903219223022461,-1.3673591613769531,0.00027523041353560984,0.0,0.0,0.0,0.0004679106003450418,-0.0019438615694994579,-0.6985107434284138,0.7155967745713737,0,0,0,,0.745591402053833,-0.018230944871902466,0.0,False,False,1,False
59.650215867,1124,59,650215867,map,4.8731794357299805,1.3524186611175537,-1.5205955505371094,0.00021247862605378032,0.0,0.0,0.0,0.00022319993993228033,-0.0019615441130336328,-0.6966127451962703,0.7174446220835415,0,0,0,,0.7877168655395508,-0.06083953380584717,0.0,False,False,1,False
59.700215868,1125,59,700215868,map,4.9723286628723145,-2.695319414138794,-2.1251583099365234,0.00047473906306549907,0.0,0.0,0.0,-0.0006545752737596871,-0.001408118449482999,-0.6958047729000436,0.7182292856345819,0,0,0,,0.9054062366485596,0.023498237133026123,0.0,False,False,1,False
59.700215868,1126,59,750215869,map,5.09267520904541,3.3555004596710205,-2.2299766540527344,0.07912254333496094,0.0,0.0,0.0,-0.0006044261348019336,-0.0018202924448353934,-0.6945270262048081,0.7194640582235982,0,0,0,,0.8817509412765503,-0.08392274379730225,0.0,False,False,1,False
59.80021587,1127,59,800215870,map,5.199827194213867,5.097508430480957,-1.6735267639160156,-0.04718723148107529,0.0,0.0,0.0,0.0006760424022790393,-0.003320548502881119,-0.6907082885026978,0.7231255611012408,0,0,0,,0.8172173500061035,-0.16480481624603271,0.0,False,False,1,False
59.85021587,1128,59,850215870,map,5.235496520996094,-1.1815857887268066,-0.8499813079833984,-0.026039503514766693,0.0,0.0,0.0,0.0007632884260642561,-0.0034197761645619338,-0.6863501120198994,0.7272628453675015,0,0,0,,0.9365252256393433,-0.04954206943511963,0.0,False,False,1,False
59.900215871,1129,59,900215871,map,5.2469282150268555,3.176676034927368,0.1541614532470703,-0.011919783428311348,0.0,0.0,0.0,0.0010587699490514407,-0.003364381621465201,-0.6825566526185579,0.7308241757828277,0,0,0,,0.9218392372131348,-0.22437900304794312,0.0,False,False,1,False
59.950215872,1130,59,950215872,map,5.236039638519287,-1.7807948589324951,-0.008096694946289062,-0.0044282907620072365,0.0,0.0,0.0,0.0008987235700846717,-0.002795141728036448,-0.6784168517027395,0.7346713243379028,0,0,0,,0.9697052240371704,-0.012103617191314697,0.0,False,False,0,False
60.000215873,1131,60,215873,map,5.229176044464111,2.140282392501831,0.4162788391113281,0.00021476647816598415,0.0,0.0,0.0,0.000799894489263497,-0.0023033072228101164,-0.675612923515221,0.737252488991295,0,0,0,,0.9592547416687012,-0.18400132656097412,0.0,False,False,0,False
60.050215873,1132,60,50215873,map,5.544616222381592,7.874748706817627,-5.03535270690918,-0.001741789747029543,0.0,0.0,0.0,0.0022288955731637073,-0.003921246092057379,-0.669688426596066,0.74262848527167,0,0,0,,0.9766974449157715,-0.36554431915283203,0.0,False,False,0,False
60.100215874,1133,60,100215874,map,5.926562786102295,10.326974868774414,-5.315923690795898,-0.008558082394301891,0.0,0.0,0.0,0.004470681210339054,-0.007179422218195413,-0.6589552349781698,0.7521346071023413,0,0,0,,0.9806476831436157,-0.3483390212059021,0.0,False,False,2,False
60.150215875,1134,60,150215875,map,6.257948398590088,11.174165725708008,-3.2817554473876953,-0.012018203735351562,0.0,0.0,0.0,0.006973410967589329,-0.010238438301620578,-0.6431360505929706,0.7656517265364827,0,0,0,,0.980326771736145,-0.42834189534187317,0.0,False,False,2,False
60.200215876,1135,60,200215876,map,6.645224094390869,4.064841270446777,-6.739921569824219,0.0022375094704329967,0.0,0.0,0.0,0.007435295823849667,-0.011306173639637809,-0.6259771647302471,0.7797239742690506,0,0,0,,0.9697252511978149,-0.14103493094444275,0.0,False,False,2,False
60.250215876,1136,60,250215876,map,6.980072021484375,6.634788513183594,-4.533138275146484,0.019760705530643463,0.0,0.0,0.0,0.006624522312819018,-0.011133614945976885,-0.6103368619108378,0.7920360303137683,0,0,0,,0.9191917181015015,-0.4748808741569519,0.0,False,False,2,False
60.300215877,1137,60,300215877,map,7.220280647277832,10.934085845947266,-0.19631385803222656,-0.0011304859071969986,0.0,0.0,0.0,0.008091284645956267,-0.01193929727654621,-0.5920877577336378,0.8057444206665494,0,0,0,,0.9547853469848633,-0.4362041652202606,0.0,False,False,2,False
60.300215877,1138,60,350215878,map,7.397505760192871,12.00228214263916,2.6754379272460938,-0.013476179912686348,0.0,0.0,0.0,0.01112491606312257,-0.013086867650797968,-0.5690293188248333,0.822137825705292,0,0,0,,0.9394935369491577,-0.4834200441837311,0.0,False,False,2,False
60.400215879,1139,60,400215879,map,7.600096702575684,11.249184608459473,2.6308822631835938,-0.009753609076142311,0.0,0.0,0.0,0.013975310176218305,-0.013727367192023313,-0.5423840900541513,0.8399022258284498,0,0,0,,0.9039766788482666,-0.4782885015010834,0.0,False,False,2,False
60.450215879,1140,60,450215879,map,7.777616024017334,11.160097122192383,4.183626174926758,-0.002090835478156805,0.0,0.0,0.0,0.016438516471696956,-0.013881008717779652,-0.5128136130642226,0.8582303251628925,0,0,0,,0.946256160736084,-0.49591347575187683,0.0,False,False,2,False
60.50021588,1141,60,500215880,map,7.9699387550354,10.948009490966797,4.695672988891602,0.0026769633404910564,0.0,0.0,0.0,0.018501990028695233,-0.013666359777820491,-0.4811158848123935,0.8763551861868503,0,0,0,,0.8649214506149292,-0.4943351447582245,0.0,False,False,2,False
60.550215881,1142,60,550215881,map,8.124069213867188,10.305309295654297,6.286630630493164,0.005254554562270641,0.0,0.0,0.0,0.02027544016113964,-0.013164871595080493,-0.44759407382814304,0.8939100277746547,0,0,0,,0.8207657337188721,-0.4966542720794678,0.0,False,False,2,False
60.600215882,1143,60,600215882,map,8.288985252380371,10.157604217529297,7.085199356079102,0.005032920744270086,0.0,0.0,0.0,0.02185874554255379,-0.012474458754308712,-0.4126559984036515,0.9105391864733656,0,0,0,,0.9724125862121582,-0.49798181653022766,0.0,False,False,2,False
60.650215882,1144,60,650215882,map,8.43204116821289,9.524345397949219,8.44461441040039,0.003453826066106558,0.0,0.0,0.0,0.023333663291295523,-0.011678413941424663,-0.3763241273608351,0.9261205677293466,0,0,0,,0.9585561752319336,-0.49815672636032104,0.0,False,False,2,False
60.700215883,1145,60,700215883,map,8.593378067016602,9.30720329284668,9.141197204589844,0.0018476485274732113,0.0,0.0,0.0,0.024706594102519866,-0.01082250610862962,-0.338834759045655,0.9404591770150659,0,0,0,,0.8478835821151733,-0.4973290264606476,0.0,False,False,2,False
60.750215884,1146,60,750215884,map,8.714858055114746,8.030500411987305,10.445880889892578,0.0016223907005041838,0.0,0.0,0.0,0.025955028472834065,-0.009845894136947376,-0.3003414431917481,0.9534277174317498,0,0,0,,0.7487953901290894,-0.4939749836921692,0.0,False,False,2,False
60.800215885,1147,60,800215885,map,8.8303861618042,7.166929244995117,11.176896095275879,0.002005958231166005,0.0,0.0,0.0,0.02705001505985888,-0.008735875103248789,-0.2611686354165113,0.9648745644103793,0,0,0,,0.7299535274505615,-0.48900556564331055,0.0,False,False,2,False
60.800215885,1148,60,850215885,map,8.9125337600708,5.79071044921875,12.245326042175293,0.0016731268260627985,0.0,0.0,0.0,0.028047780172855447,-0.007502329664011025,-0.2214127250742785,0.974747886508183,0,0,0,,0.790523886680603,-0.48743534088134766,0.0,False,False,2,False
60.850215885,1149,60,900215886,map,9.009380340576172,5.09796142578125,12.392328262329102,0.0022989267017692327,0.0,0.0,0.0,0.02883613743852649,-0.00621878408497613,-0.1814004627581356,0.9829667725886085,0,0,0,,0.8684401512145996,-0.47176292538642883,0.0,False,False,2,False
60.950215887,1150,60,950215887,map,9.129781723022461,4.517307281494141,11.78621768951416,0.006313133519142866,0.0,0.0,0.0,0.029133137239749023,-0.00498317184735048,-0.14188001578937587,0.9894425144658562,0,0,0,,0.9212615489959717,-0.43186843395233154,0.0,False,False,2,False
61.000215888,1151,61,215888,map,9.29316234588623,4.435310363769531,10.325654983520508,0.013027382083237171,0.0,0.0,0.0,0.028635247677562092,-0.003918829783076905,-0.10416061546569286,0.9941404486034073,0,0,0,,0.8992657661437988,-0.36836862564086914,0.0,False,False,2,False
61.050215888,1152,61,50215888,map,9.474071502685547,4.113178253173828,8.304691314697266,0.019396208226680756,0.0,0.0,0.0,0.027126530775012953,-0.0030966236514622376,-0.06985907776408352,0.9971831684821125,0,0,0,,0.671945333480835,-0.2875446081161499,0.0,False,False,2,False
61.100215889,1153,61,100215889,map,9.62429141998291,3.128070831298828,6.596007347106934,0.020483970642089844,0.0,0.0,0.0,0.024717803653133457,-0.0024753140183493907,-0.04040112381574611,0.9988746929407616,0,0,0,,0.35826432704925537,-0.2192162275314331,0.0,False,False,2,False
61.15021589,1154,61,150215890,map,9.684990882873535,1.1118888854980469,6.547085762023926,0.00894622877240181,0.0,0.0,0.0,0.022259707222019032,-0.0018690070627222601,-0.015536415903698558,0.9996297474704605,0,0,0,,0.14460992813110352,-0.18969660997390747,0.0,False,False,2,False
61.200215891,1155,61,200215891,map,9.620144844055176,-1.8253135681152344,9.27203369140625,-0.011739348992705345,0.0,0.0,0.0,0.021119060304194342,-0.0010019693304062968,0.007357600600266502,0.9997493921292153,0,0,0,,0.02683842182159424,-0.241862952709198,0.0,False,False,2,False
61.200215891,1156,61,250215891,map,9.524096488952637,-2.2593116760253906,3.6236536502838135,-0.005559730343520641,0.0,0.0,0.0,0.01901748874915343,-5.4770246510728164e-05,0.027247534661158663,0.9994477995257105,0,0,0,,0.6064437627792358,-0.12204331159591675,0.0,False,False,2,False
61.300215892,1157,61,300215892,map,9.410284042358398,-2.9475975036621094,5.605229377746582,-0.0026742927730083466,0.0,0.0,0.0,0.016999690365064966,0.0007877296732794319,0.04388826357281612,0.9988914907686504,0,0,0,,0.8109756708145142,-0.1463041603565216,0.0,False,False,2,False
61.300215892,1158,61,350215893,map,9.331928253173828,-2.4641036987304688,5.876421928405762,-0.011358261108398438,0.0,0.0,0.0,0.01579504349400524,0.0014290768271189185,0.05926398635891895,0.9981163530677647,0,0,0,,0.9268808364868164,-0.15130949020385742,0.0,False,False,2,False
61.400215893,1159,61,400215893,map,9.32004451751709,-1.39312744140625,6.24868631362915,-0.011801146902143955,0.0,0.0,0.0,0.015142701629767859,0.001747942348726194,0.07426504659760343,0.9971220317186623,0,0,0,,0.9569506645202637,-0.1586613953113556,0.0,False,False,2,False
61.450215894,1160,61,450215894,map,9.384005546569824,0.5037498474121094,3.7898755073547363,-0.00313129392452538,0.0,0.0,0.0,0.013876075033986494,0.0015958420817295317,0.08781599655906638,0.9960387836716197,0,0,0,,0.9629652500152588,-0.11025741696357727,0.0,False,False,2,False
61.500215895,1161,61,500215895,map,9.48579216003418,2.4100112915039062,-1.5094470977783203,0.009102247655391693,0.0,0.0,0.0,0.010685233457877186,0.0009070944433385791,0.09678884529542518,0.9952471664827788,0,0,0,,0.9269397258758545,0.008082270622253418,0.0,False,False,2,False
61.500215895,1162,61,550215896,map,9.61229419708252,1.7660903930664062,3.7447547912597656,-0.00046043191105127335,0.0,0.0,0.0,0.008665729119612208,0.00017600135248972888,0.10293925405316104,0.9946498801776072,0,0,0,,0.9019160270690918,-0.059853315353393555,0.0,False,False,2,False
61.550215896,1163,61,600215896,map,9.735588073730469,3.412914276123047,-4.115397930145264,-0.002495003864169121,0.0,0.0,0.0,0.005516289116001493,-0.0006865115101167918,0.10537812354556786,0.9944166884834296,0,0,0,,0.9446091651916504,0.10025948286056519,0.0,False,False,2,False
61.650215897,1164,61,650215897,map,9.885839462280273,3.6960411071777344,-3.292112350463867,-0.0036090845242142677,0.0,0.0,0.0,0.001720091314478768,-0.0015811443931643345,0.10221483596078541,0.9947596034106873,0,0,0,,0.9544050693511963,0.0907483696937561,0.0,False,False,2,False
61.700215898,1165,61,700215898,map,10.026808738708496,3.86810302734375,-6.1077165603637695,-0.009614372625946999,0.0,0.0,0.0,-0.0020304255951163505,-0.002346555712201748,0.09453392256870441,0.995516804746141,0,0,0,,0.958803653717041,0.16705447435379028,0.0,False,False,2,False
61.750215899,1166,61,750215899,map,10.18901252746582,4.038333892822266,-5.7802581787109375,-0.011517906561493874,0.0,0.0,0.0,-0.005389433341699905,-0.002921191161851343,0.08279642200150705,0.9965476271379105,0,0,0,,0.9575767517089844,0.16479897499084473,0.0,False,False,2,False
61.800215899,1167,61,800215899,map,10.357949256896973,4.035129547119141,-6.386368274688721,-0.008699988946318626,0.0,0.0,0.0,-0.008066614551007698,-0.003292226887862323,0.06840167039482434,0.9976198185977473,0,0,0,,0.9531474113464355,0.1780771017074585,0.0,False,False,2,False
61.8502159,1168,61,850215900,map,10.544453620910645,4.134521484375,-5.720600128173828,-0.0033777242060750723,0.0,0.0,0.0,-0.009884422985406786,-0.003494424660569567,0.052658062908250855,0.9985575674888694,0,0,0,,0.9511939287185669,0.16297143697738647,0.0,False,False,2,False
61.900215901,1169,61,900215901,map,10.507372856140137,-0.5217742919921875,-5.1827216148376465,0.003504945198073983,0.0,0.0,0.0,-0.010740733367851361,-0.0031093146682500523,0.03705765040786463,0.9992505688541105,0,0,0,,0.9473609924316406,0.14438402652740479,0.0,False,False,0,False
61.950215902,1170,61,950215902,map,10.500428199768066,-0.05146026611328125,-4.436094760894775,0.007336425594985485,0.0,0.0,0.0,-0.010873260607808589,-0.002431607235287118,0.022545497725845624,0.9996837299977939,0,0,0,,0.9491281509399414,0.11910408735275269,0.0,False,False,0,False
62.000215902,1171,62,215902,map,10.839235305786133,6.783943176269531,-2.5860977172851562,0.008387946523725986,0.0,0.0,0.0,-0.010158133443433642,-0.002411121753274824,0.010260897205198351,0.9998928506622,0,0,0,,0.9483546018600464,0.07247275114059448,0.0,False,False,0,False
62.000215902,1172,62,50215903,map,11.215008735656738,7.486972808837891,-2.9752535820007324,0.004502296447753906,0.0,0.0,0.0,-0.009332978425252412,-0.003177908011964946,0.00018659402021072686,0.9999513796165556,0,0,0,,0.9460048675537109,0.0620078444480896,0.0,False,False,3,False
62.050215903,1173,62,100215904,map,11.548511505126953,6.641139984130859,-1.5562841892242432,0.002526282798498869,0.0,0.0,0.0,-0.008151739542898615,-0.003952487945020668,-0.007444159544743841,0.9999312533720214,0,0,0,,0.9381777048110962,0.02993828058242798,0.0,False,False,3,False
62.150215905,1174,62,150215905,map,11.845968246459961,5.939960479736328,-0.46465814113616943,0.0019378663273528218,0.0,0.0,0.0,-0.0065738003169686955,-0.004498155642618125,-0.012271923160448471,0.9998929700958756,0,0,0,,0.9338949918746948,0.0027777552604675293,0.0,False,False,3,False
62.150215905,1175,62,200215905,map,12.11490249633789,5.3558349609375,-0.9607887268066406,-0.0003322603879496455,0.0,0.0,0.0,-0.005242754910993773,-0.004783452019896085,-0.01507339317501568,0.9998612028306267,0,0,0,,0.9336419105529785,0.0037107467651367188,0.0,False,False,3,False
62.250215906,1176,62,250215906,map,12.360651016235352,4.921855926513672,0.19275248050689697,-0.0011859892401844263,0.0,0.0,0.0,-0.003892299197089745,-0.004866223234411055,-0.016143574516767893,0.9998502662300064,0,0,0,,0.9286665916442871,-0.014979511499404907,0.0,False,False,3,False
62.300215907,1177,62,300215907,map,12.58819580078125,4.566097259521484,0.5604815483093262,-0.0014434813056141138,0.0,0.0,0.0,-0.002552496655253249,-0.004814643939242107,-0.01563309924874281,0.9998629456942798,0,0,0,,0.9281690120697021,-0.022777467966079712,0.0,False,False,3,False
62.350215908,1178,62,350215908,map,12.802046775817871,4.293498992919922,0.7124817371368408,-0.0017591475043445826,0.0,0.0,0.0,-0.0013895646519769334,-0.0046840851432019045,-0.01400798385928174,0.9998899463664226,0,0,0,,0.9287991523742676,-0.024854451417922974,0.0,False,False,3,False
62.400215908,1179,62,400215908,map,13.004910469055176,4.078712463378906,1.1751782894134521,-0.0016780851874500513,0.0,0.0,0.0,-0.0003314676243163207,-0.004517236617566559,-0.011530948312603654,0.9999232580221179,0,0,0,,0.9299123287200928,-0.03011488914489746,0.0,False,False,3,False
62.450215909,1180,62,450215909,map,13.200464248657227,3.9248275756835938,1.010122299194336,-0.0013065338134765625,0.0,0.0,0.0,0.0004824445952564419,-0.0043416149140131964,-0.008615022503924668,0.9999533484190188,0,0,0,,0.9301228523254395,-0.02550971508026123,0.0,False,False,3,False
62.450215909,1181,62,500215910,map,13.389787673950195,3.7975120544433594,1.2296240329742432,-0.0009162903297692537,0.0,0.0,0.0,0.0011257406057388725,-0.004174075647612657,-0.005530786400954454,0.999975359797612,0,0,0,,0.9310810565948486,-0.02541273832321167,0.0,False,False,3,False
62.550215911,1182,62,550215911,map,13.57475471496582,3.7044334411621094,1.1893589496612549,-0.00047245019231922925,0.0,0.0,0.0,0.0016041229728805785,-0.004024109519879665,-0.002461535541755537,0.9999875870103772,0,0,0,,0.9315547943115234,-0.022006988525390625,0.0,False,False,3,False
62.550215911,1183,62,600215911,map,13.75660228729248,3.6368560791015625,1.1447772979736328,-0.0001890182466013357,0.0,0.0,0.0,0.0019217625255749052,-0.0038957863062967085,0.00041893664548912994,0.9999904770396256,0,0,0,,0.9363760948181152,-0.018495917320251465,0.0,False,False,3,False
62.650215912,1184,62,650215912,map,13.936692237854004,3.5981369018554688,0.9554958343505859,0.00010013580322265625,0.0,0.0,0.0,0.0020634792319157015,-0.0037916009854832436,0.0029388379869205337,0.999986364430392,0,0,0,,0.9399919509887695,-0.013102144002914429,0.0,False,False,3,False
62.700215913,1185,62,700215913,map,14.115900993347168,3.580474853515625,0.5761505365371704,0.00041275020339526236,0.0,0.0,0.0,0.001982614465145476,-0.003712236481321501,0.004861659730163728,0.9999793261887254,0,0,0,,0.9441497325897217,-0.004947572946548462,0.0,False,False,3,False
62.750215914,1186,62,750215914,map,14.29456615447998,3.5680389404296875,0.6276032328605652,0.00027942657470703125,0.0,0.0,0.0,0.0018353184473765651,-0.0036547539497890015,0.006220772059137502,0.9999722878033929,0,0,0,,0.9473855495452881,-0.0036397576332092285,0.0,False,False,3,False
62.800215914,1187,62,800215914,map,14.473237991333008,3.5702133178710938,0.33651888370513916,0.00013046263484284282,0.0,0.0,0.0,0.001606018626487109,-0.0036161920079857707,0.007044354652807193,0.9999673599308421,0,0,0,,0.9501874446868896,0.001268923282623291,0.0,False,False,3,False
62.800215914,1188,62,850215915,map,14.652054786682129,3.5772132873535156,-0.06482541561126709,0.00023479459923692048,0.0,0.0,0.0,0.0012349118044118845,-0.00359331602177131,0.007222738030213569,0.9999666970095303,0,0,0,,0.9530268907546997,0.007810831069946289,0.0,False,False,3,False
62.900215916,1189,62,900215916,map,14.831238746643066,3.5859107971191406,-0.2081802487373352,3.700257366290316e-05,0.0,0.0,0.0,0.0008109152261051018,-0.003582169157348871,0.006795116668949768,0.9999701679900654,0,0,0,,0.9550905227661133,0.010238885879516602,0.0,False,False,3,False
62.950215917,1190,62,950215917,map,15.010456085205078,3.590545654296875,-0.741011381149292,-0.00010471343557583168,0.0,0.0,0.0,0.0002664591547313255,-0.0035787458352253107,0.005692785755691678,0.9999773566276916,0,0,0,,0.9570021629333496,0.017743945121765137,0.0,False,False,3,False
63.000215917,1191,63,215917,map,15.19039249420166,3.6028671264648438,-0.7144838571548462,-0.00018196106248069555,0.0,0.0,0.0,-0.00024698861919399313,-0.0035798659477025547,0.0040590150710807,0.9999853238688412,0,0,0,,0.9590108394622803,0.016795456409454346,0.0,False,False,3,False
63.050215918,1192,63,50215918,map,15.370820999145508,3.611164093017578,-0.8327711820602417,-0.0002040863037109375,0.0,0.0,0.0,-0.0006850735625877619,-0.003583395757392353,0.002121640264914256,0.9999910942561668,0,0,0,,0.9598982334136963,0.01659977436065674,0.0,False,False,3,False
63.050215918,1193,63,100215919,map,15.552071571350098,3.6254310607910156,-0.3627919554710388,-0.00015277863712981343,0.0,0.0,0.0,-0.0008731202048740241,-0.003588718539090266,0.00032842390005625625,0.9999931254254185,0,0,0,,0.9601125717163086,0.007021069526672363,0.0,False,False,3,False
63.15021592,1194,63,150215920,map,15.732925415039062,3.615703582763672,-1.1093069314956665,-9.250641596736386e-05,0.0,0.0,0.0,-0.0011557255046437205,-0.0035933006928980517,-0.0014641676227430843,0.9999918043173458,0,0,0,,0.9615790843963623,0.015345275402069092,0.0,False,False,3,False
63.20021592,1195,63,200215920,map,15.795500755310059,1.2473869323730469,-0.9256929755210876,0.0001352310209767893,0.0,0.0,0.0,-0.0014254440918907822,-0.0034158218942117366,-0.003314886898396646,0.9999876558212,0,0,0,,0.962262749671936,0.01232379674911499,0.0,False,False,3,False
63.250215921,1196,63,250215921,map,15.782958030700684,-0.2552223205566406,-0.6310092210769653,0.0008661270258016884,0.0,0.0,0.0,-0.0015214208214439193,-0.002839271075262173,-0.004956124229021065,0.9999825301729384,0,0,0,,0.9621503353118896,0.006621122360229492,0.0,False,False,0,False
63.300215922,1197,63,300215922,map,15.899502754211426,2.3279380798339844,-0.3596775233745575,0.0006286620628088713,0.0,0.0,0.0,-0.0014271352262790668,-0.002373795957556045,-0.00614210540445782,0.9999773012018814,0,0,0,,0.9619662761688232,0.0004267692565917969,0.0,False,False,0,False
63.300215922,1198,63,350215923,map,16.187549591064453,5.759105682373047,-0.22530913352966309,-0.0006063461769372225,0.0,0.0,0.0,-0.0012172219732303686,-0.0027020609174355564,-0.006755075515655885,0.9999727927260043,0,0,0,,0.9614031314849854,-0.003728151321411133,0.0,False,False,4,False
63.400215923,1199,63,400215923,map,16.44204330444336,5.088920593261719,-0.12402117252349854,-0.0009851455688476562,0.0,0.0,0.0,-0.0009701685933576029,-0.0032258514447939335,-0.006843340128229657,0.9999709102525163,0,0,0,,0.9621927738189697,-0.0055717527866363525,0.0,False,False,4,False
63.450215924,1200,63,450215924,map,16.670909881591797,4.575653076171875,-0.18963992595672607,-0.00064849853515625,0.0,0.0,0.0,-0.0007751149173954737,-0.0036396447164713224,-0.006621917906331685,0.9999711507770835,0,0,0,,0.9628826379776001,-0.0037246644496917725,0.0,False,False,4,False
63.450215924,1201,63,500215925,map,16.88023567199707,4.188117980957031,0.13894528150558472,-0.00017700192984193563,0.0,0.0,0.0,-0.0005316301300624958,-0.0038787966292332526,-0.006127350756306222,0.9999735635899696,0,0,0,,0.9631493091583252,-0.007200688123703003,0.0,False,False,4,False
63.550215926,1202,63,550215926,map,17.07413101196289,3.8852310180664062,0.8659437298774719,0.00018520353478379548,0.0,0.0,0.0,-5.144135265259503e-05,-0.003967601906047717,-0.00504485789974633,0.999979402236703,0,0,0,,0.9624106884002686,-0.01749730110168457,0.0,False,False,4,False
63.600215926,1203,63,600215926,map,17.25710678100586,3.66363525390625,0.6738248467445374,0.0002641677565407008,0.0,0.0,0.0,0.0004043977139226257,-0.003952736022455389,-0.0034893868303770372,0.999986018162241,0,0,0,,0.9612691402435303,-0.014122635126113892,0.0,False,False,4,False
63.650215927,1204,63,650215927,map,17.43138885498047,3.4885787963867188,0.7495247721672058,0.0003156662278342992,0.0,0.0,0.0,0.0007643398069017863,-0.003877171359251071,-0.001730353572345706,0.999990694558417,0,0,0,,0.9593651294708252,-0.012970447540283203,0.0,False,False,4,False
63.700215928,1205,63,700215928,map,17.598949432373047,3.3524703979492188,0.7499953508377075,0.000251579302130267,0.0,0.0,0.0,0.0010358021779454682,-0.0037730290972167162,5.503977010684537e-05,0.9999923441386455,0,0,0,,0.9573879241943359,-0.010601550340652466,0.0,False,False,4,False
63.750215929,1206,63,750215929,map,17.76137924194336,3.24859619140625,0.44944190979003906,0.00022678374079987407,0.0,0.0,0.0,0.0011302947824647143,-0.0036620032740413023,0.0015689812274489747,0.9999914251950531,0,0,0,,0.9554648399353027,-0.003689587116241455,0.0,False,False,4,False
63.800215929,1207,63,800215929,map,17.919519424438477,3.1621551513671875,0.49782681465148926,0.00014591217041015625,0.0,0.0,0.0,0.0011433710095739267,-0.003555966689765194,0.0027057899027467082,0.9999893631957482,0,0,0,,0.9539215564727783,-0.002136439085006714,0.0,False,False,4,False
63.85021593,1208,63,850215930,map,18.07419776916504,3.0918502807617188,0.6004229187965393,3.60488957085181e-05,0.0,0.0,0.0,0.0011707421492185871,-0.0034604083175288044,0.0035776771433493524,0.9999869274962319,0,0,0,,0.9522130489349365,-0.002769380807876587,0.0,False,False,4,False
63.900215931,1209,63,900215931,map,18.22599983215332,3.0371475219726562,-0.3445613384246826,0.00018005369929596782,0.0,0.0,0.0,0.0008943245159525511,-0.003378661889833217,0.003784104883865556,0.9999867326008492,0,0,0,,0.9512112140655518,0.011758089065551758,0.0,False,False,4,False
63.950215931,1210,63,950215931,map,18.375715255737305,2.9936599731445312,0.226292684674263,3.948211087845266e-05,0.0,0.0,0.0,0.0006817775603479031,-0.003310087289576773,0.0035146351953347366,0.9999881128498164,0,0,0,,0.9478881359100342,0.004053056240081787,0.0,False,False,4,False
63.950215931,1211,64,215932,map,18.523338317871094,2.9523086547851562,0.05086295306682587,-0.0001319885195698589,0.0,0.0,0.0,0.000532099160556181,-0.0032526750010961765,0.003061649903782014,0.9999898815866525,0,0,0,,0.9462701082229614,0.0046384334564208984,0.0,False,False,4,False
64.050215933,1212,64,50215933,map,18.66901206970215,2.9144668579101562,-0.3340768814086914,1.5068071661517024e-05,0.0,0.0,0.0,0.000280284307314013,-0.0032044692937189755,0.0023348540363152146,0.9999921006057406,0,0,0,,0.9442411661148071,0.008846282958984375,0.0,False,False,4,False
64.100215934,1213,64,100215934,map,18.8131046295166,2.8821563720703125,-0.13028442859649658,-0.00013847352238371968,0.0,0.0,0.0,7.914793871770378e-05,-0.0031634562347723646,0.001492130279517651,0.9999938798950139,0,0,0,,0.9415802955627441,0.004529118537902832,0.0,False,False,4,False
64.150215934,1214,64,150215934,map,18.955549240112305,2.848968505859375,-0.03248557448387146,-4.825591531698592e-05,0.0,0.0,0.0,-1.4050918611742603e-05,-0.003127760364914586,0.0007866421475672049,0.9999947990423765,0,0,0,,0.938633918762207,0.0009634494781494141,0.0,False,False,4,False
64.200215935,1215,64,200215935,map,19.096302032470703,2.8150558471679688,0.008408650755882263,-9.307861910201609e-05,0.0,0.0,0.0,-3.783988017385623e-05,-0.0030956942454438328,0.0003365015429559662,0.9999951509942405,0,0,0,,0.934788703918457,-0.001421421766281128,0.0,False,False,4,False
64.250215936,1216,64,250215936,map,19.235111236572266,2.7767181396484375,-0.3537844121456146,-9.231567673850805e-05,0.0,0.0,0.0,-0.00015379189124697264,-0.0030659919458200058,-4.2301308292671137e-05,0.9999952871149151,0,0,0,,0.928561806678772,0.003102600574493408,0.0,False,False,4,False
64.300215937,1217,64,300215937,map,19.37159538269043,2.7299118041992188,-0.4762594401836395,1.7356871467200108e-05,0.0,0.0,0.0,-0.0003478360597602083,-0.003036308062084519,-0.0005367885858769583,0.9999951858391328,0,0,0,,0.9207379817962646,0.005226016044616699,0.0,False,False,4,False
64.300215937,1218,64,350215937,map,19.50533103942871,2.674713134765625,-0.020288530737161636,1.7738344467943534e-05,0.0,0.0,0.0,-0.00038438277851628974,-0.003004552649299089,-0.0009175402588855119,0.9999949915040226,0,0,0,,0.9083113670349121,-0.0016371309757232666,0.0,False,False,4,False
64.400215938,1219,64,400215938,map,19.635286331176758,2.5991058349609375,0.133445143699646,1.449584942747606e-05,0.0,0.0,0.0,-0.00027450933774896035,-0.002968698599651768,-0.0009668859736782149,0.9999950882903186,0,0,0,,0.8941080570220947,-0.004890650510787964,0.0,False,False,4,False
64.400215938,1220,64,450215939,map,19.760099411010742,2.496185302734375,-0.2888393700122833,4.1389463149243966e-05,0.0,0.0,0.0,-0.00027304165001437714,-0.002924243636592744,-0.0009350069485794848,0.9999952499934274,0,0,0,,0.8664215803146362,0.0013225078582763672,0.0,False,False,4,False
64.50021594,1221,64,500215940,map,19.877761840820312,2.3531341552734375,-0.17458803951740265,1.0108951755682938e-05,0.0,0.0,0.0,-0.0003071359509909644,-0.002866508395565265,-0.0009559518355268593,0.9999953874659692,0,0,0,,0.8372783660888672,0.0007522106170654297,0.0,False,False,4,False
64.55021594,1222,64,550215940,map,19.986705780029297,2.1784591674804688,-0.2844405770301819,2.4986265998450108e-05,0.0,0.0,0.0,-0.0003654690760675146,-0.002790530876904764,-0.001081120999297817,0.999995455263255,0,0,0,,0.8107419013977051,0.0029309988021850586,0.0,False,False,4,False
64.55021594,1223,64,600215941,map,20.086544036865234,1.9962310791015625,-0.2723400294780731,2.460478754073847e-05,0.0,0.0,0.0,-0.00042624169468869204,-0.002695645798407881,-0.0013363242836908977,0.9999953830139198,0,0,0,,0.794593095779419,0.0032341480255126953,0.0,False,False,4,False
64.650215942,1224,64,650215942,map,20.17781639099121,1.8245315551757812,-0.3186681270599365,8.468628948321566e-05,0.0,0.0,0.0,-0.0004893959969133427,-0.0025860027261385347,-0.0017163982474312342,0.9999950635170729,0,0,0,,0.7815052270889282,0.003990888595581055,0.0,False,False,4,False
64.700215943,1225,64,700215943,map,20.258934020996094,1.6214752197265625,-0.2612340450286865,3.185272362316027e-05,0.0,0.0,0.0,-0.0005270429045729345,-0.0024641703858727204,-0.0021643148772484888,0.99999448290038,0,0,0,,0.7211669683456421,0.002969980239868164,0.0,False,False,4,False
64.750215943,1226,64,750215943,map,20.32746696472168,1.3702392578125,-0.10741263628005981,9.555817086948082e-05,0.0,0.0,0.0,-0.0004945940422651897,-0.00232440268388142,-0.0025410616298352524,0.99999394774903,0,0,0,,0.7017490863800049,0.00017386674880981445,0.0,False,False,4,False
64.800215944,1227,64,800215944,map,20.378414154052734,1.0143280029296875,-0.8977645635604858,4.959103534929454e-05,0.0,0.0,0.0,-0.0006945526388384543,-0.00215916563610619,-0.0032076242878680866,0.9999922833436345,0,0,0,,0.5487537384033203,0.011582493782043457,0.0,False,False,4,False
64.800215944,1228,64,850215945,map,20.395286560058594,0.3229522705078125,-1.730160117149353,-0.00015869138587731868,0.0,0.0,0.0,-0.00127290984349936,-0.0019289946625397861,-0.004786226570386779,0.9999858752579154,0,0,0,,0.27392578125,0.025505125522613525,0.0,False,False,4,False
64.850215945,1229,64,900215946,map,20.365026473999023,-0.6229782104492188,-1.445242166519165,-0.00016231538029387593,0.0,0.0,0.0,-0.0018284580880741318,-0.001584354559082265,-0.007160300482381843,0.9999714379214305,0,0,0,,0.21645236015319824,0.021808385848999023,0.0,False,False,4,False
64.950215946,1230,64,950215946,map,20.29562759399414,-1.381378173828125,0.49793243408203125,0.0005043029668740928,0.0,0.0,0.0,-0.0016017319419709668,-0.0011415142543842287,-0.008906749126818348,0.9999583997447019,0,0,0,,0.17092573642730713,-0.010663717985153198,0.0,False,False,4,False
65.000215947,1231,65,215947,map,20.192962646484375,-2.0337295532226562,1.8574144840240479,0.00080108642578125,0.0,0.0,0.0,-0.0005792390642089119,-0.0006454284460893717,-0.008634621442165171,0.9999623448994357,0,0,0,,0.12693047523498535,-0.038984477519989014,0.0,False,False,4,False
65.050215948,1232,65,50215948,map,20.064908981323242,-2.5484466552734375,2.2905807495117188,-0.0001401900954078883,0.0,0.0,0.0,0.000718019115532724,-0.0001335016005351157,-0.0060386641182387886,0.9999815004096523,0,0,0,,0.11445307731628418,-0.05029377341270447,0.0,False,False,4,False
65.100215949,1233,65,100215949,map,19.920486450195312,-2.8876876831054688,1.8255772590637207,-0.0008270263788290322,0.0,0.0,0.0,0.0017205966679347136,0.0003581110595468972,-0.0019022703958484202,0.9999966463298346,0,0,0,,0.09939694404602051,-0.040728211402893066,0.0,False,False,4,False
65.150215949,1234,65,150215949,map,19.765378952026367,-3.102874755859375,0.31027352809906006,-0.00020332337589934468,0.0,0.0,0.0,0.0019118377934219054,0.0007975976844638542,0.002101840311169452,0.9999956454812648,0,0,0,,0.09693849086761475,-0.008840858936309814,0.0,False,False,4,False
65.20021595,1235,65,200215950,map,19.60112953186035,-3.29010009765625,1.2074556350708008,-7.038115290924907e-05,0.0,0.0,0.0,0.002013021489545509,0.0011725051359945328,0.005538051163013455,0.9999819513198748,0,0,0,,0.07693779468536377,-0.013106554746627808,0.0,False,False,4,False
65.250215951,1236,65,250215951,map,19.428953170776367,-3.442535400390625,-0.19046902656555176,0.00023612973745912313,0.0,0.0,0.0,0.0017232682601088089,0.001482116001587742,0.007747952905443693,0.9999674009208682,0,0,0,,0.04149830341339111,0.014451742172241211,0.0,False,False,4,False
65.300215952,1237,65,300215952,map,19.25193214416504,-3.5429000854492188,0.41085749864578247,0.00021228792320471257,0.0,0.0,0.0,0.0014478484578008817,0.0017346329241782526,0.00869443281750135,0.9999596499966603,0,0,0,,0.09104335308074951,0.01030111312866211,0.0,False,False,4,False
65.300215952,1238,65,350215952,map,19.076030731201172,-3.5218429565429688,0.5201119184494019,-7.839204045012593e-05,0.0,0.0,0.0,0.0013382013733626095,0.0019262339446100183,0.008888492719333906,0.9999577458758211,0,0,0,,0.12348794937133789,0.008242666721343994,0.0,False,False,4,False
65.400215953,1239,65,400215953,map,18.902544021606445,-3.4661865234375,-0.5010908842086792,6.046295311534777e-05,0.0,0.0,0.0,0.0009634296219037243,0.002053705074612555,0.008124788564040775,0.9999644203218532,0,0,0,,0.11406779289245605,0.022646784782409668,0.0,False,False,4,False
65.400215953,1240,65,450215954,map,18.73352813720703,-3.3824920654296875,0.29429763555526733,-4.310608346713707e-05,0.0,0.0,0.0,0.0007476648283861639,0.0021290313830307312,0.0068871072582473635,0.9999737376432882,0,0,0,,0.1754363775253296,0.00819706916809082,0.0,False,False,4,False
65.500215955,1241,65,500215955,map,18.572546005249023,-3.2209396362304688,0.15778183937072754,-0.00017814636521507055,0.0,0.0,0.0,0.0006525987081963696,0.0021520817651806967,0.005697158026806359,0.999981242348785,0,0,0,,0.20870375633239746,0.005103766918182373,0.0,False,False,4,False
65.550215955,1242,65,550215955,map,18.419113159179688,-3.0648040771484375,-0.5424802303314209,-1.0108924470841885e-05,0.0,0.0,0.0,0.00035284989774889917,0.0021280749852778226,0.004368387398502343,0.9999881319222461,0,0,0,,0.20795190334320068,0.012345433235168457,0.0,False,False,4,False
65.600215956,1243,65,600215956,map,18.271011352539062,-2.9576873779296875,-0.8018282055854797,-2.8038048185408115e-05,0.0,0.0,0.0,-0.00010234486603707919,0.0020737890451236283,0.0027352576384365784,0.9999941036277044,0,0,0,,0.20356953144073486,0.014666736125946045,0.0,False,False,4,False
65.600215956,1244,65,650215957,map,18.126787185668945,-2.8823471069335938,-0.5948642492294312,-0.00013980866060592234,0.0,0.0,0.0,-0.0004662433174712503,0.002007006389233442,0.0010249147422400282,0.9999973520426411,0,0,0,,0.1996227502822876,0.009409070014953613,0.0,False,False,4,False
65.700215958,1245,65,700215958,map,17.985523223876953,-2.8239822387695312,-0.7110370397567749,-0.00018405914306640625,0.0,0.0,0.0,-0.0007554242354516313,0.0019386814170184112,-0.0006063403777393387,0.9999976515972097,0,0,0,,0.20514452457427979,0.008577585220336914,0.0,False,False,4,False
65.750215958,1246,65,750215958,map,17.846885681152344,-2.7728271484375,-0.6816715002059937,-0.00010051727440441027,0.0,0.0,0.0,-0.0009769272912542137,0.001873926907418338,-0.0020873894677909312,0.9999955883983804,0,0,0,,0.2026064395904541,0.006292879581451416,0.0,False,False,4,False
65.750215958,1247,65,800215959,map,17.709741592407227,-2.7442550659179688,-0.6743717193603516,-6.580352783203125e-05,0.0,0.0,0.0,-0.0011361078485697253,0.0018168926977185907,-0.0033696202009622007,0.999992026878006,0,0,0,,0.18953192234039307,0.004821658134460449,0.0,False,False,4,False
65.800215959,1248,65,850215960,map,17.57367706298828,-2.7235794067382812,-0.5911498665809631,-1.7547608877066523e-05,0.0,0.0,0.0,-0.0012236355085797949,0.0017695410854412397,-0.004416985929450729,0.9999879307650607,0,0,0,,0.19816696643829346,0.002768218517303467,0.0,False,False,4,False
65.900215961,1249,65,900215961,map,17.439302444458008,-2.68829345703125,-0.16090825200080872,0.0001300811709370464,0.0,0.0,0.0,-0.001127429052188012,0.0017287366019608343,-0.005023461639934754,0.9999852524945783,0,0,0,,0.19990503787994385,-0.004453778266906738,0.0,False,False,4,False
65.900215961,1250,65,950215961,map,17.30817222595215,-2.6255035400390625,-0.4834488034248352,4.444122168933973e-05,0.0,0.0,0.0,-0.0010684911612049675,0.0016904596215208231,-0.0053440699389900505,0.9999837206621885,0,0,0,,0.24112582206726074,0.00013786554336547852,0.0,False,False,4,False
66.000215962,1251,66,215962,map,17.18260955810547,-2.5089645385742188,0.38277357816696167,5.550384594243951e-05,0.0,0.0,0.0,-0.000779316278442068,0.0016429802419146893,-0.005145337920125099,0.9999851092790085,0,0,0,,0.26231372356414795,-0.012325257062911987,0.0,False,False,4,False
66.050215963,1252,66,50215963,map,17.06296730041504,-2.3899459838867188,0.6323586702346802,0.0001224517764057964,0.0,0.0,0.0,-0.0003153127294312427,0.0015827120286467185,-0.004211118348561343,0.9999898309896814,0,0,0,,0.28030967712402344,-0.01679345965385437,0.0,False,False,4,False
66.100215964,1253,66,100215964,map,16.949317932128906,-2.2716522216796875,0.4421340823173523,-2.1362302504712716e-05,0.0,0.0,0.0,6.2954000152149e-05,0.0015111626387695025,-0.0028302731494848584,0.9999948509758299,0,0,0,,0.29124367237091064,-0.012895017862319946,0.0,False,False,4,False
66.150215964,1254,66,150215964,map,16.84079360961914,-2.1697235107421875,0.4177781343460083,-0.00010643005225574598,0.0,0.0,0.0,0.0003192293753227792,0.0014325906218986507,-0.0013312122621581745,0.9999980368233876,0,0,0,,0.2957456111907959,-0.0098685622215271,0.0,False,False,4,False
66.200215965,1255,66,200215965,map,16.735584259033203,-2.1041107177734375,0.7856836915016174,-0.0001319885195698589,0.0,0.0,0.0,0.0006186447627150668,0.0013538007510358182,0.00028997892058820157,0.9999988502065439,0,0,0,,0.28427720069885254,-0.013058871030807495,0.0,False,False,4,False
66.250215966,1256,66,250215966,map,16.631999969482422,-2.07366943359375,0.8264811038970947,-9.326933650299907e-05,0.0,0.0,0.0,0.0009255461694922391,0.0012836147261933747,0.002024406377152133,0.9999966987327223,0,0,0,,0.2762335538864136,-0.01232185959815979,0.0,False,False,4,False
66.250215966,1257,66,300215966,map,16.528289794921875,-2.075042724609375,0.21123066544532776,-2.269745891680941e-05,0.0,0.0,0.0,0.0009763244416140752,0.0012268071999119775,0.0034361311402597693,0.9999928673432955,0,0,0,,0.2457197904586792,-0.0010304152965545654,0.0,False,False,4,False
66.300215966,1258,66,350215967,map,16.422122955322266,-2.1207809448242188,-0.8642703294754028,0.00016098024207167327,0.0,0.0,0.0,0.0005362295754575448,0.0011889833251382,0.0037450821034956065,0.9999921365373495,0,0,0,,0.23639285564422607,0.019032180309295654,0.0,False,False,4,False
66.400215968,1259,66,400215968,map,16.310958862304688,-2.222900390625,-0.32119351625442505,9.822844731388614e-05,0.0,0.0,0.0,0.00013296965311165385,0.0011761804482338955,0.003112267996985747,0.9999944563379036,0,0,0,,0.14828264713287354,0.013863682746887207,0.0,False,False,4,False
66.450215969,1260,66,450215969,map,16.18767738342285,-2.4656295776367188,0.005310047417879105,-5.283355858409777e-05,0.0,0.0,0.0,-1.3019427707034039e-05,0.001205001214082712,0.002185133124735392,0.9999968864930509,0,0,0,,0.03387653827667236,0.007206916809082031,0.0,False,False,4,False
66.500215969,1261,66,500215969,map,16.028472900390625,-3.1874465942382812,1.2504022121429443,-0.00011558531696209684,0.0,0.0,0.0,0.00037717782224405406,0.0013243256623732978,0.0019691673448915628,0.9999971131350319,0,0,0,,0.0,-0.016322404146194458,0.1354660987854004,False,False,4,False
66.500215969,1262,66,550215970,map,15.926434516906738,-2.048168182373047,1.145799160003662,-0.00023479462834075093,0.0,0.0,0.0,0.0009094411991499254,0.0014209463702994957,0.0027809012817612104,0.9999947101940987,0,0,0,,0.0,-0.01946881413459778,0.16200566291809082,False,False,4,False
66.600215971,1263,66,600215971,map,15.858614921569824,-1.3717269897460938,1.4468574523925781,-5.5313103075604886e-05,0.0,0.0,0.0,0.001462287657562282,0.0012842667779605313,0.004572609990128879,0.999987651729524,0,0,0,,0.0,-0.025683730840682983,0.21113801002502441,False,False,0,False
66.650215972,1264,66,650215972,map,15.631524085998535,-4.563560485839844,1.398407220840454,-0.00019626616267487407,0.0,0.0,0.0,0.0019536493009248914,0.0013144931099720008,0.007167660840889012,0.999971539595174,0,0,0,,0.0,-0.028474807739257812,0.2752819061279297,False,False,0,False
66.700215972,1265,66,700215972,map,15.211695671081543,-8.412647247314453,0.7662695646286011,-0.00054168701171875,0.0,0.0,0.0,0.0021085603224676006,0.002187115043138023,0.009889622439744493,0.9999464815024621,0,0,0,,0.0,-0.01889815926551819,0.30598461627960205,False,False,3,False
66.750215973,1266,66,750215973,map,14.81738567352295,-7.90283203125,0.6724768877029419,-0.0007068633567541838,0.0,0.0,0.0,0.002087384075706554,0.00320935847103549,0.012390900313818216,0.9999159006813213,0,0,0,,0.0,-0.013339459896087646,0.3215034604072571,False,False,3,False
66.800215974,1267,66,800215974,map,14.436590194702148,-7.601356506347656,-0.7359153032302856,1.6593985492363572e-05,0.0,0.0,0.0,0.0015603825230187818,0.004045685155736234,0.01382565234283921,0.9998950189771412,0,0,0,,0.0,0.015051960945129395,0.37632203102111816,False,False,3,False
66.850215975,1268,66,850215975,map,14.086628913879395,-6.9488525390625,-3.201932668685913,0.0006198882474564016,0.0,0.0,0.0,8.26130290575132e-05,0.004594293568839679,0.012661148187703914,0.9999092863696484,0,0,0,,0.0,0.07242727279663086,0.249742329120636,False,False,3,False
66.900215975,1269,66,900215975,map,13.794461250305176,-5.827655792236328,-2.9223179817199707,-6.599431799259037e-05,0.0,0.0,0.0,-0.0015793460888538563,0.004817858045157102,0.008586054851758645,0.9999502855501722,0,0,0,,0.13454222679138184,0.07281756401062012,0.0,False,False,3,False
66.950215976,1270,66,950215976,map,13.549016952514648,-4.915103912353516,-1.888856291770935,1.2207165127620101e-05,0.0,0.0,0.0,-0.0025518811894046705,0.004733647125842565,0.0031750141950663805,0.9999804996959412,0,0,0,,0.20810532569885254,0.053713083267211914,0.0,False,False,3,False
67.000215977,1271,67,215977,map,13.330382347106934,-4.392261505126953,-1.8715872764587402,0.0007179259555414319,0.0,0.0,0.0,-0.0030701976027968734,0.004470947325528854,-0.0025181932568985174,0.9999821214498852,0,0,0,,0.20949983596801758,0.04600256681442261,0.0,False,False,3,False
67.050215978,1272,67,50215978,map,13.133119583129883,-3.9459991455078125,-0.025019347667694092,0.00142669677734375,0.0,0.0,0.0,-0.0027798592877481326,0.004116951117216239,-0.007036882329001768,0.9999629020033326,0,0,0,,0.2102447748184204,0.007611215114593506,0.0,False,False,3,False
67.100215978,1273,67,100215978,map,12.94952392578125,-3.677806854248047,-0.3639143705368042,0.0012208938132971525,0.0,0.0,0.0,-0.0022920059715990184,0.003739432772508912,-0.00996348110559272,0.9999407444421018,0,0,0,,0.1909170150756836,0.0020133256912231445,0.0,False,False,3,False
67.150215979,1274,67,150215979,map,12.77518367767334,-3.4825897216796875,0.30134499073028564,0.00032596595701761544,0.0,0.0,0.0,-0.0016824840413332055,0.003383091020486468,-0.011309624081575735,0.999928905645662,0,0,0,,0.19544053077697754,-0.013486683368682861,0.0,False,False,3,False
67.20021598,1275,67,200215980,map,12.607808113098145,-3.3380126953125,0.7249623537063599,-0.00016002653865143657,0.0,0.0,0.0,-0.0009591302490381788,0.0030691268466899553,-0.01108037135680673,0.999933440735012,0,0,0,,0.19024443626403809,-0.024240314960479736,0.0,False,False,3,False
67.250215981,1276,67,250215981,map,12.445828437805176,-3.23822021484375,0.13361871242523193,-0.0006704330444335938,0.0,0.0,0.0,-0.0005075071987401691,0.0028079405463628617,-0.009997876935323856,0.9999459487207883,0,0,0,,0.1806344985961914,-0.015733301639556885,0.0,False,False,3,False
67.300215981,1277,67,300215981,map,12.287132263183594,-3.165302276611328,0.8676691055297852,-0.0006679535144940019,0.0,0.0,0.0,-2.3479805672901868e-05,0.0025976127395337546,-0.0082875659496381,0.999962283342419,0,0,0,,0.181016206741333,-0.024665147066116333,0.0,False,False,3,False
67.350215982,1278,67,350215982,map,12.131343841552734,-3.1095504760742188,0.9676593542098999,-0.0006164551014080644,0.0,0.0,0.0,0.00048822536640845605,0.0024330797446859287,-0.0060307437676584644,0.9999787357181934,0,0,0,,0.1773606538772583,-0.02580764889717102,0.0,False,False,3,False
67.400215983,1279,67,400215983,map,11.977865219116211,-3.0672264099121094,0.8375780582427979,-0.00039634702261537313,0.0,0.0,0.0,0.0008765743958965436,0.0023068679134988267,-0.003563135558894338,0.9999906069772591,0,0,0,,0.17039763927459717,-0.022272229194641113,0.0,False,False,3,False
67.450215984,1280,67,450215984,map,11.82607364654541,-3.036823272705078,-0.46865370869636536,-6.618499173782766e-05,0.0,0.0,0.0,0.0007129216848899936,0.0022112199343392153,-0.001833094899778262,0.999995620996493,0,0,0,,0.16427302360534668,0.002087533473968506,0.0,False,False,3,False
67.500215984,1281,67,500215984,map,11.675188064575195,-3.019847869873047,-0.503174901008606,2.1171563275856897e-05,0.0,0.0,0.0,0.000309385930444592,0.0021391932978510908,-0.0012121316328993666,0.9999969294299281,0,0,0,,0.16051769256591797,0.00982975959777832,0.0,False,False,3,False
67.550215985,1282,67,550215985,map,11.525744438171387,-2.987499237060547,0.2979279160499573,1.907355908770114e-06,0.0,0.0,0.0,0.00019933762636060935,0.002083748954019332,-0.0010425155071956283,0.9999972657043741,0,0,0,,0.1632143259048462,1.919269561767578e-05,0.0,False,False,3,False
67.600215986,1283,67,600215986,map,11.49736213684082,-0.5687522888183594,-0.24044372141361237,0.0001644134463276714,0.0,0.0,0.0,8.516531391317248e-05,0.0018025825219796067,-0.0011810400621808746,0.9999976742910417,0,0,0,,0.15311121940612793,0.006747245788574219,0.0,False,False,3,False
67.650215987,1284,67,650215987,map,11.491409301757812,-0.11627197265625,1.5100736618041992,0.0002025604189839214,0.0,0.0,0.0,0.0005230898541894406,0.0013008698992521385,-0.000686647429695183,0.9999987813141659,0,0,0,,0.15836477279663086,-0.020602375268936157,0.0,False,False,0,False
67.700215987,1285,67,700215987,map,11.18372631072998,-6.153621673583984,-0.04064811393618584,-0.00023174285888671875,0.0,0.0,0.0,0.0006650947829333982,0.001293817028713771,5.826152080289469e-05,0.9999989401454489,0,0,0,,0.16503369808197021,-0.002979785203933716,0.0,False,False,0,False
67.700215987,1286,67,750215988,map,10.734366416931152,-8.987007141113281,-0.33404436707496643,-0.0008827209239825606,0.0,0.0,0.0,0.0004496787813081185,0.0023366075578762292,0.00037098982846180774,0.9999971002061263,0,0,0,,0.16312670707702637,0.006166577339172363,0.0,False,False,2,False
67.750215988,1287,67,800215989,map,10.332578659057617,-8.03598403930664,-0.2677188813686371,-0.0011575698154047132,0.0,0.0,0.0,0.00018549569643579126,0.0034490632651270857,0.00025581799935653,0.9999940020375576,0,0,0,,0.16404342651367188,0.007428348064422607,0.0,False,False,2,False
67.85021599,1288,67,850215990,map,9.974184036254883,-7.16766357421875,0.2662704586982727,-0.0006513594416901469,0.0,0.0,0.0,0.0001503833255614039,0.004263230107271875,0.00013863840434440137,0.9999908914751677,0,0,0,,0.18426835536956787,-0.0020092427730560303,0.0,False,False,2,False
67.85021599,1289,67,900215990,map,9.653075218200684,-6.422328948974609,-0.19884474575519562,0.0003065107739530504,0.0,0.0,0.0,7.415867646280248e-05,0.0047159003149489205,-2.2052711172267572e-05,0.9999888770873344,0,0,0,,0.1947035789489746,0.004477024078369141,0.0,False,False,2,False
67.950215991,1290,67,950215991,map,9.365450859069824,-5.752773284912109,-0.1589953899383545,0.0008295058505609632,0.0,0.0,0.0,-3.2571483313024595e-05,0.0048608095209351655,-0.000311831214137134,0.9999881370452318,0,0,0,,0.22544801235198975,0.004769384860992432,0.0,False,False,2,False
68.000215992,1291,68,215992,map,9.108308792114258,-5.142612457275391,0.12510466575622559,0.0011272430419921875,0.0,0.0,0.0,-2.4928257333436975e-05,0.004776890425406801,-0.0005236335105738928,0.9999884531855316,0,0,0,,0.26193225383758545,-0.0002542734146118164,0.0,False,False,2,False
68.050215993,1292,68,50215993,map,8.87990665435791,-4.568233489990234,-0.09680483490228653,0.0009626388200558722,0.0,0.0,0.0,-3.9465796806658505e-05,0.0045374760405806555,-0.0006927714077094621,0.9999894648552097,0,0,0,,0.27026867866516113,0.0023412704467773438,0.0,False,False,2,False
68.100215993,1293,68,100215993,map,8.672354698181152,-4.152679443359375,-0.46765249967575073,0.0006816863315179944,0.0,0.0,0.0,-0.0002057509875095566,0.004210092536488089,-0.0011005048745742856,0.9999905107931708,0,0,0,,0.29412782192230225,0.009624004364013672,0.0,False,False,2,False
68.150215994,1294,68,150215994,map,8.49532413482666,-3.5388755798339844,0.5202767848968506,0.0002542496076785028,0.0,0.0,0.0,-7.507485808242474e-05,0.0038342758578566692,-0.0012566201879657133,0.9999918567659012,0,0,0,,0.32259607315063477,-0.00596928596496582,0.0,False,False,2,False
68.200215995,1295,68,200215995,map,8.315876960754395,-3.5886573791503906,0.23528234660625458,0.0001016617170535028,0.0,0.0,0.0,9.95686972293562e-05,0.003455049541772566,-0.0010786555937513966,0.9999934445889376,0,0,0,,0.32549238204956055,-0.005353480577468872,0.0,False,False,2,False
68.200215995,1296,68,250215996,map,8.193178176879883,-2.454090118408203,0.2948460578918457,-0.00019016268197447062,0.0,0.0,0.0,0.00024149377079277207,0.003066431639742779,-0.0006776635838351609,0.99999503971261,0,0,0,,0.34956300258636475,-0.007490605115890503,0.0,False,False,2,False
68.300215996,1297,68,300215996,map,8.028814315795898,-3.2874298095703125,0.09341105818748474,-0.000251960736932233,0.0,0.0,0.0,0.00028523038775789,0.002725889641376095,-0.00023069746482881406,0.9999962174668305,0,0,0,,0.34876108169555664,-0.004943937063217163,0.0,False,False,2,False
68.300215996,1298,68,350215997,map,7.942709922790527,-1.7228031158447266,0.26287075877189636,-0.0003465652698650956,0.0,0.0,0.0,0.00033636237679286437,0.002383925593222693,0.00029613804510615925,0.9999970580263603,0,0,0,,0.37998270988464355,-0.007466763257980347,0.0,False,False,2,False
68.400215998,1299,68,400215998,map,7.799961566925049,-2.8549575805664062,-0.007949359714984894,-0.0001905440876726061,0.0,0.0,0.0,0.00030502702573139605,0.0021001460940357755,0.000707755469962535,0.9999974977104152,0,0,0,,0.3773699998855591,-0.00344201922416687,0.0,False,False,2,False
68.450215999,1300,68,450215999,map,7.743280410766602,-1.133718490600586,0.024770647287368774,-0.00017833709716796875,0.0,0.0,0.0,0.0002441880476861111,0.0018029624729194629,0.0011441805783130347,0.9999976902719939,0,0,0,,0.4105398654937744,-0.002737194299697876,0.0,False,False,2,False
68.500215999,1301,68,500215999,map,7.616549491882324,-2.533693313598633,-0.36083266139030457,-0.0001964569091796875,0.0,0.0,0.0,6.3868317249664e-05,0.0015734520329359545,0.0010654258420576056,0.999998192517023,0,0,0,,0.4000728130340576,0.0053061842918396,0.0,False,False,2,False
68.550216,1302,68,550216000,map,7.573573589324951,-0.8613395690917969,-0.9948806762695312,-0.0001163482666015625,0.0,0.0,0.0,-0.0003655660133014055,0.001345797997954225,0.0005304595733632528,0.9999988869003203,0,0,0,,0.40332841873168945,0.020993828773498535,0.0,False,False,2,False
68.600216001,1303,68,600216001,map,7.453111171722412,-2.407674789428711,0.42509037256240845,-0.00012302398681640625,0.0,0.0,0.0,-0.00034329332447745483,0.0011928809778883347,-0.00021272555724146316,0.9999992069659371,0,0,0,,0.4012157917022705,-0.0004985630512237549,0.0,False,False,2,False
68.650216002,1304,68,650216002,map,7.42071533203125,-0.6478023529052734,0.6433166265487671,4.76837158203125e-06,0.0,0.0,0.0,-8.992334095414424e-06,0.0010316970706689974,-6.048104917800164e-05,0.999999465931025,0,0,0,,0.40913689136505127,-0.010904520750045776,0.0,False,False,2,False
68.700216002,1305,68,700216002,map,7.305764675140381,-2.2994136810302734,0.1583283245563507,-6.370543997036293e-05,0.0,0.0,0.0,0.0001885431128944146,0.0009358771517080423,0.00013138354182817935,0.9999995356618003,0,0,0,,0.4317772388458252,-0.006567120552062988,0.0,False,False,2,False
68.750216003,1306,68,750216003,map,7.284797191619873,-0.41961669921875,0.07857680320739746,-2.822876012942288e-05,0.0,0.0,0.0,0.00023836639974789543,0.0008105995979575344,0.0006509489326483697,0.9999994311874572,0,0,0,,0.4293762445449829,-0.004970759153366089,0.0,False,False,2,False
68.800216004,1307,68,800216004,map,7.178020000457764,-2.136526107788086,0.2166006714105606,1.6593930922681466e-05,0.0,0.0,0.0,0.0002858043377652375,0.0007382337424051086,0.0009390849288103734,0.9999992457228748,0,0,0,,0.4661058187484741,-0.007334858179092407,0.0,False,False,2,False
68.850216004,1308,68,850216004,map,7.168507099151611,-0.19002914428710938,-0.045800358057022095,3.814698175119702e-06,0.0,0.0,0.0,0.0002454749345699996,0.000624300504620424,0.0014603228333909932,0.9999987087232458,0,0,0,,0.42277002334594727,-0.002814561128616333,0.0,False,False,2,False
68.850216004,1309,68,900216005,map,7.066439151763916,-2.0397090911865234,-0.8408786058425903,1.5258788153005298e-05,0.0,0.0,0.0,-0.00010182274528846328,0.0005671458753306943,0.0010978120050828847,0.9999992313929477,0,0,0,,0.4629049301147461,0.014880478382110596,0.0,False,False,2,False
68.950216006,1310,68,950216006,map,7.06368350982666,-0.05511283874511719,0.27684903144836426,3.62396240234375e-05,0.0,0.0,0.0,-0.00015012529816156822,0.00047102969187745255,0.000967330229361637,0.9999994099326518,0,0,0,,0.4200856685638428,-0.000997304916381836,0.0,False,False,2,False
68.950216006,1311,69,216007,map,6.963005065917969,-2.0150089263916016,0.5106393098831177,-5.1307681133039296e-05,0.0,0.0,0.0,7.181790741908134e-05,0.0004370891292706053,0.0009429934786360863,0.9999994572791431,0,0,0,,0.43929290771484375,-0.009888499975204468,0.0,False,False,2,False
69.050216007,1312,69,50216007,map,6.965090751647949,0.043201446533203125,-0.7211297154426575,-3.814697265625e-05,0.0,0.0,0.0,-8.690670455809044e-05,0.0003629076775959857,0.0009752807216303792,0.9999994547862294,0,0,0,,0.47592949867248535,0.011376500129699707,0.0,False,False,2,False
69.100216008,1313,69,100216008,map,6.870054244995117,-1.9007492065429688,-0.026679210364818573,5.435943603515625e-05,0.0,0.0,0.0,-0.00018525201638351106,0.0003370942974618489,0.00048156184752959217,0.999999810073638,0,0,0,,0.44539976119995117,0.0037418603897094727,0.0,False,False,2,False
69.100216008,1314,69,150216009,map,6.879395484924316,0.18625259399414062,-0.3117327392101288,3.280639793956652e-05,0.0,0.0,0.0,-0.0002802158399728373,0.00026441138315329895,0.00019421847300183067,0.9999999069224397,0,0,0,,0.47759783267974854,0.008677840232849121,0.0,False,False,2,False
69.20021601,1315,69,200216010,map,6.788843631744385,-1.8105792999267578,0.21007627248764038,9.91821252682712e-06,0.0,0.0,0.0,-0.0002052572160337505,0.00024056657725651426,-0.00030127963527159043,0.9999999046138848,0,0,0,,0.47188735008239746,-0.0005248188972473145,0.0,False,False,2,False
69.20021601,1316,69,250216010,map,6.806325435638428,0.3497791290283203,0.2422860562801361,-4.57763690064894e-06,0.0,0.0,0.0,-4.3646337769610535e-05,0.00016433783195844945,-0.00017952669343250632,0.9999999694291197,0,0,0,,0.49163031578063965,-0.004224628210067749,0.0,False,False,2,False
69.300216011,1317,69,300216011,map,6.721596717834473,-1.6948604583740234,-0.32423707842826843,5.7220458984375e-06,0.0,0.0,0.0,-8.488859063103646e-05,0.00013748922907828797,-0.000481895847352272,0.9999998708335074,0,0,0,,0.4860135316848755,0.00552213191986084,0.0,False,False,2,False
69.300216011,1318,69,350216012,map,6.74564266204834,0.4810142517089844,0.5158091187477112,-1.049041748046875e-05,0.0,0.0,0.0,6.678521968790288e-05,5.911348509565066e-05,-0.00021442965140432404,0.9999999730326271,0,0,0,,0.4811288118362427,-0.009216159582138062,0.0,False,False,2,False
69.350216012,1319,69,400216013,map,6.664058685302734,-1.633005142211914,0.4055336117744446,-2.6893612812273204e-05,0.0,0.0,0.0,0.0002776148141867276,3.757081160383623e-05,7.162859752929872e-05,0.9999999581938955,0,0,0,,0.48957669734954834,-0.011769354343414307,0.0,False,False,2,False
69.450216013,1320,69,450216013,map,6.692551612854004,0.5696773529052734,0.03865770995616913,3.242489583499264e-06,0.0,0.0,0.0,0.0003243145235743636,-3.33105745159361e-05,0.000761142012848071,0.9999996571866072,0,0,0,,0.48115789890289307,-0.006346642971038818,0.0,False,False,2,False
69.500216014,1321,69,500216014,map,6.614236354827881,-1.5661048889160156,-0.045703500509262085,-1.2588498066179454e-05,0.0,0.0,0.0,0.0002596723241966215,-4.641755612992225e-05,0.0009739298096564048,0.9999994909380807,0,0,0,,0.5082213878631592,-0.0033047497272491455,0.0,False,False,2,False
69.550216015,1322,69,550216015,map,6.6489996910095215,0.6956195831298828,-0.07607080042362213,3.6239589462638833e-06,0.0,0.0,0.0,0.00016276828862274009,-0.0001148713887713636,0.0013840630649091005,0.9999990223397623,0,0,0,,0.5166689157485962,-0.001175910234451294,0.0,False,False,2,False
69.600216016,1323,69,600216016,map,6.576582908630371,-1.4480209350585938,-0.08598435670137405,4.920959327137098e-05,0.0,0.0,0.0,7.217137937249637e-05,-0.00013222804582475498,0.0013076213647807192,0.999999133716326,0,0,0,,0.5064682960510254,0.00015598535537719727,0.0,False,False,2,False
69.650216016,1324,69,650216016,map,6.616445541381836,0.7956218719482422,0.3395884037017822,-2.4414061044808477e-05,0.0,0.0,0.0,0.0001445169399083921,-0.00020228820089910273,0.0017206968074822502,0.9999984886972753,0,0,0,,0.5057007074356079,-0.007914245128631592,0.0,False,False,2,False
69.700216017,1325,69,700216017,map,6.54539680480957,-1.4207172393798828,-0.0480622798204422,3.0517571758537088e-06,0.0,0.0,0.0,0.00015059972264973,-0.00021251742667142338,0.0018027247986665447,0.9999983411683077,0,0,0,,0.4857981204986572,-0.0026045143604278564,0.0,False,False,2,False
69.750216018,1326,69,750216018,map,6.585768222808838,0.808563232421875,-0.22800438106060028,-3.6621091567212716e-05,0.0,0.0,0.0,3.960818599485542e-05,-0.00026855770664867084,0.002044250926228577,0.9999978736707895,0,0,0,,0.5002884864807129,0.002675354480743408,0.0,False,False,2,False
69.800216019,1327,69,800216019,map,6.5156683921813965,-1.403951644897461,0.3560066223144531,-8.392335075768642e-06,0.0,0.0,0.0,0.00010658831386462589,-0.0002635335054456333,0.0020413387959272227,0.999997876060216,0,0,0,,0.521288275718689,-0.007636964321136475,0.0,False,False,2,False
69.800216019,1328,69,850216019,map,6.5609307289123535,0.9025287628173828,0.3394628167152405,3.585815284168348e-05,0.0,0.0,0.0,0.0002517243680563553,-0.0003154161378713395,0.00265524705128975,0.9999963933987956,0,0,0,,0.5258512496948242,-0.01039963960647583,0.0,False,False,2,False
69.90021602,1329,69,900216020,map,6.495813369750977,-1.3004112243652344,-0.2319938689470291,-1.6593930922681466e-05,0.0,0.0,0.0,0.00019107659023572874,-0.0003163849602159089,0.002795576378922251,0.9999960240635977,0,0,0,,0.5258884429931641,-0.000329434871673584,0.0,False,False,2,False
69.950216021,1330,69,950216021,map,6.545823097229004,1.0006427764892578,-0.05698978900909424,-9.91821252682712e-06,0.0,0.0,0.0,9.659932904504843e-05,-0.00037622284644375553,0.0031209891088429175,0.9999950542637308,0,0,0,,0.5264432430267334,-0.0005472898483276367,0.0,False,False,2,False
69.950216021,1331,70,216022,map,6.484455108642578,-1.2295913696289062,0.26571184396743774,3.814698175119702e-06,0.0,0.0,0.0,0.00014240795607068653,-0.0003807209250456906,0.0031787970212280377,0.9999948649973405,0,0,0,,0.53676438331604,-0.0069608986377716064,0.0,False,False,2,False
70.050216022,1332,70,50216022,map,6.538632869720459,1.0852432250976562,-0.19319631159305573,-1.3542176020564511e-05,0.0,0.0,0.0,8.424033238073949e-05,-0.0004425693185044455,0.003512472200943743,0.9999937297678433,0,0,0,,0.527478814125061,0.0009633898735046387,0.0,False,False,2,False
70.100216023,1333,70,100216023,map,6.4801530838012695,-1.1687850952148438,-0.11568546295166016,6.389617919921875e-05,0.0,0.0,0.0,-2.7742703466758697e-06,-0.00044627164635316753,0.003331605606950995,0.9999943506030425,0,0,0,,0.5343434810638428,0.0014927983283996582,0.0,False,False,2,False
70.150216024,1334,70,150216024,map,6.535965442657471,1.1173343658447266,-0.1707170158624649,-2.5558472771081142e-05,0.0,0.0,0.0,-9.258212998526363e-05,-0.0005024840981662712,0.0033717740846731896,0.9999941850219942,0,0,0,,0.5141957998275757,0.0038756728172302246,0.0,False,False,2,False
70.200216025,1335,70,200216025,map,6.4763665199279785,-1.190338134765625,-0.4154641032218933,-4.806518700206652e-05,0.0,0.0,0.0,-0.00025242146198826856,-0.0004932801468934234,0.0027948579616685937,0.9999959408552997,0,0,0,,0.5064430236816406,0.010094106197357178,0.0,False,False,2,False
70.250216025,1336,70,250216025,map,6.531589984893799,1.1032485961914062,0.33515477180480957,3.0899045668775216e-05,0.0,0.0,0.0,-0.0001660634908338137,-0.0005322469237719316,0.002724054344502793,0.9999961343245569,0,0,0,,0.5532276630401611,-0.00289037823677063,0.0,False,False,2,False
70.300216026,1337,70,300216026,map,6.4747395515441895,-1.1375141143798828,0.09174056351184845,6.29425048828125e-05,0.0,0.0,0.0,-4.8239639047345745e-05,-0.0005173118449645806,0.0025038752236931213,0.9999967303297829,0,0,0,,0.5270488262176514,-0.0021116435527801514,0.0,False,False,2,False
70.300216026,1338,70,350216027,map,6.532524585723877,1.1574268341064453,-0.42587125301361084,-2.841949390131049e-05,0.0,0.0,0.0,-0.00014803140409955936,-0.0005596945684121127,0.002451885722197203,0.9999968265375139,0,0,0,,0.5320355892181396,0.008418500423431396,0.0,False,False,2,False
70.400216028,1339,70,400216028,map,6.476887226104736,-1.1176490783691406,0.8584417104721069,-7.629398623976158e-07,0.0,0.0,0.0,0.00011018125365176751,-0.0005441009984769935,0.0024485667360681185,0.9999968481625998,0,0,0,,0.5473666191101074,-0.015558779239654541,0.0,False,False,2,False
70.450216028,1340,70,450216028,map,6.537858963012695,1.2195396423339844,-0.00634118914604187,-1.239776611328125e-05,0.0,0.0,0.0,0.00022965934994452277,-0.0005889773639731475,0.0030220177980074324,0.9999952338739803,0,0,0,,0.5422993898391724,-0.005018800497055054,0.0,False,False,2,False
70.450216028,1341,70,500216029,map,6.486236095428467,-1.0323810577392578,-0.013386532664299011,-2.4032589863054454e-05,0.0,0.0,0.0,0.0002076271307411845,-0.0005806122639180184,0.003155160469453504,0.9999948323580404,0,0,0,,0.5580804347991943,-0.0033624768257141113,0.0,False,False,2,False
70.55021603,1342,70,550216030,map,6.551168918609619,1.2988090515136719,-0.011313110589981079,3.0136106943245977e-05,0.0,0.0,0.0,0.00015541019293267418,-0.0006335253044920675,0.0035575394350867706,0.999993459181873,0,0,0,,0.5606770515441895,-0.002156198024749756,0.0,False,False,2,False
70.600216031,1343,70,600216031,map,6.503673076629639,-0.9467029571533203,-0.4678308367729187,-1.1253358024987392e-05,0.0,0.0,0.0,-4.745761432633258e-05,-0.0006332199548788947,0.003280710241783564,0.9999944168447006,0,0,0,,0.5503530502319336,0.007969379425048828,0.0,False,False,2,False
70.650216031,1344,70,650216031,map,6.57122278213501,1.3521862030029297,-0.29422205686569214,-1.4686585927847773e-05,0.0,0.0,0.0,-0.00023225023416729366,-0.0006889688575596112,0.003060870210159774,0.999995051215404,0,0,0,,0.5651111602783203,0.008709132671356201,0.0,False,False,2,False
70.700216032,1345,70,700216032,map,6.52769136428833,-0.8711624145507812,0.15234515070915222,-3.662109520519152e-05,0.0,0.0,0.0,-0.00020595993870685622,-0.0006894405555151491,0.002563145974125226,0.9999964562611906,0,0,0,,0.5777496099472046,0.00046187639236450195,0.0,False,False,2,False
70.750216033,1346,70,750216033,map,6.600063323974609,1.447601318359375,-0.03957662731409073,6.885529001010582e-05,0.0,0.0,0.0,-0.00015817336415283154,-0.0007493320973527598,0.0025128355520956814,0.9999965495640886,0,0,0,,0.5675487518310547,0.002157151699066162,0.0,False,False,2,False
70.800216034,1347,70,800216034,map,6.56036901473999,-0.7941913604736328,0.07561095058917999,-5.187988426769152e-05,0.0,0.0,0.0,-9.42154427695417e-05,-0.0007525987478577763,0.0022036909900406665,0.9999972842286101,0,0,0,,0.573570728302002,-0.0004896819591522217,0.0,False,False,2,False
70.850216034,1348,70,850216034,map,6.6351776123046875,1.4970970153808594,-0.2891336679458618,-4.100799196748994e-05,0.0,0.0,0.0,-0.00015246519742906063,-0.0008110696613351066,0.002135461253756615,0.999997379359367,0,0,0,,0.576116681098938,0.006339550018310547,0.0,False,False,2,False
70.900216035,1349,70,900216035,map,6.599552154541016,-0.7122516632080078,-0.36201006174087524,1.907392288558185e-07,0.0,0.0,0.0,-0.00028854380975466484,-0.0008130792553684155,0.0014858069316639637,0.9999985240100887,0,0,0,,0.592529296875,0.01002800464630127,0.0,False,False,2,False
70.950216036,1350,70,950216036,map,6.678558826446533,1.5760993957519531,-0.9551671147346497,2.6702873583417386e-05,0.0,0.0,0.0,-0.0006239614609448824,-0.0008722301357202858,0.000629559038052612,0.9999992267707527,0,0,0,,0.6004045009613037,0.0246737003326416,0.0,False,False,2,False
71.000216037,1351,71,216037,map,6.649205684661865,-0.5856609344482422,0.2012152224779129,3.147125244140625e-05,0.0,0.0,0.0,-0.000605261059072523,-0.0008807613292027078,-0.0005198906799173699,0.9999992938158568,0,0,0,,0.592923641204834,0.006550788879394531,0.0,False,False,2,False
71.000216037,1352,71,50216037,map,6.731411457061768,1.6465377807617188,0.5881631970405579,0.00010528564598644152,0.0,0.0,0.0,-0.00025953660327327085,-0.0009437724715252034,-0.0007179982399166016,0.9999992632061292,0,0,0,,0.5744411945343018,-0.006558060646057129,0.0,False,False,2,False
71.100216038,1353,71,100216038,map,6.700961112976074,-0.6095600128173828,0.7140535116195679,-6.866457624710165e-06,0.0,0.0,0.0,0.00017149042437893293,-0.0009415516406402476,-0.0005614251628710711,0.999999384436475,0,0,0,,0.5644853115081787,-0.015420287847518921,0.0,False,False,2,False
71.150216039,1354,71,150216039,map,6.77878475189209,1.552438735961914,-1.6054587364196777,1.392364538332913e-05,0.0,0.0,0.0,-0.00023807763065661084,-0.0009794699889642503,-0.0008068072310263879,0.9999991665094898,0,0,0,,0.5859692096710205,0.027539730072021484,0.0,False,False,2,False
71.20021604,1355,71,200216040,map,6.7464680671691895,-0.6415843963623047,1.0013099908828735,-5.3787229262525216e-05,0.0,0.0,0.0,-0.00010422739272664774,-0.0009557533712431067,-0.001216969037240684,0.9999987973285299,0,0,0,,0.5286836624145508,-0.011827021837234497,0.0,False,False,2,False
71.25021604,1356,71,250216040,map,6.817952632904053,1.416025161743164,-1.7935771942138672,-2.0980833141948096e-05,0.0,0.0,0.0,-0.0005635655587907707,-0.0009665727107352595,-0.0019705428959581064,0.9999974325425796,0,0,0,,0.5786588191986084,0.03510916233062744,0.0,False,False,2,False
71.300216041,1357,71,300216041,map,6.780623435974121,-0.7355594635009766,1.077773928642273,1.7738340829964727e-05,0.0,0.0,0.0,-0.00037007338455080104,-0.000920403875384072,-0.0027772611858524685,0.9999956513518954,0,0,0,,0.5112468004226685,-0.009411662817001343,0.0,False,False,2,False
71.350216042,1358,71,350216042,map,6.841759204864502,1.2251949310302734,1.1119943857192993,4.119873119634576e-05,0.0,0.0,0.0,0.0002353947820555774,-0.0009090644059640733,-0.002161690499281843,0.999997222638837,0,0,0,,0.4688171148300171,-0.023231148719787598,0.0,False,False,2,False
71.400216042,1359,71,400216042,map,6.7886834144592285,-1.0615921020507812,-0.5451937913894653,-8.010865713004023e-06,0.0,0.0,0.0,0.0002500242537029626,-0.0008187305072207195,-0.0019060008126147122,0.9999978171621834,0,0,0,,0.5002672672271729,0.0028842687606811523,0.0,False,False,2,False
71.450216043,1360,71,450216043,map,6.837848663330078,0.9812831878662109,-0.50766921043396,1.0108947208209429e-05,0.0,0.0,0.0,-2.1132510274962523e-05,-0.0007699944841385753,-0.0018507966146684904,0.9999979906048825,0,0,0,,0.4936232566833496,0.00916975736618042,0.0,False,False,2,False
71.500216044,1361,71,500216044,map,6.776551246643066,-1.2281036376953125,-0.3044281005859375,1.468658410885837e-05,0.0,0.0,0.0,-0.00023626023619527267,-0.0006652050348170918,-0.0024582203783756586,0.9999967294126185,0,0,0,,0.47225117683410645,0.009357333183288574,0.0,False,False,2,False
71.550216045,1362,71,550216045,map,6.817294597625732,0.8076095581054688,-0.6860082745552063,-2.1362302504712716e-05,0.0,0.0,0.0,-0.0005017909063397367,-0.000611406728573217,-0.0031296339777062607,0.9999947898758593,0,0,0,,0.4923454523086548,0.018474996089935303,0.0,False,False,2,False
71.600216045,1363,71,600216045,map,6.748498916625977,-1.3850212097167969,-0.5827538967132568,-0.00010623931302689016,0.0,0.0,0.0,-0.0007346667012821371,-0.0005091214067434789,-0.004498574711689558,0.999989481887582,0,0,0,,0.4582791328430176,0.020713329315185547,0.0,False,False,2,False
71.650216046,1364,71,650216046,map,6.780593395233154,0.6467247009277344,0.2880840003490448,3.089904930675402e-05,0.0,0.0,0.0,-0.0006008537794590281,-0.00046103596245165526,-0.005278267215462915,0.9999857830568288,0,0,0,,0.4220696687698364,0.004123091697692871,0.0,False,False,2,False
71.700216047,1365,71,700216047,map,6.697386264801025,-1.6724967956542969,-0.4709070920944214,9.288787259720266e-05,0.0,0.0,0.0,-0.0005902639667782755,-0.00034994596384583577,-0.006361731368302959,0.9999795285405944,0,0,0,,0.4034559726715088,0.015157222747802734,0.0,False,False,2,False
71.750216048,1366,71,750216048,map,6.714414596557617,0.33509254455566406,-0.2757984399795532,-4.177093069301918e-05,0.0,0.0,0.0,-0.0006113575805864943,-0.00028017205198937247,-0.007177084814320289,0.9999740182620236,0,0,0,,0.3831871747970581,0.013314664363861084,0.0,False,False,2,False
71.800216048,1367,71,800216048,map,6.601588726043701,-2.406435012817383,-4.056482791900635,-0.00040798186091706157,0.0,0.0,0.0,-0.0017383360705184616,-0.00010653529279149386,-0.010037122696238014,0.9999481101566811,0,0,0,,0.3561699390411377,0.1343613862991333,0.0,False,False,2,False
71.800216048,1368,71,850216049,map,6.601126194000244,0.0037288665771484375,0.2533900737762451,-0.0005510329501703382,0.0,0.0,0.0,-0.0022281787541987307,2.1547421068829457e-05,-0.013735540876591486,0.999903180148946,0,0,0,,0.2777259349822998,0.02933049201965332,0.0,False,False,2,False
71.90021605,1369,71,900216050,map,6.472823143005371,-2.7132225036621094,-2.376244068145752,0.00016460413462482393,0.0,0.0,0.0,-0.0026090624929019876,0.00021727634520975127,-0.018040578186716266,0.9998338277546859,0,0,0,,0.292926549911499,0.08615076541900635,0.0,False,False,2,False
71.950216051,1370,71,950216051,map,6.443549156188965,-0.4095458984375,3.047633647918701,0.00114612584002316,0.0,0.0,0.0,-0.0015218072536535693,0.00033694259452168943,-0.020475239083327698,0.9997891453485835,0,0,0,,0.15212547779083252,-0.039487868547439575,0.0,False,False,2,False
71.950216051,1371,72,216051,map,6.290785789489746,-2.9964447021484375,1.4993596076965332,0.0007181167020462453,0.0,0.0,0.0,-8.099982098763982e-05,0.0005139084991488955,-0.020685015608545018,0.9997859068152329,0,0,0,,0.43838930130004883,-0.02955693006515503,0.0,False,False,2,False
72.050216052,1372,72,50216052,map,6.264429569244385,-0.6469821929931641,-2.5961990356445312,-0.000476837158203125,0.0,0.0,0.0,-0.0004576973168598995,0.0006340827591736913,-0.02132145270591609,0.999772366144779,0,0,0,,0.5741931200027466,0.054452478885650635,0.0,False,False,2,False
72.100216053,1373,72,100216053,map,6.128137111663818,-3.1175804138183594,-4.959807395935059,-0.0012163161300122738,0.0,0.0,0.0,-0.0023116730608066754,0.0007908822976190371,-0.025461047652215484,0.9996728293423318,0,0,0,,0.6289418935775757,0.1975647211074829,0.0,False,False,2,False
72.150216054,1374,72,150216054,map,6.152568817138672,0.19239425659179688,-2.7288782596588135,-0.002307700924575329,0.0,0.0,0.0,-0.0038927815625109576,0.0007933809957586486,-0.03198304269383361,0.9994805159573381,0,0,0,,0.8286502361297607,0.1264667510986328,0.0,False,False,2,False
72.200216054,1375,72,200216054,map,6.091378688812256,-1.6863632202148438,-3.3351850509643555,-0.0009353639325127006,0.0,0.0,0.0,-0.004925470775508909,0.0007144345440379124,-0.04030145113819292,0.9991751710071051,0,0,0,,0.8311394453048706,0.15013915300369263,0.0,False,False,2,False
72.200216054,1376,72,250216055,map,6.1842851638793945,1.180257797241211,-4.219529628753662,-0.0007978436769917607,0.0,0.0,0.0,-0.005923497482687347,0.0004977570078330445,-0.04984362543941792,0.9987393440826232,0,0,0,,0.864055871963501,0.17669594287872314,0.0,False,False,2,False
72.300216056,1377,72,300216056,map,6.1869964599609375,-0.8613777160644531,-4.523944854736328,-0.0008514407090842724,0.0,0.0,0.0,-0.006956001002659378,0.00030247024458501456,-0.061411857389820385,0.9980882257264307,0,0,0,,0.8698391914367676,0.20261424779891968,0.0,False,False,2,False
72.350216057,1378,72,350216057,map,6.336778163909912,1.7024040222167969,-5.666606426239014,-0.0013751978985965252,0.0,0.0,0.0,-0.008110632810384549,6.973493456020918e-05,-0.0745599662533136,0.997183545895518,0,0,0,,0.860600471496582,0.23475909233093262,0.0,False,False,2,False
72.350216057,1379,72,400216057,map,6.413294792175293,1.1420631408691406,-1.6379451751708984,0.0034845350310206413,0.0,0.0,0.0,-0.007863792450719515,-0.0002948098085913581,-0.08756788724661288,0.9961274712498565,0,0,0,,0.9052104949951172,0.1528400182723999,0.0,False,False,2,False
72.450216058,1380,72,450216058,map,6.622878074645996,2.751140594482422,-5.491070747375488,0.00225734687410295,0.0,0.0,0.0,-0.008019459280810297,-0.0006686993526745394,-0.10034651736979826,0.9949200056113918,0,0,0,,0.885291337966919,0.21170681715011597,0.0,False,False,2,False
72.500216059,1381,72,500216059,map,6.747311115264893,0.6390380859375,-5.9128642082214355,-0.0026704787742346525,0.0,0.0,0.0,-0.00896257873989095,-0.0008469771274589631,-0.1150648382164692,0.9933171889272301,0,0,0,,0.900375485420227,0.23269122838974,0.0,False,False,2,False
72.500216059,1382,72,550216060,map,7.028351783752441,4.580621719360352,-3.8339662551879883,0.0012451171642169356,0.0,0.0,0.0,-0.00895289829211521,-0.0012534265023046447,-0.1295696523824099,0.9915291118851104,0,0,0,,0.9443669319152832,0.17592352628707886,0.0,False,False,2,False
72.60021606,1383,72,600216060,map,7.172545433044434,0.4401397705078125,-6.669497489929199,-0.0006206511170603335,0.0,0.0,0.0,-0.009611829441746203,-0.0013800855052230278,-0.1449804412347691,0.9893868706214736,0,0,0,,0.9296374320983887,0.24246519804000854,0.0,False,False,2,False
72.650216061,1384,72,650216061,map,7.4130754470825195,1.8317317962646484,-7.652139663696289,-0.004500770475715399,0.0,0.0,0.0,-0.010923301486876813,-0.0012415750730301548,-0.16256388867591348,0.9866367731209545,0,0,0,,0.9417390823364258,0.25893259048461914,0.0,False,False,2,False
72.700216062,1385,72,700216062,map,7.5414252281188965,-1.343526840209961,-8.296866416931152,-0.005188941955566406,0.0,0.0,0.0,-0.012577989238550002,-0.0007624549724631474,-0.18254244298512246,0.983117220558237,0,0,0,,0.9382045269012451,0.3063351511955261,0.0,False,False,2,False
72.750216063,1386,72,750216063,map,7.792391777038574,1.8796348571777344,-6.877684593200684,0.0004928582347929478,0.0,0.0,0.0,-0.013343906941879285,-0.0004444362556249295,-0.20327812575660464,0.9790300027133098,0,0,0,,0.9421893358230591,0.25517547130584717,0.0,False,False,2,False
72.800216063,1387,72,800216063,map,7.938635349273682,-1.576833724975586,-8.09091567993164,0.0011787423864006996,0.0,0.0,0.0,-0.014211273963102468,4.89505697919973e-05,-0.22480720794500214,0.9742996236025958,0,0,0,,0.9390050172805786,0.2950347065925598,0.0,False,False,2,False
72.850216064,1388,72,850216064,map,8.137090682983398,-1.9112586975097656,-9.695987701416016,-0.003745460417121649,0.0,0.0,0.0,-0.015636387597238045,0.0008320050061800827,-0.24824620961870603,0.96857040557748,0,0,0,,0.9409040212631226,0.336836576461792,0.0,False,False,2,False
72.900216065,1389,72,900216065,map,8.31567668914795,-1.1322879791259766,-7.329320907592773,0.0016069412231445312,0.0,0.0,0.0,-0.01623166254347124,0.0014206956759122602,-0.27207683254069703,0.962137574336172,0,0,0,,0.9597065448760986,0.28023409843444824,0.0,False,False,2,False
72.950216066,1390,72,950216066,map,8.520162582397461,-2.6844310760498047,-9.50373649597168,0.0014280318282544613,0.0,0.0,0.0,-0.017021091702795813,0.0021145434921611725,-0.2963908818855129,0.9549126956314868,0,0,0,,0.9600838422775269,0.3245800733566284,0.0,False,False,2,False
73.000216066,1391,73,216066,map,8.683353424072266,-3.8784408569335938,-8.878364562988281,-0.0021268846467137337,0.0,0.0,0.0,-0.017950351644397976,0.0029745117823115415,-0.3217346039241605,0.9466550489979246,0,0,0,,0.9616382122039795,0.3250717520713806,0.0,False,False,2,False
73.050216067,1392,73,50216067,map,8.904013633728027,-2.8319358825683594,-8.842935562133789,0.0018228532280772924,0.0,0.0,0.0,-0.018449034601620246,0.0036628942463525463,-0.34711515124775255,0.9376338774288492,0,0,0,,0.9748306274414062,0.30116212368011475,0.0,False,False,2,False
73.050216067,1393,73,100216068,map,9.081536293029785,-4.7776031494140625,-8.864717483520508,0.0013515469618141651,0.0,0.0,0.0,-0.018977129570246908,0.004428644001748944,-0.3726343223639637,0.9277736348172053,0,0,0,,0.9751595258712769,0.31554967164993286,0.0,False,False,2,False
73.150216069,1394,73,150216069,map,9.27847671508789,-5.406818389892578,-9.21839714050293,-0.0014545442536473274,0.0,0.0,0.0,-0.0196402940066655,0.005325138177714513,-0.39855905104807776,0.9169168907716642,0,0,0,,0.9612104892730713,0.32423120737075806,0.0,False,False,2,False
73.200216069,1395,73,200216069,map,9.480264663696289,-4.78973388671875,-8.299760818481445,0.0024997710715979338,0.0,0.0,0.0,-0.019850147031477722,0.0060138111507434325,-0.42410709384372525,0.9053744963768869,0,0,0,,0.9755345582962036,0.28899115324020386,0.0,False,False,2,False
73.25021607,1396,73,250216070,map,9.666690826416016,-6.812734603881836,-8.700523376464844,0.0006216048495844007,0.0,0.0,0.0,-0.020230800148902193,0.006855582449464107,-0.4495164987476584,0.8930165917093926,0,0,0,,0.8985025882720947,0.31391847133636475,0.0,False,False,2,False
73.300216071,1397,73,300216071,map,9.809613227844238,-8.672752380371094,-8.069286346435547,-0.004867744166404009,0.0,0.0,0.0,-0.020918662389153152,0.008058447289848458,-0.4755570138729719,0.8793992253506635,0,0,0,,0.7051547765731812,0.3385014533996582,0.0,False,False,2,False
73.350216072,1398,73,350216072,map,9.981956481933594,-5.579090118408203,-6.577262878417969,0.006185341160744429,0.0,0.0,0.0,-0.020584272698867447,0.008689560360769578,-0.5005010771313668,0.865447543787916,0,0,0,,0.6971797943115234,0.2479691505432129,0.0,False,False,2,False
73.400216072,1399,73,400216072,map,10.068775177001953,-9.339666366577148,-5.9404754638671875,0.005814742762595415,0.0,0.0,0.0,-0.020353760693819403,0.009523006113062093,-0.5244406728950975,0.8511504082085178,0,0,0,,0.4028897285461426,0.3021790385246277,0.0,False,False,2,False
73.450216073,1400,73,450216073,map,10.163716316223145,-4.342541694641113,-3.7118911743164062,0.011884115636348724,0.0,0.0,0.0,-0.018988638202795848,0.009629174718319967,-0.5460972076335757,0.837451222715842,0,0,0,,0.6827964782714844,0.16133642196655273,0.0,False,False,2,False
73.450216073,1401,73,500216074,map,10.190804481506348,-9.278035163879395,-3.7566757202148438,0.009000014513731003,0.0,0.0,0.0,-0.01793777258811868,0.00993401621685069,-0.5654790854578534,0.8245077049646837,0,0,0,,0.6124817132949829,0.2668314576148987,0.0,False,False,2,False
73.550216075,1402,73,550216075,map,10.183991432189941,-10.13784408569336,-2.7760887145996094,-0.01234340574592352,0.0,0.0,0.0,-0.017870362596329837,0.011063168257004468,-0.5852786638474697,0.8105597708335356,0,0,0,,0.41453397274017334,0.26332342624664307,0.0,False,False,2,False
73.600216075,1403,73,600216075,map,10.15054702758789,-9.176197052001953,-1.4774513244628906,-0.006130218505859375,0.0,0.0,0.0,-0.017496279797987402,0.012013065895796492,-0.6047690922501738,0.796118026111653,0,0,0,,0.34739959239959717,0.24063748121261597,0.0,False,False,2,False
73.650216076,1404,73,650216076,map,10.069022178649902,-9.590818405151367,-0.1410675048828125,-0.0006927490467205644,0.0,0.0,0.0,-0.016890739455591885,0.012850063889208467,-0.6236551984738776,0.7814113975334601,0,0,0,,0.22485625743865967,0.2429182529449463,0.0,False,False,2,False
73.700216077,1405,73,700216077,map,9.951532363891602,-9.15924072265625,1.0832786560058594,0.0019260405097156763,0.0,0.0,0.0,-0.016049036965489885,0.013539494095434394,-0.641753505650406,0.7666234724410244,0,0,0,,0.24908196926116943,0.2317732572555542,0.0,False,False,2,False
73.750216078,1406,73,750216078,map,9.814373970031738,-9.122793197631836,1.8853759765625,0.0023090362083166838,0.0,0.0,0.0,-0.015128036754402632,0.014123066444830532,-0.6590156202221383,0.7518444611762346,0,0,0,,0.4194660186767578,0.2299429178237915,0.0,False,False,2,False
73.800216078,1407,73,800216078,map,9.69655990600586,-8.15726375579834,1.9353485107421875,0.0032911300659179688,0.0,0.0,0.0,-0.014103583734296408,0.0143954061746585,-0.6752287938734798,0.737332989314246,0,0,0,,0.6189688444137573,0.2093437910079956,0.0,False,False,2,False
73.850216079,1408,73,850216079,map,9.636916160583496,-5.380743026733398,1.0993194580078125,0.009527969174087048,0.0,0.0,0.0,-0.01262682268826775,0.013762464986684146,-0.6893616230955426,0.7241765741235824,0,0,0,,0.8794447183609009,0.1475750207901001,0.0,False,False,2,False
73.90021608,1409,73,900216080,map,9.650343894958496,-1.8731191158294678,-0.26607513427734375,0.01540431845933199,0.0,0.0,0.0,-0.010530063408250863,0.01184111670910193,-0.7000129063525791,0.7139543659503143,0,0,0,,0.923048734664917,0.06538939476013184,0.0,False,False,2,False
73.95021608,1410,73,950216080,map,9.70797348022461,-4.403496742248535,-1.0756301879882812,0.0026340503245592117,0.0,0.0,0.0,-0.009190954574923964,0.010132806989363988,-0.7082068463475174,0.7058724497832606,0,0,0,,0.9476535320281982,0.08777874708175659,0.0,False,False,2,False
74.000216081,1411,74,216081,map,9.806587219238281,1.9682297706604004,-2.019367218017578,0.0012826896272599697,0.0,0.0,0.0,-0.007214775247738947,0.007394477528322315,-0.7131691815095307,0.7009158203844695,0,0,0,,0.9676742553710938,-0.028671354055404663,0.0,False,False,2,False
74.000216081,1412,74,50216082,map,9.941997528076172,0.03990888595581055,-2.7093887329101562,-0.003686139825731516,0.0,0.0,0.0,-0.005468981376025666,0.004673289422236271,-0.7149795632879274,0.6991083425974041,0,0,0,,0.967616081237793,-0.013679713010787964,0.0,False,False,2,False
74.100216083,1413,74,100216083,map,10.098602294921875,0.6569540500640869,-3.1431961059570312,-0.010778427124023438,0.0,0.0,0.0,-0.004265128357120136,0.0024820809587780737,-0.7150808964169,0.6990242910899549,0,0,0,,0.9628133773803711,-0.025523334741592407,0.0,False,False,2,False
74.150216083,1414,74,150216083,map,10.270698547363281,0.7792684435844421,-3.4519195556640625,-0.010462761856615543,0.0,0.0,0.0,-0.003394183390307885,0.0007231474434281604,-0.7141092200764478,0.7000256983702066,0,0,0,,0.9614920616149902,-0.02844691276550293,0.0,False,False,2,False
74.200216084,1415,74,200216084,map,10.45532512664795,0.058006495237350464,-3.6933326721191406,-0.008229827508330345,0.0,0.0,0.0,-0.0029601622169067206,-0.00045247401570327355,-0.7128629425654571,0.7012969826142362,0,0,0,,0.9622542858123779,-0.015174567699432373,0.0,False,False,2,False
74.250216085,1416,74,250216085,map,10.647730827331543,0.036099404096603394,-3.8486480712890625,-0.005035400390625,0.0,0.0,0.0,-0.0027883123929690213,-0.0012156461240346418,-0.711784341030148,0.7023914858416056,0,0,0,,0.955950140953064,-0.009315162897109985,0.0,False,False,2,False
74.300216086,1417,74,300216086,map,10.67335319519043,0.7927516102790833,-0.518646240234375,-0.001844978192821145,0.0,0.0,0.0,-0.0023229269189950887,-0.0016762657918975472,-0.7106890073905915,0.7035004825284058,0,0,0,,0.9478956460952759,-0.017616987228393555,0.0,False,False,2,False
74.350216086,1418,74,350216086,map,10.655421257019043,1.0952212810516357,0.3549766540527344,0.000209808349609375,0.0,0.0,0.0,-0.0015301039127911028,-0.0018699686724772166,-0.7093565009116382,0.7048457395867389,0,0,0,,0.9324996471405029,-0.022939741611480713,0.0,False,False,0,False
74.400216087,1419,74,400216087,map,10.911293029785156,1.074465036392212,-5.115642547607422,0.0003618240589275956,0.0,0.0,0.0,-0.0010493775280607594,-0.0022320779675486443,-0.7078016947227458,0.7064068782099727,0,0,0,,0.9171829223632812,-0.02331104874610901,0.0,False,False,0,False
74.450216088,1420,74,450216088,map,11.283245086669922,0.855891764163971,-7.434043884277344,-0.0005897521623410285,0.0,0.0,0.0,-0.0013305199010272906,-0.003052993749477843,-0.7061980247672563,0.7080065386426767,0,0,0,,0.9039585590362549,-0.019036531448364258,0.0,False,False,3,False
74.450216088,1421,74,500216089,map,11.607762336730957,-0.6773312091827393,-6.4946746826171875,-0.00017814658349379897,0.0,0.0,0.0,-0.0021089466629753374,-0.003426308326794609,-0.705253511581909,0.7089437898427552,0,0,0,,0.8799060583114624,0.008045494556427002,0.0,False,False,3,False
74.550216089,1422,74,550216089,map,11.88736629486084,-0.42210036516189575,-5.593700408935547,0.00040893559344112873,0.0,0.0,0.0,-0.0028264271448421316,-0.00347916337280154,-0.7050831888615005,0.7091104311154349,0,0,0,,0.8040045499801636,0.010079622268676758,0.0,False,False,3,False
74.60021609,1423,74,600216090,map,12.117546081542969,0.6533793210983276,-4.600944519042969,0.0008958816761150956,0.0,0.0,0.0,-0.003004790298049749,-0.003605097392963526,-0.705001829081684,0.70918995727487,0,0,0,,0.6119585037231445,-0.0057675838470458984,0.0,False,False,3,False
74.650216091,1424,74,650216091,map,12.282636642456055,0.1720614731311798,-3.3008766174316406,0.0014015196356922388,0.0,0.0,0.0,-0.0029075569785471976,-0.0035478268667704254,-0.7048550216642723,0.7093365614936243,0,0,0,,0.3560526371002197,-0.0014832615852355957,0.0,False,False,3,False
74.650216091,1425,74,700216092,map,12.367835998535156,0.5946134328842163,-1.6997337341308594,0.0015722274547442794,0.0,0.0,0.0,-0.00251845291234084,-0.0033412336111409784,-0.7045505373542462,0.7096414826281836,0,0,0,,0.24275314807891846,-0.008489161729812622,0.0,False,False,3,False
74.750216092,1426,74,750216092,map,12.386933326721191,-1.571030855178833,-0.390167236328125,0.0014774322044104338,0.0,0.0,0.0,-0.0024371184515030813,-0.002489191152637059,-0.7048472842917619,0.7093505270369418,0,0,0,,0.30316638946533203,0.024050414562225342,0.0,False,False,3,False
74.800216093,1427,74,800216093,map,12.360203742980957,0.8001337051391602,0.5375289916992188,0.0007152557373046875,0.0,0.0,0.0,-0.0019159316159466048,-0.0019192633533132101,-0.7051679019190877,0.7090351724260621,0,0,0,,0.19040966033935547,-0.006905347108840942,0.0,False,False,3,False
74.800216093,1428,74,850216094,map,12.293367385864258,-1.0562450885772705,1.3333892822265625,0.00015335084754042327,0.0,0.0,0.0,-0.001545679123584234,-0.0011602648931263396,-0.7056604205003089,0.7085475535211111,0,0,0,,0.18192291259765625,0.016760945320129395,0.0,False,False,3,False
74.850216094,1429,74,900216095,map,12.19920825958252,-0.6865206360816956,1.8834304809570312,-0.0004535676271189004,0.0,0.0,0.0,-0.0012565501498587154,-0.0003758661196367762,-0.7065096170924449,0.7077022260543401,0,0,0,,0.16848134994506836,0.014773428440093994,0.0,False,False,3,False
74.900216095,1430,74,950216095,map,12.085762023925781,-0.6825448274612427,2.2711181640625,-0.0007379531161859632,0.0,0.0,0.0,-0.0009600710772144322,0.0002862198519652502,-0.7075327020242456,0.7066798935218076,0,0,0,,0.16046619415283203,0.014930009841918945,0.0,False,False,3,False
75.000216096,1431,75,216096,map,11.960148811340332,-0.11192843317985535,2.512836456298828,-0.00046005245530977845,0.0,0.0,0.0,-0.0005513906481825886,0.0006900947317409025,-0.7084247288020666,0.7057858197494001,0,0,0,,0.17200350761413574,0.005212366580963135,0.0,False,False,3,False
75.050216097,1432,75,50216097,map,11.827143669128418,0.00885702669620514,2.660083770751953,-0.0002740860218182206,0.0,0.0,0.0,-0.00010849498055623847,0.0009040036990722354,-0.7090059897054538,0.705201870082561,0,0,0,,0.166276216506958,0.0005143284797668457,0.0,False,False,3,False
75.100216098,1433,75,100216098,map,11.689412117004395,0.6380469799041748,2.752227783203125,-0.0002180099399993196,0.0,0.0,0.0,0.0004222207836746456,0.0008848611697365063,-0.7090653561382583,0.7051420846005756,0,0,0,,0.1714012622833252,-0.0118752121925354,0.0,False,False,3,False
75.150216098,1434,75,150216098,map,11.549172401428223,-0.32281312346458435,2.8058242797851562,-0.0002449035528115928,0.0,0.0,0.0,0.0006916937007362869,0.001002085414097971,-0.7089696999801239,0.7052378902857818,0,0,0,,0.160172700881958,0.0009241104125976562,0.0,False,False,3,False
75.200216099,1435,75,200216099,map,11.406912803649902,0.462570458650589,2.8438568115234375,-7.743835158180445e-05,0.0,0.0,0.0,0.0009644204353150287,0.0010149146150015527,-0.7087095067277418,0.7054990254530968,0,0,0,,0.16222429275512695,-0.00945502519607544,0.0,False,False,3,False
75.2502161,1436,75,250216100,map,11.411569595336914,-0.7740750908851624,-0.09033203125,8.125304884742945e-05,0.0,0.0,0.0,0.0007319600812339721,0.0010132079995858025,-0.7086682684800474,0.7055407308536342,0,0,0,,0.1467200517654419,0.008972644805908203,0.0,False,False,0,False
75.300216101,1437,75,300216101,map,11.400390625,0.23749031126499176,0.22245407104492188,0.0001903533993754536,0.0,0.0,0.0,0.00048019676995202033,0.0007609914431469035,-0.7087035344803548,0.7055058401729486,0,0,0,,0.15494418144226074,-0.0024288594722747803,0.0,False,False,0,False
75.350216101,1438,75,350216101,map,11.006290435791016,0.45755380392074585,7.880516052246094,-0.00016593934560660273,0.0,0.0,0.0,0.0008838146280335897,0.0008663436757178827,-0.7085094377754897,0.7057002514548217,0,0,0,,0.16812944412231445,-0.009328842163085938,0.0,False,False,0,False
75.400216102,1439,75,400216102,map,10.570534706115723,-0.010407157242298126,8.715171813964844,-0.000986289931461215,0.0,0.0,0.0,0.0017639928301518258,0.0016390749465175257,-0.7082770930440639,0.7059304223729597,0,0,0,,0.16285252571105957,-0.0015286803245544434,0.0,False,False,2,False
75.400216102,1440,75,450216103,map,10.183236122131348,-0.14095363020896912,7.746410369873047,-0.0011205673217773438,0.0,0.0,0.0,0.0025008729989477968,0.0024588153508251884,-0.7081753425794554,0.7060278918171611,0,0,0,,0.17291784286499023,0.0023475289344787598,0.0,False,False,2,False
75.500216104,1441,75,500216104,map,9.837448120117188,0.4623573422431946,6.914768218994141,-0.0005096435779705644,0.0,0.0,0.0,0.0031183686997916316,0.0029156123959870866,-0.7079846085640314,0.7062149594970667,0,0,0,,0.19622981548309326,-0.007988601922988892,0.0,False,False,2,False
75.550216104,1442,75,550216104,map,9.529411315917969,-0.3655092418193817,6.161479949951172,0.00046272281906567514,0.0,0.0,0.0,0.0033376000991414607,0.0032532920547312777,-0.7079065346817731,0.7062907437247273,0,0,0,,0.21474230289459229,0.005285799503326416,0.0,False,False,2,False
75.600216105,1443,75,600216105,map,9.25366497039795,0.5890944600105286,5.514068603515625,0.0009128570673055947,0.0,0.0,0.0,0.003493785423067232,0.003231753560666446,-0.707724911445569,0.7064720793858041,0,0,0,,0.23852097988128662,-0.009591072797775269,0.0,False,False,2,False
75.600216105,1444,75,650216106,map,9.007759094238281,-0.9825078248977661,4.920711517333984,0.00104942312464118,0.0,0.0,0.0,0.003208944473887232,0.003349828356378095,-0.7078670074500607,0.7063305041473446,0,0,0,,0.2581312656402588,0.01606041193008423,0.0,False,False,2,False
75.700216107,1445,75,700216107,map,8.785375595092773,0.6478654146194458,4.445362091064453,0.0008539200061932206,0.0,0.0,0.0,0.0030798819394680078,0.003120205175432122,-0.7079556172067282,0.7062433169328703,0,0,0,,0.2714250087738037,-0.007194042205810547,0.0,False,False,2,False
75.750216107,1446,75,750216107,map,8.590350151062012,0.5751166343688965,3.9004135131835938,0.0005260467296466231,0.0,0.0,0.0,0.003043494889298127,0.0026869897269175425,-0.7076817122520237,0.7065197176081573,0,0,0,,0.30289530754089355,-0.011590421199798584,0.0,False,False,2,False
75.800216108,1447,75,800216108,map,8.407456398010254,-0.4594215154647827,3.6577987670898438,0.00023574830265715718,0.0,0.0,0.0,0.002723726847340578,0.0024916344738916247,-0.7075018250657509,0.7067018753324072,0,0,0,,0.31855344772338867,0.004356503486633301,0.0,False,False,2,False
75.850216109,1448,75,850216109,map,8.25500202178955,0.4428485035896301,3.049144744873047,-3.4332333598285913e-06,0.0,0.0,0.0,0.0024924210764864707,0.0021877932005780272,-0.7073363927458314,0.7068693152877722,0,0,0,,0.3433884382247925,-0.0075261592864990234,0.0,False,False,2,False
75.90021611,1449,75,900216110,map,8.108948707580566,0.3104538023471832,2.9218292236328125,-0.0001842498022597283,0.0,0.0,0.0,0.0023169803590008388,0.0018474816742610391,-0.706943390288602,0.7072639262260849,0,0,0,,0.3288522958755493,-0.008252948522567749,0.0,False,False,2,False
75.95021611,1450,75,950216110,map,7.981983184814453,0.33382999897003174,2.5408267974853516,-0.0002731324057094753,0.0,0.0,0.0,0.0021503196682200578,0.001529077026245512,-0.706551368717127,0.7076568387380474,0,0,0,,0.3619574308395386,-0.009812682867050171,0.0,False,False,2,False
76.000216111,1451,76,216111,map,7.870265960693359,-0.04698857665061951,2.2341156005859375,-0.00018825528968591243,0.0,0.0,0.0,0.001885256135370618,0.0013315509072107307,-0.7060404327963926,0.7081677626369108,0,0,0,,0.38080739974975586,-0.003798544406890869,0.0,False,False,2,False
76.050216112,1452,76,50216112,map,7.766878128051758,-0.34525007009506226,2.066316604614258,-0.00026874541072174907,0.0,0.0,0.0,0.0015287312560504547,0.0012681152429270663,-0.7060146144731444,0.7081944782436635,0,0,0,,0.36167705059051514,0.003987908363342285,0.0,False,False,2,False
76.100216113,1453,76,100216113,map,7.6670708656311035,-0.7513952851295471,1.9955825805664062,-0.00018997190636582673,0.0,0.0,0.0,0.0010872002189948858,0.0013571250197792518,-0.7061581481184641,0.7080520080144296,0,0,0,,0.36671924591064453,0.015259325504302979,0.0,False,False,2,False
76.100216113,1454,76,150216113,map,7.572906970977783,-0.11754094064235687,1.8835258483886719,-0.000202178955078125,0.0,0.0,0.0,0.0008307316635743645,0.0013255859969997135,-0.706746145469824,0.7074655034489062,0,0,0,,0.38123953342437744,0.007926106452941895,0.0,False,False,2,False
76.200216114,1455,76,200216114,map,7.4840593338012695,-0.10407797992229462,1.7772579193115234,-0.0001504898100392893,0.0,0.0,0.0,0.0007011512821209263,0.0012169756369893652,-0.7070240953198511,0.7071880626780436,0,0,0,,0.39134955406188965,0.006429910659790039,0.0,False,False,2,False
76.200216114,1456,76,250216115,map,7.400344371795654,0.41885894536972046,1.6735363006591797,-1.468658410885837e-05,0.0,0.0,0.0,0.0007443418953470578,0.0009716176074696046,-0.7073467844678357,0.7068656367495739,0,0,0,,0.4127753973007202,-0.0046835243701934814,0.0,False,False,2,False
76.300216116,1457,76,300216116,map,7.32357120513916,0.5643394589424133,1.5363121032714844,-4.158019874012098e-05,0.0,0.0,0.0,0.000873856782530617,0.0006609131767085694,-0.706990179130356,0.7072225153240833,0,0,0,,0.4238358736038208,-0.01201409101486206,0.0,False,False,2,False
76.350216116,1458,76,350216116,map,7.252523422241211,-0.329359233379364,1.4202022552490234,-7.114410254871473e-05,0.0,0.0,0.0,0.0007805197556271532,0.0005862530535929156,-0.7069786616377227,0.7072342038428309,0,0,0,,0.4332401752471924,0.0021680593490600586,0.0,False,False,2,False
76.400216117,1459,76,400216117,map,7.186840057373047,0.12473545968532562,1.3138675689697266,-1.2969967428944074e-05,0.0,0.0,0.0,0.000686137107031477,0.0005222236052608104,-0.7066973584989988,0.7075154415197691,0,0,0,,0.4367096424102783,-0.0030030906200408936,0.0,False,False,2,False
76.400216117,1460,76,450216118,map,7.125817775726318,-0.3216237425804138,1.2201404571533203,4.5585635234601796e-05,0.0,0.0,0.0,0.0005246603654141983,0.0005359192216330449,-0.7068820724612102,0.7073310209195078,0,0,0,,0.4384279251098633,0.005256772041320801,0.0,False,False,2,False
76.500216118,1461,76,500216118,map,7.068032741546631,0.4495713710784912,1.1563396453857422,1.602172778802924e-05,0.0,0.0,0.0,0.0005245397929751208,0.0004027746777983664,-0.7066206028976215,0.7075923163737481,0,0,0,,0.436323881149292,-0.007744818925857544,0.0,False,False,2,False
76.500216118,1462,76,550216119,map,7.01220703125,-0.24302615225315094,1.1159896850585938,-1.7738344467943534e-05,0.0,0.0,0.0,0.0004436815463756408,0.0003679390707968759,-0.706725200046614,0.7074879217248863,0,0,0,,0.41980135440826416,0.0024944543838500977,0.0,False,False,2,False
76.60021612,1463,76,600216120,map,6.957141399383545,0.5931278467178345,1.103363037109375,2.422332727292087e-05,0.0,0.0,0.0,0.0005106224917945255,0.00020832318826868876,-0.7063074250160382,0.7079050199238128,0,0,0,,0.42803001403808594,-0.01217392086982727,0.0,False,False,2,False
76.650216121,1464,76,650216121,map,6.90399169921875,-0.9843990206718445,1.0609912872314453,6.294251306826482e-06,0.0,0.0,0.0,0.0002740742402247197,0.0003698560943102878,-0.7065629547028354,0.7076500400136917,0,0,0,,0.4452422857284546,0.0160180926322937,0.0,False,False,2,False
76.700216121,1465,76,700216121,map,6.853693962097168,-0.2941281199455261,1.0067176818847656,-4.863739377469756e-05,0.0,0.0,0.0,6.396956686103628e-05,0.0005120512302285846,-0.7067736726185365,0.7074395446995719,0,0,0,,0.44626355171203613,0.010884463787078857,0.0,False,False,2,False
76.750216122,1466,76,750216122,map,6.806031703948975,0.04535716027021408,0.9530925750732422,6.828307959949598e-05,0.0,0.0,0.0,2.634003722013314e-05,0.00048453756877466327,-0.7073259668565105,0.7068873609989429,0,0,0,,0.44269394874572754,0.004436850547790527,0.0,False,False,2,False
76.800216123,1467,76,800216123,map,6.76166296005249,0.03834523260593414,0.8872509002685547,-1.430511474609375e-05,0.0,0.0,0.0,5.100672795371294e-05,0.0003965666040618165,-0.7073980257142708,0.7068153035615415,0,0,0,,0.47473466396331787,0.0025017261505126953,0.0,False,False,2,False
76.800216123,1468,76,850216124,map,6.720069885253906,0.23164033889770508,0.8313465118408203,-1.0490419299458154e-05,0.0,0.0,0.0,0.00012373373634083586,0.0002571288002840497,-0.7076780361198257,0.7065350067536141,0,0,0,,0.4555171728134155,-0.0028017163276672363,0.0,False,False,2,False
76.900216124,1469,76,900216124,map,6.681519985198975,0.09560461342334747,0.7708930969238281,-6.866453077236656e-06,0.0,0.0,0.0,0.00016670111278329892,0.00014745190208310976,-0.7074598603369748,0.7067534906038057,0,0,0,,0.4742569923400879,-0.0023348629474639893,0.0,False,False,2,False
76.900216124,1470,76,950216125,map,6.645855903625488,0.23354950547218323,0.7133293151855469,-1.9073468138230965e-07,0.0,0.0,0.0,0.00021147904576047498,3.472617759135955e-05,-0.7075106923905417,0.7067026066343342,0,0,0,,0.4815775156021118,-0.005829036235809326,0.0,False,False,2,False
76.950216125,1471,77,216126,map,6.613001823425293,-0.01361507922410965,0.6570625305175781,-7.247926987474784e-06,0.0,0.0,0.0,0.00019018174423159333,-1.3179421661174527e-05,-0.7071569649426435,0.7070565681685702,0,0,0,,0.46892082691192627,-0.0021539926528930664,0.0,False,False,2,False
77.000216126,1472,77,50216127,map,6.582192420959473,0.10920153558254242,0.6163406372070312,3.3950807846849784e-05,0.0,0.0,0.0,0.00016574491859415916,-5.424982028505892e-05,-0.7071885967716456,0.707024934625173,0,0,0,,0.4866056442260742,-0.003885328769683838,0.0,False,False,2,False
77.050216127,1473,77,100216127,map,6.552711009979248,-0.8346794843673706,0.5907821655273438,-1.9836426872643642e-05,0.0,0.0,0.0,-7.87329897064872e-05,0.00012916073001439598,-0.7071751711162189,0.7070383684605586,0,0,0,,0.4742848873138428,0.016014158725738525,0.0,False,False,2,False
77.150216128,1474,77,150216128,map,6.524840354919434,0.5702559351921082,0.5560493469238281,-3.795623342739418e-05,0.0,0.0,0.0,-5.539591277828063e-05,5.081553889319746e-05,-0.7074780368945511,0.7067353264560262,0,0,0,,0.46998047828674316,-0.006775468587875366,0.0,False,False,2,False
77.200216129,1475,77,200216129,map,6.498734951019287,0.37594014406204224,0.5225753784179688,7.381438626907766e-05,0.0,0.0,0.0,7.339108579640294e-05,-0.00012564929390485984,-0.7070929758930774,0.7071205712385089,0,0,0,,0.49498021602630615,-0.009268432855606079,0.0,False,False,2,False
77.200216129,1476,77,250216130,map,6.474815368652344,-0.7235276103019714,0.4784679412841797,-2.5367735361214727e-05,0.0,0.0,0.0,-8.325567996167203e-05,-1.54293042025766e-05,-0.7073458051287679,0.7068676713481551,0,0,0,,0.4956672191619873,0.01191568374633789,0.0,False,False,2,False
77.30021613,1477,77,300216130,map,6.45342493057251,0.36679255962371826,0.4272651672363281,-3.700256274896674e-05,0.0,0.0,0.0,-9.345497281409053e-05,-5.4644338381399385e-05,-0.707192550864189,0.7070209928158894,0,0,0,,0.5018956661224365,-0.004420876502990723,0.0,False,False,2,False
77.350216131,1478,77,350216131,map,6.434393882751465,0.40440264344215393,0.38123130798339844,1.0490416570974048e-05,0.0,0.0,0.0,1.04451416075843e-05,-0.00021084117296728207,-0.7072023596844622,0.7070111582525607,0,0,0,,0.5048384666442871,-0.009609907865524292,0.0,False,False,2,False
77.400216132,1479,77,400216132,map,6.417362213134766,-0.023343749344348907,0.34056663513183594,-1.7738344467943534e-05,0.0,0.0,0.0,1.4910754190120516e-05,-0.0002680750379482758,-0.7067610898917012,0.7074522526139403,0,0,0,,0.48902177810668945,-0.0034302473068237305,0.0,False,False,2,False
77.400216132,1480,77,450216133,map,6.401567459106445,-0.09223425388336182,0.3156566619873047,1.9073513612966053e-06,0.0,0.0,0.0,-5.399841768356789e-05,-0.0002468516064228018,-0.706818935889167,0.7073944642255557,0,0,0,,0.5129590034484863,-0.0005008578300476074,0.0,False,False,2,False
77.500216133,1481,77,500216133,map,6.38884162902832,0.35032540559768677,0.2557659149169922,6.217956251930445e-05,0.0,0.0,0.0,-2.9027831381403762e-05,-0.0003204083012376772,-0.7063817997029908,0.707830947009432,0,0,0,,0.5340867042541504,-0.008716881275177002,0.0,False,False,2,False
77.550216134,1482,77,550216134,map,6.379487991333008,-0.2023935616016388,0.1862335205078125,-6.351470801746473e-05,0.0,0.0,0.0,-9.930400297334115e-05,-0.0003058627371910436,-0.706415595215168,0.7077972191408365,0,0,0,,0.5167276859283447,0.0005393624305725098,0.0,False,False,2,False
77.600216135,1483,77,600216135,map,6.371817588806152,0.8905853033065796,0.15952110290527344,3.490447852527723e-05,0.0,0.0,0.0,4.4965389016124896e-05,-0.000504922395868768,-0.7057602902100217,0.7084505316492846,0,0,0,,0.5341993570327759,-0.02058759331703186,0.0,False,False,2,False
77.650216136,1484,77,650216136,map,6.36685848236084,-0.7860393524169922,0.09346961975097656,-7.820131031621713e-06,0.0,0.0,0.0,-0.00012719715733974327,-0.00039053263696260155,-0.705739184132046,0.7084716192521594,0,0,0,,0.5263376235961914,0.00863492488861084,0.0,False,False,2,False
77.700216136,1485,77,700216136,map,6.3627095222473145,-0.33949610590934753,0.08200645446777344,1.9073486328125e-05,0.0,0.0,0.0,-0.00034995915580153243,-0.00022383485785859326,-0.7056558093172779,0.7085546599969005,0,0,0,,0.5238790512084961,0.008188068866729736,0.0,False,False,2,False
77.700216136,1486,77,750216137,map,6.360635757446289,0.012738984078168869,0.04150390625,1.71661376953125e-05,0.0,0.0,0.0,-0.0004288508861492269,-0.0001955267220343432,-0.7060430180533606,0.7081687895652563,0,0,0,,0.5265636444091797,0.0028437376022338867,0.0,False,False,2,False
77.750216137,1487,77,800216138,map,6.360024452209473,0.4484251141548157,0.013742446899414062,-3.299712989246473e-05,0.0,0.0,0.0,-0.00033029605202617113,-0.000338644373543731,-0.7057980760781319,0.7084129106876255,0,0,0,,0.5436458587646484,-0.007868528366088867,0.0,False,False,2,False
77.800216138,1488,77,850216139,map,6.3607001304626465,-0.17299893498420715,-0.014286041259765625,3.4523007343523204e-05,0.0,0.0,0.0,-0.0003361319475685075,-0.00037591661318026563,-0.7059418029865215,0.7082696636861928,0,0,0,,0.5248351097106934,0.0012729167938232422,0.0,False,False,2,False
77.850216139,1489,77,900216139,map,6.362119674682617,0.5382976531982422,-0.02521514892578125,-3.719329833984375e-05,0.0,0.0,0.0,-0.00023570513112545268,-0.0005131223416745437,-0.7054999173028458,0.7087097768721913,0,0,0,,0.5371780395507812,-0.011905401945114136,0.0,False,False,2,False
77.95021614,1490,77,950216140,map,6.364833354949951,-0.4244876503944397,-0.056972503662109375,-4.253387305652723e-05,0.0,0.0,0.0,-0.0003187011857141539,-0.00046415896328430513,-0.7055769061862714,0.7086331296535751,0,0,0,,0.5394473075866699,0.004481613636016846,0.0,False,False,2,False
77.95021614,1491,78,216141,map,6.3695173263549805,0.15208810567855835,-0.09287834167480469,1.0108951755682938e-05,0.0,0.0,0.0,-0.0003570500765624324,-0.00046000119430641636,-0.7052977368685703,0.7089109699265608,0,0,0,,0.5602480173110962,-0.0029497742652893066,0.0,False,False,2,False
78.000216141,1492,78,50216142,map,6.377197265625,-0.18143557012081146,-0.15453338623046875,5.3405754442792386e-05,0.0,0.0,0.0,-0.0004264748953852071,-0.0004307002104187373,-0.7054944520257206,0.7087151831147831,0,0,0,,0.5540165901184082,0.002728700637817383,0.0,False,False,2,False
78.100216142,1493,78,100216142,map,6.386476039886475,0.31351134181022644,-0.18380165100097656,-3.604888843256049e-05,0.0,0.0,0.0,-0.0003954004061301326,-0.00050431269530975,-0.705196175450007,0.7090119487412796,0,0,0,,0.5556964874267578,-0.006120562553405762,0.0,False,False,2,False
78.150216143,1494,78,150216143,map,6.397063732147217,0.2070257067680359,-0.21017074584960938,5.149840944795869e-06,0.0,0.0,0.0,-0.00034463248558727535,-0.000597423587353799,-0.7051795808172138,0.7090284078314251,0,0,0,,0.5550071001052856,-0.006739526987075806,0.0,False,False,2,False
78.200216144,1495,78,200216144,map,6.409051418304443,0.011743754148483276,-0.23965835571289062,-8.201595846912824e-06,0.0,0.0,0.0,-0.00035500756440298806,-0.0006275449608304075,-0.7047485245858952,0.7094568325493492,0,0,0,,0.5577812194824219,-0.0035457611083984375,0.0,False,False,2,False
78.200216144,1496,78,250216145,map,6.421944618225098,-0.3294524550437927,-0.26027679443359375,-1.1062620615120977e-05,0.0,0.0,0.0,-0.0004782961434813807,-0.0005414660321421798,-0.7049057294271919,0.7093006348989501,0,0,0,,0.5512940883636475,0.004692971706390381,0.0,False,False,2,False
78.300216145,1497,78,300216145,map,6.4342451095581055,-0.417404443025589,-0.2478313446044922,3.6239589462638833e-06,0.0,0.0,0.0,-0.0006465945475284051,-0.00040353656998004495,-0.7049097416398749,0.7092966059519338,0,0,0,,0.5502092838287354,0.010016918182373047,0.0,False,False,2,False
78.350216146,1498,78,350216146,map,6.447533130645752,-0.04674285650253296,-0.26587486267089844,-1.0299686437065247e-05,0.0,0.0,0.0,-0.0007110131310993309,-0.0003622196134683267,-0.7053908170273936,0.7088181420581059,0,0,0,,0.5563071966171265,0.005099952220916748,0.0,False,False,2,False
78.400216147,1499,78,400216147,map,6.4617533683776855,0.5450245141983032,-0.28197288513183594,3.948211815441027e-05,0.0,0.0,0.0,-0.0005686892754870336,-0.0005230406822025602,-0.7052020159701303,0.7090060082203934,0,0,0,,0.5669362545013428,-0.008528172969818115,0.0,False,False,2,False
78.450216148,1500,78,450216148,map,6.477109432220459,-0.3631061315536499,-0.30900001525878906,5.722044988942798e-06,0.0,0.0,0.0,-0.0005909495390583518,-0.0005216410122870636,-0.7054346520693484,0.7087745271446299,0,0,0,,0.5678471326828003,0.005515038967132568,0.0,False,False,2,False
78.500216148,1501,78,500216148,map,6.493824005126953,-0.009870417416095734,-0.33432960510253906,-8.392335075768642e-06,0.0,0.0,0.0,-0.0006250709478102791,-0.0005111593206042871,-0.7053349414655288,0.7088737323037708,0,0,0,,0.5656696557998657,0.0018697381019592285,0.0,False,False,2,False
78.500216148,1502,78,550216149,map,6.511093616485596,-0.12305598706007004,-0.3457927703857422,-2.9182432626839727e-05,0.0,0.0,0.0,-0.000662583277658221,-0.0004969622178220384,-0.7056688801281831,0.7085412801175316,0,0,0,,0.5612719058990479,0.003867626190185547,0.0,False,False,2,False
78.60021615,1503,78,600216150,map,6.529259204864502,-0.02216942608356476,-0.3633689880371094,3.948211815441027e-05,0.0,0.0,0.0,-0.0006756796668621605,-0.0005052998642165964,-0.7056125463459677,0.7085973628007619,0,0,0,,0.5785936117172241,0.002407073974609375,0.0,False,False,2,False
78.650216151,1504,78,650216151,map,6.549070835113525,0.36822542548179626,-0.39478302001953125,-1.5068055290612392e-05,0.0,0.0,0.0,-0.0005855716252465982,-0.0006191770916117859,-0.7057786432987315,0.7084319165516211,0,0,0,,0.581774115562439,-0.006215691566467285,0.0,False,False,2,False
78.700216151,1505,78,700216151,map,6.57089376449585,-0.033497363328933716,-0.43663978576660156,1.8692018784349784e-05,0.0,0.0,0.0,-0.0005607986795659232,-0.0006720827394927906,-0.7054900651132117,0.7087192687067205,0,0,0,,0.5783370733261108,-0.001127779483795166,0.0,False,False,2,False
78.700216151,1506,78,750216152,map,6.59425687789917,-0.13703438639640808,-0.4678916931152344,-3.7574765883618966e-05,0.0,0.0,0.0,-0.0006154635527454058,-0.0006485400141258121,-0.7056719652885078,0.7085381274189274,0,0,0,,0.5951236486434937,0.002047419548034668,0.0,False,False,2,False
78.800216153,1507,78,800216153,map,6.620274066925049,-0.05051247775554657,-0.5205345153808594,3.0136106943245977e-05,0.0,0.0,0.0,-0.0006669247448774947,-0.000634056395192976,-0.7055223277594752,0.7086870947158019,0,0,0,,0.6021040678024292,0.0016135573387145996,0.0,False,False,2,False
78.800216153,1508,78,850216154,map,6.649161338806152,-0.15321019291877747,-0.5782127380371094,-1.926422191900201e-05,0.0,0.0,0.0,-0.0007359223615756103,-0.0006095514899449134,-0.7058251569557651,0.7083854421666416,0,0,0,,0.6043365001678467,0.00400465726852417,0.0,False,False,2,False
78.850216154,1509,78,900216154,map,6.678928852081299,-0.344348281621933,-0.5957508087158203,-4.558562795864418e-05,0.0,0.0,0.0,-0.000850108277265697,-0.0005417730321761807,-0.7058949638825115,0.7083158079297724,0,0,0,,0.5823678970336914,0.008970916271209717,0.0,False,False,2,False
78.950216155,1510,78,950216155,map,6.708698749542236,-1.1341609954833984,-0.5904483795166016,2.841949026333168e-05,0.0,0.0,0.0,-0.0011584025473129677,-0.0002701526482973706,-0.7068140297670616,0.7073984113959632,0,0,0,,0.6029579639434814,0.027797937393188477,0.0,False,False,2,False
78.950216155,1511,79,216156,map,6.739419937133789,-0.205959752202034,-0.6125259399414062,-3.623963493737392e-06,0.0,0.0,0.0,-0.0012804688829819466,-0.0001790964610607484,-0.7075264318066732,0.7066856986092291,0,0,0,,0.5845973491668701,0.0160672664642334,0.0,False,False,2,False
79.050216156,1512,79,50216156,map,6.767452239990234,0.5226263403892517,-0.5649089813232422,9.460448927711695e-05,0.0,0.0,0.0,-0.0010970566851789113,-0.0003835911898357894,-0.7082478758902958,0.7059628854418004,0,0,0,,0.5559432506561279,-0.0011398494243621826,0.0,False,False,2,False
79.100216157,1513,79,100216157,map,6.792786121368408,0.01559518277645111,-0.5067825317382812,4.673003786592744e-05,0.0,0.0,0.0,-0.0009390861215271396,-0.0005399088577789852,-0.7083427122040719,0.7058678549722045,0,0,0,,0.5529677867889404,0.0023838281631469727,0.0,False,False,2,False
79.150216158,1514,79,150216158,map,6.812747001647949,-0.06951957941055298,-0.3987884521484375,9.34600848268019e-06,0.0,0.0,0.0,-0.000866798905795474,-0.0005850996452658697,-0.7087462088223464,0.7054627685413406,0,0,0,,0.53477942943573,0.0035997629165649414,0.0,False,False,2,False
79.20021615900001,1515,79,200216159,map,6.827415466308594,0.46599358320236206,-0.2956199645996094,-2.9754637580481358e-05,0.0,0.0,0.0,-0.0006899152446161889,-0.0007093182452234474,-0.7085559394209658,0.7056539531497394,0,0,0,,0.507472038269043,-0.007376998662948608,0.0,False,False,2,False
79.20021615900001,1516,79,250216159,map,6.836147308349609,-0.8285135626792908,-0.1695537567138672,5.245209104032256e-05,0.0,0.0,0.0,-0.0007860232030614097,-0.0005336114050465128,-0.7089581891212033,0.7052498730977387,0,0,0,,0.5304861068725586,0.015271127223968506,0.0,False,False,2,False
79.30021616,1517,79,300216160,map,6.839532375335693,0.4494140148162842,-0.07108688354492188,4.959101715940051e-06,0.0,0.0,0.0,-0.0006942233019800344,-0.0005328454656422194,-0.7089445731039598,0.7052636573623803,0,0,0,,0.4642636775970459,-0.003938525915145874,0.0,False,False,2,False
79.350216161,1518,79,350216161,map,6.835160255432129,-1.1312899589538574,0.09877204895019531,-3.910064697265625e-05,0.0,0.0,0.0,-0.0008526597888725499,-0.00025739925347563074,-0.7096191564728432,0.7045848845126322,0,0,0,,0.49761104583740234,0.023784935474395752,0.0,False,False,2,False
79.400216162,1519,79,400216162,map,6.827491283416748,-0.6151474714279175,0.1634979248046875,-8.296966552734375e-05,0.0,0.0,0.0,-0.0010093230805167826,2.1849232122658443e-05,-0.7103037623302169,0.7038945560302828,0,0,0,,0.4898867607116699,0.022099852561950684,0.0,False,False,2,False
79.450216162,1520,79,450216162,map,6.8158955574035645,-0.9077584743499756,0.25196075439453125,-9.74655122263357e-05,0.0,0.0,0.0,-0.001161534296219952,0.00029487001261191545,-0.7116643515539192,0.7025186222564455,0,0,0,,0.47533929347991943,0.03036797046661377,0.0,False,False,2,False
79.450216162,1521,79,500216163,map,6.799675464630127,-0.7508960366249084,0.34567832946777344,-6.27517729299143e-05,0.0,0.0,0.0,-0.0012519115102215086,0.0005052164396217188,-0.7128845894734954,0.7012800721289074,0,0,0,,0.4489842653274536,0.031025171279907227,0.0,False,False,2,False
79.550216164,1522,79,550216164,map,6.774221897125244,-1.8803858757019043,0.5808258056640625,-0.00023250581580214202,0.0,0.0,0.0,-0.0015523114953771913,0.0009475859821512448,-0.71505821113592,0.6990625487729446,0,0,0,,0.42447173595428467,0.057382822036743164,0.0,False,False,2,False
79.600216165,1523,79,600216165,map,6.741541385650635,-2.3938214778900146,0.7838153839111328,-0.0005214691045694053,0.0,0.0,0.0,-0.002014805798214126,0.0015873854402289295,-0.7177616256809934,0.6962841872862238,0,0,0,,0.44072556495666504,0.07988488674163818,0.0,False,False,2,False
79.600216165,1524,79,650216165,map,6.713779926300049,-1.1602264642715454,0.6348228454589844,-9.632109140511602e-05,0.0,0.0,0.0,-0.0021657400482942056,0.001886783953493636,-0.7211596273994793,0.6927629763673869,0,0,0,,0.6020718812942505,0.0647498369216919,0.0,False,False,2,False
79.700216166,1525,79,700216166,map,6.706482887268066,-1.1247414350509644,0.23214340209960938,0.0004959105863235891,0.0,0.0,0.0,-0.002144228986565104,0.0019191192168164974,-0.7241334291036957,0.6896538958912707,0,0,0,,0.7656660079956055,0.06121617555618286,0.0,False,False,2,False
79.750216167,1526,79,750216167,map,6.721724510192871,-3.531618118286133,0.024900436401367188,-0.0005428313743323088,0.0,0.0,0.0,-0.0026673872560367294,0.0024084412969834056,-0.7282363638101187,0.6853166296540323,0,0,0,,0.8684780597686768,0.11626970767974854,0.0,False,False,2,False
79.800216168,1527,79,800216168,map,6.777962684631348,-3.2797789573669434,-0.7427692413330078,-0.0013751984806731343,0.0,0.0,0.0,-0.0034199983982699015,0.002988247305483833,-0.7330810396237947,0.6801261378105486,0,0,0,,0.9037430286407471,0.12263864278793335,0.0,False,False,2,False
79.850216168,1528,79,850216168,map,6.872403144836426,-3.7599802017211914,-1.366891860961914,-0.0009840010898187757,0.0,0.0,0.0,-0.004210219315529784,0.003458036171940312,-0.7391022591979115,0.6735712037251086,0,0,0,,0.9314037561416626,0.13872718811035156,0.0,False,False,2,False
79.900216169,1529,79,900216169,map,7.008655548095703,-2.912631034851074,-2.2777652740478516,0.00019569415599107742,0.0,0.0,0.0,-0.004752099449162268,0.003515311282982458,-0.7451330464568072,0.6668896484542302,0,0,0,,0.8910398483276367,0.12446671724319458,0.0,False,False,2,False
79.900216169,1530,79,950216170,map,7.16801643371582,-3.07084321975708,-2.673349380493164,0.0009529112139716744,0.0,0.0,0.0,-0.005159703348408381,0.003354651867507768,-0.7514223621225493,0.6597928140517842,0,0,0,,0.8093308210372925,0.12166965007781982,0.0,False,False,2,False
80.000216171,1531,80,216171,map,7.3319878578186035,-3.6149096488952637,-2.606496810913086,0.0003139495674986392,0.0,0.0,0.0,-0.005592850807623614,0.0032942508762984885,-0.7576845032359524,0.6525887384004537,0,0,0,,0.6740258932113647,0.12891370058059692,0.0,False,False,2,False
80.000216171,1532,80,50216171,map,7.467549800872803,0.3141355514526367,-2.8386592864990234,0.0032028197310864925,0.0,0.0,0.0,-0.005107839626569325,0.0023259007808103752,-0.7629636382722759,0.6464170378588726,0,0,0,,0.5976296663284302,0.05257493257522583,0.0,False,False,2,False
80.100216172,1533,80,100216172,map,7.561529159545898,-2.2212791442871094,-1.4431285858154297,0.001679611043073237,0.0,0.0,0.0,-0.004710088923013998,0.0017752964288652742,-0.7672214337341114,0.641362561273966,0,0,0,,0.47550082206726074,0.07882946729660034,0.0,False,False,2,False
80.150216173,1534,80,150216173,map,7.591400146484375,-5.5968403816223145,0.7399654388427734,-0.002311515621840954,0.0,0.0,0.0,-0.0051335567065703995,0.002654245996709664,-0.7726389994975481,0.6348193270759462,0,0,0,,0.7518959045410156,0.1829090714454651,0.0,False,False,2,False
80.200216174,1535,80,200216174,map,7.650653839111328,-4.547436237335205,0.030765533447265625,-0.004326057620346546,0.0,0.0,0.0,-0.0057710684930037575,0.0039612272723284735,-0.7793878348673866,0.6265026786117305,0,0,0,,0.861316442489624,0.16015279293060303,0.0,False,False,2,False
80.250216174,1536,80,250216174,map,7.722372531890869,-6.466517448425293,0.5347633361816406,-0.0036947252228856087,0.0,0.0,0.0,-0.006551557048083817,0.005403864830055774,-0.7876119440325866,0.6161130585877512,0,0,0,,0.8601974248886108,0.21078932285308838,0.0,False,False,2,False
80.300216175,1537,80,300216175,map,7.822005748748779,-7.345895767211914,0.5513954162597656,-0.00474777165800333,0.0,0.0,0.0,-0.007519543963382007,0.007033827945546526,-0.7972761260935598,0.6035269343486349,0,0,0,,0.8643720149993896,0.24088174104690552,0.0,False,False,2,False
80.350216176,1538,80,350216176,map,7.956151485443115,-5.518913269042969,-0.6475925445556641,0.00016593956388533115,0.0,0.0,0.0,-0.00799564091122442,0.00783043649097619,-0.807489962481244,0.589775138915518,0,0,0,,0.8907790184020996,0.20626550912857056,0.0,False,False,2,False
80.400216177,1539,80,400216177,map,8.093097686767578,-7.406182289123535,0.3378009796142578,0.0010835647117346525,0.0,0.0,0.0,-0.008497157909028196,0.008669688977546391,-0.817993295345655,0.5750996466440036,0,0,0,,0.8956568241119385,0.24267590045928955,0.0,False,False,2,False
80.450216177,1540,80,450216177,map,8.22091293334961,-7.8835296630859375,1.12518310546875,-0.0015125272329896688,0.0,0.0,0.0,-0.009082430056402253,0.009786308387172487,-0.8292571343518185,0.5587077436003833,0,0,0,,0.886786699295044,0.26357531547546387,0.0,False,False,2,False
80.500216178,1541,80,500216178,map,8.384968757629395,-7.290353775024414,0.32820701599121094,0.0008947367314249277,0.0,0.0,0.0,-0.00940882307560867,0.0105550213459236,-0.8406088958001368,0.5414579853270184,0,0,0,,0.9456127882003784,0.24743640422821045,0.0,False,False,2,False
80.550216179,1542,80,550216179,map,8.52933120727539,-8.353042602539062,1.7790412902832031,0.0003337860107421875,0.0,0.0,0.0,-0.009748751080041442,0.011491801449448022,-0.8522002642431309,0.5229986711032483,0,0,0,,0.9366252422332764,0.2748011350631714,0.0,False,False,2,False
80.60021618,1543,80,600216180,map,8.700329780578613,-8.51593017578125,1.698293685913086,-0.0008220667950809002,0.0,0.0,0.0,-0.010038291597452873,0.012470400657831037,-0.8639151463446696,0.5033828977284647,0,0,0,,0.9252464771270752,0.2777954339981079,0.0,False,False,2,False
80.65021618,1544,80,650216180,map,8.866622924804688,-8.149309158325195,1.9857215881347656,0.0012845988385379314,0.0,0.0,0.0,-0.01015145647228568,0.013229544908972844,-0.875488475437863,0.482951194685839,0,0,0,,0.9691216945648193,0.2687917947769165,0.0,False,False,2,False
80.700216181,1545,80,700216181,map,9.0570650100708,-8.637018203735352,2.201852798461914,0.0016452791169285774,0.0,0.0,0.0,-0.010198040740275357,0.01392017918126612,-0.8867384741107427,0.4619492473295879,0,0,0,,0.9556276798248291,0.2707899212837219,0.0,False,False,2,False
80.700216181,1546,80,750216182,map,9.220985412597656,-8.895406723022461,3.6628055572509766,-0.000846481416374445,0.0,0.0,0.0,-0.010260929899771924,0.014847554528692273,-0.8978488868839334,0.43993367655067217,0,0,0,,0.9456863403320312,0.28713858127593994,0.0,False,False,2,False
80.750216182,1547,80,800216183,map,9.417731285095215,-8.672990798950195,3.108968734741211,0.00048809044528752565,0.0,0.0,0.0,-0.010198990470074486,0.015583054199681949,-0.9085703787495523,0.41731644572685644,0,0,0,,0.9634108543395996,0.26999175548553467,0.0,False,False,2,False
80.850216183,1548,80,850216183,map,9.588622093200684,-8.893060684204102,4.697446823120117,-0.0003437040140852332,0.0,0.0,0.0,-0.010114314879719533,0.01646040564395323,-0.9189371924342169,0.3939304406131486,0,0,0,,0.9419845342636108,0.2855953574180603,0.0,False,False,2,False
80.900216184,1549,80,900216184,map,9.779902458190918,-8.688850402832031,4.518585205078125,9.5367431640625e-05,0.0,0.0,0.0,-0.009939697155377068,0.017226875423424423,-0.9288250345473871,0.3699844488375834,0,0,0,,0.954706072807312,0.27239125967025757,0.0,False,False,2,False
80.950216185,1550,80,950216185,map,10.004984855651855,-6.97422981262207,1.712179183959961,0.010553359985351562,0.0,0.0,0.0,-0.009411382394026207,0.01673236786170218,-0.9374781384263902,0.3475143072159249,0,0,0,,0.9854221343994141,0.18676114082336426,0.0,False,False,2,False
81.000216186,1551,81,216186,map,10.202781677246094,-8.360137939453125,4.956827163696289,0.005492973141372204,0.0,0.0,0.0,-0.009051937650069621,0.01665033987727587,-0.9451752085187797,0.3260132724418315,0,0,0,,0.9907140731811523,0.23331999778747559,0.0,False,False,2,False
81.050216186,1552,81,50216186,map,10.160785675048828,-2.8235626220703125,5.85723876953125,0.003145599039271474,0.0,0.0,0.0,-0.008131053822199856,0.016385168113593723,-0.9519954873665587,0.3055650573336849,0,0,0,,0.9926387071609497,0.18710577487945557,0.0,False,False,0,False
81.100216187,1553,81,100216187,map,10.161384582519531,-2.4817848205566406,4.013481140136719,0.008952904492616653,0.0,0.0,0.0,-0.006822226445834219,0.015336464569499228,-0.9575859409990416,0.28765850531804255,0,0,0,,0.9911603927612305,0.13636893033981323,0.0,False,False,0,False
81.150216188,1554,81,150216188,map,10.508722305297852,-8.1976318359375,0.25806427001953125,0.0050064073875546455,0.0,0.0,0.0,-0.006224766810906799,0.013899178428449212,-0.9620531217798857,0.272436884416814,0,0,0,,0.9827816486358643,0.10710763931274414,0.0,False,False,0,False
81.200216189,1555,81,200216189,map,10.891098022460938,-9.536380767822266,1.447286605834961,-0.005314444191753864,0.0,0.0,0.0,-0.006661328046207272,0.0130043481440182,-0.9658907260971009,0.25853746126552946,0,0,0,,0.9805238246917725,0.12313693761825562,0.0,False,False,3,False
81.250216189,1556,81,250216189,map,11.232560157775879,-8.514118194580078,1.5770244598388672,-0.0075372690334916115,0.0,0.0,0.0,-0.007187549111765253,0.012390066141896222,-0.9693254654400971,0.24536293006097026,0,0,0,,0.965717077255249,0.11326569318771362,0.0,False,False,3,False
81.30021619,1557,81,300216190,map,11.528349876403809,-8.191890716552734,3.3201217651367188,-0.007377433590590954,0.0,0.0,0.0,-0.007565506891582035,0.012349278106139549,-0.9725918229958375,0.23206767176270815,0,0,0,,0.9703986644744873,0.13380873203277588,0.0,False,False,3,False
81.30021619,1558,81,350216191,map,11.795838356018066,-7.623920440673828,3.890657424926758,-0.005972671788185835,0.0,0.0,0.0,-0.007713090070343254,0.012670949782530621,-0.9758116710128836,0.21810900483065618,0,0,0,,0.957255482673645,0.13808906078338623,0.0,False,False,3,False
81.350216191,1559,81,400216192,map,12.007794380187988,-7.511844635009766,7.135105133056641,-0.007820701226592064,0.0,0.0,0.0,-0.007727359320508843,0.013949143106109195,-0.9792123267123469,0.20221010988357843,0,0,0,,0.9596203565597534,0.20236194133758545,0.0,False,False,3,False
81.400216192,1560,81,450216192,map,12.231879234313965,-6.798973083496094,5.462169647216797,-0.0043531423434615135,0.0,0.0,0.0,-0.007518157935703405,0.015003703082041006,-0.982638756181152,0.18476861488315208,0,0,0,,0.9462547302246094,0.16123420000076294,0.0,False,False,3,False
81.450216192,1561,81,500216193,map,12.401979446411133,-6.519489288330078,8.94261360168457,-0.0034976948518306017,0.0,0.0,0.0,-0.007206559212647177,0.01653945183360364,-0.9860375769963307,0.1655427702696919,0,0,0,,0.9464874267578125,0.22466611862182617,0.0,False,False,3,False
81.550216194,1562,81,550216194,map,12.60007381439209,-6.035327911376953,6.652483940124512,9.956303983926773e-05,0.0,0.0,0.0,-0.006762005516783732,0.017526983682046665,-0.9892053991001122,0.14532638616434465,0,0,0,,0.950432300567627,0.16685020923614502,0.0,False,False,3,False
81.600216194,1563,81,600216194,map,12.766005516052246,-5.6497955322265625,8.954606056213379,0.0022266386076807976,0.0,0.0,0.0,-0.006278121777722497,0.018553379908667598,-0.9920271944265752,0.12449258130124324,0,0,0,,0.949265718460083,0.19410252571105957,0.0,False,False,3,False
81.600216194,1564,81,650216195,map,12.902169227600098,-4.997367858886719,10.853261947631836,-0.004334449768066406,0.0,0.0,0.0,-0.0057462427206677194,0.020162511101099553,-0.9945579184767448,0.10205391043903128,0,0,0,,0.9336011409759521,0.22736692428588867,0.0,False,False,3,False
81.700216196,1565,81,700216196,map,13.026406288146973,-4.33319091796875,11.596019744873047,-0.0062627787701785564,0.0,0.0,0.0,-0.005118220397332773,0.02197994969962211,-0.9967135202811056,0.07780002647822437,0,0,0,,0.9168907403945923,0.23763149976730347,0.0,False,False,3,False
81.700216196,1566,81,750216197,map,13.147256851196289,-3.7279891967773438,11.867899894714355,-0.0028102868236601353,0.0,0.0,0.0,-0.004399402715832673,0.023594618599439114,-0.998347048610747,0.05222173646195497,0,0,0,,0.9138702154159546,0.23378968238830566,0.0,False,False,3,False
81.750216197,1567,81,800216197,map,13.278349876403809,-3.3515357971191406,11.367073059082031,0.0038290023803710938,0.0,0.0,0.0,-0.0036519594654056816,0.02464632688357628,-0.9993431804777582,0.026314053199945772,0,0,0,,0.9233903884887695,0.20830976963043213,0.0,False,False,3,False
81.850216198,1568,81,850216198,map,13.432429313659668,-3.3108901977539062,9.845855712890625,0.013243675231933594,0.0,0.0,0.0,-0.002991499841654388,0.024722215174497988,-0.9996884355809896,0.0017014027144620111,0,0,0,,0.9422781467437744,0.15802818536758423,0.0,False,False,3,False
81.850216198,1569,81,900216199,map,13.620697021484375,-3.7331771850585938,5.631725788116455,0.027495192363858223,0.0,0.0,0.0,0.002589456274913313,-0.022944853063103926,0.9995581586077105,0.018716730346835145,0,0,0,,0.9459781646728516,0.05207175016403198,0.0,False,False,3,False
81.900216199,1570,81,950216200,map,13.794532775878906,-3.2674407958984375,7.235909461975098,0.020462797954678535,0.0,0.0,0.0,0.002397201375829286,-0.020949611205447905,0.9991827904741637,0.03448359662460122,0,0,0,,0.958608865737915,0.06090325117111206,0.0,False,False,3,False
81.9502162,1571,82,216200,map,13.982728004455566,-3.6017799377441406,3.4634196758270264,0.011411667801439762,0.0,0.0,0.0,0.0024139502638479437,-0.018240844701846285,0.9988077592261851,0.04521619774211185,0,0,0,,0.9605045318603516,-0.007842272520065308,0.0,False,False,3,False
82.0002162,1572,82,50216201,map,14.168163299560547,-3.6498451232910156,1.1599338054656982,0.008147237822413445,0.0,0.0,0.0,0.0026177634202269803,-0.014680819346624812,0.9986422980505365,0.049911736118178694,0,0,0,,0.9656417369842529,-0.05572366714477539,0.0,False,False,3,False
82.100216202,1573,82,100216202,map,14.354537963867188,-3.668212890625,1.1152184009552002,-0.0035024620592594147,0.0,0.0,0.0,0.0028933437396909227,-0.011294808138337512,0.9986980862085505,0.049660733728980305,0,0,0,,0.9652931690216064,-0.05556768178939819,0.0,False,False,3,False
82.150216203,1574,82,150216203,map,14.537059783935547,-3.7259292602539062,-1.1935651302337646,-0.01027984544634819,0.0,0.0,0.0,0.0031790657476013073,-0.007872842732283301,0.9989314329760368,0.045430211321616856,0,0,0,,0.9651378393173218,-0.08234414458274841,0.0,False,False,3,False
82.200216203,1575,82,200216203,map,14.721465110778809,-3.776092529296875,-1.575857400894165,-0.01302490197122097,0.0,0.0,0.0,0.0034233008908061357,-0.004739237919176195,0.9992447849054868,0.03841458673660202,0,0,0,,0.9638313055038452,-0.0774790346622467,0.0,False,False,3,False
82.200216203,1576,82,250216204,map,14.904545783996582,-3.7777137756347656,-2.493988275527954,-0.013230705633759499,0.0,0.0,0.0,0.003599243847103916,-0.001955975508467979,0.9995459761949778,0.029850646156631754,0,0,0,,0.9596869945526123,-0.07650864124298096,0.0,False,False,3,False
82.300216205,1577,82,300216205,map,15.086477279663086,-3.748455047607422,-3.051888942718506,-0.011005401611328125,0.0,0.0,0.0,0.0037012677387524024,0.0004634741878349903,0.9997814264472101,0.020571464215869476,0,0,0,,0.9576592445373535,-0.07073056697845459,0.0,False,False,3,False
82.300216205,1578,82,350216206,map,15.26941967010498,-3.733081817626953,-2.929114818572998,-0.007798957638442516,0.0,0.0,0.0,0.0037395262772453963,0.0023190179604996846,0.9999244132218097,0.011480676893816863,0,0,0,,0.9583780765533447,-0.054965823888778687,0.0,False,False,3,False
82.400216206,1579,82,400216206,map,15.45119571685791,-3.682537078857422,-3.1623220443725586,-0.004016113467514515,0.0,0.0,0.0,0.0037322961474002695,0.003716322264869806,0.9999812912580681,0.003110634684167267,0,0,0,,0.9577748775482178,-0.04590335488319397,0.0,False,False,3,False
82.450216207,1580,82,450216207,map,15.634848594665527,-3.6864471435546875,-2.328275203704834,-0.0008785247337073088,0.0,0.0,0.0,-0.003704132541435125,-0.0044572642190613505,-0.9999757434059263,0.0038632625540990467,0,0,0,,0.9583286046981812,-0.02309975028038025,0.0,False,False,3,False
82.450216207,1581,82,500216208,map,15.77346420288086,-2.763538360595703,-3.0472779273986816,0.0007829669630154967,0.0,0.0,0.0,-0.00362718176331535,-0.005027578778680339,-0.9999346265141408,0.00960779382093541,0,0,0,,0.9581563472747803,-0.02646082639694214,0.0,False,False,3,False
82.550216209,1582,82,550216209,map,15.76086139678955,0.2657890319824219,-1.3839631080627441,0.0032018658239394426,0.0,0.0,0.0,-0.003117822656907416,-0.004975517274745592,-0.999888670012104,0.013717543189446261,0,0,0,,0.9619674682617188,0.0010576844215393066,0.0,False,False,0,False
82.600216209,1583,82,600216209,map,15.746907234191895,0.30651092529296875,-1.824481725692749,0.0033294677268713713,0.0,0.0,0.0,-0.0024541748992832043,-0.0047490852961228295,-0.9998514228413095,0.01638766171919796,0,0,0,,0.9609681367874146,-0.0018697679042816162,0.0,False,False,0,False
82.65021621,1584,82,650216210,map,16.04964828491211,-6.034946441650391,-1.080588698387146,0.0017910002497956157,0.0,0.0,0.0,-0.002498893798565764,-0.004264109841975568,-0.9998305887542531,0.017730388838447304,0,0,0,,0.9613457918167114,0.00990515947341919,0.0,False,False,4,False
82.700216211,1585,82,700216211,map,16.316797256469727,-5.350990295410156,0.34123480319976807,0.0010383606422692537,0.0,0.0,0.0,-0.003008322408512795,-0.0032479240510388018,-0.9998419103461798,0.017220781078311667,0,0,0,,0.9632891416549683,0.03071492910385132,0.0,False,False,4,False
82.700216211,1586,82,750216212,map,16.55588722229004,-4.7857666015625,0.16011536121368408,-4.482280928641558e-05,0.0,0.0,0.0,-0.0034958325632086814,-0.002217873172696567,-0.9998747032616883,0.015278676992160721,0,0,0,,0.9629104137420654,0.02569139003753662,0.0,False,False,4,False
82.750216212,1587,82,800216212,map,16.77252960205078,-4.34783935546875,0.8217275142669678,-0.00056114187464118,0.0,0.0,0.0,-0.0038172213128812712,-0.0011990587805726914,-0.9999151076590158,0.012400344944727295,0,0,0,,0.9627301692962646,0.029681742191314697,0.0,False,False,4,False
82.800216212,1588,82,850216213,map,16.971773147583008,-4.004783630371094,1.4016523361206055,-0.0006454467657022178,0.0,0.0,0.0,-0.003968391325084864,-0.0001280028969178638,-0.9999537152791743,0.008763719810968636,0,0,0,,0.9619137048721313,0.03280317783355713,0.0,False,False,4,False
82.900216214,1589,82,900216214,map,17.158126831054688,-3.7427139282226562,1.6721326112747192,-0.0006366729503497481,0.0,0.0,0.0,-0.003989198589576338,0.0008874875169074628,-0.9999808870279057,0.0046394223135346,0,0,0,,0.9615514278411865,0.031321167945861816,0.0,False,False,4,False
82.950216215,1590,82,950216215,map,17.33589744567871,-3.561553955078125,1.2188111543655396,-0.00036907196044921875,0.0,0.0,0.0,-0.003928691718428351,0.0015600666532877654,-0.9999908400220884,0.0006718968199702174,0,0,0,,0.9602203369140625,0.018297195434570312,0.0,False,False,4,False
83.000216215,1591,83,216215,map,17.505828857421875,-3.4001922607421875,1.4556384086608887,-5.512236384674907e-05,0.0,0.0,0.0,0.0038260473114864156,-0.002036933195010299,0.9999865940004083,0.0028326815196912255,0,0,0,,0.959240198135376,0.015547096729278564,0.0,False,False,4,False
83.050216216,1592,83,50216216,map,17.67045783996582,-3.2901382446289062,1.0202767848968506,0.00015506746422033757,0.0,0.0,0.0,0.003709661946832977,-0.0022476968782941835,0.9999749118126,0.005600179672684864,0,0,0,,0.9570868015289307,0.004822373390197754,0.0,False,False,4,False
83.100216217,1593,83,100216217,map,17.830556869506836,-3.1997299194335938,0.5000481009483337,0.0005937576061114669,0.0,0.0,0.0,0.003597747225986059,-0.0021268698830614278,0.9999648409257108,0.00726976972237642,0,0,0,,0.9550390243530273,-0.0064275264739990234,0.0,False,False,4,False
83.100216217,1594,83,150216218,map,17.986604690551758,-3.1216812133789062,-0.1356731355190277,0.0005693435668945312,0.0,0.0,0.0,0.0034986258651146184,-0.001679541737279724,0.99996378109999,0.0075746448642872895,0,0,0,,0.9532651901245117,-0.01799708604812622,0.0,False,False,4,False
83.200216218,1595,83,200216218,map,18.13970184326172,-3.0630874633789062,-0.2575130760669708,0.00043792719952762127,0.0,0.0,0.0,0.0034141416862151024,-0.0011295867276863453,0.9999712908415225,0.006669719867485409,0,0,0,,0.9526042938232422,-0.019772052764892578,0.0,False,False,4,False
83.250216219,1596,83,250216219,map,18.2897891998291,-3.0042648315429688,-0.8817369937896729,2.0027218852192163e-05,0.0,0.0,0.0,0.0033423594733737075,-0.0004449811730052322,0.9999833082837641,0.004691884351182921,0,0,0,,0.949805736541748,-0.026498794555664062,0.0,False,False,4,False
83.250216219,1597,83,300216220,map,18.43828773498535,-2.970428466796875,-0.7393227815628052,-0.0002635955752339214,0.0,0.0,0.0,0.003281146585347004,0.00015790603782575533,0.9999924600497236,0.0020709868349702088,0,0,0,,0.9483945369720459,-0.02057024836540222,0.0,False,False,4,False
83.350216221,1598,83,350216221,map,18.58530044555664,-2.9396438598632812,-0.5463123917579651,-0.00035743718035519123,0.0,0.0,0.0,-0.0032290740582400224,-0.0005398862280703322,-0.9999944855116023,0.0005572701075690538,0,0,0,,0.9473235607147217,-0.012004673480987549,0.0,False,False,4,False
83.400216221,1599,83,400216221,map,18.730697631835938,-2.908172607421875,0.13513348996639252,-0.00010261534043820575,0.0,0.0,0.0,-0.003185134497298593,-0.0005453576049665817,-0.9999917857608711,0.0024466127811894507,0,0,0,,0.945136547088623,0.004076063632965088,0.0,False,False,4,False
83.450216222,1600,83,450216222,map,18.874469757080078,-2.8743362426757812,-0.5111083984375,-0.00015583037748001516,0.0,0.0,0.0,-0.0031477118693005756,-0.0005934779646920689,-0.9999881771268412,0.0036585926844367516,0,0,0,,0.9405472278594971,-0.0007591843605041504,0.0,False,False,4,False
83.500216223,1601,83,500216223,map,19.01639747619629,-2.8365707397460938,-0.5631036162376404,-1.7547608877066523e-05,0.0,0.0,0.0,-0.0031141996000848163,-0.000727819818083757,-0.9999847956283237,0.0044922768551190215,0,0,0,,0.9362409114837646,-0.0006401538848876953,0.0,False,False,4,False
83.550216224,1602,83,550216224,map,19.156259536743164,-2.7985382080078125,0.3324371576309204,-2.670285539352335e-06,0.0,0.0,0.0,-0.0030838276906459245,-0.0005638896528329149,-0.9999845523755928,0.0045898851204803325,0,0,0,,0.9320244789123535,0.013099253177642822,0.0,False,False,4,False
83.600216224,1603,83,600216224,map,19.294384002685547,-2.7618408203125,-0.18858641386032104,-2.536773718020413e-05,0.0,0.0,0.0,-0.003054814639676332,-0.0004312232010146785,-0.9999865974359058,0.0041577761637681095,0,0,0,,0.9272886514663696,0.005731463432312012,0.0,False,False,4,False
83.650216225,1604,83,650216225,map,19.430368423461914,-2.7197265625,0.005179643630981445,3.528594970703125e-05,0.0,0.0,0.0,-0.0030260727363015092,-0.00032667994356489003,-0.999989258646786,0.003495533587347865,0,0,0,,0.9217782020568848,0.006271660327911377,0.0,False,False,4,False
83.700216226,1605,83,700216226,map,19.56387710571289,-2.6707839965820312,0.1657116413116455,1.468658410885837e-05,0.0,0.0,0.0,-0.002996104984127287,-0.00017464264849336236,-0.9999919545643646,0.0026615148714815894,0,0,0,,0.9131890535354614,0.0065909624099731445,0.0,False,False,4,False
83.750216227,1606,83,750216227,map,19.694538116455078,-2.6129913330078125,-0.07540464401245117,-3.299712989246473e-05,0.0,0.0,0.0,-0.0029634058719481566,-0.00010357947823787812,-0.9999937854602095,0.0019069708677789297,0,0,0,,0.9049216508865356,0.0009108185768127441,0.0,False,False,4,False
83.750216227,1607,83,800216227,map,19.821697235107422,-2.5445175170898438,0.4629948139190674,-3.681182715808973e-05,0.0,0.0,0.0,-0.0029268574396294285,8.272691160983346e-05,-0.9999950807362425,0.0011247955821982972,0,0,0,,0.892693281173706,0.006849348545074463,0.0,False,False,4,False
83.850216228,1608,83,850216228,map,19.94489860534668,-2.4649429321289062,0.5273019075393677,5.7411190937273204e-05,0.0,0.0,0.0,-0.0028843314978366486,0.00033924714575368715,-0.9999957633794069,0.00019689190455478623,0,0,0,,0.8818372488021851,0.0071440935134887695,0.0,False,False,4,False
83.900216229,1609,83,900216229,map,20.064109802246094,-2.3842239379882812,0.023017674684524536,-1.945495569088962e-05,0.0,0.0,0.0,0.0028361291649152995,-0.0004012487112786252,0.9999957553666197,0.0005334974933993962,0,0,0,,0.8735184669494629,-0.0015753209590911865,0.0,False,False,4,False
83.95021623,1610,83,950216230,map,20.178752899169922,-2.2926712036132812,-0.18669873476028442,4.0245053241960704e-05,0.0,0.0,0.0,0.002782365499155412,-0.0002788435784101472,0.9999957933563772,0.0007706867310512283,0,0,0,,0.8579421043395996,-0.0065805017948150635,0.0,False,False,4,False
83.95021623,1611,84,216230,map,20.288249969482422,-2.1898651123046875,-0.03261089324951172,3.2424934033770114e-05,0.0,0.0,0.0,0.002722219773890402,-0.0001635859536532509,0.9999960937533506,0.0006125660604161707,0,0,0,,0.842512845993042,-0.0049991607666015625,0.0,False,False,4,False
84.00021623,1612,84,50216231,map,20.392091751098633,-2.0769119262695312,0.027737729251384735,-7.629387255292386e-07,0.0,0.0,0.0,0.0026548773265754272,-0.00010963984359450435,0.9999964332564817,0.0002703327591140485,0,0,0,,0.8288248777389526,-0.003280937671661377,0.0,False,False,4,False
84.100216232,1613,84,100216232,map,20.490270614624023,-1.9633865356445312,-0.11713925749063492,6.618499173782766e-05,0.0,0.0,0.0,-0.0025808261227479273,3.944726196855406e-05,-0.9999966501361459,0.00019364122567783315,0,0,0,,0.8197768926620483,-0.004179090261459351,0.0,False,False,4,False
84.150216232,1614,84,150216232,map,20.582962036132812,-1.853790283203125,-0.022894665598869324,4.844665454584174e-05,0.0,0.0,0.0,-0.0025019581180019445,-6.355303564046545e-06,-0.9999966459429213,0.0006695282621873716,0,0,0,,0.8069908618927002,-0.0016500353813171387,0.0,False,False,4,False
84.200216233,1615,84,200216233,map,20.66974639892578,-1.73614501953125,0.3596925437450409,-3.81478457711637e-07,0.0,0.0,0.0,-0.002419137030825389,9.914435696505208e-05,-0.9999967081986101,0.0008494341448673534,0,0,0,,0.7908159494400024,0.0054749250411987305,0.0,False,False,4,False
84.250216234,1616,84,250216234,map,20.750160217285156,-1.6083908081054688,0.5128362774848938,2.784729076665826e-05,0.0,0.0,0.0,-0.002331781973944532,0.00031245519410645644,-0.9999970859741759,0.0005414865967195253,0,0,0,,0.7741456031799316,0.009205937385559082,0.0,False,False,4,False
84.250216234,1617,84,300216235,map,20.824310302734375,-1.4826202392578125,0.42147552967071533,-6.675709300907329e-06,0.0,0.0,0.0,0.002240044715768845,-0.0004959493179256834,0.9999973566657996,0.00015131212436810337,0,0,0,,0.7630261182785034,0.008095204830169678,0.0,False,False,4,False
84.350216235,1618,84,350216235,map,20.892757415771484,-1.36932373046875,-0.37163403630256653,7.514954631915316e-05,0.0,0.0,0.0,0.002146069462632073,-0.000365950734783827,0.9999974275082983,0.0006367438312829814,0,0,0,,0.7589300870895386,-0.004968017339706421,0.0,False,False,4,False
84.400216236,1619,84,400216236,map,20.954784393310547,-1.240081787109375,0.43667200207710266,2.040862455032766e-05,0.0,0.0,0.0,0.002051209663014473,-0.0003646027354028141,0.9999972811736068,0.0010474966148245905,0,0,0,,0.7195814847946167,0.0048899054527282715,0.0,False,False,4,False
84.450216237,1620,84,450216237,map,21.00921630859375,-1.0878372192382812,0.39797186851501465,-5.68389987165574e-05,0.0,0.0,0.0,0.0019506432465591396,-0.00047236271064644733,0.9999967101733204,0.0015973437109041463,0,0,0,,0.7168024778366089,0.004624783992767334,0.0,False,False,4,False
84.450216237,1621,84,500216238,map,21.05769157409668,-0.9682846069335938,0.4039945602416992,-3.852845111396164e-05,0.0,0.0,0.0,0.0018472865520123567,-0.0005809591489316095,0.9999956379716526,0.002230259296497364,0,0,0,,0.7136189937591553,0.004347622394561768,0.0,False,False,4,False
84.550216238,1622,84,550216238,map,21.101795196533203,-0.8814239501953125,0.18639817833900452,2.136232069460675e-05,0.0,0.0,0.0,0.001747323418592652,-0.0005974131286363061,0.9999944262183539,0.0027816345284267497,0,0,0,,0.716935396194458,0.0004826188087463379,0.0,False,False,4,False
84.600216239,1623,84,600216239,map,21.13863754272461,-0.7378768920898438,-0.29665499925613403,4.959105353918858e-05,0.0,0.0,0.0,0.0016505307164436337,-0.00040587012730483715,0.9999943302792041,0.0029069618572974054,0,0,0,,0.6332759857177734,-0.007694363594055176,0.0,False,False,4,False
84.65021624,1624,84,650216240,map,21.1652774810791,-0.5335617065429688,-0.2600918710231781,1.7166130419354886e-05,0.0,0.0,0.0,0.001542160003084794,-0.00016185656619339332,0.9999955486815945,0.0025491492647349723,0,0,0,,0.6477714776992798,-0.00800400972366333,0.0,False,False,4,False
84.65021624,1625,84,700216241,map,21.176921844482422,-0.23311614990234375,-0.1038680225610733,2.632143150549382e-05,0.0,0.0,0.0,0.0014148783086756613,-9.682063001121487e-06,0.9999970993685504,0.0019491742135270117,0,0,0,,0.4037024974822998,-0.0049325525760650635,0.0,False,False,4,False
84.700216241,1626,84,750216241,map,21.155284881591797,0.43491363525390625,0.7018070816993713,1.1253359843976796e-05,0.0,0.0,0.0,0.0012176913188153317,-0.00019145669580223482,0.9999977446082972,0.0017295521109047902,0,0,0,,0.3394099473953247,0.009002864360809326,0.0,False,False,4,False
84.800216242,1627,84,800216242,map,21.097702026367188,1.1563873291015625,0.9296704530715942,2.4604778445791453e-05,0.0,0.0,0.0,0.0009283879159273585,-0.0005813583249294908,0.9999967921912044,0.0022837963299567605,0,0,0,,0.13319754600524902,0.015377461910247803,0.0,False,False,4,False
84.800216242,1628,84,850216243,map,20.999656677246094,1.9655227661132812,0.6521975994110107,7.24794517736882e-06,0.0,0.0,0.0,0.0005379317649988923,-0.0008777466611708488,0.9999936928233544,0.0033991916282821075,0,0,0,,0.08917808532714844,0.012088775634765625,0.0,False,False,4,False
84.900216244,1629,84,900216244,map,20.871355056762695,2.5672149658203125,0.1397871971130371,0.00011367796105332673,0.0,0.0,0.0,8.069965643980976e-05,-0.0008973266805901265,0.9999893633445314,0.004523437873185405,0,0,0,,0.087227463722229,0.002576112747192383,0.0,False,False,4,False
84.950216244,1630,84,950216244,map,20.722749710083008,2.9670333862304688,-0.7020613551139832,0.00017089842003770173,0.0,0.0,0.0,-0.00038796091701908146,-0.000517943171385037,0.999987646835541,0.004928224580485637,0,0,0,,0.09685826301574707,-0.013682812452316284,0.0,False,False,4,False
85.000216245,1631,85,216245,map,20.558462142944336,3.2796859741210938,-1.2054669857025146,-1.8692007870413363e-05,0.0,0.0,0.0,-0.0008281833757112831,0.00013679516852656412,0.9999910696668372,0.004141978507081393,0,0,0,,0.038153886795043945,-0.024904996156692505,0.0,False,False,4,False
85.050216246,1632,85,50216246,map,20.380847930908203,3.5496902465820312,-1.1828702688217163,-0.00021896361431572586,0.0,0.0,0.0,-0.001227522201226072,0.0007744326829389373,0.9999963430861081,0.0022819416460878065,0,0,0,,0.033524394035339355,-0.025327056646347046,0.0,False,False,4,False
85.050216246,1633,85,100216247,map,20.187034606933594,3.8795089721679688,-1.9594941139221191,-0.0004787445068359375,0.0,0.0,0.0,0.0015904141537208447,-0.001538552280085048,-0.999997316707051,0.0006855788787835477,0,0,0,,0.0,-0.036238402128219604,0.03135329484939575,False,False,4,False
85.100216247,1634,85,150216247,map,19.98553466796875,4.041404724121094,-1.7856290340423584,-0.0005685805808752775,0.0,0.0,0.0,0.001917503985689039,-0.0022179515751697383,-0.9999857513898172,0.004461040979134694,0,0,0,,0.0,-0.030738115310668945,0.02121037244796753,False,False,4,False
85.200216248,1635,85,200216248,map,19.78105354309082,4.093780517578125,-0.434073805809021,0.00013332365779206157,0.0,0.0,0.0,0.0021866234799830034,-0.002286749891635367,-0.999964367490003,0.00782644255126594,0,0,0,,0.0,-0.002993971109390259,0.019218027591705322,False,False,4,False
85.250216249,1636,85,250216249,map,19.577442169189453,4.0740203857421875,-0.15652596950531006,0.0005830764421261847,0.0,0.0,0.0,0.002389702555707502,-0.001967115281777862,-0.9999453624261809,0.009984585196046919,0,0,0,,0.005182862281799316,0.009233951568603516,0.0,False,False,4,False
85.30021625,1637,85,300216250,map,19.37318992614746,4.0827178955078125,0.2518811821937561,0.0005598068237304688,0.0,0.0,0.0,0.0025317136337259867,-0.0014646703239711934,-0.9999385863376202,0.010689654813898159,0,0,0,,0.0,0.020365417003631592,0.0023812055587768555,False,False,4,False
85.35021625,1638,85,350216250,map,19.171998977661133,4.0264129638671875,-0.2368927001953125,8.201597665902227e-05,0.0,0.0,0.0,0.002626096060167186,-0.0011394864718464418,-0.999942140749693,0.010369201656073737,0,0,0,,0.08417487144470215,0.013460338115692139,0.0,False,False,4,False
85.400216251,1639,85,400216251,map,18.978666305541992,3.8588333129882812,0.8506456017494202,-3.4332333598285913e-06,0.0,0.0,0.0,0.0026645285513535815,-0.000615313027370931,-0.9999560132650961,0.008971800959245522,0,0,0,,0.1150665283203125,0.02846771478652954,0.0,False,False,4,False
85.450216252,1640,85,450216252,map,18.793607711791992,3.6960983276367188,0.6935335397720337,-9.880066500045359e-05,0.0,0.0,0.0,0.0026525434781665335,-7.440713008083588e-05,-0.9999740941119748,0.006691007518354452,0,0,0,,0.12094259262084961,0.023697614669799805,0.0,False,False,4,False
85.500216253,1641,85,500216253,map,18.615346908569336,3.5610198974609375,0.763241171836853,-0.00021190641564317048,0.0,0.0,0.0,0.0026046733970514374,0.00037343724117613213,-0.9999884914087279,0.004011641960344011,0,0,0,,0.12752115726470947,0.019844114780426025,0.0,False,False,4,False
85.550216253,1642,85,550216253,map,18.44361686706543,3.43231201171875,0.6100887656211853,-0.00024929046048782766,0.0,0.0,0.0,0.002534405838598401,0.0006756925568153552,-0.9999955973755961,0.0013876080278170091,0,0,0,,0.1510707139968872,0.01199638843536377,0.0,False,False,4,False
85.550216253,1643,85,600216254,map,18.27754020690918,3.3199310302734375,1.0599123239517212,-0.00014553070650435984,0.0,0.0,0.0,-0.0024511882091230383,-0.0010231119678420584,0.9999958528280567,0.0011132137945840505,0,0,0,,0.145951509475708,0.014205217361450195,0.0,False,False,4,False
85.650216255,1644,85,650216255,map,18.115758895874023,3.2362747192382812,0.7105643153190613,-0.0001586914004292339,0.0,0.0,0.0,-0.0023645315033739133,-0.0012535051108028567,0.999991028637107,0.003283346007851018,0,0,0,,0.14319980144500732,0.0056098103523254395,0.0,False,False,4,False
85.700216256,1645,85,700216256,map,17.956501007080078,3.1877899169921875,0.8534008860588074,-9.326933650299907e-05,0.0,0.0,0.0,-0.0022829070585277896,-0.0014247562795186366,0.9999837075131252,0.005034194395393347,0,0,0,,0.12904715538024902,0.004901468753814697,0.0,False,False,4,False
85.700216256,1646,85,750216256,map,17.798925399780273,3.1538772583007812,0.47117143869400024,5.0544731493573636e-05,0.0,0.0,0.0,-0.0022117301645259665,-0.0014424379930578033,0.9999770614951624,0.0062373155937192485,0,0,0,,0.1313309669494629,-0.002434253692626953,0.0,False,False,4,False
85.800216257,1647,85,800216257,map,17.643522262573242,3.1122207641601562,0.6295709609985352,7.209777686512098e-05,0.0,0.0,0.0,-0.0021512333099625988,-0.0014337755298585984,0.9999723216373906,0.006976563774757763,0,0,0,,0.14494013786315918,-0.0007823705673217773,0.0,False,False,4,False
85.850216258,1648,85,850216258,map,17.49155044555664,3.0365371704101562,-0.4322656989097595,0.00019149780564475805,0.0,0.0,0.0,-0.002093364886413198,-0.0010891977632962264,0.9999734415763489,0.006895477767127107,0,0,0,,0.1674894094467163,-0.017081141471862793,0.0,False,False,4,False
85.900216259,1649,85,900216259,map,17.344289779663086,2.9454421997070312,0.026001930236816406,8.869170414982364e-05,0.0,0.0,0.0,-0.002033841552007521,-0.0007685651603782287,0.9999785994340585,0.006170370332013374,0,0,0,,0.18056905269622803,-0.010257035493850708,0.0,False,False,4,False
85.950216259,1650,85,950216259,map,17.201570510864258,2.8493118286132812,-1.0358935594558716,2.9754646675428376e-05,0.0,0.0,0.0,-0.001969355018249207,-0.00021637141412768007,0.9999871270548331,0.004671247033098376,0,0,0,,0.20218205451965332,-0.02465793490409851,0.0,False,False,4,False
86.00021626,1651,86,216260,map,17.06572914123535,2.7159881591796875,-0.2723582983016968,-0.00010242461576126516,0.0,0.0,0.0,-0.0018976375335655851,0.00014863178418265854,0.9999942121724854,0.0028200180698782474,0,0,0,,0.23730719089508057,-0.01133108139038086,0.0,False,False,4,False
86.050216261,1652,86,50216261,map,16.93722152709961,2.5690460205078125,-0.6540499925613403,-0.00015678406634833664,0.0,0.0,0.0,-0.0018145458516533339,0.0004427323448801692,0.999997815439317,0.0009383645435522526,0,0,0,,0.2568693161010742,-0.012884020805358887,0.0,False,False,4,False
86.100216262,1653,86,100216262,map,16.814044952392578,2.463531494140625,-0.5357164144515991,-9.613037400413305e-05,0.0,0.0,0.0,0.0017236103105926486,-0.0006698100412354468,-0.9999979416953998,0.0008349412970522084,0,0,0,,0.23019146919250488,-0.008267343044281006,0.0,False,False,4,False
86.150216262,1654,86,150216262,map,16.693588256835938,2.4110031127929688,-0.8795566558837891,-8.583069575252011e-05,0.0,0.0,0.0,0.001636750843675448,-0.0009405339589085772,-0.9999949997525389,0.0025371071060338035,0,0,0,,0.23930692672729492,-0.011134833097457886,0.0,False,False,4,False
86.200216263,1655,86,200216263,map,16.57229995727539,2.4242401123046875,0.5975426435470581,0.00011558533878996968,0.0,0.0,0.0,0.001563096938133766,-0.0007193671910942612,-0.9999926742819084,0.0034191550598605303,0,0,0,,0.1542733907699585,0.013618826866149902,0.0,False,False,4,False
86.250216264,1656,86,250216264,map,16.444711685180664,2.5516510009765625,0.09140558540821075,0.00012531279935501516,0.0,0.0,0.0,0.001522126342911982,-0.00043528794277906453,-0.9999929331056439,0.0034098965636285413,0,0,0,,0.10966610908508301,0.009791910648345947,0.0,False,False,4,False
86.250216264,1657,86,300216265,map,16.300853729248047,2.8782272338867188,-0.49300655722618103,-7.534027099609375e-05,0.0,0.0,0.0,0.0015378088156291305,-0.0004451278603755899,-0.99999354287706,0.00321732954794402,0,0,0,,0.0,-0.0002575516700744629,0.03283005952835083,False,False,4,False
86.300216265,1658,86,350216265,map,16.13545036315918,3.3094406127929688,-0.38467511534690857,-0.00015239714412018657,0.0,0.0,0.0,0.0016337087397960714,-0.0005492253886513623,-0.9999935764316501,0.0031426808084514197,0,0,0,,0.0,-0.0016143620014190674,0.07878166437149048,False,False,4,False
86.400216266,1659,86,400216266,map,16.059146881103516,1.5324020385742188,-1.0802171230316162,-1.9454964785836637e-05,0.0,0.0,0.0,0.001596483673077038,-0.0008676279463617775,-0.9999918749941222,0.0035983895520255937,0,0,0,,0.0,-0.013960301876068115,0.16867351531982422,False,False,4,False
86.450216267,1660,86,450216267,map,15.996134757995605,1.2672042846679688,-0.78561931848526,6.809234764659777e-05,0.0,0.0,0.0,0.0013648316918614181,-0.001152327178544923,-0.9999878493574291,0.004594617941678975,0,0,0,,0.0,-0.012182384729385376,0.19220107793807983,False,False,0,False
86.500216268,1661,86,500216268,map,15.693704605102539,6.070079803466797,-1.648138165473938,-0.0002922058047261089,0.0,0.0,0.0,0.0015039831774319265,-0.001656477361683406,-0.9999767305803975,0.006444564771271468,0,0,0,,0.0,-0.03108122944831848,0.315578818321228,False,False,0,False
86.500216268,1662,86,550216268,map,15.274181365966797,8.410053253173828,-1.0538170337677002,-0.0009618758922442794,0.0,0.0,0.0,0.0024504873577317647,-0.001993223532603479,-0.9999559129197906,0.00884275909470281,0,0,0,,0.0,-0.024123340845108032,0.2952257990837097,False,False,3,False
86.600216269,1663,86,600216269,map,14.880606651306152,7.893829345703125,-0.9683507680892944,-0.0008653640979900956,0.0,0.0,0.0,0.003450572752371212,-0.0021610228810411457,-0.9999264520783379,0.0114242707345268,0,0,0,,0.0,-0.020407110452651978,0.3169471025466919,False,False,3,False
86.65021627,1664,86,650216270,map,14.516589164733887,7.254276275634766,1.3091164827346802,0.0002191544626839459,0.0,0.0,0.0,0.004205971205830234,-0.0014961418805431955,-0.9999083408466991,0.012782068333825676,0,0,0,,0.0,0.02338409423828125,0.26857471466064453,False,False,3,False
86.70021627,1665,86,700216270,map,14.160935401916504,7.0992279052734375,0.8351102471351624,0.0006797790410928428,0.0,0.0,0.0,0.004693461209486813,-0.0006834024111565851,-0.9999096079603386,0.012580949551652572,0,0,0,,0.0,0.023572564125061035,0.34385645389556885,False,False,3,False
86.750216271,1666,86,750216271,map,13.829910278320312,6.585445404052734,3.155006170272827,0.00041809078538790345,0.0,0.0,0.0,0.004951674981326919,0.0006981041333569407,-0.9999362188424362,0.010126786883796939,0,0,0,,0.0,0.07159006595611572,0.23333311080932617,False,False,3,False
86.800216272,1667,86,800216272,map,13.551340103149414,5.5712890625,3.1205148696899414,-0.00031909949029795825,0.0,0.0,0.0,0.004973324589934358,0.0022377236905423287,-0.9999717182918128,0.005178923800124648,0,0,0,,0.14733076095581055,0.0749274492263794,0.0,False,False,3,False
86.850216273,1668,86,850216273,map,13.3184232711792,4.667091369628906,1.1037766933441162,0.00043716432992368937,0.0,0.0,0.0,-0.004758328362937258,-0.0028203290320876827,0.9999846550461818,0.0003061494890114878,0,0,0,,0.2275071144104004,0.037575602531433105,0.0,False,False,3,False
86.900216273,1669,86,900216273,map,13.110578536987305,4.174766540527344,1.3869160413742065,0.0011505127185955644,0.0,0.0,0.0,-0.004409717019750911,-0.0029592740707541764,0.9999717991069561,0.005310186774255409,0,0,0,,0.2035151720046997,0.03181719779968262,0.0,False,False,3,False
86.900216273,1670,86,950216274,map,12.920403480529785,3.788433074951172,-1.1625680923461914,0.0017528533935546875,0.0,0.0,0.0,-0.004005420575518892,-0.0021645640833047983,0.999954943965825,0.008329544203991257,0,0,0,,0.21782779693603516,-0.017924994230270386,0.0,False,False,3,False
87.000216275,1671,87,216275,map,12.742446899414062,3.57269287109375,1.0074454545974731,0.0004322052700445056,0.0,0.0,0.0,-0.0036097458890673043,-0.0017772640897060405,0.9999418005909085,0.010010319574487891,0,0,0,,0.17492377758026123,0.006155252456665039,0.0,False,False,3,False
87.050216276,1672,87,50216276,map,12.57199764251709,3.4041213989257812,-0.35763978958129883,-0.00031242379918694496,0.0,0.0,0.0,-0.003256664364366123,-0.0013467416707927883,0.999937042635582,0.010653224361480921,0,0,0,,0.19094789028167725,-0.01404622197151184,0.0,False,False,3,False
87.100216276,1673,87,100216276,map,12.407163619995117,3.2837295532226562,-1.111156702041626,-0.00036773679312318563,0.0,0.0,0.0,-0.0029554610118476105,-0.0005946801954629366,0.9999471391515534,0.00983008180517246,0,0,0,,0.18120503425598145,-0.029457151889801025,0.0,False,False,3,False
87.150216277,1674,87,150216277,map,12.247544288635254,3.189544677734375,-0.32717108726501465,-0.0006521224859170616,0.0,0.0,0.0,-0.002711431953199087,-9.992907444571764e-05,0.9999624614140958,0.00822884643229652,0,0,0,,0.1833266019821167,-0.018474191427230835,0.0,False,False,3,False
87.200216278,1675,87,200216278,map,12.091652870178223,3.112354278564453,-0.805701494216919,-0.0005924224969930947,0.0,0.0,0.0,-0.002516901970972684,0.00031698006467073667,0.999977331881113,0.006237022690157549,0,0,0,,0.18151187896728516,-0.022872477769851685,0.0,False,False,3,False
87.250216279,1676,87,250216279,map,11.93921947479248,3.046722412109375,-0.45190855860710144,-0.00043449399527162313,0.0,0.0,0.0,-0.002363870428791361,0.0005707495182973721,0.9999882525510457,0.004192984794775345,0,0,0,,0.1814192533493042,-0.015468329191207886,0.0,False,False,3,False
87.250216279,1677,87,300216279,map,11.788714408874512,3.0086708068847656,-0.8262593746185303,-0.00031604766263626516,0.0,0.0,0.0,-0.002244592764393562,0.000829542754625371,0.9999948058783173,0.0021591383760138473,0,0,0,,0.16707193851470947,-0.018605589866638184,0.0,False,False,3,False
87.35021628,1678,87,350216280,map,11.639731407165527,2.9796981811523438,0.1469821333885193,-9.250641596736386e-05,0.0,0.0,0.0,-0.0021537467347285807,0.0007558919596994921,0.9999971902930518,0.0006398502559157808,0,0,0,,0.16713547706604004,-0.001437366008758545,0.0,False,False,3,False
87.400216281,1679,87,400216281,map,11.492142677307129,2.95196533203125,0.17842721939086914,6.313325138762593e-05,0.0,0.0,0.0,0.0020837133868044848,-0.000510639325728448,-0.9999976927726343,0.00010879066518515465,0,0,0,,0.1659259796142578,0.00383836030960083,0.0,False,False,3,False
87.450216282,1680,87,450216282,map,11.4639253616333,0.5652046203613281,0.3801082968711853,0.00022563934908248484,0.0,0.0,0.0,0.001795260269569773,-0.0002065572250414121,-0.9999983573518834,0.00014024340373067524,0,0,0,,0.15020442008972168,0.009228944778442383,0.0,False,False,3,False
87.500216282,1681,87,500216282,map,11.459562301635742,0.08783340454101562,0.1675703376531601,0.0003347397141624242,0.0,0.0,0.0,-0.001289725108337551,-7.137172924308068e-07,0.9999991311559382,0.00027257293359733513,0,0,0,,0.1576824188232422,0.007359147071838379,0.0,False,False,0,False
87.500216282,1682,87,550216283,map,11.15221881866455,6.145477294921875,-0.5216034054756165,-0.00021991730318404734,0.0,0.0,0.0,-0.0012811469470196235,0.00011312716314318417,0.9999990561709229,0.0004832411492059841,0,0,0,,0.1510472297668457,-0.005465149879455566,0.0,False,False,0,False
87.550216283,1683,87,600216284,map,10.703169822692871,8.981399536132812,0.19535604119300842,-0.0009708404541015625,0.0,0.0,0.0,-0.002323799664865522,9.792864991819075e-05,0.9999970779796259,0.0006590882392382838,0,0,0,,0.15407121181488037,0.00496143102645874,0.0,False,False,2,False
87.600216284,1684,87,650216285,map,10.30094051361084,8.045406341552734,0.24532534182071686,-0.0012512204702943563,0.0,0.0,0.0,-0.003439514111738307,-3.271784159286028e-05,0.9999935664288506,0.0010177293971686812,0,0,0,,0.15580415725708008,0.006954073905944824,0.0,False,False,2,False
87.700216285,1685,87,700216285,map,9.941689491271973,7.184543609619141,-0.1475396752357483,-0.0006074906559661031,0.0,0.0,0.0,-0.004258434207230006,-3.754667910091687e-05,0.9999900688946154,0.0013139408251900586,0,0,0,,0.17798137664794922,-8.472800254821777e-05,0.0,False,False,2,False
87.750216286,1686,87,750216286,map,9.620476722717285,6.423835754394531,-0.1554383635520935,0.0002603531174827367,0.0,0.0,0.0,-0.004715325600686215,3.1355119298191016e-05,0.9999878867660283,0.0014110430712462325,0,0,0,,0.208685040473938,-0.0020488500595092773,0.0,False,False,2,False
87.800216287,1687,87,800216287,map,9.334575653076172,5.717487335205078,-0.3249778747558594,0.0008275985601358116,0.0,0.0,0.0,-0.004857919816105278,0.00016153573397717882,0.9999874150227883,0.0012427056403676758,0,0,0,,0.23686504364013672,-0.006394863128662109,0.0,False,False,2,False
87.850216288,1688,87,850216288,map,9.07950496673584,5.101337432861328,-0.10978497564792633,0.0011350632412359118,0.0,0.0,0.0,-0.004767071461543619,0.00022483462047210532,0.9999881703034917,0.0009400702891948644,0,0,0,,0.2602243423461914,-0.004031866788864136,0.0,False,False,2,False
87.900216288,1689,87,900216288,map,8.852892875671387,4.533061981201172,0.4866284728050232,0.0010389328235760331,0.0,0.0,0.0,-0.004521679433979938,3.625715643742876e-05,0.9999893289505447,0.0009460896121627983,0,0,0,,0.2704470157623291,0.007275938987731934,0.0,False,False,2,False
87.950216289,1690,87,950216289,map,8.646635055541992,4.124355316162109,-0.47446900606155396,0.0006656646146439016,0.0,0.0,0.0,-0.004189577846543873,9.48360732500298e-05,0.9999908508302114,0.0008583119809981463,0,0,0,,0.30196666717529297,-0.006752759218215942,0.0,False,False,2,False
88.00021629,1691,88,216290,map,8.47199821472168,3.4928131103515625,0.11184872686862946,0.0003339767863508314,0.0,0.0,0.0,-0.0038106254873713353,9.660689444385567e-05,0.9999924744684681,0.0007216695456396648,0,0,0,,0.3006432056427002,0.0003069639205932617,0.0,False,False,2,False
88.050216291,1692,88,50216291,map,8.29033088684082,3.6333084106445312,-0.029220012947916985,4.8065121518447995e-05,0.0,0.0,0.0,-0.003435915613684096,7.4333188773649e-05,0.9999938909781348,0.0006379379928632328,0,0,0,,0.3419560194015503,-0.0008089244365692139,0.0,False,False,2,False
88.100216291,1693,88,100216291,map,8.17003059387207,2.4059677124023438,-0.22143901884555817,-0.00029468530556187034,0.0,0.0,0.0,-0.003048475177883301,0.000131516554105148,0.9999952427382652,0.00045166727123850176,0,0,0,,0.3370950222015381,-0.004384487867355347,0.0,False,False,2,False
88.150216292,1694,88,150216292,map,8.00580883026123,3.284435272216797,-0.00456241425126791,-0.0001268387131858617,0.0,0.0,0.0,-0.002710483814971511,0.00014063498300686495,0.999996287317066,0.00024259302213089037,0,0,0,,0.36590874195098877,-0.001752227544784546,0.0,False,False,2,False
88.200216293,1695,88,200216293,map,7.921414852142334,1.6878890991210938,-0.01676485873758793,-0.00039196014404296875,0.0,0.0,0.0,-0.0023672460388595097,0.00012028548371451136,0.9999971876098281,8.031206468137029e-05,0,0,0,,0.37119507789611816,-0.001384824514389038,0.0,False,False,2,False
88.250216294,1696,88,250216294,map,7.777149200439453,2.8853511810302734,-0.046879492700099945,-0.0001829147367971018,0.0,0.0,0.0,0.0020871229728466594,-0.00010893806914566442,-0.9999978130681575,7.687064252698481e-05,0,0,0,,0.3860279321670532,-0.0016657710075378418,0.0,False,False,2,False
88.300216294,1697,88,300216294,map,7.719979763031006,1.1437416076660156,-0.21649636328220367,-0.00033874507062137127,0.0,0.0,0.0,0.0017981382720807886,-0.00016393279071070523,-0.999998330561285,0.0002805342007682752,0,0,0,,0.39385688304901123,-0.004801660776138306,0.0,False,False,2,False
88.350216295,1698,88,350216295,map,7.59407377243042,2.519245147705078,-0.32640886306762695,-5.6457502068951726e-05,0.0,0.0,0.0,0.0015701517072106673,-0.0002768322502564513,-0.9999983984877996,0.0008130248197184424,0,0,0,,0.4113868474960327,-0.008370399475097656,0.0,False,False,2,False
88.400216296,1699,88,400216296,map,7.55325174331665,0.8163928985595703,0.013400018215179443,-0.0002132415829692036,0.0,0.0,0.0,0.0013377786985942996,-0.0002758613623264809,-0.9999984369147941,0.0011226827828918293,0,0,0,,0.39897632598876953,-0.0034058690071105957,0.0,False,False,2,False
88.450216297,1700,88,450216297,map,7.4330668449401855,2.4026012420654297,0.3247279226779938,6.599425978492945e-05,0.0,0.0,0.0,0.0011825915927149912,-0.00010918747993992711,-0.9999983027745164,0.0014085465223549465,0,0,0,,0.4074610471725464,0.004053473472595215,0.0,False,False,2,False
88.500216297,1701,88,500216297,map,7.40187931060791,0.6233501434326172,0.32438620924949646,-0.0001541137753520161,0.0,0.0,0.0,0.0010190800097767078,9.192462992474858e-05,-0.9999988823275383,0.0010901236032058168,0,0,0,,0.405741810798645,0.007309257984161377,0.0,False,False,2,False
88.550216298,1702,88,550216298,map,7.2866530418396,2.3045921325683594,-0.11399915814399719,-5.912784217798617e-06,0.0,0.0,0.0,0.0009239934536991102,0.00011254896621898136,-0.999999024112465,0.0010417979388151943,0,0,0,,0.42203807830810547,0.0005199313163757324,0.0,False,False,2,False
88.600216299,1703,88,600216299,map,7.264171600341797,0.44959068298339844,0.04603906720876694,-9.536688594380394e-07,0.0,0.0,0.0,0.000804469569181444,9.781404918759846e-05,-0.9999993853465856,0.00075668195098539,0,0,0,,0.4061843156814575,0.0020017027854919434,0.0,False,False,2,False
88.6502163,1704,88,650216300,map,7.151902675628662,2.245664596557617,-0.20719848573207855,3.852843656204641e-05,0.0,0.0,0.0,0.0007470175250353009,8.40394812579948e-06,-0.9999993056773643,0.0009113391139602718,0,0,0,,0.4158064126968384,-0.0031189918518066406,0.0,False,False,2,False
88.7002163,1705,88,700216300,map,7.137787342071533,0.2820014953613281,0.2544574439525604,-5.531310671358369e-05,0.0,0.0,0.0,0.0006540658069015675,5.1320914412414755e-05,-0.9999995432798955,0.0006949849527018515,0,0,0,,0.4626578092575073,0.004497528076171875,0.0,False,False,2,False
88.750216301,1706,88,750216301,map,7.0331315994262695,2.0958518981933594,0.9223681688308716,5.722040441469289e-06,0.0,0.0,0.0,0.0006071101778370386,0.00039081342085818023,-0.9999997171591674,0.00021062689115317876,0,0,0,,0.44622528553009033,0.020612359046936035,0.0,False,False,2,False
88.800216302,1707,88,800216302,map,7.028701305389404,0.08586883544921875,-0.9240318536758423,5.779266939498484e-05,0.0,0.0,0.0,-0.0005140664753000447,-0.0001663361255299722,0.9999998305554442,0.0002166957202740142,0,0,0,,0.43631625175476074,-0.010738551616668701,0.0,False,False,2,False
88.850216303,1708,88,850216303,map,6.928676605224609,2.001314163208008,-0.43588483333587646,2.746581958490424e-05,0.0,0.0,0.0,0.00047354153541908397,-0.00015797588754193147,-0.9999998396390251,0.0002674396335236249,0,0,0,,0.4579981565475464,-0.010633140802383423,0.0,False,False,2,False
88.900216303,1709,88,900216303,map,6.931979179382324,-0.06665229797363281,0.22700077295303345,-6.103515261202119e-05,0.0,0.0,0.0,0.00038701973584441475,-0.00016722799971058836,-0.9999998323686385,0.0003968793459021012,0,0,0,,0.44899725914001465,0.0005800724029541016,0.0,False,False,2,False
88.950216304,1710,88,950216304,map,6.836426258087158,1.9108390808105469,0.19142574071884155,8.201600394386332e-06,0.0,0.0,0.0,0.00035396263216577853,-4.865693352439902e-05,-0.9999997433312052,0.0006210317875811496,0,0,0,,0.4724835157394409,0.00315701961517334,0.0,False,False,2,False
88.950216304,1711,89,216305,map,6.8480000495910645,-0.23073196411132812,-0.39296475052833557,-1.5068053471622989e-05,0.0,0.0,0.0,0.0002706281952902982,-0.00012725298842833593,-0.9999997442650935,0.0006496435978971787,0,0,0,,0.4774801731109619,-0.007194191217422485,0.0,False,False,2,False
89.000216305,1712,89,50216306,map,6.7580413818359375,1.7989349365234375,0.08168235421180725,8.392330528295133e-06,0.0,0.0,0.0,0.00023879421524826937,-0.00013157437912065249,-0.9999994198846796,0.0010420632467047959,0,0,0,,0.4610025882720947,-0.0007540881633758545,0.0,False,False,2,False
89.050216306,1713,89,100216306,map,6.7762980461120605,-0.36490440368652344,-0.07471963763237,5.0163271225756034e-05,0.0,0.0,0.0,0.0001585615061429504,-0.00012406961328130213,-0.9999994113660075,0.0010661766357968744,0,0,0,,0.496883749961853,-0.002407759428024292,0.0,False,False,2,False
89.150216307,1714,89,150216307,map,6.690934181213379,1.7076587677001953,0.9972375631332397,-4.081725637661293e-05,0.0,0.0,0.0,0.0001311103731723382,0.00023446936120788503,-0.999999604832536,0.000847448500193508,0,0,0,,0.48051917552948,0.01998955011367798,0.0,False,False,2,False
89.200216308,1715,89,200216308,map,6.715519905090332,-0.4927253723144531,-0.3733981251716614,-5.531310307560489e-06,0.0,0.0,0.0,5.322283665230531e-05,0.00024129643785365077,-0.9999999346064443,0.0002640652680571739,0,0,0,,0.4791233539581299,-0.00047391653060913086,0.0,False,False,2,False
89.250216308,1716,89,250216308,map,6.6340436935424805,1.6294384002685547,-0.25586754083633423,2.365112231927924e-05,0.0,0.0,0.0,3.222020061655481e-05,7.058560212367213e-05,-0.9999999296015749,0.00036711902264541664,0,0,0,,0.4949434995651245,-0.0034522712230682373,0.0,False,False,2,False
89.250216308,1717,89,300216309,map,6.664131164550781,-0.6001091003417969,-0.5856413841247559,-3.0136106943245977e-05,0.0,0.0,0.0,-3.987762589473673e-05,-0.00020788475153241904,-0.9999998189620687,0.0005632668415398363,0,0,0,,0.5035552978515625,-0.012905091047286987,0.0,False,False,2,False
89.35021631,1718,89,350216310,map,6.587436199188232,1.5327739715576172,0.28741878271102905,2.7847288947668858e-05,0.0,0.0,0.0,-5.880534225760902e-05,-0.00019128649103984722,-0.99999941526154,0.0010627454955198172,0,0,0,,0.4971284866333008,0.0012180805206298828,0.0,False,False,2,False
89.400216311,1719,89,400216311,map,6.623232364654541,-0.7142448425292969,-0.38874176144599915,-1.4495852155960165e-05,0.0,0.0,0.0,-0.0001298535640253772,-0.0002536593030258745,-0.9999991482548058,0.0012736893941688702,0,0,0,,0.506638765335083,-0.009019613265991211,0.0,False,False,2,False
89.450216311,1720,89,450216311,map,6.549466133117676,1.474761962890625,0.10761700570583344,3.471374657237902e-05,0.0,0.0,0.0,-0.0001438449466189817,-0.00022082383355668855,-0.9999983367608084,0.0018047218851966905,0,0,0,,0.49063289165496826,-0.001507192850112915,0.0,False,False,2,False
89.500216312,1721,89,500216312,map,6.587963104248047,-0.7691192626953125,-0.14894597232341766,2.47955313170678e-06,0.0,0.0,0.0,-0.0002064207421859376,-0.00020907780466650734,-0.9999980550508694,0.0019502747055752537,0,0,0,,0.4981863498687744,-0.004739940166473389,0.0,False,False,2,False
89.550216313,1722,89,550216313,map,6.515594959259033,1.4486408233642578,-0.18085896968841553,-8.811950101517141e-05,0.0,0.0,0.0,-0.00020859763154922024,-0.00024366884607555033,-0.9999967600885442,0.002525257399954979,0,0,0,,0.5075976848602295,-0.006362438201904297,0.0,False,False,2,False
89.600216314,1723,89,600216314,map,6.55726957321167,-0.8338260650634766,0.04226095974445343,8.640288433525711e-05,0.0,0.0,0.0,-0.0002637362396202055,-0.00020568084373506762,-0.9999963468207086,0.0026822534972261725,0,0,0,,0.501183271408081,-0.0021495521068573,0.0,False,False,2,False
89.650216314,1724,89,650216314,map,6.488274574279785,1.3805484771728516,-0.08116625249385834,-1.8692015146370977e-05,0.0,0.0,0.0,-0.0002628170684045317,-0.00018263417967246328,-0.9999949555010916,0.003160149413346262,0,0,0,,0.5399277210235596,-0.0036735236644744873,0.0,False,False,2,False
89.700216315,1725,89,700216315,map,6.536159992218018,-0.9552860260009766,-0.274774968624115,-8.010865713004023e-06,0.0,0.0,0.0,-0.00032313569439200657,-0.00024152958138076177,-0.9999941923710811,0.0033841499513749184,0,0,0,,0.5204628705978394,-0.007737070322036743,0.0,False,False,2,False
89.750216316,1726,89,750216316,map,6.471186637878418,1.2946414947509766,0.6466880440711975,-1.1062620615120977e-05,0.0,0.0,0.0,-0.0003296158314344477,-1.6538759656714774e-05,-0.9999934585958714,0.003601922450608276,0,0,0,,0.5140275955200195,0.010127782821655273,0.0,False,False,2,False
89.800216317,1727,89,800216317,map,6.521320343017578,-1.0021114349365234,-0.10702885687351227,6.1035143517074175e-06,0.0,0.0,0.0,-0.00038884646505520575,6.715774038675296e-05,-0.9999944546185382,0.0033068142428196445,0,0,0,,0.5167357921600342,0.0007596015930175781,0.0,False,False,2,False
89.850216317,1728,89,850216317,map,6.458076000213623,1.2651538848876953,-0.039109960198402405,-1.9073468138230965e-06,0.0,0.0,0.0,-0.00038735369584943754,4.633629161961523e-05,-0.9999939888203632,0.0034453059663304203,0,0,0,,0.5225567817687988,7.534027099609375e-05,0.0,False,False,2,False
89.900216318,1729,89,900216318,map,6.510571479797363,-1.0499382019042969,0.00017821788787841797,-1.1634829206741415e-05,0.0,0.0,0.0,-0.00043998277962027616,3.0264008510703058e-05,-0.9999946375869825,0.003245041836859511,0,0,0,,0.5283160209655762,0.0006489753723144531,0.0,False,False,2,False
89.950216319,1730,89,950216319,map,6.4504899978637695,1.205301284790039,-0.4562626779079437,3.356933666509576e-05,0.0,0.0,0.0,-0.00043544277591762,-0.0001383464626731346,-0.9999931405369179,0.0036756127322264474,0,0,0,,0.5418963432312012,-0.009448707103729248,0.0,False,False,2,False
89.950216319,1731,90,216320,map,6.508124351501465,-1.1544322967529297,0.18948137760162354,2.4986265998450108e-05,0.0,0.0,0.0,-0.0004919216076493742,-0.00012776627718718835,-0.9999929388970686,0.003723418444648977,0,0,0,,0.5526027679443359,0.0008856654167175293,0.0,False,False,2,False
90.05021632,1732,90,50216320,map,6.4523234367370605,1.1163902282714844,-0.04021741449832916,-6.484984623966739e-06,0.0,0.0,0.0,-0.0004950382416892049,-9.854523204993326e-05,-0.9999916512064487,0.004054965274401602,0,0,0,,0.5188531875610352,-0.0015210509300231934,0.0,False,False,2,False
90.05021632,1733,90,100216321,map,6.511177062988281,-1.1781787872314453,0.13335712254047394,-7.724761235294864e-05,0.0,0.0,0.0,-0.0005500447179008698,-2.815115442301529e-05,-0.9999921722334786,0.00391817943563042,0,0,0,,0.5343718528747559,0.0023677945137023926,0.0,False,False,2,False
90.100216321,1734,90,150216322,map,6.456361293792725,1.0972213745117188,-0.10946989059448242,7.858275785110891e-05,0.0,0.0,0.0,-0.000543875100010525,-3.3981164301113146e-05,-0.9999912258245147,0.004153470734242305,0,0,0,,0.5466114282608032,-0.001744091510772705,0.0,False,False,2,False
90.200216323,1735,90,200216323,map,6.518014907836914,-1.2336540222167969,0.06592348217964172,-2.403259350103326e-05,0.0,0.0,0.0,-0.0005942661924117272,-1.4085986005449107e-05,-0.9999918011838742,0.004005522975669567,0,0,0,,0.5423823595046997,0.0012568831443786621,0.0,False,False,2,False
90.250216323,1736,90,250216323,map,6.465507507324219,1.0480022430419922,0.3293590247631073,3.4523007343523204e-05,0.0,0.0,0.0,-0.0005869510837443017,0.00010896852393538075,-0.9999917903524584,0.004007847548358026,0,0,0,,0.5383514165878296,0.00738447904586792,0.0,False,False,2,False
90.300216324,1737,90,300216324,map,6.529198169708252,-1.272115707397461,-0.2714633345603943,-7.07626313669607e-05,0.0,0.0,0.0,-0.0006346542210196237,5.834905331270513e-05,-0.9999928161620604,0.0037365001912782457,0,0,0,,0.5612266063690186,-0.0024338066577911377,0.0,False,False,2,False
90.350216325,1738,90,350216325,map,6.479824066162109,0.9865093231201172,0.14688082039356232,4.9781796406023204e-05,0.0,0.0,0.0,-0.0006276168520053184,5.5645493667590076e-05,-0.9999924180630418,0.0038427616497022734,0,0,0,,0.5386784076690674,0.0030670762062072754,0.0,False,False,2,False
90.350216325,1739,90,400216326,map,6.545253753662109,-1.3100814819335938,0.2847178280353546,-4.9972531996900216e-05,0.0,0.0,0.0,-0.0006753874129576708,0.00015855629582569705,-0.9999939636790824,0.003404602347025073,0,0,0,,0.5549297332763672,0.00773090124130249,0.0,False,False,2,False
90.450216326,1740,90,450216326,map,6.497287750244141,0.9586906433105469,0.18927815556526184,4.5394899643724784e-05,0.0,0.0,0.0,-0.0006651831504075723,0.0002407625001636692,-0.9999946768931358,0.0031852394239284465,0,0,0,,0.5451552867889404,0.007503926753997803,0.0,False,False,2,False
90.500216327,1741,90,500216327,map,6.564189434051514,-1.3379669189453125,-0.026338398456573486,-9.632110595703125e-05,0.0,0.0,0.0,-0.000709593589966326,0.0002242233441743142,-0.9999962148047982,0.0026488821991638425,0,0,0,,0.5599175691604614,0.003779590129852295,0.0,False,False,2,False
90.550216328,1742,90,550216328,map,6.519070625305176,0.9034156799316406,-0.2702108323574066,7.381439354503527e-05,0.0,0.0,0.0,-0.0006983658934875064,7.9068325217957e-05,-0.9999960831990611,0.002709173271524374,0,0,0,,0.5649378299713135,-0.0029063820838928223,0.0,False,False,2,False
90.600216329,1743,90,600216329,map,6.589329242706299,-1.4060115814208984,0.2023448795080185,4.95910626341356e-06,0.0,0.0,0.0,-0.0007466119539518674,7.489559160745818e-05,-0.9999968006888174,0.002415693144865989,0,0,0,,0.5695813894271851,0.0044825077056884766,0.0,False,False,2,False
90.600216329,1744,90,650216329,map,6.54770040512085,0.8402061462402344,-1.0430071353912354,-5.512237112270668e-05,0.0,0.0,0.0,-0.0007392676999231396,-0.00027924187435633316,-0.9999950934238339,0.0030312762165882606,0,0,0,,0.5738867521286011,-0.020222783088684082,0.0,False,False,2,False
90.70021633,1745,90,700216330,map,6.619788646697998,-1.4474868774414062,0.6448510885238647,6.427764310501516e-05,0.0,0.0,0.0,-0.0007903135213040072,-0.0001853153271953089,-0.9999946988004813,0.003153321059124217,0,0,0,,0.5429234504699707,0.006787657737731934,0.0,False,False,2,False
90.750216331,1746,90,750216331,map,6.575684070587158,0.9051132202148438,-1.7635911703109741,-0.00012130737741244957,0.0,0.0,0.0,-0.0007703412865342657,-0.0006686124781621166,-0.9999899617329016,0.0043630224714684964,0,0,0,,0.5452573299407959,-0.03698691725730896,0.0,False,False,2,False
90.800216332,1747,90,800216332,map,6.645529747009277,-1.4209938049316406,1.9524433612823486,0.00021629333787132055,0.0,0.0,0.0,-0.0008049476640155113,-0.00016504763065251419,-0.9999897142854968,0.004460509135566462,0,0,0,,0.6010799407958984,0.029150962829589844,0.0,False,False,2,False
90.800216332,1748,90,850216332,map,6.606611251831055,0.7768917083740234,0.793340802192688,-5.397796485340223e-05,0.0,0.0,0.0,-0.000792507667204443,0.00045881130746204426,-0.9999924943198443,0.003764668346351112,0,0,0,,0.5540170669555664,0.023421108722686768,0.0,False,False,2,False
90.900216333,1749,90,900216333,map,6.677857398986816,-1.4183616638183594,-1.4809465408325195,-9.346007573185489e-06,0.0,0.0,0.0,-0.0008313782292188051,8.847278811969462e-05,-0.9999936751665051,0.0034569654022303343,0,0,0,,0.5491628646850586,-0.020291119813919067,0.0,False,False,2,False
90.950216334,1750,90,950216334,map,6.638702869415283,0.7764434814453125,1.3379067182540894,-3.9291378925554454e-05,0.0,0.0,0.0,-0.0008125282231620131,0.00029406005246330823,-0.9999944384372965,0.0032212452635702635,0,0,0,,0.5914353132247925,0.023397386074066162,0.0,False,False,2,False
91.000216335,1751,91,216335,map,6.713640213012695,-1.49871826171875,-0.09690622985363007,-2.8038026357535273e-05,0.0,0.0,0.0,-0.0008545265388007299,0.00038463431231828464,-0.9999966627335162,0.0024075636378694198,0,0,0,,0.5740789175033569,0.0061882734298706055,0.0,False,False,2,False
91.050216335,1752,91,50216335,map,6.678552627563477,0.7021999359130859,0.44867101311683655,3.24249267578125e-05,0.0,0.0,0.0,-0.000843678172629519,0.0004716928050130067,-0.999997843035839,0.0018383788260301732,0,0,0,,0.5728058815002441,0.014102578163146973,0.0,False,False,2,False
91.050216335,1753,91,100216336,map,6.752437591552734,-1.4780426025390625,-0.1687222123146057,-4.76837158203125e-06,0.0,0.0,0.0,-0.0008851238441513042,0.0003873477888082946,-0.9999989683557159,0.001062922845165876,0,0,0,,0.546079158782959,0.0037390589714050293,0.0,False,False,2,False
91.150216337,1754,91,150216337,map,6.713652610778809,0.7762432098388672,-0.6158894300460815,-1.7547608877066523e-05,0.0,0.0,0.0,-0.000859990165602367,6.318167101454458e-05,-0.9999989515249466,0.0011633460359788338,0,0,0,,0.5331833362579346,-0.009024083614349365,0.0,False,False,2,False
91.150216337,1755,91,200216338,map,6.780062198638916,-1.3247394561767578,1.485669493675232,9.34600848268019e-06,0.0,0.0,0.0,-0.0008731025519246362,0.0004234342523610814,-0.9999994798944841,0.0003140161285914137,0,0,0,,0.5536279678344727,0.029244959354400635,0.0,False,False,2,False
91.250216338,1756,91,250216338,map,6.73563814163208,0.8843898773193359,-0.9594478607177734,3.967285010730848e-05,0.0,0.0,0.0,-0.0008238057545703003,0.0002409814078829535,-0.999999630764578,4.1746223732407e-05,0,0,0,,0.49713802337646484,-0.00905388593673706,0.0,False,False,2,False
91.250216338,1757,91,300216339,map,6.794116497039795,-1.166830062866211,0.7694634795188904,2.28881845032447e-06,0.0,0.0,0.0,0.0008141201729899029,-0.0003203499371319743,0.9999994252708257,0.0006197114490668587,0,0,0,,0.5223081111907959,0.01593959331512451,0.0,False,False,2,False
91.300216339,1758,91,350216340,map,6.742218494415283,1.0469818115234375,0.9147634506225586,-2.288818359375e-05,0.0,0.0,0.0,0.0007416358096021985,-0.0006626919801067084,0.999998276261581,0.0015678933421143465,0,0,0,,0.5170685052871704,0.025751173496246338,0.0,False,False,2,False
91.400216341,1759,91,400216341,map,6.793222904205322,-1.028738021850586,-0.8582062125205994,0.0001012802094919607,0.0,0.0,0.0,0.0007195197935744403,-0.00040839787889644376,0.9999967596668968,0.0024075211620241148,0,0,0,,0.46188151836395264,-0.005998402833938599,0.0,False,False,2,False
91.450216341,1760,91,450216341,map,6.731014728546143,1.248779296875,0.5209010243415833,-4.348754737293348e-05,0.0,0.0,0.0,0.0006314540533793474,-0.00036341908820771357,0.9999958476845975,0.0027881545703006246,0,0,0,,0.4819570779800415,0.012559235095977783,0.0,False,False,2,False
91.500216342,1761,91,500216342,map,6.771646499633789,-0.8054256439208984,0.5676984786987305,3.585815284168348e-05,0.0,0.0,0.0,0.000588489878618366,-0.0005261043185618408,0.9999923343542735,0.0038351175470164056,0,0,0,,0.46872520446777344,0.017685294151306152,0.0,False,False,2,False
91.500216342,1762,91,550216343,map,6.699865818023682,1.4336204528808594,-0.14852315187454224,-2.4414061044808477e-05,0.0,0.0,0.0,0.0004890702835554949,-0.0004676965071249097,0.9999899119573925,0.0044405015123695265,0,0,0,,0.43705153465270996,0.0059288740158081055,0.0,False,False,2,False
91.600216343,1763,91,600216343,map,6.728199005126953,-0.5696773529052734,-0.22796064615249634,7.305145118152723e-05,0.0,0.0,0.0,0.0004354895274568641,-0.0002695791265559236,0.9999871726832192,0.0050390619154373414,0,0,0,,0.4095960855484009,0.00033086538314819336,0.0,False,False,2,False
91.650216344,1764,91,650216344,map,6.641430377960205,1.7447280883789062,0.6280943751335144,-1.3542176020564511e-05,0.0,0.0,0.0,0.00031556744453305473,-0.0003676496761189227,0.9999849252220893,0.005469422225072777,0,0,0,,0.4081071615219116,0.015938162803649902,0.0,False,False,2,False
91.700216345,1765,91,700216345,map,6.656712055206299,-0.2916717529296875,0.7113714218139648,-9.460448200115934e-05,0.0,0.0,0.0,0.00024056278039137212,-0.0006234743905711596,0.9999773094862249,0.006703276954116719,0,0,0,,0.38924098014831543,0.022495567798614502,0.0,False,False,2,False
91.750216346,1766,91,750216346,map,6.553008556365967,2.150135040283203,2.375760078430176,-0.0002914428769145161,0.0,0.0,0.0,9.079243339971224e-05,-0.0014296471405817047,0.9999596103334103,0.008872742960409612,0,0,0,,0.38983821868896484,0.0667957067489624,0.0,False,False,2,False
91.800216346,1767,91,800216346,map,6.5467352867126465,0.03444671630859375,-3.161465644836426,0.0003881454176735133,0.0,0.0,0.0,2.150052261500579e-06,-0.0005976657897019042,0.9999481525739492,0.010165380215570223,0,0,0,,0.22356081008911133,-0.05143061280250549,0.0,False,False,2,False
91.850216347,1768,91,850216347,map,6.413590908050537,2.761993408203125,3.296535015106201,2.0790103008039296e-05,0.0,0.0,0.0,-0.00018272376683554797,-0.0008001858606949443,0.9999393769260289,0.010980381933172583,0,0,0,,0.3346250057220459,0.20050644874572754,0.0,False,False,2,False
91.900216348,1769,91,900216348,map,6.399440765380859,0.24399757385253906,-1.0076969861984253,-0.0002178192080464214,0.0,0.0,0.0,-0.00030828836942967705,-0.0010072425105737283,0.9999133264672694,0.013123641795105502,0,0,0,,0.3750714063644409,-0.00633886456489563,0.0,False,False,2,False
91.950216349,1770,91,950216349,map,6.266453742980957,2.7224349975585938,1.466057300567627,2.1362306142691523e-05,0.0,0.0,0.0,-0.00045714908613635896,-0.0011760537730673717,0.9998890604831053,0.014841652146872731,0,0,0,,0.2031705379486084,0.044219255447387695,0.0,False,False,2,False
92.000216349,1771,92,216349,map,6.239678859710693,0.6032752990722656,1.2717807292938232,-0.00022735593665856868,0.0,0.0,0.0,-0.0005549576710816973,-0.0015707469923533432,0.9998421342621594,0.017689865176403096,0,0,0,,0.4825096130371094,0.05145758390426636,0.0,False,False,2,False
92.05021635,1772,92,50216350,map,6.094035625457764,3.262615203857422,4.438441276550293,-0.0009223937522619963,0.0,0.0,0.0,-0.0007327773654025463,-0.0028529717793282397,0.9997509219388288,0.02212278625809332,0,0,0,,0.8020305633544922,0.17500895261764526,0.0,False,False,2,False
92.100216351,1773,92,100216351,map,6.121078014373779,-0.3323554992675781,2.027428150177002,-0.0015262605156749487,0.0,0.0,0.0,-0.0007452414461531992,-0.003910340353448316,0.9995727207203662,0.0289573798053597,0,0,0,,0.8516268730163574,0.11220157146453857,0.0,False,False,2,False
92.100216351,1774,92,150216352,map,6.061001777648926,1.7244625091552734,3.9545392990112305,-0.0006971359835006297,0.0,0.0,0.0,-0.000680559814305755,-0.00491548386321199,0.9993093522956176,0.03682652944879414,0,0,0,,0.9006023406982422,0.1651536226272583,0.0,False,False,2,False
92.200216352,1775,92,200216352,map,6.168533802032471,-1.5764141082763672,3.7283289432525635,-0.0007698056288063526,0.0,0.0,0.0,-0.0004314905429104348,-0.005832892475883013,0.9988946245880801,0.046640327510798975,0,0,0,,0.9179903268814087,0.1690155267715454,0.0,False,False,2,False
92.200216352,1776,92,250216353,map,6.191212177276611,0.3220653533935547,4.065978527069092,-0.0002889634924940765,0.0,0.0,0.0,-0.000156584849492544,-0.006634502060513404,0.9983299454895093,0.05738709613238459,0,0,0,,0.9188539981842041,0.18683278560638428,0.0,False,False,2,False
92.300216354,1777,92,300216354,map,6.378756523132324,-3.0980491638183594,3.365306854248047,0.0010726929176598787,0.0,0.0,0.0,0.00028400943345280164,-0.006941324854821575,0.9975983590604731,0.06891481225217794,0,0,0,,0.9175460338592529,0.1687765121459961,0.0,False,False,2,False
92.350216355,1778,92,350216355,map,6.474050521850586,-0.9710407257080078,4.018704891204834,0.0008569716010242701,0.0,0.0,0.0,0.0006777834408005169,-0.0072618545638198475,0.9967157220106141,0.08065094900099842,0,0,0,,0.920025110244751,0.18166232109069824,0.0,False,False,2,False
92.400216355,1779,92,400216355,map,6.723771572113037,-3.5946273803710938,5.678095817565918,-0.0011270522372797132,0.0,0.0,0.0,0.0010702305747400894,-0.008019150874377488,0.9955564608834673,0.09381834052548553,0,0,0,,0.9355807304382324,0.2072705626487732,0.0,False,False,2,False
92.450216356,1780,92,450216356,map,6.873250484466553,-0.9032821655273438,6.9061970710754395,-0.003551673609763384,0.0,0.0,0.0,0.0012593007846090885,-0.009380121127642872,0.9939814388341849,0.10913902483661736,0,0,0,,0.9422750473022461,0.25333940982818604,0.0,False,False,2,False
92.500216357,1781,92,500216357,map,7.142891883850098,-3.292694091796875,6.634407043457031,-0.0023757934104651213,0.0,0.0,0.0,0.001400776196659496,-0.010537502611966879,0.9919288235522826,0.12634954638198864,0,0,0,,0.9343626499176025,0.24628281593322754,0.0,False,False,2,False
92.500216357,1782,92,550216358,map,7.31166410446167,-1.4829444885253906,5.294380187988281,0.001817893935367465,0.0,0.0,0.0,0.0014673432230545174,-0.010983491026864484,0.9895248010666852,0.14393706229691378,0,0,0,,0.9089653491973877,0.22462284564971924,0.0,False,False,2,False
92.600216358,1783,92,600216358,map,7.565382480621338,-2.636547088623047,6.546769142150879,0.002536964137107134,0.0,0.0,0.0,0.0014541608553826618,-0.011342758823764182,0.9867701679005528,0.1617215600344845,0,0,0,,0.9263267517089844,0.23041033744812012,0.0,False,False,2,False
92.650216359,1784,92,650216359,map,7.714176177978516,0.12696266174316406,7.006678581237793,-0.0004240032285451889,0.0,0.0,0.0,0.0011671684869100753,-0.012066179767343069,0.9835141370900319,0.18042446388335265,0,0,0,,0.9177498817443848,0.2527174949645996,0.0,False,False,2,False
92.650216359,1785,92,700216360,map,7.950644493103027,-1.5637779235839844,7.059650421142578,-7.762922905385494e-05,0.0,0.0,0.0,0.000863261184595729,-0.012638300670580926,0.9797831149181787,0.19966115259989467,0,0,0,,0.9089250564575195,0.24043411016464233,0.0,False,False,2,False
92.750216361,1786,92,750216361,map,8.102057456970215,0.68023681640625,7.1184587478637695,-0.00013427750673145056,0.0,0.0,0.0,0.0004311979986522875,-0.013244517954938199,0.9755407409319173,0.21941891348384934,0,0,0,,0.914026141166687,0.2510976791381836,0.0,False,False,2,False
92.750216361,1787,92,800216361,map,8.30300521850586,0.9397697448730469,8.813066482543945,-0.0030570984818041325,0.0,0.0,0.0,-0.0001968946860392046,-0.014300126156846631,0.9705625217023661,0.24042433132094743,0,0,0,,0.9250001907348633,0.28509706258773804,0.0,False,False,2,False
92.850216362,1788,92,850216362,map,8.408166885375977,4.463863372802734,9.655065536499023,-0.007527732290327549,0.0,0.0,0.0,-0.0012559258255994128,-0.0160535481755025,0.9644259391694567,0.2638623013967862,0,0,0,,0.8891371488571167,0.3610909581184387,0.0,False,False,2,False
92.850216362,1789,92,900216363,map,8.60462760925293,2.060995101928711,8.70814323425293,-0.003832625225186348,0.0,0.0,0.0,-0.002204209608376155,-0.017274290153648356,0.9572378863837349,0.28877736966613216,0,0,0,,0.8953750133514404,0.30971455574035645,0.0,False,False,2,False
92.900216363,1790,92,950216364,map,8.70430850982666,6.302404403686523,9.795503616333008,-0.002556801773607731,0.0,0.0,0.0,-0.003416329437489082,-0.01871369374141083,0.9488173224843212,0.3152519863750443,0,0,0,,0.8998595476150513,0.4016191363334656,0.0,False,False,2,False
92.950216364,1791,93,216364,map,8.839200019836426,6.6481781005859375,10.047378540039062,-0.007787132635712624,0.0,0.0,0.0,-0.004948397088411717,-0.020434649508114335,0.9386810970759579,0.3441449352496883,0,0,0,,0.907346248626709,0.40627187490463257,0.0,False,False,2,False
93.050216365,1792,93,50216365,map,8.977669715881348,6.491355895996094,9.041757583618164,0.00023002736270427704,0.0,0.0,0.0,-0.006281287437838032,-0.021483720851710113,0.9271378025207825,0.37405145408542867,0,0,0,,0.9284837245941162,0.3808947801589966,0.0,False,False,2,False
93.100216366,1793,93,100216366,map,9.104924201965332,8.824615478515625,9.600543975830078,0.0006425846368074417,0.0,0.0,0.0,-0.007763695437479066,-0.022562880191290064,0.9140302868747013,0.4049435468634838,0,0,0,,0.9522275924682617,0.4318384528160095,0.0,False,False,2,False
93.150216367,1794,93,150216367,map,9.200570106506348,10.862855911254883,9.026470184326172,-0.005337141919881105,0.0,0.0,0.0,-0.00959999571773786,-0.023853688924195027,0.8988628413217296,0.4374750668300469,0,0,0,,0.9609167575836182,0.4682375192642212,0.0,False,False,2,False
93.200216367,1795,93,200216367,map,9.346905708312988,10.174055099487305,8.655881881713867,-0.0004989630542695522,0.0,0.0,0.0,-0.011288527053909274,-0.024698758079587164,0.8818438333928412,0.47075895531927797,0,0,0,,0.9851489067077637,0.4402652978897095,0.0,False,False,2,False
93.250216368,1796,93,250216368,map,9.473325729370117,11.936588287353516,7.966270446777344,0.00223617535084486,0.0,0.0,0.0,-0.012983373323450505,-0.025348643861099824,0.862996275921042,0.5044068853792142,0,0,0,,0.9744479656219482,0.4610259532928467,0.0,False,False,2,False
93.300216369,1797,93,300216369,map,9.594758987426758,13.15361499786377,7.152214050292969,-0.00013828277587890625,0.0,0.0,0.0,-0.014815015501897674,-0.02593093348994098,0.8421519735828917,0.5384126255897601,0,0,0,,0.9399888515472412,0.4764769673347473,0.0,False,False,2,False
93.35021637,1798,93,350216370,map,9.733013153076172,13.094010353088379,6.335468292236328,0.002995873801410198,0.0,0.0,0.0,-0.016506324970073386,-0.026156682400258726,0.8195366332745152,0.5721914678871637,0,0,0,,0.9168072938919067,0.4538644552230835,0.0,False,False,2,False
93.40021637,1799,93,400216370,map,9.858413696289062,14.067008972167969,5.179786682128906,0.0046623218804597855,0.0,0.0,0.0,-0.01814092828319439,-0.026151287892102866,0.7953159054548289,0.6053590896262929,0,0,0,,0.8810586929321289,0.4554498791694641,0.0,False,False,2,False
93.40021637,1800,93,450216371,map,9.975807189941406,14.610712051391602,3.9650917053222656,0.0037599564529955387,0.0,0.0,0.0,-0.019759185621799413,-0.025964718127201015,0.7695698392726626,0.6377285241213432,0,0,0,,0.8752328157424927,0.44947636127471924,0.0,False,False,2,False
93.500216372,1801,93,500216372,map,9.936713218688965,12.465631484985352,-0.2778434753417969,0.016366958618164062,0.0,0.0,0.0,-0.02082608877267454,-0.024736430009818306,0.7434651285648703,0.6679925041980809,0,0,0,,0.8859269618988037,0.3808807134628296,0.0,False,False,2,False
93.550216373,1802,93,550216373,map,9.912079811096191,7.922152519226074,-0.5780982971191406,0.037709616124629974,0.0,0.0,0.0,-0.020499988668028407,-0.022016040925376568,0.7193071540858084,0.6940405337496924,0,0,0,,0.9323652982711792,0.22221970558166504,0.0,False,False,0,False
93.600216373,1803,93,600216373,map,10.201702117919922,4.507181644439697,5.610446929931641,0.0478425957262516,0.0,0.0,0.0,-0.018015031648413244,-0.018576984802843283,0.7000350989014111,0.7136394149543823,0,0,0,,0.9565516710281372,0.11270558834075928,0.0,False,False,0,False
93.650216374,1804,93,650216374,map,10.616035461425781,2.313789129257202,8.169059753417969,0.024140169844031334,0.0,0.0,0.0,-0.013985739087514102,-0.015707022554486805,0.686801163092665,0.7265410180569376,0,0,0,,0.9370806217193604,0.028071820735931396,0.0,False,False,3,False
93.700216375,1805,93,700216375,map,10.970526695251465,0.48067569732666016,7.07366943359375,-0.0006793998181819916,0.0,0.0,0.0,-0.009568002559578574,-0.012987149036337782,0.6797553325514337,0.7332615325753953,0,0,0,,0.923529863357544,-0.025620490312576294,0.0,False,False,3,False
93.700216375,1806,93,750216376,map,11.280255317687988,-0.5033600330352783,6.235237121582031,-0.020090099424123764,0.0,0.0,0.0,-0.005578843790588532,-0.01048177528290593,0.6776991259143547,0.7352434315407371,0,0,0,,0.9253147840499878,-0.05563262104988098,0.0,False,False,3,False
93.800216376,1807,93,800216376,map,11.555892944335938,-1.4916205406188965,5.600109100341797,-0.0271759033203125,0.0,0.0,0.0,-0.0022219381148523127,-0.0081586474377137,0.6792624564971911,0.7338467242254357,0,0,0,,0.9294220209121704,-0.07411369681358337,0.0,False,False,3,False
93.800216376,1808,93,850216377,map,11.808817863464355,-1.6385561227798462,5.138053894042969,-0.02590160444378853,0.0,0.0,0.0,0.00035678043610036384,-0.006160650106806064,0.6829975973332171,0.7303945516876714,0,0,0,,0.928804874420166,-0.07216596603393555,0.0,False,False,3,False
93.900216378,1809,93,900216378,map,12.041875839233398,-2.141366481781006,4.742431640625,-0.01983337290585041,0.0,0.0,0.0,0.0022928353704002617,-0.004444665631642742,0.6878487863369004,0.7258367826090382,0,0,0,,0.9240938425064087,-0.0712718665599823,0.0,False,False,3,False
93.900216378,1810,93,950216379,map,12.259580612182617,-2.3195242881774902,4.41741943359375,-0.012767981737852097,0.0,0.0,0.0,0.0036993431857653756,-0.0030071034455790044,0.6931389653578772,0.7207882122312164,0,0,0,,0.9206514358520508,-0.06505677103996277,0.0,False,False,3,False
94.000216379,1811,94,216379,map,12.464688301086426,-2.4706215858459473,4.143428802490234,-0.006729507818818092,0.0,0.0,0.0,0.004685747521415496,-0.0018358343756479391,0.6984340530356056,0.7156567243047238,0,0,0,,0.9172641038894653,-0.05852067470550537,0.0,False,False,3,False
94.05021638,1812,94,50216380,map,12.66103458404541,-2.2190401554107666,3.9422988891601562,-0.0021675112657248974,0.0,0.0,0.0,0.005276703290196744,-0.000984399854418881,0.7033638339042897,0.7108097526868723,0,0,0,,0.9203276634216309,-0.04648163914680481,0.0,False,False,3,False
94.100216381,1813,94,100216381,map,12.85057544708252,-2.0372283458709717,3.7876319885253906,0.0007875449955463409,0.0,0.0,0.0,0.005555324288788717,-0.00042764857563966537,0.7076834367417173,0.7065076849194025,0,0,0,,0.9222538471221924,-0.036014825105667114,0.0,False,False,3,False
94.150216381,1814,94,150216381,map,13.035459518432617,-1.635801911354065,3.6836814880371094,0.0023088445886969566,0.0,0.0,0.0,0.005568660095916308,-0.0001564482605015908,0.7112232398209526,0.7029441433622347,0,0,0,,0.9253489971160889,-0.023637980222702026,0.0,False,False,3,False
94.150216381,1815,94,200216382,map,13.217016220092773,-1.2617161273956299,3.6137771606445312,0.0028400425799191,0.0,0.0,0.0,0.005379736163925003,-0.00012823037298276534,0.7138933571660756,0.7002337585334827,0,0,0,,0.9311556816101074,-0.01287156343460083,0.0,False,False,3,False
94.250216383,1816,94,250216383,map,13.39669418334961,-0.35569071769714355,3.5880470275878906,0.0028360364958643913,0.0,0.0,0.0,0.004930491149365756,-0.00041284204977945884,0.7154942630490758,0.6986010874328266,0,0,0,,0.9386403560638428,0.004620611667633057,0.0,False,False,3,False
94.250216383,1817,94,300216384,map,13.575172424316406,-0.9921184182167053,3.5512161254882812,0.0017435071058571339,0.0,0.0,0.0,0.004581292957636079,-0.0006402804269420685,0.7163916166281039,0.6976830608670266,0,0,0,,0.9400267601013184,-0.0021545588970184326,0.0,False,False,3,False
94.350216384,1818,94,350216384,map,13.753350257873535,-0.39901793003082275,3.5558128356933594,0.0009721756214275956,0.0,0.0,0.0,0.00423159481991594,-0.0009064558683349105,0.7167963614382371,0.6972691361102563,0,0,0,,0.9441045522689819,0.005007445812225342,0.0,False,False,3,False
94.350216384,1819,94,400216385,map,13.931474685668945,-0.23624777793884277,3.5580825805664062,0.00048770903958939016,0.0,0.0,0.0,0.0038673093030750887,-0.0012185296859596015,0.7167761748206909,0.6972915274930401,0,0,0,,0.9465881586074829,0.0067231059074401855,0.0,False,False,3,False
94.400216385,1820,94,450216386,map,14.109476089477539,0.39527058601379395,3.569488525390625,0.00023593904916197062,0.0,0.0,0.0,0.003413944074452819,-0.0016446617492127627,0.7162842096400872,0.6977983742413439,0,0,0,,0.9490303993225098,0.01504659652709961,0.0,False,False,3,False
94.500216387,1821,94,500216387,map,14.28746223449707,0.7777661085128784,3.5755157470703125,-5.378722562454641e-05,0.0,0.0,0.0,0.0028942980287080394,-0.0021535307293457863,0.7152693174528366,0.6988396016646968,0,0,0,,0.9506675004959106,0.02046358585357666,0.0,False,False,3,False
94.500216387,1822,94,550216387,map,14.465841293334961,0.9281390905380249,3.5831260681152344,-0.00034236907958984375,0.0,0.0,0.0,0.002400228708608259,-0.002645374719726279,0.713832183325182,0.7003076859095168,0,0,0,,0.95329749584198,0.02173835039138794,0.0,False,False,3,False
94.600216388,1823,94,600216388,map,14.644538879394531,1.1674890518188477,3.588733673095703,-0.00046253204345703125,0.0,0.0,0.0,0.0019454989820128672,-0.003101520000962109,0.712077103489784,0.7020917278340445,0,0,0,,0.9549404382705688,0.02348250150680542,0.0,False,False,3,False
94.650216389,1824,94,650216389,map,14.82361888885498,1.3675034046173096,3.5926246643066406,-0.00041007992695085704,0.0,0.0,0.0,0.0015280829109244145,-0.0035206114500350733,0.7100755077813882,0.704115078312231,0,0,0,,0.9571691751480103,0.02450352907180786,0.0,False,False,3,False
94.70021639,1825,94,700216390,map,15.003645896911621,1.2592673301696777,3.6049652099609375,-0.00029563906718976796,0.0,0.0,0.0,0.0012165141927301618,-0.003834399565421455,0.7079974940755425,0.7062034875699381,0,0,0,,0.9586803913116455,0.020577311515808105,0.0,False,False,3,False
94.75021639,1826,94,750216390,map,15.184364318847656,1.1763484477996826,3.6136627197265625,1.4114411897026002e-05,0.0,0.0,0.0,0.001024562241282391,-0.004029413304666586,0.7060221911910728,0.7081775057472456,0,0,0,,0.9593309164047241,0.01644444465637207,0.0,False,False,3,False
94.800216391,1827,94,800216391,map,15.365632057189941,1.0421020984649658,3.6209869384765625,8.106231689453125e-05,0.0,0.0,0.0,0.0009422095010830028,-0.004116561130647986,0.7042809281077399,0.7099088254624071,0,0,0,,0.9601449966430664,0.011759579181671143,0.0,False,False,3,False
94.800216391,1828,94,850216392,map,15.547355651855469,0.7436108589172363,3.629322052001953,0.0003450393269304186,0.0,0.0,0.0,0.0009883833051702504,-0.004077989527128957,0.7029166007825985,0.711259900067546,0,0,0,,0.959928035736084,0.005006730556488037,0.0,False,False,3,False
94.850216392,1829,94,900216393,map,15.729166030883789,0.310119092464447,3.6336517333984375,0.0003946304495912045,0.0,0.0,0.0,0.001186083233025293,-0.0038910929142976615,0.7020925566119199,0.7120740793994924,0,0,0,,0.9592416286468506,-0.003443688154220581,0.0,False,False,3,False
94.950216393,1830,94,950216393,map,15.791951179504395,0.02801358699798584,1.2554931640625,0.00046920773456804454,0.0,0.0,0.0,0.001348971596869463,-0.0034840342442291933,0.701856651162496,0.7123084184536793,0,0,0,,0.9585951566696167,-0.0086345374584198,0.0,False,False,3,False
95.000216394,1831,95,216394,map,15.779441833496094,-0.13581275939941406,-0.24898529052734375,0.00092144007794559,0.0,0.0,0.0,0.001250548590800153,-0.002773717315958609,0.7021109435696186,0.7120610686874078,0,0,0,,0.9577813148498535,-0.010790616273880005,0.0,False,False,0,False
95.000216394,1832,95,50216395,map,15.895822525024414,-0.280105322599411,2.33001708984375,0.00042495725210756063,0.0,0.0,0.0,0.0012266435944389689,-0.0021433989542729405,0.7027378365705248,0.711444610801567,0,0,0,,0.9572222232818604,-0.012115001678466797,0.0,False,False,0,False
95.050216395,1833,95,100216396,map,16.18299674987793,-0.631141185760498,5.747871398925781,-0.0009241103543899953,0.0,0.0,0.0,0.0018054910619184977,-0.0020282596798907922,0.7037282836677206,0.7104640238117483,0,0,0,,0.9563894271850586,-0.016231268644332886,0.0,False,False,4,False
95.150216396,1834,95,150216396,map,16.435823440551758,-0.8923472166061401,5.0604248046875,-0.0012683868408203125,0.0,0.0,0.0,0.00254668220365278,-0.002021460814565667,0.7050529078535721,0.7091472521508851,0,0,0,,0.9529721736907959,-0.01844179630279541,0.0,False,False,4,False
95.200216397,1835,95,200216397,map,16.662221908569336,-0.9245188236236572,4.5293426513671875,-0.0009805678855627775,0.0,0.0,0.0,0.0031629916031547865,-0.001978117279440969,0.706572027832285,0.7076312966659402,0,0,0,,0.9506564140319824,-0.01665833592414856,0.0,False,False,4,False
95.250216398,1836,95,250216398,map,16.86850929260254,-0.48677030205726624,4.1254425048828125,-0.0002662658516783267,0.0,0.0,0.0,0.0034747437522305545,-0.001987874238721203,0.7079558068717426,0.7062453893856208,0,0,0,,0.9468244314193726,-0.006965696811676025,0.0,False,False,4,False
95.300216399,1837,95,300216399,map,17.058427810668945,-0.6944440603256226,3.7967300415039062,0.00021877291146665812,0.0,0.0,0.0,0.0036168946382519477,-0.0019506171294555686,0.7091071082605124,0.7050888044639514,0,0,0,,0.9391539096832275,-0.006767004728317261,0.0,False,False,4,False
95.350216399,1838,95,350216399,map,17.235557556152344,-0.3768940269947052,3.5411453247070312,0.0005495070945471525,0.0,0.0,0.0,0.003591685256681851,-0.00193090301669837,0.709943946982138,0.7042463798657257,0,0,0,,0.9357222318649292,-0.00024330615997314453,0.0,False,False,4,False
95.4002164,1839,95,400216400,map,17.402143478393555,-0.5082708597183228,3.32916259765625,0.0004661559942178428,0.0,0.0,0.0,0.00350405499642462,-0.0018851070324724909,0.7104972674527363,0.7036887102350391,0,0,0,,0.92472243309021,-0.0008681714534759521,0.0,False,False,4,False
95.450216401,1840,95,450216401,map,17.55904197692871,-0.23590430617332458,3.1365585327148438,0.00042896269587799907,0.0,0.0,0.0,0.0033390651120363867,-0.0018715530309492607,0.7107753580511641,0.7034086567001215,0,0,0,,0.9002697467803955,0.0031919479370117188,0.0,False,False,4,False
95.450216401,1841,95,500216402,map,17.703205108642578,1.1526885032653809,2.8888702392578125,0.0004116058407817036,0.0,0.0,0.0,0.0028179674661092825,-0.0021876100172367186,0.7103007856962732,0.7038892436037287,0,0,0,,0.8486218452453613,0.024597883224487305,0.0,False,False,4,False
95.550216402,1842,95,550216402,map,17.83171844482422,2.2141740322113037,2.570343017578125,0.0001239776611328125,0.0,0.0,0.0,0.0019273000704805071,-0.002840341411484928,0.7085929940865032,0.7056090891610095,0,0,0,,0.8246240615844727,0.04281425476074219,0.0,False,False,4,False
95.600216403,1843,95,600216403,map,17.927274703979492,4.766714572906494,1.8648910522460938,-0.0011074065696448088,0.0,0.0,0.0,0.0004023736234869961,-0.004041277642642919,0.7048854688114422,0.7093095107419296,0,0,0,,0.44386565685272217,0.08851736783981323,0.0,False,False,4,False
95.650216404,1844,95,650216404,map,17.985679626464844,3.04185152053833,1.1058425903320312,-0.001846694853156805,0.0,0.0,0.0,-0.0008946292592819064,-0.004871083196299398,0.699814234800625,0.7143077130742737,0,0,0,,0.3835182189941406,0.0562707781791687,0.0,False,False,4,False
95.700216405,1845,95,700216405,map,18.006072998046875,1.599377989768982,0.36487579345703125,0.0005182265886105597,0.0,0.0,0.0,-0.0014883540166565372,-0.004866594932235889,0.6950085849392987,0.7189834267330231,0,0,0,,0.40230000019073486,0.022638142108917236,0.0,False,False,4,False
95.750216405,1846,95,750216405,map,17.998796463012695,0.5966556072235107,-0.1634979248046875,0.0021989820525050163,0.0,0.0,0.0,-0.0015280348677741923,-0.004255924705605976,0.691534089724002,0.7223296719393016,0,0,0,,0.4185529947280884,-0.004974424839019775,0.0,False,False,4,False
95.800216406,1847,95,800216406,map,17.972570419311523,-0.5638778209686279,-0.5078125,0.0023319243919104338,0.0,0.0,0.0,-0.001128826722946144,-0.003236513755134453,0.6900511275059484,0.7237525075305172,0,0,0,,0.430255651473999,-0.032472848892211914,0.0,False,False,4,False
95.850216407,1848,95,850216407,map,17.930177688598633,-2.5611889362335205,-0.7820892333984375,0.0013811108656227589,0.0,0.0,0.0,-0.00018652637843453697,-0.0017511109760670095,0.6911961807523364,0.7226650251199674,0,0,0,,0.4350898265838623,-0.07240888476371765,0.0,False,False,4,False
95.900216408,1849,95,900216408,map,17.88069725036621,-2.388739585876465,-0.9445571899414062,-0.000737380760256201,0.0,0.0,0.0,0.0008086990821497556,-0.0002893531367679938,0.6946587561215057,0.7193389151326928,0,0,0,,0.4117320775985718,-0.06933829188346863,0.0,False,False,4,False
95.950216408,1850,95,950216408,map,17.822328567504883,-2.9751639366149902,-1.1333084106445312,-0.0019977570045739412,0.0,0.0,0.0,0.0017100414919045883,0.001018601803358461,0.6996552957133203,0.714477785091159,0,0,0,,0.38027727603912354,-0.07107856869697571,0.0,False,False,4,False
96.000216409,1851,96,216409,map,17.754819869995117,-2.690882682800293,-1.34063720703125,-0.001994514372199774,0.0,0.0,0.0,0.002367769846511989,0.002045980109166803,0.7053123816136101,0.7088897318863377,0,0,0,,0.300481915473938,-0.05544254183769226,0.0,False,False,4,False
96.05021641,1852,96,50216410,map,17.674148559570312,-2.056434154510498,-1.619873046875,-0.0009092330583371222,0.0,0.0,0.0,0.0026400205283257662,0.002673110658848672,0.7106440453669991,0.7035417013620742,0,0,0,,0.23302054405212402,-0.03200283646583557,0.0,False,False,4,False
96.100216411,1853,96,100216411,map,17.5792293548584,-1.6529014110565186,-1.912384033203125,0.000257873471127823,0.0,0.0,0.0,0.0025979560151802943,0.0029803583034700236,0.7149875129357882,0.6991260433103762,0,0,0,,0.20958077907562256,-0.01281854510307312,0.0,False,False,4,False
96.150216411,1854,96,150216411,map,17.472484588623047,-0.7911592721939087,-2.1445083618164062,0.001095580984838307,0.0,0.0,0.0,0.002238933749425256,0.0029532209436188457,0.7178641052047885,0.6961733922811558,0,0,0,,0.1848742961883545,0.010235965251922607,0.0,False,False,4,False
96.200216412,1855,96,200216412,map,17.355873107910156,-0.8801206946372986,-2.3451614379882812,0.0009325027349404991,0.0,0.0,0.0,0.0018140570183874545,0.0028356661939286042,0.7193237016047146,0.6946668845598312,0,0,0,,0.17127585411071777,0.015148043632507324,0.0,False,False,4,False
96.250216413,1856,96,250216413,map,17.232168197631836,-0.19314706325531006,-2.4774932861328125,0.0005653381813317537,0.0,0.0,0.0,0.0012923056947023782,0.002585877488419242,0.7194969431930622,0.694489590936715,0,0,0,,0.16763436794281006,0.026378631591796875,0.0,False,False,4,False
96.250216413,1857,96,300216414,map,17.103330612182617,0.483013391494751,-2.5694656372070312,0.0004114149487577379,0.0,0.0,0.0,0.0006301800375540141,0.0021533169868803103,0.7184475970149775,0.695577469763418,0,0,0,,0.1596437692642212,0.035285770893096924,0.0,False,False,4,False
96.350216414,1858,96,350216414,map,16.97144317626953,0.686289370059967,-2.6282882690429688,-6.656642653979361e-05,0.0,0.0,0.0,-4.310393925706943e-05,0.0016701963042118873,0.7164775566040917,0.6976081417737225,0,0,0,,0.1640920639038086,0.0343397855758667,0.0,False,False,4,False
96.400216415,1859,96,400216415,map,16.83978843688965,0.5539008975028992,-2.6264190673828125,-0.0004587172588799149,0.0,0.0,0.0,-0.0005782108110540887,0.001286853915517116,0.7141109707391592,0.7000310929874715,0,0,0,,0.19583916664123535,0.025350987911224365,0.0,False,False,4,False
96.450216416,1860,96,450216416,map,16.711708068847656,0.34183651208877563,-2.5579071044921875,-0.0005271912086755037,0.0,0.0,0.0,-0.000916478539873747,0.0010535085975824944,0.711870558114123,0.7023093041367228,0,0,0,,0.22934162616729736,0.013767421245574951,0.0,False,False,4,False
96.500216417,1861,96,500216417,map,16.589229583740234,0.7327339053153992,-2.442626953125,-0.00043163294321857393,0.0,0.0,0.0,-0.0012103305190090579,0.0008091188175101599,0.7099052988551204,0.7042956389785442,0,0,0,,0.2631707191467285,0.012427091598510742,0.0,False,False,4,False
96.500216417,1862,96,550216417,map,16.472763061523438,0.8512376546859741,-2.3231124877929688,-0.000301361083984375,0.0,0.0,0.0,-0.0014832246341446513,0.0005328665554846692,0.7082066020401611,0.7060034878983584,0,0,0,,0.26599395275115967,0.009816646575927734,0.0,False,False,4,False
96.600216418,1863,96,600216418,map,16.362693786621094,0.6683104038238525,-2.198028564453125,-0.0001300811709370464,0.0,0.0,0.0,-0.0016510323206587413,0.00031996255342354985,0.7068609173516401,0.7073505603567715,0,0,0,,0.30743610858917236,0.004010140895843506,0.0,False,False,4,False
96.650216419,1864,96,650216419,map,16.260149002075195,0.6551039814949036,-2.0488739013671875,-6.351470801746473e-05,0.0,0.0,0.0,-0.001727713254509879,0.0001608095588847097,0.7058858179228295,0.7083235145063407,0,0,0,,0.32477903366088867,0.001679539680480957,0.0,False,False,4,False
96.650216419,1865,96,700216419,map,16.165081024169922,0.2918204963207245,-1.9008636474609375,7.877348980400711e-05,0.0,0.0,0.0,-0.0016644149310534784,0.00011147991279283355,0.7053429084529718,0.7088643020989766,0,0,0,,0.35094940662384033,-0.004699200391769409,0.0,False,False,4,False
96.75021642,1866,96,750216420,map,16.077342987060547,0.6038053631782532,-1.754608154296875,9.384155418956652e-05,0.0,0.0,0.0,-0.0016079374130433335,3.309106150853466e-05,0.7050630386064972,0.7091428100412713,0,0,0,,0.36686885356903076,-0.0001475811004638672,0.0,False,False,4,False
96.800216421,1867,96,800216421,map,15.995723724365234,0.12402568012475967,-1.6324806213378906,1.602172778802924e-05,0.0,0.0,0.0,-0.0014589549458091996,3.478085070352118e-05,0.7050300814132684,0.7091758981685423,0,0,0,,0.3664267063140869,-0.005827158689498901,0.0,False,False,4,False
96.850216422,1868,96,850216422,map,15.918473243713379,0.038423240184783936,-1.5450668334960938,0.00012569426326081157,0.0,0.0,0.0,-0.0012478690756430615,9.929399213874613e-05,0.7052501154429153,0.7089574794239976,0,0,0,,0.3682762384414673,-0.006441622972488403,0.0,False,False,4,False
96.850216422,1869,96,900216422,map,15.844076156616211,0.00022180378437042236,-1.4879417419433594,8.392335075768642e-06,0.0,0.0,0.0,-0.0010395387437047716,0.00017282323185800757,0.7056220001565707,0.7085876673964707,0,0,0,,0.35957396030426025,-0.005649000406265259,0.0,False,False,4,False
96.950216423,1870,96,950216423,map,15.770125389099121,0.11084206402301788,-1.4791679382324219,-3.395080057089217e-05,0.0,0.0,0.0,-0.0008922726091102315,0.0002081616507411011,0.7059949215596348,0.7082163025872275,0,0,0,,0.332827091217041,-0.0021908581256866455,0.0,False,False,4,False
96.950216423,1871,97,216424,map,15.693693161010742,0.3117443919181824,-1.5292739868164062,-2.0408633645274676e-05,0.0,0.0,0.0,-0.0008472169911909072,0.00017587966261456254,0.7061936023384024,0.7080182535118883,0,0,0,,0.29964351654052734,0.002993941307067871,0.0,False,False,4,False
97.050216425,1872,97,50216425,map,15.610945701599121,0.4494933784008026,-1.6564369201660156,-9.212493750965223e-05,0.0,0.0,0.0,-0.0008941707740928424,9.900671732433319e-05,0.706106310162064,0.7081052671782717,0,0,0,,0.23065412044525146,0.007198929786682129,0.0,False,False,4,False
97.100216425,1873,97,100216425,map,15.517666816711426,0.0352778285741806,-1.8657302856445312,-6.12258882028982e-05,0.0,0.0,0.0,-0.0008891709496335731,0.0001357741376028154,0.7059032689482894,0.7083076773751112,0,0,0,,0.1603085994720459,0.0020064115524291992,0.0,False,False,4,False
97.150216426,1874,97,150216426,map,15.413108825683594,0.022445768117904663,-2.0912742614746094,2.2697449821862392e-05,0.0,0.0,0.0,-0.000866710635079678,0.00025424758472293834,0.7057211816676101,0.7084890951288613,0,0,0,,0.13880467414855957,0.0010287761688232422,0.0,False,False,4,False
97.200216427,1875,97,200216427,map,15.299112319946289,-0.34467369318008423,-2.2786712646484375,4.005432492704131e-05,0.0,0.0,0.0,-0.000784319084144424,0.00048059961351555765,0.7057192246473527,0.7084910231123079,0,0,0,,0.11055588722229004,-0.005385696887969971,0.0,False,False,4,False
97.250216428,1876,97,250216428,map,15.248701095581055,-0.16022004187107086,-1.0077667236328125,1.2207030522404239e-05,0.0,0.0,0.0,-0.0006601092367174128,0.0006129775332386744,0.7058798613944137,0.7083310029866987,0,0,0,,0.11636459827423096,-0.0036794841289520264,0.0,False,False,4,False
97.300216428,1877,97,300216428,map,15.236165046691895,-0.518151044845581,-0.24980545043945312,6.408691115211695e-05,0.0,0.0,0.0,-0.00032860194334185524,0.0006175010958261713,0.7062562821404231,0.7079559129284441,0,0,0,,0.09683001041412354,-0.008958280086517334,0.0,False,False,0,False
97.350216429,1878,97,350216429,map,15.079842567443848,-0.2761934995651245,-3.1263160705566406,2.708435022213962e-05,0.0,0.0,0.0,-0.00014645854350673574,0.0006675683151785398,0.7067669017286641,0.7074461672263866,0,0,0,,0.027153730392456055,-0.006190001964569092,0.0,False,False,0,False
97.40021643,1879,97,400216430,map,14.741144180297852,-0.774937629699707,-6.7749786376953125,-0.00037155149038881063,0.0,0.0,0.0,-0.00048036998668033777,0.001349760768906522,0.707473409087294,0.7067385109253244,0,0,0,,0.0038400888442993164,-0.015016704797744751,0.0,False,False,3,False
97.450216431,1880,97,450216431,map,14.43073844909668,-0.18563948571681976,-6.208686828613281,-0.00054759974591434,0.0,0.0,0.0,-0.0010364670562863494,0.002025521527254487,0.708201831896896,0.7060063656203563,0,0,0,,0.019817709922790527,-0.004793882369995117,0.0,False,False,3,False
97.500216431,1881,97,500216431,map,14.142824172973633,0.14534562826156616,-5.757865905761719,-0.0002664566272869706,0.0,0.0,0.0,-0.0016338791624246791,0.002421455760004302,0.7086560038212912,0.7055481097975695,0,0,0,,0.019385695457458496,0.003133416175842285,0.0,False,False,3,False
97.550216432,1882,97,550216432,map,13.872526168823242,-0.4775580167770386,-5.407772064208984,-9.155264706350863e-06,0.0,0.0,0.0,-0.001959498326813362,0.0027573144681664542,0.7090259061714573,0.705174320264837,0,0,0,,0.027136564254760742,-0.005661696195602417,0.0,False,False,3,False
97.600216433,1883,97,600216433,map,13.594624519348145,1.2116186618804932,-5.555076599121094,0.00028820039005950093,0.0,0.0,0.0,-0.002487962404176657,0.0026454926635246295,0.7088349806539228,0.705364998857326,0,0,0,,0.0,0.022795259952545166,0.14539676904678345,False,False,3,False
97.650216434,1884,97,650216434,map,13.288259506225586,3.332242727279663,-6.1472320556640625,-1.5068071661517024e-05,0.0,0.0,0.0,-0.0036123367537611705,0.0018789386313841085,0.7070777327497757,0.7071241054173119,0,0,0,,0.0,0.07079631090164185,0.32373499870300293,False,False,3,False
97.650216434,1885,97,700216434,map,12.96551513671875,2.852936029434204,-6.506938934326172,-0.001165199326351285,0.0,0.0,0.0,-0.004796620572959067,0.0010799752324645636,0.7037082599306375,0.7104720339253127,0,0,0,,0.0,0.0688256025314331,0.3885188698768616,False,False,3,False
97.700216434,1886,97,750216435,map,12.633411407470703,3.477120876312256,-6.752033233642578,-0.0013957977062091231,0.0,0.0,0.0,-0.005898330356758283,0.0003645258436014683,0.6990792902672394,0.7150197359089919,0,0,0,,0.0,0.08244240283966064,0.455302357673645,False,False,3,False
97.750216435,1887,97,800216436,map,12.317333221435547,0.5204612016677856,-6.3470458984375,0.0006111146649345756,0.0,0.0,0.0,-0.006108604114264981,0.0004329084960493605,0.6946504715291575,0.7193213606937644,0,0,0,,0.0,0.028685688972473145,0.41779959201812744,False,False,3,False
97.850216437,1888,97,850216437,map,12.009543418884277,-0.2823835611343384,-6.149387359619141,0.0026554104406386614,0.0,0.0,0.0,-0.005635531500977817,0.0010275606616115662,0.6915958296238218,0.7222619977201664,0,0,0,,0.0,0.001330733299255371,0.4113149642944336,False,False,3,False
97.900216437,1889,97,900216437,map,11.69610595703125,-3.1040401458740234,-6.164302825927734,0.0024923323653638363,0.0,0.0,0.0,-0.004367089889667141,0.0023082865909189155,0.6910511474412318,0.722788981625389,0,0,0,,0.0,-0.06176796555519104,0.4428700804710388,False,False,3,False
97.950216438,1890,97,950216438,map,11.450316429138184,-1.7028981447219849,-4.8741912841796875,4.2724714148789644e-05,0.0,0.0,0.0,-0.0032382670415280505,0.0033277264753783426,0.6925757531959941,0.7213302059030068,0,0,0,,0.0,-0.051479727029800415,0.4213308095932007,False,False,3,False
98.000216439,1891,98,216439,map,11.309632301330566,-3.532013416290283,-2.7635765075683594,-0.00047168738092295825,0.0,0.0,0.0,-0.0017038344057655028,0.0041321466471245915,0.6959824126110126,0.7180449175703137,0,0,0,,0.0,-0.08427110314369202,0.428098201751709,False,False,0,False
98.05021644,1892,98,50216440,map,11.184643745422363,-2.1829161643981934,-2.4959754943847656,-0.0009588240645825863,0.0,0.0,0.0,-0.00046387387404650754,0.004461417792034921,0.7004555905468076,0.7136818942946757,0,0,0,,0.0,-0.0656680166721344,0.4361457824707031,False,False,0,False
98.10021644,1893,98,100216440,map,10.583640098571777,-1.7842937707901,-12.033519744873047,-0.00183696742169559,0.0,0.0,0.0,-0.0004604419664782449,0.0050994972142479455,0.7049440829820003,0.7092444028612591,0,0,0,,0.0,-0.06675165891647339,0.43471360206604004,False,False,2,False
98.150216441,1894,98,150216441,map,10.039626121520996,1.5223188400268555,-10.868034362792969,-0.001142311142757535,0.0,0.0,0.0,-0.0018355818221563113,0.005239910077274811,0.7079814121745923,0.7062092423616576,0,0,0,,0.0,0.016740381717681885,0.4072325825691223,False,False,2,False
98.200216442,1895,98,200216442,map,9.547530174255371,-1.453194499015808,-9.854869842529297,-0.0011508940951898694,0.0,0.0,0.0,-0.0027860519179641703,0.0056318536224371895,0.7100503286099629,0.7041228947991747,0,0,0,,0.0,-0.028944581747055054,0.3355746269226074,False,False,2,False
98.200216442,1896,98,250216443,map,9.099989891052246,0.2945469319820404,-8.947887420654297,-0.0002580642467364669,0.0,0.0,0.0,-0.0035077192891196157,0.005757641719788768,0.7114263064531761,0.7027283656958833,0,0,0,,0.0,0.0013155937194824219,0.30948466062545776,False,False,2,False
98.300216443,1897,98,300216443,map,8.663813591003418,2.1274704933166504,-8.711204528808594,0.0012048720382153988,0.0,0.0,0.0,-0.004503183245978664,0.005176871158640668,0.7113276143200676,0.702827109929164,0,0,0,,0.0,0.04864722490310669,0.44102877378463745,False,False,2,False
98.300216443,1898,98,350216444,map,8.285150527954102,-4.0749006271362305,-7.623119354248047,0.0009275436168536544,0.0,0.0,0.0,-0.004088464117118384,0.005650589239076698,0.7117105823467785,0.7024381839550179,0,0,0,,0.0,-0.1058894693851471,0.05121183395385742,False,False,2,False
98.400216445,1899,98,400216445,map,7.94325065612793,2.5820064544677734,-6.795063018798828,0.0012607574462890625,0.0,0.0,0.0,-0.003977187820837222,0.00545383798009797,0.712533049894296,0.7016060792472207,0,0,0,,0.0,0.07381904125213623,0.3325251340866089,False,False,2,False
98.450216446,1900,98,450216446,map,7.604926586151123,-3.791362762451172,-6.851024627685547,0.0014005660777911544,0.0,0.0,0.0,-0.0035414617835117057,0.00546786994054306,0.7131873237318458,0.7009432228896694,0,0,0,,0.08246147632598877,-0.13661977648735046,0.0,False,False,2,False
98.500216446,1901,98,500216446,map,7.344801425933838,2.6124815940856934,-5.135154724121094,0.0005092620267532766,0.0,0.0,0.0,-0.003328356359449796,0.00507275708023893,0.7143990302078709,0.6997122371501037,0,0,0,,0.0,0.06404775381088257,0.4028663635253906,False,False,2,False
98.550216447,1902,98,550216447,map,6.972481727600098,3.1510024070739746,-7.423133850097656,0.0008069992763921618,0.0,0.0,0.0,-0.004430405581388213,0.0035418108281692687,0.7131278641463062,0.7010110387579995,0,0,0,,0.0,0.07131719589233398,0.40404343605041504,False,False,2,False
98.600216448,1903,98,600216448,map,6.745957851409912,-3.9538002014160156,-4.574108123779297,-0.0006059647421352565,0.0,0.0,0.0,-0.003768841395036326,0.003772977026937675,0.712639763125974,0.7015098919406975,0,0,0,,0.21998417377471924,-0.07477247714996338,0.0,False,False,2,False
98.650216449,1904,98,650216449,map,6.455986976623535,2.748525619506836,-5.7569122314453125,3.700246452353895e-05,0.0,0.0,0.0,-0.0035686108152843715,0.003423280502950717,0.7125567517128703,0.7015970508460323,0,0,0,,0.0,0.05147278308868408,0.3210875988006592,False,False,2,False
98.700216449,1905,98,700216449,map,6.404420375823975,-1.9666690826416016,-1.057443618774414,0.00034542084904387593,0.0,0.0,0.0,-0.0028515035617159585,0.003114959090655481,0.7125018094851658,0.7016575642274979,0,0,0,,0.2004098892211914,-0.03147366642951965,0.0,False,False,2,False
98.75021645,1906,98,750216450,map,6.4115681648254395,1.7944949865341187,0.16798019409179688,0.0005399704677984118,0.0,0.0,0.0,-0.002369033601023366,0.002121622823787381,0.712238092364479,0.701930755973407,0,0,0,,0.0,0.031468749046325684,0.2829216718673706,False,False,0,False
98.75021645,1907,98,800216451,map,6.060698509216309,-1.5138715505599976,-7.038125991821289,-0.0008043290581554174,0.0,0.0,0.0,-0.0018714684105240788,0.0020673465683569143,0.7122812694927548,0.7018886071264758,0,0,0,,0.22983276844024658,-0.03289228677749634,0.0,False,False,0,False
98.850216452,1908,98,850216452,map,5.4437575340271,1.6064977645874023,-12.317924499511719,-0.0026678084395825863,0.0,0.0,0.0,-0.0027766100606876967,0.002559108319418402,0.7120997642655675,0.7020681356778012,0,0,0,,0.0,0.03163808584213257,0.23438632488250732,False,False,1,False
98.900216452,1909,98,900216452,map,5.0139641761779785,-1.665438175201416,-8.623161315917969,-0.0027431489434093237,0.0,0.0,0.0,-0.0032952579353250685,0.0036544719025483076,0.7123330417972293,0.7018243538622467,0,0,0,,0.20339739322662354,-0.037956416606903076,0.0,False,False,1,False
98.950216453,1910,98,950216453,map,4.60256814956665,-0.8973522186279297,-8.25901985168457,-0.06528987735509872,0.0,0.0,0.0,-0.00341468126609931,0.004516554914120346,0.713305290647714,0.700830580823596,0,0,0,,0.3254976272583008,-0.042747169733047485,0.0,False,False,1,False
98.950216453,1911,99,216454,map,4.290842533111572,0.8143249154090881,-6.210927963256836,0.03700847551226616,0.0,0.0,0.0,-0.003658616914998921,0.00455985954611231,0.7140010660452889,0.700120203886004,0,0,0,,0.17258048057556152,-0.007756948471069336,0.0,False,False,1,False
99.050216455,1912,99,50216455,map,4.034144401550293,0.4360447824001312,-5.123786926269531,0.023278236389160156,0.0,0.0,0.0,-0.0037745505062907895,0.004208661170921238,0.7142881736168484,0.6998288683462058,0,0,0,,0.26410889625549316,-0.0029666125774383545,0.0,False,False,1,False
99.050216455,1913,99,100216455,map,3.830857276916504,-0.021573156118392944,-4.067797660827637,0.013290023431181908,0.0,0.0,0.0,-0.00357215136843767,0.0037905492638870926,0.7145183367045753,0.6995973255979515,0,0,0,,0.3113710880279541,-0.008850246667861938,0.0,False,False,1,False
99.150216456,1914,99,150216456,map,3.6729135513305664,0.22449031472206116,-3.153982162475586,0.006308173760771751,0.0,0.0,0.0,-0.0032231523791298225,0.0032700937566109796,0.7146873520302087,0.6994289861191142,0,0,0,,0.3422572612762451,-0.003785043954849243,0.0,False,False,1,False
99.200216457,1915,99,200216457,map,3.5539746284484863,0.05927354097366333,-2.3780393600463867,0.0019054417498409748,0.0,0.0,0.0,-0.0027693407807054676,0.0027315684159656918,0.7148230104699214,0.6992945967103906,0,0,0,,0.40100181102752686,-0.0047480762004852295,0.0,False,False,1,False
99.250216457,1916,99,250216457,map,3.468111038208008,0.043217241764068604,-1.7167282104492188,-0.0008136755786836147,0.0,0.0,0.0,-0.0022698509541526075,0.002207063437490004,0.7149530164089677,0.6991653316457757,0,0,0,,0.4279855489730835,-0.004577606916427612,0.0,False,False,1,False
99.300216458,1917,99,300216458,map,3.4076569080352783,0.6728663444519043,-1.1950206756591797,-0.0021226878743618727,0.0,0.0,0.0,-0.0019241366109816174,0.0015668895933966546,0.7148046284523569,0.699319802163783,0,0,0,,0.451995849609375,0.012836873531341553,0.0,False,False,1,False
99.350216459,1918,99,350216459,map,3.3656387329101562,-0.03618888556957245,-0.8410978317260742,-0.0025238031521439552,0.0,0.0,0.0,-0.0015093331488083973,0.0010894876878096182,0.7146167771064502,0.6995136859333162,0,0,0,,0.45323312282562256,0.0053757429122924805,0.0,False,False,1,False
99.40021646,1919,99,400216460,map,3.3345508575439453,0.046773701906204224,-0.6210517883300781,-0.002365303225815296,0.0,0.0,0.0,-0.0011042835000279725,0.0007310309325523152,0.7144659269408293,0.699668982728482,0,0,0,,0.4490245580673218,0.005389153957366943,0.0,False,False,1,False
99.45021646000001,1920,99,450216460,map,3.310248374938965,0.13928808271884918,-0.48390865325927734,-0.002056884579360485,0.0,0.0,0.0,-0.0007840544667645188,0.00042967954042059654,0.7142814114607354,0.6998580326578708,0,0,0,,0.4542912244796753,0.007986009120941162,0.0,False,False,1,False
99.500216461,1921,99,500216461,map,3.291576862335205,0.001627206802368164,-0.37344932556152344,-0.0014997482066974044,0.0,0.0,0.0,-0.0005098559916591382,0.00021563533334116234,0.714104660803068,0.7000387324767153,0,0,0,,0.46660327911376953,0.0061789751052856445,0.0,False,False,1,False
99.550216462,1922,99,550216462,map,3.278552293777466,0.05526982247829437,-0.2597188949584961,-0.0009979248279705644,0.0,0.0,0.0,-0.00029563574049977335,5.047404424647228e-05,0.71392821421445,0.700218833651628,0,0,0,,0.48201441764831543,0.006918132305145264,0.0,False,False,1,False
99.550216462,1923,99,600216463,map,3.271230459213257,0.6133760809898376,-0.1406717300415039,-0.0006887436029501259,0.0,0.0,0.0,-0.00025891375427054895,-0.00021194080701439932,0.7135043730796725,0.7006506958827242,0,0,0,,0.49954843521118164,0.022467613220214844,0.0,False,False,1,False
99.600216463,1924,99,650216463,map,3.268399715423584,-0.6081088185310364,-0.06232261657714844,-0.00034465789212845266,0.0,0.0,0.0,-2.158123407968006e-05,-0.00021102191577359702,0.7133066011236441,0.7008520869608907,0,0,0,,0.49220991134643555,-0.00035816431045532227,0.0,False,False,1,False
99.650216463,1925,99,700216464,map,3.2674520015716553,0.05236528813838959,-0.018243789672851562,-0.0001605987490620464,0.0,0.0,0.0,0.00014528186333937772,-0.00022904667119171885,0.7131994505269633,0.7009611046262412,0,0,0,,0.4913153648376465,0.004692375659942627,0.0,False,False,1,False
99.750216465,1926,99,750216465,map,3.266554355621338,0.07681086659431458,-0.01698017120361328,-7.34328932594508e-05,0.0,0.0,0.0,0.0002243722506615012,-0.00028784441697884765,0.7130495103763261,0.7011135874840585,0,0,0,,0.4824725389480591,0.006545305252075195,0.0,False,False,1,False
99.800216466,1927,99,800216466,map,3.264166831970215,0.06742343306541443,-0.046977996826171875,4.272460500942543e-05,0.0,0.0,0.0,0.00026095184848580596,-0.00034413476094711723,0.712868531524054,0.7012975618367269,0,0,0,,0.47364938259124756,0.00738292932510376,0.0,False,False,1,False
99.850216466,1928,99,850216466,map,3.261582136154175,-0.05958080291748047,-0.05238056182861328,-4.386929504107684e-06,0.0,0.0,0.0,0.0003049323222276411,-0.0003565311755371229,0.7127217107048432,0.7014467499331375,0,0,0,,0.4888111352920532,0.004609644412994385,0.0,False,False,1,False
99.850216466,1929,99,900216467,map,3.2610409259796143,0.8590166568756104,-0.006203651428222656,0.00012321473332121968,0.0,0.0,0.0,0.00014052035672763513,-0.0005610157189055688,0.7122335611485419,0.7019423194886164,0,0,0,,0.5076963901519775,0.027820110321044922,0.0,False,False,1,False
99.900216467,1930,99,950216468,map,3.2641541957855225,0.10370790958404541,0.06206035614013672,5.1498318498488516e-06,0.0,0.0,0.0,7.734021180534184e-05,-0.0006635123823988745,0.7116435706717068,0.702540377552375,0,0,0,,0.5057879686355591,0.021936416625976562,0.0,False,False,1,False
100.000216469,1931,100,216469,map,3.267529010772705,-0.2969273328781128,0.06764888763427734,9.193420555675402e-05,0.0,0.0,0.0,0.0001866626894113698,-0.0005914868016101565,0.7112537061757782,0.7029351184509306,0,0,0,,0.491687536239624,0.010165095329284668,0.0,False,False,1,False
100.050216469,1932,100,50216469,map,3.268834114074707,-0.1923544555902481,0.025482177734375,9.250640869140625e-05,0.0,0.0,0.0,0.00032084240532433963,-0.0004824621440444681,0.7110352882104634,0.7031560873731335,0,0,0,,0.4802093505859375,0.00578838586807251,0.0,False,False,1,False
100.10021647,1933,100,100216470,map,3.2689218521118164,0.002514198422431946,0.0017642974853515625,-5.53131103515625e-05,0.0,0.0,0.0,0.00038530565966021833,-0.0004276906293695361,0.7108518293248159,0.7033415566890934,0,0,0,,0.49020838737487793,0.007017672061920166,0.0,False,False,1,False
100.150216471,1934,100,150216471,map,3.2700769901275635,-0.054745785892009735,0.022826194763183594,6.427764310501516e-05,0.0,0.0,0.0,0.0004214067133326254,-0.00039536150193552217,0.7106944888902141,0.7035005398482236,0,0,0,,0.5010519027709961,0.00532001256942749,0.0,False,False,1,False
100.200216472,1935,100,200216472,map,3.273038625717163,0.51593017578125,0.06003379821777344,1.1253356205997989e-05,0.0,0.0,0.0,0.0003175316221406254,-0.0005069761834051693,0.7103302013255454,0.7038683450998691,0,0,0,,0.5082885026931763,0.019267559051513672,0.0,False,False,1,False
100.250216472,1936,100,250216472,map,3.2769322395324707,-0.050871092826128006,0.077972412109375,1.9073486328125e-05,0.0,0.0,0.0,0.0002955004907812895,-0.0005422014295021866,0.7099554998733149,0.7042462686423702,0,0,0,,0.4951651096343994,0.012587487697601318,0.0,False,False,1,False
100.300216473,1937,100,300216473,map,3.280343532562256,-0.1134924665093422,0.06831169128417969,-9.155272891803179e-06,0.0,0.0,0.0,0.00034330990760277167,-0.0005062976675600116,0.7096870408807553,0.7045168059080609,0,0,0,,0.49788665771484375,0.008157730102539062,0.0,False,False,1,False
100.350216474,1938,100,350216474,map,3.2845895290374756,-0.19310453534126282,0.08461475372314453,4.95910626341356e-06,0.0,0.0,0.0,0.0004253991198943164,-0.00043485573110310806,0.7095454645831853,0.7046593954709706,0,0,0,,0.5080709457397461,0.0029535293579101562,0.0,False,False,1,False
100.400216475,1939,100,400216475,map,3.2912044525146484,0.09080354124307632,0.13251304626464844,-1.4877318790240679e-05,0.0,0.0,0.0,0.0004455575340721452,-0.0004308852581786547,0.7093971043455516,0.7048087429668597,0,0,0,,0.5200381278991699,0.006606876850128174,0.0,False,False,1,False
100.450216475,1940,100,450216475,map,3.3005471229553223,0.0995965376496315,0.18694400787353516,1.659393274167087e-05,0.0,0.0,0.0,0.00043372259562454116,-0.0004690872821479735,0.7091985571723418,0.7050085094142483,0,0,0,,0.5248731374740601,0.008325338363647461,0.0,False,False,1,False
100.500216476,1941,100,500216476,map,3.310922384262085,0.39126214385032654,0.20640850067138672,-2.7275087632006034e-05,0.0,0.0,0.0,0.0003506007100698482,-0.0005844551273665901,0.708837607172964,0.7053713788839557,0,0,0,,0.5167026519775391,0.01727515459060669,0.0,False,False,1,False
100.550216477,1942,100,550216477,map,3.319887399673462,-0.5653768181800842,0.18013954162597656,-7.05719003235572e-06,0.0,0.0,0.0,0.0004657226670968453,-0.0004963086438260238,0.7087076688985872,0.7055019325448074,0,0,0,,0.5001239776611328,-0.002253890037536621,0.0,False,False,1,False
100.600216478,1943,100,600216478,map,3.3267414569854736,-0.21232642233371735,0.1361560821533203,1.3732910701946821e-05,0.0,0.0,0.0,0.000580995675347969,-0.00039325405319846327,0.7087650835238704,0.7054442317948852,0,0,0,,0.49933838844299316,-0.004150748252868652,0.0,False,False,1,False
100.650216478,1944,100,650216478,map,3.330204963684082,0.26208192110061646,0.07031440734863281,9.72747784544481e-06,0.0,0.0,0.0,0.0005443000131188665,-0.0004244697743586994,0.7087154188458284,0.7054941379296418,0,0,0,,0.47788453102111816,0.00519794225692749,0.0,False,False,1,False
100.650216478,1945,100,700216479,map,3.329432487487793,0.22970286011695862,-0.015377998352050781,1.1253356205997989e-05,0.0,0.0,0.0,0.00044419686209007945,-0.0004965433241673719,0.7085243146690797,0.7056860857751032,0,0,0,,0.4722554683685303,0.009397149085998535,0.0,False,False,1,False
100.75021648,1946,100,750216480,map,3.3252384662628174,0.058428727090358734,-0.08399009704589844,-3.890991138177924e-05,0.0,0.0,0.0,0.0003754293691353855,-0.0005189178776297811,0.7083021708821835,0.7059090766526602,0,0,0,,0.4659240245819092,0.008253693580627441,0.0,False,False,1,False
100.75021648,1947,100,800216481,map,3.3192665576934814,0.1879400908946991,-0.12013912200927734,7.514953904319555e-05,0.0,0.0,0.0,0.00030083595865564277,-0.0005377737595049992,0.7080260322516516,0.7061860646820304,0,0,0,,0.474621057510376,0.011711716651916504,0.0,False,False,1,False
100.850216481,1948,100,850216481,map,3.312971591949463,-0.4940640330314636,-0.1251983642578125,-2.2315980459097773e-05,0.0,0.0,0.0,0.00038601960160791055,-0.0004001212461946154,0.7079727569984401,0.7062395246939124,0,0,0,,0.475009560585022,-0.004030376672744751,0.0,False,False,1,False
100.900216482,1949,100,900216482,map,3.3067126274108887,0.2249375730752945,-0.12504100799560547,6.675720669591101e-06,0.0,0.0,0.0,0.0003715022232702222,-0.00037180032139929047,0.7078975353128671,0.7063149462163371,0,0,0,,0.47552525997161865,0.0055457353591918945,0.0,False,False,1,False
100.950216483,1950,100,950216483,map,3.300370693206787,-0.09344365447759628,-0.12680530548095703,1.8882748918258585e-05,0.0,0.0,0.0,0.0003681161771218377,-0.0003427913170871678,0.7078273840797706,0.7063852640955797,0,0,0,,0.4740748405456543,0.0015212297439575195,0.0,False,False,1,False
101.000216484,1951,101,216484,map,3.2936956882476807,0.0346878319978714,-0.13349533081054688,9.53677954385057e-07,0.0,0.0,0.0,0.0003542397543773226,-0.0003326498590287555,0.7077598500057517,0.7064529415170577,0,0,0,,0.4720548391342163,0.0028733015060424805,0.0,False,False,1,False
101.050216484,1952,101,50216484,map,3.287390947341919,-0.4334748387336731,-0.12743473052978516,-4.234314110362902e-05,0.0,0.0,0.0,0.00044109741522952665,-0.00022863764875795194,0.7078770925847941,0.7063354549727732,0,0,0,,0.4810671806335449,-0.009135633707046509,0.0,False,False,1,False
101.100216485,1953,101,100216485,map,3.286773443222046,1.2626237869262695,-0.016412734985351562,4.215240551275201e-05,0.0,0.0,0.0,0.0001832443554721209,-0.0004875648234335738,0.7074980563139066,0.7067150974856086,0,0,0,,0.5469087362289429,0.028855443000793457,0.0,False,False,1,False
101.150216486,1954,101,150216486,map,3.295736789703369,-0.7238911390304565,0.18456459045410156,-2.1171572370803915e-05,0.0,0.0,0.0,0.00026044848715652165,-0.00045685846655972725,0.7072936516095644,0.7069196657610645,0,0,0,,0.535664439201355,-0.0019053816795349121,0.0,False,False,1,False
101.200216487,1955,101,200216487,map,3.3088138103485107,-0.018642013892531395,0.2615690231323242,1.335145043412922e-06,0.0,0.0,0.0,0.0003720204447909533,-0.000422710316367996,0.7072444871327883,0.7069688241620393,0,0,0,,0.5352718830108643,0.00150221586227417,0.0,False,False,1,False
101.200216487,1956,101,250216487,map,3.3192198276519775,-0.1167229488492012,0.20819664001464844,-2.155303991457913e-05,0.0,0.0,0.0,0.00046414163406828193,-0.00040702249568215336,0.707245061148716,0.7069682046499548,0,0,0,,0.48208701610565186,-0.0011287033557891846,0.0,False,False,1,False
101.250216487,1957,101,300216488,map,3.3220643997192383,0.2406194806098938,0.056514739990234375,-4.5776364459015895e-06,0.0,0.0,0.0,0.0004442860180825305,-0.00046456972480194813,0.7071488096107997,0.7070644580594713,0,0,0,,0.4634432792663574,0.006371915340423584,0.0,False,False,1,False
101.350216489,1958,101,350216489,map,3.327345609664917,-0.8933401107788086,0.10263442993164062,-4.310607982915826e-05,0.0,0.0,0.0,0.0006309760855256828,-0.0002850664772973482,0.7074042910135346,0.7068088070064785,0,0,0,,0.5808793306350708,-0.019483983516693115,0.0,False,False,1,False
101.350216489,1959,101,400216490,map,3.3506956100463867,1.3253674507141113,0.46715736389160156,-1.2969967428944074e-05,0.0,0.0,0.0,0.0004209216518981521,-0.0005450982432840727,0.7071874943096431,0.7070257234251922,0,0,0,,0.6485893726348877,0.023805856704711914,0.0,False,False,1,False
101.40021649,1960,101,450216490,map,3.390937089920044,-0.010262355208396912,0.8049631118774414,1.2397763384797145e-05,0.0,0.0,0.0,0.0003637596578408574,-0.0007325737431968593,0.7068017385381752,0.7074112194572793,0,0,0,,0.6330578327178955,0.012490391731262207,0.0,False,False,1,False
101.500216491,1961,101,500216491,map,3.4341201782226562,0.17244331538677216,0.8618640899658203,-3.261566234868951e-05,0.0,0.0,0.0,0.0004048669817560618,-0.0008591808051912386,0.7064175903970289,0.7077946636339713,0,0,0,,0.5806658267974854,0.014390945434570312,0.0,False,False,1,False
101.550216492,1962,101,550216492,map,3.465510606765747,-0.4005776047706604,0.6314229965209961,3.814697265625e-05,0.0,0.0,0.0,0.000580005590950625,-0.0008133372175907868,0.7062402942662457,0.7079715028380815,0,0,0,,0.4768667221069336,0.0009543299674987793,0.0,False,False,1,False
101.600216493,1963,101,600216493,map,3.486848831176758,-1.2214930057525635,0.4233884811401367,-7.286071922862902e-05,0.0,0.0,0.0,0.0009525938843183008,-0.0004821287228891006,0.7066603141371134,0.7075521610032877,0,0,0,,0.5596425533294678,-0.028287172317504883,0.0,False,False,1,False
101.600216493,1964,101,650216493,map,3.5178070068359375,-0.10695569217205048,0.6178998947143555,-2.4795554054435343e-06,0.0,0.0,0.0,0.001110271668749639,-0.0003419796396921323,0.7072250436517639,0.7069875444295382,0,0,0,,0.625669002532959,-0.01873597502708435,0.0,False,False,1,False
101.700216494,1965,101,700216494,map,3.560239315032959,2.2955145835876465,0.8410787582397461,0.00013103484525345266,0.0,0.0,0.0,0.0006049779511963782,-0.000894211688655932,0.7067585504339116,0.7074540167217165,0,0,0,,0.6842828989028931,0.04636901617050171,0.0,False,False,1,False
101.750216495,1966,101,750216495,map,3.6170992851257324,-0.40898776054382324,1.1440849304199219,-0.00011711120168911293,0.0,0.0,0.0,0.0004931829456706492,-0.0011179231641732363,0.7061509743041413,0.7080602435581967,0,0,0,,0.6286782026290894,0.013205468654632568,0.0,False,False,1,False
101.800216495,1967,101,800216495,map,3.6624789237976074,0.2879261374473572,0.9032726287841797,5.1307681133039296e-05,0.0,0.0,0.0,0.0005066895299530932,-0.0012100766242461947,0.7056166928200003,0.708592521689334,0,0,0,,0.4795536994934082,0.019239604473114014,0.0,False,False,1,False
101.850216496,1968,101,850216496,map,3.68045973777771,-1.9726088047027588,0.36710262298583984,8.277893357444555e-05,0.0,0.0,0.0,0.0009856483086421908,-0.0007256013497289996,0.7059553023512736,0.7082553304297927,0,0,0,,0.44252634048461914,-0.03538075089454651,0.0,False,False,1,False
101.900216497,1969,101,900216497,map,3.6928393840789795,-0.5551633834838867,0.2401876449584961,-8.296966552734375e-05,0.0,0.0,0.0,0.00128403295699116,-0.00032339170459252367,0.706775150784302,0.7074370169216466,0,0,0,,0.5690891742706299,-0.031127721071243286,0.0,False,False,1,False
101.950216498,1970,101,950216498,map,3.717818021774292,0.4698762893676758,0.5061483383178711,7.286071922862902e-05,0.0,0.0,0.0,0.001178689806477929,-0.0003365819722653769,0.7073115564992982,0.7069008837492395,0,0,0,,0.6208947896957397,-0.009695380926132202,0.0,False,False,1,False
102.000216498,1971,102,216498,map,3.7497057914733887,1.9058316946029663,0.6337594985961914,1.5640256606275216e-05,0.0,0.0,0.0,0.0006134713602804209,-0.0008655466891807429,0.7068728923333372,0.7073397971032885,0,0,0,,0.601105809211731,0.03706556558609009,0.0,False,False,1,False
102.050216499,1972,102,50216499,map,3.7771360874176025,0.3819634020328522,0.5420827865600586,-3.2806394301587716e-05,0.0,0.0,0.0,0.00028299187269776937,-0.001189457241163564,0.7060574627050062,0.7081534893408631,0,0,0,,0.4600484371185303,0.028056621551513672,0.0,False,False,1,False
102.1002165,1973,102,100216500,map,3.777297019958496,-2.1152451038360596,0.015420913696289062,8.735656592762098e-05,0.0,0.0,0.0,0.000679248903754947,-0.0007175347043734715,0.7062185266644747,0.7079932318608232,0,0,0,,0.39113903045654297,-0.03413337469100952,0.0,False,False,1,False
102.150216501,1974,102,150216501,map,3.7691524028778076,-0.5476608872413635,-0.1694011688232422,-5.435943603515625e-05,0.0,0.0,0.0,0.0009774235710460306,-0.00026369583141149807,0.7069601617331714,0.7072526456860231,0,0,0,,0.5161453485488892,-0.028664499521255493,0.0,False,False,1,False
102.200216501,1975,102,200216501,map,3.7764341831207275,0.846939206123352,0.15401840209960938,8.239746239269152e-05,0.0,0.0,0.0,0.0007985672935188232,-0.0003153396954689773,0.7072798441277779,0.7069331545073695,0,0,0,,0.6421473026275635,0.001592099666595459,0.0,False,False,1,False
102.250216502,1976,102,250216502,map,3.8047754764556885,2.5569210052490234,0.5347013473510742,-0.00012111663818359375,0.0,0.0,0.0,0.00013152873513516862,-0.0009630106337081746,0.7064484161813147,0.7077638664029289,0,0,0,,0.6905937194824219,0.06753653287887573,0.0,False,False,1,False
102.250216502,1977,102,300216503,map,3.8527674674987793,-0.5932638049125671,0.9751701354980469,-0.00010719298734329641,0.0,0.0,0.0,2.036491593776621e-05,-0.001185403217341439,0.7054841044191008,0.7087247510962642,0,0,0,,0.6184570789337158,0.019819200038909912,0.0,False,False,1,False
102.350216504,1978,102,350216504,map,3.8923676013946533,-1.4835484027862549,0.809326171875,0.00012397764658089727,0.0,0.0,0.0,0.0005138287516120864,-0.0008394161003751858,0.7054358093834165,0.7087731302752583,0,0,0,,0.5324820280075073,-0.017680823802947998,0.0,False,False,1,False
102.350216504,1979,102,400216504,map,3.9244329929351807,-0.609353244304657,0.6401634216308594,-6.713867333019152e-05,0.0,0.0,0.0,0.0009339364785868148,-0.0005180635296851983,0.7058920580285775,0.7083186160090758,0,0,0,,0.5592046976089478,-0.019880831241607666,0.0,False,False,1,False
102.450216505,1980,102,450216505,map,3.958444833755493,0.7981104254722595,0.6807804107666016,3.2234194804914296e-05,0.0,0.0,0.0,0.0008882258078242811,-0.0006214715094325313,0.7059996780301092,0.7082113240053844,0,0,0,,0.6175885200500488,0.007569015026092529,0.0,False,False,1,False
102.500216506,1981,102,500216506,map,3.996591091156006,2.6433582305908203,0.7077503204345703,-0.00010623931302689016,0.0,0.0,0.0,0.00026775431898508686,-0.0012822008467853621,0.7049567193523051,0.7092491156911293,0,0,0,,0.6622141599655151,0.07379138469696045,0.0,False,False,1,False
102.550216507,1982,102,550216507,map,4.038928985595703,-1.775769591331482,0.8935642242431641,5.722049536416307e-06,0.0,0.0,0.0,0.0003871096848583355,-0.0012257079255296312,0.7041969125663182,0.7100035606377185,0,0,0,,0.5323178768157959,-0.0073323845863342285,0.0,False,False,1,False
102.600216507,1983,102,600216507,map,4.071382999420166,-1.1823053359985352,0.6581974029541016,0.00013656615919899195,0.0,0.0,0.0,0.0008925448941610244,-0.0007514672969647579,0.7044601222282191,0.7097426116915316,0,0,0,,0.562671422958374,-0.022217363119125366,0.0,False,False,1,False
102.600216507,1984,102,650216508,map,4.101154804229736,-0.2801172137260437,0.5950736999511719,-3.0899045668775216e-05,0.0,0.0,0.0,0.001149132190643861,-0.0004875753068462648,0.7049731584571554,0.709232886730777,0,0,0,,0.5674430131912231,-0.016495972871780396,0.0,False,False,1,False
102.650216508,1985,102,700216509,map,4.1319098472595215,0.6333447098731995,0.6145763397216797,-1.1825560250144918e-05,0.0,0.0,0.0,0.001028422769675428,-0.0005840062198166808,0.7051411683701845,0.70906595881686,0,0,0,,0.6051861047744751,0.0040035247802734375,0.0,False,False,1,False
102.700216509,1986,102,750216510,map,4.1659698486328125,2.707592487335205,0.6246852874755859,-3.2615658710710704e-05,0.0,0.0,0.0,0.0003488747298376652,-0.0012394150748528494,0.7041666340718908,0.7100335862454388,0,0,0,,0.6678093671798706,0.07218557596206665,0.0,False,False,1,False
102.80021651,1987,102,800216510,map,4.204705238342285,-1.9094486236572266,0.8237934112548828,6.179809133755043e-05,0.0,0.0,0.0,0.0004432400946319334,-0.0011632807780467167,0.7034850900517294,0.7107089266295732,0,0,0,,0.526604175567627,-0.012907683849334717,0.0,False,False,1,False
102.850216511,1988,102,850216511,map,4.230862617492676,-1.1165238618850708,0.5314445495605469,7.019042823230848e-05,0.0,0.0,0.0,0.0009169177005259287,-0.0006850759563733135,0.7038320039747339,0.7103655397848173,0,0,0,,0.5321378707885742,-0.023538976907730103,0.0,False,False,1,False
102.900216512,1989,102,900216512,map,4.248509883880615,-0.778006911277771,0.34999847412109375,-5.397796485340223e-05,0.0,0.0,0.0,0.001246564268966855,-0.000301109953678305,0.7046188353777371,0.709584844991239,0,0,0,,0.5269761085510254,-0.029484093189239502,0.0,False,False,1,False
102.950216513,1990,102,950216513,map,4.264947891235352,0.638543963432312,0.3317070007324219,3.814693627646193e-07,0.0,0.0,0.0,0.001126719774669043,-0.0003399522927233032,0.7050975161932678,0.7091093763257345,0,0,0,,0.574561595916748,-0.0037532150745391846,0.0,False,False,1,False
103.000216513,1991,103,216513,map,4.286309242248535,1.5246853828430176,0.4149627685546875,8.049010648392141e-05,0.0,0.0,0.0,0.0006235582340165513,-0.0007758883918477894,0.7047320357671509,0.7094728796337598,0,0,0,,0.6150935888290405,0.02879565954208374,0.0,False,False,1,False
103.050216514,1992,103,50216514,map,4.304036617279053,-1.6194130182266235,0.36667823791503906,-7.438657121383585e-06,0.0,0.0,0.0,0.000756747827785758,-0.0006016398233660993,0.7048515610942825,0.70935417260012,0,0,0,,0.4813103675842285,-0.023984134197235107,0.0,False,False,1,False
103.100216515,1993,103,100216515,map,4.308225154876709,-1.0450055599212646,0.07539749145507812,-8.449554297840223e-05,0.0,0.0,0.0,0.0010742556342594064,-0.00020807146596111067,0.7056888376463267,0.7085210421028255,0,0,0,,0.491483211517334,-0.035114139318466187,0.0,False,False,1,False
103.150216516,1994,103,150216516,map,4.309013366699219,0.5700863003730774,0.021905899047851562,7.629394076502649e-06,0.0,0.0,0.0,0.000979837933969225,-0.00019937546408506205,0.7063168074176328,0.7078951671867877,0,0,0,,0.529757022857666,-0.008825629949569702,0.0,False,False,1,False
103.200216516,1995,103,200216516,map,4.310454845428467,3.5794825553894043,-0.018815994262695312,-6.408691115211695e-05,0.0,0.0,0.0,4.98024381983584e-05,-0.0010211243679902496,0.7053657248364517,0.708842823939616,0,0,0,,0.659564733505249,0.0814322829246521,0.0,False,False,1,False
103.250216517,1996,103,250216517,map,4.330867767333984,-1.2866109609603882,0.44257164001464844,-7.820131031621713e-06,0.0,0.0,0.0,-0.00010469228560288843,-0.0011562294684314325,0.7043396292099361,0.7098621971181108,0,0,0,,0.5303237438201904,0.004807889461517334,0.0,False,False,1,False
103.300216518,1997,103,300216518,map,4.3307785987854,-2.2915356159210205,0.011568069458007812,0.00021095277043059468,0.0,0.0,0.0,0.0005630910473128899,-0.0004747759211800238,0.7047774570346295,0.7094280749815997,0,0,0,,0.42013680934906006,-0.04198509454727173,0.0,False,False,1,False
103.300216518,1998,103,350216519,map,4.318790435791016,-0.7160088419914246,-0.24805068969726562,-0.0001903533993754536,0.0,0.0,0.0,0.0010031573367603294,4.538338898682785e-05,0.7058363122595537,0.7083742597748307,0,0,0,,0.47420358657836914,-0.03582179546356201,0.0,False,False,1,False
103.350216519,1999,103,400216519,map,4.308157920837402,0.0740349292755127,-0.21154403686523438,-2.117157055181451e-05,0.0,0.0,0.0,0.0010223840608609446,0.0001680665181624218,0.7067554687825445,0.707457160420646,0,0,0,,0.5329219102859497,-0.021796613931655884,0.0,False,False,1,False
103.45021652,2000,103,450216520,map,4.302254676818848,3.7389578819274902,-0.1435565948486328,0.00016098024207167327,0.0,0.0,0.0,0.00011341265708241801,-0.0006583633495550917,0.7060983251161522,0.708113485935294,0,0,0,,0.6490640640258789,0.08178329467773438,0.0,False,False,1,False
103.500216521,2001,103,500216521,map,4.318216800689697,-0.10927870869636536,0.32240867614746094,-0.0002635955752339214,0.0,0.0,0.0,-0.00033451812507777893,-0.0011191935855786315,0.7047971788776418,0.709407902514103,0,0,0,,0.5360813140869141,0.031543612480163574,0.0,False,False,1,False
103.550216522,2002,103,550216522,map,4.316807270050049,-2.3608930110931396,0.0036907196044921875,0.0003332138294354081,0.0,0.0,0.0,0.00020212422914518845,-0.0006165084603997915,0.7047463608202802,0.7094590516539244,0,0,0,,0.43227624893188477,-0.03242197632789612,0.0,False,False,1,False
103.600216522,2003,103,600216522,map,4.302743911743164,-1.6021977663040161,-0.2964496612548828,-0.0001615524379303679,0.0,0.0,0.0,0.0008769542792257817,9.009394927488252e-05,0.7058276295663105,0.7083830744555347,0,0,0,,0.4693862199783325,-0.0485878586769104,0.0,False,False,1,False
103.600216522,2004,103,650216523,map,4.294784069061279,1.2937920093536377,-0.1446247100830078,1.049041748046875e-05,0.0,0.0,0.0,0.0007663840769961882,3.2760705511826645e-05,0.7064217399540748,0.7077907437247539,0,0,0,,0.594982385635376,0.0020075440406799316,0.0,False,False,1,False
103.700216524,2005,103,700216524,map,4.300552845001221,3.256054401397705,0.06595611572265625,-6.484985988208791e-06,0.0,0.0,0.0,-6.742875697586173e-05,-0.0007921759071288048,0.7055000837666139,0.7087093901706084,0,0,0,,0.6656749248504639,0.08440113067626953,0.0,False,False,1,False
103.750216525,2006,103,750216525,map,4.323647499084473,-1.9831371307373047,0.5067062377929688,-6.256103370105848e-05,0.0,0.0,0.0,-4.1172650724456e-05,-0.000853079026402871,0.7046907997013911,0.7095140219736333,0,0,0,,0.5518530607223511,-0.013831675052642822,0.0,False,False,1,False
103.800216525,2007,103,800216525,map,4.3444976806640625,-1.0545698404312134,0.4221534729003906,5.435943603515625e-05,0.0,0.0,0.0,0.0004830611348967434,-0.00044748395492774857,0.7049728034245618,0.7092340324898152,0,0,0,,0.5638471841812134,-0.021339237689971924,0.0,False,False,1,False
103.850216526,2008,103,850216526,map,4.36365270614624,-0.4363136291503906,0.3814888000488281,-5.168914867681451e-05,0.0,0.0,0.0,0.0008246908274741122,-0.00020748131579283234,0.7055672627005971,0.7086424448491139,0,0,0,,0.5542623996734619,-0.019932180643081665,0.0,False,False,1,False
103.900216527,2009,103,900216527,map,4.386256217956543,0.9715204238891602,0.45269012451171875,3.2806394301587716e-05,0.0,0.0,0.0,0.0007027308164996829,-0.00041027671314991195,0.7056990792200203,0.7085112189869922,0,0,0,,0.6271384954452515,0.009397506713867188,0.0,False,False,1,False
103.950216528,2010,103,950216528,map,4.417985439300537,2.196367025375366,0.5965805053710938,-0.00013446807861328125,0.0,0.0,0.0,0.00014373860702882632,-0.0010546163316535325,0.7047695075953772,0.7094355561200575,0,0,0,,0.6667280197143555,0.05527627468109131,0.0,False,False,1,False
104.000216528,2011,104,216528,map,4.44630241394043,-2.9013900756835938,0.6049823760986328,0.00010013580322265625,0.0,0.0,0.0,0.0005620062054631541,-0.0007340952759806931,0.7046532859206182,0.7095511904679088,0,0,0,,0.4945117235183716,-0.0445379912853241,0.0,False,False,1,False
104.050216529,2012,104,50216529,map,4.46287727355957,-0.3208465874195099,0.32993316650390625,-2.937316821771674e-05,0.0,0.0,0.0,0.0009851040960373045,-0.0003470579305129346,0.7053508998534107,0.7088575436550681,0,0,0,,0.504374623298645,-0.021693646907806396,0.0,False,False,1,False
104.10021653,2013,104,100216530,map,4.475029468536377,0.2212485373020172,0.2442455291748047,-1.9645689462777227e-05,0.0,0.0,0.0,0.001003892884818865,-0.00030287704727736405,0.705867423695122,0.7083431941019699,0,0,0,,0.5816167593002319,-0.009221792221069336,0.0,False,False,1,False
104.150216531,2014,104,150216531,map,4.492598056793213,3.2673091888427734,0.3055572509765625,7.82012939453125e-05,0.0,0.0,0.0,0.00021253781678760896,-0.0010513545844160741,0.704960357936257,0.7092458975698053,0,0,0,,0.7041676044464111,0.07110905647277832,0.0,False,False,1,False
104.200216531,2015,104,200216531,map,4.525994777679443,-1.9604458808898926,0.7097244262695312,-6.294249942584429e-06,0.0,0.0,0.0,0.00027421484561366606,-0.001022461042970962,0.7042898801091986,0.7099117157473913,0,0,0,,0.5524446964263916,-0.015502184629440308,0.0,False,False,1,False
104.250216532,2016,104,250216532,map,4.547731399536133,-1.0214650630950928,0.43949127197265625,8.296966552734375e-05,0.0,0.0,0.0,0.0007432294865066444,-0.0005886520601915,0.7046363211442486,0.709568006623031,0,0,0,,0.5164175033569336,-0.022058874368667603,0.0,False,False,1,False
104.300216533,2017,104,300216533,map,4.558463096618652,-0.5467691421508789,0.21246910095214844,-6.580352783203125e-05,0.0,0.0,0.0,0.0010332023086891489,-0.0002795511595461386,0.7053232729321651,0.7088849942017373,0,0,0,,0.5199174880981445,-0.022912412881851196,0.0,False,False,1,False
104.350216533,2018,104,350216533,map,4.567704200744629,0.40727633237838745,0.18674850463867188,4.463195728021674e-05,0.0,0.0,0.0,0.0009656473880802509,-0.0002904130206146659,0.70578328896525,0.7084270831940249,0,0,0,,0.5762944221496582,-0.005354583263397217,0.0,False,False,1,False
104.400216534,2019,104,400216534,map,4.583371639251709,2.6548986434936523,0.2815055847167969,3.0517576306010596e-05,0.0,0.0,0.0,0.0002594842261586225,-0.0009436325240184664,0.7049995606309132,0.7092070654863891,0,0,0,,0.6763278245925903,0.05492067337036133,0.0,False,False,1,False
104.450216535,2020,104,450216535,map,4.600127696990967,-2.70808482170105,0.3668212890625,2.6702877221396193e-05,0.0,0.0,0.0,0.00052735273384215,-0.0006731258767452357,0.7048742591208028,0.7093317613286095,0,0,0,,0.4113466739654541,-0.04097115993499756,0.0,False,False,1,False
104.500216536,2021,104,500216536,map,4.597080707550049,-0.7659498453140259,-0.06647109985351562,-7.133483450161293e-05,0.0,0.0,0.0,0.0009578756656102021,-0.00018624495664997702,0.7057145990627351,0.7084955557071253,0,0,0,,0.46921074390411377,-0.030566692352294922,0.0,False,False,1,False
104.550216536,2022,104,550216536,map,4.589000701904297,0.07618330419063568,-0.1607799530029297,-5.245208740234375e-05,0.0,0.0,0.0,0.0009966562843762945,-4.022496396089125e-05,0.7064947783686316,0.7077175518496495,0,0,0,,0.5327465534210205,-0.017210066318511963,0.0,False,False,1,False
104.600216537,2023,104,600216537,map,4.589289665222168,2.9308998584747314,-0.010004043579101562,0.0001012802094919607,0.0,0.0,0.0,0.000249191653300784,-0.0006883651857394217,0.7059503859940112,0.708260909956068,0,0,0,,0.7599434852600098,0.055777132511138916,0.0,False,False,1,False
104.600216537,2024,104,650216538,map,4.611484050750732,-2.2723989486694336,0.46428680419921875,-4.0626528061693534e-05,0.0,0.0,0.0,0.00038088107209304476,-0.0005713648781777883,0.7057738718821926,0.7084368498604539,0,0,0,,0.5064983367919922,-0.03186178207397461,0.0,False,False,1,False
104.700216539,2025,104,700216539,map,4.623763084411621,-0.5128936767578125,0.24242401123046875,1.3923643564339727e-05,0.0,0.0,0.0,0.000731755104778531,-0.00026154464239677125,0.7063720692924028,0.7078403039192073,0,0,0,,0.5178786516189575,-0.021527200937271118,0.0,False,False,1,False
104.750216539,2026,104,750216539,map,4.62841272354126,0.0232735276222229,0.09320259094238281,-3.490447852527723e-05,0.0,0.0,0.0,0.0008163474211983202,-0.00018748115895811173,0.7069451175929237,0.7072679118546452,0,0,0,,0.524773120880127,-0.013025462627410889,0.0,False,False,1,False
104.80021654,2027,104,800216540,map,4.6392693519592285,1.2634503841400146,0.21945953369140625,2.1362302504712716e-05,0.0,0.0,0.0,0.0004994749731336618,-0.0005016804719116501,0.7068788952047496,0.7073342394904747,0,0,0,,0.7243610620498657,0.01770716905593872,0.0,False,False,1,False
104.850216541,2028,104,850216541,map,4.673987865447998,-1.0536115169525146,0.6936359405517578,-3.032684253412299e-05,0.0,0.0,0.0,0.0006080229049885263,-0.0004682529756203735,0.7070353928823396,0.7071777458737042,0,0,0,,0.6807237863540649,-0.016966670751571655,0.0,False,False,1,False
104.900216542,2029,104,900216542,map,4.709726333618164,-1.0409114360809326,0.7024860382080078,-0.00010509491403354332,0.0,0.0,0.0,0.0009714464214029058,-0.00023154928424596688,0.7077930484823767,0.7064191413012555,0,0,0,,0.5527081489562988,-0.03110647201538086,0.0,False,False,1,False
104.950216542,2030,104,950216542,map,4.732875347137451,-0.43374374508857727,0.4545783996582031,-3.280639066360891e-05,0.0,0.0,0.0,0.0011929903693585274,-9.622280149618764e-05,0.7087750480527368,0.7054335537617923,0,0,0,,0.5316847562789917,-0.028092175722122192,0.0,False,False,1,False
105.000216543,2031,105,216543,map,4.744050979614258,-0.38820356130599976,0.2143096923828125,2.403259713901207e-05,0.0,0.0,0.0,0.0012639193572752164,-3.423766756802972e-05,0.7098014248479243,0.7044006946472278,0,0,0,,0.5176936388015747,-0.028431743383407593,0.0,False,False,1,False
105.000216543,2032,105,50216544,map,4.744145393371582,-0.9943218231201172,-0.0290679931640625,-4.577641448122449e-06,0.0,0.0,0.0,0.0013831265053545726,0.00015567510326907025,0.7111090212753316,0.7030803813129565,0,0,0,,0.5043513774871826,-0.043193310499191284,0.0,False,False,1,False
105.100216545,2033,105,100216545,map,4.737093925476074,-1.225428581237793,-0.1937103271484375,-0.00012302398681640625,0.0,0.0,0.0,0.0015578951733641062,0.0004595449901597091,0.712855481027718,0.7013090794719341,0,0,0,,0.5157895088195801,-0.057115644216537476,0.0,False,False,1,False
105.150216545,2034,105,150216545,map,4.728453159332275,-1.1778066158294678,-0.23868560791015625,-8.068085298873484e-05,0.0,0.0,0.0,0.0017088979615918715,0.0007582421182476365,0.7149812133835584,0.6991411654631856,0,0,0,,0.5315876007080078,-0.06586337089538574,0.0,False,False,1,False
105.200216546,2035,105,200216546,map,4.7242279052734375,-0.5088275671005249,-0.11762619018554688,0.00011501313565531746,0.0,0.0,0.0,0.001678783696781558,0.0008448355862215864,0.717134201777141,0.696932568172556,0,0,0,,0.5606988668441772,-0.05796968936920166,0.0,False,False,1,False
105.250216547,2036,105,250216547,map,4.71835994720459,-1.281868815422058,-0.2130126953125,2.5367735361214727e-05,0.0,0.0,0.0,0.001734038453836045,0.0009919331827115039,0.719514464763922,0.6944745813740689,0,0,0,,0.5107235908508301,-0.0741986632347107,0.0,False,False,1,False
105.300216548,2037,105,300216548,map,4.711554050445557,-0.056264400482177734,-0.14116287231445312,0.00023365020751953125,0.0,0.0,0.0,0.001577486477324744,0.0008967138584248106,0.721732483424813,0.6921697261583475,0,0,0,,0.5267095565795898,-0.05495384335517883,0.0,False,False,1,False
105.350216548,2038,105,350216548,map,4.705257892608643,-0.29083549976348877,-0.1506805419921875,0.0002269744873046875,0.0,0.0,0.0,0.0013721971200663008,0.0007294908783475782,0.7237112829060806,0.6901011258595056,0,0,0,,0.5385946035385132,-0.05247765779495239,0.0,False,False,1,False
105.400216549,2039,105,400216549,map,4.6956048011779785,-1.1276811361312866,-0.2969074249267578,-0.00014209747314453125,0.0,0.0,0.0,0.0013803762790813605,0.0007831151373204887,0.7258894159418403,0.6878095936490156,0,0,0,,0.5020420551300049,-0.06907972693443298,0.0,False,False,1,False
105.400216549,2040,105,450216550,map,4.670541286468506,0.13150155544281006,-0.4908561706542969,0.0001356124848825857,0.0,0.0,0.0,0.0012086641338963852,0.0006728049302443396,0.7278833956629237,0.685699532435854,0,0,0,,0.34441590309143066,-0.04903945326805115,0.0,False,False,1,False
105.45021655,2041,105,500216551,map,4.621320724487305,0.05916595458984375,-0.9832954406738281,2.2697440726915374e-05,0.0,0.0,0.0,0.0009203180851125317,0.0005315814517766643,0.7295517623014832,0.6839247740494436,0,0,0,,0.36243581771850586,-0.04294431209564209,0.0,False,False,1,False
105.550216551,2042,105,550216551,map,4.56143856048584,-1.662520170211792,-1.3822078704833984,-0.00024204252986237407,0.0,0.0,0.0,0.0009820950043129316,0.000845889788125497,0.7316470164840401,0.6816824504341238,0,0,0,,0.4231616258621216,-0.08059126138687134,0.0,False,False,1,False
105.600216552,2043,105,600216552,map,4.508648872375488,-1.187041997909546,-1.2114429473876953,-0.00032005307730287313,0.0,0.0,0.0,0.0011402061614598426,0.0012536575625799557,0.7342480400015592,0.6788791822014385,0,0,0,,0.4835575819015503,-0.08613330125808716,0.0,False,False,1,False
105.650216553,2044,105,650216553,map,4.465747356414795,1.482628583908081,-0.6808948516845703,0.0004611969052348286,0.0,0.0,0.0,0.000714998626703848,0.000925798519109612,0.7360780451361132,0.6768956663642218,0,0,0,,0.4553868770599365,-0.02978360652923584,0.0,False,False,1,False
105.700216554,2045,105,700216554,map,4.417782306671143,-1.189056634902954,-1.1134815216064453,-4.76837158203125e-05,0.0,0.0,0.0,0.0006147614020812697,0.0009017493577107225,0.7378592726536087,0.6749537040979936,0,0,0,,0.39444100856781006,-0.0674980878829956,0.0,False,False,1,False
105.750216554,2046,105,750216554,map,4.371270656585693,-1.2689459323883057,-1.115875244140625,-0.0002765655517578125,0.0,0.0,0.0,0.0007989454954068776,0.0011780685020278284,0.7401658391385275,0.6724228613105441,0,0,0,,0.5138758420944214,-0.08256301283836365,0.0,False,False,1,False
105.800216555,2047,105,800216555,map,4.34593391418457,-0.18766522407531738,-0.5402946472167969,1.0681160347303376e-05,0.0,0.0,0.0,0.0008251614147191481,0.0011911089512521786,0.7424368894402344,0.669914446452989,0,0,0,,0.5681591033935547,-0.06644880771636963,0.0,False,False,1,False
105.850216556,2048,105,850216556,map,4.342752456665039,-0.41230320930480957,-0.12747764587402344,0.0001359939487883821,0.0,0.0,0.0,0.0008298603223450926,0.0010580802893908204,0.744555942873173,0.6675587163165403,0,0,0,,0.6240600347518921,-0.06448179483413696,0.0,False,False,1,False
105.900216557,2049,105,900216557,map,4.356919288635254,-1.4509308338165283,0.049190521240234375,-0.00016536712064407766,0.0,0.0,0.0,0.0010928268630280428,0.0011188340636913258,0.7469843815264446,0.6648397458751548,0,0,0,,0.6347411870956421,-0.08645617961883545,0.0,False,False,1,False
105.900216557,2050,105,950216557,map,4.3774895668029785,-2.962561845779419,-0.14347076416015625,-0.0006704330444335938,0.0,0.0,0.0,0.0017495824515020957,0.001610720143312245,0.7503556110716748,0.6610301063303538,0,0,0,,0.6400119066238403,-0.13942325115203857,0.0,False,False,1,False
105.950216557,2051,106,216558,map,4.419250965118408,-0.02767801284790039,0.8471202850341797,0.00021858216496184468,0.0,0.0,0.0,0.0019382443570086622,0.0015196169826938058,0.7536766052064308,0.6572408300901189,0,0,0,,0.6516084671020508,-0.09052255749702454,0.0,False,False,1,False
106.050216559,2052,106,50216559,map,4.460910797119141,-1.0064315795898438,0.6395530700683594,0.0003974914434365928,0.0,0.0,0.0,0.0020020320098161587,0.001289901343964959,0.7567768379279052,0.6536689877898413,0,0,0,,0.5938715934753418,-0.0968271791934967,0.0,False,False,1,False
106.10021656,2053,106,100216560,map,4.483084678649902,-2.7959132194519043,-0.1929187774658203,-0.0004856109444517642,0.0,0.0,0.0,0.0023972825739277566,0.0015859148313811825,0.7605393545102062,0.6492854750813447,0,0,0,,0.5182318687438965,-0.14755722880363464,0.0,False,False,1,False
106.15021656,2054,106,150216560,map,4.495811462402344,-2.6554226875305176,-0.4379749298095703,-0.0007860182668082416,0.0,0.0,0.0,0.002883469648052775,0.0021611912454644728,0.76521081811579,0.6437696938298296,0,0,0,,0.5640802383422852,-0.16854524612426758,0.0,False,False,1,False
106.200216561,2055,106,200216561,map,4.4921555519104,-3.978407382965088,-1.2912368774414062,-0.0012134552234783769,0.0,0.0,0.0,0.0034856155075131553,0.003051877648817039,0.7709677960458382,0.6368572791352654,0,0,0,,0.5234131813049316,-0.23480269312858582,0.0,False,False,1,False
106.200216561,2056,106,250216562,map,4.483217716217041,3.8246870040893555,0.9863090515136719,0.0028753280639648438,0.0,0.0,0.0,0.002799252277932558,0.002343361111539051,0.775644225362818,0.6311598121765196,0,0,0,,0.34319019317626953,0.009240925312042236,0.0,False,False,1,False
106.300216563,2057,106,300216563,map,4.430118083953857,-1.02769136428833,-1.4053821563720703,0.002163696102797985,0.0,0.0,0.0,0.0017866169673843378,0.0013249700375517115,0.7784287305837816,0.6277290529009582,0,0,0,,0.0588456392288208,-0.17018631100654602,0.0,False,False,1,False
106.350216563,2058,106,350216563,map,4.294101238250732,-0.7785201072692871,-3.0893325805664062,-0.0007186889415606856,0.0,0.0,0.0,0.001468670864137975,0.0015551177243381363,0.7819465884188338,0.6233417661884236,0,0,0,,0.0,-0.13376736640930176,0.11826223134994507,False,False,1,False
106.400216564,2059,106,400216564,map,4.139247417449951,5.048677921295166,-1.7501068115234375,0.00026550289476290345,0.0,0.0,0.0,0.00013967635337083458,0.0006679809608731251,0.7839131042262278,0.6208701791150478,0,0,0,,0.15527009963989258,0.03572356700897217,0.0,False,False,1,False
106.450216565,2060,106,450216565,map,3.953437328338623,-1.1287856101989746,-4.172854423522949,-0.0008537291432730854,0.0,0.0,0.0,-0.0006796927459365794,0.00047349832365328336,0.7850762815059612,0.6193985357053096,0,0,0,,0.0,-0.20104455947875977,0.14231586456298828,False,False,1,False
106.500216566,2061,106,500216566,map,3.775806427001953,2.6861166954040527,-2.9346513748168945,-0.0007591248140670359,0.0,0.0,0.0,-0.0012773184047208288,0.0005003724729155232,0.7862979288675949,0.6178460043923661,0,0,0,,0.07474291324615479,-0.005954712629318237,0.0,False,False,1,False
106.550216566,2062,106,550216566,map,3.593745470046997,-1.3845038414001465,-4.185028076171875,-0.0004793166881427169,0.0,0.0,0.0,-0.0013916556543473897,0.0009786397160343506,0.7875715256832695,0.6162208999147734,0,0,0,,0.0689082145690918,-0.24702370166778564,0.0,False,False,1,False
106.600216567,2063,106,600216567,map,3.4011471271514893,-3.464648723602295,-5.266566276550293,-0.0010164260165765882,0.0,0.0,0.0,-0.000560502162452747,0.0026218488950725304,0.7908165277010325,0.6120474093242934,0,0,0,,0.21759867668151855,-0.25497034192085266,0.0,False,False,1,False
106.650216568,2064,106,650216568,map,3.2365684509277344,-0.6579709053039551,-3.813509941101074,-0.0012252808082848787,0.0,0.0,0.0,1.0796921624090612e-05,0.0037625795058941042,0.7950600490120536,0.6065190527459458,0,0,0,,0.0011119842529296875,-0.20991826057434082,0.0,False,False,1,False
106.700216569,2065,106,700216569,map,3.065547466278076,-1.3955068588256836,-4.377307891845703,-0.0002859115193132311,0.0,0.0,0.0,0.0003143036275085843,0.004450674123571087,0.7996980577788418,0.6003858002133493,0,0,0,,0.1553025245666504,-0.2649540901184082,0.0,False,False,1,False
106.750216569,2066,106,750216569,map,2.921208620071411,-0.8339595794677734,-3.652935028076172,0.0004581450775731355,0.0,0.0,0.0,0.0004468888090630248,0.0047753114174493225,0.8046913726565855,0.5936739774180094,0,0,0,,0.2785212993621826,-0.28232041001319885,0.0,False,False,1,False
106.80021657,2067,106,800216570,map,2.807663679122925,-1.3625907897949219,-3.3691978454589844,0.0006753922207280993,0.0,0.0,0.0,0.0005892086178124686,0.004934015836147592,0.8100438604945617,0.5863482347513296,0,0,0,,0.4416944980621338,-0.32924264669418335,0.0,False,False,1,False
106.850216571,2068,106,850216571,map,2.7412774562835693,3.270444869995117,0.3067922592163086,0.003484535263851285,0.0,0.0,0.0,2.5070013742616287e-05,0.0036539204680262768,0.8142496567828889,0.580503354568822,0,0,0,,0.23743319511413574,-0.13208997249603271,0.0,False,False,1,False
106.900216571,2069,106,900216571,map,2.657247543334961,-0.5309534072875977,-2.1987199783325195,0.0011213300749659538,0.0,0.0,0.0,-0.00037067985666639283,0.00251933788773487,0.8175164620823632,0.5758996004143321,0,0,0,,0.15706586837768555,-0.32912757992744446,0.0,False,False,1,False
106.950216572,2070,106,950216572,map,2.555987596511841,-1.9927430152893066,-3.573169708251953,-0.0014595030806958675,0.0,0.0,0.0,2.4087855852884116e-05,0.0028459881751981032,0.8219605682739224,0.5695372893620684,0,0,0,,0.5581281185150146,-0.34812405705451965,0.0,False,False,1,False
107.000216573,2071,107,216573,map,2.4875235557556152,-1.8995261192321777,-3.001980781555176,-0.0018320082454010844,0.0,0.0,0.0,0.0005914658800611537,0.0035593124314890127,0.8274495898944916,0.5615284121454279,0,0,0,,0.7744567394256592,-0.4068732261657715,0.0,False,False,1,False
107.050216574,2072,107,50216574,map,2.491776943206787,2.3154044151306152,1.738295555114746,0.0010793686378747225,0.0,0.0,0.0,0.00046199371487601034,0.0027753981440544716,0.8320792610443573,0.5546496074701811,0,0,0,,0.26080000400543213,-0.14742127060890198,0.0,False,False,1,False
107.100216574,2073,107,100216574,map,2.4767115116119385,-0.3672909736633301,-0.6101083755493164,0.0008901595138013363,0.0,0.0,0.0,0.00018245915458185453,0.0016046344562954946,0.8355304959158193,0.5494417005029594,0,0,0,,0.6445672512054443,-0.39491283893585205,0.0,False,False,1,False
107.150216575,2074,107,150216575,map,2.464872121810913,-2.62678861618042,-2.221975326538086,-0.0011112212669104338,0.0,0.0,0.0,0.0006826024018691517,0.0019476705289246008,0.8399979189785224,0.5425856953009571,0,0,0,,0.7343548536300659,-0.3830282688140869,0.0,False,False,1,False
107.200216576,2075,107,200216576,map,2.4915709495544434,-2.795398235321045,-1.6582274436950684,-0.0017133713699877262,0.0,0.0,0.0,0.0014459472195835167,0.0028380015008906733,0.8456120668505601,0.5337884294182882,0,0,0,,0.9064121246337891,-0.4322969615459442,0.0,False,False,1,False
107.250216577,2076,107,250216577,map,2.5821261405944824,-3.159208297729492,-0.5001163482666016,-0.00136985769495368,0.0,0.0,0.0,0.0021913920660093277,0.003545226338822633,0.851877184489724,0.5237250153629099,0,0,0,,0.968201756477356,-0.45845890045166016,0.0,False,False,1,False
107.300216577,2077,107,300216577,map,2.7276289463043213,0.46404123306274414,4.4213128089904785,0.002029228024184704,0.0,0.0,0.0,0.0023038521924111195,0.0026458138519114298,0.8573562487309605,0.5147115257074703,0,0,0,,0.739569902420044,-0.08096715807914734,0.0,False,False,1,False
107.350216578,2078,107,350216578,map,2.8418655395507812,-2.052280902862549,1.2314939498901367,0.001539802411571145,0.0,0.0,0.0,0.002255409963231974,0.0014299788414774421,0.8617765053245519,0.5072811086143594,0,0,0,,0.5072606801986694,-0.378669798374176,0.0,False,False,1,False
107.400216579,2079,107,400216579,map,2.8943233489990234,-3.615756034851074,-2.04099178314209,-0.001390647841617465,0.0,0.0,0.0,0.0027758189864443917,0.001995728679825598,0.8673497082856599,0.4976874475338628,0,0,0,,0.8715171813964844,-0.43599653244018555,0.0,False,False,1,False
107.45021658,2080,107,450216580,map,2.9746243953704834,-3.5573768615722656,-1.5332961082458496,-0.0020893095061182976,0.0,0.0,0.0,0.003359722270101612,0.00316653571560557,0.8740089724090293,0.4858878486506349,0,0,0,,0.9518067836761475,-0.4651326537132263,0.0,False,False,1,False
107.50021658,2081,107,500216580,map,3.1033735275268555,-3.6130380630493164,-0.35156726837158203,-0.0011381148360669613,0.0,0.0,0.0,0.0037976563318055214,0.003989219700552906,0.8810977889818219,0.4729020513636109,0,0,0,,0.9638924598693848,-0.4706912338733673,0.0,False,False,1,False
107.50021658,2082,107,550216581,map,3.2622287273406982,-3.3487606048583984,0.8527421951293945,0.0007101058145053685,0.0,0.0,0.0,0.004058068219796183,0.0042087383507178975,0.8881638400976944,0.45948972975109625,0,0,0,,0.8814024925231934,-0.4436398148536682,0.0,False,False,1,False
107.550216581,2083,107,600216582,map,3.4184396266937256,-4.005441665649414,-0.21638154983520508,0.00031375879188999534,0.0,0.0,0.0,0.004325980945246626,0.004467403080514538,0.8954093996122672,0.445200331631252,0,0,0,,0.9084703922271729,-0.4641645550727844,0.0,False,False,1,False
107.650216583,2084,107,650216583,map,3.584213972091675,-4.149785041809082,-0.25103092193603516,8.583083399571478e-05,0.0,0.0,0.0,0.004580570779907661,0.0047975555265031495,0.9028639361751387,0.42987523141794914,0,0,0,,0.9306559562683105,-0.46969878673553467,0.0,False,False,1,False
107.700216583,2085,107,700216583,map,3.7623679637908936,-4.28523063659668,-0.15842914581298828,0.00010337826097384095,0.0,0.0,0.0,0.004789360783792799,0.005091535830763737,0.9103952541840378,0.41368057658699436,0,0,0,,0.956156849861145,-0.46610572934150696,0.0,False,False,1,False
107.750216584,2086,107,750216584,map,3.951698064804077,-4.4872236251831055,-0.2105712890625,0.00028076174203306437,0.0,0.0,0.0,0.0049634947047634504,0.005354624056127472,0.9179130658344111,0.3967143749500453,0,0,0,,0.971142053604126,-0.46041178703308105,0.0,False,False,1,False
107.800216585,2087,107,800216585,map,4.150073528289795,-4.701786041259766,-0.3859710693359375,0.0001176833757199347,0.0,0.0,0.0,0.005117650744359856,0.005630156271895936,0.9253676185405678,0.3789945666467673,0,0,0,,0.9786306619644165,-0.45453768968582153,0.0,False,False,1,False
107.850216586,2088,107,850216586,map,4.357431411743164,-4.838294982910156,-0.4287838935852051,6.67572021484375e-05,0.0,0.0,0.0,0.005243545806593105,0.005888547088984845,0.9326733013303843,0.36063602596806243,0,0,0,,0.9807642698287964,-0.44283583760261536,0.0,False,False,1,False
107.900216586,2089,107,900216586,map,4.568416595458984,-5.031447410583496,-0.861060619354248,-6.484988261945546e-05,0.0,0.0,0.0,0.005355098244841126,0.006211543739589844,0.9398090127296499,0.341601755322305,0,0,0,,0.975317120552063,-0.4373621940612793,0.0,False,False,1,False
107.900216586,2090,107,950216587,map,4.780971527099609,-5.148353576660156,-1.3010239601135254,-0.00036106110201217234,0.0,0.0,0.0,0.005446873456047607,0.006629574473597806,0.9467573810879314,0.3218335620586738,0,0,0,,0.963586688041687,-0.4328061640262604,0.0,False,False,1,False
108.000216588,2091,108,216588,map,4.989191055297852,-5.221652984619141,-2.0645642280578613,-0.0007431029807776213,0.0,0.0,0.0,0.005514438168298148,0.0072102281714904615,0.9535273860243302,0.30116959953323813,0,0,0,,0.9383389949798584,-0.436153769493103,0.0,False,False,1,False
108.050216589,2092,108,50216589,map,5.189358234405518,-5.180206298828125,-2.936222553253174,-0.0012208938132971525,0.0,0.0,0.0,0.005539702145965898,0.007983906441382822,0.9601253308227424,0.2794009986571065,0,0,0,,0.918225884437561,-0.4448443353176117,0.0,False,False,1,False
108.050216589,2093,108,100216589,map,5.231173992156982,-2.0575809478759766,-4.228198528289795,0.07110709697008133,0.0,0.0,0.0,0.00518959813054632,0.008717156487606053,0.966392676295719,0.2568701509635008,0,0,0,,0.888698935508728,-0.45780396461486816,0.0,False,False,1,False
108.15021659,2094,108,150216590,map,5.211114406585693,-0.7707977294921875,-5.113465785980225,-0.13762740790843964,0.0,0.0,0.0,0.004345103175518275,0.00930276310375836,0.9722038111554027,0.23391094085557276,0,0,0,,0.8333408832550049,-0.47148293256759644,0.0,False,False,0,False
108.200216591,2095,108,200216591,map,5.39870548248291,-4.699544906616211,-5.026814937591553,0.09497127681970596,0.0,0.0,0.0,0.003740014506226795,0.010085524693063364,0.9775943162258327,0.21022285167437318,0,0,0,,0.7197734117507935,-0.4704899191856384,0.0,False,False,0,False
108.250216592,2096,108,250216592,map,5.786312580108643,-8.43297004699707,-5.169719696044922,-0.028016280382871628,0.0,0.0,0.0,0.004325197177522231,0.011672332669388717,0.982912066229562,0.18365434756564883,0,0,0,,0.5742685794830322,-0.48189935088157654,0.0,False,False,2,False
108.300216592,2097,108,300216592,map,6.141911029815674,-7.481603622436523,-5.063183784484863,-0.014320564456284046,0.0,0.0,0.0,0.004884159279829513,0.012876331865045906,0.9878348097193344,0.15489588042487334,0,0,0,,0.45311105251312256,-0.48006293177604675,0.0,False,False,2,False
108.300216592,2098,108,350216593,map,6.274367332458496,-2.7783966064453125,-6.628570556640625,-0.003157805185765028,0.0,0.0,0.0,0.004833952155208937,0.013743610637939056,0.9920830242512425,0.12473579705001579,0,0,0,,0.2979152202606201,-0.4802006781101227,0.0,False,False,2,False
108.400216594,2099,108,400216594,map,6.398719310760498,-2.290372848510742,-6.231585502624512,0.0038228975608944893,0.0,0.0,0.0,0.004216144630455746,0.014244343371999875,0.9954366383617841,0.09426145454716017,0,0,0,,0.0,-0.4705522954463959,0.45767271518707275,False,False,2,False
108.450216595,2100,108,450216595,map,6.281899452209473,2.9447078704833984,-7.076311111450195,0.006045532412827015,0.0,0.0,0.0,0.002932766902384605,0.014565998691064083,0.9978572970980729,0.06371848388463519,0,0,0,,0.3695521354675293,-0.48874396085739136,0.0,False,False,2,False
108.500216595,2101,108,500216595,map,6.292609691619873,0.38277626037597656,-4.526027679443359,0.009683036245405674,0.0,0.0,0.0,0.001643762255427872,0.013981899174197055,0.9992886048178404,0.034986980754904085,0,0,0,,0.16508662700653076,-0.4214324355125427,0.0,False,False,2,False
108.550216596,2102,108,550216596,map,6.176635265350342,2.780447006225586,-2.636817693710327,0.01106338482350111,0.0,0.0,0.0,0.000535870681434133,0.012473907319359838,0.9998816852262551,0.008984989031984388,0,0,0,,0.37839770317077637,-0.3437682092189789,0.0,False,False,2,False
108.550216596,2103,108,600216597,map,6.1850056648254395,0.33944129943847656,-2.7220630645751953,0.006350517272949219,0.0,0.0,0.0,0.00020196864858341111,-0.010814357583173485,-0.9998509925219862,0.013453684682181857,0,0,0,,0.4537332057952881,-0.3058087229728699,0.0,False,False,2,False
108.650216598,2104,108,650216598,map,6.075422763824463,2.6995182037353516,-2.188694477081299,0.0003416056279093027,0.0,0.0,0.0,0.0007083292436445972,-0.00936644265104311,-0.9993919525865439,0.03357816443766114,0,0,0,,0.5204046964645386,-0.2689815163612366,0.0,False,False,2,False
108.650216598,2105,108,700216598,map,6.103923797607422,0.019655227661132812,-2.599611282348633,-0.00282611814327538,0.0,0.0,0.0,0.0009304614584103664,-0.008269477756532967,-0.9986551771081802,0.05117213317947466,0,0,0,,0.5535942316055298,-0.24678367376327515,0.0,False,False,2,False
108.750216599,2106,108,750216599,map,6.016566276550293,2.2987842559814453,-1.949622631072998,-0.0035348895471543074,0.0,0.0,0.0,0.0010367558704766295,-0.007382189127040738,-0.9977013297128854,0.0673534342858475,0,0,0,,0.5793056488037109,-0.22125807404518127,0.0,False,False,2,False
108.750216599,2107,108,800216600,map,6.073916912078857,-0.8207416534423828,-1.3599824905395508,-0.0022125244140625,0.0,0.0,0.0,0.000912830733708184,-0.006337792515915509,-0.9966910017519588,0.08103114310407844,0,0,0,,0.581251859664917,-0.17688143253326416,0.0,False,False,2,False
108.8002166,2108,108,850216601,map,6.010283946990967,1.2061405181884766,0.4137897491455078,-0.0008207320934161544,0.0,0.0,0.0,0.0006929451194633029,-0.004897615027577924,-0.9957114027423428,0.09238146807114007,0,0,0,,0.5731289386749268,-0.11920714378356934,0.0,False,False,2,False
108.900216601,2109,108,900216601,map,6.083556175231934,-1.8675899505615234,1.3170742988586426,-0.000490188249386847,0.0,0.0,0.0,0.0002964961852760581,-0.0030369290258968557,-0.9949880281810586,0.09994755088781822,0,0,0,,0.5906867980957031,-0.053313761949539185,0.0,False,False,2,False
108.950216602,2110,108,950216602,map,6.017999172210693,0.2163219451904297,4.738636016845703,-0.0015239717904478312,0.0,0.0,0.0,-0.00012963265342060896,-0.00039237253942634023,-0.9946379895006625,0.10341711212969275,0,0,0,,0.618161678314209,0.06543409824371338,0.0,False,False,2,False
108.950216602,2111,109,216603,map,6.081183910369873,-2.370786666870117,5.608978271484375,-0.004574393853545189,0.0,0.0,0.0,-0.0006134953549366487,0.0027799898294126562,-0.994881541867609,0.10100798449195306,0,0,0,,0.6447882652282715,0.15404808521270752,0.0,False,False,2,False
109.050216604,2112,109,50216604,map,6.0322113037109375,0.4125690460205078,3.797330856323242,-0.005469512660056353,0.0,0.0,0.0,-0.0008765648650262346,0.004888989492239321,-0.9954392457683643,0.09526823919802566,0,0,0,,0.5570729970932007,0.1348932981491089,0.0,False,False,2,False
109.100216604,2113,109,100216604,map,6.112593173980713,-2.0110321044921875,3.2005465030670166,-0.0016914366278797388,0.0,0.0,0.0,-0.001058028856435036,0.0059495881653215095,-0.996164071441083,0.08729619548139982,0,0,0,,0.5920524597167969,0.1492817997932434,0.0,False,False,2,False
109.150216605,2114,109,150216605,map,6.072004795074463,0.52398681640625,3.0447936058044434,0.001244163140654564,0.0,0.0,0.0,-0.001081820585275616,0.006341513553371656,-0.9968774820389469,0.0787013384496283,0,0,0,,0.5424402952194214,0.1481778621673584,0.0,False,False,2,False
109.200216606,2115,109,200216606,map,6.15008020401001,-1.7531204223632812,2.599323272705078,0.002216339111328125,0.0,0.0,0.0,-0.0011062580174562276,0.006422279774598846,-0.9975841369429136,0.06916227465575078,0,0,0,,0.5216693878173828,0.15320682525634766,0.0,False,False,2,False
109.250216607,2116,109,250216607,map,6.104428291320801,0.7858467102050781,2.5226736068725586,0.002271461533382535,0.0,0.0,0.0,-0.001021907955605633,0.006255862904119721,-0.998189472604586,0.05981301417612612,0,0,0,,0.5019645690917969,0.14704179763793945,0.0,False,False,2,False
109.300216607,2117,109,300216607,map,6.173781394958496,-1.4415645599365234,1.5749564170837402,0.0022373199462890625,0.0,0.0,0.0,-0.0009700633590364027,0.005802734643929274,-0.9987105637062546,0.05042417266814398,0,0,0,,0.4841192960739136,0.13188683986663818,0.0,False,False,2,False
109.300216607,2118,109,350216608,map,6.119204998016357,1.0578060150146484,1.6147260665893555,0.0016027450328692794,0.0,0.0,0.0,-0.0008436326502481591,0.005227827491954008,-0.9991034010229176,0.04200419226821166,0,0,0,,0.469246506690979,0.120280921459198,0.0,False,False,2,False
109.400216609,2119,109,400216609,map,6.177035808563232,-1.1665153503417969,0.9139857292175293,0.0008110047201626003,0.0,0.0,0.0,-0.0007741842269632132,0.00455132766320183,-0.9994108068340795,0.03401066360039129,0,0,0,,0.47356510162353516,0.10308223962783813,0.0,False,False,2,False
109.400216609,2120,109,450216609,map,6.113062858581543,1.2764453887939453,0.7919012308120728,0.0001590728061273694,0.0,0.0,0.0,-0.0006501453905248329,0.0038319067002946477,-0.9996182897343808,0.027352671359902422,0,0,0,,0.4581979513168335,0.08676069974899292,0.0,False,False,2,False
109.50021661,2121,109,500216610,map,6.16190767288208,-0.9768104553222656,-0.08564804494380951,-9.155279258266091e-05,0.0,0.0,0.0,-0.0005940249173579608,0.002965021701590859,-0.9997628853371602,0.021564528351509647,0,0,0,,0.45223093032836914,0.060509324073791504,0.0,False,False,2,False
109.550216611,2122,109,550216611,map,6.087424278259277,1.491994857788086,0.9282453060150146,-0.0008705139043740928,0.0,0.0,0.0,-0.000486324065273556,0.002469949492393215,-0.9998545610946205,0.01686770573292344,0,0,0,,0.4517941474914551,0.06750738620758057,0.0,False,False,2,False
109.600216612,2123,109,600216612,map,6.1290388107299805,-0.8312225341796875,0.15639059245586395,-0.0008178710704669356,0.0,0.0,0.0,-0.0004451441147631857,0.002014621239234595,-0.9999204117389404,0.012446418593615094,0,0,0,,0.4512515068054199,0.050038039684295654,0.0,False,False,2,False
109.650216612,2124,109,650216612,map,6.047931671142578,1.6242408752441406,0.23796334862709045,-0.000666236795950681,0.0,0.0,0.0,-0.0003515951847223549,0.001596883579397645,-0.9999570071704894,0.009127439635405906,0,0,0,,0.43761205673217773,0.04205799102783203,0.0,False,False,2,False
109.700216613,2125,109,700216613,map,6.084570407867432,-0.7315731048583984,0.1226477324962616,-0.0004306793271098286,0.0,0.0,0.0,-0.0003247390182054905,0.0012508213479440926,-0.999981106868997,0.006009650204566643,0,0,0,,0.45366692543029785,0.03462570905685425,0.0,False,False,2,False
109.750216614,2126,109,750216614,map,5.99962043762207,1.6971397399902344,-0.1972930133342743,-0.0003078460576944053,0.0,0.0,0.0,-0.00024769820495946474,0.0008624163951767432,-0.9999916591604003,0.00398453174035679,0,0,0,,0.4646252393722534,0.021197915077209473,0.0,False,False,2,False
109.800216615,2127,109,800216615,map,6.037339687347412,-0.7548904418945312,-0.05387201905250549,-0.00018291472224518657,0.0,0.0,0.0,-0.0002447989817334519,0.0005648726759676998,-0.9999975756910422,0.002114143882726487,0,0,0,,0.4765092134475708,0.017685115337371826,0.0,False,False,2,False
109.800216615,2128,109,850216615,map,5.953019142150879,1.6873455047607422,0.09577050805091858,-0.00013999939255882055,0.0,0.0,0.0,-0.0001948865660963214,0.0004104713399071153,-0.9999994302058971,0.000965981566334273,0,0,0,,0.46795713901519775,0.01687568426132202,0.0,False,False,2,False
109.900216616,2129,109,900216616,map,5.993557453155518,-0.811767578125,-0.10773241519927979,-4.272460500942543e-05,0.0,0.0,0.0,0.00021688697322755032,-0.00026637626377380415,0.999999902482319,0.00027755914582334345,0,0,0,,0.48159074783325195,0.010419964790344238,0.0,False,False,2,False
109.950216617,2130,109,950216617,map,5.911134243011475,1.6455459594726562,-0.43760034441947937,-6.67572021484375e-05,0.0,0.0,0.0,0.00018756306046421295,-2.062263006548687e-05,0.9999997900050079,0.0006199876975075993,0,0,0,,0.4908943176269531,-0.0006705522537231445,0.0,False,False,2,False
109.950216617,2131,110,216618,map,5.956141471862793,-0.9011745452880859,-0.26854008436203003,6.103515261202119e-05,0.0,0.0,0.0,0.0002293500160217095,0.00017461479526380462,0.9999994842350557,0.0009738777468696143,0,0,0,,0.4894355535507202,-0.0026432573795318604,0.0,False,False,2,False
110.050216618,2132,110,50216618,map,5.877097129821777,1.58050537109375,-0.22665682435035706,-5.722049536416307e-06,0.0,0.0,0.0,0.00021608138531139227,0.0002880315359959603,0.9999997099269993,0.000671187444990977,0,0,0,,0.5037345886230469,-0.004313647747039795,0.0,False,False,2,False
110.100216619,2133,110,100216619,map,5.927393436431885,-1.0058307647705078,0.0885109230875969,3.948211815441027e-05,0.0,0.0,0.0,0.00027157510341102185,0.00024849900062045026,0.9999996241097096,0.0007850322600448127,0,0,0,,0.500286340713501,0.0010039806365966797,0.0,False,False,2,False
110.100216619,2134,110,150216620,map,5.851837635040283,1.5110397338867188,-0.06288735568523407,4.768371945829131e-05,0.0,0.0,0.0,0.000268023667346156,0.00020257850854165835,0.9999998198472311,0.0004974241319047769,0,0,0,,0.5036561489105225,-0.0009245574474334717,0.0,False,False,2,False
110.200216621,2135,110,200216621,map,5.906363487243652,-1.0905075073242188,0.011998042464256287,7.247922440001275e-06,0.0,0.0,0.0,0.00032953245183294427,0.00015338581310951288,0.9999997317483891,0.0006359121837773605,0,0,0,,0.5107028484344482,0.00014197826385498047,0.0,False,False,2,False
110.200216621,2136,110,250216621,map,5.834097862243652,1.4452552795410156,-0.07098259776830673,-1.7547608877066523e-05,0.0,0.0,0.0,0.0003286457213479958,0.00013460951222889008,0.9999998802933264,0.00033657926511069505,0,0,0,,0.5040309429168701,-0.0013903975486755371,0.0,False,False,2,False
110.250216621,2137,110,300216622,map,5.891664981842041,-1.1513519287109375,-0.04976651072502136,6.198883056640625e-05,0.0,0.0,0.0,0.00038957007687285595,0.00012709255579102836,0.9999998267484391,0.00042259404817380174,0,0,0,,0.5079352855682373,-0.0015841126441955566,0.0,False,False,2,False
110.350216623,2138,110,350216623,map,5.821681022644043,1.3997650146484375,-0.15205682814121246,-0.0001089096040232107,0.0,0.0,0.0,0.0003850480900491044,0.0001573827207203445,0.9999999133946958,1.3388360758883378e-05,0,0,0,,0.5148637294769287,-0.004102081060409546,0.0,False,False,2,False
110.400216624,2139,110,400216624,map,5.881795406341553,-1.2023544311523438,0.20439019799232483,7.743836613371968e-05,0.0,0.0,0.0,0.00044233616374405617,7.737994123942587e-05,0.9999998906307586,0.00013072694321612693,0,0,0,,0.5015802383422852,0.0029187798500061035,0.0,False,False,2,False
110.450216624,2140,110,450216624,map,5.812875747680664,1.378936767578125,-0.4214172959327698,1.6403195331804454e-05,0.0,0.0,0.0,-0.0004315414158759602,-0.00016876633265418004,-0.9999998379623235,0.00033070418530866763,0,0,0,,0.5110349655151367,-0.008942604064941406,0.0,False,False,2,False
110.500216625,2141,110,500216625,map,5.8740105628967285,-1.2230777740478516,0.15645013749599457,1.1062621524615679e-05,0.0,0.0,0.0,-0.00048155418977374607,-0.00014301661069266166,-0.9999998094106234,0.0003589296982635618,0,0,0,,0.5036318302154541,0.00022327899932861328,0.0,False,False,2,False
110.550216626,2142,110,550216626,map,5.805825710296631,1.3656902313232422,-0.50468909740448,-4.3106076191179454e-05,0.0,0.0,0.0,-0.0004636945038510922,-0.0002677458847139453,-0.999999354776073,0.0010018717413166171,0,0,0,,0.5114784240722656,-0.012490898370742798,0.0,False,False,2,False
110.550216626,2143,110,600216627,map,5.868403911590576,-1.2521743774414062,0.10456983000040054,5.1689145038835704e-05,0.0,0.0,0.0,-0.0005087697943335646,-0.0002555850870673229,-0.9999990841107841,0.0012278465510230864,0,0,0,,0.5181660652160645,-0.002894759178161621,0.0,False,False,2,False
110.650216627,2144,110,650216627,map,5.802560329437256,1.317129135131836,-0.045032091438770294,-6.065368506824598e-05,0.0,0.0,0.0,-0.0004910675812202976,-0.00020940528822147185,-0.9999982670864013,0.0017834871039988525,0,0,0,,0.5228142738342285,-0.003811091184616089,0.0,False,False,2,False
110.700216628,2145,110,700216628,map,5.867955684661865,-1.3088130950927734,0.18750406801700592,-7.820131031621713e-06,0.0,0.0,0.0,-0.0005396125185013077,-9.583631761304255e-05,-0.9999983145782787,0.001752276899386036,0,0,0,,0.5204274654388428,0.0019338726997375488,0.0,False,False,2,False
110.700216628,2146,110,750216629,map,5.8041887283325195,1.275033950805664,0.08703887462615967,4.234313382767141e-05,0.0,0.0,0.0,-0.0005245124589063956,-4.717298498229089e-06,-0.9999978684820241,0.0019969716663032107,0,0,0,,0.5218881368637085,0.0019541382789611816,0.0,False,False,2,False
110.750216629,2147,110,800216630,map,5.871108531951904,-1.3388442993164062,0.18247774243354797,-2.2888161765877157e-06,0.0,0.0,0.0,-0.0005732507011370515,8.984851507387613e-05,-0.9999984137315855,0.0016839967906327894,0,0,0,,0.5178477764129639,0.005078911781311035,0.0,False,False,2,False
110.85021663,2148,110,850216630,map,5.808726787567139,1.2477588653564453,-0.06491823494434357,-2.0980837689421605e-06,0.0,0.0,0.0,-0.0005559709326471179,8.74200124516818e-05,-0.9999982336230548,0.0017933222895011125,0,0,0,,0.5269970893859863,0.0008436441421508789,0.0,False,False,2,False
110.900216631,2149,110,900216631,map,5.877070426940918,-1.3658523559570312,-0.2952699363231659,-2.765655517578125e-05,0.0,0.0,0.0,-0.0006024827684634725,-3.6242132667983685e-05,-0.999998383837026,0.0016935242418447943,0,0,0,,0.5264911651611328,-0.005484223365783691,0.0,False,False,2,False
110.95021663200001,2150,110,950216632,map,5.816850185394287,1.2067699432373047,-0.37083595991134644,-2.5749204723979346e-05,0.0,0.0,0.0,-0.0005846462543488792,-0.00021560976211915374,-0.9999971809553037,0.0022912404137401033,0,0,0,,0.5326201915740967,-0.01028132438659668,0.0,False,False,2,False
111.000216633,2151,111,216633,map,5.88784646987915,-1.4200878143310547,0.015516728162765503,7.858275785110891e-05,0.0,0.0,0.0,-0.00063299173967914,-0.00024302494920961976,-0.999996644976753,0.002500059113132456,0,0,0,,0.5430139303207397,-0.003990769386291504,0.0,False,False,2,False
111.050216633,2152,111,50216633,map,5.830895900726318,1.1394596099853516,-0.05177818238735199,5.149840944795869e-06,0.0,0.0,0.0,-0.000620407941985682,-0.00022031239283766744,-0.9999950852480666,0.0030652954420459255,0,0,0,,0.5400117635726929,-0.004126042127609253,0.0,False,False,2,False
111.100216634,2153,111,100216634,map,5.904752254486084,-1.4783477783203125,0.15728510916233063,-1.9073486328125e-05,0.0,0.0,0.0,-0.0006737645174806362,-0.00011991620812487535,-0.9999950798021613,0.0030613776223865057,0,0,0,,0.5369715690612793,0.0012208819389343262,0.0,False,False,2,False
111.150216635,2154,111,150216635,map,5.849458694458008,1.1043739318847656,0.26451975107192993,-3.490447852527723e-05,0.0,0.0,0.0,-0.0006617717106554948,3.008739283896336e-05,-0.9999945667330571,0.003229188337185445,0,0,0,,0.5369369983673096,0.005654513835906982,0.0,False,False,2,False
111.150216635,2155,111,200216636,map,5.924177169799805,-1.4933013916015625,-0.20064778625965118,1.6784666513558477e-05,0.0,0.0,0.0,-0.0007112620109728999,1.862414443739623e-05,-0.9999951842412822,0.0030208034919908056,0,0,0,,0.5363264083862305,-0.0021643638610839844,0.0,False,False,2,False
111.200216636,2156,111,250216636,map,5.870342254638672,1.0787105560302734,-0.2674158811569214,-1.0681151252356358e-05,0.0,0.0,0.0,-0.0006936913985227391,-0.00010164340919258288,-0.9999938573209132,0.003434207521694096,0,0,0,,0.5430084466934204,-0.006398916244506836,0.0,False,False,2,False
111.300216637,2157,111,300216637,map,5.9461846351623535,-1.5142059326171875,-0.2795010805130005,-7.820126484148204e-06,0.0,0.0,0.0,-0.0007390483489436736,-0.0002278858572412253,-0.9999930852001191,0.0036375029239051624,0,0,0,,0.5462512969970703,-0.008625626564025879,0.0,False,False,2,False
111.300216637,2158,111,350216638,map,5.893378257751465,1.05194091796875,0.47836557030677795,5.2642819355241954e-05,0.0,0.0,0.0,-0.0007203718979729655,-7.87094806991743e-05,-0.9999918055207768,0.003982933647846048,0,0,0,,0.5252124071121216,0.0066375732421875,0.0,False,False,2,False
111.350216638,2159,111,400216639,map,5.96881103515625,-1.5085792541503906,-0.017157942056655884,-1.983642505365424e-05,0.0,0.0,0.0,-0.0007607965867495078,1.5253979254950941e-05,-0.9999926663117774,0.003753435563842598,0,0,0,,0.543067216873169,0.0014136433601379395,0.0,False,False,2,False
111.450216639,2160,111,450216639,map,5.9168620109558105,1.0431480407714844,-0.46399354934692383,-2.136230432370212e-05,0.0,0.0,0.0,-0.0007351031386607129,-0.00012963992134718778,-0.999990924207383,0.0041945583474651,0,0,0,,0.5526266098022461,-0.009687155485153198,0.0,False,False,2,False
111.50021664,2161,111,500216640,map,5.9942779541015625,-1.5472412109375,-0.10431215167045593,4.692077709478326e-05,0.0,0.0,0.0,-0.0007758951455709778,-0.00021456795961794108,-0.9999900890457859,0.004378784935901567,0,0,0,,0.5530140399932861,-0.005603283643722534,0.0,False,False,2,False
111.550216641,2162,111,550216641,map,5.944185733795166,0.9956741333007812,0.7169100642204285,7.057189577608369e-06,0.0,0.0,0.0,-0.0007563328818492501,3.9992177139096474e-05,-0.999989503338672,0.004518802238860978,0,0,0,,0.5389468669891357,0.012904345989227295,0.0,False,False,2,False
111.600216642,2163,111,600216642,map,6.021853446960449,-1.5524768829345703,-0.1444920152425766,-1.926422191900201e-05,0.0,0.0,0.0,-0.0007978124391503249,0.00011495263431184963,-0.9999911590642369,0.004126993405359006,0,0,0,,0.5441824197769165,0.0013726353645324707,0.0,False,False,2,False
111.650216642,2164,111,650216642,map,5.972242832183838,0.9939479827880859,-0.22059805691242218,-5.3787229262525216e-05,0.0,0.0,0.0,-0.0007730333741088569,1.6889729766618822e-05,-0.9999903086743182,0.004334131006502919,0,0,0,,0.541733980178833,-0.003299891948699951,0.0,False,False,2,False
111.700216643,2165,111,700216643,map,6.049293041229248,-1.540079116821289,-0.10813198983669281,8.239745511673391e-05,0.0,0.0,0.0,-0.0008091663055731893,-6.370497332086801e-05,-0.9999905557482697,0.004269614248759357,0,0,0,,0.5467240810394287,-0.0027164816856384277,0.0,False,False,2,False
111.750216644,2166,111,750216644,map,6.000498294830322,0.9785175323486328,-0.24308480322360992,-5.6076052715070546e-05,0.0,0.0,0.0,-0.0007816453220253339,-0.0001670211028758487,-0.9999883923419669,0.004751454079562513,0,0,0,,0.5514072179794312,-0.0066606104373931885,0.0,False,False,2,False
111.800216645,2167,111,800216645,map,6.078689098358154,-1.560201644897461,-0.29389679431915283,2.4795534045551904e-05,0.0,0.0,0.0,-0.0008179431463051352,-0.00027778458700176533,-0.9999870627208518,0.005012803173443145,0,0,0,,0.5584068298339844,-0.009089350700378418,0.0,False,False,2,False
111.800216645,2168,111,850216645,map,6.031183242797852,0.9429550170898438,0.6405698657035828,3.852844383800402e-05,0.0,0.0,0.0,-0.0007950481549668895,-6.173724987089845e-05,-0.9999856342437101,0.005300508763110647,0,0,0,,0.5400866270065308,0.00975412130355835,0.0,False,False,2,False
111.900216646,2169,111,900216646,map,6.109530448913574,-1.5659427642822266,-0.11731639504432678,-4.5204160414868966e-05,0.0,0.0,0.0,-0.0008325264763270302,2.723091039509529e-05,-0.9999869596602138,0.005038518399850682,0,0,0,,0.5569040775299072,0.00040417909622192383,0.0,False,False,2,False
111.950216647,2170,111,950216647,map,6.063082695007324,0.9281158447265625,0.09548097848892212,-5.149840944795869e-06,0.0,0.0,0.0,-0.0008076661899030543,6.0287312642963026e-05,-0.9999863951871444,0.005153007023658299,0,0,0,,0.5500845909118652,0.0028282999992370605,0.0,False,False,2,False
111.950216647,2171,112,216647,map,6.140707015991211,-1.5540218353271484,0.1866377890110016,6.50405854685232e-05,0.0,0.0,0.0,-0.0008432164369340111,0.00013367657964479348,-0.9999883263377719,0.004755870561164567,0,0,0,,0.5326430797576904,0.006024301052093506,0.0,False,False,2,False
112.050216648,2172,112,50216648,map,6.092642784118652,0.9593486785888672,0.3343416750431061,-3.299712989246473e-05,0.0,0.0,0.0,-0.0008116045747888612,0.00025330653655334534,-0.9999892985340322,0.004547521437770898,0,0,0,,0.5468583106994629,0.010318875312805176,0.0,False,False,2,False
112.100216649,2173,112,100216649,map,6.168478012084961,-1.5123844146728516,-0.6235145926475525,-3.623962038545869e-05,0.0,0.0,0.0,-0.0008379829009082856,5.4202870973846174e-05,-0.9999904800418757,0.004281900550631373,0,0,0,,0.5460762977600098,-0.008263915777206421,0.0,False,False,2,False
112.100216649,2174,112,150216650,map,6.121478080749512,0.9428691864013672,-0.2649502456188202,1.239776611328125e-05,0.0,0.0,0.0,-0.0008033268531131954,-0.00015734638093308306,-0.9999883425581813,0.004758640123502652,0,0,0,,0.5582153797149658,-0.0075397491455078125,0.0,False,False,2,False
112.20021665,2175,112,200216650,map,6.198665142059326,-1.5444469451904297,0.05297467112541199,6.809234764659777e-05,0.0,0.0,0.0,-0.0008345627135687404,-0.00017862334331923184,-0.9999878918690195,0.004846412501273515,0,0,0,,0.5571317672729492,-0.001600801944732666,0.0,False,False,2,False
112.250216651,2176,112,250216651,map,6.153473854064941,0.9025192260742188,0.12636765837669373,-5.207061622058973e-05,0.0,0.0,0.0,-0.0008087274989599666,-0.00010352671166180174,-0.9999862924888375,0.005172047610102958,0,0,0,,0.5571149587631226,0.0012544989585876465,0.0,False,False,2,False
112.300216652,2177,112,300216652,map,6.231767177581787,-1.5673255920410156,0.1450963318347931,-2.3460386728402227e-05,0.0,0.0,0.0,-0.0008463409053180299,8.696149494847062e-07,-0.9999873846340813,0.004951189655564426,0,0,0,,0.5589888095855713,0.003694295883178711,0.0,False,False,2,False
112.350216653,2178,112,350216653,map,6.188126564025879,0.8712291717529297,0.19789636135101318,3.814693627646193e-07,0.0,0.0,0.0,-0.0008243771688007092,0.00010324022642809448,-0.9999873697038044,0.004956831307003716,0,0,0,,0.5601940155029297,0.005752980709075928,0.0,False,False,2,False
112.400216653,2179,112,400216653,map,6.267004489898682,-1.5777587890625,0.022768303751945496,-2.174377368646674e-05,0.0,0.0,0.0,-0.0008635328682474925,0.0001382946143732969,-0.9999893170987284,0.00453881856918289,0,0,0,,0.5575165748596191,0.0036870241165161133,0.0,False,False,2,False
112.400216653,2180,112,450216654,map,6.224668979644775,0.8487510681152344,-0.2481737732887268,3.2806394301587716e-05,0.0,0.0,0.0,-0.0008410078761098647,3.33478277108941e-05,-0.9999886899078718,0.004680988144931876,0,0,0,,0.5631763935089111,-0.0031058192253112793,0.0,False,False,2,False
112.500216655,2181,112,500216655,map,6.302725315093994,-1.5654659271240234,0.6711524128913879,2.613067590573337e-05,0.0,0.0,0.0,-0.0008778495403045196,0.00021180825374183637,-0.9999909812397146,0.0041499345393679644,0,0,0,,0.5407102108001709,0.01470726728439331,0.0,False,False,2,False
112.550216656,2182,112,550216656,map,6.258325576782227,0.8943557739257812,-0.8775441646575928,-5.9318539570085704e-05,0.0,0.0,0.0,-0.0008461604321948652,-2.617470574075938e-05,-0.9999901188183791,0.004364125687003305,0,0,0,,0.5445327758789062,-0.01331549882888794,0.0,False,False,2,False
112.550216656,2183,112,600216656,map,6.335224628448486,-1.5415668487548828,0.384419709444046,4.272460500942543e-05,0.0,0.0,0.0,-0.0008732231876595766,-2.636317708277712e-05,-0.9999906390419645,0.004237760575002546,0,0,0,,0.5862998962402344,0.005326390266418457,0.0,False,False,2,False
112.650216657,2184,112,650216657,map,6.295906066894531,0.7883930206298828,-0.23399502038955688,-4.57763671875e-05,0.0,0.0,0.0,-0.0008496706536712957,-6.669063505298341e-05,-0.9999895184317072,0.0044985151840866225,0,0,0,,0.5899351835250854,-0.003717184066772461,0.0,False,False,2,False
112.700216658,2185,112,700216658,map,6.377627372741699,-1.637125015258789,0.32502204179763794,2.307891918462701e-05,0.0,0.0,0.0,-0.0008953960283476519,2.9753517330445163e-05,-0.9999905811381345,0.004246765321571042,0,0,0,,0.5588862895965576,0.006415605545043945,0.0,False,False,2,False
112.750216659,2186,112,750216659,map,6.341370582580566,0.7230472564697266,0.3990708589553833,-1.3542176020564511e-05,0.0,0.0,0.0,-0.0008842050911787696,0.0002116030858287764,-0.9999913819133679,0.004050864658766785,0,0,0,,0.6052422523498535,0.010934412479400635,0.0,False,False,2,False
112.800216659,2187,112,800216659,map,6.426999568939209,-1.7094993591308594,-0.5380351543426514,4.00543212890625e-05,0.0,0.0,0.0,-0.0009381533493954343,7.159140858843759e-05,-0.9999925578303263,0.003741527351906821,0,0,0,,0.5874112844467163,-0.006101131439208984,0.0,False,False,2,False
112.800216659,2188,112,850216660,map,6.396053791046143,0.6151390075683594,1.2215023040771484,-5.760192289017141e-05,0.0,0.0,0.0,-0.0009373709184543994,0.00038733545184168114,-0.9999940680129408,0.0032916934758127738,0,0,0,,0.6072688102722168,0.025468826293945312,0.0,False,False,2,False
112.900216661,2189,112,900216661,map,6.485970497131348,-1.7985153198242188,-0.22533221542835236,-6.427765038097277e-05,0.0,0.0,0.0,-0.0009997619730716275,0.00043038576843124266,-0.9999965778779862,0.0023789654062386584,0,0,0,,0.5948660373687744,0.005477488040924072,0.0,False,False,2,False
112.950216662,2190,112,950216662,map,6.459829807281494,0.5235767364501953,-0.4308713972568512,0.00010414123244117945,0.0,0.0,0.0,-0.0010030926195046608,0.00018466797979470111,-0.9999968827533404,0.0022790758074789203,0,0,0,,0.5908608436584473,-0.003947317600250244,0.0,False,False,2,False
113.000216662,2191,113,216662,map,6.549180507659912,-1.787729263305664,0.33205148577690125,-9.346005754196085e-06,0.0,0.0,0.0,-0.0010591838806283556,0.00016582568292097604,-0.999997724544612,0.0018443256080187473,0,0,0,,0.5801846981048584,0.007629334926605225,0.0,False,False,2,False
113.050216663,2192,113,50216663,map,6.522529602050781,0.53985595703125,1.4513187408447266,-0.0001066207914846018,0.0,0.0,0.0,-0.001047309342313575,0.0006547226561722845,-0.9999988287625786,0.0009038555502618722,0,0,0,,0.6117230653762817,0.034407615661621094,0.0,False,False,2,False
113.050216663,2193,113,100216664,map,6.610214710235596,-1.7602920532226562,-1.620826244354248,0.00019645689462777227,0.0,0.0,0.0,-0.001088991893091432,0.00022974217351308428,-0.9999993276539235,0.0003255869951331762,0,0,0,,0.5512875318527222,-0.019464939832687378,0.0,False,False,2,False
113.150216665,2194,113,150216665,map,6.5810112953186035,0.5838584899902344,0.43439769744873047,9.72747784544481e-06,0.0,0.0,0.0,-0.001060874635553464,7.438823928834148e-05,-0.9999993459552896,0.00042083297183951397,0,0,0,,0.5524097681045532,0.006088137626647949,0.0,False,False,2,False
113.150216665,2195,113,200216665,map,6.660586833953857,-1.5915966033935547,-0.12858787178993225,-3.6621091567212716e-05,0.0,0.0,0.0,-0.001073066089089206,2.379225617520283e-05,-0.9999994105074393,0.0001641580662565009,0,0,0,,0.5482555627822876,-0.0005334615707397461,0.0,False,False,2,False
113.250216666,2196,113,250216666,map,6.624060153961182,0.7311248779296875,0.3709009885787964,6.8664553509734105e-06,0.0,0.0,0.0,-0.00101525678181908,0.00012001440338858002,-0.999999473141658,9.255601768019413e-05,0,0,0,,0.5326180458068848,0.00844663381576538,0.0,False,False,2,False
113.300216667,2197,113,300216667,map,6.693805694580078,-1.3954925537109375,-0.35737454891204834,5.226135181146674e-05,0.0,0.0,0.0,0.0009995634588030975,-3.4270657251472704e-05,0.9999994832274405,0.0001823273582227743,0,0,0,,0.510958194732666,-0.0037612617015838623,0.0,False,False,2,False
113.300216667,2198,113,350216668,map,6.647211074829102,0.9319400787353516,0.08104725182056427,-2.4414061044808477e-05,0.0,0.0,0.0,0.00091499072764733,9.017397724912688e-07,0.9999995808546409,3.2889173068934316e-05,0,0,0,,0.5068131685256958,0.001505732536315918,0.0,False,False,2,False
113.350216668,2199,113,400216668,map,6.705906867980957,-1.1724662780761719,0.5151941180229187,-1.9073513612966053e-06,0.0,0.0,0.0,0.0008751412811314753,-0.00017596617049394177,0.9999994609961848,0.0005302555845872256,0,0,0,,0.5014255046844482,0.011615216732025146,0.0,False,False,2,False
113.400216668,2200,113,450216669,map,6.6496124267578125,1.1265087127685547,0.11709339916706085,1.2207033250888344e-05,0.0,0.0,0.0,0.0007746321645221583,-0.0002720262223205569,0.9999993105887157,0.0008395051145827379,0,0,0,,0.4795820713043213,0.00736469030380249,0.0,False,False,2,False
113.50021667,2201,113,500216670,map,6.698136806488037,-0.9695911407470703,0.1484738290309906,-2.555847095209174e-05,0.0,0.0,0.0,0.0007242746670077635,-0.0003033647354468566,0.999998547072103,0.0015130266776336933,0,0,0,,0.485812783241272,0.007518291473388672,0.0,False,False,2,False
113.50021667,2202,113,550216671,map,6.6324615478515625,1.3222789764404297,0.868374228477478,-2.7275087632006034e-05,0.0,0.0,0.0,0.0006169501247314022,-0.0005622571102621454,0.9999970971317783,0.002260302524492668,0,0,0,,0.47098255157470703,0.02305006980895996,0.0,False,False,2,False
113.600216671,2203,113,600216671,map,6.671649932861328,-0.786285400390625,-0.1953001320362091,5.0735470722429454e-05,0.0,0.0,0.0,0.0005650922087376284,-0.0005297091223470391,0.9999942362807125,0.003305674574988925,0,0,0,,0.4410916566848755,0.006274580955505371,0.0,False,False,2,False
113.600216671,2204,113,650216672,map,6.59493350982666,1.5487003326416016,0.9240379929542542,-2.0980833141948096e-05,0.0,0.0,0.0,0.0004525592513929841,-0.0007167325786494334,0.9999905099238796,0.004273353099592188,0,0,0,,0.4473341703414917,0.02590799331665039,0.0,False,False,2,False
113.700216673,2205,113,700216673,map,6.621093273162842,-0.4582786560058594,2.3448688983917236,-0.00032215117244049907,0.0,0.0,0.0,0.00037921736321443634,-0.0014958817862523923,0.9999750647610975,0.006891181895144469,0,0,0,,0.4516336917877197,0.0652996301651001,0.0,False,False,2,False
113.750216674,2206,113,750216674,map,6.532181262969971,1.7232704162597656,-1.8796634674072266,0.00028133392333984375,0.0,0.0,0.0,0.0002646084848518243,-0.0010230571996554015,0.9999638725416912,0.008434272211670842,0,0,0,,0.3246053457260132,-0.015157222747802734,0.0,False,False,2,False
113.800216674,2207,113,800216674,map,6.533337116241455,0.12701988220214844,3.964223623275757,-0.0001659393310546875,0.0,0.0,0.0,0.00015515683338471743,-0.0017009303620692084,0.9999364251831457,0.011145777416212624,0,0,0,,0.4200596809387207,0.11806291341781616,0.0,False,False,2,False
113.850216675,2208,113,850216675,map,6.424440383911133,2.0801639556884766,-2.22767972946167,-2.0408642740221694e-05,0.0,0.0,0.0,-1.4574708400831288e-06,-0.0014709809292130502,0.9999054301420925,0.013673587142320478,0,0,0,,0.23586440086364746,-0.027249068021774292,0.0,False,False,2,False
113.900216676,2209,113,900216676,map,6.4176411628723145,0.17910003662109375,1.0556695461273193,0.0004711151123046875,0.0,0.0,0.0,-0.00010250332022570909,-0.0011101439958608652,0.999878561005702,0.015544140842910168,0,0,0,,0.5280551910400391,0.03140115737915039,0.0,False,False,2,False
113.950216677,2210,113,950216677,map,6.305730819702148,2.3931407928466797,2.704111337661743,-0.0004800796159543097,0.0,0.0,0.0,-0.0002555984112269149,-0.0018323891448307392,0.9998290912596758,0.018394708215267962,0,0,0,,0.6086965799331665,0.08330273628234863,0.0,False,False,2,False
114.000216677,2211,114,216677,map,6.323739051818848,-0.060291290283203125,3.679917335510254,-0.00148944859392941,0.0,0.0,0.0,-0.0003142435526867169,-0.003180124387819588,0.9997085992583798,0.023927068953705215,0,0,0,,0.6280413866043091,0.1253601312637329,0.0,False,False,2,False
114.050216678,2212,114,50216678,map,6.253156661987305,1.2374210357666016,-2.024679183959961,0.0009729386074468493,0.0,0.0,0.0,-0.00026920260742736705,-0.002657936134885182,0.9995961135726577,0.028292625114991105,0,0,0,,0.604583740234375,0.004396677017211914,0.0,False,False,2,False
114.100216679,2213,114,100216679,map,6.301493167877197,-1.0505199432373047,-1.0571229457855225,0.0019428252708166838,0.0,0.0,0.0,-7.104112307928597e-05,-0.0013385561456053406,0.9995320066160286,0.030560938642966676,0,0,0,,0.32608962059020996,-0.00047066807746887207,0.0,False,False,2,False
114.100216679,2214,114,150216680,map,6.205003261566162,2.3473644256591797,4.5063676834106445,-0.0006801605923101306,0.0,0.0,0.0,-6.299597041138757e-05,-0.002031820215409929,0.9994313886461673,0.03365660599218976,0,0,0,,0.852275013923645,0.17625176906585693,0.0,False,False,2,False
114.15021668,2215,114,200216680,map,6.216263294219971,0.8168506622314453,7.431117057800293,-0.00441894493997097,0.0,0.0,0.0,-0.00023933237741706904,-0.004920577068007864,0.9990945114431861,0.04225976627280675,0,0,0,,0.8385748863220215,0.2566947937011719,0.0,False,False,2,False
114.250216681,2216,114,250216681,map,6.180023670196533,1.3102054595947266,3.098311424255371,-0.0037485118955373764,0.0,0.0,0.0,-0.0003509495233378305,-0.00656832619933709,0.9985607934145543,0.053226645401218096,0,0,0,,0.8687862157821655,0.18018782138824463,0.0,False,False,2,False
114.300216682,2217,114,300216682,map,6.297793865203857,-1.5238761901855469,4.128940105438232,0.0009407044854015112,0.0,0.0,0.0,-0.0002214338955223878,-0.0072855700536935694,0.9978388990915603,0.06530239578886318,0,0,0,,0.8984014987945557,0.19548362493515015,0.0,False,False,2,False
114.350216683,2218,114,350216683,map,6.322558403015137,0.8086109161376953,5.234880447387695,0.00011653872206807137,0.0,0.0,0.0,-0.00011836262627497795,-0.008191810060554448,0.9968787947456349,0.07852100881108597,0,0,0,,0.8501548767089844,0.23289179801940918,0.0,False,False,2,False
114.350216683,2219,114,400216683,map,6.494128227233887,-1.9582843780517578,5.49832820892334,-0.00031146977562457323,0.0,0.0,0.0,5.700444573472044e-05,-0.009073605401590015,0.9955770950204278,0.09350889960958488,0,0,0,,0.8615410327911377,0.24085664749145508,0.0,False,False,2,False
114.450216684,2220,114,450216684,map,6.589352130889893,-1.344003677368164,2.0447158813476562,0.004652213305234909,0.0,0.0,0.0,0.00038950512250429843,-0.00863538744151573,0.994175065212142,0.10743006134191521,0,0,0,,0.8939516544342041,0.1664513349533081,0.0,False,False,2,False
114.500216685,2221,114,500216685,map,6.810081481933594,-2.533283233642578,6.149468421936035,0.0019618987571448088,0.0,0.0,0.0,0.0006930857427257674,-0.008818779245790113,0.9925344464688719,0.12164341880059694,0,0,0,,0.889183759689331,0.22984403371810913,0.0,False,False,2,False
114.550216685,2222,114,550216685,map,6.944571018218994,-0.3614330291748047,6.427736282348633,-0.0037576674949377775,0.0,0.0,0.0,0.0007687469918695935,-0.009846192248913354,0.9904263965205616,0.1376881062458023,0,0,0,,0.9013798236846924,0.24883157014846802,0.0,False,False,2,False
114.600216686,2223,114,600216686,map,7.186361312866211,-2.0165252685546875,7.384605407714844,-0.0037788390181958675,0.0,0.0,0.0,0.0007662864355273856,-0.011027282072436001,0.9877454201080224,0.15568171668767036,0,0,0,,0.9118077754974365,0.26672446727752686,0.0,False,False,2,False
114.650216687,2224,114,650216687,map,7.321702480316162,0.46794891357421875,7.033452987670898,-0.00243873568251729,0.0,0.0,0.0,0.0005577083599502216,-0.012141686925865924,0.9844476796132775,0.17525705265127797,0,0,0,,0.8944046497344971,0.2800321578979492,0.0,False,False,2,False
114.700216688,2225,114,700216688,map,7.559756755828857,-1.7066478729248047,6.8032073974609375,0.0012964248890057206,0.0,0.0,0.0,0.00039647062771233036,-0.012709259602271459,0.9806548580193376,0.19533142853743823,0,0,0,,0.885787844657898,0.25834357738494873,0.0,False,False,2,False
114.750216688,2226,114,750216688,map,7.7036004066467285,0.4404163360595703,6.371560096740723,0.0028367992490530014,0.0,0.0,0.0,0.00015465746568129896,-0.013017350589580031,0.9764291415838521,0.21544525088875366,0,0,0,,0.8937933444976807,0.2550466060638428,0.0,False,False,2,False
114.800216689,2227,114,800216689,map,7.9500932693481445,-2.978382110595703,4.521493911743164,0.007691574282944202,0.0,0.0,0.0,0.00025940747769364865,-0.012218571311567153,0.9722256121442229,0.2337263320930185,0,0,0,,0.9161238670349121,0.1776483654975891,0.0,False,False,2,False
114.85021669,2228,114,850216690,map,8.086179733276367,1.605367660522461,7.278480529785156,0.0015209198463708162,0.0,0.0,0.0,3.544858706812284e-05,-0.012299401551306698,0.9677575466622202,0.2515830962986145,0,0,0,,0.927609920501709,0.25282424688339233,0.0,False,False,2,False
114.900216691,2229,114,900216691,map,8.278514862060547,1.7506790161132812,8.827333450317383,-0.008230400271713734,0.0,0.0,0.0,-0.0006423587614701669,-0.013578728490700128,0.962346670374744,0.27148497477105693,0,0,0,,0.9417459964752197,0.28306907415390015,0.0,False,False,2,False
114.950216691,2230,114,950216691,map,8.450769424438477,0.4722118377685547,6.084442138671875,-0.0014400476356968284,0.0,0.0,0.0,-0.0010422649860996323,-0.013947585396104025,0.9564783854522271,0.2914677970342832,0,0,0,,0.9067356586456299,0.2212594747543335,0.0,False,False,2,False
114.950216691,2231,115,216692,map,8.660370826721191,1.2308025360107422,7.841358184814453,0.0014375685714185238,0.0,0.0,0.0,-0.0014080631431648612,-0.0142703364130275,0.9502388558009464,0.31119204967825276,0,0,0,,0.9330836534500122,0.2403724193572998,0.0,False,False,2,False
115.050216693,2232,115,50216693,map,8.793107986450195,4.567937850952148,8.675680160522461,-0.004953956231474876,0.0,0.0,0.0,-0.0022248677146924356,-0.015403258716534111,0.9430406692918313,0.33231323423267173,0,0,0,,0.9502743482589722,0.30413341522216797,0.0,False,False,2,False
115.100216694,2233,115,100216694,map,8.94890308380127,5.692958831787109,9.629802703857422,-0.010397340171039104,0.0,0.0,0.0,-0.0034874389919231827,-0.017192576171509502,0.9343243293715909,0.3559919951883628,0,0,0,,0.9456156492233276,0.34683895111083984,0.0,False,False,2,False
115.150216694,2234,115,150216694,map,9.119237899780273,4.444704055786133,8.201427459716797,-0.00274658203125,0.0,0.0,0.0,-0.004506997523257803,-0.018253080431583916,0.9244741585636153,0.38078083220689996,0,0,0,,0.9491591453552246,0.30185556411743164,0.0,False,False,2,False
115.200216695,2235,115,200216695,map,9.287801742553711,6.488924026489258,9.130697250366211,0.00033798394724726677,0.0,0.0,0.0,-0.005592694500741371,-0.01926492433509206,0.9134863406121835,0.40637456856150134,0,0,0,,0.9611151218414307,0.340973436832428,0.0,False,False,2,False
115.200216695,2236,115,250216696,map,9.393586158752441,9.745216369628906,8.965015411376953,-0.00641784630715847,0.0,0.0,0.0,-0.007202252611838676,-0.02078346192449392,0.9006867269520962,0.43391196706252316,0,0,0,,0.9036225080490112,0.4193093776702881,0.0,False,False,2,False
115.300216697,2237,115,300216697,map,9.590280532836914,6.182928085327148,8.11056137084961,0.001577567309141159,0.0,0.0,0.0,-0.008372340515430014,-0.02140756930507082,0.886623523674928,0.46192028225333065,0,0,0,,0.9716252088546753,0.3116236925125122,0.0,False,False,2,False
115.300216697,2238,115,350216697,map,9.705660820007324,10.820798873901367,8.00048828125,0.004883194342255592,0.0,0.0,0.0,-0.009691394483006951,-0.022079770905381865,0.8713781337241205,0.49001909009467115,0,0,0,,0.8591964244842529,0.44292151927948,0.0,False,False,2,False
115.400216698,2239,115,400216698,map,9.79288101196289,12.446260452270508,7.056846618652344,-0.010403824970126152,0.0,0.0,0.0,-0.011719194848849427,-0.02328892870362648,0.8538329704433099,0.5198937822823873,0,0,0,,0.7491576671600342,0.4353410005569458,0.0,False,False,2,False
115.400216698,2240,115,450216699,map,9.847153663635254,13.386011123657227,5.584678649902344,-0.006494903936982155,0.0,0.0,0.0,-0.013886969521337021,-0.02420039953018752,0.8340956109752501,0.5509137904354157,0,0,0,,0.5170187950134277,0.44804662466049194,0.0,False,False,2,False
115.5002167,2241,115,500216700,map,9.879913330078125,13.467597961425781,4.084491729736328,0.0018842704594135284,0.0,0.0,0.0,-0.01590979878636212,-0.024512448084287493,0.8125208685390009,0.582199155255416,0,0,0,,0.6705092191696167,0.4335806369781494,0.0,False,False,2,False
115.5502167,2242,115,550216700,map,9.928646087646484,12.766693115234375,3.3010292053222656,0.011455155909061432,0.0,0.0,0.0,-0.01748105669686389,-0.024167026561473483,0.7897662565229706,0.6126823218778483,0,0,0,,0.8294786214828491,0.39482593536376953,0.0,False,False,2,False
115.600216701,2243,115,600216701,map,9.992141723632812,12.976192474365234,2.7464866638183594,0.012924574315547943,0.0,0.0,0.0,-0.01870620947066549,-0.02355005325012749,0.7662571837900782,0.64182972898523,0,0,0,,0.8984053134918213,0.3776686191558838,0.0,False,False,2,False
115.650216702,2244,115,650216702,map,10.065446853637695,13.383980751037598,2.0832061767578125,0.007918547838926315,0.0,0.0,0.0,-0.019783027047850513,-0.022948718787482943,0.7420907333358733,0.6696143155905964,0,0,0,,0.8695893287658691,0.37038952112197876,0.0,False,False,2,False
115.700216703,2245,115,700216703,map,10.130561828613281,13.889842987060547,0.9978294372558594,0.002028274815529585,0.0,0.0,0.0,-0.020866729984134254,-0.022435953835260408,0.7171996679533283,0.6961938263464471,0,0,0,,0.7300162315368652,0.37247055768966675,0.0,False,False,2,False
115.700216703,2246,115,750216703,map,10.234330177307129,11.27855396270752,1.1369895935058594,0.010788535699248314,0.0,0.0,0.0,-0.021175270495137438,-0.021383302889065335,0.6926443507049183,0.7206512094720819,0,0,0,,0.7255316972732544,0.2896912693977356,0.0,False,False,2,False
115.800216704,2247,115,800216704,map,10.36839771270752,8.435969352722168,1.5946388244628906,0.026047516614198685,0.0,0.0,0.0,-0.020182935231327342,-0.019552540844438266,0.6703944869978191,0.741472574728766,0,0,0,,0.9058423042297363,0.19974076747894287,0.0,False,False,2,False
115.800216704,2248,115,850216705,map,10.531533241271973,6.037325859069824,2.308330535888672,0.028410911560058594,0.0,0.0,0.0,-0.018005697864118746,-0.017220594550606906,0.6521031252159007,0.7577207665435897,0,0,0,,0.9522343873977661,0.123160719871521,0.0,False,False,2,False
115.900216706,2249,115,900216706,map,10.686297416687012,-1.7958664894104004,3.452777862548828,0.028800196945667267,0.0,0.0,0.0,-0.013826078731434467,-0.013724492448492382,0.6403629479782944,0.7678253530005972,0,0,0,,0.9458776712417603,-0.11952218413352966,0.0,False,False,2,False
115.950216706,2250,115,950216706,map,10.70740032196045,-7.157807350158691,1.5015602111816406,0.02229919657111168,0.0,0.0,0.0,-0.007607875679672227,-0.008661048342069348,0.6387878521490866,0.7692965529729193,0,0,0,,0.953009843826294,-0.28119176626205444,0.0,False,False,2,False
116.000216707,2251,116,216707,map,10.597055435180664,-9.032830238342285,-1.21124267578125,-0.020855143666267395,0.0,0.0,0.0,-0.0017821284770485667,-0.003273315411518877,0.6461173934884156,0.7632289455045872,0,0,0,,0.9355539083480835,-0.2794344425201416,0.0,False,False,0,False
116.000216707,2252,116,50216708,map,10.617878913879395,-8.009075164794922,0.9909439086914062,-0.04544143006205559,0.0,0.0,0.0,0.0025946579714985142,0.0010275216213301627,0.6588471425977018,0.7522716627922204,0,0,0,,0.9370949268341064,-0.2611575126647949,0.0,False,False,0,False
116.100216709,2253,116,100216709,map,10.976483345031738,-7.453822612762451,7.4335479736328125,-0.04195251315832138,0.0,0.0,0.0,0.0064106120075294445,0.0036492572300781886,0.674378501020127,0.7383489854650064,0,0,0,,0.9587373733520508,-0.23690572381019592,0.0,False,False,3,False
116.150216709,2254,116,150216709,map,11.329410552978516,-4.996584892272949,7.085704803466797,-0.024119185283780098,0.0,0.0,0.0,0.008821619858035763,0.004592546613009889,0.6897542429096714,0.7239752564327,0,0,0,,0.9665875434875488,-0.1630365252494812,0.0,False,False,3,False
116.20021671,2255,116,200216710,map,11.64973258972168,-4.871674060821533,6.328220367431641,-0.005969621706753969,0.0,0.0,0.0,0.010062092765314648,0.004706005820388858,0.7033501103051764,0.7107568009749163,0,0,0,,0.9741901159286499,-0.13040047883987427,0.0,False,False,3,False
116.20021671,2256,116,250216711,map,11.949579238891602,-2.857081413269043,5.907955169677734,0.005575371906161308,0.0,0.0,0.0,0.010206059969628365,0.004144321951416507,0.7142378009642377,0.6998164220774111,0,0,0,,0.976649284362793,-0.06999099254608154,0.0,False,False,3,False
116.300216712,2257,116,300216712,map,12.217506408691406,1.355375051498413,5.4087066650390625,0.013797949999570847,0.0,0.0,0.0,0.008893706029155974,0.0024280286276052773,0.7208895034977658,0.6929886942921903,0,0,0,,0.964177131652832,0.031231939792633057,0.0,False,False,3,False
116.300216712,2258,116,350216712,map,12.469827651977539,0.5474406480789185,5.065135955810547,0.010120963677763939,0.0,0.0,0.0,0.00721321329906004,0.00055015609302434,0.7233919343027928,0.6903997220942658,0,0,0,,0.9711488485336304,0.036796629428863525,0.0,False,False,3,False
116.400216713,2259,116,400216713,map,12.70512580871582,1.5393561124801636,4.746437072753906,0.0026220318395644426,0.0,0.0,0.0,0.005610102747026002,-0.0010947726082475876,0.7228941913349725,0.6909351028528369,0,0,0,,0.968051552772522,0.059346020221710205,0.0,False,False,3,False
116.450216714,2260,116,450216714,map,12.92837905883789,2.148348331451416,4.5037078857421875,-0.0011096952948719263,0.0,0.0,0.0,0.004082749352389762,-0.0025542238395624512,0.7201195110859601,0.6938333350680269,0,0,0,,0.9630100727081299,0.06998008489608765,0.0,False,False,3,False
116.500216715,2261,116,500216715,map,13.145438194274902,1.7518078088760376,4.358711242675781,-0.002764129312708974,0.0,0.0,0.0,0.0028915309005420006,-0.003605475148607112,0.7161188998478434,0.6979630082452211,0,0,0,,0.9545806646347046,0.05875062942504883,0.0,False,False,3,False
116.550216715,2262,116,550216715,map,13.355171203613281,1.5268503427505493,4.200077056884766,-0.0024034499656409025,0.0,0.0,0.0,0.002078882208453949,-0.0042373934113866234,0.7118389172345528,0.7023269029847712,0,0,0,,0.9429476261138916,0.045407891273498535,0.0,False,False,3,False
116.600216716,2263,116,600216716,map,13.558059692382812,0.029750652611255646,4.057788848876953,-0.0008977890247479081,0.0,0.0,0.0,0.0018726061383802684,-0.004246680351057179,0.7083743654800565,0.7058216611743889,0,0,0,,0.9364942312240601,0.011281132698059082,0.0,False,False,3,False
116.650216717,2264,116,650216717,map,13.75328540802002,0.6009945273399353,3.9041709899902344,-2.5558474590070546e-05,0.0,0.0,0.0,0.0018252704122108834,-0.004099903690815731,0.705946919151226,0.7082505252511577,0,0,0,,0.9272027015686035,0.008018970489501953,0.0,False,False,3,False
116.650216717,2265,116,700216718,map,13.94074821472168,0.020795650780200958,3.749217987060547,0.00020332336134742945,0.0,0.0,0.0,0.0019096940187097035,-0.0038289491924546463,0.7045439889233198,0.7096474194195689,0,0,0,,0.9085831642150879,-0.006096065044403076,0.0,False,False,3,False
116.750216718,2266,116,750216718,map,14.119830131530762,-0.44342637062072754,3.5820579528808594,0.00033855438232421875,0.0,0.0,0.0,0.002152586859367859,-0.0034059185342581923,0.7042291059810138,0.7099613597780747,0,0,0,,0.8955820798873901,-0.017180919647216797,0.0,False,False,3,False
116.800216719,2267,116,800216719,map,14.290558815002441,-0.5847665071487427,3.4140586853027344,0.0002586364571470767,0.0,0.0,0.0,0.0024396212282427514,-0.0029405130961557744,0.7048230288138526,0.7093728918450868,0,0,0,,0.8731182813644409,-0.021013766527175903,0.0,False,False,3,False
116.85021672,2268,116,850216720,map,14.452337265014648,0.08701901882886887,3.2357215881347656,-0.00010166168067371473,0.0,0.0,0.0,0.0025164784454333677,-0.0026824341983256897,0.7057358347136137,0.7084655273787739,0,0,0,,0.8475289344787598,-0.009357184171676636,0.0,False,False,3,False
116.90021672,2269,116,900216720,map,14.603873252868652,0.2749871611595154,3.031024932861328,8.468626765534282e-05,0.0,0.0,0.0,0.0024107896204591775,-0.0025977716556593007,0.7064920443003982,0.707712110265237,0,0,0,,0.8321975469589233,-0.0018695592880249023,0.0,False,False,3,False
116.950216721,2270,116,950216721,map,14.745627403259277,0.01233760267496109,2.8350830078125,6.313325138762593e-05,0.0,0.0,0.0,0.0023074203250094435,-0.0025021828442545343,0.7070400204292037,0.7071653444590795,0,0,0,,0.8175942897796631,-0.0019372403621673584,0.0,False,False,3,False
117.000216722,2271,117,216722,map,14.875530242919922,-0.18331754207611084,2.5979042053222656,-1.2397777027217671e-05,0.0,0.0,0.0,0.0022655724915343284,-0.002334279572387611,0.7074833081763569,0.7067225671874373,0,0,0,,0.7623288631439209,-0.0031083226203918457,0.0,False,False,3,False
117.050216723,2272,117,50216723,map,14.99075698852539,0.4929589629173279,2.304706573486328,9.441375732421875e-05,0.0,0.0,0.0,0.0020704951486214397,-0.0022956496480478136,0.7076018565668788,0.70660459638021,0,0,0,,0.7421979904174805,0.008087575435638428,0.0,False,False,3,False
117.100216723,2273,117,100216723,map,15.089125633239746,0.22734709084033966,1.9671821594238281,7.80105619924143e-05,0.0,0.0,0.0,0.0018519468563201193,-0.002250539723811928,0.707406598926989,0.7068008270781402,0,0,0,,0.6643394231796265,0.006180107593536377,0.0,False,False,3,False
117.100216723,2274,117,150216724,map,15.161665916442871,1.655916690826416,1.4443016052246094,-1.7356869648210704e-05,0.0,0.0,0.0,0.0013049622144806184,-0.002474194814491039,0.7065040723941922,0.7077034485743734,0,0,0,,0.5820343494415283,0.0283544659614563,0.0,False,False,3,False
117.200216725,2275,117,200216725,map,15.206782341003418,1.073789119720459,0.8933067321777344,-4.6920758904889226e-05,0.0,0.0,0.0,0.0007515522242818621,-0.0026285378121409016,0.7049986655818474,0.7092033611638052,0,0,0,,0.5023608207702637,0.022021055221557617,0.0,False,False,3,False
117.200216725,2276,117,250216726,map,15.218750953674316,1.6392078399658203,0.21831512451171875,-0.00012664795212913305,0.0,0.0,0.0,0.0001422324099287376,-0.0027489449842141734,0.7030282443170018,0.7111566007314911,0,0,0,,0.42208003997802734,0.029091358184814453,0.0,False,False,3,False
117.300216726,2277,117,300216726,map,15.198674201965332,1.2952969074249268,-0.4245185852050781,-4.158020601607859e-05,0.0,0.0,0.0,-0.00040434018703353514,-0.0027242359487846387,0.7008169543977821,0.7133358335848028,0,0,0,,0.3689000606536865,0.02287060022354126,0.0,False,False,3,False
117.350216727,2278,117,350216727,map,15.145524024963379,-0.660400390625,-1.0507965087890625,0.0006647109985351562,0.0,0.0,0.0,-0.0004187202749572872,-0.0021157816628287387,0.6993612932739995,0.7147650870120934,0,0,0,,0.25334060192108154,-0.010565251111984253,0.0,False,False,3,False
117.350216727,2279,117,400216728,map,15.052301406860352,-2.08764910697937,-1.8347549438476562,0.0007148741860873997,0.0,0.0,0.0,8.954074438330043e-05,-0.0009293331075106894,0.6995796902451832,0.7145539764908485,0,0,0,,0.13396227359771729,-0.04228997230529785,0.0,False,False,3,False
117.400216728,2280,117,450216729,map,14.918680191040039,-3.0966763496398926,-2.654590606689453,-0.00035457604099065065,0.0,0.0,0.0,0.0008672661081859129,0.0006003134175722003,0.7018131286010755,0.7123603161297439,0,0,0,,0.07278251647949219,-0.06703591346740723,0.0,False,False,3,False
117.500216729,2281,117,500216729,map,14.758232116699219,-2.132347583770752,-3.21533203125,-0.0013345718616619706,0.0,0.0,0.0,0.001319483832776155,0.0018473779801610616,0.7053056616346345,0.708899689535229,0,0,0,,0.0664515495300293,-0.0534856915473938,0.0,False,False,3,False
117.500216729,2282,117,550216730,map,14.580389976501465,-1.0551124811172485,-3.5658836364746094,-0.0005922317504882812,0.0,0.0,0.0,0.0012260883306746727,0.0025189898746693215,0.7088677471102369,0.7053358551103679,0,0,0,,0.0741966962814331,-0.029661178588867188,0.0,False,False,3,False
117.55021673,2283,117,600216731,map,14.364171028137207,-2.950963020324707,-4.370613098144531,-0.0006292342441156507,0.0,0.0,0.0,0.0013254441819541337,0.0033731005035680826,0.7126749405902726,0.7014850635939189,0,0,0,,0.0,-0.05400979518890381,0.14333701133728027,False,False,3,False
117.650216732,2284,117,650216732,map,14.11369514465332,-2.5477349758148193,-5.075874328613281,-0.000904083251953125,0.0,0.0,0.0,0.0014149246439452239,0.004263868072157929,0.7167662850493801,0.6972990104925043,0,0,0,,0.0,-0.04757261276245117,0.21255886554718018,False,False,3,False
117.700216732,2285,117,700216732,map,13.841224670410156,-0.2405768632888794,-5.459423065185547,0.0008106231689453125,0.0,0.0,0.0,0.0008688846983886866,0.004481416365542478,0.7200236564759379,0.6939345041585409,0,0,0,,0.0,-0.004628926515579224,0.29348504543304443,False,False,3,False
117.700216732,2286,117,750216733,map,13.568429946899414,3.508591651916504,-5.368289947509766,0.0028591156005859375,0.0,0.0,0.0,-0.0007477300218806085,0.003476706954612207,0.7206697406930637,0.6932694124638403,0,0,0,,0.0,0.07771921157836914,0.19961553812026978,False,False,3,False
117.800216734,2287,117,800216734,map,13.32688045501709,3.547192096710205,-4.785861968994141,0.0006011963705532253,0.0,0.0,0.0,-0.0025887774147551608,0.002008384329046002,0.7182437757248907,0.6957838337129834,0,0,0,,0.08387947082519531,0.09295988082885742,0.0,False,False,3,False
117.850216735,2288,117,850216735,map,13.109809875488281,2.70513653755188,-4.338054656982422,-0.0016946792602539062,0.0,0.0,0.0,-0.0038418187865874986,0.0008767399693088717,0.7139237493571852,0.7002123619725779,0,0,0,,0.15922558307647705,0.08114778995513916,0.0,False,False,3,False
117.850216735,2289,117,900216735,map,12.911519050598145,1.6514029502868652,-3.977642059326172,-0.0010778427822515368,0.0,0.0,0.0,-0.004364262487182624,0.0003061505341390631,0.70909340671096,0.7051009857061885,0,0,0,,0.1889655590057373,0.05569446086883545,0.0,False,False,3,False
117.950216736,2290,117,950216736,map,12.728327751159668,0.03397166728973389,-3.664379119873047,0.0006618499755859375,0.0,0.0,0.0,-0.004118855309170199,0.00038023479923968823,0.7051261883002884,0.7090697772614101,0,0,0,,0.18673884868621826,0.016348421573638916,0.0,False,False,3,False
118.000216737,2291,118,216737,map,12.55347728729248,1.38517165184021,-3.515949249267578,0.0006359100225381553,0.0,0.0,0.0,-0.003924272951746373,0.00034540639699418246,0.7019863902818348,0.7121794637837435,0,0,0,,0.17532706260681152,0.02499544620513916,0.0,False,False,3,False
118.050216738,2292,118,50216738,map,12.384708404541016,-0.8497670292854309,-3.3632659912109375,0.000642967177554965,0.0,0.0,0.0,-0.003337759050192981,0.0006820573847757818,0.7001802191138667,0.7139580204213019,0,0,0,,0.1687377691268921,-0.0158175528049469,0.0,False,False,3,False
118.100216738,2293,118,100216738,map,12.22053337097168,-0.844113826751709,-3.2740402221679688,0.0003335952351335436,0.0,0.0,0.0,-0.0025978028717105355,0.0011821866128210487,0.6999173883297782,0.7142181063013415,0,0,0,,0.1780388355255127,-0.025727778673171997,0.0,False,False,3,False
118.100216738,2294,118,150216739,map,12.061208724975586,-0.44380590319633484,-3.182659149169922,-0.0003017425478901714,0.0,0.0,0.0,-0.002056207141773412,0.0015099205049586939,0.700609342095665,0.7135404977438479,0,0,0,,0.17354583740234375,-0.022368580102920532,0.0,False,False,3,False
118.20021674,2295,118,200216740,map,11.905365943908691,-0.6005099415779114,-3.11279296875,-0.0004837036249227822,0.0,0.0,0.0,-0.0016512478488695185,0.0017318758204512158,0.7018248257623353,0.7123455537380379,0,0,0,,0.17136573791503906,-0.023197203874588013,0.0,False,False,3,False
118.20021674,2296,118,250216741,map,11.752715110778809,0.45613527297973633,-3.0561256408691406,-0.000360679579898715,0.0,0.0,0.0,-0.0015878251326747982,0.0016432974938055131,0.7028798933873621,0.711304881085787,0,0,0,,0.1710878610610962,-0.0031329691410064697,0.0,False,False,3,False
118.250216741,2297,118,300216741,map,11.60232925415039,-0.5260132551193237,-3.004302978515625,-0.0002853393380064517,0.0,0.0,0.0,-0.0014523728789536917,0.0016516054180017567,0.7038078153481192,0.7103870225922427,0,0,0,,0.16618728637695312,-0.01281622052192688,0.0,False,False,3,False
118.350216742,2298,118,350216742,map,11.500434875488281,-0.105738565325737,-2.037353515625,-9.803771536098793e-05,0.0,0.0,0.0,-0.0013156805289808002,0.0016235843335141399,0.7046118007620558,0.7095899119812167,0,0,0,,0.16547226905822754,-0.005518436431884766,0.0,False,False,3,False
118.350216742,2299,118,400216743,map,11.482438087463379,0.8430152535438538,-0.3658103942871094,0.0002466201549395919,0.0,0.0,0.0,-0.0012236680589676815,0.0011076038474261472,0.7048365038311885,0.7093678726283182,0,0,0,,0.14407753944396973,0.011898338794708252,0.0,False,False,0,False
118.450216744,2300,118,450216744,map,11.476365089416504,-0.1935267448425293,-0.11983871459960938,0.00014343262591864914,0.0,0.0,0.0,-0.0009058281965208695,0.0006816584717243387,0.7047874929093961,0.7094175812985567,0,0,0,,0.15735089778900146,0.000554203987121582,0.0,False,False,0,False
118.450216744,2301,118,500216744,map,10.986483573913574,-0.5151824951171875,-9.794292449951172,-0.000537872314453125,0.0,0.0,0.0,-0.0011602433471725993,0.0011999499931523228,0.7048786688184097,0.7093259308668871,0,0,0,,0.16266191005706787,-0.007862508296966553,0.0,False,False,2,False
118.550216745,2302,118,550216745,map,10.557221412658691,-0.21910786628723145,-8.584156036376953,-0.0012090682284906507,0.0,0.0,0.0,-0.001862256292906211,0.0021112374500182984,0.7050787432684152,0.7091234310534108,0,0,0,,0.15896272659301758,-0.003978222608566284,0.0,False,False,2,False
118.550216745,2303,118,600216746,map,10.173051834106445,-0.3223029375076294,-7.682018280029297,-0.0011098862159997225,0.0,0.0,0.0,-0.0024963495619961767,0.002906875999701223,0.7053509428061715,0.7088479144310376,0,0,0,,0.16319811344146729,-0.006162315607070923,0.0,False,False,2,False
118.600216746,2304,118,650216747,map,9.829520225524902,-0.042537376284599304,-6.870517730712891,-0.00028209673473611474,0.0,0.0,0.0,-0.00296630947299086,0.0033819695694049133,0.7055945848035607,0.7086014713404374,0,0,0,,0.1856222152709961,-0.0015579164028167725,0.0,False,False,2,False
118.700216747,2305,118,700216747,map,9.52188491821289,-0.3936852514743805,-6.1516571044921875,0.0005765914102084935,0.0,0.0,0.0,-0.003144960184420664,0.0036586717229265112,0.7058909784906849,0.7083040659435222,0,0,0,,0.21470153331756592,-0.007391631603240967,0.0,False,False,2,False
118.750216748,2306,118,750216748,map,9.247364044189453,0.40800297260284424,-5.491619110107422,0.0010618208907544613,0.0,0.0,0.0,-0.003289581681578999,0.0035740767684305595,0.7059967538912539,0.7081984101384483,0,0,0,,0.23759424686431885,0.006071925163269043,0.0,False,False,2,False
118.800216749,2307,118,800216749,map,9.00137996673584,-0.19257915019989014,-4.919033050537109,0.0010906219249591231,0.0,0.0,0.0,-0.003222341394553202,0.0034217876801388367,0.7060186752511685,0.7081776176084599,0,0,0,,0.26123881340026855,-0.001618027687072754,0.0,False,False,2,False
118.85021675,2308,118,850216750,map,8.782562255859375,0.17828556895256042,-4.377021789550781,0.0008325576782226562,0.0,0.0,0.0,-0.003085772328441024,0.003160764047491168,0.705967785090141,0.7082301702092996,0,0,0,,0.272780179977417,0.0036481618881225586,0.0,False,False,2,False
118.90021675,2309,118,900216750,map,8.581719398498535,0.04570960998535156,-4.017086029052734,0.0005662917974404991,0.0,0.0,0.0,-0.002890284563331383,0.0028672610915981907,0.7058570353687699,0.7083426223865023,0,0,0,,0.29820430278778076,0.0024455785751342773,0.0,False,False,2,False
118.950216751,2310,118,950216751,map,8.412697792053223,-0.980526864528656,-3.3788299560546875,0.0001876830356195569,0.0,0.0,0.0,-0.0023999597972626414,0.002819509715678535,0.706124992960719,0.7080775274460837,0,0,0,,0.32499539852142334,-0.016581803560256958,0.0,False,False,2,False
119.000216752,2311,119,216752,map,8.237593650817871,0.161424458026886,-3.5019493103027344,-6.923670298419893e-05,0.0,0.0,0.0,-0.0020998645647041913,0.002592082394971158,0.7064942778824724,0.7077108922413102,0,0,0,,0.3261237144470215,-0.002305835485458374,0.0,False,False,2,False
119.050216753,2312,119,50216753,map,8.11985969543457,0.2842801809310913,-2.3548507690429688,-0.00015754703781567514,0.0,0.0,0.0,-0.0019552638059841675,0.0022029349671059606,0.7066103194263508,0.7075967640550445,0,0,0,,0.34523093700408936,0.003062605857849121,0.0,False,False,2,False
119.100216753,2313,119,100216753,map,7.958796501159668,0.044441670179367065,-3.2213401794433594,-0.00028171532903797925,0.0,0.0,0.0,-0.001809261194215107,0.001886875917217727,0.7066150482643003,0.7075933435523858,0,0,0,,0.3657100200653076,0.0014102458953857422,0.0,False,False,2,False
119.100216753,2314,119,150216754,map,7.880867004394531,-0.5023893117904663,-1.5584945678710938,-0.0002548217889852822,0.0,0.0,0.0,-0.001479643185715846,0.001739652862635526,0.7067499597851765,0.7074597363861862,0,0,0,,0.38261711597442627,-0.008505374193191528,0.0,False,False,2,False
119.150216754,2315,119,200216755,map,7.7440080642700195,-0.012662429362535477,-2.7372074127197266,-0.00022182462271302938,0.0,0.0,0.0,-0.0012464137601145408,0.0015688040911075148,0.7070589498074571,0.7071517706996414,0,0,0,,0.390430212020874,-0.0032806396484375,0.0,False,False,2,False
119.200216755,2316,119,250216756,map,7.68903923034668,0.4356035888195038,-1.0993289947509766,-0.00021553038095589727,0.0,0.0,0.0,-0.0011722788073730461,0.0012374137868950183,0.7069963271668084,0.7072151638236843,0,0,0,,0.38895106315612793,0.0065084099769592285,0.0,False,False,2,False
119.300216756,2317,119,300216756,map,7.56162691116333,-0.6168711185455322,-2.548685073852539,-0.00014400482177734375,0.0,0.0,0.0,-0.0009439502070950738,0.0011711911373236273,0.7072451493967608,0.7069667855876113,0,0,0,,0.4089456796646118,-0.010336637496948242,0.0,False,False,2,False
119.300216756,2318,119,350216757,map,7.519961357116699,0.09883865714073181,-0.8330726623535156,-0.00018825530423782766,0.0,0.0,0.0,-0.0007793655346929513,0.001039029157503241,0.707366783908068,0.7068454895034204,0,0,0,,0.37701499462127686,-0.0013036131858825684,0.0,False,False,2,False
119.350216757,2319,119,400216758,map,7.397539138793945,0.8480879664421082,-2.449064254760742,-2.5176999770337716e-05,0.0,0.0,0.0,-0.0009204808799826471,0.0007118164218474627,0.7072750846221986,0.7069374800539246,0,0,0,,0.4216272830963135,0.01557624340057373,0.0,False,False,2,False
119.450216758,2320,119,450216758,map,7.365487098693848,-0.4057197570800781,-0.6401443481445312,-5.91278076171875e-05,0.0,0.0,0.0,-0.0008100210239245253,0.0006136458824106502,0.7069950244692992,0.7072177901328042,0,0,0,,0.3790665864944458,-0.00271567702293396,0.0,False,False,2,False
119.450216758,2321,119,500216759,map,7.2461113929748535,-0.07610058784484863,-2.3874664306640625,-1.8119808373739943e-05,0.0,0.0,0.0,-0.0006878731957995381,0.0006254257948111182,0.707067287186052,0.7071456618437243,0,0,0,,0.3980710506439209,-0.0010319948196411133,0.0,False,False,2,False
119.55021676,2322,119,550216760,map,7.221951484680176,0.6553527116775513,-0.48491477966308594,-3.0136106943245977e-05,0.0,0.0,0.0,-0.0007447702972638783,0.00042077213102406847,0.7067091553555361,0.7075036664249048,0,0,0,,0.45042991638183594,0.013263106346130371,0.0,False,False,2,False
119.600216761,2323,119,600216761,map,7.111177444458008,-0.7862371206283569,-2.213773727416992,4.138945951126516e-05,0.0,0.0,0.0,-0.0005581100071590043,0.0005243203892589917,0.7067906670132603,0.7074223396418154,0,0,0,,0.4349515438079834,-0.010973811149597168,0.0,False,False,2,False
119.650216761,2324,119,650216761,map,7.099246501922607,0.44031596183776855,-0.2390575408935547,1.6212467016885057e-05,0.0,0.0,0.0,-0.0004994864522659855,0.00043680322280073786,0.7066607199452639,0.707552250086642,0,0,0,,0.43578505516052246,0.006467461585998535,0.0,False,False,2,False
119.700216762,2325,119,700216762,map,6.994338035583496,-0.6159383058547974,-2.097949981689453,2.2888161765877157e-06,0.0,0.0,0.0,-0.0003417707271255641,0.0005191574974906455,0.7069171215080663,0.707296116903672,0,0,0,,0.44896411895751953,-0.010759234428405762,0.0,False,False,2,False
119.750216763,2326,119,750216763,map,6.991127014160156,0.6266325116157532,-0.0644683837890625,4.005432856502011e-06,0.0,0.0,0.0,-0.00037157745736778015,0.00035268214466878893,0.706801323501671,0.7074119214727612,0,0,0,,0.4408915042877197,0.009575724601745605,0.0,False,False,2,False
119.800216764,2327,119,800216764,map,6.891030788421631,0.5490672588348389,-2.0044994354248047,-3.509521411615424e-05,0.0,0.0,0.0,-0.0005390374423267103,0.00012450497124694937,0.7065615328790157,0.7076513931257421,0,0,0,,0.4608454704284668,0.01430743932723999,0.0,False,False,2,False
119.800216764,2328,119,850216764,map,6.896596431732178,-0.8080023527145386,0.11432647705078125,7.82012939453125e-05,0.0,0.0,0.0,-0.00032235321392992054,0.00021294328424846163,0.7063594077360009,0.7078532601086255,0,0,0,,0.4755067825317383,-0.010575830936431885,0.0,False,False,2,False
119.850216764,2329,119,900216765,map,6.80401611328125,-0.2433759868144989,-1.8516254425048828,-1.2588501704158261e-05,0.0,0.0,0.0,-0.00013215975297252113,0.0003429623828405205,0.7066846548574279,0.707528560200676,0,0,0,,0.47093164920806885,-0.007133662700653076,0.0,False,False,2,False
119.950216766,2330,119,950216766,map,6.818296909332275,0.33157116174697876,0.2855396270751953,1.7356871467200108e-05,0.0,0.0,0.0,-0.00011490527898593423,0.00023155326788167356,0.7066647737435316,0.7075484652869118,0,0,0,,0.47344744205474854,0.003930866718292236,0.0,False,False,2,False
120.000216767,2331,120,216767,map,6.73084831237793,-0.417182594537735,-1.7490005493164062,-2.2888182229507947e-06,0.0,0.0,0.0,-3.3779304170267725e-05,0.0002599364535740822,0.7069573847008751,0.7072560975409808,0,0,0,,0.49492359161376953,-0.007997572422027588,0.0,False,False,2,False
120.050216767,2332,120,50216767,map,6.751894950866699,-0.01798447221517563,0.4208946228027344,-4.2152401874773204e-05,0.0,0.0,0.0,5.0918353412181304e-05,0.00022227003720354845,0.7070617377909929,0.7071517849481347,0,0,0,,0.4518923759460449,-0.0031619369983673096,0.0,False,False,2,False
120.100216768,2333,120,100216768,map,6.666825771331787,0.620326578617096,-1.7017269134521484,9.72747784544481e-06,0.0,0.0,0.0,-0.00010207095441534594,3.4652270764934324e-05,0.7071187852481708,0.7070947687049394,0,0,0,,0.5030879974365234,0.011255502700805664,0.0,False,False,2,False
120.150216769,2334,120,150216769,map,6.693394660949707,-0.32346025109291077,0.53192138671875,1.4114379155216739e-05,0.0,0.0,0.0,-4.6330371522315684e-05,-1.6559084712685104e-05,0.7069312035435952,0.7072823135323667,0,0,0,,0.4800602197647095,-0.003034234046936035,0.0,False,False,2,False
120.20021677,2335,120,200216770,map,6.612483024597168,0.44896161556243896,-1.6192054748535156,-5.683898780262098e-05,0.0,0.0,0.0,-0.00011320643657250281,-0.00010824922458503204,0.7068890484931507,0.7073244295136821,0,0,0,,0.48892223834991455,0.009542346000671387,0.0,False,False,2,False
120.25021677,2336,120,250216770,map,6.643496513366699,-0.19313663244247437,0.6208705902099609,2.002716064453125e-05,0.0,0.0,0.0,-4.569543933108316e-05,-0.00013778599257133274,0.7066180656301939,0.7075951443106363,0,0,0,,0.49876320362091064,-0.00025266408920288086,0.0,False,False,2,False
120.300216771,2337,120,300216771,map,6.566474437713623,-0.3152766525745392,-1.540060043334961,-3.356933666509576e-05,0.0,0.0,0.0,7.534526112053629e-05,-3.501292995692609e-05,0.7067957585902336,0.7074176621600867,0,0,0,,0.49596107006073,-0.005538433790206909,0.0,False,False,2,False
120.350216772,2338,120,350216772,map,6.601543426513672,0.18309584259986877,0.7012462615966797,7.2479248046875e-05,0.0,0.0,0.0,0.0001202366098418288,-8.116282576973424e-05,0.7067126198763304,0.7075007080302371,0,0,0,,0.48796308040618896,0.002344071865081787,0.0,False,False,2,False
120.400216773,2339,120,400216773,map,6.526100158691406,-0.5399543642997742,-1.5092182159423828,-4.787445141118951e-05,0.0,0.0,0.0,0.00023721359202551185,2.9325182116096923e-05,0.7070532974031251,0.7071602205307603,0,0,0,,0.5020890235900879,-0.010913074016571045,0.0,False,False,2,False
120.400216773,2340,120,450216773,map,6.56571102142334,0.26349955797195435,0.7926750183105469,9.34600848268019e-06,0.0,0.0,0.0,0.0002525481127574757,-3.9193268428785116e-05,0.7071037670713588,0.7071097491032294,0,0,0,,0.524707555770874,0.0017316341400146484,0.0,False,False,2,False
120.500216774,2341,120,500216774,map,6.496267795562744,-0.3232934772968292,-1.3895034790039062,-3.0517549021169543e-06,0.0,0.0,0.0,0.00029179003304337424,-1.2460966009399913e-05,0.707444770792934,0.7067685696046722,0,0,0,,0.5264312028884888,-0.007280707359313965,0.0,False,False,2,False
120.500216774,2342,120,550216775,map,6.542812347412109,0.0651085376739502,0.93109130859375,-3.051759449590463e-06,0.0,0.0,0.0,0.0003267816084263625,-7.506747981034296e-05,0.7075212757428027,0.7066919639771849,0,0,0,,0.5207593441009521,-0.0014869868755340576,0.0,False,False,2,False
120.600216776,2343,120,600216776,map,6.478592395782471,-0.47689583897590637,-1.2865734100341797,-3.337860107421875e-05,0.0,0.0,0.0,0.0004205694566073803,-1.9810121354956183e-06,0.7079844374497238,0.7062279089970926,0,0,0,,0.5464526414871216,-0.011682331562042236,0.0,False,False,2,False
120.600216776,2344,120,650216776,map,6.530508041381836,0.10485634207725525,1.038961410522461,3.032684253412299e-05,0.0,0.0,0.0,0.0004569592516185354,-6.86989336254234e-05,0.7081766724224796,0.7060351174731486,0,0,0,,0.5064219236373901,-0.002626478672027588,0.0,False,False,2,False
120.700216777,2345,120,700216777,map,6.46782922744751,0.41943100094795227,-1.2519359588623047,-1.0681151252356358e-05,0.0,0.0,0.0,0.0003146347312848389,-0.00022476976399127976,0.7083665702479423,0.7058446377487797,0,0,0,,0.5206615924835205,0.006488025188446045,0.0,False,False,2,False
120.750216778,2346,120,750216778,map,6.520223140716553,-0.020872540771961212,1.047830581665039,8.583069757150952e-06,0.0,0.0,0.0,0.00028739076453380193,-0.00033426393317611175,0.7081962454556677,0.7060154981278152,0,0,0,,0.5148837566375732,0.0013772845268249512,0.0,False,False,2,False
120.800216779,2347,120,800216779,map,6.459386825561523,-0.27082279324531555,-1.2176895141601562,1.3732910701946821e-05,0.0,0.0,0.0,0.0003413426829963432,-0.0002740479318466571,0.7083971455020684,0.7058139220980449,0,0,0,,0.5435652732849121,-0.004909127950668335,0.0,False,False,2,False
120.850216779,2348,120,850216779,map,6.515723705291748,0.29748788475990295,1.127767562866211,-4.95910626341356e-06,0.0,0.0,0.0,0.00033173772324105377,-0.0003596015534430525,0.7082681951633645,0.7059432869266736,0,0,0,,0.5410709381103516,0.0049405694007873535,0.0,False,False,2,False
120.90021678,2349,120,900216780,map,6.458861827850342,-0.08565352857112885,-1.1374664306640625,-1.831054760259576e-05,0.0,0.0,0.0,0.000323966418041592,-0.0003652937551292051,0.7083691431724707,0.7058419926636077,0,0,0,,0.5285811424255371,-0.00029522180557250977,0.0,False,False,2,False
120.950216781,2350,120,950216781,map,6.517274379730225,0.039423368871212006,1.168365478515625,5.3596493671648204e-05,0.0,0.0,0.0,0.0003594750413636837,-0.00040497273652465954,0.708219710848409,0.7059918894297396,0,0,0,,0.5351927280426025,0.0013812780380249023,0.0,False,False,2,False
120.950216781,2351,121,216782,map,6.462466239929199,-0.25042250752449036,-1.0970783233642578,-2.1362302504712716e-05,0.0,0.0,0.0,0.0004185004489397936,-0.000337802012463328,0.7084236209278159,0.7057872796095838,0,0,0,,0.5481052398681641,-0.004625290632247925,0.0,False,False,2,False
121.050216782,2352,121,50216782,map,6.524356365203857,-0.1801137626171112,1.23687744140625,-1.0871890481212176e-05,0.0,0.0,0.0,0.0005218107092965983,-0.0003085742838452732,0.7084821349831116,0.7057284866754827,0,0,0,,0.5506715774536133,-0.0051555633544921875,0.0,False,False,2,False
121.100216783,2353,121,100216783,map,6.473489761352539,0.17965126037597656,-1.0164070129394531,-3.0517549021169543e-06,0.0,0.0,0.0,0.00048517521143685513,-0.0003421791234594449,0.7087247170085633,0.7054848850397815,0,0,0,,0.5526208877563477,0.0014858245849609375,0.0,False,False,2,False
121.150216784,2354,121,150216784,map,6.538990020751953,0.04124734550714493,1.3102054595947266,3.814693627646193e-07,0.0,0.0,0.0,0.00047858250655581473,-0.00042780431858262095,0.708630488150834,0.7055794917692549,0,0,0,,0.5556286573410034,0.0010256171226501465,0.0,False,False,2,False
121.200216785,2355,121,200216785,map,6.490851879119873,0.18073275685310364,-0.9621334075927734,3.414153979974799e-05,0.0,0.0,0.0,0.0004168206289564852,-0.0004874747638229701,0.7086962610072005,0.7055134288327416,0,0,0,,0.544241189956665,0.004206597805023193,0.0,False,False,2,False
121.250216785,2356,121,250216785,map,6.557127952575684,0.20299863815307617,1.3259506225585938,4.005430582765257e-06,0.0,0.0,0.0,0.0003827697954492508,-0.0005934011731040941,0.7083998157645498,0.7058110245576242,0,0,0,,0.5458599328994751,0.006298065185546875,0.0,False,False,2,False
121.250216785,2357,121,300216786,map,6.509581089019775,-0.5803108811378479,-0.9529876708984375,-4.253387305652723e-05,0.0,0.0,0.0,0.0005067572431407016,-0.0004533229620110666,0.7085772924130745,0.7056328778989434,0,0,0,,0.5515391826629639,-0.009345710277557373,0.0,False,False,2,False
121.300216786,2358,121,350216787,map,6.5773444175720215,-0.31003856658935547,1.353158950805664,-2.4795535864541307e-05,0.0,0.0,0.0,0.000676379343688714,-0.00034533874138381273,0.7087431270744339,0.7054662309968424,0,0,0,,0.5695301294326782,-0.00900489091873169,0.0,False,False,2,False
121.400216788,2359,121,400216788,map,6.533292293548584,0.13877391815185547,-0.8800220489501953,4.253388033248484e-05,0.0,0.0,0.0,0.0006586723879155711,-0.00034936334552434253,0.7091142248824882,0.7050932279955937,0,0,0,,0.554416298866272,-0.0011559128761291504,0.0,False,False,2,False
121.400216788,2360,121,450216788,map,6.603604793548584,0.107058584690094,1.4069843292236328,5.3405754442792386e-05,0.0,0.0,0.0,0.0006214171680337186,-0.00045302311913409597,0.7091071712094594,0.705100296660039,0,0,0,,0.5688920021057129,0.000916600227355957,0.0,False,False,2,False
121.500216789,2361,121,500216789,map,6.5617289543151855,0.3076714277267456,-0.8359813690185547,-6.999969627941027e-05,0.0,0.0,0.0,0.0005024536294036719,-0.0005599879542211758,0.7091687777077267,0.7050383526293946,0,0,0,,0.5589182376861572,0.006297290325164795,0.0,False,False,2,False
121.55021679,2362,121,550216790,map,6.63327169418335,0.23928196728229523,1.4315605163574219,3.852844383800402e-05,0.0,0.0,0.0,0.00043331156385250703,-0.0006938275743350106,0.708827974335019,0.7053809138646291,0,0,0,,0.5643928050994873,0.007634162902832031,0.0,False,False,2,False
121.600216791,2363,121,600216791,map,6.593710899353027,-0.2230350524187088,-0.7918548583984375,-5.9509275160962716e-05,0.0,0.0,0.0,0.00046639158900369047,-0.000644865041684581,0.7088128982061379,0.7053960887080244,0,0,0,,0.5776607990264893,-0.0010723769664764404,0.0,False,False,2,False
121.650216791,2364,121,650216791,map,6.668120384216309,-0.3333059251308441,1.4865589141845703,1.468658410885837e-05,0.0,0.0,0.0,0.0006205530335736289,-0.0005568834041935159,0.7087656306718395,0.7054435381893837,0,0,0,,0.5816781520843506,-0.006005018949508667,0.0,False,False,2,False
121.700216792,2365,121,700216792,map,6.632795333862305,0.35300320386886597,-0.7047939300537109,1.2016294022032525e-05,0.0,0.0,0.0,0.0005782257545807868,-0.0005922309763941715,0.7088823071154582,0.7053263000740244,0,0,0,,0.5794428586959839,0.005465865135192871,0.0,False,False,2,False
121.750216793,2366,121,750216793,map,6.710596561431885,0.4635183811187744,1.556854248046875,1.9073468138230965e-07,0.0,0.0,0.0,0.0004695342772283789,-0.0007751613761646725,0.708499631658607,0.7057105997517833,0,0,0,,0.5964815616607666,0.011604547500610352,0.0,False,False,2,False
121.800216794,2367,121,800216794,map,6.679562568664551,0.17323043942451477,-0.6207847595214844,-8.964534572442062e-06,0.0,0.0,0.0,0.00039310127984499297,-0.0008517248881666522,0.7082373157941991,0.7059738129369436,0,0,0,,0.5800563097000122,0.008610010147094727,0.0,False,False,2,False
121.850216794,2368,121,850216794,map,6.7597479820251465,0.4329259693622589,1.60247802734375,-4.6539309551008046e-05,0.0,0.0,0.0,0.0003409620618098514,-0.0009802901717074523,0.7076084854408364,0.706603958457761,0,0,0,,0.5979675054550171,0.014012455940246582,0.0,False,False,2,False
121.900216795,2369,121,900216795,map,6.731985569000244,0.5207575559616089,-0.5585765838623047,-1.7166166799142957e-06,0.0,0.0,0.0,0.00022734093808919218,-0.0010918450346011303,0.7070289136777071,0.7071837607116268,0,0,0,,0.5882887840270996,0.017840802669525146,0.0,False,False,2,False
121.900216795,2370,121,950216796,map,6.813183784484863,0.43003565073013306,1.6198062896728516,3.814702722593211e-06,0.0,0.0,0.0,0.00018114198494037872,-0.0012083160182020341,0.7060909519787684,0.7081200990606736,0,0,0,,0.5805751085281372,0.018043935298919678,0.0,False,False,2,False
122.000216796,2371,122,216796,map,6.784416675567627,-0.15829920768737793,-0.5736637115478516,5.7411190937273204e-05,0.0,0.0,0.0,0.0002636218002847011,-0.0011084177173755392,0.7055420781672874,0.7086671135653859,0,0,0,,0.5484676361083984,0.0066642165184021,0.0,False,False,2,False
122.050216797,2372,122,50216797,map,6.857937812805176,-0.6248576641082764,1.4754199981689453,8.258819434558973e-05,0.0,0.0,0.0,0.0005474908794949188,-0.0008597193694119525,0.7052096649800523,0.7089980885411928,0,0,0,,0.5374096632003784,-0.007062852382659912,0.0,False,False,2,False
122.100216798,2373,122,100216798,map,6.820388317108154,0.09966537356376648,-0.7516002655029297,8.773804438533261e-06,0.0,0.0,0.0,0.0006255134928438285,-0.0007133524573786082,0.7052692084735849,0.7089389560746292,0,0,0,,0.5247296094894409,0.001689314842224121,0.0,False,False,2,False
122.150216799,2374,122,150216799,map,6.8838324546813965,0.4039590060710907,1.2657737731933594,5.455017526401207e-05,0.0,0.0,0.0,0.0005460104539704361,-0.0007730041743211429,0.7049431048076273,0.7092632256936159,0,0,0,,0.5213038921356201,0.009201109409332275,0.0,False,False,2,False
122.200216799,2375,122,200216799,map,6.837437152862549,0.6224647164344788,-0.9351539611816406,-7.03811674611643e-05,0.0,0.0,0.0,0.0003173741735679561,-0.000888924596907174,0.7045544606101993,0.709649294455343,0,0,0,,0.5202820301055908,0.01706075668334961,0.0,False,False,2,False
122.2502168,2376,122,250216800,map,6.891890525817871,0.038652271032333374,1.0886383056640625,5.283355858409777e-05,0.0,0.0,0.0,0.00025809321530892004,-0.0009009898057296873,0.7038904006898707,0.7103079792751279,0,0,0,,0.48736000061035156,0.008491218090057373,0.0,False,False,2,False
122.300216801,2377,122,300216801,map,6.83518123626709,0.5443328619003296,-1.1430740356445312,-7.286071922862902e-05,0.0,0.0,0.0,0.00010945615197479578,-0.0009133349033183281,0.7033513880951365,0.710841739561873,0,0,0,,0.48082590103149414,0.01727539300918579,0.0,False,False,2,False
122.300216801,2378,122,350216802,map,6.877800941467285,0.12773916125297546,0.8501720428466797,4.081725637661293e-05,0.0,0.0,0.0,6.581746164227434e-05,-0.0008846814509034079,0.7025649851164248,0.7116190376143333,0,0,0,,0.47076213359832764,0.011080741882324219,0.0,False,False,2,False
122.400216802,2379,122,400216802,map,6.810202121734619,1.214616060256958,-1.3808727264404297,-0.00010814666893566027,0.0,0.0,0.0,-0.00024002203434220334,-0.0010308114092854944,0.7016485108031765,0.71252245375493,0,0,0,,0.474542498588562,0.03300654888153076,0.0,False,False,2,False
122.400216802,2380,122,450216803,map,6.843150615692139,0.459921658039093,0.6456184387207031,-3.7956240703351796e-05,0.0,0.0,0.0,-0.000404695668144068,-0.0011105478760753606,0.7002815665671925,0.7138657649943929,0,0,0,,0.43552303314208984,0.024539053440093994,0.0,False,False,2,False
122.500216804,2381,122,500216804,map,6.763365268707275,0.9453451633453369,-1.6297245025634766,-2.1362302504712716e-05,0.0,0.0,0.0,-0.0006352453115683282,-0.0011705471553433394,0.6989401669396021,0.7151789072121691,0,0,0,,0.409737229347229,0.034968018531799316,0.0,False,False,2,False
122.500216804,2382,122,550216805,map,6.780271053314209,2.294201374053955,0.2304553985595703,-0.0003961562761105597,0.0,0.0,0.0,-0.0011722202273047096,-0.001575516724118503,0.6965699861899194,0.7174861657106473,0,0,0,,0.45263147354125977,0.06860631704330444,0.0,False,False,2,False
122.600216805,2383,122,600216805,map,6.696863174438477,-0.6576782464981079,-1.6354084014892578,0.0002492904313839972,0.0,0.0,0.0,-0.0011064192065512609,-0.001350813690580051,0.6946728147564144,0.7193237321104545,0,0,0,,0.4922511577606201,0.018809616565704346,0.0,False,False,2,False
122.650216806,2384,122,650216806,map,6.722471714019775,2.6749825477600098,0.34941673278808594,-3.299712261650711e-05,0.0,0.0,0.0,-0.0014271706180373467,-0.0016053093099892084,0.6921465414096393,0.7217538024705659,0,0,0,,0.709748387336731,0.08173608779907227,0.0,False,False,2,False
122.700216807,2385,122,700216807,map,6.661889553070068,3.126817226409912,-1.476125717163086,-0.0011875152122229338,0.0,0.0,0.0,-0.002232184687625058,-0.002318245414725618,0.688441268811523,0.7252849526130389,0,0,0,,0.7075514793395996,0.10530245304107666,0.0,False,False,2,False
122.750216808,2386,122,750216808,map,6.728590965270996,-1.9546818733215332,1.5104103088378906,0.0012517928844317794,0.0,0.0,0.0,-0.0016395689400082825,-0.0019234160962311427,0.6853120906740687,0.7282451171550335,0,0,0,,0.5261697769165039,0.0002938508987426758,0.0,False,False,2,False
122.800216808,2387,122,800216808,map,6.680445194244385,0.0490880012512207,-0.9699535369873047,0.0013383864425122738,0.0,0.0,0.0,-0.0009278622481421453,-0.0013720936970479445,0.6836709611977076,0.7297885126840088,0,0,0,,0.3954792022705078,0.020590126514434814,0.0,False,False,2,False
122.850216809,2388,122,850216809,map,6.716772079467773,3.167247772216797,0.4366779327392578,-0.0006088257068768144,0.0,0.0,0.0,-0.0012402852311400227,-0.0017407822864937467,0.6811039757523367,0.7321835873494684,0,0,0,,0.4095863103866577,0.0940510630607605,0.0,False,False,2,False
122.90021681,2389,122,900216810,map,6.642402648925781,0.35622715950012207,-1.5335655212402344,-0.0006343841087073088,0.0,0.0,0.0,-0.0014604780317463283,-0.001865516074952528,0.6783016486196127,0.7347797359301688,0,0,0,,0.42609596252441406,0.04931074380874634,0.0,False,False,2,False
122.90021681,2390,122,950216811,map,6.658744812011719,4.515830039978027,-0.23651123046875,-0.0009614944574423134,0.0,0.0,0.0,-0.0022567729545652057,-0.002497047087657376,0.6742034849367271,0.7385379696609009,0,0,0,,0.6694692373275757,0.16508114337921143,0.0,False,False,2,False
123.000216811,2391,123,216811,map,6.5755438804626465,6.132102966308594,-2.715139389038086,-0.0042572021484375,0.0,0.0,0.0,-0.0041219971356224435,-0.003921179752666441,0.6672692704093343,0.7447948403797893,0,0,0,,0.8217513561248779,0.21544086933135986,0.0,False,False,2,False
123.050216812,2392,123,50216812,map,6.639267444610596,6.111772060394287,-0.020246505737304688,-0.004754257388412952,0.0,0.0,0.0,-0.005791396394426619,-0.00528007937595578,0.6574780926660581,0.7534329022240723,0,0,0,,0.8276594877243042,0.24051392078399658,0.0,False,False,2,False
123.100216813,2393,123,100216813,map,6.6480889320373535,3.0937671661376953,-0.6007003784179688,0.0012372975470498204,0.0,0.0,0.0,-0.0062408125343270705,-0.0057087626843984746,0.6472445304749709,0.7622355148231805,0,0,0,,0.8416926860809326,0.18854683637619019,0.0,False,False,2,False
123.100216813,2394,123,150216814,map,6.791430950164795,4.169256687164307,1.8103981018066406,0.004173659719526768,0.0,0.0,0.0,-0.0061678650424045476,-0.005916287044781938,0.6367510691972331,0.7710220689867463,0,0,0,,0.8809268474578857,0.19106322526931763,0.0,False,False,2,False
123.200216814,2395,123,200216814,map,6.852903842926025,5.3824591636657715,-0.40656089782714844,0.0009630204294808209,0.0,0.0,0.0,-0.006454314175443501,-0.006388865812749796,0.6256338457644685,0.7800639815144093,0,0,0,,0.8822183609008789,0.22192013263702393,0.0,False,False,2,False
123.250216815,2396,123,250216815,map,7.048794269561768,6.78804874420166,1.7210578918457031,-0.0020793916191905737,0.0,0.0,0.0,-0.007080267371054523,-0.007186407849485376,0.6129169897444411,0.7900829001052914,0,0,0,,0.8813167810440063,0.24819731712341309,0.0,False,False,2,False
123.300216816,2397,123,300216816,map,7.180298805236816,4.817237854003906,0.9046745300292969,0.0006017688428983092,0.0,0.0,0.0,-0.007240138400958617,-0.007608111192873858,0.5996407384176942,0.8002004010683162,0,0,0,,0.8731060028076172,0.21644634008407593,0.0,False,False,2,False
123.350216817,2398,123,350216817,map,7.406285762786865,6.45106315612793,2.1093082427978516,0.001165008288808167,0.0,0.0,0.0,-0.007412254201047634,-0.008023725141194926,0.5857232704903429,0.8104374921785235,0,0,0,,0.8930299282073975,0.2310130000114441,0.0,False,False,2,False
123.400216817,2399,123,400216817,map,7.526155948638916,7.126607894897461,-0.8001327514648438,-0.002116584684699774,0.0,0.0,0.0,-0.008147143931431417,-0.008574680273908212,0.5704517396781675,0.821245950737118,0,0,0,,0.9211108684539795,0.2646305561065674,0.0,False,False,2,False
123.450216818,2400,123,450216818,map,7.7595672607421875,6.273956298828125,1.9420051574707031,0.0003715517232194543,0.0,0.0,0.0,-0.008473431846662972,-0.008822137912744178,0.554629237334193,0.8320076802106335,0,0,0,,0.9449476003646851,0.22983992099761963,0.0,False,False,2,False
123.500216819,2401,123,500216819,map,7.903676509857178,6.968808174133301,-0.7124900817871094,0.0005582807352766395,0.0,0.0,0.0,-0.008988068350632605,-0.009041565995618622,0.5381828387534838,0.8427316873020219,0,0,0,,0.9589799642562866,0.250530481338501,0.0,False,False,2,False
123.55021682,2402,123,550216820,map,8.118254661560059,8.365793228149414,-0.2543830871582031,-0.0024524684995412827,0.0,0.0,0.0,-0.009899292841551693,-0.00941720819386151,0.5204828417777887,0.8537628075794752,0,0,0,,0.9515290260314941,0.27231746912002563,0.0,False,False,2,False
123.60021682,2403,123,600216820,map,8.256333351135254,8.515233993530273,-2.6555252075195312,-0.004454422276467085,0.0,0.0,0.0,-0.01124365091181371,-0.009842155869379553,0.5009889024960149,0.865324697358081,0,0,0,,0.937724232673645,0.30206024646759033,0.0,False,False,2,False
123.650216821,2404,123,650216821,map,8.487282752990723,7.779264450073242,-0.20414352416992188,0.0006977084558457136,0.0,0.0,0.0,-0.011957627782742087,-0.009935157662214828,0.4808654712352239,0.8766565498265341,0,0,0,,0.9734611511230469,0.26042771339416504,0.0,False,False,2,False
123.700216822,2405,123,700216822,map,8.659867286682129,8.007898330688477,-2.256450653076172,0.0026275631971657276,0.0,0.0,0.0,-0.012601573866284433,-0.009932495426747628,0.460331524351445,0.887602069375103,0,0,0,,0.9631752967834473,0.2711259722709656,0.0,False,False,2,False
123.700216822,2406,123,750216823,map,8.86962604522705,8.917055130004883,-2.5528621673583984,-0.0005199434235692024,0.0,0.0,0.0,-0.013496525870823372,-0.009996438450149279,0.43893462085175133,0.8983620170206773,0,0,0,,0.9544708728790283,0.28404760360717773,0.0,False,False,2,False
123.800216823,2407,123,800216823,map,9.054317474365234,8.140239715576172,-3.0082130432128906,0.00024929060600697994,0.0,0.0,0.0,-0.014260857171408037,-0.009937758555643175,0.4169092200157418,0.9087819161787345,0,0,0,,0.9679760932922363,0.27030885219573975,0.0,False,False,2,False
123.800216823,2408,123,850216824,map,9.260910034179688,8.784112930297852,-3.5955333709716797,0.00024719221983104944,0.0,0.0,0.0,-0.01506985738295452,-0.009857513152772288,0.3943120230045503,0.9188001726964136,0,0,0,,0.9561104774475098,0.2779478430747986,0.0,False,False,2,False
123.900216825,2409,123,900216825,map,9.458853721618652,8.030710220336914,-3.539724349975586,0.0017433171160519123,0.0,0.0,0.0,-0.015613734837978057,-0.009647284400946808,0.37151782972115766,0.9282443877489255,0,0,0,,0.9764232635498047,0.2557394504547119,0.0,False,False,2,False
123.900216825,2410,123,950216826,map,9.68117618560791,8.005456924438477,-3.2150745391845703,0.004258155357092619,0.0,0.0,0.0,-0.015803780809113755,-0.009342558837296943,0.3491846407973844,0.9368740810470267,0,0,0,,0.9860913753509521,0.23469746112823486,0.0,False,False,2,False
124.000216826,2411,124,216826,map,9.896020889282227,7.723979949951172,-3.558835983276367,0.003909492399543524,0.0,0.0,0.0,-0.015825991488776066,-0.009007749272823143,0.32750304457294793,0.9446746287700782,0,0,0,,0.9899359941482544,0.21955126523971558,0.0,False,False,2,False
124.050216827,2412,124,50216827,map,10.147979736328125,5.892524719238281,0.21818161010742188,0.011661910451948643,0.0,0.0,0.0,-0.014464195195775522,-0.008376394947652462,0.3085953893029125,0.9510465334388235,0,0,0,,0.9906833171844482,0.11880534887313843,0.0,False,False,2,False
124.100216828,2413,124,100216828,map,10.162481307983398,3.7609291076660156,-5.463752746582031,0.00602111779153347,0.0,0.0,0.0,-0.013640723323571765,-0.007566295244864579,0.2918920424355874,0.9563240650565367,0,0,0,,0.9907987117767334,0.16935724020004272,0.0,False,False,2,False
124.100216828,2414,124,150216829,map,10.141650199890137,1.7965507507324219,-3.870534896850586,0.0002965924795717001,0.0,0.0,0.0,-0.012877696273934345,-0.006408274844703696,0.2768270212887306,0.9608121040227374,0,0,0,,0.9871783256530762,0.11967897415161133,0.0,False,False,0,False
124.200216829,2415,124,200216829,map,10.397039413452148,7.631702423095703,-3.2355880737304688,-0.0047143930569291115,0.0,0.0,0.0,-0.012678987020361108,-0.005858991139766042,0.26243804647545727,0.9648477534166245,0,0,0,,0.9860894680023193,0.1460539698600769,0.0,False,False,0,False
124.25021683,2416,124,250216830,map,10.787960052490234,9.645881652832031,-1.6469573974609375,-0.008526611141860485,0.0,0.0,0.0,-0.012592709230226528,-0.006366778318474709,0.24798361768849944,0.9686614543617448,0,0,0,,0.9757031202316284,0.136624276638031,0.0,False,False,3,False
124.300216831,2417,124,300216831,map,11.12728214263916,9.069480895996094,-3.2261085510253906,-0.00734367361292243,0.0,0.0,0.0,-0.012791924158498813,-0.0070309943678292,0.23316375259671115,0.9723279263034372,0,0,0,,0.9779317378997803,0.1524757742881775,0.0,False,False,3,False
124.350216832,2418,124,350216832,map,11.43299388885498,8.269920349121094,-3.5826873779296875,-0.004566001705825329,0.0,0.0,0.0,-0.013096247031555475,-0.007468654253928175,0.21785977586652513,0.9758636306250537,0,0,0,,0.9589242935180664,0.1487308144569397,0.0,False,False,3,False
124.400216832,2419,124,400216832,map,11.694863319396973,7.853050231933594,-5.446205139160156,-0.003785324515774846,0.0,0.0,0.0,-0.013843436024753289,-0.007658682348550709,0.20154380934036972,0.9793517227126755,0,0,0,,0.9599065780639648,0.17260825634002686,0.0,False,False,3,False
124.450216833,2420,124,450216833,map,11.949917793273926,7.0436859130859375,-4.355754852294922,0.0004690175410360098,0.0,0.0,0.0,-0.014254609048280782,-0.007554896744462587,0.18488763540493164,0.9826272395626097,0,0,0,,0.9420533180236816,0.14331591129302979,0.0,False,False,3,False
124.500216834,2421,124,500216834,map,12.14562702178955,6.7966461181640625,-8.091554641723633,-0.0022790906950831413,0.0,0.0,0.0,-0.015420997084881762,-0.007331793049219618,0.1669718937946027,0.9858137878637301,0,0,0,,0.9475955963134766,0.20964717864990234,0.0,False,False,3,False
124.550216834,2422,124,550216834,map,12.323564529418945,6.244163513183594,-8.919086456298828,-0.007522201631218195,0.0,0.0,0.0,-0.017206852092615393,-0.006985307313868421,0.14666994573427145,0.989011150969037,0,0,0,,0.947006344795227,0.21771585941314697,0.0,False,False,3,False
124.600216835,2423,124,600216835,map,12.46622085571289,5.514850616455078,-10.890374183654785,-0.007915114983916283,0.0,0.0,0.0,-0.019353630935871696,-0.006489662629118398,0.12382336660967672,0.9920942974989847,0,0,0,,0.9209728240966797,0.2559124827384949,0.0,False,False,3,False
124.600216835,2424,124,650216836,map,12.589348793029785,4.720630645751953,-11.92019271850586,-0.007722091395407915,0.0,0.0,0.0,-0.02164734988338518,-0.005827059853796562,0.09834671280491798,0.9948996741867762,0,0,0,,0.9037654399871826,0.272131085395813,0.0,False,False,3,False
124.700216837,2425,124,700216837,map,12.694090843200684,3.8306427001953125,-12.893226623535156,-0.005262948106974363,0.0,0.0,0.0,-0.023874612514116905,-0.00500042737248701,0.07058892271906751,0.9972072014344635,0,0,0,,0.8951840400695801,0.2855159640312195,0.0,False,False,3,False
124.750216837,2426,124,750216837,map,12.819381713867188,3.498516082763672,-11.939456939697266,0.003096391446888447,0.0,0.0,0.0,-0.025380817501897777,-0.004099558753849575,0.04185220008310221,0.9987929720763774,0,0,0,,0.9063358306884766,0.24732398986816406,0.0,False,False,3,False
124.750216837,2427,124,800216838,map,12.964228630065918,3.3011627197265625,-10.821942329406738,0.014238355681300163,0.0,0.0,0.0,-0.025865836971094916,-0.003260673848569667,0.013944688605516054,0.99956284051756,0,0,0,,0.9315557479858398,0.19973242282867432,0.0,False,False,3,False
124.850216839,2428,124,850216839,map,13.1498384475708,3.731098175048828,-6.8891282081604,0.02872009202837944,0.0,0.0,0.0,-0.02454012351169417,-0.0026739969481676647,-0.01026810145923658,0.9996425351948438,0,0,0,,0.9452431201934814,0.0903235673904419,0.0,False,False,3,False
124.90021684,2429,124,900216840,map,13.338579177856445,3.6680984497070312,-5.292738914489746,0.03291149064898491,0.0,0.0,0.0,-0.02184491837401568,-0.0024200640537623223,-0.028365571165998325,0.9993559612088353,0,0,0,,0.9559192657470703,0.04080986976623535,0.0,False,False,3,False
124.95021684,2430,124,950216840,map,13.525785446166992,3.5804367065429688,-4.373502254486084,0.016625404357910156,0.0,0.0,0.0,-0.01889472853765651,-0.0024067855490858842,-0.04053298593161772,0.9989966334619333,0,0,0,,0.9564676284790039,0.00700300931930542,0.0,False,False,3,False
125.000216841,2431,125,216841,map,13.712743759155273,3.6468124389648438,-1.9685745239257812,0.0050573330372571945,0.0,0.0,0.0,-0.01552074969538089,-0.002575085580513444,-0.04673433456182921,0.9987834486194739,0,0,0,,0.9630966186523438,-0.038518428802490234,0.0,False,False,3,False
125.050216842,2432,125,50216842,map,13.899399757385254,3.6527061462402344,-1.5654373168945312,-0.005403710529208183,0.0,0.0,0.0,-0.012291536922337065,-0.002827802857678992,-0.0479946279595741,0.9987679597074123,0,0,0,,0.9609410762786865,-0.04738357663154602,0.0,False,False,3,False
125.100216843,2433,125,100216843,map,14.083711624145508,3.7143516540527344,0.39532899856567383,-0.010870550759136677,0.0,0.0,0.0,-0.009027598456477747,-0.0031037847596141195,-0.04524925265399698,0.9989301147330224,0,0,0,,0.9610337018966675,-0.07035857439041138,0.0,False,False,3,False
125.150216843,2434,125,150216843,map,14.265456199645996,3.7327003479003906,1.7958807945251465,-0.012417791411280632,0.0,0.0,0.0,-0.005721604291950589,-0.0033562483495005527,-0.039216977906999226,0.9992087006652738,0,0,0,,0.9592087268829346,-0.0832284688949585,0.0,False,False,3,False
125.200216844,2435,125,200216844,map,14.44830322265625,3.75579833984375,2.156325578689575,-0.013349724933505058,0.0,0.0,0.0,-0.0027929423144155453,-0.0035461876149523314,-0.03119804428949345,0.9995030295397503,0,0,0,,0.9556282758712769,-0.07653197646141052,0.0,False,False,3,False
125.250216845,2436,125,250216845,map,14.629369735717773,3.7241554260253906,2.878025770187378,-0.011774253100156784,0.0,0.0,0.0,-0.00026737644131670437,-0.0036625456211040863,-0.022231786253664468,0.9997460987417672,0,0,0,,0.9528038501739502,-0.07328537106513977,0.0,False,False,3,False
125.300216846,2437,125,300216846,map,14.810332298278809,3.6942100524902344,3.013303756713867,-0.008765983395278454,0.0,0.0,0.0,0.0017685021640211713,-0.003711629193196441,-0.013126719787635348,0.99990538824253,0,0,0,,0.9520249366760254,-0.06199035048484802,0.0,False,False,3,False
125.350216846,2438,125,350216846,map,14.99181079864502,3.6705589294433594,2.8143811225891113,-0.005108451470732689,0.0,0.0,0.0,0.0032144647076182736,-0.003711918957225216,-0.004669108292136338,0.9999770438875358,0,0,0,,0.953366756439209,-0.04620248079299927,0.0,False,False,3,False
125.400216847,2439,125,400216847,map,15.172565460205078,3.628997802734375,2.8318164348602295,-0.0017267226940020919,0.0,0.0,0.0,0.004197948717830194,-0.0036836543561606263,0.002728391048037886,0.9999806817131198,0,0,0,,0.9537644386291504,-0.03561475872993469,0.0,False,False,3,False
125.450216848,2440,125,450216848,map,15.351916313171387,3.5724830627441406,3.044112205505371,0.00035800912883132696,0.0,0.0,0.0,0.004929418747151231,-0.0036396669590563193,0.00911270492976464,0.9999397043142678,0,0,0,,0.954984188079834,-0.03155028820037842,0.0,False,False,3,False
125.500216849,2441,125,500216849,map,15.534292221069336,3.6312103271484375,1.390080213546753,0.0023851392325013876,0.0,0.0,0.0,0.004914142159488246,-0.0036065179760223927,0.013754034012671584,0.9998868289878128,0,0,0,,0.960273027420044,-0.0014129579067230225,0.0,False,False,3,False
125.500216849,2442,125,550216849,map,15.715957641601562,3.6051177978515625,1.7139029502868652,0.0028736116364598274,0.0,0.0,0.0,0.004636073147078589,-0.003586996205984282,0.016675637804385746,0.9998437694899188,0,0,0,,0.9599025249481201,-0.0009379088878631592,0.0,False,False,3,False
125.550216849,2443,125,600216850,map,15.778697967529297,1.2394142150878906,0.7616037130355835,0.002628326416015625,0.0,0.0,0.0,0.004083886797582272,-0.0034001916563146024,0.018037545580489582,0.9998231881261589,0,0,0,,0.9613525867462158,0.012471914291381836,0.0,False,False,3,False
125.650216851,2444,125,650216851,map,15.765948295593262,-0.2676582336425781,0.5568194389343262,0.0024364469572901726,0.0,0.0,0.0,0.0034201859342296694,-0.002823436465047797,0.018134552567461326,0.9998257190820213,0,0,0,,0.9620401859283447,0.013980090618133545,0.0,False,False,0,False
125.700216852,2445,125,700216852,map,15.882317543029785,2.3309898376464844,-0.12793958187103271,0.0013597486540675163,0.0,0.0,0.0,0.002588171436427966,-0.0023651299257839843,0.01712505909177016,0.9998472082674199,0,0,0,,0.9618897438049316,0.02188664674758911,0.0,False,False,0,False
125.750216852,2446,125,750216852,map,16.170129776000977,5.769233703613281,-0.529441237449646,-0.0005701064947061241,0.0,0.0,0.0,0.0016291972574226773,-0.0027047082989108497,0.015060938415306476,0.9998815921914777,0,0,0,,0.9613890647888184,0.026161670684814453,0.0,False,False,4,False
125.800216853,2447,125,800216853,map,16.4237003326416,5.094032287597656,-1.145317554473877,-0.0014053343329578638,0.0,0.0,0.0,0.0005878686482676917,-0.0032380647644873447,0.01208178722449726,0.9999215968087175,0,0,0,,0.9618887901306152,0.03124237060546875,0.0,False,False,4,False
125.800216853,2448,125,850216854,map,16.651182174682617,4.572410583496094,-1.520211935043335,-0.00153770437464118,0.0,0.0,0.0,-0.0004451856945845093,-0.0036561968480415866,0.008404106506415479,0.9999579016279307,0,0,0,,0.9608341455459595,0.032347917556762695,0.0,False,False,4,False
125.900216855,2449,125,900216855,map,16.85871124267578,4.1680145263671875,-1.816070556640625,-0.0010417938465252519,0.0,0.0,0.0,-0.001399040082907625,-0.0038914729967228553,0.004285334589607506,0.9999822673588854,0,0,0,,0.9611605405807495,0.0318414568901062,0.0,False,False,4,False
125.900216855,2450,125,950216855,map,17.051332473754883,3.8599777221679688,-1.9702160358428955,-0.0006830214988440275,0.0,0.0,0.0,-0.002218157469602807,-0.003969215119755183,-1.633471411744141e-05,0.9999896623675418,0,0,0,,0.96190345287323,0.029171109199523926,0.0,False,False,4,False
126.000216856,2451,126,216856,map,17.233501434326172,3.6404800415039062,-1.7380990982055664,7.076261681504548e-05,0.0,0.0,0.0,-0.0027738173689692,-0.003940928774127424,-0.004100283430513722,0.9999799811463178,0,0,0,,0.9621992111206055,0.020658373832702637,0.0,False,False,4,False
126.050216857,2452,126,50216857,map,17.40802764892578,3.4843826293945312,-1.0900746583938599,0.0006172180292196572,0.0,0.0,0.0,-0.002908634799117207,-0.0038567367943438597,-0.007367957443506909,0.9999611885608437,0,0,0,,0.9603815078735352,0.005805552005767822,0.0,False,False,4,False
126.100216858,2453,126,100216858,map,17.57583999633789,3.3547210693359375,-0.211450457572937,0.0011903762351721525,0.0,0.0,0.0,-0.002548525697112573,-0.0037525988110962676,-0.009180518740599764,0.999947569172798,0,0,0,,0.958458423614502,-0.012073636054992676,0.0,False,False,4,False
126.150216858,2454,126,150216858,map,17.737735748291016,3.2410430908203125,0.426165908575058,0.0011539458064362407,0.0,0.0,0.0,-0.00183024958066971,-0.003647587634411886,-0.009222607694537057,0.9999491431059054,0,0,0,,0.9560694694519043,-0.02483576536178589,0.0,False,False,4,False
126.150216858,2455,126,200216859,map,17.894824981689453,3.1466293334960938,0.9221361875534058,0.0004825592623092234,0.0,0.0,0.0,-0.0009328766289068885,-0.0035490483261858188,-0.007568123909250992,0.9999646281232492,0,0,0,,0.9528822898864746,-0.03239274024963379,0.0,False,False,4,False
126.25021686,2456,126,250216860,map,18.048877716064453,3.08349609375,0.958626925945282,-0.00016593941836617887,0.0,0.0,0.0,-0.00010290158368141332,-0.0034593565622294572,-0.00472606828386263,0.9999828431238286,0,0,0,,0.9518129825592041,-0.029686152935028076,0.0,False,False,4,False
126.25021686,2457,126,300216861,map,18.200151443481445,3.0250167846679688,1.1546413898468018,-0.0005338668124750257,0.0,0.0,0.0,0.0006133113519699455,-0.00337868214526551,-0.001257102553122002,0.9999933140023076,0,0,0,,0.9489274024963379,-0.02674117684364319,0.0,False,False,4,False
126.350216861,2458,126,350216861,map,18.349428176879883,2.9821014404296875,1.0236451625823975,-0.00045604701153934,0.0,0.0,0.0,0.0011356998413573985,-0.003307215683243664,0.002267405032986371,0.9999913156546466,0,0,0,,0.9476850032806396,-0.01823568344116211,0.0,False,False,4,False
126.400216862,2459,126,400216862,map,18.49694061279297,2.945556640625,0.8146053552627563,-0.00030269622220657766,0.0,0.0,0.0,0.0014199929114692958,-0.0032459609188596585,0.005311385579774744,0.9999796180628221,0,0,0,,0.9472417831420898,-0.008553087711334229,0.0,False,False,4,False
126.400216862,2460,126,450216863,map,18.642751693725586,2.9143905639648438,0.2609294652938843,-4.005432856502011e-06,0.0,0.0,0.0,0.0013808594096992805,-0.003195658388972848,0.007344445432550999,0.9999669695125134,0,0,0,,0.9440996646881104,0.005216836929321289,0.0,False,False,4,False
126.450216863,2461,126,500216864,map,18.786455154418945,2.8756332397460938,-0.2070865035057068,0.0001636505185160786,0.0,0.0,0.0,0.001052763908443477,-0.003155113787176473,0.008017636513683743,0.999962326515293,0,0,0,,0.9405381679534912,0.016270160675048828,0.0,False,False,4,False
126.550216864,2462,126,550216864,map,18.928646087646484,2.8400802612304688,0.5039253830909729,4.405974323162809e-05,0.0,0.0,0.0,0.0008991408382875271,-0.0031197586249086676,0.007867725600422506,0.9999637781168635,0,0,0,,0.9363934993743896,0.006511032581329346,0.0,False,False,4,False
126.550216864,2463,126,600216865,map,19.068857192993164,2.8055191040039062,-0.15218228101730347,7.171631295932457e-05,0.0,0.0,0.0,0.0006785194212025015,-0.003088728142127208,0.007113373459089067,0.9999696991848755,0,0,0,,0.931563138961792,0.013513505458831787,0.0,False,False,4,False
126.650216866,2464,126,650216866,map,19.206897735595703,2.7640533447265625,-0.43937623500823975,-3.128052412648685e-05,0.0,0.0,0.0,0.00031669158167780664,-0.003059820149280329,0.005740500854735656,0.9999787917036207,0,0,0,,0.9267399311065674,0.015650272369384766,0.0,False,False,4,False
126.650216866,2465,126,700216867,map,19.343053817749023,2.7252960205078125,-0.3455352783203125,-3.1089766707737e-05,0.0,0.0,0.0,-6.85600446261794e-06,-0.00303100385640313,0.004064162164145984,0.9999871476946699,0,0,0,,0.9239242076873779,0.011168897151947021,0.0,False,False,4,False
126.750216867,2466,126,750216867,map,19.477251052856445,2.6840591430664062,-0.016786903142929077,-8.277893357444555e-05,0.0,0.0,0.0,-0.00013683204225172494,-0.0030010961494989865,0.0025910730079781613,0.9999921304888159,0,0,0,,0.9185283184051514,0.0022214651107788086,0.0,False,False,4,False
126.800216868,2467,126,800216868,map,19.609027862548828,2.6375961303710938,-0.397597998380661,-3.051758176297881e-05,0.0,0.0,0.0,-0.0002816369614062917,-0.0029704881642771638,0.0013858523770471235,0.9999945881322942,0,0,0,,0.9111813306808472,0.00414961576461792,0.0,False,False,4,False
126.850216869,2468,126,850216869,map,19.737882614135742,2.5783157348632812,-0.298616886138916,-3.4713742934400216e-05,0.0,0.0,0.0,-0.00040906859062027947,-0.0029373179960565784,0.00044913310034670203,0.99999550154255,0,0,0,,0.8975770473480225,0.0008727312088012695,0.0,False,False,4,False
126.90021687,2469,126,900216870,map,19.863208770751953,2.5076675415039062,-0.34189000725746155,-4.100799560546875e-05,0.0,0.0,0.0,-0.0005073960714526668,-0.002899597081605362,-0.00020796462960503368,0.9999956458088726,0,0,0,,0.8913681507110596,0.00022101402282714844,0.0,False,False,4,False
126.95021687,2470,126,950216870,map,19.984960556030273,2.4351882934570312,-0.04471041262149811,3.643035961431451e-05,0.0,0.0,0.0,-0.00048500778514247434,-0.002857029716838273,-0.00048429401128620685,0.9999956837946632,0,0,0,,0.8813364505767822,-0.004709422588348389,0.0,False,False,4,False
127.000216871,2471,127,216871,map,20.102598190307617,2.352294921875,0.15608243644237518,3.9100639696698636e-05,0.0,0.0,0.0,-0.00033794326795235854,-0.0028097834503971486,-0.00028153656136117384,0.9999959558160595,0,0,0,,0.8681528568267822,-0.007978230714797974,0.0,False,False,4,False
127.050216872,2472,127,50216872,map,20.215639114379883,2.2604751586914062,0.10509714484214783,6.84738188283518e-05,0.0,0.0,0.0,-0.0001846020877814321,-0.002756523283697975,0.0002727283204866233,0.999996146552935,0,0,0,,0.8547345399856567,-0.0065902769565582275,0.0,False,False,4,False
127.100216872,2473,127,100216872,map,20.323265075683594,2.1532440185546875,-0.23628555238246918,-8.010865713004023e-06,0.0,0.0,0.0,-0.00017760061226837425,-0.0026963559872374447,0.000801390110577755,0.9999960279402631,0,0,0,,0.8345229625701904,0.00027567148208618164,0.0,False,False,4,False
127.150216873,2474,127,150216873,map,20.42477035522461,2.030792236328125,-0.2713346481323242,4.425048973644152e-05,0.0,0.0,0.0,-0.0002557897808825617,-0.002627405503047705,0.001065912350717046,0.9999959475631743,0,0,0,,0.8218550682067871,0.003121316432952881,0.0,False,False,4,False
127.200216874,2475,127,200216874,map,20.520002365112305,1.9050979614257812,-0.2821982204914093,-3.662109520519152e-05,0.0,0.0,0.0,-0.00034625453905778506,-0.0025499424537245383,0.0010260215917498668,0.9999961625831222,0,0,0,,0.8050991296768188,0.0046915411949157715,0.0,False,False,4,False
127.250216875,2476,127,250216875,map,20.60929298400879,1.785736083984375,0.07332231849431992,0.00010070799908135086,0.0,0.0,0.0,-0.0003064196661371625,-0.002465703595862781,0.0009076402754268646,0.9999965012948276,0,0,0,,0.8021795749664307,-0.0002186596393585205,0.0,False,False,4,False
127.300216875,2477,127,300216875,map,20.693485260009766,1.6836929321289062,0.087212473154068,1.0871881386265159e-05,0.0,0.0,0.0,-0.00019980672732475928,-0.0023790525118321825,0.0008655771916350731,0.9999967754760727,0,0,0,,0.7943638563156128,-0.0010852813720703125,0.0,False,False,4,False
127.350216876,2478,127,350216876,map,20.77249526977539,1.5805435180664062,-0.2493012696504593,-4.76837158203125e-06,0.0,0.0,0.0,-0.00020818560389575282,-0.0022924851925698905,0.0007284240673872476,0.9999970852801394,0,0,0,,0.7779890298843384,0.003702402114868164,0.0,False,False,4,False
127.400216877,2479,127,400216877,map,20.846267700195312,1.475677490234375,-0.3263687491416931,-3.7574754969682544e-05,0.0,0.0,0.0,-0.0003049058604432621,-0.0022061395954578737,0.0003729661154832239,0.999997450435139,0,0,0,,0.7733561992645264,0.00522536039352417,0.0,False,False,4,False
127.450216878,2480,127,450216878,map,20.915611267089844,1.386871337890625,-0.29664215445518494,5.397796485340223e-05,0.0,0.0,0.0,-0.0004013824404893428,-0.0021218050333209246,-0.00014757581818241206,0.9999976575257139,0,0,0,,0.7683593034744263,0.00462108850479126,0.0,False,False,4,False
127.500216878,2481,127,500216878,map,20.981155395507812,1.3106918334960938,-0.27441394329071045,-2.0217903511365876e-05,0.0,0.0,0.0,-0.00046808563706093225,-0.0020415906812618293,-0.0007360359243889103,0.9999975355241855,0,0,0,,0.7654109001159668,0.0035941004753112793,0.0,False,False,4,False
127.500216878,2482,127,550216879,map,21.043373107910156,1.244049072265625,-0.24475298821926117,6.484988261945546e-06,0.0,0.0,0.0,-0.0005021722247322046,-0.001967312156995884,-0.001304162666543036,0.9999970883285977,0,0,0,,0.7596752643585205,0.0022842884063720703,0.0,False,False,4,False
127.60021688,2483,127,600216880,map,21.102567672729492,1.183929443359375,0.024741217494010925,-1.7166130419354886e-05,0.0,0.0,0.0,-0.0004300533524858353,-0.0018995439587953893,-0.0016584810207021536,0.9999967281084308,0,0,0,,0.7568919658660889,-0.00259321928024292,0.0,False,False,4,False
127.650216881,2484,127,650216881,map,21.15882110595703,1.1252593994140625,0.13003118336200714,3.490447852527723e-05,0.0,0.0,0.0,-0.00028217305970711776,-0.001837855917468352,-0.0016730341251433778,0.9999968718055108,0,0,0,,0.7478868961334229,-0.005044043064117432,0.0,False,False,4,False
127.700216881,2485,127,700216881,map,21.211978912353516,1.0632705688476562,0.10647114366292953,-3.852845111396164e-05,0.0,0.0,0.0,-0.00014178288736417356,-0.0017805500304180356,-0.0014041245843384432,0.999997418983346,0,0,0,,0.741492509841919,-0.004776179790496826,0.0,False,False,4,False
127.750216882,2486,127,750216882,map,21.26213264465332,1.0031890869140625,0.15244480967521667,-1.1825559340650216e-05,0.0,0.0,0.0,-1.8403891340049834e-05,-0.001726073371624066,-0.0009420467919046193,0.9999980664380579,0,0,0,,0.7366123199462891,-0.004718303680419922,0.0,False,False,4,False
127.800216883,2487,127,800216883,map,21.30937957763672,0.944976806640625,0.09688133001327515,-4.5776323531754315e-06,0.0,0.0,0.0,6.402357225993041e-05,-0.0016738433257154467,-0.0004125086617179087,0.9999985119919467,0,0,0,,0.7294671535491943,-0.0028133392333984375,0.0,False,False,4,False
127.850216884,2488,127,850216884,map,21.35352325439453,0.8829116821289062,0.13466259837150574,-3.814693627646193e-06,0.0,0.0,0.0,0.00012660230677300524,-0.0016229020624474193,9.79430817827589e-05,0.999998670283068,0,0,0,,0.7208497524261475,-0.0020912587642669678,0.0,False,False,4,False
127.900216884,2489,127,900216884,map,21.394840240478516,0.8263397216796875,0.12042158097028732,-4.9018872232409194e-05,0.0,0.0,0.0,0.00017173462753418214,-0.0015728147904770866,0.0005339656240534214,0.9999986058198106,0,0,0,,0.7223305702209473,-0.0008573532104492188,0.0,False,False,4,False
127.950216885,2490,127,950216885,map,21.434188842773438,0.7869338989257812,-0.2716374099254608,1.831054760259576e-05,0.0,0.0,0.0,7.34095008999817e-05,-0.0015255921411604304,0.0006547145285626604,0.9999986192633218,0,0,0,,0.7245280742645264,0.005850076675415039,0.0,False,False,4,False
128.000216886,2491,128,216886,map,21.471908569335938,0.7542037963867188,-0.25543224811553955,-3.757476224564016e-05,0.0,0.0,0.0,-7.798811654127937e-05,-0.0014830529286604132,0.0003876393713331178,0.9999988221030973,0,0,0,,0.7167984247207642,0.00649106502532959,0.0,False,False,4,False
128.050216887,2492,128,50216887,map,21.50772476196289,0.7161331176757812,-0.15199795365333557,-6.6757183958543465e-06,0.0,0.0,0.0,-0.00017591712926850702,-0.0014443210418525433,-0.00010320655514529607,0.9999989361685836,0,0,0,,0.7129915952682495,0.004571020603179932,0.0,False,False,4,False
128.100216887,2493,128,100216887,map,21.541568756103516,0.677032470703125,0.09813323616981506,6.866457624710165e-06,0.0,0.0,0.0,-0.00014883015236471334,-0.0014080792399972781,-0.0005389003149434253,0.9999988523737865,0,0,0,,0.7075901031494141,-0.0003769397735595703,0.0,False,False,4,False
128.100216887,2494,128,150216888,map,21.57313346862793,0.6314468383789062,0.1796889305114746,-4.9972531996900216e-05,0.0,0.0,0.0,-4.33515480998791e-05,-0.0013730802073208465,-0.0007336774475370897,0.9999987872436599,0,0,0,,0.6994823217391968,-0.0031278133392333984,0.0,False,False,4,False
128.200216889,2495,128,200216889,map,21.602500915527344,0.5873870849609375,0.0657893568277359,-2.021789987338707e-05,0.0,0.0,0.0,3.08985335420999e-05,-0.0013380274202943313,-0.0007260881255591787,0.9999988407612966,0,0,0,,0.6996082067489624,-0.0022942423820495605,0.0,False,False,4,False
128.25021689,2496,128,250216890,map,21.630084991455078,0.5517196655273438,0.11187030375003815,-3.681182715808973e-05,0.0,0.0,0.0,8.56330816360208e-05,-0.0013036018970211411,-0.0005669125119692882,0.9999989859491225,0,0,0,,0.6968320608139038,-0.0029522180557250977,0.0,False,False,4,False
128.30021689,2497,128,300216890,map,21.655982971191406,0.5179977416992188,0.10999588668346405,3.814696901827119e-05,0.0,0.0,0.0,0.00012995028189013782,-0.0012707495740305365,-0.0002964961816151416,0.9999991401988596,0,0,0,,0.6931447982788086,-0.002648293972015381,0.0,False,False,4,False
128.350216891,2498,128,350216891,map,21.68071174621582,0.494537353515625,-0.19246326386928558,1.811981746868696e-05,0.0,0.0,0.0,6.384371149173996e-05,-0.0012400231769839562,-0.00013273452636055366,0.9999992203237194,0,0,0,,0.7003912925720215,0.0024518966674804688,0.0,False,False,4,False
128.400216892,2499,128,400216892,map,21.705036163330078,0.4863739013671875,-0.144377201795578,-3.547668893588707e-05,0.0,0.0,0.0,-3.2952491417179436e-05,-0.0012140813042090953,-0.0001611752326984254,0.9999992494713505,0,0,0,,0.6993837356567383,0.0027003884315490723,0.0,False,False,4,False
128.400216892,2500,128,450216893,map,21.72857666015625,0.47077178955078125,-0.04281807690858841,0.00010585784912109375,0.0,0.0,0.0,-7.89043277851787e-05,-0.0011926065273124866,-0.00028613626767520344,0.9999992447946221,0,0,0,,0.6911437511444092,0.0013497471809387207,0.0,False,False,4,False
128.500216893,2501,128,500216893,map,21.750843048095703,0.44544219970703125,0.1616286039352417,-0.00010051728168036789,0.0,0.0,0.0,-2.542323710623082e-05,-0.001173070250669675,-0.0003321002550876985,0.9999992564843568,0,0,0,,0.6896630525588989,-0.0020662546157836914,0.0,False,False,4,False
128.550216894,2502,128,550216894,map,21.771928787231445,0.4216766357421875,-0.050370264798402786,4.38690185546875e-05,0.0,0.0,0.0,-6.253465096423976e-06,-0.0011542415986893113,-0.0003418017330777755,0.999999275429138,0,0,0,,0.686326265335083,0.0005489587783813477,0.0,False,False,4,False
128.600216895,2503,128,600216895,map,21.791839599609375,0.39829254150390625,0.09461898356676102,-6.771087646484375e-05,0.0,0.0,0.0,2.4682096241110992e-05,-0.0011354758022717767,-0.00030842865752590956,0.99999930747839,0,0,0,,0.6854192018508911,-0.0014655590057373047,0.0,False,False,4,False
128.650216896,2504,128,650216896,map,21.810794830322266,0.37906646728515625,-0.06784097850322723,2.2125241230241954e-05,0.0,0.0,0.0,1.5391601153577752e-05,-0.001117173980567708,-0.000283157243017736,0.9999993357534651,0,0,0,,0.6848757266998291,0.0008306503295898438,0.0,False,False,4,False
128.700216896,2505,128,700216896,map,21.82895278930664,0.36312103271484375,-0.022807233035564423,2.9945371352368966e-05,0.0,0.0,0.0,-5.1207234804987275e-06,-0.0010998231070679211,-0.0002973580768579623,0.9999993509703321,0,0,0,,0.6839889287948608,0.00043064355850219727,0.0,False,False,4,False
128.750216897,2506,128,750216897,map,21.84648323059082,0.35060882568359375,-0.00745600089430809,-2.422332181595266e-05,0.0,0.0,0.0,-1.3666481682786413e-05,-0.0010839058225174418,-0.00032355284221300366,0.9999993601372719,0,0,0,,0.6846380233764648,0.00019556283950805664,0.0,False,False,4,False
128.750216897,2507,128,800216898,map,21.863794326782227,0.345916748046875,-0.3146851658821106,2.8610225854208693e-05,0.0,0.0,0.0,-0.00011692964344041775,-0.0010702008043202511,-0.0005136309791810951,0.9999992885902039,0,0,0,,0.6904884576797485,0.004755377769470215,0.0,False,False,4,False
128.850216899,2508,128,850216899,map,21.88109588623047,0.34595489501953125,-0.0438680499792099,-4.940032886224799e-05,0.0,0.0,0.0,-0.0001678093332985332,-0.001059877744989304,-0.0007825237978672126,0.9999991180774607,0,0,0,,0.6831042766571045,0.0009520053863525391,0.0,False,False,4,False
128.900216899,2509,128,900216899,map,21.897748947143555,0.3331756591796875,0.07252190262079239,2.6512148906476796e-05,0.0,0.0,0.0,-0.00012722424134381538,-0.001051127472233475,-0.0009423459454561138,0.9999989954640697,0,0,0,,0.6821845769882202,-0.0015090107917785645,0.0,False,False,4,False
128.9502169,2510,128,950216900,map,21.913848876953125,0.32196044921875,-0.016457848250865936,1.0871890481212176e-05,0.0,0.0,0.0,-8.999010517776444e-05,-0.0010426937440941029,-0.0009980155639632263,0.9999989543276888,0,0,0,,0.6820805072784424,-0.0007592141628265381,0.0,False,False,4,False
129.000216901,2511,129,216901,map,21.929500579833984,0.31299591064453125,-0.025127865374088287,-2.5558474590070546e-05,0.0,0.0,0.0,-7.373737102867845e-05,-0.0010346632913688658,-0.0009985322404126148,0.9999989634834819,0,0,0,,0.6815797090530396,-0.0006258189678192139,0.0,False,False,4,False
129.050216902,2512,129,50216902,map,21.944713592529297,0.3043365478515625,0.043700672686100006,-2.422332727292087e-05,0.0,0.0,0.0,-4.409923436326753e-05,-0.0010268875825418492,-0.0009310399329667842,0.9999990383604345,0,0,0,,0.6805540323257446,-0.0015124082565307617,0.0,False,False,4,False
129.100216902,2513,129,100216902,map,21.95948028564453,0.29541015625,0.053292177617549896,3.8146959013829473e-06,0.0,0.0,0.0,-5.871433457664762e-06,-0.0010192944372079877,-0.0007960737041875677,0.9999991636351673,0,0,0,,0.679716944694519,-0.0015233159065246582,0.0,False,False,4,False
129.150216903,2514,129,150216903,map,21.97379493713379,0.286407470703125,0.11663258075714111,3.24249267578125e-05,0.0,0.0,0.0,4.853731464751484e-05,-0.0010118770349454404,-0.0005894438406055065,0.9999993131522411,0,0,0,,0.6787354946136475,-0.0021841824054718018,0.0,False,False,4,False
129.150216903,2515,129,200216904,map,21.987668991088867,0.27759552001953125,0.1420547217130661,-2.6321409677620977e-05,0.0,0.0,0.0,0.00011152029446490322,-0.0010045521023019847,-0.00031527569190725735,0.9999994395196107,0,0,0,,0.6782209873199463,-0.002262413501739502,0.0,False,False,4,False
129.250216905,2516,129,250216905,map,22.001188278198242,0.27042388916015625,0.11190937459468842,-5.626678466796875e-05,0.0,0.0,0.0,0.00015700147797599026,-0.0009974273323441396,-2.1890790690506334e-05,0.9999994900048929,0,0,0,,0.6783328056335449,-0.001397162675857544,0.0,False,False,4,False
129.300216905,2517,129,300216905,map,22.014381408691406,0.2639007568359375,0.2520613372325897,2.0217894416418858e-05,0.0,0.0,0.0,0.00023201933715197228,-0.0009906733650507887,0.00032273819175361633,0.9999994302865232,0,0,0,,0.6779284477233887,-0.002994716167449951,0.0,False,False,4,False
129.350216906,2518,129,350216906,map,22.027368545532227,0.25974273681640625,-0.03795959800481796,3.814696469817136e-07,0.0,0.0,0.0,0.0002197735750650028,-0.000984542435118685,0.0005746593705190666,0.9999993260709613,0,0,0,,0.6782039403915405,0.0016171932220458984,0.0,False,False,4,False
129.350216906,2519,129,400216907,map,22.04039192199707,0.26042938232421875,-0.2429322898387909,3.318786548334174e-05,0.0,0.0,0.0,8.955768126656222e-05,-0.0009796145148920604,0.0005287245224358423,0.9999993763924072,0,0,0,,0.6838016510009766,0.005447864532470703,0.0,False,False,4,False
129.450216908,2520,129,450216908,map,22.053789138793945,0.2677154541015625,-0.2942425310611725,-2.9182432626839727e-05,0.0,0.0,0.0,-8.214568154321589e-05,-0.0009769917956308689,0.0001493228512448643,0.9999995082207813,0,0,0,,0.6827117204666138,0.006547868251800537,0.0,False,False,4,False
129.500216908,2521,129,500216908,map,22.06736946105957,0.27111053466796875,-0.3400800824165344,6.446838960982859e-05,0.0,0.0,0.0,-0.00025029122115347697,-0.0009761991379541167,-0.0004989471553514727,0.9999993677204422,0,0,0,,0.6826446056365967,0.006713986396789551,0.0,False,False,4,False
129.550216909,2522,129,550216909,map,22.08111572265625,0.27416229248046875,-0.3435739278793335,-5.626678466796875e-05,0.0,0.0,0.0,-0.00039089611959389295,-0.000976648572956807,-0.0013063585852132779,0.9999985933915284,0,0,0,,0.6834608316421509,0.00566864013671875,0.0,False,False,4,False
129.60021691,2523,129,600216910,map,22.094972610473633,0.27484893798828125,-0.6744914650917053,-0.0001031875581247732,0.0,0.0,0.0,-0.0006065492201687936,-0.0009772974883422245,-0.002330191819890604,0.9999966235911726,0,0,0,,0.6866865158081055,0.009262681007385254,0.0,False,False,4,False
129.65021691,2524,129,650216910,map,22.10849380493164,0.2692413330078125,-0.2656829357147217,-3.337860107421875e-05,0.0,0.0,0.0,-0.0007004741140453748,-0.0009780508774242694,-0.0033288492381568498,0.9999937357380027,0,0,0,,0.6661422252655029,0.002016007900238037,0.0,False,False,4,False
129.700216911,2525,129,700216911,map,22.119762420654297,0.22548675537109375,0.024850070476531982,8.98361176950857e-05,0.0,0.0,0.0,-0.0006059756476998535,-0.0009738881390383672,-0.003933851303970853,0.9999916045394208,0,0,0,,0.6587523221969604,-0.004351109266281128,0.0,False,False,4,False
129.700216911,2526,129,750216912,map,22.128116607666016,0.16811370849609375,0.22856608033180237,3.4523007343523204e-05,0.0,0.0,0.0,-0.00038730724683961606,-0.0009613260542637273,-0.003962806776164019,0.9999916109686966,0,0,0,,0.6449370384216309,-0.008841395378112793,0.0,False,False,4,False
129.800216913,2527,129,800216913,map,22.132959365844727,0.099029541015625,0.6275495290756226,0.00010242461576126516,0.0,0.0,0.0,-2.916284496313395e-05,-0.0009385039219526858,-0.003264495676250306,0.999994230697306,0,0,0,,0.6398991346359253,-0.015102267265319824,0.0,False,False,4,False
129.800216913,2528,129,850216913,map,22.12913703918457,-0.07488250732421875,0.9059128761291504,-2.956390380859375e-05,0.0,0.0,0.0,0.0004270682968268364,-0.0008979371985019594,-0.0017953846326083831,0.9999978939555214,0,0,0,,0.5122863054275513,-0.018548399209976196,0.0,False,False,4,False
129.900216914,2529,129,900216914,map,22.109821319580078,-0.3864288330078125,0.7607585191726685,-8.621215965831652e-05,0.0,0.0,0.0,0.000800073122336525,-0.0008145022986042778,0.00014313066718902603,0.9999993379910891,0,0,0,,0.5012342929840088,-0.014094054698944092,0.0,False,False,4,False
129.950216915,2530,129,950216915,map,22.069915771484375,-0.797882080078125,-0.4588022828102112,0.00011558532423805445,0.0,0.0,0.0,0.0006643658180893557,-0.0006792964947033279,0.001553072468436576,0.9999983425687463,0,0,0,,0.23926568031311035,0.008170127868652344,0.0,False,False,4,False
130.000216916,2531,130,216916,map,21.99142074584961,-1.5708160400390625,-0.8832294940948486,0.00019302370492368937,0.0,0.0,0.0,0.00016238229018437548,-0.00044931865143603487,0.0017231367044066943,0.9999984012710417,0,0,0,,0.14843487739562988,0.02007955312728882,0.0,False,False,4,False
130.050216916,2532,130,50216916,map,21.875274658203125,-2.32391357421875,-0.3906133770942688,6.809232581872493e-05,0.0,0.0,0.0,-0.00020948404603051318,-0.00011243458557628944,0.0009499258675890947,0.9999995205577572,0,0,0,,0.021634578704833984,0.014570236206054688,0.0,False,False,4,False
130.100216917,2533,130,100216917,map,21.713027954101562,-3.2457351684570312,-0.24130180478096008,-2.6702764444053173e-06,0.0,0.0,0.0,-0.0003732933030897168,0.0003313747744100653,-0.0002468215921765446,0.9999998449609732,0,0,0,,0.0,0.010325729846954346,0.07973188161849976,False,False,4,False
130.150216918,2534,130,150216918,map,21.51072120666504,-4.044075012207031,2.275142192840576,-3.948211087845266e-05,0.0,0.0,0.0,0.00038342214405891407,0.0008646582703763245,-0.0002238979449638362,0.999999527611511,0,0,0,,0.0,-0.03478935360908508,0.13645672798156738,False,False,4,False
130.200216919,2535,130,200216919,map,21.2891845703125,-4.439811706542969,2.131328821182251,-0.0004737853887490928,0.0,0.0,0.0,0.0014411398558241179,0.0014170749709623732,0.0016760113802686356,0.9999965529942072,0,0,0,,0.0,-0.03922870755195618,0.13442814350128174,False,False,4,False
130.200216919,2536,130,250216919,map,21.061363220214844,-4.558296203613281,0.2498069405555725,-0.0002487182500772178,0.0,0.0,0.0,0.001724395913659985,0.001911156984298858,0.0040305673315447965,0.999988564166961,0,0,0,,0.0,-0.007456421852111816,0.11906284093856812,False,False,4,False
130.30021692,2537,130,300216920,map,20.827451705932617,-4.677848815917969,-0.06888598203659058,0.0004026412789244205,0.0,0.0,0.0,0.0014610015575371393,0.002315556717582149,0.005750304368963322,0.9999797186299334,0,0,0,,0.0,0.0042945146560668945,0.1221964955329895,False,False,4,False
130.350216921,2538,130,350216921,map,20.59103012084961,-4.7245025634765625,-0.6063203811645508,0.0004116058407817036,0.0,0.0,0.0,0.0009193548442188711,0.0026304029515084103,0.006352575663314987,0.9999759399852703,0,0,0,,0.0,0.017913401126861572,0.11169588565826416,False,False,4,False
130.400216922,2539,130,400216922,map,20.35598373413086,-4.698219299316406,-0.5176877975463867,0.00010871888662222773,0.0,0.0,0.0,0.000393916341195403,0.002859915208001325,0.00584973320790077,0.9999787229418011,0,0,0,,0.0,0.01906520128250122,0.09474647045135498,False,False,4,False
130.450216922,2540,130,450216922,map,20.123489379882812,-4.645729064941406,-1.3423552513122559,-7.476806786144152e-05,0.0,0.0,0.0,-0.00028484872466890353,0.003013829868513097,0.004117238746375845,0.99998694193266,0,0,0,,0.0,0.03222084045410156,0.07694900035858154,False,False,4,False
130.500216923,2541,130,500216923,map,19.890640258789062,-4.6566009521484375,-0.7391443848609924,-0.00019092560978606343,0.0,0.0,0.0,-0.0007624779591280725,0.0031154224656867566,0.0016322060479569466,0.9999935243158522,0,0,0,,0.0,0.020411014556884766,0.09058326482772827,False,False,4,False
130.550216924,2542,130,550216924,map,19.661062240600586,-4.5922088623046875,-0.5896211862564087,-0.00013618469529319555,0.0,0.0,0.0,-0.0009874912930469344,0.0031783100536559436,-0.000919764555509967,0.9999940386018865,0,0,0,,0.0,0.012530744075775146,0.07532376050949097,False,False,4,False
130.600216925,2543,130,600216925,map,19.437780380249023,-4.467048645019531,-0.539044201374054,-9.15527380129788e-06,0.0,0.0,0.0,-0.0010854658034707726,0.003201897245277192,-0.0031690679942866598,0.9999892632553951,0,0,0,,0.0,0.006371915340423584,0.0509604811668396,False,False,4,False
130.650216925,2544,130,650216925,map,19.2232608795166,-4.291572570800781,-0.3118835389614105,6.790162296965718e-05,0.0,0.0,0.0,-0.0010621351148275076,0.0031847116460351934,-0.0048279225091066216,0.9999827101730187,0,0,0,,0.0,-0.001535564661026001,0.016201794147491455,False,False,4,False
130.700216926,2545,130,700216926,map,19.015405654907227,-4.15740966796875,-0.06524607539176941,8.544921001885086e-05,0.0,0.0,0.0,-0.0009142799325812238,0.0031336574102010907,-0.00568898521577538,0.9999784896339797,0,0,0,,0.008963346481323242,-0.008573591709136963,0.0,False,False,4,False
130.750216927,2546,130,750216927,map,18.812122344970703,-4.065132141113281,0.1385428011417389,6.599424523301423e-05,0.0,0.0,0.0,-0.0006762876119043505,0.003064360567876757,-0.005699967202850744,0.9999788311275707,0,0,0,,0.03600907325744629,-0.01330941915512085,0.0,False,False,4,False
130.800216928,2547,130,800216928,map,18.61443519592285,-3.95416259765625,-0.09281620383262634,-7.629387255292386e-06,0.0,0.0,0.0,-0.0005193564435854905,0.002985689573294153,-0.005159930596648562,0.9999820953611591,0,0,0,,0.05796337127685547,-0.009040504693984985,0.0,False,False,4,False
130.850216928,2548,130,850216928,map,18.423259735107422,-3.8234710693359375,0.018262118101119995,-5.1307670219102874e-05,0.0,0.0,0.0,-0.000400471963928575,0.002898726154093897,-0.004340813197803853,0.9999862970809507,0,0,0,,0.08380365371704102,-0.008271366357803345,0.0,False,False,4,False
130.900216929,2549,130,900216929,map,18.238178253173828,-3.7007522583007812,0.22548481822013855,-6.141663470771164e-05,0.0,0.0,0.0,-0.00023009931599618405,0.002804280615346501,-0.003322512723094176,0.9999905219419531,0,0,0,,0.07819044589996338,-0.009021192789077759,0.0,False,False,4,False
130.95021693,2550,130,950216930,map,18.057395935058594,-3.614501953125,0.3553018569946289,-5.741118002333678e-05,0.0,0.0,0.0,-1.2249591015931613e-05,0.002709477591875388,-0.0021626715434000664,0.9999939906984052,0,0,0,,0.07506918907165527,-0.00886806845664978,0.0,False,False,4,False
131.000216931,2551,131,216931,map,17.88155174255371,-3.5161590576171875,0.3143227696418762,-7.381440082099289e-05,0.0,0.0,0.0,0.00017713506051535773,0.002617716135945957,-0.0010028692790122768,0.999996055211525,0,0,0,,0.11620175838470459,-0.0060936808586120605,0.0,False,False,4,False
131.050216931,2552,131,50216931,map,17.712745666503906,-3.3756256103515625,0.3182640075683594,-6.904601468704641e-05,0.0,0.0,0.0,0.0003222014016716487,0.0025239073485814213,3.434018319082971e-05,0.9999967624441113,0,0,0,,0.14366042613983154,-0.0040509700775146484,0.0,False,False,4,False
131.100216932,2553,131,100216932,map,17.55231285095215,-3.2085037231445312,0.20323151350021362,-7.553100294899195e-05,0.0,0.0,0.0,0.00039346517718953904,0.0024219433756805814,0.0008320764108321778,0.9999966435065099,0,0,0,,0.1857452392578125,-0.0005842745304107666,0.0,False,False,4,False
131.150216933,2554,131,150216933,map,17.400981903076172,-3.026580810546875,0.22255077958106995,7.629396350239404e-06,0.0,0.0,0.0,0.0004292619556343332,0.0023074661265901136,0.0013681291145162904,0.9999963097716783,0,0,0,,0.2052527666091919,0.00033587217330932617,0.0,False,False,4,False
131.150216933,2555,131,200216934,map,17.257272720336914,-2.8745269775390625,0.4439513385295868,-1.9073468138230965e-07,0.0,0.0,0.0,0.0005266342736676977,0.002183679255463862,0.001813780562675688,0.9999958321919754,0,0,0,,0.20577800273895264,-0.002884387969970703,0.0,False,False,4,False
131.250216934,2556,131,250216934,map,17.119586944580078,-2.7544021606445312,0.3536631464958191,-5.5313148550339974e-06,0.0,0.0,0.0,0.0006143379147141617,0.0020594646439497846,0.0022331107871446827,0.9999951971937261,0,0,0,,0.21477413177490234,-0.0021038949489593506,0.0,False,False,4,False
131.300216935,2557,131,300216935,map,16.98691749572754,-2.6557159423828125,0.6632792353630066,-2.2315976821118966e-05,0.0,0.0,0.0,0.0007752442048130777,0.0019409344415702045,0.0027955945479580754,0.9999939081919649,0,0,0,,0.21953165531158447,-0.007425248622894287,0.0,False,False,4,False
131.350216936,2558,131,350216936,map,16.858064651489258,-2.5778579711914062,0.1646919548511505,-4.9972531996900216e-05,0.0,0.0,0.0,0.0007909790359379824,0.0018319653434906522,0.0033245513010563693,0.9999924827786415,0,0,0,,0.2099665403366089,-0.00047528743743896484,0.0,False,False,4,False
131.400216937,2559,131,400216937,map,16.730445861816406,-2.5504684448242188,-0.45039838552474976,0.00015945434279274195,0.0,0.0,0.0,0.0005117496726870184,0.0017383608146295426,0.003343220845191338,0.9999927695180255,0,0,0,,0.18526864051818848,0.010191559791564941,0.0,False,False,4,False
131.450216937,2560,131,450216937,map,16.59923553466797,-2.6220703125,-0.9317885637283325,1.3923643564339727e-05,0.0,0.0,0.0,-6.597965003658314e-06,0.0016716000392917498,0.0025132229702356573,0.9999954446996633,0,0,0,,0.10750138759613037,0.019546329975128174,0.0,False,False,4,False
131.500216938,2561,131,500216938,map,16.454282760620117,-2.8989410400390625,-0.29963916540145874,-0.0001127243012888357,0.0,0.0,0.0,-0.00032113464405814595,0.001657677829950589,0.0012602018115929318,0.9999977804316099,0,0,0,,0.0,0.010048151016235352,0.02327275276184082,False,False,4,False
131.550216939,2562,131,550216939,map,16.2766056060791,-3.5546875,0.8777347207069397,-6.904601468704641e-05,0.0,0.0,0.0,-6.71516881854832e-05,0.0017424985376206707,0.0006344790531317291,0.9999982783114321,0,0,0,,0.0,-0.012104541063308716,0.15717768669128418,False,False,4,False
131.60021694,2563,131,600216940,map,16.162384033203125,-2.2893524169921875,1.1098318099975586,-0.00010299681889591739,0.0,0.0,0.0,0.0004676499150779745,0.0017957575011354641,0.0011224758860687344,0.9999976483004543,0,0,0,,0.0,-0.020346641540527344,0.19390422105789185,False,False,4,False
131.65021694,2564,131,650216940,map,16.080551147460938,-1.65496826171875,1.9792563915252686,-9.441375732421875e-05,0.0,0.0,0.0,0.001280624745062656,0.001612799072894777,0.0030783984620563255,0.9999931411476389,0,0,0,,0.0,-0.036489635705947876,0.2640126347541809,False,False,0,False
131.700216941,2565,131,700216941,map,15.842144966125488,-4.7939300537109375,1.679183840751648,-0.0003686905256472528,0.0,0.0,0.0,0.0020210744358028056,0.001606051834480836,0.006267114079671614,0.9999770293045446,0,0,0,,0.0,-0.03712400794029236,0.3010530471801758,False,False,0,False
131.750216942,2566,131,750216942,map,15.417332649230957,-8.492183685302734,-0.305633544921875,-0.0004863738431595266,0.0,0.0,0.0,0.001887242474161579,0.0024358622840283885,0.00904170796832507,0.9999543751630834,0,0,0,,0.0,-0.0008441805839538574,0.2820333242416382,False,False,3,False
131.800216943,2567,131,800216943,map,15.018322944641113,-8.000297546386719,0.9743654727935791,-0.0006135940202511847,0.0,0.0,0.0,0.0018174102251373888,0.0034126430079781302,0.011378917940342981,0.9999277829494891,0,0,0,,0.0,-0.01628050208091736,0.31157541275024414,False,False,3,False
131.850216943,2568,131,850216943,map,14.637162208557129,-7.626838684082031,0.08748292922973633,-0.0003870010550599545,0.0,0.0,0.0,0.0016362419178597614,0.004209997372718383,0.013186764781019095,0.9999028492154215,0,0,0,,0.0,0.0005728006362915039,0.3455670475959778,False,False,3,False
131.900216944,2569,131,900216944,map,14.268086433410645,-7.354717254638672,-1.4386415481567383,0.000526809599250555,0.0,0.0,0.0,0.0008657142762903853,0.004756519556898562,0.0134405291131756,0.9998979839151864,0,0,0,,0.0,0.03188920021057129,0.37456488609313965,False,False,3,False
131.950216945,2570,131,950216945,map,13.932424545288086,-6.67510986328125,-3.3012282848358154,0.0005359650240279734,0.0,0.0,0.0,-0.0006608470276086886,0.005045582673321572,0.010998353881398642,0.9999265680981739,0,0,0,,0.0,0.07567906379699707,0.21355581283569336,False,False,3,False
132.000216946,2571,132,216946,map,13.649981498718262,-5.647144317626953,-2.9793038368225098,-0.0001832961424952373,0.0,0.0,0.0,-0.002200563273346622,0.0050689547076929915,0.005997154209591727,0.9999667481275755,0,0,0,,0.04221987724304199,0.07465606927871704,0.0,False,False,3,False
132.050216946,2572,132,50216946,map,13.403037071228027,-4.952220916748047,-1.6529850959777832,0.0002950667985714972,0.0,0.0,0.0,-0.002953524394250278,0.0048752848807968215,0.00014781969316979412,0.9999837430880175,0,0,0,,0.21296143531799316,0.04862487316131592,0.0,False,False,3,False
132.100216947,2573,132,100216947,map,13.18515682220459,-4.351959228515625,0.5796822905540466,0.0018499373691156507,0.0,0.0,0.0,-0.002503997075965798,0.004545892151479162,-0.004302013212022849,0.9999772785146244,0,0,0,,0.21396338939666748,0.000551760196685791,0.0,False,False,3,False
132.150216948,2574,132,150216948,map,12.987292289733887,-3.9611434936523438,-0.3696662187576294,0.0013658523093909025,0.0,0.0,0.0,-0.0019620833175771728,0.004152236287607326,-0.007086518729364703,0.9999643445719278,0,0,0,,0.19501781463623047,0.0023788809776306152,0.0,False,False,3,False
132.200216948,2575,132,200216948,map,12.801929473876953,-3.6958694458007812,1.4576588869094849,0.0005357741611078382,0.0,0.0,0.0,-0.00101324679653018,0.003752869114222677,-0.0077600445801554695,0.9999623347968936,0,0,0,,0.19605088233947754,-0.03282478451728821,0.0,False,False,3,False
132.250216949,2576,132,250216949,map,12.627594947814941,-3.4906005859375,-0.6051235198974609,-0.00042552943341434,0.0,0.0,0.0,-0.0006582736331479115,0.0033884804060736995,-0.007407320245731206,0.999966607684046,0,0,0,,0.1832594871520996,-0.005167782306671143,0.0,False,False,3,False
132.250216949,2577,132,300216950,map,12.460495948791504,-3.344707489013672,-0.31764090061187744,-0.0007125854608602822,0.0,0.0,0.0,-0.0006377251856484006,0.0030745681449567868,-0.006964592436543142,0.9999708169689265,0,0,0,,0.18557071685791016,-0.004091769456863403,0.0,False,False,3,False
132.30021695,2578,132,350216951,map,12.298585891723633,-3.2311248779296875,1.0336270332336426,-0.0005592345260083675,0.0,0.0,0.0,-0.00021146328782631522,0.002811466244448581,-0.005870315326855962,0.9999787949445715,0,0,0,,0.18625175952911377,-0.023631274700164795,0.0,False,False,3,False
132.400216951,2579,132,400216951,map,12.141183853149414,-3.1486129760742188,-0.10298430919647217,-0.00048465729923918843,0.0,0.0,0.0,-1.041065019352463e-05,0.0025993117313419774,-0.00460111954895004,0.9999860364870292,0,0,0,,0.17243242263793945,-0.006685733795166016,0.0,False,False,3,False
132.400216951,2580,132,450216952,map,11.986420631408691,-3.096771240234375,-0.2458515763282776,-0.00038185116136446595,0.0,0.0,0.0,-6.781492588641417e-05,0.002432794979299679,-0.003761184539800803,0.999989965149942,0,0,0,,0.17324507236480713,0.00025016069412231445,0.0,False,False,3,False
132.450216952,2581,132,500216953,map,11.83389949798584,-3.053455352783203,-0.40108442306518555,-0.0002445220889057964,0.0,0.0,0.0,-0.00023695608954239433,0.0023039042236434326,-0.003495880040801175,0.9999912073112844,0,0,0,,0.1696763038635254,0.006407976150512695,0.0,False,False,3,False
132.550216954,2582,132,550216954,map,11.683649063110352,-3.003215789794922,0.24210810661315918,-8.926391456043348e-05,0.0,0.0,0.0,-0.0001975623026524005,0.0022030752377128794,-0.0034046582546611703,0.9999917578314346,0,0,0,,0.17321646213531494,-0.001751244068145752,0.0,False,False,3,False
132.600216954,2583,132,600216954,map,11.534928321838379,-2.9707717895507812,0.6140803098678589,-3.4523018257459626e-05,0.0,0.0,0.0,7.565684531063729e-05,0.0021233737055844797,-0.0030203249391874956,0.9999931815754594,0,0,0,,0.15927255153656006,-0.009417235851287842,0.0,False,False,3,False
132.650216955,2584,132,650216955,map,11.48529052734375,-0.9902572631835938,0.8820306062698364,7.190705218818039e-05,0.0,0.0,0.0,0.0004780498066586653,0.0019018094168682328,-0.002117976624482801,0.999995834373495,0,0,0,,0.16172277927398682,-0.01584276556968689,0.0,False,False,3,False
132.650216955,2585,132,700216956,map,11.472086906433105,-0.2641487121582031,-0.0624539889395237,0.0002996444527525455,0.0,0.0,0.0,0.0005481606895382693,0.0014112966994713901,-0.0012376893926715378,0.9999980879413979,0,0,0,,0.1711559295654297,-0.002748161554336548,0.0,False,False,0,False
132.750216957,2586,132,750216957,map,11.262539863586426,-4.1912841796875,-0.20898005366325378,7.2479248046875e-05,0.0,0.0,0.0,0.0003718769765795883,0.001168248419402419,-0.0008089509738699915,0.9999989212501516,0,0,0,,0.16202521324157715,0.003183901309967041,0.0,False,False,0,False
132.800216957,2587,132,800216957,map,10.80148983001709,-9.22067642211914,0.18816640973091125,-0.000902366591617465,0.0,0.0,0.0,0.00029816363033944204,0.002098151552442133,-0.0005672228275402822,0.9999975935554928,0,0,0,,0.16510748863220215,-0.0020456314086914062,0.0,False,False,2,False
132.850216958,2588,132,850216958,map,10.39199447631836,-8.190059661865234,-0.08504042029380798,-0.001236915704794228,0.0,0.0,0.0,0.00021010490333496937,0.003238036246822294,-0.0004759595876377921,0.999994622205372,0,0,0,,0.1657695770263672,0.0026557445526123047,0.0,False,False,2,False
132.900216959,2589,132,900216959,map,10.025434494018555,-7.331733703613281,-0.21439063549041748,-0.0007175445789471269,0.0,0.0,0.0,6.381190731292163e-05,0.0041208947835776125,-0.0006299779151054108,0.9999913086032546,0,0,0,,0.1661701202392578,0.005908310413360596,0.0,False,False,2,False
132.95021696,2590,132,950216960,map,9.697351455688477,-6.561412811279297,0.09660907089710236,6.179820047691464e-05,0.0,0.0,0.0,2.47689842556329e-05,0.0046450135994255855,-0.0008253204702261875,0.9999888709787125,0,0,0,,0.1984339952468872,0.0008455514907836914,0.0,False,False,2,False
133.00021696,2591,133,216960,map,9.404376029968262,-5.859336853027344,0.08511342108249664,0.0008567809709347785,0.0,0.0,0.0,4.6774684364597974e-05,0.004844724227913006,-0.0009324155770961599,0.9999878284561649,0,0,0,,0.23578715324401855,-0.0002498626708984375,0.0,False,False,2,False
133.050216961,2592,133,50216961,map,9.144317626953125,-5.200996398925781,0.7306473255157471,0.0010828018421307206,0.0,0.0,0.0,0.0002958994520840366,0.004793808330644392,-0.0005944192656650442,0.9999882891868984,0,0,0,,0.26190006732940674,-0.013178497552871704,0.0,False,False,2,False
133.050216961,2593,133,100216962,map,8.911585807800293,-4.654483795166016,-0.09677443653345108,0.0009946823120117188,0.0,0.0,0.0,0.0003332598538370143,0.004573394337424084,-0.00016280686743046007,0.9999894731926072,0,0,0,,0.26738131046295166,-0.0021001994609832764,0.0,False,False,2,False
133.100216962,2594,133,150216963,map,8.705764770507812,-4.1162872314453125,-0.16800019145011902,0.0007333755493164062,0.0,0.0,0.0,0.00020666389267172365,0.004252011009977953,3.613819497948961e-05,0.9999909381521601,0,0,0,,0.2972722053527832,0.0014675259590148926,0.0,False,False,2,False
133.200216963,2595,133,200216963,map,8.514639854431152,-3.8237380981445312,-0.7059291005134583,0.00043468468356877565,0.0,0.0,0.0,-0.00012135767373751994,0.003884043539077625,-0.0002947857337673138,0.999992406260904,0,0,0,,0.3137263059616089,0.013075113296508789,0.0,False,False,2,False
133.200216963,2596,133,250216964,map,8.361068725585938,-3.0702590942382812,0.4960779845714569,7.019043550826609e-05,0.0,0.0,0.0,-7.467200262218591e-05,0.0034919688396910483,-0.0005038169863722362,0.9999937733536938,0,0,0,,0.3241086006164551,-0.004518002271652222,0.0,False,False,2,False
133.300216965,2597,133,300216965,map,8.188333511352539,-3.4556961059570312,0.7449716329574585,-0.00019283295841887593,0.0,0.0,0.0,0.00025416731398051473,0.0031249187337164825,-0.00011206477128464814,0.9999950788495766,0,0,0,,0.35620737075805664,-0.014021575450897217,0.0,False,False,2,False
133.350216966,2598,133,350216966,map,8.084976196289062,-2.0681381225585938,0.22745025157928467,-0.00028514856239780784,0.0,0.0,0.0,0.0004298124828962076,0.0027496900265119007,0.0005815111391402392,0.9999959581472231,0,0,0,,0.3578681945800781,-0.009274721145629883,0.0,False,False,2,False
133.400216966,2599,133,400216966,map,7.931081295013428,-3.0759239196777344,-0.6486673355102539,-0.0002141952427336946,0.0,0.0,0.0,0.00018599735259606116,0.0024300503029973212,0.0008030164627967862,0.9999967077071154,0,0,0,,0.37270331382751465,0.0069959163665771484,0.0,False,False,2,False
133.450216967,2600,133,450216967,map,7.861535549163818,-1.3911819458007812,0.16425548493862152,-0.0002805709664244205,0.0,0.0,0.0,8.544976662064332e-05,0.002101856504997188,0.0009167404937871531,0.9999973672387527,0,0,0,,0.38885271549224854,-0.0016552507877349854,0.0,False,False,2,False
133.450216967,2601,133,500216968,map,7.729453086853027,-2.641925811767578,0.1069721207022667,-0.00015659333439543843,0.0,0.0,0.0,0.00010062722382989354,0.0018323402758786689,0.000932716182745088,0.9999978812196543,0,0,0,,0.40120482444763184,-0.0024675726890563965,0.0,False,False,2,False
133.550216969,2602,133,550216969,map,7.68013334274292,-0.9859371185302734,-0.2114269733428955,-0.00020961760310456157,0.0,0.0,0.0,2.2182536076786472e-05,0.001562738031610527,0.0010527087978020526,0.9999982245794073,0,0,0,,0.40855324268341064,0.003041088581085205,0.0,False,False,2,False
133.550216969,2603,133,600216969,map,7.558493137359619,-2.435789108276367,0.7491074800491333,-0.0001502990780863911,0.0,0.0,0.0,0.00023732177353693402,0.0013678117259280928,0.0012713308043082248,0.9999982282421525,0,0,0,,0.42623579502105713,-0.014024108648300171,0.0,False,False,2,False
133.65021697,2604,133,650216970,map,7.524428844451904,-0.6803226470947266,-0.16506046056747437,-0.00013275146193336695,0.0,0.0,0.0,0.0002575502016052519,0.0011640098345026318,0.0018090472513738695,0.9999976530457665,0,0,0,,0.41559815406799316,-0.0017455816268920898,0.0,False,False,2,False
133.700216971,2605,133,700216971,map,7.409854888916016,-2.2901344299316406,-0.3114489018917084,-5.8555600844556466e-05,0.0,0.0,0.0,9.197234337774398e-05,0.0010308473713568477,0.001766642400599747,0.99999790393251,0,0,0,,0.4090226888656616,0.004006028175354004,0.0,False,False,2,False
133.750216972,2606,133,750216972,map,7.384146690368652,-0.5133438110351562,-0.4091799855232239,-3.185272362316027e-05,0.0,0.0,0.0,-0.000134336470501039,0.0008853280411358935,0.0016318351032159725,0.9999982676295835,0,0,0,,0.4202766418457031,0.0088731050491333,0.0,False,False,2,False
133.750216972,2607,133,800216972,map,7.272930145263672,-2.2243309020996094,-0.17806392908096313,4.5204160414868966e-05,0.0,0.0,0.0,-0.0002580931730845598,0.0008053500715408086,0.0010329803765860986,0.9999991088749619,0,0,0,,0.4131186008453369,0.006814301013946533,0.0,False,False,2,False
133.850216973,2608,133,850216973,map,7.254358768463135,-0.3719329833984375,0.4786481261253357,-2.079009937006049e-05,0.0,0.0,0.0,-8.940859805600815e-05,0.0007013948909514793,0.0010341670235306706,0.9999992152746305,0,0,0,,0.42610013484954834,-0.006341278553009033,0.0,False,False,2,False
133.900216974,2609,133,900216974,map,7.1464362144470215,-2.158021926879883,-0.22285102307796478,9.536734069115482e-07,0.0,0.0,0.0,-5.93845847838614e-05,0.0006543515250137432,0.000808041262603805,0.9999994576832884,0,0,0,,0.429379940032959,0.0030041933059692383,0.0,False,False,2,False
133.950216975,2610,133,950216975,map,7.135432720184326,-0.2248096466064453,1.00632643699646,-5.722044988942798e-06,0.0,0.0,0.0,0.0002807260893441032,0.0005705761552035836,0.0014163738392400055,0.9999987947597044,0,0,0,,0.4489567279815674,-0.01994803547859192,0.0,False,False,2,False
133.950216975,2611,134,216975,map,7.033398151397705,-2.0378589630126953,-0.4238167405128479,-2.880096508306451e-05,0.0,0.0,0.0,0.00026064677181921164,0.0005333683362236363,0.0016976245627193705,0.9999983828248535,0,0,0,,0.45088160037994385,0.0012449026107788086,0.0,False,False,2,False
134.050216976,2612,134,50216976,map,7.031552791595459,-0.03500938415527344,-0.574740469455719,6.103515625e-05,0.0,0.0,0.0,-3.3541801460745104e-05,0.0004486457222846417,0.0017494440187404592,0.9999983685174635,0,0,0,,0.4474155902862549,0.010136127471923828,0.0,False,False,2,False
134.100216977,2613,134,100216977,map,6.93416166305542,-1.9478607177734375,-0.3832859396934509,4.310607982915826e-05,0.0,0.0,0.0,-0.0002800842100653527,0.0004143044166806188,0.0010914787395970634,0.9999992792891637,0,0,0,,0.4628467559814453,0.010936498641967773,0.0,False,False,2,False
134.100216977,2614,134,150216978,map,6.940893650054932,0.1347827911376953,0.16570420563220978,-2.231597864010837e-05,0.0,0.0,0.0,-0.00026232815163377686,0.000331304872649776,0.0008243349371199935,0.9999995709463749,0,0,0,,0.4716508388519287,0.0013491511344909668,0.0,False,False,2,False
134.200216978,2615,134,200216978,map,6.848835468292236,-1.8411827087402344,0.1273542046546936,-7.05719003235572e-06,0.0,0.0,0.0,-0.00014527665076793312,0.0002982558056484023,0.00045065005038719217,0.9999998434263384,0,0,0,,0.462654709815979,-0.0009019970893859863,0.0,False,False,2,False
134.200216978,2616,134,250216979,map,6.862149715423584,0.2662944793701172,-0.1608802080154419,2.136230432370212e-05,0.0,0.0,0.0,-0.000131651720410137,0.00021774001314128207,0.00042054182832332136,0.9999998792008337,0,0,0,,0.47205471992492676,0.0035400390625,0.0,False,False,2,False
134.30021698,2617,134,300216980,map,6.773530006408691,-1.7741107940673828,0.7592171430587769,-5.8555600844556466e-05,0.0,0.0,0.0,0.00014165265503602334,0.0001925920869449307,0.00048759744035675897,0.999999852545764,0,0,0,,0.4762319326400757,-0.014606386423110962,0.0,False,False,2,False
134.350216981,2618,134,350216981,map,6.792362689971924,0.3765678405761719,0.01895412802696228,4.692077709478326e-05,0.0,0.0,0.0,0.00025783985947599075,0.00011907399719877992,0.001093196720873003,0.9999993621302564,0,0,0,,0.4665656089782715,-0.005636364221572876,0.0,False,False,2,False
134.400216981,2619,134,400216981,map,6.706230640411377,-1.7217063903808594,-0.21613560616970062,-1.792907642084174e-05,0.0,0.0,0.0,0.00016284623234203148,0.0001030066371960493,0.0011579254059365122,0.9999993110395085,0,0,0,,0.4694274663925171,0.0007731914520263672,0.0,False,False,2,False
134.450216982,2620,134,450216982,map,6.7293477058410645,0.4604625701904297,0.3754718601703644,9.91821252682712e-06,0.0,0.0,0.0,0.00021561005044621787,3.897963766179345e-05,0.0016500853628088465,0.999998614604635,0,0,0,,0.5020484924316406,-0.008945941925048828,0.0,False,False,2,False
134.500216983,2621,134,500216983,map,6.648422718048096,-1.6179847717285156,-0.08895754814147949,-2.9182432626839727e-05,0.0,0.0,0.0,0.0001931692370476593,2.4603236787956865e-05,0.001781382660024351,0.9999983943767835,0,0,0,,0.4918532371520996,-0.0022255778312683105,0.0,False,False,2,False
134.500216983,2622,134,550216984,map,6.67981481552124,0.6282997131347656,-0.0829208642244339,-6.6757183958543465e-06,0.0,0.0,0.0,0.00011257694937787888,-4.6908819262446876e-05,0.002119080980653922,0.9999977473083581,0,0,0,,0.5282776355743408,-0.00044411420822143555,0.0,False,False,2,False
134.550216984,2623,134,600216984,map,6.605627536773682,-1.4820671081542969,-0.8651280403137207,1.926422191900201e-05,0.0,0.0,0.0,-0.0002305199192073626,-7.098912269997774e-05,0.0015510079321239987,0.9999987680969942,0,0,0,,0.5033196210861206,0.017265915870666504,0.0,False,False,2,False
134.650216985,2624,134,650216985,map,6.6429290771484375,0.7459449768066406,0.40493860840797424,1.4114377336227335e-05,0.0,0.0,0.0,-0.00021071920707425707,-0.00014804944703077398,0.0013733604009874422,0.9999990237795165,0,0,0,,0.4927358627319336,-0.002497464418411255,0.0,False,False,2,False
134.700216986,2625,134,700216986,map,6.570647716522217,-1.448068618774414,0.601216197013855,-4.196167537884321e-06,0.0,0.0,0.0,8.15971148271355e-05,-0.00016427751548366376,0.0013755354926316998,0.9999990371279952,0,0,0,,0.5162438154220581,-0.012363165616989136,0.0,False,False,2,False
134.750216986,2626,134,750216986,map,6.6127190589904785,0.8415985107421875,-0.024906843900680542,2.784729076665826e-05,0.0,0.0,0.0,0.00018354187421760657,-0.00023330506235402966,0.001882630161424621,0.9999981837907526,0,0,0,,0.5199329853057861,-0.00402987003326416,0.0,False,False,2,False
134.800216987,2627,134,800216987,map,6.544497013092041,-1.365060806274414,0.09192764759063721,-5.5694577895337716e-05,0.0,0.0,0.0,0.00020093732753798257,-0.00024546374557207166,0.002020055363580881,0.9999979093718487,0,0,0,,0.4979435205459595,-0.005017668008804321,0.0,False,False,2,False
134.850216988,2628,134,850216988,map,6.588604927062988,0.8833503723144531,-0.19294381141662598,5.035399954067543e-05,0.0,0.0,0.0,0.0001081640733629644,-0.0003064116914950169,0.0023579932080375786,0.9999971671362072,0,0,0,,0.5155489444732666,0.001157999038696289,0.0,False,False,2,False
134.900216989,2629,134,900216989,map,6.521275043487549,-1.3458061218261719,-0.16901448369026184,-2.0217894416418858e-05,0.0,0.0,0.0,-9.994755031828108e-06,-0.0003068072374950483,0.0021443716470162435,0.9999976537170793,0,0,0,,0.49730563163757324,0.0028090476989746094,0.0,False,False,2,False
134.950216989,2630,134,950216989,map,6.566960334777832,0.9141445159912109,-0.12017656117677689,-8.392333256779239e-06,0.0,0.0,0.0,-9.297084107461847e-05,-0.0003564592769696782,0.00216751170028413,0.9999975830901972,0,0,0,,0.5225979089736938,0.003266453742980957,0.0,False,False,2,False
135.00021699,2631,135,216990,map,6.502276420593262,-1.2949275970458984,0.28813543915748596,-5.187988790567033e-05,0.0,0.0,0.0,-6.227518022886478e-06,-0.00035030955303171806,0.001988844713284161,0.9999979608684918,0,0,0,,0.5338163375854492,-0.00504910945892334,0.0,False,False,2,False
135.050216991,2632,135,50216991,map,6.553935527801514,1.0323143005371094,0.14822065830230713,7.324219041038305e-05,0.0,0.0,0.0,9.381977717789783e-05,-0.0004048543907096177,0.002343350715604602,0.9999971679950876,0,0,0,,0.5420475006103516,-0.004835247993469238,0.0,False,False,2,False
135.050216991,2633,135,100216992,map,6.495389938354492,-1.1717987060546875,0.1234116405248642,-0.00018196104792878032,0.0,0.0,0.0,0.00015604333457412106,-0.0004097624062339391,0.0024246028396426905,0.9999969645185521,0,0,0,,0.5503667593002319,-0.005248546600341797,0.0,False,False,2,False
135.150216992,2634,135,150216992,map,6.553532600402832,1.1631202697753906,-0.03303803503513336,9.212493023369461e-05,0.0,0.0,0.0,0.00013991662047111938,-0.00047715872485373225,0.0028270072950618745,0.9999958803778365,0,0,0,,0.5497665405273438,-0.0021094977855682373,0.0,False,False,2,False
135.200216993,2635,135,200216993,map,6.5002121925354,-1.0652351379394531,-0.18262065947055817,2.86102294921875e-05,0.0,0.0,0.0,4.379171624416225e-05,-0.0004910850206993634,0.0027087183602061264,0.999996209874134,0,0,0,,0.5459847450256348,0.0018856525421142578,0.0,False,False,2,False
135.250216994,2636,135,250216994,map,6.5622735023498535,1.2413311004638672,-0.013746693730354309,4.787445141118951e-05,0.0,0.0,0.0,-1.0381484019556746e-05,-0.000559898404246862,0.0028626202674767952,0.9999957458965543,0,0,0,,0.552517294883728,0.0003597736358642578,0.0,False,False,2,False
135.300216995,2637,135,300216995,map,6.512414932250977,-0.9983158111572266,0.1758401095867157,-6.484985988208791e-06,0.0,0.0,0.0,3.855117691362196e-05,-0.000570073831381452,0.0027569215028674476,0.9999960364488755,0,0,0,,0.5527573823928833,-0.003977358341217041,0.0,False,False,2,False
135.350216995,2638,135,350216995,map,6.577847957611084,1.3092517852783203,-0.0835050642490387,3.910064697265625e-05,0.0,0.0,0.0,3.0286538804593113e-05,-0.0006338073967689068,0.0029963357103569297,0.9999953096606105,0,0,0,,0.5580036640167236,0.00016182661056518555,0.0,False,False,2,False
135.400216996,2639,135,400216996,map,6.531456470489502,-0.9285736083984375,0.10509267449378967,-2.5176999770337716e-05,0.0,0.0,0.0,5.056951870474153e-05,-0.0006389962834574135,0.002906067828116859,0.999995571938322,0,0,0,,0.5602145195007324,-0.0029363036155700684,0.0,False,False,2,False
135.450216997,2640,135,450216997,map,6.599717617034912,1.367807388305664,-0.4750094413757324,-3.108978125965223e-05,0.0,0.0,0.0,-0.00010742365080797726,-0.0006987030145444123,0.002909155381626925,0.9999955185345694,0,0,0,,0.5618084669113159,0.008716285228729248,0.0,False,False,2,False
135.500216998,2641,135,500216998,map,6.556399345397949,-0.8683109283447266,0.3844195008277893,-0.00010375975398346782,0.0,0.0,0.0,-3.781213271926882e-05,-0.0006998023231941613,0.0026708524010312902,0.9999961876899346,0,0,0,,0.5647752285003662,-0.005446583032608032,0.0,False,False,2,False
135.550216998,2642,135,550216998,map,6.626680850982666,1.40655517578125,-0.1523047685623169,5.416869680630043e-05,0.0,0.0,0.0,-2.9297801620447567e-05,-0.0007543226937999622,0.0028205254049086474,0.9999957373785915,0,0,0,,0.5533115863800049,0.0018773674964904785,0.0,False,False,2,False
135.550216998,2643,135,600216999,map,6.584831237792969,-0.8370304107666016,0.004229992628097534,9.288787259720266e-05,0.0,0.0,0.0,-3.4812287604483704e-05,-0.0007480713333039668,0.0025925562005223134,0.9999963589082372,0,0,0,,0.5678105354309082,6.014108657836914e-05,0.0,False,False,2,False
135.650217,2644,135,650217000,map,6.656976222991943,1.4397907257080078,0.447970986366272,-6.103515625e-05,0.0,0.0,0.0,0.0001232853928228276,-0.000795656900548778,0.002972711061296598,0.9999952573486309,0,0,0,,0.5808595418930054,-0.009299159049987793,0.0,False,False,2,False
135.700217001,2645,135,700217001,map,6.619839668273926,-0.7387924194335938,-0.6224769949913025,2.288818359375e-05,0.0,0.0,0.0,-3.2974778591989106e-05,-0.000791702899147733,0.0027523442993229352,0.9999958983516088,0,0,0,,0.587593674659729,0.00927746295928955,0.0,False,False,2,False
135.750217001,2646,135,750217001,map,6.695827484130859,1.5158939361572266,0.6174212098121643,8.392335075768642e-06,0.0,0.0,0.0,8.605070136933376e-05,-0.00084588958307063,0.0030411282364271952,0.9999950142901413,0,0,0,,0.5719356536865234,-0.010350018739700317,0.0,False,False,2,False
135.800217002,2647,135,800217002,map,6.662128448486328,-0.6740283966064453,0.0022041797637939453,-2.5176999770337716e-05,0.0,0.0,0.0,0.00015765448111888233,-0.0008447019649369735,0.003145850531577682,0.9999946826099065,0,0,0,,0.5911238193511963,-0.003629326820373535,0.0,False,False,2,False
135.850217003,2648,135,850217003,map,6.74014949798584,1.5647506713867188,-1.5695059299468994,4.634857032215223e-05,0.0,0.0,0.0,-0.00039283454555123076,-0.0008993439728228925,0.0026457566973689746,0.9999960184085419,0,0,0,,0.6007556915283203,0.030508756637573242,0.0,False,False,2,False
135.900217004,2649,135,900217004,map,6.710648059844971,-0.5902099609375,-0.05515623837709427,-9.994507126975805e-05,0.0,0.0,0.0,-0.0006170893183321305,-0.0009008595588544486,0.0014391470012128419,0.9999983682530373,0,0,0,,0.5608370304107666,0.011818885803222656,0.0,False,False,2,False
135.900217004,2650,135,950217004,map,6.790207386016846,1.590127944946289,-0.2424798607826233,6.65664701955393e-05,0.0,0.0,0.0,-0.0006348382915188991,-0.0009502547048517614,0.0006220429818358993,0.9999991535290759,0,0,0,,0.6036189794540405,0.012475550174713135,0.0,False,False,2,False
136.000217005,2651,136,217005,map,6.761940956115723,-0.5636501312255859,0.4793306589126587,8.583069757150952e-06,0.0,0.0,0.0,-0.000375591522223871,-0.0009444607681877562,-9.135974276295081e-05,0.999999479288996,0,0,0,,0.574893593788147,-0.0028489232063293457,0.0,False,False,2,False
136.050217006,2652,136,50217006,map,6.842000484466553,1.5983963012695312,-0.6707015037536621,0.00011787414405262098,0.0,0.0,0.0,-0.00042160142641452177,-0.000987471149698847,-0.0005632108294513693,0.9999992649729935,0,0,0,,0.5938059091567993,0.014940977096557617,0.0,False,False,2,False
136.050217006,2653,136,100217007,map,6.814733982086182,-0.5475330352783203,-0.28460806608200073,-0.00012321471876930445,0.0,0.0,0.0,-0.0005139133225066021,-0.0009736745092330371,-0.0015623500348909334,0.9999981734550396,0,0,0,,0.5740355253219604,0.012165248394012451,0.0,False,False,2,False
136.150217007,2654,136,150217007,map,6.8910627365112305,1.5306377410888672,0.6304643154144287,6.88552827341482e-05,0.0,0.0,0.0,-0.0002446690558750237,-0.0010044403946020092,-0.0017808381780835948,0.9999978799237177,0,0,0,,0.5360033512115479,-0.006479769945144653,0.0,False,False,2,False
136.200217008,2655,136,200217008,map,6.856273651123047,-0.6962013244628906,-0.09362608194351196,1.1634827387752011e-05,0.0,0.0,0.0,-0.00010613859084096818,-0.0009643031379913021,-0.0020832727471097588,0.999997359410873,0,0,0,,0.5434476137161255,0.0015769004821777344,0.0,False,False,2,False
136.200217008,2656,136,250217009,map,6.923486709594727,1.335763931274414,-1.0145316123962402,1.1253358024987392e-05,0.0,0.0,0.0,-0.00040571000945896024,-0.0009600091378530292,-0.002611056529061428,0.9999960480750139,0,0,0,,0.5465784072875977,0.021411895751953125,0.0,False,False,2,False
136.30021701,2657,136,300217010,map,6.8811235427856445,-0.8417606353759766,0.5487363338470459,-2.613067590573337e-05,0.0,0.0,0.0,-0.0003105571176641216,-0.0008939399371016778,-0.003311983205254963,0.99999406757886,0,0,0,,0.4854346513748169,-0.00279313325881958,0.0,False,False,2,False
136.30021701,2658,136,350217010,map,6.936755657196045,1.1074352264404297,-0.5256868600845337,0.0001050949067575857,0.0,0.0,0.0,-0.00034993555501635796,-0.0008617857089852471,-0.0037015892456339545,0.9999927165272534,0,0,0,,0.519536018371582,0.01195836067199707,0.0,False,False,2,False
136.400217011,2659,136,400217011,map,6.883288860321045,-1.0700321197509766,-0.051259398460388184,-9.021758160088211e-05,0.0,0.0,0.0,-0.00036296235566812477,-0.0007685979007400962,-0.004465726735986036,0.9999896673467755,0,0,0,,0.47033536434173584,0.006329536437988281,0.0,False,False,2,False
136.400217011,2660,136,450217012,map,6.927102088928223,0.8617973327636719,-0.9308557510375977,4.0626528061693534e-05,0.0,0.0,0.0,-0.0006144574847223439,-0.0007134950527405064,-0.0053068847755141915,0.9999854750649073,0,0,0,,0.4890173673629761,0.023038506507873535,0.0,False,False,2,False
136.450217012,2661,136,500217013,map,6.861667633056641,-1.3023567199707031,0.3691096603870392,-2.1934511096333154e-05,0.0,0.0,0.0,-0.0005226194099038643,-0.0006045531923486066,-0.0063278809828140594,0.9999796594464596,0,0,0,,0.4370138645172119,0.0026320219039916992,0.0,False,False,2,False
136.550217013,2662,136,550217013,map,6.893128871917725,0.6116294860839844,-0.8997892141342163,-3.299712989246473e-05,0.0,0.0,0.0,-0.000667277339507167,-0.0005356922248812058,-0.0072184454650110344,0.9999735805609371,0,0,0,,0.45809948444366455,0.022574126720428467,0.0,False,False,2,False
136.600217014,2663,136,600217014,map,6.817002773284912,-1.5369033813476562,-0.5543962121009827,1.430511474609375e-05,0.0,0.0,0.0,-0.0008548250007927754,-0.00041510471578770885,-0.008783494738133215,0.999960972829679,0,0,0,,0.46225714683532715,0.022150695323944092,0.0,False,False,2,False
136.650217015,2664,136,650217015,map,6.839345455169678,0.3622722625732422,-2.3659894466400146,-0.0003749847528524697,0.0,0.0,0.0,-0.001572454197907971,-0.000336588401859011,-0.011157171439512743,0.9999364637923314,0,0,0,,0.4574087858200073,0.06401067972183228,0.0,False,False,2,False
136.650217015,2665,136,700217016,map,6.756566524505615,-1.8329811096191406,-3.1063385009765625,-0.0009538651211187243,0.0,0.0,0.0,-0.0027491168773337116,-0.0001932113754806569,-0.015824564568800638,0.9998709857686476,0,0,0,,0.6515846252441406,0.09695488214492798,0.0,False,False,2,False
136.750217016,2666,136,750217016,map,6.799868106842041,0.5842113494873047,-3.515326976776123,-0.0013406751677393913,0.0,0.0,0.0,-0.003983022741587848,-0.00013682853319081179,-0.022132433376561515,0.9997471041221497,0,0,0,,0.7579363584518433,0.12059241533279419,0.0,False,False,2,False
136.800217017,2667,136,800217017,map,6.772503852844238,-0.8441734313964844,-2.811993360519409,-0.0006586074596270919,0.0,0.0,0.0,-0.004799397242979358,-0.00013692699804549325,-0.029965077906475106,0.9995394145020797,0,0,0,,0.9066280126571655,0.11997860670089722,0.0,False,False,2,False
136.800217017,2668,136,850217018,map,6.894770622253418,2.089967727661133,-2.9872238636016846,0.00028839102014899254,0.0,0.0,0.0,-0.005293165531775657,-0.000328944214695927,-0.0381548579557619,0.9992577650480042,0,0,0,,0.9208197593688965,0.12201130390167236,0.0,False,False,2,False
136.900217019,2669,136,900217019,map,6.940507411956787,0.3637218475341797,-3.7671399116516113,-0.00013580312952399254,0.0,0.0,0.0,-0.005924277178862339,-0.000555870105813955,-0.047556297300482275,0.9988508359787271,0,0,0,,0.8067049980163574,0.14223945140838623,0.0,False,False,2,False
136.900217019,2670,136,950217019,map,7.119790077209473,3.2596874237060547,-2.233262062072754,0.0012399672996252775,0.0,0.0,0.0,-0.005933633598996665,-0.0009255507567705407,-0.05663509517365923,0.9983768834176701,0,0,0,,0.8646607398986816,0.1106526255607605,0.0,False,False,2,False
137.00021702,2671,137,217020,map,7.213339805603027,1.327219009399414,-3.1131792068481445,0.0009859084384515882,0.0,0.0,0.0,-0.005980887260933274,-0.0012509346685389887,-0.06585131749108639,0.9978107376325007,0,0,0,,0.7915496826171875,0.12122684717178345,0.0,False,False,2,False
137.050217021,2672,137,50217021,map,7.411319255828857,3.5552501678466797,-2.4060678482055664,0.0008703231578692794,0.0,0.0,0.0,-0.0057906355203182595,-0.0016104039142860204,-0.07460145638340523,0.9971953157957465,0,0,0,,0.6362816095352173,0.10140484571456909,0.0,False,False,2,False
137.050217021,2673,137,100217022,map,7.481513500213623,0.8081912994384766,-2.9053688049316406,0.0003116607549600303,0.0,0.0,0.0,-0.005770808758309087,-0.001764209625563057,-0.08343577205609982,0.99649488572299,0,0,0,,0.635769248008728,0.11089462041854858,0.0,False,False,2,False
137.150217022,2674,137,150217022,map,7.614947319030762,2.851743698120117,0.5340313911437988,0.0024326324928551912,0.0,0.0,0.0,-0.004624623506950396,-0.0019191029122348742,-0.09026481637880406,0.9959052127715428,0,0,0,,0.42737579345703125,0.03865706920623779,0.0,False,False,2,False
137.200217023,2675,137,200217023,map,7.602396011352539,-0.5546760559082031,-1.3367271423339844,0.0009614945156499743,0.0,0.0,0.0,-0.0038398055179608027,-0.0017939650287094517,-0.09588605209290353,0.9953832943128477,0,0,0,,0.3809319734573364,0.06124305725097656,0.0,False,False,2,False
137.250217024,2676,137,250217024,map,7.628384590148926,-0.8091640472412109,-5.45346736907959,-0.002388381864875555,0.0,0.0,0.0,-0.004714341685605734,-0.001335205565423662,-0.10280046468918785,0.9946899299119583,0,0,0,,0.6764472723007202,0.29154062271118164,0.0,False,False,2,False
137.300217024,2677,137,300217024,map,7.5826616287231445,-2.695941925048828,-6.037576198577881,-0.006318092346191406,0.0,0.0,0.0,-0.00692501012083689,-0.0005889159735264876,-0.11392576840254444,0.9934649549464202,0,0,0,,0.8348201513290405,0.20115715265274048,0.0,False,False,2,False
137.350217025,2678,137,350217025,map,7.636858940124512,-1.5869426727294922,-7.993955612182617,-0.007205391302704811,0.0,0.0,0.0,-0.00939824578304953,0.00012776957506328824,-0.1286096425277405,0.9916507532896971,0,0,0,,0.7922630310058594,0.2730068564414978,0.0,False,False,2,False
137.400217026,2679,137,400217026,map,7.6519365310668945,-2.3714256286621094,-6.763925552368164,-0.005497550591826439,0.0,0.0,0.0,-0.011415197356452017,0.0007527242898850677,-0.14647174815867067,0.989148701493764,0,0,0,,0.8137562274932861,0.26495444774627686,0.0,False,False,2,False
137.450217027,2680,137,450217027,map,7.800678253173828,1.266469955444336,-4.508581161499023,0.005255699157714844,0.0,0.0,0.0,-0.011703960758385056,0.0008700863748826221,-0.1641052688787803,0.9863730131033035,0,0,0,,0.8683153390884399,0.19705909490585327,0.0,False,False,2,False
137.500217027,2681,137,500217027,map,7.867443084716797,-1.7423725128173828,-6.710219383239746,0.0047760009765625,0.0,0.0,0.0,-0.012159306048353058,0.0009995515659462825,-0.1820263079630168,0.9832179694159594,0,0,0,,0.8428168296813965,0.24572724103927612,0.0,False,False,2,False
137.550217028,2682,137,550217028,map,8.013551712036133,-0.8150005340576172,-7.703137397766113,-0.0009717937791720033,0.0,0.0,0.0,-0.01310762626188014,0.001243374260172736,-0.20131196301623402,0.9794386850134003,0,0,0,,0.8215419054031372,0.26296186447143555,0.0,False,False,2,False
137.550217028,2683,137,600217029,map,8.114067077636719,-1.2584209442138672,-6.089339256286621,0.001471519353799522,0.0,0.0,0.0,-0.013553599209953396,0.0014242551859353827,-0.22100567914758193,0.9751772973311764,0,0,0,,0.8708196878433228,0.2378864884376526,0.0,False,False,2,False
137.65021703,2684,137,650217030,map,8.279800415039062,-0.6983184814453125,-7.2202301025390625,0.0022884365171194077,0.0,0.0,0.0,-0.013896440624370388,0.0015818004325907347,-0.24077746038508796,0.9704795728998485,0,0,0,,0.8611575365066528,0.2447117567062378,0.0,False,False,2,False
137.70021703,2685,137,700217030,map,8.389581680297852,-2.180919647216797,-6.935911178588867,0.0004148486186750233,0.0,0.0,0.0,-0.014317210940791372,0.0018505160143836756,-0.2609114833180794,0.9652547803218159,0,0,0,,0.8819942474365234,0.2500026822090149,0.0,False,False,2,False
137.750217031,2686,137,750217031,map,8.570822715759277,-0.8840560913085938,-7.146444320678711,0.0012388229370117188,0.0,0.0,0.0,-0.01453580135295685,0.0020478713150690565,-0.2809555876849063,0.9596085006140437,0,0,0,,0.9537899494171143,0.2351069450378418,0.0,False,False,2,False
137.800217032,2687,137,800217032,map,8.713199615478516,-2.1365833282470703,-7.07667350769043,0.0007448196993209422,0.0,0.0,0.0,-0.01476826656899264,0.0022793038034585565,-0.3009401322782858,0.9535259513306633,0,0,0,,0.9432802200317383,0.23763281106948853,0.0,False,False,2,False
137.850217033,2688,137,850217033,map,8.89506721496582,-2.448759078979492,-8.186264038085938,-0.00200576800853014,0.0,0.0,0.0,-0.015314790367723121,0.002648465255529852,-0.32136387269972005,0.9468282337104346,0,0,0,,0.9332723617553711,0.25478899478912354,0.0,False,False,2,False
137.850217033,2689,137,900217033,map,9.0589017868042,-2.639923095703125,-7.406644821166992,-0.0011682508047670126,0.0,0.0,0.0,-0.01571586378745777,0.0030102921712507986,-0.34200083151247107,0.939563399144111,0,0,0,,0.9710590839385986,0.24070453643798828,0.0,False,False,2,False
137.950217034,2690,137,950217034,map,9.262969970703125,-2.2054386138916016,-7.724676132202148,0.0013135906774550676,0.0,0.0,0.0,-0.01589744716961225,0.0032718513933275165,-0.362315448050328,0.931914203275194,0,0,0,,0.9640398025512695,0.22941744327545166,0.0,False,False,2,False
138.000217035,2691,138,217035,map,9.448454856872559,-2.934894561767578,-7.524890899658203,0.0012952805263921618,0.0,0.0,0.0,-0.016029075619736766,0.0035367166425986055,-0.3822955516225197,0.9238942967568314,0,0,0,,0.9779462814331055,0.22498929500579834,0.0,False,False,2,False
138.050217036,2692,138,50217036,map,9.659656524658203,-2.7039718627929688,-7.657995223999023,0.0012596130836755037,0.0,0.0,0.0,-0.016076680605485123,0.0037608987818086616,-0.40177327201241403,0.9155903198906709,0,0,0,,0.9771153926849365,0.21320033073425293,0.0,False,False,2,False
138.050217036,2693,138,100217036,map,9.866650581359863,-2.4523067474365234,-7.066869735717773,0.0028224943671375513,0.0,0.0,0.0,-0.01585045087506465,0.003847605132176487,-0.4203199979904388,0.9072293306717556,0,0,0,,0.9367454051971436,0.18953323364257812,0.0,False,False,2,False
138.150217037,2694,138,150217037,map,10.08920955657959,-0.23494720458984375,-5.660820007324219,0.008311270736157894,0.0,0.0,0.0,-0.014731974849744079,0.0034272764758531147,-0.43643963804186536,0.8996063945075479,0,0,0,,0.8276071548461914,0.1251336932182312,0.0,False,False,2,False
138.150217037,2695,138,200217038,map,10.264970779418945,-2.586355209350586,-6.049671173095703,0.0034940720070153475,0.0,0.0,0.0,-0.013912272904295439,0.0032020846712777985,-0.45077392667714505,0.8925239841844376,0,0,0,,0.6439083814620972,0.14098036289215088,0.0,False,False,2,False
138.250217039,2696,138,250217039,map,10.402120590209961,2.5257205963134766,-1.6064262390136719,0.008095932193100452,0.0,0.0,0.0,-0.011582215615838389,0.002251123918227579,-0.4613799460859903,0.8871241908956274,0,0,0,,0.37929630279541016,0.0009235739707946777,0.0,False,False,2,False
138.300217039,2697,138,300217039,map,10.46507740020752,-3.2215213775634766,-3.638763427734375,0.0023935316130518913,0.0,0.0,0.0,-0.009905212359521798,0.0018007672069165746,-0.46893799457839375,0.8831737095534342,0,0,0,,0.49630773067474365,0.11458337306976318,0.0,False,False,2,False
138.300217039,2698,138,350217040,map,10.483074188232422,-5.183258056640625,-3.6573410034179688,-0.012886429205536842,0.0,0.0,0.0,-0.010125333959037896,0.0025794282820755044,-0.4779714670340839,0.8783132134171963,0,0,0,,0.5185260772705078,0.12930703163146973,0.0,False,False,2,False
138.35021704,2699,138,400217041,map,10.44953727722168,-8.612508773803711,-4.1564178466796875,-0.014209747314453125,0.0,0.0,0.0,-0.011376865186058132,0.004113491930223959,-0.4896468826870034,0.8718368978183809,0,0,0,,0.6864638328552246,0.2914087772369385,0.0,False,False,2,False
138.450217042,2700,138,450217042,map,10.385758399963379,-11.071224212646484,-4.177665710449219,-0.01965313032269478,0.0,0.0,0.0,-0.013670475422094899,0.006490109678197849,-0.5059179418931866,0.8624488579902353,0,0,0,,0.6440072059631348,0.3045276999473572,0.0,False,False,2,False
138.450217042,2701,138,500217042,map,10.313089370727539,-11.770925521850586,-3.5460853576660156,-0.01597575843334198,0.0,0.0,0.0,-0.01582884120103616,0.008965201125503518,-0.5261016599422874,0.8502270969340966,0,0,0,,0.5343204736709595,0.3371241092681885,0.0,False,False,2,False
138.550217043,2702,138,550217043,map,10.247824668884277,-11.380486488342285,-2.8053855895996094,-0.005623246543109417,0.0,0.0,0.0,-0.01726149217894364,0.011084817461528776,-0.5486836905813735,0.8357783051740482,0,0,0,,0.5693056583404541,0.3307504653930664,0.0,False,False,2,False
138.600217044,2703,138,600217044,map,10.229484558105469,-8.830461502075195,-2.372570037841797,0.010893058031797409,0.0,0.0,0.0,-0.017463883142404796,0.012248838738056333,-0.5713167125478591,0.8204524317098856,0,0,0,,0.7282679080963135,0.26181793212890625,0.0,False,False,2,False
138.650217045,2704,138,650217045,map,10.181933403015137,-11.924347877502441,-2.0727157592773438,0.009564398787915707,0.0,0.0,0.0,-0.017766606203855735,0.0134525948268117,-0.5939368955123394,0.8042029218708343,0,0,0,,0.6254336833953857,0.3265438675880432,0.0,False,False,2,False
138.700217045,2705,138,700217045,map,10.156874656677246,-11.151962280273438,-1.6743659973144531,0.003449439536780119,0.0,0.0,0.0,-0.018042639610560945,0.01463804328566047,-0.6167525325821661,0.7868141485752114,0,0,0,,0.7518132925033569,0.30227816104888916,0.0,False,False,2,False
138.750217046,2706,138,750217046,map,10.212347030639648,-6.671175956726074,-2.121734619140625,0.018326759338378906,0.0,0.0,0.0,-0.017158353951724395,0.014540522596986875,-0.6374941244098772,0.7701268761932399,0,0,0,,0.9531692266464233,0.1872979998588562,0.0,False,False,2,False
138.800217047,2707,138,800217047,map,10.288961410522461,-8.68588924407959,-2.501506805419922,0.016789434477686882,0.0,0.0,0.0,-0.01630916893556667,0.014112414629990818,-0.6558085111536074,0.7546191406666221,0,0,0,,0.9766689538955688,0.20724880695343018,0.0,False,False,2,False
138.850217048,2708,138,850217048,map,10.400713920593262,-8.36699104309082,-2.8073883056640625,0.0035997398663312197,0.0,0.0,0.0,-0.015816522472720317,0.013757134460261514,-0.6726155390316939,0.7396951503973892,0,0,0,,0.9765605926513672,0.19466525316238403,0.0,False,False,2,False
138.900217048,2709,138,900217048,map,10.557439804077148,-5.954233169555664,-3.3303451538085938,0.00559234619140625,0.0,0.0,0.0,-0.014965334122782016,0.012804686844185884,-0.6872720772964163,0.7261330253735088,0,0,0,,0.9752765893936157,0.1409342885017395,0.0,False,False,2,False
138.950217049,2710,138,950217049,map,10.734038352966309,-5.145749092102051,-3.562946319580078,0.006297873333096504,0.0,0.0,0.0,-0.01387684421706618,0.011426458389187632,-0.6994421912469503,0.7144630783650895,0,0,0,,0.9738470315933228,0.11031413078308105,0.0,False,False,2,False
138.950217049,2711,139,217050,map,10.709632873535156,-2.80226993560791,0.5235099792480469,0.006134032737463713,0.0,0.0,0.0,-0.012059063681630683,0.009801953189947813,-0.7087248346145458,0.7053138375910183,0,0,0,,0.9786070585250854,0.06120157241821289,0.0,False,False,0,False
139.050217051,2712,139,50217051,map,10.710485458374023,-2.002678871154785,0.030727386474609375,0.0019681942649185658,0.0,0.0,0.0,-0.009968751037155315,0.008151471302540654,-0.7152020404753832,0.6987991262288552,0,0,0,,0.9788153171539307,0.03345930576324463,0.0,False,False,0,False
139.100217051,2713,139,100217051,map,11.030726432800293,1.7823666334152222,-6.449527740478516,-0.0001367577351629734,0.0,0.0,0.0,-0.007702059323713965,0.005399901252458907,-0.7181890171961887,0.6957844888522668,0,0,0,,0.981560230255127,-0.046023279428482056,0.0,False,False,0,False
139.150217052,2714,139,150217052,map,11.394676208496094,1.5010228157043457,-7.303905487060547,-0.007069206330925226,0.0,0.0,0.0,-0.006021763519773909,0.002199860885217203,-0.7179028918852745,0.6961137384069918,0,0,0,,0.9777154922485352,-0.054810285568237305,0.0,False,False,3,False
139.200217053,2715,139,200217053,map,11.721273422241211,1.7821449041366577,-6.547145843505859,-0.012617301195859909,0.0,0.0,0.0,-0.004771424490413614,-0.00047695184328022536,-0.7155646474506566,0.6985300575809814,0,0,0,,0.9715986251831055,-0.05994457006454468,0.0,False,False,3,False
139.200217053,2716,139,250217054,map,12.021571159362793,0.8822823762893677,-6.0082244873046875,-0.011788559146225452,0.0,0.0,0.0,-0.004000142116952123,-0.0022412222864508736,-0.7124627499106615,0.7016949520806354,0,0,0,,0.9673194885253906,-0.04011738300323486,0.0,False,False,3,False
139.300217054,2717,139,300217054,map,12.297748565673828,0.6716834306716919,-5.5230712890625,-0.007567977998405695,0.0,0.0,0.0,-0.0035477071386993513,-0.0032414612953033713,-0.7094930914058942,0.7046960053455933,0,0,0,,0.9665094614028931,-0.026927828788757324,0.0,False,False,3,False
139.350217055,2718,139,350217055,map,12.554427146911621,0.07363766431808472,-5.133419036865234,-0.0033269880805164576,0.0,0.0,0.0,-0.0033602971483512032,-0.0036333949152182253,-0.7072049143803899,0.7069913124789372,0,0,0,,0.9654500484466553,-0.0088101327419281,0.0,False,False,3,False
139.400217056,2719,139,400217056,map,12.79452896118164,-0.6399270296096802,-4.802722930908203,-0.000579452607780695,0.0,0.0,0.0,-0.0034413887407725983,-0.0035303022063144095,-0.7060141853128861,0.7081805306183224,0,0,0,,0.959581732749939,0.010280787944793701,0.0,False,False,3,False
139.450217057,2720,139,450217057,map,13.0219144821167,-0.4439099133014679,-4.547233581542969,0.0008451464236713946,0.0,0.0,0.0,-0.0035449244622518246,-0.0032753361508504743,-0.7058017483882469,0.7083929683838978,0,0,0,,0.9535505771636963,0.013317465782165527,0.0,False,False,3,False
139.500217057,2721,139,500217057,map,13.238823890686035,0.6138911247253418,-4.338645935058594,0.0012523648329079151,0.0,0.0,0.0,-0.003344177726102001,-0.0032625570661514143,-0.7058371753411062,0.7083587044028011,0,0,0,,0.9507592916488647,-0.0020211637020111084,0.0,False,False,3,False
139.550217058,2722,139,550217058,map,13.44683837890625,0.25571444630622864,-4.160060882568359,0.0011676788562908769,0.0,0.0,0.0,-0.0030938079370232997,-0.0032802256803327197,-0.705853690104401,0.7083433042232665,0,0,0,,0.9401652812957764,7.349252700805664e-05,0.0,False,False,3,False
139.600217059,2723,139,600217059,map,13.646577835083008,-0.031126216053962708,-3.9948272705078125,0.0009799957042559981,0.0,0.0,0.0,-0.0029570110557792535,-0.003186438268647076,-0.7059603124147471,0.7082380531940154,0,0,0,,0.93101966381073,0.0033922195434570312,0.0,False,False,3,False
139.650217059,2724,139,650217059,map,13.838323593139648,-0.5428268909454346,-3.8350486755371094,0.0007272721268236637,0.0,0.0,0.0,-0.0029976596681773227,-0.0029259727653158604,-0.7063513791994366,0.707848982356367,0,0,0,,0.919357180595398,0.011166155338287354,0.0,False,False,3,False
139.70021706,2725,139,700217060,map,14.022814750671387,-0.07633756846189499,-3.6897659301757812,0.0004533767350949347,0.0,0.0,0.0,-0.002985314679924945,-0.002732314260416968,-0.7068573172417163,0.7073445803969151,0,0,0,,0.9064948558807373,0.0044896602630615234,0.0,False,False,3,False
139.750217061,2726,139,750217061,map,14.199030876159668,-0.256679505109787,-3.5239410400390625,0.00025177001953125,0.0,0.0,0.0,-0.002951510797934902,-0.0025705829591878534,-0.7073636220957306,0.7068390105412038,0,0,0,,0.8806756734848022,0.005488157272338867,0.0,False,False,3,False
139.800217062,2727,139,800217062,map,14.366312980651855,0.25974762439727783,-3.3460235595703125,0.0002084731968352571,0.0,0.0,0.0,-0.0027930503406676534,-0.002537214884945042,-0.7076657568373503,0.706537287062928,0,0,0,,0.8701815605163574,-0.0034013092517852783,0.0,False,False,3,False
139.800217062,2728,139,850217062,map,14.52472972869873,0.15700602531433105,-3.1684494018554688,5.607605999102816e-05,0.0,0.0,0.0,-0.0026009609421535616,-0.0025381939955680527,-0.7077059725016271,0.7064977346453025,0,0,0,,0.8477401733398438,-0.003881901502609253,0.0,False,False,3,False
139.900217063,2729,139,900217063,map,14.673341751098633,0.08787308633327484,-2.972259521484375,1.7166166799142957e-06,0.0,0.0,0.0,-0.002441642686506471,-0.002502637202575407,-0.7075922135938038,0.706612365055583,0,0,0,,0.8254227638244629,-0.003270655870437622,0.0,False,False,3,False
139.950217064,2730,139,950217064,map,14.810550689697266,0.14224034547805786,-2.744159698486328,4.005414666607976e-06,0.0,0.0,0.0,-0.002290321360013785,-0.002449735295709456,-0.7073793945235807,0.7068261069234082,0,0,0,,0.7878544330596924,-0.003796219825744629,0.0,False,False,3,False
140.000217065,2731,140,217065,map,14.934048652648926,-0.22004158794879913,-2.469959259033203,6.732941983500496e-05,0.0,0.0,0.0,-0.002222293085768258,-0.0022938325359524838,-0.7072450799795919,0.7069612412221754,0,0,0,,0.7513861656188965,0.0021686553955078125,0.0,False,False,3,False
140.050217065,2732,140,50217065,map,15.04063606262207,0.051778316497802734,-2.1317672729492188,6.732941983500496e-05,0.0,0.0,0.0,-0.002116770942961197,-0.0021451146958503275,-0.7071761647957964,0.7070309679981671,0,0,0,,0.6874573230743408,-0.0006229877471923828,0.0,False,False,3,False
140.100217066,2733,140,100217066,map,15.12635612487793,-1.0316734313964844,-1.7124366760253906,-1.6975427570287138e-05,0.0,0.0,0.0,-0.002210597183624257,-0.001749920002816952,-0.7075192503908723,0.7066884471720289,0,0,0,,0.648755669593811,0.016088128089904785,0.0,False,False,3,False
140.150217067,2734,140,150217067,map,15.183615684509277,-2.1614937782287598,-1.1297416687011719,-8.697508746990934e-05,0.0,0.0,0.0,-0.0026221936782047208,-0.0009686069564435134,-0.7088474032263103,0.7053563247325386,0,0,0,,0.49536633491516113,0.03685355186462402,0.0,False,False,3,False
140.150217067,2735,140,200217068,map,15.206067085266113,-2.233147621154785,-0.4169654846191406,-0.00055694580078125,0.0,0.0,0.0,-0.003050953766598607,-6.547680814766215e-05,-0.7111758437346384,0.70300754383024,0,0,0,,0.4448585510253906,0.041264235973358154,0.0,False,False,3,False
140.250217068,2736,140,250217068,map,15.196314811706543,-1.709558367729187,0.23073196411132812,-0.000263023393927142,0.0,0.0,0.0,-0.003202953113346784,0.0006542975492965029,-0.7139783121506477,0.7001601836469875,0,0,0,,0.3764634132385254,0.03236597776412964,0.0,False,False,3,False
140.300217069,2737,140,300217069,map,15.15222454071045,0.845036506652832,0.8631706237792969,0.0010311126243323088,0.0,0.0,0.0,-0.0025514783436622244,0.0006267447871632008,-0.7159041621522103,0.6981936176751945,0,0,0,,0.276564359664917,-0.011633902788162231,0.0,False,False,3,False
140.300217069,2738,140,350217070,map,15.064745903015137,2.7972183227539062,1.7039871215820312,0.0013111114967614412,0.0,0.0,0.0,-0.0011254627704849194,-0.00011693544076383383,-0.7157520975935686,0.6983535311359582,0,0,0,,0.1198720932006836,-0.058102428913116455,0.0,False,False,3,False
140.400217071,2739,140,400217071,map,14.941238403320312,2.1958630084991455,2.4522781372070312,-0.00036716461181640625,0.0,0.0,0.0,0.00033873707544895576,-0.0008221063754188633,-0.7136531890676526,0.7004986332119931,0,0,0,,0.13872897624969482,-0.05481719970703125,0.0,False,False,3,False
140.450217071,2740,140,450217071,map,14.78926944732666,2.6986958980560303,3.0393600463867188,-0.0013900757767260075,0.0,0.0,0.0,0.0016585971607853836,-0.0013516140557249335,-0.7101915887125658,0.7040052056034987,0,0,0,,0.06552207469940186,-0.06286168098449707,0.0,False,False,3,False
140.500217072,2741,140,500217072,map,14.611212730407715,2.901850938796997,3.5889053344726562,-0.0015535354614257812,0.0,0.0,0.0,0.002854069729325807,-0.001752659822096715,-0.7057527300516204,0.7084503274713146,0,0,0,,0.011688947677612305,-0.06406956911087036,0.0,False,False,3,False
140.500217072,2742,140,550217073,map,14.3939790725708,3.098651885986328,4.407501220703125,-0.0012767791049554944,0.0,0.0,0.0,0.003947984401118907,-0.0020285701574564692,-0.7006939550103575,0.7134481619110307,0,0,0,,0.0,-0.06384435296058655,0.1255509853363037,False,False,3,False
140.600217074,2743,140,600217074,map,14.149179458618164,1.1179083585739136,4.928836822509766,0.00039615624700672925,0.0,0.0,0.0,0.0044474903754236645,-0.0017019201302839917,-0.6961073044957662,0.7179219622806294,0,0,0,,0.0,-0.024607062339782715,0.18613600730895996,False,False,3,False
140.650217074,2744,140,650217074,map,13.875773429870605,0.7079797983169556,5.493125915527344,0.0015686035621911287,0.0,0.0,0.0,0.004540018644692102,-0.001011010065565243,-0.6927085566015935,0.7212026218063063,0,0,0,,0.0,-0.0069533586502075195,0.3099147081375122,False,False,3,False
140.700217075,2745,140,700217075,map,13.60500431060791,-3.1830596923828125,5.329723358154297,0.0025955201126635075,0.0,0.0,0.0,0.003613953369887608,0.0005528079206844241,-0.6919250043303302,0.7219601250255555,0,0,0,,0.0,0.07396161556243896,0.17826515436172485,False,False,3,False
140.700217075,2746,140,750217076,map,13.365864753723145,-3.494152545928955,4.728565216064453,0.0006158827454783022,0.0,0.0,0.0,0.002172862964379962,0.0023697863887805802,-0.6943397257179267,0.7196401934779381,0,0,0,,0.14566028118133545,0.09328293800354004,0.0,False,False,3,False
140.800217077,2747,140,800217077,map,13.153017044067383,-2.720898151397705,4.245433807373047,-0.0016759871505200863,0.0,0.0,0.0,0.0010080969830525972,0.0036464909529197492,-0.698760138542592,0.7153460390804862,0,0,0,,0.17049431800842285,0.08276098966598511,0.0,False,False,3,False
140.850217077,2748,140,850217077,map,12.957674980163574,-1.5699691772460938,3.9130020141601562,-0.0012622833019122481,0.0,0.0,0.0,0.0004150219700434518,0.004180901403498778,-0.7036737290433649,0.7105108238967396,0,0,0,,0.1748262643814087,0.055583953857421875,0.0,False,False,3,False
140.850217077,2749,140,900217078,map,12.772958755493164,-1.9800537824630737,3.7160301208496094,-0.0003156662278342992,0.0,0.0,0.0,1.283870089705463e-05,0.004427196034724728,-0.7084235637992351,0.7057736563689729,0,0,0,,0.17449712753295898,0.05075269937515259,0.0,False,False,3,False
140.950217079,2750,140,950217079,map,12.59792709350586,0.8146616816520691,3.490123748779297,0.0011396408081054688,0.0,0.0,0.0,0.0003165868258281966,0.003908454278829351,-0.7117600971054919,0.7024116940415447,0,0,0,,0.17740225791931152,-0.004699259996414185,0.0,False,False,3,False
141.00021708,2751,141,217080,map,12.42943286895752,-0.9215354919433594,3.3828163146972656,0.0006870270008221269,0.0,0.0,0.0,0.0004899945965357708,0.003503554316671804,-0.713861142964667,0.7002783400745911,0,0,0,,0.17968690395355225,0.008806347846984863,0.0,False,False,3,False
141.00021708,2752,141,50217080,map,12.266508102416992,0.39928317070007324,3.252887725830078,0.00011920928955078125,0.0,0.0,0.0,0.0007520960335907689,0.0030129583743596818,-0.7148685616795168,0.6992519545597635,0,0,0,,0.18162381649017334,-0.014327526092529297,0.0,False,False,3,False
141.100217081,2753,141,100217081,map,12.107836723327637,0.7518410682678223,3.1641006469726562,9.918148862197995e-06,0.0,0.0,0.0,0.0011475184215719494,0.002404763741547192,-0.7147097310413592,0.6994161141034767,0,0,0,,0.18094253540039062,-0.024875253438949585,0.0,False,False,3,False
141.150217082,2754,141,150217082,map,11.952431678771973,1.1438076496124268,3.0979537963867188,-0.00030021663405932486,0.0,0.0,0.0,0.0016040710632055373,0.0017619273813543454,-0.713553561493882,0.700596629628864,0,0,0,,0.17803418636322021,-0.03351408243179321,0.0,False,False,3,False
141.200217083,2755,141,200217083,map,11.800467491149902,0.596280574798584,3.0360794067382812,-0.0004899978521279991,0.0,0.0,0.0,0.0018793446432347764,0.0013306748760086213,-0.7119212154826948,0.7022555662390498,0,0,0,,0.1730409860610962,-0.024621933698654175,0.0,False,False,3,False
141.250217083,2756,141,250217083,map,11.650386810302734,0.9128322601318359,2.9995346069335938,-0.0003868103085551411,0.0,0.0,0.0,0.00209186937243476,0.000992264350543922,-0.7100992935993201,0.7040977437286203,0,0,0,,0.166681170463562,-0.026162058115005493,0.0,False,False,3,False
141.250217083,2757,141,300217084,map,11.50235652923584,-0.2177032083272934,2.9607772827148438,-0.00014228820509742945,0.0,0.0,0.0,0.0020038302682115327,0.0009793788240927141,-0.7086399340912378,0.7055667716754676,0,0,0,,0.16572785377502441,-0.004933953285217285,0.0,False,False,3,False
141.350217085,2758,141,350217085,map,11.47413444519043,-0.3901880383491516,0.5652809143066406,0.00021629333787132055,0.0,0.0,0.0,0.0015748232699822722,0.0009946617239676317,-0.707873040009054,0.7063372351844858,0,0,0,,0.16099023818969727,0.004309892654418945,0.0,False,False,3,False
141.350217085,2759,141,400217086,map,11.469736099243164,0.2326413244009018,0.08739471435546875,0.0002927779860328883,0.0,0.0,0.0,0.001130578776247565,0.0007165818106856971,-0.7074814858838206,0.7067306102283673,0,0,0,,0.16557002067565918,-0.0012883543968200684,0.0,False,False,0,False
141.450217086,2760,141,450217086,map,11.162439346313477,-0.23209214210510254,6.14654541015625,-0.0002084731968352571,0.0,0.0,0.0,0.0010191018537369465,0.0008093938752746718,-0.7073993670280614,0.7068128761145093,0,0,0,,0.16047251224517822,0.006837308406829834,0.0,False,False,0,False
141.500217087,2761,141,500217087,map,10.713934898376465,-0.1958800107240677,8.97085189819336,-0.0010520934592932463,0.0,0.0,0.0,0.0016474919301314045,0.001649064624016051,-0.7075752472600255,0.7066341598175959,0,0,0,,0.16352510452270508,0.008184731006622314,0.0,False,False,2,False
141.550217088,2762,141,550217088,map,10.312783241271973,0.10175228118896484,8.022689819335938,-0.00123252859339118,0.0,0.0,0.0,0.002414747460378409,0.0024517254439700245,-0.7078036397223434,0.7064008533636219,0,0,0,,0.15828514099121094,0.0023592710494995117,0.0,False,False,2,False
141.600217089,2763,141,600217089,map,9.954218864440918,0.3047645092010498,7.170372009277344,-0.0006528855301439762,0.0,0.0,0.0,0.0030667831475824844,0.002950462271517514,-0.7078880232971445,0.7063118546973224,0,0,0,,0.1750704050064087,-0.0032518208026885986,0.0,False,False,2,False
141.650217089,2764,141,650217089,map,9.632877349853516,-0.0719653069972992,6.427040100097656,0.00024890905478969216,0.0,0.0,0.0,0.0033967944810393267,0.003264422718759492,-0.7079324389561362,0.7062644456612434,0,0,0,,0.20093774795532227,0.0017177462577819824,0.0,False,False,2,False
141.650217089,2765,141,700217090,map,9.345904350280762,-0.11048495769500732,5.739841461181641,0.0009149551624432206,0.0,0.0,0.0,0.0034532492323599224,0.003414085090002078,-0.7080368624123207,0.7061587785746587,0,0,0,,0.22967064380645752,0.0030665993690490723,0.0,False,False,2,False
141.750217091,2766,141,750217091,map,9.089478492736816,0.02819061279296875,5.128459930419922,0.0010856627486646175,0.0,0.0,0.0,0.003373532664695734,0.0033729786151548845,-0.7081428822566244,0.7060530437593923,0,0,0,,0.25976502895355225,0.0009456872940063477,0.0,False,False,2,False
141.750217091,2767,141,800217092,map,8.86141300201416,0.12439228594303131,4.5609283447265625,0.0009960174793377519,0.0,0.0,0.0,0.0032278850660165787,0.0031788525087628012,-0.7081751852046836,0.7060222253690319,0,0,0,,0.2646523714065552,-0.0014194250106811523,0.0,False,False,2,False
141.800217092,2768,141,850217092,map,8.653160095214844,0.19028149545192719,4.164619445800781,0.0006738663068972528,0.0,0.0,0.0,0.0030497801816210157,0.0028964899115290392,-0.708100014417829,0.7060996238269119,0,0,0,,0.28912878036499023,-0.0035827159881591797,0.0,False,False,2,False
141.900217093,2769,141,900217093,map,8.476029396057129,0.01360476016998291,3.5425949096679688,0.0002746581449173391,0.0,0.0,0.0,0.0027972262843852704,0.002622628573078842,-0.7079951643545891,0.7062068709627515,0,0,0,,0.3114500045776367,-0.0013677477836608887,0.0,False,False,2,False
141.900217093,2770,141,950217094,map,8.293152809143066,-0.03259483724832535,3.6576080322265625,5.7220458984375e-05,0.0,0.0,0.0,0.0025100551024938187,0.002384388498066765,-0.7079319230707484,0.7062721901733245,0,0,0,,0.32058489322662354,-6.604194641113281e-05,0.0,False,False,2,False
142.000217095,2771,142,217095,map,8.170083999633789,0.6249561905860901,2.4612808227539062,-0.00021533967810682952,0.0,0.0,0.0,0.0023682301759257946,0.0019853221734961665,-0.7076496031220176,0.7065567841178457,0,0,0,,0.34947991371154785,-0.011586785316467285,0.0,False,False,2,False
142.050217095,2772,142,50217095,map,8.004572868347168,-0.5796716213226318,3.31024169921875,-0.0001989363954635337,0.0,0.0,0.0,0.002023148519918365,0.0018534110419853413,-0.7075340430687816,0.7066739344537333,0,0,0,,0.3554556369781494,0.006339848041534424,0.0,False,False,2,False
142.100217096,2773,142,100217096,map,7.918665885925293,0.6845455765724182,1.7183589935302734,-0.00029525754507631063,0.0,0.0,0.0,0.0018634638506782254,0.001527997198603578,-0.7072997711873044,0.706909631003444,0,0,0,,0.37618255615234375,-0.011162668466567993,0.0,False,False,2,False
142.150217097,2774,142,150217097,map,7.7746429443359375,0.23368972539901733,2.8812313079833984,-0.00025558474590070546,0.0,0.0,0.0,0.0017516885343599516,0.0012373349751999322,-0.7069130757373089,0.7072971821950484,0,0,0,,0.38814377784729004,-0.008188307285308838,0.0,False,False,2,False
142.200217097,2775,142,200217097,map,7.718239784240723,-0.4062260389328003,1.1269569396972656,-0.00019359588623046875,0.0,0.0,0.0,0.0014262881908719408,0.0011402958110059234,-0.706662811053824,0.7075481163150444,0,0,0,,0.3829694986343384,0.00341719388961792,0.0,False,False,2,False
142.250217098,2776,142,250217098,map,7.588750839233398,-0.34465640783309937,2.5896739959716797,-0.00010604857379803434,0.0,0.0,0.0,0.0011019559063096213,0.0011438641921236296,-0.7068362813290802,0.7073753944439741,0,0,0,,0.38770484924316406,0.006884515285491943,0.0,False,False,2,False
142.250217098,2777,142,300217099,map,7.543539047241211,-0.10886463522911072,0.9043693542480469,-0.00017127989849541336,0.0,0.0,0.0,0.0008605315648839455,0.0010710976394050502,-0.7069566687205642,0.7072555272225134,0,0,0,,0.385280966758728,0.004567384719848633,0.0,False,False,2,False
142.300217099,2778,142,350217100,map,7.418735504150391,0.1576741337776184,2.495908737182617,-8.621215965831652e-05,0.0,0.0,0.0,0.0007926920831361148,0.0009371152032549429,-0.7071886838033983,0.7070238036691369,0,0,0,,0.39271116256713867,-0.0008473992347717285,0.0,False,False,2,False
142.3502171,2779,142,400217100,map,7.383229732513428,0.2277524173259735,0.7101726531982422,-5.302429053699598e-05,0.0,0.0,0.0,0.0007723623512668331,0.0007420594345155582,-0.7070698109538821,0.7071429383383782,0,0,0,,0.4009559154510498,-0.004283398389816284,0.0,False,False,2,False
142.450217101,2780,142,450217101,map,7.263150691986084,-0.03999315947294235,2.4015426635742188,-3.2043459214037284e-05,0.0,0.0,0.0,0.000734941170194867,0.0006563253086017005,-0.7071129733819519,0.7070999023995834,0,0,0,,0.4003300666809082,-0.0007097721099853516,0.0,False,False,2,False
142.500217102,2781,142,500217102,map,7.236920356750488,0.031498588621616364,0.5246353149414062,-4.634857032215223e-05,0.0,0.0,0.0,0.0006567042998843844,0.0005740851959468798,-0.7069573408733331,0.7072556520459603,0,0,0,,0.4189203977584839,-0.001402348279953003,0.0,False,False,2,False
142.500217102,2782,142,550217103,map,7.121657848358154,0.16406670212745667,2.3055171966552734,3.776550147449598e-05,0.0,0.0,0.0,0.0006504141174143243,0.0004980361901928826,-0.7069529721893704,0.7072600823134615,0,0,0,,0.404697060585022,-0.004193693399429321,0.0,False,False,2,False
142.600217103,2783,142,600217103,map,7.103081226348877,0.22019127011299133,0.3721809387207031,-2.86102294921875e-05,0.0,0.0,0.0,0.0006418021649934425,0.00037520990355574714,-0.7066366356404452,0.7075762237937776,0,0,0,,0.4164465665817261,-0.006471306085586548,0.0,False,False,2,False
142.600217103,2784,142,650217104,map,6.991020202636719,-0.6264196634292603,2.240276336669922,2.5749204723979346e-05,0.0,0.0,0.0,0.00046623584480840196,0.0004960474759934208,-0.7067871548745838,0.7074259355334166,0,0,0,,0.42251133918762207,0.009792804718017578,0.0,False,False,2,False
142.650217104,2785,142,700217105,map,6.980461597442627,-0.2717718183994293,0.21162986755371094,5.722040441469289e-07,0.0,0.0,0.0,0.0002676528350744415,0.0005789269113803054,-0.7069565833912242,0.7072566594987978,0,0,0,,0.4337528944015503,0.00827866792678833,0.0,False,False,2,False
142.700217105,2786,142,750217106,map,6.873525142669678,0.5357753038406372,2.1383285522460938,2.0599363779183477e-05,0.0,0.0,0.0,0.00035407487505647987,0.00044629934536405635,-0.707150233653698,0.7070630965418839,0,0,0,,0.4406421184539795,-0.0074929893016815186,0.0,False,False,2,False
142.750217106,2787,142,800217106,map,6.871878147125244,-0.015617217868566513,0.03292083740234375,-7.629391802765895e-06,0.0,0.0,0.0,0.00036345671496392813,0.0003201728457807321,-0.706980480073175,0.7072328938787196,0,0,0,,0.44473087787628174,-0.0015798211097717285,0.0,False,False,2,False
142.800217106,2788,142,850217107,map,6.769493103027344,-0.10948221385478973,2.0476341247558594,2.2888181774760596e-05,0.0,0.0,0.0,0.00032586126332056136,0.000314012348945523,-0.7070948946692021,0.707118522698587,0,0,0,,0.43293023109436035,0.0011387467384338379,0.0,False,False,2,False
142.850217107,2789,142,900217108,map,6.77346134185791,0.1961199939250946,-0.07916450500488281,-1.659393274167087e-05,0.0,0.0,0.0,0.00030635893871494265,0.0002250503462111899,-0.7069166169564608,0.7072967921370598,0,0,0,,0.44601523876190186,-0.004173964262008667,0.0,False,False,2,False
142.950217109,2790,142,950217109,map,6.673770427703857,0.01572607085108757,1.9938468933105469,3.242494130972773e-06,0.0,0.0,0.0,0.00030919732152273957,0.00019212376558400243,-0.7069465759888884,0.7072668564149333,0,0,0,,0.44282054901123047,-0.0021184682846069336,0.0,False,False,2,False
143.000217109,2791,143,217109,map,6.683342933654785,-0.15115182101726532,-0.191650390625,1.8119810192729346e-05,0.0,0.0,0.0,0.0002167805844511856,0.00018590350550625275,-0.706807368456091,0.7074060095463146,0,0,0,,0.45554518699645996,0.001741170883178711,0.0,False,False,2,False
143.000217109,2792,143,50217110,map,6.587472438812256,0.1826886087656021,1.9176769256591797,-3.814693627646193e-07,0.0,0.0,0.0,0.0002266341824249316,0.00015338502954674303,-0.7068824471256007,0.7073309911602222,0,0,0,,0.4641338586807251,-0.003873169422149658,0.0,False,False,2,False
143.100217111,2793,143,100217111,map,6.604189395904541,-0.2868705689907074,-0.3346443176269531,-2.3841856091166846e-05,0.0,0.0,0.0,0.00011740450360600795,0.00016234648975842436,-0.7067950814442509,0.7074183152180996,0,0,0,,0.47154223918914795,0.004473209381103516,0.0,False,False,2,False
143.150217112,2794,143,150217112,map,6.513504981994629,-0.15335412323474884,1.8137836456298828,-4.57763690064894e-06,0.0,0.0,0.0,3.819633528989726e-05,0.00021484571852177308,-0.7070762881143003,0.7071372392745698,0,0,0,,0.47641289234161377,0.004384875297546387,0.0,False,False,2,False
143.200217112,2795,143,200217112,map,6.537649154663086,0.6848011016845703,-0.48191070556640625,2.2506712411995977e-05,0.0,0.0,0.0,0.00014236371289450277,4.613709466766739e-06,-0.706832071981159,0.7073813693688212,0,0,0,,0.4931375980377197,-0.012984663248062134,0.0,False,False,2,False
143.250217113,2796,143,250217113,map,6.452481269836426,-0.3849002420902252,1.7023658752441406,-1.4495852155960165e-05,0.0,0.0,0.0,0.00010336073603967055,1.0803419228487792e-05,-0.7068738455082219,0.7073396325219329,0,0,0,,0.47888612747192383,0.0036507844924926758,0.0,False,False,2,False
143.300217114,2797,143,300217114,map,6.483049392700195,-0.29122820496559143,-0.6113529205322266,-1.792907278286293e-05,0.0,0.0,0.0,-6.311416417213626e-05,6.720046294053746e-05,-0.7068674846768898,0.7073459907338608,0,0,0,,0.49385809898376465,0.00630640983581543,0.0,False,False,2,False
143.300217114,2798,143,350217115,map,6.402439117431641,0.37010565400123596,1.6123104095458984,1.6403195331804454e-05,0.0,0.0,0.0,-2.1769552236569683e-05,-4.447957699794268e-06,-0.7070181268350197,0.7071954240752709,0,0,0,,0.49946117401123047,-0.005851149559020996,0.0,False,False,2,False
143.400217115,2799,143,400217115,map,6.439168930053711,-0.05992883816361427,-0.7346820831298828,-3.757476952159777e-05,0.0,0.0,0.0,-4.988008484637178e-05,-8.47242003574554e-05,-0.7068480796361717,0.7073653812906333,0,0,0,,0.4908466339111328,-0.0005270540714263916,0.0,False,False,2,False
143.450217116,2800,143,450217116,map,6.362390041351318,-0.1536814272403717,1.5354728698730469,3.337860107421875e-05,0.0,0.0,0.0,-0.00010046618599460509,-5.792696178319049e-05,-0.7070187365748631,0.7071948053281336,0,0,0,,0.509023904800415,0.002495706081390381,0.0,False,False,2,False
143.500217117,2801,143,500217117,map,6.404716968536377,0.3036297559738159,-0.8461570739746094,2.880096508306451e-05,0.0,0.0,0.0,-9.393669532728924e-05,-0.00016776634194751766,-0.7068298856450754,0.7073835422098265,0,0,0,,0.5158917903900146,-0.0060516297817230225,0.0,False,False,2,False
143.550217118,2802,143,550217118,map,6.33342170715332,0.6332182288169861,1.4290523529052734,-2.403259350103326e-05,0.0,0.0,0.0,7.476332281808792e-05,-0.000359618012457643,-0.7066003678569664,0.7076127367633587,0,0,0,,0.5281052589416504,-0.0163346529006958,0.0,False,False,2,False
143.600217118,2803,143,600217118,map,6.383190155029297,0.2851674556732178,-0.9929752349853516,4.386902219266631e-06,0.0,0.0,0.0,0.00013153355727013095,-0.0005256077266274867,-0.7059271828250627,0.7082842077754604,0,0,0,,0.5332801342010498,-0.013485819101333618,0.0,False,False,2,False
143.650217119,2804,143,650217119,map,6.318850040435791,-0.2745973467826843,1.284494400024414,-6.6757183958543465e-06,0.0,0.0,0.0,3.027892235303768e-05,-0.00045633024135412323,-0.7056791425884729,0.7085313956074886,0,0,0,,0.5341857671737671,-0.0017600953578948975,0.0,False,False,2,False
143.70021712,2805,143,700217120,map,6.373286247253418,-0.6457227468490601,-1.0919666290283203,0.0002538680855650455,0.0,0.0,0.0,-0.00026946825520111304,-0.00026950677414882456,-0.7055721945060858,0.7086379421769797,0,0,0,,0.51412034034729,0.010834336280822754,0.0,False,False,2,False
143.750217121,2806,143,750217121,map,6.310608863830566,0.10977234691381454,1.2538719177246094,-7.915496098576114e-05,0.0,0.0,0.0,-0.0003529847500198828,-0.00020522234988672915,-0.7058314724857848,0.7083796762570918,0,0,0,,0.5146071910858154,0.00028258562088012695,0.0,False,False,2,False
143.800217121,2807,143,800217121,map,6.3665313720703125,0.37491440773010254,-1.1166667938232422,-7.43865966796875e-05,0.0,0.0,0.0,-0.0003011947080803067,-0.0003449110812744407,-0.7056330691782343,0.7085772801891117,0,0,0,,0.5299334526062012,-0.007568269968032837,0.0,False,False,2,False
143.800217121,2808,143,850217122,map,6.305209159851074,-0.05418539047241211,1.2261390686035156,-1.2588499885168858e-05,0.0,0.0,0.0,-0.00026890102212022166,-0.00037488581510600525,-0.7056487634461103,0.7085616485527858,0,0,0,,0.5167558193206787,-0.0019492805004119873,0.0,False,False,2,False
143.900217123,2809,143,900217123,map,6.362545967102051,0.06070278584957123,-1.146392822265625,-2.7656553356791846e-05,0.0,0.0,0.0,-0.00029767635899459927,-0.0004186997097380457,-0.705404753492665,0.7088045357002811,0,0,0,,0.5254213809967041,-0.0030143260955810547,0.0,False,False,2,False
143.900217123,2810,143,950217124,map,6.302627086639404,0.26649242639541626,1.2003803253173828,-1.7166138377433526e-06,0.0,0.0,0.0,-0.0002309675134871937,-0.0004700115139953705,-0.7053309097907771,0.7088780102647416,0,0,0,,0.5328700542449951,-0.0079118013381958,0.0,False,False,2,False
144.000217124,2811,144,217124,map,6.3618855476379395,0.049842968583106995,-1.1847877502441406,1.621246337890625e-05,0.0,0.0,0.0,-0.00024376891138134252,-0.0005231343362163758,-0.704959009572017,0.7092478140469839,0,0,0,,0.5192731618881226,-0.00488591194152832,0.0,False,False,2,False
144.050217125,2812,144,50217125,map,6.303180694580078,0.101451575756073,1.175088882446289,-8.02993745310232e-05,0.0,0.0,0.0,-0.00022743307375795745,-0.0005185697403916151,-0.7048507268659135,0.7093554343178142,0,0,0,,0.5346593856811523,-0.005708664655685425,0.0,False,False,2,False
144.100217126,2813,144,100217126,map,6.364757061004639,-0.19412115216255188,-1.2333011627197266,0.00011157989501953125,0.0,0.0,0.0,-0.00032726501978300215,-0.00048258752511870783,-0.7045885881454457,0.7096157984868255,0,0,0,,0.5504299402236938,0.0008540749549865723,0.0,False,False,2,False
144.150217127,2814,144,150217127,map,6.310175895690918,0.015885010361671448,1.0917949676513672,-1.7356869648210704e-05,0.0,0.0,0.0,-0.0003606344970050649,-0.00043644205973110634,-0.7046566484886836,0.7095482275376239,0,0,0,,0.5404360294342041,-0.0015356242656707764,0.0,False,False,2,False
144.200217127,2815,144,200217127,map,6.375094413757324,0.00753454864025116,-1.2983512878417969,2.861022494471399e-06,0.0,0.0,0.0,-0.0004113337910449127,-0.00045815610246563416,-0.7044733163681535,0.7097302074892641,0,0,0,,0.5455179214477539,-0.0012027621269226074,0.0,False,False,2,False
144.250217128,2816,144,250217128,map,6.323239326477051,0.3349727988243103,1.040353775024414,-4.825591895496473e-05,0.0,0.0,0.0,-0.0003322737973347812,-0.0005277162461288327,-0.7044279977201534,0.7097751806999614,0,0,0,,0.5541055202484131,-0.008555948734283447,0.0,False,False,2,False
144.300217129,2817,144,300217129,map,6.3907880783081055,-0.24264544248580933,-1.35345458984375,1.144409225162235e-06,0.0,0.0,0.0,-0.00040841558547293356,-0.0005268479412480504,-0.7041828865182147,0.7100183222726237,0,0,0,,0.5376847982406616,0.001553177833557129,0.0,False,False,2,False
144.35021713,2818,144,350217130,map,6.34047794342041,-0.2763708829879761,1.0040664672851562,-1.296997106692288e-05,0.0,0.0,0.0,-0.0005060244503679757,-0.00041767477661417313,-0.7043853037995238,0.7098175211124965,0,0,0,,0.5465266704559326,0.005071818828582764,0.0,False,False,2,False
144.40021713,2819,144,400217130,map,6.408994197845459,0.2822797894477844,-1.3681507110595703,-2.937316821771674e-05,0.0,0.0,0.0,-0.0005062593052623243,-0.0004838678134137066,-0.7042638432754044,0.7099379892838611,0,0,0,,0.554335355758667,-0.00437396764755249,0.0,False,False,2,False
144.450217131,2820,144,450217131,map,6.360870838165283,-0.07845453917980194,0.9618282318115234,2.4795554054435343e-06,0.0,0.0,0.0,-0.00048672089408137876,-0.00048670987415424833,-0.7043734921677017,0.7098292116754188,0,0,0,,0.5499393939971924,1.5556812286376953e-05,0.0,False,False,2,False
144.500217132,2821,144,500217132,map,6.431161403656006,-0.036193132400512695,-1.4061546325683594,-2.6512143449508585e-05,0.0,0.0,0.0,-0.000531861483652502,-0.0005066622260166014,-0.7042562175050244,0.7099455194043179,0,0,0,,0.5565154552459717,0.00045233964920043945,0.0,False,False,2,False
144.550217133,2822,144,550217133,map,6.385956287384033,0.1916065812110901,0.9058189392089844,3.490447488729842e-05,0.0,0.0,0.0,-0.00047975306151352434,-0.0005423231330322268,-0.7043267104273988,0.7098755952285855,0,0,0,,0.5733661651611328,-0.004436582326889038,0.0,False,False,2,False
144.550217133,2823,144,600217133,map,6.460500240325928,0.29057586193084717,-1.4878654479980469,1.9073468138230965e-07,0.0,0.0,0.0,-0.0004294609168782624,-0.000664576907665957,-0.7039960682975765,0.7102034284079518,0,0,0,,0.5771074295043945,-0.007924258708953857,0.0,False,False,2,False
144.600217133,2824,144,650217134,map,6.419351577758789,-0.41557663679122925,0.8188056945800781,-1.9073468138230965e-07,0.0,0.0,0.0,-0.0005103199379425033,-0.0005793115099203396,-0.7040674452515542,0.7101326893677583,0,0,0,,0.5512303113937378,0.004932284355163574,0.0,False,False,2,False
144.700217135,2825,144,700217135,map,6.494929313659668,-0.24381659924983978,-1.5134429931640625,-2.403259350103326e-05,0.0,0.0,0.0,-0.0006620594309655937,-0.0005012988714073097,-0.70408717378793,0.7101130628879296,0,0,0,,0.5793318748474121,0.006098806858062744,0.0,False,False,2,False
144.750217135,2826,144,750217135,map,6.456779956817627,-0.4499102234840393,0.76080322265625,-1.0871881386265159e-05,0.0,0.0,0.0,-0.0007946274893547693,-0.0003615023171176747,-0.7045686300175054,0.7096353172429368,0,0,0,,0.5796045064926147,0.011784017086029053,0.0,False,False,2,False
144.800217136,2827,144,800217136,map,6.535678863525391,0.18262949585914612,-1.577291488647461,2.994536771439016e-05,0.0,0.0,0.0,-0.0008088238943548058,-0.0004219777801025039,-0.7047497653405368,0.7094553798450749,0,0,0,,0.573494553565979,0.0014452338218688965,0.0,False,False,2,False
144.850217137,2828,144,850217137,map,6.500303745269775,0.050113312900066376,0.7077503204345703,-1.9645689462777227e-05,0.0,0.0,0.0,-0.000736918972916238,-0.0004862397897006661,-0.7050539929888606,0.7091530776156569,0,0,0,,0.5821287631988525,0.0008158087730407715,0.0,False,False,2,False
144.900217138,2829,144,900217138,map,6.582032203674316,0.06337843835353851,-1.6342639923095703,4.806518700206652e-05,0.0,0.0,0.0,-0.0007156262547001336,-0.0005819672923585476,-0.7050268663320163,0.7091799961527339,0,0,0,,0.6001584529876709,-0.0001837313175201416,0.0,False,False,2,False
144.950217138,2830,144,950217138,map,6.5497941970825195,0.6545480489730835,0.6499004364013672,-3.414153979974799e-05,0.0,0.0,0.0,-0.0005236987221022466,-0.0007676165627665192,-0.7049454244135358,0.7092609428855369,0,0,0,,0.5539344549179077,-0.013663172721862793,0.0,False,False,2,False
145.000217139,2831,145,217139,map,6.630349636077881,-1.497197151184082,-1.6180419921875,-5.722040441469289e-07,0.0,0.0,0.0,-0.0008528874979886963,-0.0005030355857789928,-0.7051206931203294,0.7090866150701347,0,0,0,,0.6114764213562012,0.0265694260597229,0.0,False,False,2,False
145.05021714,2832,145,50217140,map,6.6022138595581055,-0.5720645189285278,0.5645656585693359,-5.931854684604332e-05,0.0,0.0,0.0,-0.0011247580367590181,-0.00022102425522800508,-0.7060252837529783,0.7081856993537526,0,0,0,,0.5913548469543457,0.020666062831878662,0.0,False,False,2,False
145.100217141,2833,145,100217141,map,6.686800956726074,0.26955917477607727,-1.6929340362548828,0.00010070801363326609,0.0,0.0,0.0,-0.0011094345502125687,-0.00030682507716889827,-0.7065502175878897,0.7076619708871293,0,0,0,,0.5808062553405762,0.004674077033996582,0.0,False,False,2,False
145.100217141,2834,145,150217141,map,6.655585289001465,1.0718411207199097,0.6250572204589844,8.239745511673391e-05,0.0,0.0,0.0,-0.0007317803816695039,-0.0006633215403963772,-0.7066802821123566,0.7075323338022138,0,0,0,,0.5297297239303589,-0.017586171627044678,0.0,False,False,2,False
145.150217141,2835,145,200217142,map,6.731325626373291,-0.20799681544303894,-1.5156364440917969,1.5449522834387608e-05,0.0,0.0,0.0,-0.000630054379321551,-0.0007944295393077049,-0.706399334920643,0.7078127941319365,0,0,0,,0.5458519458770752,-0.0006858408451080322,0.0,False,False,2,False
145.250217143,2836,145,250217143,map,6.692033290863037,0.12384969741106033,0.7863044738769531,-7.114410254871473e-05,0.0,0.0,0.0,-0.0005673146763392079,-0.000782763033716467,-0.7063724857841331,0.7078396546981778,0,0,0,,0.5126297473907471,-0.004092097282409668,0.0,False,False,2,False
145.300217144,2837,145,300217144,map,6.757393836975098,-0.6812078356742859,-1.3082504272460938,2.174377368646674e-05,0.0,0.0,0.0,-0.0007273198466531051,-0.0006013606695414367,-0.7063925037527153,0.7078197086922318,0,0,0,,0.5353579521179199,0.012158870697021484,0.0,False,False,2,False
145.350217144,2838,145,350217144,map,6.710781097412109,-0.7218578457832336,0.9349441528320312,-2.136230432370212e-05,0.0,0.0,0.0,-0.0009216264749337667,-0.0002968778742257958,-0.7070622283620807,0.7071506683103802,0,0,0,,0.5155947208404541,0.019053876399993896,0.0,False,False,2,False
145.400217145,2839,145,400217145,map,6.768882751464844,-0.19505225121974945,-1.1606788635253906,-3.108978125965223e-05,0.0,0.0,0.0,-0.000993444800538764,-0.00018397541203846358,-0.7076168560580339,0.7065956157824785,0,0,0,,0.5036923885345459,0.012309908866882324,0.0,False,False,2,False
145.450217146,2840,145,450217146,map,6.712653636932373,0.6531919240951538,1.121072769165039,7.247924077091739e-05,0.0,0.0,0.0,-0.0007297609101964735,-0.0003223582221575162,-0.7080454865046861,0.7061663774030401,0,0,0,,0.4713035821914673,-0.006551891565322876,0.0,False,False,2,False
145.500217147,2841,145,500217147,map,6.758711338043213,0.2331390678882599,-0.9216499328613281,6.27517729299143e-05,0.0,0.0,0.0,-0.0005084686999489088,-0.0004798426490679328,-0.7079162330046511,0.7062960556729152,0,0,0,,0.46634507179260254,-0.005243390798568726,0.0,False,False,2,False
145.550217147,2842,145,550217147,map,6.690752983093262,-0.5508532524108887,1.3609981536865234,-8.449554297840223e-05,0.0,0.0,0.0,-0.0005037630976564649,-0.0003322544016738203,-0.7081823792125596,0.7060292866465192,0,0,0,,0.4622997045516968,0.009811878204345703,0.0,False,False,2,False
145.600217148,2843,145,600217148,map,6.7264909744262695,-1.848141074180603,-0.6921958923339844,-5.760193016612902e-05,0.0,0.0,0.0,-0.0009384438431165719,0.00018857026221228703,-0.7090116118191958,0.7051961557396321,0,0,0,,0.5047039985656738,0.04354298114776611,0.0,False,False,2,False
145.650217149,2844,145,650217149,map,6.654168605804443,0.6478123664855957,1.4357948303222656,-3.490447852527723e-05,0.0,0.0,0.0,-0.0008488851151474905,0.00023798170705849558,-0.7100477499455006,0.7041529773821171,0,0,0,,0.4396932125091553,0.0037013888359069824,0.0,False,False,2,False
145.650217149,2845,145,700217150,map,6.6833672523498535,-2.3446879386901855,-0.5297756195068359,-0.00017795563326217234,0.0,0.0,0.0,-0.0011905599319641076,0.0006536628649776105,-0.7113516936373084,0.7028349189185467,0,0,0,,0.4834482669830322,0.062108635902404785,0.0,False,False,2,False
145.75021715,2846,145,750217150,map,6.594672679901123,3.0746331214904785,1.7112159729003906,0.00041103363037109375,0.0,0.0,0.0,-0.0005356407591477442,0.00013909037001301082,-0.7121002364633569,0.7020775932699157,0,0,0,,0.325836181640625,-0.05018851161003113,0.0,False,False,2,False
145.800217151,2847,145,800217151,map,6.602152347564697,-3.555048704147339,-0.06968498229980469,1.6593930922681466e-05,0.0,0.0,0.0,-0.0007009763198117725,0.00041874159140036914,-0.7126671758621906,0.7015018387262346,0,0,0,,0.4656107425689697,0.12852853536605835,0.0,False,False,2,False
145.850217152,2848,145,850217152,map,6.495768070220947,2.71358060836792,2.058286666870117,-0.0001485824614064768,0.0,0.0,0.0,-0.0004886515264169183,0.0004066630160766043,-0.7138244570900601,0.7003243822008185,0,0,0,,0.2322525978088379,-0.06833750009536743,0.0,False,False,2,False
145.900217153,2849,145,900217153,map,6.4821600914001465,-3.624756336212158,0.37972450256347656,8.277893357444555e-05,0.0,0.0,0.0,-0.0006052952536767602,0.0006924711209983399,-0.7145138760977662,0.699620665050103,0,0,0,,0.41814470291137695,0.25137102603912354,0.0,False,False,2,False
145.900217153,2850,145,950217153,map,6.363276481628418,-0.3612262010574341,2.396564483642578,-0.0006200791103765368,0.0,0.0,0.0,-0.0009822356951358323,0.0013172326647351276,-0.7167028482244973,0.69737674714464,0,0,0,,0.22179007530212402,0.034371376037597656,0.0,False,False,2,False
145.950217153,2851,146,217154,map,6.343139171600342,0.4694819450378418,0.38177490234375,0.00036029814509674907,0.0,0.0,0.0,-0.0006805252316505537,0.0011547517248822593,-0.718068300725962,0.6959713492137393,0,0,0,,0.20656585693359375,0.013860046863555908,0.0,False,False,2,False
146.050217155,2852,146,50217155,map,6.189440727233887,-3.053712844848633,3.251810073852539,-0.00022182465181685984,0.0,0.0,0.0,-0.0009547640604487724,0.0017181937412242651,-0.720296184272449,0.6936638545854948,0,0,0,,0.34977030754089355,0.10461181402206421,0.0,False,False,2,False
146.100217156,2853,146,100217156,map,6.1684441566467285,1.8040430545806885,0.3081321716308594,0.00018711091252043843,0.0,0.0,0.0,-0.0006346172259645839,0.0015340461046437748,-0.7221067950689034,0.6917796039771932,0,0,0,,0.6714022159576416,-0.008913993835449219,0.0,False,False,2,False
146.150217156,2854,146,150217156,map,6.047164440155029,-0.3413194417953491,2.449054718017578,0.00056285853497684,0.0,0.0,0.0,-0.0002471811319286449,0.0012215024228292252,-0.7234499996076672,0.6903756549162097,0,0,0,,0.4775991439819336,0.02185434103012085,0.0,False,False,2,False
146.200217157,2855,146,200217157,map,6.04767370223999,-3.9705967903137207,0.29022216796875,-0.0005426406860351562,0.0,0.0,0.0,-0.0008970017068864792,0.0018415747476896863,-0.725528877172586,0.6881886749860631,0,0,0,,0.8863329887390137,0.17586594820022583,0.0,False,False,2,False
146.250217158,2856,146,250217158,map,5.961062431335449,-4.04232120513916,2.187681198120117,-0.002365493681281805,0.0,0.0,0.0,-0.0021726434566713723,0.003150511819928612,-0.7301303711640011,0.6832971498547324,0,0,0,,0.9140663146972656,0.1518229842185974,0.0,False,False,2,False
146.300217159,2857,146,300217159,map,6.043227672576904,-4.118605613708496,-1.0639476776123047,-0.002100181533023715,0.0,0.0,0.0,-0.003314502097819427,0.004071241931660266,-0.7359588305036268,0.6770059371000459,0,0,0,,0.9228448867797852,0.17105895280838013,0.0,False,False,2,False
146.350217159,2858,146,350217159,map,6.043102264404297,-4.36892032623291,0.7907485961914062,-0.0012804032303392887,0.0,0.0,0.0,-0.004311790609880002,0.004788194093983284,-0.7432160452324201,0.6690204718602683,0,0,0,,0.919395923614502,0.19536733627319336,0.0,False,False,2,False
146.40021716,2859,146,400217160,map,6.207145690917969,-4.6405816078186035,-2.351207733154297,-0.00039329519495368004,0.0,0.0,0.0,-0.00520624883071885,0.005212794223600613,-0.7511487395134846,0.6600918821473253,0,0,0,,0.9351880550384521,0.20517408847808838,0.0,False,False,2,False
146.450217161,2860,146,450217161,map,6.284214973449707,-5.077581405639648,-0.29791831970214844,-0.00027084373869001865,0.0,0.0,0.0,-0.006051348333244356,0.005648183107976689,-0.7601101229849836,0.6497415487304791,0,0,0,,0.9381697177886963,0.22650396823883057,0.0,False,False,2,False
146.450217161,2861,146,500217162,map,6.525723934173584,-4.675130844116211,-3.6732864379882812,0.0011070253094658256,0.0,0.0,0.0,-0.00667461932104424,0.005685618611451337,-0.7692364993226328,0.6389040078977323,0,0,0,,0.9374901056289673,0.2102212905883789,0.0,False,False,2,False
146.550217162,2862,146,550217162,map,6.687366962432861,-4.861772060394287,-1.832265853881836,0.0014753342838957906,0.0,0.0,0.0,-0.007184810402613447,0.005651694862115671,-0.7786066712832834,0.6274456855201327,0,0,0,,0.9304373264312744,0.2121565341949463,0.0,False,False,2,False
146.550217162,2863,146,600217163,map,6.970335483551025,-6.221508979797363,-3.7854862213134766,-0.00017604848835617304,0.0,0.0,0.0,-0.00784006881452258,0.005816429250087034,-0.7883967510673667,0.615089640116124,0,0,0,,0.9322091341018677,0.2273564338684082,0.0,False,False,2,False
146.600217163,2864,146,650217164,map,7.132662773132324,-6.1069536209106445,-1.0630989074707031,-0.0012454984243959188,0.0,0.0,0.0,-0.008431511476583003,0.006270606877897979,-0.7987499977361715,0.6015713010276248,0,0,0,,0.9393310546875,0.23939931392669678,0.0,False,False,2,False
146.700217165,2865,146,700217165,map,7.377748489379883,-8.01419734954834,-1.7865180969238281,-0.0027246475219726562,0.0,0.0,0.0,-0.009155881355209654,0.007208502304206937,-0.8099200905970849,0.5864244658763389,0,0,0,,0.9336593151092529,0.2775886058807373,0.0,False,False,2,False
146.750217165,2866,146,750217165,map,7.559276580810547,-4.428958892822266,-1.8800926208496094,0.0026412964798510075,0.0,0.0,0.0,-0.00915296783023864,0.007295405061292304,-0.8207168865567096,0.5712151891936622,0,0,0,,0.9495728015899658,0.20394587516784668,0.0,False,False,2,False
146.800217166,2867,146,800217166,map,7.801529407501221,-7.668275833129883,-1.4417266845703125,0.002156829461455345,0.0,0.0,0.0,-0.009294407346248907,0.007691129609834022,-0.8312674322221872,0.5557417715487454,0,0,0,,0.9314320087432861,0.24967354536056519,0.0,False,False,2,False
146.800217166,2868,146,850217167,map,7.91318941116333,-9.242663383483887,2.87017822265625,-0.0060821534134447575,0.0,0.0,0.0,-0.009899959704297218,0.009333744142360354,-0.8428633350699283,0.5379556398188756,0,0,0,,0.8578763008117676,0.3458675146102905,0.0,False,False,2,False
146.850217167,2869,146,900217168,map,8.1464262008667,-7.151288986206055,-0.8846855163574219,-0.0030431745108217,0.0,0.0,0.0,-0.010118427724503802,0.010413350638077759,-0.8547882565838449,0.5187737618222641,0,0,0,,0.9319248199462891,0.25453174114227295,0.0,False,False,2,False
146.950217168,2870,146,950217168,map,8.26098346710205,-9.065532684326172,3.740978240966797,-0.0005516048986464739,0.0,0.0,0.0,-0.010326799604656553,0.011765948099052289,-0.8668123272794582,0.4983887127048778,0,0,0,,0.8276944160461426,0.3504849672317505,0.0,False,False,2,False
146.950217168,2871,147,217169,map,8.427830696105957,-9.557104110717773,3.4999942779541016,-0.006588554009795189,0.0,0.0,0.0,-0.010643749779216716,0.013670736247342184,-0.8795507016436689,0.4754896263844489,0,0,0,,0.9284207820892334,0.34957045316696167,0.0,False,False,2,False
147.000217169,2872,147,50217170,map,8.505478858947754,-9.977903366088867,7.170276641845703,-0.007726287003606558,0.0,0.0,0.0,-0.010922826328038957,0.016052475771161243,-0.8929498489367571,0.44973723124781045,0,0,0,,0.8806757926940918,0.43719494342803955,0.0,False,False,2,False
147.100217171,2873,147,100217171,map,8.643710136413574,-9.898996353149414,6.548967361450195,-0.007306099869310856,0.0,0.0,0.0,-0.011009551054572407,0.018420902021613075,-0.90678393727886,0.42104910788093997,0,0,0,,0.899500846862793,0.42142176628112793,0.0,False,False,2,False
147.150217171,2874,147,150217171,map,8.72243595123291,-9.538345336914062,9.301023483276367,-0.0038608559407293797,0.0,0.0,0.0,-0.010869915786664332,0.02079134131074344,-0.9206604231030127,0.38965876146838124,0,0,0,,0.8828480243682861,0.4723392724990845,0.0,False,False,2,False
147.200217172,2875,147,200217172,map,8.86289119720459,-9.21966552734375,8.353004455566406,0.0011066440492868423,0.0,0.0,0.0,-0.010457843911318356,0.02267863217623625,-0.9340559628749988,0.3562523983933308,0,0,0,,0.9482376575469971,0.44306206703186035,0.0,False,False,2,False
147.250217173,2876,147,250217173,map,8.969460487365723,-8.702049255371094,10.511417388916016,0.0032157893292605877,0.0,0.0,0.0,-0.009889615415443318,0.02445488120637285,-0.9466948755881891,0.3210497887044621,0,0,0,,0.9641523361206055,0.4713573455810547,0.0,False,False,2,False
147.300217173,2877,147,300217173,map,9.097537994384766,-8.36832046508789,11.154379844665527,0.0015872973017394543,0.0,0.0,0.0,-0.009194846905309369,0.02616650518007712,-0.958393209744845,0.2841007291648909,0,0,0,,0.9481716156005859,0.4772820472717285,0.0,False,False,2,False
147.350217174,2878,147,350217174,map,9.23243236541748,-7.572059631347656,11.53749942779541,0.0038007739931344986,0.0,0.0,0.0,-0.008355712577723313,0.027566492316175674,-0.9688680219382669,0.24589637377182008,0,0,0,,0.9682439565658569,0.4644431471824646,0.0,False,False,2,False
147.400217175,2879,147,400217175,map,9.370824813842773,-6.8962860107421875,12.478728294372559,0.00420532189309597,0.0,0.0,0.0,-0.007416089451851297,0.02880678780158501,-0.977944413183047,0.20673629414755,0,0,0,,0.9360367059707642,0.4672156572341919,0.0,False,False,2,False
147.450217176,2880,147,450217176,map,9.49299144744873,-5.737037658691406,13.568561553955078,0.0017614359967410564,0.0,0.0,0.0,-0.00635784193962072,0.030037611148034618,-0.9855468990673184,0.16659720736309833,0,0,0,,0.8769687414169312,0.4743906259536743,0.0,False,False,2,False
147.500217176,2881,147,500217176,map,9.644079208374023,-5.108604431152344,12.6890230178833,0.00650253240019083,0.0,0.0,0.0,-0.005216806544662248,0.030723297762518233,-0.991495642740175,0.12635368744646325,0,0,0,,0.8878787755966187,0.42914992570877075,0.0,False,False,2,False
147.550217177,2882,147,550217177,map,9.79372787475586,-4.187278747558594,12.956652641296387,0.009904670529067516,0.0,0.0,0.0,-0.004068795457076611,0.03099918777390501,-0.9957414929973725,0.08672585764493972,0,0,0,,0.8971908092498779,0.40734410285949707,0.0,False,False,2,False
147.600217178,2883,147,600217178,map,10.022984504699707,-4.875965118408203,7.89005184173584,0.025253677740693092,0.0,0.0,0.0,-0.00312786778943319,0.029540768845019987,-0.9982920671350409,0.05030415603490224,0,0,0,,0.9314299821853638,0.2356545329093933,0.0,False,False,2,False
147.650217179,2884,147,650217179,map,10.184948921203613,-3.249492645263672,5.821303367614746,0.041286274790763855,0.0,0.0,0.0,-0.0025584912742602694,0.026221141429182054,-0.9994370885940442,0.020770455151745793,0,0,0,,0.9556374549865723,0.17499935626983643,0.0,False,False,2,False
147.700217179,2885,147,700217179,map,10.207844734191895,-0.3759574890136719,3.761317491531372,0.02503528818488121,0.0,0.0,0.0,0.0018241734244324379,-0.022212614623694907,0.9997505079005139,0.0014812479742747659,0,0,0,,0.9580942392349243,0.09942811727523804,0.0,False,False,0,False
147.75021718,2886,147,750217180,map,10.1920166015625,0.3706169128417969,1.5459901094436646,0.006540874019265175,0.0,0.0,0.0,0.0011805991872814304,-0.017822632097002494,0.9997062977499013,0.016379200526259612,0,0,0,,0.9454011917114258,0.03401917219161987,0.0,False,False,0,False
147.800217181,2887,147,800217181,map,10.630306243896484,-8.721733093261719,1.2573426961898804,-0.011474424973130226,0.0,0.0,0.0,0.0016750385715349283,-0.013773195628579024,0.9995945179949168,0.024865496626263472,0,0,0,,0.9302594661712646,-0.0029894113540649414,0.0,False,False,3,False
147.800217181,2888,147,850217182,map,11.00097370147705,-7.419185638427734,0.01936793327331543,-0.021085351705551147,0.0,0.0,0.0,0.0027937177349599655,-0.010126014953205966,0.9995477263271234,0.028178036778015673,0,0,0,,0.9153335094451904,-0.032310694456100464,0.0,False,False,3,False
147.850217182,2889,147,900217182,map,11.32540512084961,-6.5228271484375,-0.7405722141265869,-0.0221544299274683,0.0,0.0,0.0,0.003799840544751687,-0.00690437877693546,0.9995868352551899,0.027641446236636058,0,0,0,,0.9147629737854004,-0.04718002676963806,0.0,False,False,3,False
147.950217183,2890,147,950217183,map,11.61400032043457,-5.808563232421875,-0.9592503309249878,-0.01915721595287323,0.0,0.0,0.0,0.004470606203064057,-0.004273440073809127,0.9996750649199281,0.024728848890521002,0,0,0,,0.9197893142700195,-0.04803696274757385,0.0,False,False,3,False
148.000217184,2891,148,217184,map,11.873921394348145,-5.2423095703125,-1.4570701122283936,-0.013586044311523438,0.0,0.0,0.0,0.004811426615692808,-0.002125197898533611,0.9997769041766454,0.02045667575088173,0,0,0,,0.9208123683929443,-0.0501365065574646,0.0,False,False,3,False
148.000217184,2892,148,50217185,map,12.112382888793945,-4.8036956787109375,-1.5270203351974487,-0.008276748470962048,0.0,0.0,0.0,0.004901174238158681,-0.0004542046509180993,0.9998668283372304,0.015559491639174333,0,0,0,,0.922447919845581,-0.04536247253417969,0.0,False,False,3,False
148.100217185,2893,148,100217185,map,12.334040641784668,-4.457492828369141,-1.5820887088775635,-0.003866958199068904,0.0,0.0,0.0,0.004828876983671663,0.0007828666458116996,0.9999321359524055,0.010573199920151115,0,0,0,,0.9206204414367676,-0.03986513614654541,0.0,False,False,3,False
148.150217186,2894,148,150217186,map,12.542224884033203,-4.177742004394531,-1.6951221227645874,-0.000875854748301208,0.0,0.0,0.0,0.004667243660623915,0.0016996554793096252,0.9999710801750934,0.00575906427476333,0,0,0,,0.9185960292816162,-0.03591245412826538,0.0,False,False,3,False
148.200217187,2895,148,200217187,map,12.741164207458496,-3.981609344482422,-1.1891860961914062,0.0009695050539448857,0.0,0.0,0.0,0.004469996731571145,0.00218825948418031,0.999986448424141,0.0015276183169624404,0,0,0,,0.9226244688034058,-0.02321559190750122,0.0,False,False,3,False
148.200217187,2896,148,250217188,map,12.931909561157227,-3.8105392456054688,-1.505150556564331,0.001657867687754333,0.0,0.0,0.0,-0.00427043662580562,-0.002516022071950919,-0.999985437080316,0.002135095137927734,0,0,0,,0.9215958118438721,-0.02311033010482788,0.0,False,False,3,False
148.300217188,2897,148,300217188,map,13.117674827575684,-3.707103729248047,-1.0647512674331665,0.0019439696334302425,0.0,0.0,0.0,-0.004088706579326479,-0.002616968594768595,-0.999974870585136,0.005166444824296562,0,0,0,,0.9281390905380249,-0.014024704694747925,0.0,False,False,3,False
148.350217189,2898,148,350217189,map,13.299717903137207,-3.6278343200683594,-1.1216795444488525,0.0016399382147938013,0.0,0.0,0.0,-0.0039345834944962,-0.0026060121791583388,-0.9999599291266236,0.007607094999065648,0,0,0,,0.932590126991272,-0.012350261211395264,0.0,False,False,3,False
148.40021719,2899,148,400217190,map,13.479998588562012,-3.6035537719726562,-0.17130345106124878,0.0014556883834302425,0.0,0.0,0.0,-0.0038148862458966416,-0.0022540513984098537,-0.9999484482542924,0.009136012754873333,0,0,0,,0.9392640590667725,0.0033911466598510742,0.0,False,False,3,False
148.40021719,2900,148,450217191,map,13.659114837646484,-3.5747528076171875,-0.5265167355537415,0.0010267257457599044,0.0,0.0,0.0,-0.0037259780800360065,-0.0019008777450533212,-0.9999420052364931,0.009924208520912794,0,0,0,,0.9403246641159058,0.00044798851013183594,0.0,False,False,3,False
148.500217191,2901,148,500217191,map,13.837508201599121,-3.561077117919922,-0.4349502921104431,0.00034351350041106343,0.0,0.0,0.0,-0.0036617249870254543,-0.0016213732777066732,-0.999938756051801,0.010317318662822551,0,0,0,,0.9427868127822876,0.0008956193923950195,0.0,False,False,3,False
148.550217192,2902,148,550217192,map,14.0155611038208,-3.5640907287597656,0.14746218919754028,0.0002767562691587955,0.0,0.0,0.0,-0.0036192010207981083,-0.0012090005057185033,-0.9999406704110512,0.010202713347234358,0,0,0,,0.9465676546096802,0.008772313594818115,0.0,False,False,3,False
148.600217193,2903,148,600217193,map,14.193483352661133,-3.5676002502441406,0.5593550205230713,2.498625690350309e-05,0.0,0.0,0.0,-0.0035935292630059398,-0.0006467971911820059,-0.9999490410136443,0.009411884865540789,0,0,0,,0.9499194622039795,0.01527184247970581,0.0,False,False,3,False
148.650217194,2904,148,650217194,map,14.371628761291504,-3.5738372802734375,0.820050835609436,-0.00015792844351381063,0.0,0.0,0.0,-0.00357953825207702,-3.059545233160119e-05,-0.9999619745383822,0.007952071875946792,0,0,0,,0.9522619247436523,0.01920604705810547,0.0,False,False,3,False
148.700217194,2905,148,700217194,map,14.55038833618164,-3.5840225219726562,0.8739718794822693,-0.0002910614130087197,0.0,0.0,0.0,-0.003573028505324687,0.0005204669192415064,-0.9999754020699155,0.006013138664354506,0,0,0,,0.9545049667358398,0.01911097764968872,0.0,False,False,3,False
148.700217194,2906,148,750217195,map,14.72983455657959,-3.594684600830078,0.8286565542221069,-0.00020008085994049907,0.0,0.0,0.0,-0.0035711573066251317,0.0009347769831447685,-0.9999856881114153,0.0038725443603003194,0,0,0,,0.9549849033355713,0.016460835933685303,0.0,False,False,3,False
148.750217195,2907,148,800217196,map,0.9336643815040588,275.9198913574219,1.4312763214111328,-0.05888042598962784,0.0,0.0,0.0,-0.005248345173945607,0.0009261221751648531,-0.9999811111818616,0.003061772385593245,0,0,0,,0.0,0.0,1.0,False,False,3,False
