Time,data
29.681643007,3.470764398574829
29.681643007,3.6443159580230713
29.731643008,3.8261146545410156
29.781643008,4.013345718383789
29.831643009,4.20620059967041
29.88164301,4.401758670806885
29.931643011,4.594934940338135
29.981643011,4.778634548187256
30.031643012,4.950672626495361
30.081643013,5.111457824707031
30.131643014,5.2437334060668945
30.181643014,5.403589725494385
30.231643015,5.339120864868164
30.281643016,5.418938636779785
30.331643017,5.3512725830078125
30.381643017000002,5.420718669891357
30.431643018,5.610385417938232
30.481643019,6.145259380340576
30.531643019,6.484521865844727
30.58164302,6.9108686447143555
30.631643021,7.183195114135742
30.681643022,7.546280384063721
30.731643022,7.786065578460693
30.781643023,8.09827995300293
30.831643024,8.33045482635498
30.881643025,8.619831085205078
30.931643025,8.838357925415039
30.981643026,9.102787971496582
31.031643027,9.323566436767578
31.081643028,9.588054656982422
31.131643028,9.81675910949707
31.181643029,10.062787055969238
31.23164303,10.287711143493652
31.281643031,10.32422161102295
31.331643031,10.298797607421875
31.381643032,10.571187973022461
31.431643033,10.961377143859863
31.481643034,11.308332443237305
31.531643034,11.615453720092773
31.581643035,11.892741203308105
31.631643036,12.141785621643066
31.681643037,12.365174293518066
31.731643037,12.56736946105957
31.781643038,12.749957084655762
31.831643039,12.919793128967285
31.88164304,13.077967643737793
31.93164304,13.222548484802246
31.981643041,13.3537015914917
32.031643042,13.48431396484375
32.081643043,13.604849815368652
32.131643043,13.722410202026367
32.181643044,13.827910423278809
32.231643045,13.929150581359863
32.281643046,14.022611618041992
32.331643046,14.102828025817871
32.381643047,14.17202377319336
32.431643048,14.23837947845459
32.481643049,14.30228042602539
32.531643049,14.358041763305664
32.58164305,14.405196189880371
32.631643051,14.445703506469727
32.681643052,14.476729393005371
32.731643052,14.506584167480469
32.781643053,14.532510757446289
32.831643054,14.556282997131348
32.881643055,14.575520515441895
32.931643055,14.597760200500488
32.981643056,14.618825912475586
33.031643057,14.636480331420898
33.081643057,14.646896362304688
33.131643058,14.653192520141602
33.181643059,14.675750732421875
33.23164306,14.70900821685791
33.28164306,14.753763198852539
33.331643061,14.80998706817627
33.381643062,14.873513221740723
33.431643063,14.943931579589844
33.481643063,15.012372970581055
33.531643064,15.079774856567383
33.581643065,15.143908500671387
33.631643066,15.202922821044922
33.681643066,15.254029273986816
33.731643067,15.295782089233398
33.781643068,15.32841968536377
33.831643069,15.350983619689941
33.881643069,15.364425659179688
33.93164307,15.374896049499512
33.981643071,15.382387161254883
34.031643072,15.393433570861816
34.081643072,15.415843963623047
34.131643073,15.455140113830566
34.181643074,15.504741668701172
34.231643075,15.567168235778809
34.281643075,15.64310359954834
34.331643076,15.728575706481934
34.381643077,15.824872970581055
34.431643078,15.927412986755371
34.481643078,16.037731170654297
34.531643079,16.151769638061523
34.58164308,16.265972137451172
34.631643081,16.38422393798828
34.681643081,16.510488510131836
34.731643082,16.548906326293945
34.781643083,16.529285430908203
34.831643084,16.627460479736328
34.881643084,16.88340950012207
34.931643085,17.11114501953125
34.981643086,17.318387985229492
35.031643087,17.509056091308594
35.081643087,17.688047409057617
35.131643088,17.85735511779785
35.181643089,18.01746940612793
35.23164309,18.170194625854492
35.28164309,18.316265106201172
35.331643091,18.456668853759766
35.381643092,18.59269905090332
35.431643093,18.722578048706055
35.481643093,18.850202560424805
35.531643094,18.973581314086914
35.581643095,19.092737197875977
35.631643095,19.210281372070312
35.681643096,19.327938079833984
35.731643097,19.442251205444336
35.781643098,19.55314826965332
35.831643098,19.67085075378418
35.881643099,19.787073135375977
35.9316431,19.900299072265625
35.981643101,20.011133193969727
36.031643101,20.114839553833008
36.081643102,20.211502075195312
36.131643103,20.308076858520508
36.181643104,20.406003952026367
36.231643104,20.5039119720459
36.281643105,20.605113983154297
36.331643106,20.707950592041016
36.381643107,20.81123161315918
36.431643107,20.912912368774414
36.481643108,21.0114803314209
36.531643109,21.106321334838867
36.58164311,21.196231842041016
36.63164311,21.28138542175293
36.681643111,21.362138748168945
36.731643112,21.44004249572754
36.781643113,21.514665603637695
36.831643113,21.58724594116211
36.881643114,21.658464431762695
36.931643115,21.73017120361328
36.981643116,21.80092430114746
37.031643116,21.87002944946289
37.081643117,21.937442779541016
37.131643118,22.00151824951172
37.181643119,22.06078338623047
37.231643119,22.11414337158203
37.28164312,22.16206932067871
37.331643121,22.20453643798828
37.381643122,22.242111206054688
37.431643122,22.275970458984375
37.481643123,22.306320190429688
37.531643124,22.333446502685547
37.581643125,22.357545852661133
37.631643125,22.379377365112305
37.681643126,22.399232864379883
37.731643127,22.417024612426758
37.781643128,22.434349060058594
37.831643128,22.451499938964844
37.881643129,22.468338012695312
37.93164313,22.48423957824707
37.981643131,22.499008178710938
38.031643131,22.51280975341797
38.081643132,22.524900436401367
38.131643133,22.53536033630371
38.181643133,22.54436492919922
38.231643134,22.55221939086914
38.281643135,22.557588577270508
38.331643136,22.559112548828125
38.381643136,22.55705451965332
38.431643137,22.551828384399414
38.481643138,22.544227600097656
38.531643139,22.53377914428711
38.581643139,22.51994514465332
38.63164314,22.503400802612305
38.681643141,22.482757568359375
38.731643142,22.4486141204834
38.781643142,22.383968353271484
38.831643143,22.286319732666016
38.881643144,22.13043785095215
38.931643145,21.920541763305664
38.981643145,21.670568466186523
39.031643146,21.394908905029297
39.081643147,21.108715057373047
39.131643148,20.81226348876953
39.181643148,20.511552810668945
39.231643149,20.205352783203125
39.28164315,19.902437210083008
39.331643151,19.59392547607422
39.381643151,19.298946380615234
39.431643152,19.017183303833008
39.481643153,18.747556686401367
39.531643154,18.485544204711914
39.581643154,18.243019104003906
39.631643155,17.98779296875
39.681643156,17.725608825683594
39.731643157,17.463769912719727
39.781643157,17.203895568847656
39.831643158,17.015621185302734
39.881643159,16.932146072387695
39.93164316,16.77533531188965
39.98164316,16.342805862426758
40.031643161,15.969096183776855
40.081643162,15.636056900024414
40.131643163,15.352270126342773
40.181643163,15.125444412231445
40.231643164,14.952557563781738
40.281643165,14.82703685760498
40.331643166,14.740402221679688
40.381643166,14.683968544006348
40.431643167,14.657994270324707
40.481643168,14.666168212890625
40.531643169,14.704742431640625
40.581643169,14.771220207214355
40.63164317,14.86020278930664
40.681643171,14.966166496276855
40.731643171,15.081143379211426
40.781643172,15.197545051574707
40.831643173,15.3084716796875
40.881643174,15.413214683532715
40.931643174,15.511921882629395
40.981643175,15.605374336242676
41.031643176,15.690057754516602
41.081643177,15.770792007446289
41.131643177,15.838286399841309
41.181643178,15.890634536743164
41.231643179,15.93059253692627
41.28164318,15.962533950805664
41.33164318,15.995524406433105
41.381643181,16.021772384643555
41.431643182,16.037460327148438
41.481643183,16.037147521972656
41.531643183,16.027008056640625
41.581643184,16.015371322631836
41.631643185,15.998387336730957
41.681643186,15.973027229309082
41.731643186,15.937592506408691
41.781643187,15.889182090759277
41.831643188,15.830103874206543
41.881643189,15.757708549499512
41.931643189,15.664851188659668
41.98164319,15.550629615783691
42.031643191,15.409724235534668
42.081643192,15.24614143371582
42.131643192,15.06594467163086
42.181643193,14.871556282043457
42.231643194,14.639481544494629
42.281643195,14.376853942871094
42.331643195,14.095542907714844
42.381643196,13.807272911071777
42.431643197,13.490209579467773
42.481643198,13.169769287109375
42.531643198,12.867551803588867
42.581643199,12.714738845825195
42.6316432,12.632659912109375
42.681643201,12.344344139099121
42.731643201,11.787331581115723
42.781643202,11.272783279418945
42.831643203,10.78960132598877
42.881643204,10.339040756225586
42.931643204,9.938666343688965
42.981643205,9.576480865478516
43.031643206,9.247509956359863
43.081643206,8.964613914489746
43.131643207,8.732954025268555
43.181643208,8.53038501739502
43.231643209,8.362960815429688
43.281643209,8.190959930419922
43.33164321,8.106250762939453
43.381643211,7.991440773010254
43.431643212,7.972956657409668
43.481643212,7.9008917808532715
43.531643213,7.916868209838867
43.581643214,7.874971389770508
43.631643215,7.918552398681641
43.681643215,7.899621486663818
43.731643216,7.965024471282959
43.781643217,7.962604522705078
43.831643218,8.034713745117188
43.881643218,8.025345802307129
43.931643219,8.085101127624512
43.98164322,8.062790870666504
44.031643221,8.109609603881836
44.081643221,8.090751647949219
44.131643222,8.1436185836792
44.181643223,8.123031616210938
44.231643224,8.164910316467285
44.281643224,8.13869857788086
44.331643225,8.172189712524414
44.381643226,8.144375801086426
44.431643227,8.175171852111816
44.481643227,8.134326934814453
44.531643228,8.150578498840332
44.581643229,8.088171005249023
44.63164323,8.091120719909668
44.68164323,8.026446342468262
44.731643231,8.031198501586914
44.781643232,7.9756364822387695
44.831643233,7.991067886352539
44.881643233,7.9353346824646
44.931643234,7.936094284057617
44.981643235,7.867787837982178
45.031643236,7.870693683624268
45.081643236,7.817176818847656
45.131643237,7.846121311187744
45.181643238,7.811840057373047
45.231643239,7.863522529602051
45.281643239,7.849729061126709
45.33164324,7.926772117614746
45.381643241,7.938525199890137
45.431643242,8.026406288146973
45.481643242,8.043953895568848
45.531643243,8.12767219543457
45.581643244,8.14033317565918
45.631643244,8.216872215270996
45.681643245000004,8.225672721862793
45.731643246,8.293994903564453
45.781643247,8.297444343566895
45.831643247,8.36356258392334
45.881643248,8.365161895751953
45.931643249,8.430060386657715
45.98164325,8.429496765136719
46.03164325,8.485916137695312
46.081643251,8.475823402404785
46.131643252,8.513301849365234
46.181643253,8.482492446899414
46.231643253,8.496705055236816
46.281643254,8.457182884216309
46.331643255,8.474555015563965
46.381643256,8.448474884033203
46.431643256,8.485260963439941
46.481643257,8.478219985961914
46.531643258,8.5338134765625
46.581643259,8.544880867004395
46.631643259,8.608939170837402
46.68164326,8.623810768127441
46.731643261,8.686089515686035
46.781643262,8.689080238342285
46.831643262,8.739810943603516
46.881643263,8.73376178741455
46.931643264,8.774516105651855
46.981643265,8.764184951782227
47.031643265,8.798356056213379
47.081643266,8.781806945800781
47.131643267,8.803647994995117
47.181643268,8.777853012084961
47.231643268,8.780644416809082
47.281643269,8.734859466552734
47.33164327,8.72148323059082
47.381643271,8.662154197692871
47.431643271,8.645870208740234
47.481643272,8.595747947692871
47.531643273,8.600048065185547
47.581643274,8.57856273651123
47.631643274,8.635576248168945
47.681643275,8.688714981079102
47.731643276,8.847420692443848
47.781643277,8.98012638092041
47.831643277,9.171813011169434
47.881643278,9.33202075958252
47.931643279,9.535905838012695
47.98164328,9.71884536743164
48.03164328,9.927860260009766
48.081643281,10.125389099121094
48.131643282,10.337876319885254
48.181643282,10.470060348510742
48.231643283,10.483488082885742
48.281643284,10.461605072021484
48.331643285,10.88685417175293
48.381643285,11.25336742401123
48.431643286,11.575648307800293
48.481643287,11.865550994873047
48.531643288,12.129193305969238
48.581643288,12.369529724121094
48.631643289,12.590800285339355
48.68164329,12.794833183288574
48.731643291,12.984349250793457
48.781643291,13.16523551940918
48.831643292,13.336664199829102
48.881643293,13.498923301696777
48.931643294,13.654349327087402
48.981643294,13.802302360534668
49.031643295,13.944184303283691
49.081643296,14.08275032043457
49.131643297,14.221198081970215
49.181643297,14.361263275146484
49.231643298,14.506539344787598
49.281643299,14.654321670532227
49.3316433,14.806113243103027
49.3816433,14.961426734924316
49.431643301,15.118692398071289
49.481643302,15.276994705200195
49.531643303,15.437295913696289
49.581643303,15.598994255065918
49.631643304,15.762651443481445
49.681643305,15.928053855895996
49.731643306,16.01962661743164
49.781643306,16.00326919555664
49.831643307,16.049455642700195
49.881643308,16.331527709960938
49.931643309,16.578811645507812
49.981643309,16.799434661865234
50.03164331,17.000673294067383
50.081643311,17.18703269958496
50.131643312,17.361331939697266
50.181643312,17.526460647583008
50.231643313,17.684619903564453
50.281643314,17.836753845214844
50.331643315,17.984128952026367
50.381643315,18.12747573852539
50.431643316,18.2675724029541
50.481643317,18.40460205078125
50.531643318,18.539836883544922
50.581643318,18.674108505249023
50.631643319,18.8056697845459
50.68164332,18.934852600097656
50.73164332,19.062549591064453
50.781643321,19.190427780151367
50.831643322,19.31580352783203
50.881643323,19.44144630432129
50.931643323,19.565324783325195
50.981643324,19.687240600585938
51.031643325,19.80727195739746
51.081643326,19.925596237182617
51.131643326,20.04342269897461
51.181643327,20.16157341003418
51.231643328,20.277442932128906
51.281643329,20.39364242553711
51.331643329,20.50931739807129
51.38164333,20.62508201599121
51.431643331,20.739093780517578
51.481643332,20.85296058654785
51.531643332,20.96523094177246
51.581643333,21.077152252197266
51.631643334,21.187593460083008
51.681643335,21.29478645324707
51.731643335,21.39644432067871
51.781643336,21.491186141967773
51.831643337,21.578340530395508
51.881643338,21.65774917602539
51.931643338,21.729652404785156
51.981643339,21.795452117919922
52.03164334,21.85641098022461
52.081643341,21.913681030273438
52.131643341,21.969390869140625
52.181643342,22.02367401123047
52.231643343,22.078428268432617
52.281643344,22.13350486755371
52.331643344,22.187997817993164
52.381643345,22.2392520904541
52.431643346,22.288877487182617
52.481643347,22.33415412902832
52.531643347,22.373497009277344
52.581643348,22.405963897705078
52.631643349,22.431577682495117
52.68164335,22.45145606994629
52.73164335,22.466806411743164
52.781643351,22.47657585144043
52.831643352,22.48164176940918
52.881643353,22.484355926513672
52.931643353,22.48569107055664
52.981643354,22.486570358276367
53.031643355,22.486967086791992
53.081643356,22.48697853088379
53.131643356,22.487049102783203
53.181643357,22.487869262695312
53.231643358,22.489187240600586
53.281643358,22.491071701049805
53.331643359,22.49314308166504
53.38164336,22.4951171875
53.431643361,22.496681213378906
53.481643361,22.49785614013672
53.531643362,22.49843978881836
53.581643363,22.497282028198242
53.631643364,22.494626998901367
53.681643364,22.491971969604492
53.731643365,22.488679885864258
53.781643366,22.486265182495117
53.831643367,22.485233306884766
53.881643367,22.484281539916992
53.931643368,22.4833927154541
53.981643369,22.484037399291992
54.03164337,22.485097885131836
54.08164337,22.4862060546875
54.131643371,22.48784637451172
54.181643372,22.48990249633789
54.231643373,22.49205207824707
54.281643373,22.49333381652832
54.331643374,22.49351692199707
54.381643375,22.49439239501953
54.431643376,22.496191024780273
54.481643376,22.497970581054688
54.531643377,22.499177932739258
54.581643378,22.499807357788086
54.631643379,22.500566482543945
54.681643379,22.501842498779297
54.73164338,22.502077102661133
54.781643381,22.501304626464844
54.831643382,22.49982261657715
54.881643382,22.496980667114258
54.931643383,22.493864059448242
54.981643384,22.490320205688477
55.031643385,22.488203048706055
55.081643385,22.486764907836914
55.131643386,22.485092163085938
55.181643387,22.48464012145996
55.231643388,22.484432220458984
55.281643388,22.484437942504883
55.331643389,22.485055923461914
55.38164339,22.485366821289062
55.431643391,22.485645294189453
55.481643391,22.485837936401367
55.531643392,22.484952926635742
55.581643393,22.483074188232422
55.631643394,22.481470108032227
55.681643394,22.48080825805664
55.731643395,22.48146629333496
55.781643396,22.48306655883789
55.831643396,22.485130310058594
55.881643397,22.4876708984375
55.931643398,22.49063491821289
55.981643399,22.49355125427246
56.031643399,22.496292114257812
56.0816434,22.498262405395508
56.131643401,22.499099731445312
56.181643402,22.498607635498047
56.231643402,22.497093200683594
56.281643403,22.494312286376953
56.331643404,22.490337371826172
56.381643405,22.486156463623047
56.431643405,22.4810848236084
56.481643406,22.47608184814453
56.531643407,22.471853256225586
56.581643408,22.46878433227539
56.631643408,22.466873168945312
56.681643409,22.46630096435547
56.73164341,22.46648597717285
56.781643411,22.468229293823242
56.831643411,22.471038818359375
56.881643412,22.473926544189453
56.931643413,22.47718620300293
56.981643414,22.480422973632812
57.031643414,22.48386001586914
57.081643415,22.487268447875977
57.131643416,22.490346908569336
57.181643417,22.4926700592041
57.231643417,22.493392944335938
57.281643418,22.492691040039062
57.331643419,22.490800857543945
57.38164342,22.488502502441406
57.43164342,22.486143112182617
57.481643421,22.4830265045166
57.531643422,22.479162216186523
57.581643423,22.474876403808594
57.631643423,22.47052764892578
57.681643424,22.467121124267578
57.731643425,22.464641571044922
57.781643426,22.46440887451172
57.831643426,22.466432571411133
57.881643427,22.469709396362305
57.931643428,22.47410011291504
57.981643429,22.478540420532227
58.031643429,22.482648849487305
58.08164343,22.486846923828125
58.131643431,22.49117660522461
58.181643432,22.49512481689453
58.231643432,22.498001098632812
58.281643433,22.49968719482422
58.331643434,22.500404357910156
58.381643434,22.500404357910156
58.431643435,22.50026512145996
58.481643436,22.50054359436035
58.531643437,22.501657485961914
58.581643437,22.502670288085938
58.631643438,22.503292083740234
58.681643439,22.503591537475586
58.73164344,22.503530502319336
58.78164344,22.503597259521484
58.831643441,22.503450393676758
58.881643442,22.502927780151367
58.931643443,22.503122329711914
58.981643443,22.503231048583984
59.031643444,22.503252029418945
59.081643445,22.503149032592773
59.131643446,22.502553939819336
59.181643446,22.500547409057617
59.231643447,22.498571395874023
59.281643448,22.498409271240234
59.331643449,22.49941635131836
59.381643449,22.500682830810547
59.43164345,22.50184440612793
59.481643451,22.502946853637695
59.531643452,22.504350662231445
59.581643452,22.50718879699707
59.631643453,22.51067352294922
59.681643454,22.51409339904785
59.731643455,22.51683235168457
59.781643455,22.51871681213379
59.831643456,22.51957130432129
59.881643457,22.51945686340332
59.931643458,22.519515991210938
59.981643458,22.520183563232422
60.031643459,22.520851135253906
60.08164346,22.52039337158203
60.131643461,22.518577575683594
60.181643461,22.515846252441406
60.231643462,22.51109504699707
60.281643463,22.505037307739258
60.331643464,22.498458862304688
60.381643464,22.490694046020508
60.431643465,22.472412109375
60.481643466,22.431983947753906
60.531643467,22.333730697631836
60.581643467,22.143991470336914
60.631643468,21.90056037902832
60.681643469,21.627836227416992
60.73164347,21.333309173583984
60.78164347,21.023225784301758
60.831643471,20.706689834594727
60.881643472,20.389440536499023
60.931643472,20.069841384887695
60.981643473,19.753435134887695
61.031643474,19.431493759155273
61.081643475,19.102985382080078
61.131643475,18.77606773376465
61.181643476,18.452999114990234
61.231643477,18.135744094848633
61.281643478,17.82911491394043
61.331643478,17.529756546020508
61.381643479,17.232751846313477
61.43164348,17.081926345825195
61.481643481,16.950773239135742
61.531643481,16.596792221069336
61.581643482,16.121065139770508
61.631643483,15.685111999511719
61.681643484,15.3006591796875
61.731643484,14.928963661193848
61.781643485000004,14.590469360351562
61.831643486,14.289350509643555
61.881643487,14.02365493774414
61.931643487,13.786396026611328
61.981643488,13.575753211975098
62.031643489,13.399704933166504
62.08164349,13.268234252929688
62.13164349,13.1851806640625
62.181643491,13.138620376586914
62.231643492,13.10547924041748
62.281643493,13.061737060546875
62.331643493,13.009684562683105
62.381643494,12.954999923706055
62.431643495,12.888276100158691
62.481643496,12.75741195678711
62.531643496,12.549656867980957
62.581643497,12.311982154846191
62.631643498,12.089822769165039
62.681643499,12.010303497314453
62.731643499,11.93809700012207
62.7816435,11.538585662841797
62.831643501,10.951454162597656
62.881643502,10.394400596618652
62.931643502,9.872533798217773
62.981643503,9.382469177246094
63.031643504,8.927539825439453
63.081643505,8.521879196166992
63.131643505,8.173930168151855
63.181643506,7.883984565734863
63.231643507,7.6276631355285645
63.281643508,7.334714889526367
63.331643508,7.135043144226074
63.381643509,6.873108386993408
63.43164351,6.735162734985352
63.48164351,6.5111236572265625
63.531643511,6.571007251739502
63.581643512,6.509339809417725
63.631643513,6.107325553894043
63.681643513,5.5356645584106445
63.731643514,5.163751125335693
63.781643515,4.810736656188965
63.831643516,4.543288707733154
63.881643516,4.344878196716309
63.931643517,4.202658653259277
63.981643518,4.108278751373291
64.031643519,4.054058074951172
64.081643519,4.032387733459473
64.13164352,4.033694267272949
64.181643521,4.044885158538818
64.231643522,4.058041572570801
64.281643522,4.064910411834717
64.331643523,4.065425395965576
64.381643524,4.064869403839111
64.431643525,4.066461563110352
64.481643525,4.063379287719727
64.531643526,4.048799991607666
64.581643527,4.0264787673950195
64.631643528,4.004254341125488
64.681643528,3.9932472705841064
64.731643529,4.004582405090332
64.78164353,4.0471272468566895
64.831643531,4.124963760375977
64.881643531,4.228466033935547
64.931643532,4.345271587371826
64.981643533,4.466790676116943
65.031643534,4.5806708335876465
65.081643534,4.674382209777832
65.131643535,4.744739532470703
65.181643536,4.789685249328613
65.231643537,4.813203811645508
65.281643537,4.814445972442627
65.331643538,4.789404392242432
65.381643539,4.7396769523620605
65.43164354,4.669027328491211
65.48164354,4.588075637817383
65.531643541,4.502305030822754
65.581643542,4.41672420501709
65.631643543,4.341062068939209
65.681643543,4.28364372253418
65.731643544,4.23886775970459
65.781643545,4.192248344421387
65.831643546,4.142836093902588
65.881643546,4.09782075881958
65.931643547,4.066131591796875
65.981643548,4.045430660247803
66.031643548,4.023815155029297
66.081643549,4.005264759063721
66.13164355,3.9979801177978516
66.181643551,4.006134986877441
66.231643551,4.024084091186523
66.281643552,4.0381903648376465
66.331643553,4.047637939453125
66.381643554,4.061250686645508
66.431643554,4.081349849700928
66.481643555,4.099637031555176
66.531643556,4.108327388763428
66.581643557,4.104034900665283
66.631643557,4.091392517089844
66.681643558,4.0687103271484375
66.731643559,4.031342029571533
66.78164356,3.98966908454895
66.83164356,3.958298921585083
66.881643561,3.942718744277954
66.931643562,3.9357683658599854
66.981643563,3.920792818069458
67.031643563,3.892098903656006
67.081643564,3.8676438331604004
67.131643565,3.871694803237915
67.181643566,3.902588129043579
67.231643566,3.944121837615967
67.281643567,3.9751663208007812
67.331643568,3.99627947807312
67.381643569,4.018312454223633
67.431643569,4.042705059051514
67.48164357,4.059793949127197
67.531643571,4.0605878829956055
67.581643572,4.057109832763672
67.631643572,4.064095497131348
67.681643573,4.080910682678223
67.731643574,4.096982955932617
67.781643575,4.101344108581543
67.831643575,4.095943450927734
67.881643576,4.094496726989746
67.931643577,4.107163906097412
67.981643578,4.120349884033203
68.031643578,4.1198248863220215
68.081643579,4.10842752456665
68.13164358,4.096625804901123
68.181643581,4.093794822692871
68.231643581,4.101171493530273
68.281643582,4.124267578125
68.331643583,4.165875434875488
68.381643583,4.2134623527526855
68.431643584,4.257227897644043
68.481643585,4.288472652435303
68.531643586,4.310576438903809
68.581643586,4.323495864868164
68.631643587,4.320489406585693
68.681643588,4.300329208374023
68.731643589,4.271879196166992
68.781643589,4.251250267028809
68.83164359,4.246866226196289
68.881643591,4.250526428222656
68.931643592,4.24790096282959
68.981643592,4.235377788543701
69.031643593,4.219658374786377
69.081643594,4.209576606750488
69.131643595,4.211845874786377
69.181643595,4.220569133758545
69.231643596,4.234397888183594
69.281643597,4.251875400543213
69.331643598,4.261392593383789
69.381643598,4.252559661865234
69.431643599,4.228062629699707
69.4816436,4.206646919250488
69.531643601,4.208841800689697
69.581643601,4.232918739318848
69.631643602,4.261171817779541
69.681643603,4.280017375946045
69.731643604,4.293921947479248
69.781643604,4.3050007820129395
69.831643605,4.310893535614014
69.881643606,4.3050336837768555
69.931643607,4.290760517120361
69.981643607,4.28292989730835
70.031643608,4.284943103790283
70.081643609,4.288135528564453
70.13164361,4.283755302429199
70.18164361,4.279562950134277
70.231643611,4.293610572814941
70.281643612,4.324165344238281
70.331643613,4.3534932136535645
70.381643613,4.37961483001709
70.431643614,4.40675163269043
70.481643615,4.4303483963012695
70.531643616,4.445159435272217
70.581643616,4.444525718688965
70.631643617,4.436518669128418
70.681643618,4.437576770782471
70.731643619,4.445770740509033
70.781643619,4.452123165130615
70.83164362,4.461353778839111
70.881643621,4.486172676086426
70.931643621,4.521869659423828
70.981643622,4.555459499359131
71.031643623,4.581762790679932
71.081643624,4.609804153442383
71.131643624,4.645757675170898
71.181643625,4.681437969207764
71.231643626,4.721673965454102
71.281643627,4.786974906921387
71.331643627,4.859007835388184
71.381643628,4.924595355987549
71.431643629,4.984046459197998
71.48164363,5.029810905456543
71.53164363,5.070324420928955
71.581643631,5.017454624176025
71.631643632,5.047205924987793
71.681643633,5.060647487640381
71.731643633,5.145462989807129
71.781643634,5.039644241333008
71.831643635,5.118670463562012
71.881643636,5.072384834289551
71.931643636,5.167654991149902
71.981643637,5.088445663452148
72.031643638,5.157229423522949
72.081643639,5.332332134246826
72.131643639,5.8465046882629395
72.18164364,6.131809711456299
72.231643641,6.510649681091309
72.281643642,6.724782943725586
72.331643642,7.020146369934082
72.381643643,7.190776348114014
72.431643644,7.434908866882324
72.481643645,7.532485485076904
72.531643645,7.765232086181641
72.581643646,7.906155109405518
72.631643647,8.13111686706543
72.681643648,8.248783111572266
72.731643648,8.450448989868164
72.781643649,8.526769638061523
72.83164365,8.692639350891113
72.881643651,8.777948379516602
72.931643651,8.926000595092773
72.981643652,8.982376098632812
73.031643653,9.093423843383789
73.081643654,9.148752212524414
73.131643654,9.243425369262695
73.181643655,9.28435230255127
73.231643656,9.398516654968262
73.281643657,9.53603458404541
73.331643657,9.705662727355957
73.381643658,9.893719673156738
73.431643659,10.075628280639648
73.481643659,10.27139663696289
73.53164366,10.265037536621094
73.581643661,10.227535247802734
73.631643662,10.466991424560547
73.681643662,10.835272789001465
73.731643663,11.136137962341309
73.781643664,11.377134323120117
73.831643665,11.56989574432373
73.881643665,11.736126899719238
73.931643666,11.89560317993164
73.981643667,12.063546180725098
74.031643668,12.239203453063965
74.081643668,12.418304443359375
74.131643669,12.599360466003418
74.18164367,12.77927303314209
74.231643671,12.96225357055664
74.281643671,13.144254684448242
74.331643672,13.328554153442383
74.381643673,13.513415336608887
74.431643674,13.702166557312012
74.481643674,13.891066551208496
74.531643675,14.08182144165039
74.581643676,14.271552085876465
74.631643677,14.461503982543945
74.681643677,14.65034008026123
74.731643678,14.838508605957031
74.781643679,15.025107383728027
74.83164368,15.210240364074707
74.88164368,15.393868446350098
74.931643681,15.5763521194458
74.981643682,15.75747013092041
75.031643683,15.819754600524902
75.081643683,15.807327270507812
75.131643684,15.92284107208252
75.181643685,16.20833396911621
75.231643686,16.459182739257812
75.281643686,16.684255599975586
75.331643687,16.889198303222656
75.381643688,17.07886505126953
75.431643689,17.256654739379883
75.481643689,17.426279067993164
75.53164369,17.58867835998535
75.581643691,17.74523162841797
75.631643692,17.896366119384766
75.681643692,18.042213439941406
75.731643693,18.183147430419922
75.781643694,18.31886100769043
75.831643695,18.439722061157227
75.881643695,18.5158634185791
75.931643696,18.503740310668945
75.981643697,18.41032600402832
76.031643697,18.26655387878418
76.081643698,18.100366592407227
76.131643699,17.92970085144043
76.1816437,17.757722854614258
76.2316437,17.572406768798828
76.281643701,17.384876251220703
76.331643702,17.18067741394043
76.381643703,16.991207122802734
76.431643703,16.813968658447266
76.481643704,16.660646438598633
76.531643705,16.542194366455078
76.581643706,16.459014892578125
76.631643706,16.40806007385254
76.681643707,16.37871742248535
76.73164370800001,16.364856719970703
76.781643709,16.36414909362793
76.831643709,16.37381362915039
76.88164371,16.394699096679688
76.931643711,16.429750442504883
76.981643712,16.473556518554688
77.031643712,16.519107818603516
77.081643713,16.557735443115234
77.131643714,16.588525772094727
77.181643715,16.61087989807129
77.231643715,16.62877082824707
77.281643716,16.64578628540039
77.331643717,16.65877914428711
77.381643718,16.66663360595703
77.431643718,16.665876388549805
77.481643719,16.640769958496094
77.53164372,16.543685913085938
77.581643721,16.367406845092773
77.631643721,16.137475967407227
77.681643722,15.917887687683105
77.731643723,15.786273002624512
77.781643724,15.645980834960938
77.831643724,15.182415962219238
77.881643725,14.76130199432373
77.931643726,14.371438026428223
77.981643727,14.013936996459961
78.031643727,13.686430931091309
78.081643728,13.392131805419922
78.131643729,13.116172790527344
78.18164373,12.864855766296387
78.23164373,12.630990982055664
78.281643731,12.412914276123047
78.331643732,12.218302726745605
78.381643733,12.056110382080078
78.431643733,11.92975902557373
78.481643734,11.844794273376465
78.531643735,11.798327445983887
78.581643735,11.780966758728027
78.631643736,11.784916877746582
78.681643737,11.803953170776367
78.731643738,11.832876205444336
78.781643738,11.869476318359375
78.831643739,11.911956787109375
78.88164374,11.958821296691895
78.931643741,12.006333351135254
78.981643741,12.05509090423584
79.031643742,12.103240013122559
79.081643743,12.150032997131348
79.131643744,12.192652702331543
79.181643744,12.232550621032715
79.231643745,12.27236270904541
79.281643746,12.312043190002441
79.331643747,12.351739883422852
79.381643747,12.38979721069336
79.431643748,12.426345825195312
79.481643749,12.46388053894043
79.53164375,12.5020112991333
79.58164375,12.542322158813477
79.631643751,12.587589263916016
79.681643752,12.635881423950195
79.731643753,12.688607215881348
79.781643753,12.747455596923828
79.831643754,12.811614036560059
79.881643755,12.882549285888672
79.931643756,12.960887908935547
79.981643756,13.047402381896973
80.031643757,13.142287254333496
80.081643758,13.243314743041992
80.131643759,13.348579406738281
80.181643759,13.454728126525879
80.23164376,13.56612777709961
80.281643761,13.680495262145996
80.331643762,13.789057731628418
80.381643762,13.890320777893066
80.431643763,13.981884956359863
80.481643764,14.05419635772705
80.531643765,14.103757858276367
80.581643765,14.12027359008789
80.631643766,14.079079627990723
80.681643767,13.995948791503906
80.731643768,13.856550216674805
80.781643768,13.677153587341309
80.831643769,13.486733436584473
80.88164377,13.283442497253418
80.931643771,13.06348705291748
80.981643771,12.8296537399292
81.031643772,12.597085952758789
81.081643773,12.47973918914795
81.131643773,12.417940139770508
81.181643774,12.123834609985352
81.231643775,11.551186561584473
81.281643776,11.019872665405273
81.331643776,10.535865783691406
81.381643777,10.0906343460083
81.431643778,9.672224044799805
81.481643779,9.297712326049805
81.531643779,8.946915626525879
81.58164378,8.630216598510742
81.631643781,8.321091651916504
81.681643782,8.056615829467773
81.731643782,7.763825416564941
81.781643783,7.560750484466553
81.831643784,7.301917552947998
81.881643785,7.148319244384766
81.931643785,6.928189754486084
81.981643786,6.819842338562012
82.031643787,6.621601581573486
82.081643788,6.5348100662231445
82.131643788,6.340756416320801
82.181643789,6.263613224029541
82.23164379,6.077598571777344
82.281643791,6.0929460525512695
82.331643791,6.024336814880371
82.381643792,5.872914791107178
82.431643793,5.321338176727295
82.48164379400001,4.958276271820068
82.531643794,4.629917621612549
82.581643795,4.3794145584106445
82.631643796,4.198101043701172
82.681643797,4.070733547210693
82.731643797,3.990492820739746
82.781643798,3.946974992752075
82.831643799,3.92879056930542
82.8816438,3.926752805709839
82.9316438,3.9349939823150635
82.981643801,3.948740243911743
83.031643802,3.9651079177856445
83.081643803,3.9858040809631348
83.131643803,4.007532596588135
83.181643804,4.026290416717529
83.231643805,4.042186260223389
83.281643806,4.059806823730469
83.331643806,4.078538417816162
83.381643807,4.096079349517822
83.431643808,4.109390735626221
83.481643809,4.124373435974121
83.531643809,4.142435073852539
83.58164381,4.161885738372803
83.631643811,4.1793904304504395
83.681643811,4.190112113952637
83.731643812,4.197394371032715
83.781643813,4.205197334289551
83.831643814,4.216419219970703
83.881643814,4.2308878898620605
83.931643815,4.2407307624816895
83.981643816,4.247623920440674
84.031643817,4.2524542808532715
84.081643817,4.2579803466796875
84.131643818,4.260300159454346
84.181643819,4.260207176208496
84.23164382,4.260980129241943
84.28164382,4.261101245880127
84.331643821,4.262074947357178
84.381643822,4.262584209442139
84.431643823,4.2595367431640625
84.481643823,4.255005359649658
84.531643824,4.249739170074463
84.581643825,4.243499279022217
84.631643826,4.234864234924316
84.681643826,4.228558540344238
84.731643827,4.22479248046875
84.781643828,4.225468158721924
84.831643829,4.229145526885986
84.881643829,4.237151145935059
84.93164383,4.2473978996276855
84.981643831,4.26030969619751
85.031643832,4.275071620941162
85.081643832,4.293010711669922
85.131643833,4.314924240112305
85.181643834,4.342404842376709
85.231643835,4.376850605010986
85.281643835,4.421583652496338
85.331643836,4.483307361602783
85.381643837,4.5807037353515625
85.431643838,4.704556465148926
85.481643838,4.850039482116699
85.531643839,5.01003360748291
85.58164384,5.1774983406066895
85.631643841,5.3397626876831055
85.681643841,5.411768436431885
85.731643842,5.420652866363525
85.781643843,5.412778377532959
85.831643844,5.564436912536621
85.881643844,6.030672073364258
85.931643845,6.422323703765869
85.981643846,6.734953880310059
86.031643847,6.973533630371094
86.081643847,7.132455348968506
86.131643848,7.237912654876709
86.181643849,7.317574501037598
86.231643849,7.343770503997803
86.28164385,7.365917682647705
86.331643851,7.339920520782471
86.381643852,7.316014766693115
86.431643852,7.289376735687256
86.481643853,7.27488374710083
86.531643854,7.241466522216797
86.581643855,7.220257759094238
86.631643855,7.193966388702393
86.681643856,7.180659770965576
86.731643857,7.146533966064453
86.781643858,7.148364543914795
86.831643858,7.1108598709106445
86.881643859,7.129297733306885
86.93164386,7.098845958709717
86.981643861,7.107672214508057
87.031643861,7.100749969482422
87.081643862,7.103917121887207
87.131643863,7.10288143157959
87.181643864,7.110980987548828
87.231643864,7.11515474319458
87.281643865,7.144110679626465
87.331643866,7.133188247680664
87.381643867,7.1401238441467285
87.431643867,7.163095951080322
87.481643868,7.1599016189575195
87.531643869,7.168317794799805
87.58164387,7.164706707000732
87.63164387,7.167959213256836
87.681643871,7.178449630737305
87.731643872,7.183330535888672
87.781643873,7.208920001983643
87.831643873,7.205232620239258
87.881643874,7.210912704467773
87.931643875,7.22327995300293
87.981643876,7.221409797668457
88.031643876,7.230503559112549
88.081643877,7.238690376281738
88.131643878,7.237466335296631
88.181643879,7.267685413360596
88.231643879,7.276586532592773
88.28164388,7.288447856903076
88.331643881,7.285102367401123
88.381643882,7.278123378753662
88.431643882,7.284455299377441
88.481643883,7.285882472991943
88.531643884,7.2976155281066895
88.581643885,7.309870719909668
88.631643885,7.300817966461182
88.681643886,7.320296764373779
88.731643887,7.312158584594727
88.781643887,7.313969135284424
88.831643888,7.297020435333252
88.881643889,7.28721284866333
88.93164389,7.279179096221924
88.98164389,7.255819320678711
89.031643891,7.248419761657715
89.081643892,7.246260643005371
89.131643893,7.246053695678711
89.181643893,7.250113487243652
89.231643894,7.2436676025390625
89.281643895,7.252330303192139
89.331643896,7.2341628074646
89.381643896,7.227216720581055
89.431643897,7.207218647003174
89.481643898,7.17471170425415
89.531643899,7.129065990447998
89.581643899,7.085177421569824
89.6316439,7.031252384185791
89.681643901,6.976263046264648
89.731643902,6.910831928253174
89.781643902,6.860192775726318
89.831643903,6.818049907684326
89.881643904,6.790815830230713
89.931643905,6.760156154632568
89.981643905,6.742569923400879
90.031643906,6.733080863952637
90.081643907,6.736292839050293
90.131643908,6.707708835601807
90.181643908,6.728177070617676
90.231643909,6.713193893432617
90.28164391,6.695321083068848
90.331643911,6.680553913116455
90.381643911,6.657081604003906
90.431643912,6.635051250457764
90.481643913,6.610848426818848
90.531643914,6.609251499176025
90.581643914,6.617486953735352
90.631643915,6.60904598236084
90.681643916,6.623100280761719
90.731643917,6.6350507736206055
90.781643917,6.6406474113464355
90.831643918,6.64326810836792
90.881643919,6.65465784072876
90.93164392,6.630481243133545
90.98164392,6.646265506744385
91.031643921,6.624331951141357
91.081643922,6.636744976043701
91.131643922,6.627933025360107
91.181643923,6.606434345245361
91.231643924,6.631839275360107
91.281643925,6.642070293426514
91.331643925,6.636459827423096
91.381643926,6.650110721588135
91.431643927,6.660656929016113
91.481643928,6.682863235473633
91.531643928,6.693413734436035
91.581643929,6.729652404785156
91.63164393,6.7808990478515625
91.681643931,6.844671249389648
91.731643931,6.895695686340332
91.781643932,6.957229137420654
91.831643933,6.99701452255249
91.881643934,7.0510125160217285
91.931643934,7.097825527191162
91.981643935,7.122101306915283
92.031643936,7.1226348876953125
92.081643937,7.106478691101074
92.131643937,7.075411319732666
92.181643938,7.049480438232422
92.231643939,6.997973918914795
92.28164394,6.963068962097168
92.33164394,6.911581516265869
92.381643941,6.8604416847229
92.431643942,6.820176601409912
92.481643943,6.7845377922058105
92.531643943,6.75002908706665
92.581643944,6.7153000831604
92.631643945,6.667067050933838
92.681643946,6.644096374511719
92.731643946,6.6186065673828125
92.781643947,6.585580825805664
92.831643948,6.555258750915527
92.881643949,6.526281356811523
92.931643949,6.483314514160156
92.98164395,6.473225116729736
93.031643951,6.451468467712402
93.081643952,6.4591383934021
93.131643952,6.443498611450195
93.181643953,6.460512161254883
93.231643954,6.535165786743164
93.281643955,6.623776435852051
93.331643955,6.737905502319336
93.381643956,6.88287878036499
93.431643957,7.056433200836182
93.481643958,7.2469658851623535
93.531643958,7.441464900970459
93.581643959,7.650274753570557
93.63164396,7.850674152374268
93.68164396,8.03337287902832
93.731643961,8.238027572631836
93.781643962,8.439123153686523
93.831643963,8.633110046386719
93.881643963,8.84982681274414
93.931643964,9.030643463134766
93.981643965,9.242441177368164
94.031643966,9.456985473632812
94.081643966,9.69329833984375
94.131643967,9.907441139221191
94.181643968,10.151285171508789
94.231643969,10.303211212158203
94.281643969,10.323034286499023
94.33164397,10.303857803344727
94.381643971,10.742121696472168
94.431643972,11.115026473999023
94.481643972,11.442581176757812
94.531643973,11.729427337646484
94.581643974,11.981571197509766
94.631643975,12.200072288513184
94.681643975,12.38941478729248
94.731643976,12.560510635375977
94.781643977,12.71560001373291
94.831643978,12.860501289367676
94.881643978,13.002771377563477
94.931643979,13.146273612976074
94.98164398,13.293440818786621
95.031643981,13.444035530090332
95.081643981,13.597718238830566
95.131643982,13.753296852111816
95.181643983,13.909106254577637
95.231643984,14.066015243530273
95.281643984,14.224015235900879
95.331643985,14.383358001708984
95.381643986,14.54489803314209
95.431643987,14.709162712097168
95.481643987,14.87484073638916
95.531643988,15.04016399383545
95.581643989,15.203911781311035
95.63164399,15.366289138793945
95.68164399,15.52923583984375
95.731643991,15.695517539978027
95.781643992,15.862959861755371
95.831643993,15.990842819213867
95.881643993,15.97584342956543
95.931643994,15.960779190063477
95.981643995,16.252660751342773
96.031643996,16.512313842773438
96.081643996,16.743785858154297
96.131643997,16.953201293945312
96.181643998,17.146024703979492
96.231643998,17.325895309448242
96.281643999,17.49626350402832
96.331644,17.659555435180664
96.381644001,17.816133499145508
96.431644001,17.96660614013672
96.481644002,18.11212730407715
96.531644003,18.251386642456055
96.581644004,18.387495040893555
96.631644004,18.51703643798828
96.681644005,18.642356872558594
96.731644006,18.76239013671875
96.781644007,18.87612533569336
96.831644007,18.987300872802734
96.881644008,19.09495735168457
96.931644009,19.20225715637207
96.98164401,19.31128692626953
97.03164401,19.42648696899414
97.081644011,19.547657012939453
97.131644012,19.673648834228516
97.181644013,19.80066680908203
97.231644013,19.92546844482422
97.281644014,20.046667098999023
97.331644015,20.165224075317383
97.381644016,20.280733108520508
97.431644016,20.394176483154297
97.481644017,20.506620407104492
97.531644018,20.618322372436523
97.581644019,20.72833824157715
97.631644019,20.83807945251465
97.68164402,20.947065353393555
97.731644021,21.055179595947266
97.781644022,21.16183853149414
97.831644022,21.26675033569336
97.881644023,21.36870002746582
97.931644024,21.46795654296875
97.981644025,21.56436538696289
98.031644025,21.65506362915039
98.081644026,21.738384246826172
98.131644027,21.812973022460938
98.181644028,21.877641677856445
98.231644028,21.933828353881836
98.281644029,21.982568740844727
98.33164403,22.02486801147461
98.381644031,22.061426162719727
98.431644031,22.093660354614258
98.481644032,22.123367309570312
98.531644033,22.151838302612305
98.581644034,22.17951774597168
98.631644034,22.206462860107422
98.681644035,22.2332763671875
98.731644036,22.260461807250977
98.781644036,22.28668212890625
98.831644037,22.31137466430664
98.881644038,22.334993362426758
98.931644039,22.356651306152344
98.981644039,22.375232696533203
99.03164404,22.392292022705078
99.081644041,22.406190872192383
99.131644042,22.416263580322266
99.181644042,22.423925399780273
99.231644043,22.429967880249023
99.281644044,22.43506622314453
99.331644045,22.44007110595703
99.381644045,22.445585250854492
99.431644046,22.451820373535156
99.481644047,22.459999084472656
99.531644048,22.471546173095703
99.581644048,22.486068725585938
99.631644049,22.501502990722656
99.68164405,22.516969680786133
99.731644051,22.532623291015625
99.781644051,22.54753303527832
99.831644052,22.560773849487305
99.881644053,22.57210350036621
99.931644054,22.58102798461914
99.981644054,22.585840225219727
100.031644055,22.584821701049805
100.081644056,22.57833480834961
100.131644057,22.568655014038086
100.181644057,22.556711196899414
100.231644058,22.54291343688965
100.281644059,22.529714584350586
100.33164406,22.519634246826172
100.38164406,22.510971069335938
100.431644061,22.504058837890625
100.481644062,22.498849868774414
100.531644063,22.495922088623047
100.581644063,22.495494842529297
100.631644064,22.497133255004883
100.681644065,22.499454498291016
100.731644066,22.50185775756836
100.781644066,22.503995895385742
100.831644067,22.506044387817383
100.881644068,22.507394790649414
100.931644069,22.507436752319336
100.981644069,22.50530242919922
101.03164407,22.50125503540039
101.081644071,22.49810218811035
101.131644072,22.495445251464844
101.181644072,22.49275779724121
101.231644073,22.491138458251953
101.281644074,22.489425659179688
101.331644074,22.486679077148438
101.381644075,22.484477996826172
101.431644076,22.48321533203125
101.481644077,22.482315063476562
101.531644077,22.481218338012695
101.581644078,22.47950553894043
101.631644079,22.47812843322754
101.68164408,22.47702407836914
101.73164408,22.475492477416992
101.781644081,22.4744930267334
101.831644082,22.474271774291992
101.881644083,22.475515365600586
101.931644083,22.477201461791992
101.981644084,22.478307723999023
102.031644085,22.47922134399414
102.081644086,22.480649948120117
102.131644086,22.48268699645996
102.181644087,22.484161376953125
102.231644088,22.484588623046875
102.281644089,22.482982635498047
102.331644089,22.47878646850586
102.38164409,22.473262786865234
102.431644091,22.46749496459961
102.481644092,22.4623966217041
102.531644092,22.457300186157227
102.581644093,22.453847885131836
102.631644094,22.45065689086914
102.681644095,22.44775390625
102.73164409500001,22.445959091186523
102.781644096,22.445419311523438
102.831644097,22.445354461669922
102.881644098,22.446353912353516
102.931644098,22.448062896728516
102.981644099,22.449724197387695
103.0316441,22.450220108032227
103.081644101,22.449363708496094
103.131644101,22.44656753540039
103.181644102,22.4420108795166
103.231644103,22.43773651123047
103.281644104,22.433794021606445
103.331644104,22.42975616455078
103.381644105,22.426973342895508
103.431644106,22.424381256103516
103.481644107,22.422306060791016
103.531644107,22.421186447143555
103.581644108,22.42131805419922
103.631644109,22.423351287841797
103.68164411,22.4257755279541
103.73164411,22.4271240234375
103.781644111,22.427597045898438
103.831644112,22.427043914794922
103.881644112,22.42430877685547
103.931644113,22.42060661315918
103.981644114,22.41408920288086
104.031644115,22.40630531311035
104.081644115,22.398893356323242
104.131644116,22.391321182250977
104.181644117,22.385330200195312
104.231644118,22.381183624267578
104.281644118,22.378808975219727
104.331644119,22.378929138183594
104.38164412,22.37980079650879
104.431644121,22.38184928894043
104.481644121,22.384965896606445
104.531644122,22.387828826904297
104.581644123,22.390506744384766
104.631644124,22.392457962036133
104.681644124,22.3930721282959
104.731644125,22.392362594604492
104.781644126,22.39069938659668
104.831644127,22.388668060302734
104.881644127,22.386083602905273
104.931644128,22.383834838867188
104.981644129,22.38218116760254
105.03164413,22.38096046447754
105.08164413,22.379369735717773
105.131644131,22.37525177001953
105.181644132,22.367280960083008
105.231644133,22.3549861907959
105.281644133,22.339826583862305
105.331644134,22.32489013671875
105.381644135,22.309711456298828
105.431644136,22.295326232910156
105.481644136,22.2822265625
105.531644137,22.270339965820312
105.581644138,22.25719451904297
105.631644139,22.239240646362305
105.681644139,22.21711540222168
105.73164414,22.19168472290039
105.781644141,22.16535186767578
105.831644142,22.145305633544922
105.881644142,22.134708404541016
105.931644143,22.13288116455078
105.981644144,22.138141632080078
106.031644145,22.14811897277832
106.081644145,22.16380500793457
106.131644146,22.182044982910156
106.181644147,22.202192306518555
106.231644148,22.223588943481445
106.281644148,22.24448013305664
106.331644149,22.263057708740234
106.38164415,22.281038284301758
106.43164415,22.297344207763672
106.481644151,22.310163497924805
106.531644152,22.320253372192383
106.581644153,22.32952880859375
106.631644153,22.338897705078125
106.681644154,22.348407745361328
106.731644155,22.35848045349121
106.781644156,22.370025634765625
106.831644156,22.381961822509766
106.881644157,22.393980026245117
106.931644158,22.406648635864258
106.981644159,22.418611526489258
107.031644159,22.429115295410156
107.08164416,22.436534881591797
107.131644161,22.440309524536133
107.181644162,22.441648483276367
107.231644162,22.44097900390625
107.281644163,22.43705177307129
107.331644164,22.430572509765625
107.381644165,22.422500610351562
107.431644165,22.41423797607422
107.481644166,22.407094955444336
107.531644167,22.400516510009766
107.581644168,22.39423370361328
107.631644168,22.388975143432617
107.681644169,22.385234832763672
107.73164417,22.38275718688965
107.781644171,22.38176727294922
107.831644171,22.38083839416504
107.881644172,22.378549575805664
107.931644173,22.377559661865234
107.981644174,22.376846313476562
108.031644174,22.375932693481445
108.081644175,22.37626075744629
108.131644176,22.378353118896484
108.181644177,22.383031845092773
108.231644177,22.38943862915039
108.281644178,22.39739227294922
108.331644179,22.405319213867188
108.38164418,22.413204193115234
108.43164418,22.422300338745117
108.481644181,22.431629180908203
108.531644182,22.438953399658203
108.581644183,22.44515609741211
108.631644183,22.451614379882812
108.681644184,22.456295013427734
108.731644185,22.459383010864258
108.781644186,22.461091995239258
108.831644186,22.46140480041504
108.881644187,22.46091079711914
108.931644188,22.460519790649414
108.981644188,22.460847854614258
109.031644189,22.460384368896484
109.08164419,22.45925521850586
109.131644191,22.459150314331055
109.181644191,22.459842681884766
109.231644192,22.461002349853516
109.281644193,22.463096618652344
109.331644194,22.46558380126953
109.381644194,22.468307495117188
109.431644195,22.47065544128418
109.481644196,22.47231674194336
109.531644197,22.473722457885742
109.581644197,22.475053787231445
109.631644198,22.4764461517334
109.681644199,22.478618621826172
109.7316442,22.480947494506836
109.7816442,22.48359489440918
109.831644201,22.486581802368164
109.881644202,22.489850997924805
109.931644203,22.493152618408203
109.981644203,22.496761322021484
110.031644204,22.49955177307129
110.081644205,22.501461029052734
110.131644206,22.50231170654297
110.181644206,22.501047134399414
110.231644207,22.49776840209961
110.281644208,22.493566513061523
110.331644209,22.489139556884766
110.381644209,22.484210968017578
110.43164421,22.478601455688477
110.481644211,22.472145080566406
110.531644212,22.465415954589844
110.581644212,22.460416793823242
110.631644213,22.457504272460938
110.681644214,22.458288192749023
110.731644215,22.462543487548828
110.781644215,22.46999740600586
110.831644216,22.478675842285156
110.881644217,22.487539291381836
110.931644218,22.495756149291992
110.981644218,22.50286293029785
111.031644219,22.5087947845459
111.08164422,22.51353645324707
111.131644221,22.51712417602539
111.181644221,22.519794464111328
111.231644222,22.52162742614746
111.281644223,22.521591186523438
111.331644224,22.518962860107422
111.381644224,22.51671600341797
111.431644225,22.514333724975586
111.481644226,22.511198043823242
111.531644226,22.50754737854004
111.581644227,22.503461837768555
111.631644228,22.49904441833496
111.681644229,22.494205474853516
111.731644229,22.490097045898438
111.78164423,22.48813819885254
111.831644231,22.488277435302734
111.881644232,22.49020004272461
111.931644232,22.4931640625
111.981644233,22.496110916137695
112.031644234,22.499418258666992
112.081644235,22.502159118652344
112.131644235,22.504554748535156
112.181644236,22.50756072998047
112.231644237,22.510055541992188
112.281644238,22.510417938232422
112.331644238,22.509235382080078
112.381644239,22.5075626373291
112.43164424,22.505260467529297
112.481644241,22.501779556274414
112.531644241,22.495824813842773
112.581644242,22.489675521850586
112.631644243,22.484886169433594
112.681644244,22.481098175048828
112.731644244,22.476911544799805
112.781644245,22.47331428527832
112.831644246,22.47134780883789
112.881644247,22.470792770385742
112.931644247,22.4709415435791
112.981644248,22.470796585083008
113.031644249,22.471834182739258
113.08164425,22.474035263061523
113.13164425,22.476648330688477
113.181644251,22.479412078857422
113.231644252,22.48224639892578
113.281644253,22.485883712768555
113.331644253,22.490690231323242
113.381644254,22.495792388916016
113.431644255,22.50067138671875
113.481644256,22.50322151184082
113.531644256,22.502729415893555
113.581644257,22.501113891601562
113.631644258,22.49871253967285
113.681644259,22.495132446289062
113.731644259,22.490510940551758
113.78164426,22.48377227783203
113.831644261,22.475290298461914
113.881644262,22.4657039642334
113.931644262,22.455726623535156
113.981644263,22.44664764404297
114.031644264,22.435901641845703
114.081644264,22.420711517333984
114.131644265,22.393945693969727
114.181644266,22.337787628173828
114.231644267,22.209482192993164
114.281644267,22.003110885620117
114.331644268,21.747455596923828
114.381644269,21.471025466918945
114.43164427,21.179677963256836
114.48164427,20.880422592163086
114.531644271,20.581552505493164
114.581644272,20.279502868652344
114.631644273,19.9769287109375
114.681644273,19.672395706176758
114.731644274,19.36703109741211
114.781644275,19.06130027770996
114.831644276,18.75689125061035
114.881644276,18.457204818725586
114.931644277,18.16820526123047
114.981644278,17.88843536376953
115.031644279,17.627058029174805
115.081644279,17.376157760620117
115.13164428,17.135147094726562
115.181644281,16.999553680419922
115.231644282,16.98186492919922
115.281644282,16.86935806274414
115.331644283,16.4318790435791
115.381644284,16.02126121520996
115.431644285,15.616188049316406
115.481644285,15.227158546447754
115.531644286,14.860746383666992
115.581644287,14.51724910736084
115.631644288,14.200006484985352
115.681644288,13.906042098999023
115.731644289,13.633477210998535
115.78164429,13.348827362060547
115.831644291,13.08084487915039
115.881644291,12.838532447814941
115.931644292,12.841717720031738
115.981644293,12.831039428710938
116.031644294,12.380210876464844
116.081644294,11.864775657653809
116.131644295,11.413869857788086
116.181644296,11.05028247833252
116.231644297,10.780890464782715
116.281644297,10.597601890563965
116.331644298,10.489511489868164
116.381644299,10.445180892944336
116.431644299,10.452977180480957
116.4816443,10.498473167419434
116.531644301,10.570374488830566
116.581644302,10.659910202026367
116.631644302,10.761096000671387
116.681644303,10.868134498596191
116.731644304,10.977643013000488
116.781644305,11.08800220489502
116.831644305,11.19803524017334
116.881644306,11.30607795715332
116.931644307,11.410955429077148
116.981644308,11.512251853942871
117.031644308,11.609106063842773
117.081644309,11.701727867126465
117.13164431,11.707963943481445
117.181644311,11.697317123413086
117.231644311,11.911030769348145
117.281644312,12.214381217956543
117.331644313,12.46359920501709
117.381644314,12.66348934173584
117.431644314,12.817675590515137
117.481644315,12.933412551879883
117.531644316,13.020181655883789
117.581644317,13.085549354553223
117.631644317,13.136652946472168
117.681644318,13.180760383605957
117.731644319,13.225461959838867
117.78164432,13.27342414855957
117.83164432,13.326000213623047
117.881644321,13.385547637939453
117.931644322,13.452343940734863
117.981644323,13.527239799499512
118.031644323,13.611231803894043
118.081644324,13.702975273132324
118.131644325,13.80057430267334
118.181644326,13.90411376953125
118.231644326,14.01278018951416
118.281644327,14.126325607299805
118.331644328,14.245668411254883
118.381644329,14.371219635009766
118.431644329,14.49880313873291
118.48164433,14.623897552490234
118.531644331,14.741497993469238
118.581644332,14.842910766601562
118.631644332,14.922816276550293
118.681644333,14.968955993652344
118.731644334,14.990077018737793
118.781644335,14.93709945678711
118.831644335,14.834554672241211
118.881644336,14.673988342285156
118.931644337,14.469965934753418
118.981644337,14.228923797607422
119.031644338,13.951189994812012
119.081644339,13.66032886505127
119.13164434,13.347193717956543
119.18164434,13.050969123840332
119.231644341,12.775128364562988
119.281644342,12.642345428466797
119.331644343,12.520065307617188
119.381644343,12.213366508483887
119.431644344,11.612760543823242
119.481644345,11.029767036437988
119.531644346,10.573092460632324
119.581644346,10.143550872802734
119.631644347,9.699153900146484
119.681644348,9.328165054321289
119.731644349,8.980831146240234
119.781644349,8.665700912475586
119.83164435,8.351219177246094
119.881644351,8.099188804626465
119.931644352,7.8280181884765625
119.981644352,7.6509013175964355
120.031644353,7.423720836639404
120.081644354,7.303125858306885
120.131644355,7.1143598556518555
120.181644355,7.027238368988037
120.231644356,6.85319185256958
120.281644357,6.783066749572754
120.331644358,6.615914821624756
120.381644358,6.562596797943115
120.431644359,6.404341697692871
120.48164436,6.365673065185547
120.531644361,6.218499660491943
120.581644361,6.189963340759277
120.631644362,6.04550838470459
120.681644363,6.025734901428223
120.731644364,5.886448860168457
120.781644364,5.875380516052246
120.831644365,5.7477312088012695
120.881644366,5.761669158935547
120.931644367,5.6656694412231445
120.981644367,5.722741603851318
121.031644368,5.668623924255371
121.081644369,5.764179706573486
121.13164437,5.736837387084961
121.18164437,5.849327564239502
121.231644371,5.834934711456299
121.281644372,5.960607051849365
121.331644373,5.963511943817139
121.381644373,6.10365629196167
121.431644374,6.118767261505127
121.481644375,6.257150650024414
121.531644375,6.261030197143555
121.581644376,6.379812717437744
121.631644377,6.374831199645996
121.681644378,6.490145683288574
121.731644378,6.487370491027832
121.781644379,6.597549915313721
121.83164438,6.579473972320557
121.881644381,6.657083988189697
121.931644381,6.60791540145874
121.981644382,6.658081531524658
122.031644383,6.595547676086426
122.081644384,6.643526077270508
122.131644384,6.572083473205566
122.181644385,6.603216648101807
122.231644386,6.5286149978637695
122.281644387,6.5657639503479
122.331644387,6.496929168701172
122.381644388,6.557458400726318
122.431644389,6.5203633308410645
122.48164439,6.6059489250183105
122.53164439,6.5810322761535645
122.581644391,6.670201778411865
122.631644392,6.65144681930542
122.681644393,6.735486030578613
122.731644393,6.715591907501221
122.781644394,6.7971906661987305
122.831644395,6.76257848739624
122.881644396,6.823736190795898
122.931644396,6.771440029144287
122.981644397,6.824558258056641
123.031644398,6.7717814445495605
123.081644399,6.809053421020508
123.131644399,6.723483085632324
123.1816444,6.718326568603516
123.231644401,6.591305255889893
123.281644402,6.58973503112793
123.331644402,6.462721347808838
123.381644403,6.461579322814941
123.431644404,6.365320205688477
123.481644405,6.396821975708008
123.531644405,6.331204414367676
123.581644406,6.362544059753418
123.631644407,6.28240966796875
123.681644408,6.364840507507324
123.731644408,6.317284107208252
123.781644409,6.379642963409424
123.83164441,6.320127010345459
123.881644411,6.3512115478515625
123.931644411,6.251486778259277
123.981644412,6.285268306732178
124.031644413,6.173618316650391
124.081644413,6.199548244476318
124.131644414,6.081836223602295
124.181644415,6.096187591552734
124.231644416,6.0186567306518555
124.281644416,6.029791355133057
124.331644417,5.939478874206543
124.381644418,5.985169887542725
124.431644419,5.910742282867432
124.481644419,5.935174465179443
124.53164442,5.879150867462158
124.581644421,5.945346355438232
124.631644422,5.86455774307251
124.681644422,5.939075469970703
124.731644423,5.877040386199951
124.781644424,5.919900894165039
124.831644425,5.836493015289307
124.881644425,5.888728141784668
124.931644426,5.80211877822876
124.981644427,5.870050430297852
125.031644428,5.785646438598633
125.081644428,5.851552963256836
125.131644429,5.790220260620117
125.18164443,5.864364147186279
125.231644431,5.788410186767578
125.281644431,5.851949214935303
125.331644432,5.755117893218994
125.381644433,5.79676628112793
125.431644434,5.748266220092773
125.481644434,5.827998638153076
125.531644435,5.750350475311279
125.581644436,5.835366725921631
125.631644437,5.780808925628662
125.681644437,5.841567039489746
125.731644438,5.778171539306641
125.781644439,5.817620277404785
125.83164444,5.722835063934326
125.88164444,5.767665386199951
125.931644441,5.654325008392334
125.981644442,5.680058479309082
126.031644443,5.61525297164917
126.081644443,5.644099235534668
126.131644444,5.559939384460449
126.181644445,5.633049488067627
126.231644446,5.55598258972168
126.281644446,5.629750728607178
126.331644447,5.586354732513428
126.381644448,5.7013115882873535
126.431644449,5.656936168670654
126.481644449,5.762823581695557
126.53164445,5.729294776916504
126.581644451,5.824158668518066
126.631644451,5.781230449676514
126.681644452,5.862725734710693
126.731644453,5.815350532531738
126.781644454,5.904825210571289
126.831644454,5.877139568328857
126.881644455,5.969353675842285
126.931644456,5.940479278564453
126.981644457,6.020902156829834
127.031644457,5.97634220123291
127.081644458,6.05251407623291
127.131644459,6.00971794128418
127.18164446,6.07957649230957
127.23164446,6.027530193328857
127.281644461,6.085853576660156
127.331644462,6.020349025726318
127.381644463,6.074801445007324
127.431644463,6.0275092124938965
127.481644464,6.08738899230957
127.531644465,6.015604496002197
127.581644466,6.1047563552856445
127.631644466,6.065341949462891
127.681644467,6.161331653594971
127.731644468,6.117457389831543
127.781644469,6.1785807609558105
127.831644469,6.117027759552002
127.88164447,6.178207874298096
127.931644471,6.116868019104004
127.981644472,6.167206764221191
128.031644472,6.093413829803467
128.081644473,6.120856285095215
128.131644474,6.038302898406982
128.181644475,6.065350532531738
128.231644475,5.965507984161377
128.281644476,5.992396354675293
128.331644477,5.902078151702881
128.381644478,5.931859970092773
128.431644478,5.853125095367432
128.481644479,5.8907060623168945
128.53164448,5.8040452003479
128.581644481,5.854750633239746
128.631644481,5.770869731903076
128.681644482,5.8098039627075195
128.731644483,5.757669448852539
128.781644484,5.819905757904053
128.831644484,5.740004539489746
128.881644485,5.811713218688965
128.931644486,5.776058197021484
128.981644487,5.85754919052124
129.031644487,5.857481956481934
129.081644488,5.983476161956787
129.131644489,5.978697776794434
129.181644489,6.11226224899292
129.23164449,6.109618186950684
129.281644491,6.22187614440918
129.331644492,6.23029088973999
129.381644492,6.351795196533203
129.431644493,6.3460259437561035
129.481644494,6.482737064361572
129.531644495,6.508195877075195
129.581644495,6.623380661010742
129.631644496,6.637153148651123
129.681644497,6.767427444458008
129.731644498,6.799720764160156
129.781644498,6.981024742126465
129.831644499,7.100459575653076
129.8816445,7.354116916656494
129.931644501,7.490602970123291
129.981644501,7.753427028656006
130.031644502,7.934968948364258
130.081644503,8.165667533874512
130.131644504,8.324578285217285
130.181644504,8.581452369689941
130.231644505,8.77534008026123
130.281644506,9.030928611755371
130.331644507,9.248994827270508
130.381644507,9.498283386230469
130.431644508,9.723006248474121
130.481644509,9.965248107910156
130.53164451,10.192354202270508
130.58164451,10.328221321105957
130.631644511,10.300881385803223
130.681644512,10.39859676361084
130.731644513,10.813406944274902
130.781644513,11.184078216552734
130.831644514,11.512340545654297
130.881644515,11.808295249938965
130.931644516,12.078266143798828
130.981644516,12.326411247253418
131.031644517,12.556329727172852
131.081644518,12.769460678100586
131.131644519,12.967778205871582
131.181644519,13.15369701385498
131.23164452,13.329184532165527
131.281644521,13.492222785949707
131.331644522,13.643072128295898
131.381644522,13.782094955444336
131.431644523,13.90832805633545
131.481644524,14.018434524536133
131.531644525,14.106646537780762
131.581644525,14.177525520324707
131.631644526,14.242076873779297
131.681644527,14.300240516662598
131.731644527,14.355001449584961
131.781644528,14.412960052490234
131.831644529,14.479784965515137
131.88164453,14.557296752929688
131.93164453,14.647514343261719
131.981644531,14.751174926757812
132.031644532,14.869111061096191
132.081644533,14.995006561279297
132.131644533,15.12983512878418
132.181644534,15.271065711975098
132.231644535,15.41903018951416
132.281644536,15.572318077087402
132.331644536,15.727531433105469
132.381644537,15.885259628295898
132.431644538,16.04540252685547
132.481644539,16.06357192993164
132.531644539,16.048933029174805
132.58164454,16.2208194732666
132.63164454100001,16.490814208984375
132.681644542,16.729768753051758
132.731644542,16.944576263427734
132.781644543,17.140958786010742
132.831644544,17.322959899902344
132.881644545,17.494966506958008
132.931644545,17.658376693725586
132.981644546,17.81519317626953
133.031644547,17.96696662902832
133.081644548,18.114959716796875
133.131644548,18.26024627685547
133.181644549,18.402124404907227
133.23164455,18.541709899902344
133.281644551,18.678625106811523
133.331644551,18.813007354736328
133.381644552,18.94532012939453
133.431644553,19.075834274291992
133.481644554,19.20492172241211
133.531644554,19.332603454589844
133.581644555,19.459131240844727
133.631644556,19.584810256958008
133.681644557,19.709911346435547
133.731644557,19.83475685119629
133.781644558,19.959436416625977
133.831644559,20.08378028869629
133.88164456,20.207338333129883
133.93164456,20.330339431762695
133.981644561,20.4527530670166
134.031644562,20.57424545288086
134.081644563,20.694456100463867
134.131644563,20.81316566467285
134.181644564,20.930194854736328
134.231644565,21.045133590698242
134.281644565,21.15789222717285
134.331644566,21.268274307250977
134.381644567,21.375843048095703
134.431644568,21.479751586914062
134.481644568,21.579458236694336
134.531644569,21.674489974975586
134.58164457,21.764476776123047
134.631644571,21.849056243896484
134.681644571,21.927227020263672
134.731644572,21.99815559387207
134.781644573,22.0621337890625
134.831644574,22.11979103088379
134.881644574,22.171733856201172
134.931644575,22.218217849731445
134.981644576,22.25901222229004
135.031644577,22.294401168823242
135.081644577,22.325693130493164
135.131644578,22.353328704833984
135.181644579,22.377635955810547
135.23164458,22.39866828918457
135.28164458,22.416851043701172
135.331644581,22.432537078857422
135.381644582,22.446155548095703
135.431644583,22.45782470703125
135.481644583,22.468469619750977
135.531644584,22.47859764099121
135.581644585,22.487468719482422
135.631644586,22.495046615600586
135.681644586,22.501222610473633
135.731644587,22.50589942932129
135.781644588,22.509117126464844
135.831644589,22.51087188720703
135.881644589,22.512493133544922
135.93164459,22.514873504638672
135.981644591,22.517229080200195
136.031644592,22.518329620361328
136.081644592,22.517364501953125
136.131644593,22.51552391052246
136.181644594,22.51355743408203
136.231644595,22.511451721191406
136.281644595,22.508769989013672
136.331644596,22.5044002532959
136.381644597,22.499011993408203
136.431644598,22.49367904663086
136.481644598,22.48975372314453
136.531644599,22.486112594604492
136.5816446,22.482873916625977
136.631644601,22.481660842895508
136.681644601,22.48023223876953
136.731644602,22.478391647338867
136.781644603,22.47650718688965
136.831644603,22.475820541381836
136.881644604,22.47576904296875
136.931644605,22.475244522094727
136.981644606,22.474714279174805
137.031644606,22.474164962768555
137.081644607,22.473989486694336
137.131644608,22.475263595581055
137.181644609,22.474939346313477
137.231644609,22.47257423400879
137.28164461,22.470348358154297
137.331644611,22.468570709228516
137.381644612,22.46745491027832
137.431644612,22.46656036376953
137.481644613,22.465770721435547
137.531644614,22.464012145996094
137.581644615,22.46164894104004
137.631644615,22.45895004272461
137.681644616,22.456010818481445
137.731644617,22.453210830688477
137.781644618,22.450820922851562
137.831644618,22.448705673217773
137.881644619,22.44723892211914
137.93164462,22.446815490722656
137.981644621,22.44607925415039
138.031644621,22.444873809814453
138.081644622,22.444334030151367
138.131644623,22.44484519958496
138.181644624,22.44597816467285
138.231644624,22.447261810302734
138.281644625,22.44881248474121
138.331644626,22.450328826904297
138.38164462700001,22.452268600463867
138.431644627,22.45438575744629
138.481644628,22.456172943115234
138.531644629,22.456897735595703
138.58164463,22.456727981567383
138.63164463,22.455869674682617
138.681644631,22.45410919189453
138.731644632,22.451339721679688
138.781644633,22.44770050048828
138.831644633,22.443546295166016
138.881644634,22.43998908996582
138.931644635,22.436491012573242
138.981644636,22.43303108215332
139.031644636,22.430795669555664
139.081644637,22.429119110107422
139.131644638,22.428009033203125
139.181644639,22.42776107788086
139.231644639,22.427417755126953
139.28164464,22.427236557006836
139.331644641,22.426372528076172
139.381644641,22.424278259277344
139.431644642,22.419626235961914
139.481644643,22.411766052246094
139.531644644,22.401479721069336
139.581644644,22.35850715637207
139.631644645,22.226131439208984
139.681644646,22.00714874267578
139.731644647,21.746309280395508
139.781644647,21.456274032592773
139.831644648,21.1480712890625
139.881644649,20.829322814941406
139.93164465,20.506940841674805
139.98164465,20.184310913085938
140.031644651,19.864639282226562
140.081644652,19.545196533203125
140.131644653,19.226015090942383
140.181644653,18.905269622802734
140.231644654,18.586299896240234
140.281644655,18.272357940673828
140.331644656,17.97005844116211
140.381644656,17.667226791381836
140.431644657,17.361488342285156
140.481644658,17.120433807373047
140.531644659,16.974822998046875
140.581644659,16.763254165649414
140.63164466,16.266185760498047
140.681644661,15.805307388305664
140.731644662,15.378412246704102
140.781644662,14.99459457397461
140.831644663,14.64760684967041
140.881644664,14.341089248657227
140.931644665,14.069783210754395
140.981644665,13.824544906616211
141.031644666,13.611720085144043
141.081644667,13.436066627502441
141.131644668,13.307448387145996
141.181644668,13.225302696228027
141.231644669,13.179191589355469
141.28164467,13.157102584838867
141.331644671,13.153486251831055
141.381644671,13.161550521850586
141.431644672,13.163714408874512
141.481644673,13.136762619018555
141.531644674,13.074472427368164
141.581644674,12.986612319946289
141.631644675,12.878900527954102
141.681644676,12.733001708984375
141.731644676,12.530702590942383
141.781644677,12.27242374420166
141.831644678,12.044039726257324
141.881644679,11.87536334991455
141.931644679,11.60063648223877
141.98164468,10.992365837097168
142.031644681,10.421868324279785
142.081644682,9.886795997619629
142.131644682,9.38675308227539
142.181644683,8.92273998260498
142.231644684,8.497056007385254
142.281644685,8.116389274597168
142.331644685,7.797858238220215
142.381644686,7.530022144317627
142.431644687,7.233855247497559
142.481644688,7.033846855163574
142.531644688,6.767903804779053
142.581644689,6.635887145996094
142.63164469,6.418705940246582
142.681644691,6.479477882385254
142.731644691,6.417466640472412
142.781644692,6.022454738616943
142.831644693,5.464517593383789
142.881644694,5.110262870788574
142.931644694,4.754159450531006
142.981644695,4.502652168273926
143.031644696,4.324341297149658
143.081644697,4.201685905456543
143.131644697,4.1196441650390625
143.181644698,4.070610523223877
143.231644699,4.048636436462402
143.2816447,4.040048122406006
143.3316447,4.031258583068848
143.381644701,4.020417213439941
143.431644702,4.011960506439209
143.481644703,4.006063461303711
143.531644703,4.000380039215088
143.581644704,3.9923312664031982
143.631644705,3.985240936279297
143.681644706,3.981337547302246
143.731644706,3.9744136333465576
143.781644707,3.967818260192871
143.831644708,3.9712040424346924
143.881644709,3.9861209392547607
143.931644709,4.010489463806152
143.98164471,4.039100646972656
144.031644711,4.062225818634033
144.081644712,4.082871913909912
144.131644712,4.109195709228516
144.181644713,4.139728546142578
144.231644714,4.175095558166504
144.281644714,4.207106590270996
144.331644715,4.22389030456543
144.381644716,4.2251152992248535
144.431644717,4.20736837387085
144.481644717,4.167030334472656
144.531644718,4.108613967895508
144.581644719,4.035297393798828
144.63164472,3.9521889686584473
144.68164472,3.8677523136138916
144.731644721,3.785104513168335
144.781644722,3.7107629776000977
144.831644723,3.654121160507202
144.881644723,3.6181375980377197
144.931644724,3.598788022994995
144.981644725,3.589811086654663
145.031644726,3.587725877761841
145.081644726,3.5903100967407227
145.131644727,3.5959365367889404
145.181644728,3.602865695953369
145.231644729,3.608574390411377
145.281644729,3.6107869148254395
145.33164473,3.608597755432129
145.381644731,3.608849287033081
145.431644732,3.6149260997772217
145.481644732,3.6237902641296387
145.531644733,3.631542205810547
145.581644734,3.633962631225586
145.631644735,3.625513792037964
145.681644735,3.6103196144104004
145.731644736,3.5964975357055664
145.781644737,3.5850541591644287
145.831644738,3.5757641792297363
145.881644738,3.566696882247925
145.931644739,3.559972047805786
145.98164474,3.560086250305176
146.031644741,3.565835475921631
146.081644741,3.573317527770996
146.131644742,3.5768940448760986
146.181644743,3.574301242828369
146.231644744,3.572237730026245
146.281644744,3.574409246444702
146.331644745,3.585569381713867
146.381644746,3.605231285095215
146.431644747,3.625924825668335
146.481644747,3.6444249153137207
146.531644748,3.6574950218200684
146.581644749,3.663161039352417
146.63164475,3.6620688438415527
146.68164475,3.6539273262023926
146.731644751,3.6401379108428955
146.781644752,3.624361753463745
146.831644752,3.6069231033325195
146.881644753,3.59145188331604
146.931644754,3.5849547386169434
146.981644755,3.594569206237793
147.031644755,3.61977219581604
147.081644756,3.648130178451538
147.131644757,3.6695446968078613
147.181644758,3.6851699352264404
147.231644758,3.700528383255005
147.281644759,3.7186176776885986
147.33164476,3.7383203506469727
147.381644761,3.757359743118286
147.431644761,3.778974771499634
147.481644762,3.811218738555908
147.531644763,3.8560433387756348
147.581644764,3.9089386463165283
147.631644764,3.9652230739593506
147.681644765,4.018892765045166
147.731644766,4.069679260253906
147.781644767,4.122067451477051
147.831644767,4.176438808441162
147.881644768,4.227036952972412
147.931644769,4.266133785247803
147.98164477,4.290521144866943
148.03164477,4.301219940185547
148.081644771,4.299887180328369
148.131644772,4.285872936248779
148.181644773,4.26035737991333
148.231644773,4.230943202972412
148.281644774,4.198300838470459
148.331644775,4.155065536499023
148.381644776,4.099709510803223
148.431644776,4.042678356170654
148.481644777,3.994926691055298
148.531644778,3.9558029174804688
148.581644779,3.919137477874756
148.631644779,3.880344867706299
148.68164478,3.8471052646636963
148.731644781,3.8277015686035156
148.781644782,3.8218255043029785
148.831644782,3.8336493968963623
148.881644783,3.8584794998168945
148.931644784,3.8877487182617188
148.981644785,3.922154188156128
149.031644785,3.9573910236358643
149.081644786,3.9916954040527344
149.131644787,4.035387992858887
149.181644788,4.097890377044678
149.231644788,4.17134952545166
149.281644789,4.231472969055176
149.33164479,4.253133296966553
149.38164479,4.24190616607666
149.431644791,4.218404293060303
149.481644792,4.193745136260986
149.531644793,4.169689178466797
149.581644793,4.149546146392822
149.631644794,4.135137557983398
149.681644795,4.134990692138672
149.731644796,4.155785083770752
149.781644796,4.178544044494629
149.831644797,4.186254024505615
149.881644798,4.182518005371094
149.931644799,4.178119659423828
149.981644799,4.174344062805176
150.0316448,4.170208930969238
150.081644801,4.166972637176514
150.131644802,4.1746697425842285
150.181644802,4.200008392333984
150.231644803,4.236218452453613
150.281644804,4.273194789886475
150.331644805,4.315194129943848
150.381644805,4.374301433563232
150.431644806,4.445893287658691
150.481644807,4.517109394073486
150.531644808,4.574891567230225
150.581644808,4.612737655639648
150.631644809,4.62295389175415
150.68164481,4.610019207000732
150.731644811,4.593229293823242
150.781644811,4.606921195983887
150.831644812,4.62399435043335
150.881644813,4.646637916564941
150.931644814,4.679339408874512
150.981644814,4.72328519821167
151.031644815,4.815051555633545
151.081644816,4.930725574493408
151.131644817,5.072249412536621
151.181644817,5.23633337020874
151.231644818,5.285029888153076
151.281644819,5.36386775970459
151.33164482,5.282841682434082
151.38164482,5.3333868980407715
151.431644821,5.314122676849365
151.481644822,5.854838848114014
151.531644823,6.206118106842041
151.581644823,6.578541278839111
151.631644824,6.796994209289551
151.681644825,7.041820049285889
151.731644826,7.156777858734131
151.781644826,7.350259304046631
151.831644827,7.4323906898498535
151.881644828,7.565798282623291
151.931644828,7.5949811935424805
151.981644829,7.761324882507324
152.03164483,7.770525932312012
152.081644831,7.862633228302002
152.131644831,7.869925022125244
152.181644832,7.9524054527282715
152.231644833,7.972076892852783
152.281644834,8.049336433410645
152.331644834,8.059554100036621
152.381644835,8.108211517333984
152.431644836,8.113723754882812
152.481644837,8.160579681396484
152.531644837,8.166479110717773
152.581644838,8.211913108825684
152.631644839,8.236329078674316
152.68164484,8.284148216247559
152.73164484,8.288403511047363
152.781644841,8.399600982666016
152.831644842,8.524654388427734
152.881644843,8.694314956665039
152.931644843,8.841955184936523
152.981644844,9.036812782287598
153.031644845,9.23914909362793
153.081644846,9.465338706970215
153.131644846,9.649201393127441
153.181644847,9.865610122680664
153.231644848,10.0869722366333
153.281644849,10.237664222717285
153.331644849,10.229506492614746
153.38164485,10.195281982421875
153.431644851,10.608840942382812
153.481644852,10.947040557861328
153.531644852,11.200852394104004
153.581644853,11.38501262664795
153.631644854,11.520886421203613
153.681644855,11.6289644241333
153.731644855,11.73066234588623
153.781644856,11.84024715423584
153.831644857,11.974505424499512
153.881644858,12.12641429901123
153.931644858,12.286989212036133
153.981644859,12.452949523925781
154.03164486,12.624300956726074
154.081644861,12.798197746276855
154.131644861,12.975666999816895
154.181644862,13.15622615814209
154.231644863,13.340045928955078
154.281644864,13.526302337646484
154.331644864,13.71278190612793
154.381644865,13.901744842529297
154.431644866,14.088825225830078
154.481644866,14.276609420776367
154.531644867,14.464468002319336
154.581644868,14.651954650878906
154.631644869,14.837916374206543
154.681644869,15.021928787231445
154.73164487,15.204473495483398
154.781644871,15.385882377624512
154.831644872,15.566136360168457
154.881644872,15.745126724243164
154.931644873,15.881980895996094
154.981644874,15.87020492553711
155.031644875,15.85729694366455
155.081644875,16.155527114868164
155.131644876,16.418046951293945
155.181644877,16.651264190673828
155.231644878,16.861648559570312
155.281644878,17.054685592651367
155.331644879,17.234638214111328
155.38164488,17.40411376953125
155.431644881,17.56534194946289
155.481644881,17.720306396484375
155.531644882,17.870616912841797
155.581644883,18.017019271850586
155.631644884,18.159893035888672
155.681644884,18.301122665405273
155.731644885,18.439245223999023
155.781644886,18.575782775878906
155.831644887,18.710479736328125
155.881644887,18.843202590942383
155.931644888,18.9747371673584
155.981644889,19.105024337768555
156.03164489,19.23426055908203
156.08164489,19.362245559692383
156.131644891,19.489465713500977
156.181644892,19.61592674255371
156.231644893,19.741989135742188
156.281644893,19.867639541625977
156.331644894,19.99271583557129
156.381644895,20.117286682128906
156.431644896,20.241247177124023
156.481644896,20.364524841308594
156.531644897,20.4870548248291
156.581644898,20.608474731445312
156.631644899,20.72835350036621
156.681644899,20.84639549255371
156.7316449,20.962366104125977
156.781644901,21.0761661529541
156.831644902,21.187637329101562
156.881644902,21.296348571777344
156.931644903,21.401992797851562
156.981644904,21.50433349609375
157.031644904,21.60301971435547
157.081644905,21.6976375579834
157.131644906,21.787952423095703
157.181644907,21.873294830322266
157.231644907,21.952587127685547
157.281644908,22.024974822998047
157.331644909,22.090478897094727
157.38164491,22.149574279785156
157.43164491,22.202285766601562
157.481644911,22.248796463012695
157.531644912,22.289613723754883
157.581644913,22.325410842895508
157.631644913,22.356159210205078
157.681644914,22.381305694580078
157.731644915,22.401840209960938
157.781644916,22.418777465820312
157.831644916,22.43281364440918
157.881644917,22.444608688354492
157.931644918,22.454158782958984
157.981644919,22.46104621887207
158.031644919,22.465478897094727
158.08164492,22.469165802001953
158.131644921,22.473203659057617
158.181644922,22.478137969970703
158.231644922,22.48271369934082
158.281644923,22.487211227416992
158.331644924,22.491588592529297
158.381644925,22.4957332611084
158.431644925,22.499391555786133
158.481644926,22.503223419189453
158.531644927,22.50661849975586
158.581644928,22.50887680053711
158.63164492800001,22.509593963623047
158.681644929,22.508960723876953
158.73164493,22.50696563720703
158.781644931,22.50406837463379
158.831644931,22.500038146972656
158.881644932,22.494548797607422
158.931644933,22.489112854003906
158.981644934,22.48450469970703
159.031644934,22.4815616607666
159.081644935,22.480947494506836
159.131644936,22.481657028198242
159.181644937,22.482872009277344
159.231644937,22.484420776367188
159.281644938,22.487260818481445
159.331644939,22.490859985351562
159.38164494,22.495004653930664
159.43164494,22.49872398376465
159.481644941,22.50135040283203
159.531644942,22.503032684326172
159.581644942,22.504493713378906
159.631644943,22.506757736206055
159.681644944,22.50864601135254
159.731644945,22.509628295898438
159.781644945,22.510929107666016
159.831644946,22.511760711669922
159.881644947,22.511539459228516
159.931644948,22.510156631469727
159.981644948,22.508089065551758
160.031644949,22.50545310974121
160.08164495,22.50151824951172
160.131644951,22.497825622558594
160.181644951,22.496488571166992
160.231644952,22.4969482421875
160.281644953,22.49806022644043
160.331644954,22.498821258544922
160.381644954,22.499170303344727
160.431644955,22.500200271606445
160.481644956,22.502737045288086
160.531644957,22.506450653076172
160.581644957,22.510883331298828
160.631644958,22.514705657958984
160.681644959,22.517200469970703
160.73164496,22.518404006958008
160.78164496,22.518903732299805
160.831644961,22.518972396850586
160.881644962,22.51911735534668
160.931644963,22.518817901611328
160.981644963,22.517671585083008
161.031644964,22.515827178955078
161.081644965,22.513477325439453
161.131644966,22.510616302490234
161.181644966,22.507156372070312
161.231644967,22.503341674804688
161.281644968,22.499860763549805
161.331644969,22.498048782348633
161.381644969,22.49811553955078
161.43164497,22.4991512298584
161.481644971,22.501462936401367
161.531644972,22.50460433959961
161.581644972,22.508108139038086
161.631644973,22.509912490844727
161.681644974,22.50962257385254
161.731644975,22.50789451599121
161.781644975,22.50519561767578
161.831644976,22.50218391418457
161.881644977,22.499513626098633
161.931644978,22.496444702148438
161.981644978,22.49146842956543
162.031644979,22.485137939453125
162.08164498,22.47747039794922
162.13164498,22.469118118286133
162.181644981,22.46232032775879
162.231644982,22.457469940185547
162.281644983,22.452739715576172
162.331644983,22.448049545288086
162.381644984,22.44342041015625
162.431644985,22.440404891967773
162.481644986,22.433521270751953
162.531644986,22.404224395751953
162.581644987,22.302228927612305
162.631644988,22.101505279541016
162.681644989,21.856792449951172
162.731644989,21.586387634277344
162.78164499,21.296977996826172
162.831644991,20.995466232299805
162.881644992,20.68430519104004
162.931644992,20.36730194091797
162.981644993,20.05127716064453
163.031644994,19.741069793701172
163.081644995,19.431110382080078
163.131644995,19.119718551635742
163.181644996,18.810482025146484
163.231644997,18.502281188964844
163.281644998,18.194866180419922
163.331644998,17.89990234375
163.381644999,17.620594024658203
163.431645,17.36188316345215
163.481645001,17.128225326538086
163.531645001,17.01624298095703
163.581645002,16.95155906677246
163.631645003,16.719972610473633
163.681645004,16.280366897583008
163.731645004,15.87551498413086
163.781645005,15.509842872619629
163.831645006,15.191353797912598
163.881645007,14.884057998657227
163.931645007,14.60438060760498
163.981645008,14.350274085998535
164.031645009,14.121186256408691
164.08164501,13.935819625854492
164.13164501,13.803935050964355
164.181645011,13.730732917785645
164.231645012,13.705970764160156
164.281645013,13.719350814819336
164.331645013,13.758625030517578
164.381645014,13.80813217163086
164.431645015,13.852319717407227
164.481645015,13.875617980957031
164.531645016,13.857084274291992
164.581645017,13.803213119506836
164.631645018,13.721304893493652
164.681645018,13.619832992553711
164.731645019,13.515800476074219
164.78164502,13.413480758666992
164.831645021,13.31704330444336
164.881645021,13.234529495239258
164.931645022,13.182771682739258
164.981645023,13.158317565917969
165.031645024,13.149923324584961
165.081645024,13.132530212402344
165.131645025,13.099212646484375
165.181645026,13.054973602294922
165.231645027,12.998580932617188
165.281645027,12.935930252075195
165.331645028,12.861095428466797
165.381645029,12.717248916625977
165.43164503,12.502301216125488
165.48164503,12.239895820617676
165.531645031,11.995245933532715
165.581645032,11.828078269958496
165.631645033,11.663972854614258
165.681645033,11.048026084899902
165.731645034,10.477499008178711
165.781645035,9.9506254196167
165.831645036,9.475547790527344
165.881645036,9.070324897766113
165.931645037,8.731800079345703
165.981645038,8.458179473876953
166.031645039,8.255762100219727
166.081645039,8.180957794189453
166.13164504,8.127964973449707
166.181645041,8.175423622131348
166.231645042,8.12315845489502
166.281645042,8.07403564453125
166.331645043,7.913957118988037
166.381645044,7.802158355712891
166.431645045,7.608141899108887
166.481645045,7.485604286193848
166.531645046,7.280477523803711
166.581645047,7.1625776290893555
166.631645048,6.957424640655518
166.681645048,6.8468523025512695
166.731645049,6.637999534606934
166.78164505,6.532249450683594
166.831645051,6.390820026397705
166.881645051,6.443384647369385
166.931645052,6.25914192199707
166.981645053,5.7794389724731445
167.031645053,5.242588043212891
167.081645054,4.873093605041504
167.131645055,4.536932945251465
167.181645056,4.277331352233887
167.231645056,4.087390899658203
167.281645057,3.965076208114624
167.331645058,3.9043331146240234
167.381645059,3.894826650619507
167.431645059,3.918034791946411
167.48164506,3.953108310699463
167.531645061,3.9857771396636963
167.581645062,4.014904499053955
167.631645062,4.045774459838867
167.681645063,4.0825700759887695
167.731645064,4.127010822296143
167.781645065,4.1767964363098145
167.831645065,4.23239803314209
167.881645066,4.295515537261963
167.931645067,4.369792938232422
167.981645068,4.453858375549316
168.031645068,4.539088249206543
168.081645069,4.618098258972168
168.13164507,4.688602924346924
168.181645071,4.749414443969727
168.231645071,4.802078723907471
168.281645072,4.852062702178955
168.331645073,4.89664363861084
168.381645074,4.9331278800964355
168.431645074,4.960813999176025
168.481645075,4.972764015197754
168.531645076,4.962886810302734
168.581645077,4.931940078735352
168.631645077,4.87970495223999
168.681645078,4.814089775085449
168.731645079,4.746221542358398
168.78164508,4.672133922576904
168.83164508,4.589367389678955
168.881645081,4.513001441955566
168.931645082,4.463079452514648
168.981645083,4.43989372253418
169.031645083,4.440379619598389
169.081645084,4.45517110824585
169.131645085,4.47214937210083
169.181645086,4.489623546600342
169.231645086,4.51305627822876
169.281645087,4.545953750610352
169.331645088,4.585445404052734
169.381645089,4.62386417388916
169.431645089,4.65673828125
169.48164509,4.687238693237305
169.531645091,4.712656021118164
169.581645091,4.722352027893066
169.631645092,4.711672306060791
169.681645093,4.685227394104004
169.731645094,4.653774738311768
169.781645094,4.633707046508789
169.831645095,4.639815807342529
169.881645096,4.669310569763184
169.931645097,4.713770389556885
169.981645097,4.764740467071533
170.031645098,4.8133721351623535
170.081645099,4.85714864730835
170.1316451,4.8975510597229
170.1816451,4.940472602844238
170.231645101,4.981319904327393
170.281645102,5.0201568603515625
170.331645103,5.05150842666626
170.381645103,5.019498348236084
170.431645104,5.013411521911621
170.481645105,5.024624347686768
170.531645106,5.03779935836792
170.581645106,5.022578239440918
170.631645107,5.000479221343994
170.681645108,4.9720916748046875
170.731645109,4.938662528991699
170.781645109,4.912709712982178
170.83164511,4.884535312652588
170.881645111,4.855717658996582
170.931645112,4.8259758949279785
170.981645112,4.795897483825684
171.031645113,4.77185583114624
171.081645114,4.747951984405518
171.131645115,4.725063323974609
171.181645115,4.7039947509765625
171.231645116,4.691021919250488
171.281645117,4.685340881347656
171.331645118,4.687664031982422
171.381645118,4.695233345031738
171.431645119,4.7152886390686035
171.48164512,4.737576007843018
171.531645121,4.7589111328125
171.581645121,4.772849082946777
171.631645122,4.774936676025391
171.681645123,4.772619247436523
171.731645124,4.762910842895508
171.781645124,4.7513275146484375
171.831645125,4.745842933654785
171.881645126,4.744945526123047
171.931645127,4.743977069854736
171.981645127,4.740951061248779
172.031645128,4.739815711975098
172.081645129,4.7413201332092285
172.131645129,4.7413740158081055
172.18164513,4.7410454750061035
172.231645131,4.742039680480957
172.281645132,4.737596035003662
172.331645132,4.732897758483887
172.381645133,4.725236415863037
172.431645134,4.722797870635986
172.481645135,4.720458030700684
172.531645135,4.723601341247559
172.581645136,4.729106903076172
172.631645137,4.7392168045043945
172.681645138,4.753371715545654
172.731645138,4.77205228805542
172.781645139,4.79343318939209
172.83164514,4.806758403778076
172.881645141,4.8159918785095215
172.931645141,4.811587333679199
172.981645142,4.801888465881348
173.031645143,4.7873854637146
173.081645144,4.774003028869629
173.131645144,4.761378288269043
173.181645145,4.743494033813477
173.231645146,4.722611904144287
173.281645147,4.705087184906006
173.331645147,4.694385528564453
173.381645148,4.699091911315918
173.431645149,4.721639156341553
173.48164515,4.752825736999512
173.53164515,4.789233207702637
173.581645151,4.819528102874756
173.631645152,4.83725643157959
173.681645153,4.845818996429443
173.731645153,4.84705114364624
173.781645154,4.84184455871582
173.831645155,4.840543746948242
173.881645156,4.843649864196777
173.931645156,4.853079319000244
173.981645157,4.860489845275879
174.031645158,4.858757972717285
174.081645159,4.85152006149292
174.131645159,4.836635112762451
174.18164516,4.815669536590576
174.231645161,4.790417671203613
174.281645162,4.77008581161499
174.331645162,4.757901191711426
174.381645163,4.756799221038818
174.431645164,4.765013217926025
174.481645165,4.779865264892578
174.531645165,4.796090126037598
174.581645166,4.8098907470703125
174.631645167,4.822669506072998
174.681645167,4.828737258911133
174.731645168,4.834038257598877
174.781645169,4.8306779861450195
174.83164517,4.820972919464111
174.88164517,4.805102825164795
174.931645171,4.787764549255371
174.981645172,4.774384498596191
175.031645173,4.763982772827148
175.081645173,4.757089138031006
175.131645174,4.763187408447266
175.181645175,4.778714656829834
175.231645176,4.79877233505249
175.281645176,4.817595481872559
175.331645177,4.833072662353516
175.381645178,4.844063758850098
175.431645179,4.844624996185303
175.481645179,4.836944103240967
175.53164518,4.820333957672119
175.581645181,4.8034186363220215
175.631645182,4.785295009613037
175.681645182,4.772189617156982
175.731645183,4.766252040863037
175.781645184,4.764894962310791
175.831645185,4.7730183601379395
175.881645185,4.7792277336120605
175.931645186,4.783753871917725
175.981645187,4.783750057220459
176.031645188,4.785860061645508
176.081645188,4.78701639175415
176.131645189,4.788660049438477
176.18164519,4.795620918273926
176.231645191,4.808354377746582
176.281645191,4.821564674377441
176.331645192,4.836832523345947
176.381645193,4.849646091461182
176.431645194,4.861246109008789
176.481645194,4.8723649978637695
176.531645195,4.876237392425537
176.581645196,4.876564979553223
176.631645197,4.871196746826172
176.681645197,4.868195533752441
176.731645198,4.867366313934326
176.781645199,4.873787879943848
176.8316452,4.879098415374756
176.8816452,4.889435768127441
176.931645201,4.897568702697754
176.981645202,4.908424377441406
177.031645203,4.922335624694824
177.081645203,4.938625812530518
177.131645204,4.948216915130615
177.181645205,4.956072807312012
177.231645205,4.960009574890137
177.281645206,4.965930461883545
177.331645207,4.976017951965332
177.381645208,4.977758884429932
177.431645208,4.969462871551514
177.481645209,4.951555252075195
177.53164521,4.933330535888672
177.581645211,4.917829513549805
177.631645211,4.901805877685547
177.681645212,4.890275955200195
177.731645213,4.888257026672363
177.781645214,4.8956828117370605
177.831645214,4.908321857452393
177.881645215,4.917974948883057
177.931645216,4.926943302154541
177.981645217,4.9336652755737305
178.031645217,4.939659118652344
178.081645218,4.94341516494751
178.131645219,4.951944351196289
178.18164522,4.96120548248291
178.23164522,4.9712982177734375
178.281645221,4.97762393951416
178.331645222,4.971174716949463
178.381645223,4.961785316467285
178.431645223,4.942171096801758
178.481645224,4.920952796936035
178.531645225,4.897033214569092
178.581645226,4.884616374969482
178.631645226,4.874691486358643
178.681645227,4.86965799331665
178.731645228,4.867945671081543
178.781645229,4.873341083526611
178.831645229,4.879212856292725
178.88164523,4.8849287033081055
178.931645231,4.8926825523376465
178.981645232,4.905284881591797
179.031645232,4.920169830322266
179.081645233,4.929312705993652
179.131645234,4.9355902671813965
179.181645235,4.933772563934326
179.231645235,4.930232524871826
179.281645236,4.925534725189209
179.331645237,4.924108505249023
179.381645238,4.924519062042236
179.431645238,4.929074764251709
179.481645239,4.934013843536377
179.53164524,4.940856456756592
179.581645241,4.9419426918029785
179.631645241,4.941074848175049
179.681645242,4.938289642333984
179.731645243,4.935199737548828
179.781645243,4.935277938842773
179.831645244,4.941733360290527
179.881645245,4.947709083557129
179.931645246,4.952011585235596
179.981645246,4.950113296508789
180.031645247,4.9486403465271
180.081645248,4.946648597717285
180.131645249,4.9492597579956055
180.181645249,4.953627109527588
180.23164525,4.956908226013184
180.281645251,4.960366249084473
180.331645252,4.959456920623779
180.381645252,4.9580864906311035
180.431645253,4.953372001647949
180.481645254,4.954631328582764
180.531645255,4.959369659423828
180.581645255,4.966403961181641
180.631645256,4.969865322113037
180.681645257,4.971803665161133
180.731645258,4.9666619300842285
180.781645258,4.9547438621521
180.831645259,4.93754243850708
180.88164526,4.9183197021484375
180.931645261,4.895967483520508
180.981645261,4.870245933532715
181.031645262,4.848264217376709
181.081645263,4.835257053375244
181.131645264,4.835426330566406
181.181645264,4.850997447967529
181.231645265,4.879283905029297
181.281645266,4.909631729125977
181.331645267,4.940611839294434
181.381645267,4.964173793792725
181.431645268,4.97438383102417
181.481645269,4.969874858856201
181.53164527,4.959874153137207
181.58164527,4.943486213684082
181.631645271,4.928797721862793
181.681645272,4.91197395324707
181.731645273,4.899677276611328
181.781645273,4.890396595001221
181.831645274,4.8838791847229
181.881645275,4.876540660858154
181.931645276,4.872219562530518
181.981645276,4.871237754821777
182.031645277,4.872035026550293
182.081645278,4.868832111358643
182.131645279,4.865742206573486
182.181645279,4.862198829650879
182.23164528,4.861886978149414
182.281645281,4.861316680908203
182.331645281,4.863951683044434
182.381645282,4.87360143661499
182.431645283,4.885043621063232
182.481645284,4.898736476898193
182.531645284,4.911391258239746
182.581645285,4.928138732910156
182.631645286,4.9459147453308105
182.681645287,4.968419075012207
182.731645287,4.989329814910889
182.781645288,5.007299900054932
182.831645289,5.025752544403076
182.88164529,5.0010905265808105
182.93164529,5.007709503173828
182.981645291,4.99197244644165
183.031645292,4.978659629821777
183.081645293,4.964686393737793
183.131645293,4.950023651123047
183.181645294,4.936175346374512
183.231645295,4.926022529602051
183.281645296,4.920525550842285
183.331645296,4.922970294952393
183.381645297,4.9297709465026855
183.431645298,4.936273097991943
183.481645299,4.9404296875
183.531645299,4.938138961791992
183.5816453,4.93286657333374
183.631645301,4.928102493286133
183.681645302,4.928131580352783
183.731645302,4.9367780685424805
183.781645303,4.951623439788818
183.831645304,4.970940589904785
183.881645305,4.995922565460205
183.931645305,5.017897605895996
183.981645306,5.067384243011475
184.031645307,5.035621643066406
184.081645308,5.079223155975342
184.131645308,5.0258870124816895
184.181645309,5.0323686599731445
184.23164531,4.986752986907959
184.281645311,5.0525736808776855
184.331645311,5.00992488861084
184.381645312,5.013986110687256
184.431645313,5.000752925872803
184.481645314,4.988866329193115
184.531645314,4.973118305206299
184.581645315,4.962193965911865
184.631645316,4.9565300941467285
184.681645317,4.952874183654785
184.731645317,4.9468817710876465
184.781645318,4.941044807434082
184.831645319,4.932792663574219
184.881645319,4.927546977996826
184.93164532,4.924271583557129
184.981645321,4.92057991027832
185.031645322,4.918993949890137
185.081645322,4.920255184173584
185.131645323,4.928718566894531
185.181645324,4.944028854370117
185.231645325,4.964313983917236
185.281645325,4.984334945678711
185.331645326,5.006464958190918
185.381645327,5.022638320922852
185.431645328,5.002403736114502
185.481645328,4.981282711029053
185.531645329,5.0589985847473145
185.58164533,5.005128383636475
185.631645331,5.038636207580566
185.681645331,5.047067642211914
185.731645332,5.096807479858398
185.781645333,5.036030292510986
185.831645334,5.102179050445557
185.881645334,4.993258476257324
185.931645335,5.094197750091553
185.981645336,5.02419376373291
186.031645337,5.065598964691162
186.081645337,5.051151275634766
186.131645338,5.086690902709961
186.181645339,5.038077354431152
186.23164534,5.135911464691162
186.28164534,5.035728931427002
186.331645341,5.044416427612305
186.381645342,5.077880859375
186.431645343,5.148560047149658
186.481645343,5.01736307144165
186.531645344,5.078889846801758
186.581645345,5.074951648712158
186.631645346,5.0938825607299805
186.681645346,5.039087772369385
186.731645347,5.110991954803467
186.781645348,4.987402439117432
186.831645349,5.0791521072387695
186.881645349,4.988805770874023
186.93164535,5.06587028503418
186.981645351,5.028116703033447
187.031645352,5.0335917472839355
187.081645352,5.012097358703613
187.131645353,4.9966959953308105
187.181645354,4.981402397155762
187.231645355,4.967472076416016
187.281645355,4.951683521270752
187.331645356,4.936542510986328
187.381645357,4.924365520477295
187.431645357,4.919188499450684
187.481645358,4.927820682525635
187.531645359,4.946682929992676
187.58164536,4.977372646331787
187.63164536,5.015041828155518
187.681645361,5.048797130584717
187.731645362,5.084857940673828
187.781645363,5.058222770690918
187.831645363,5.143210411071777
187.881645364,5.01373815536499
187.931645365,5.078134059906006
187.981645366,5.088216304779053
188.031645366,5.121706962585449
188.081645367,4.994400501251221
188.131645368,5.140433311462402
188.181645369,5.106767654418945
188.231645369,5.1221771240234375
188.28164537,4.993417739868164
188.331645371,5.129809856414795
188.381645372,5.069595813751221
188.431645372,5.0736308097839355
188.481645373,5.0432915687561035
188.531645374,5.109781742095947
188.581645375,5.042261123657227
188.631645375,5.097790718078613
188.681645376,4.975564002990723
188.731645377,5.067721843719482
188.781645378,4.977614402770996
188.831645378,5.070816516876221
188.881645379,4.987133502960205
188.93164538,5.076486587524414
188.981645381,5.001537799835205
189.031645381,5.0598554611206055
189.081645382,5.084173202514648
189.131645383,5.149616718292236
189.181645384,5.045315742492676
189.231645384,5.103073596954346
189.281645385,5.03132438659668
189.331645386,5.12052583694458
189.381645387,5.0739312171936035
189.431645387,5.141207695007324
189.481645388,5.064188480377197
189.531645389,5.603442668914795
189.58164539,5.971926212310791
189.63164539,6.412089824676514
189.681645391,6.652245044708252
189.731645392,6.964517116546631
189.781645392,7.111652851104736
189.831645393,7.325266361236572
189.881645394,7.408364295959473
189.931645395,7.567419052124023
189.981645395,7.626983165740967
190.031645396,7.7808451652526855
190.081645397,7.87729549407959
190.131645398,8.080419540405273
190.181645398,8.222319602966309
190.231645399,8.449881553649902
190.2816454,8.622217178344727
190.331645401,8.859477043151855
190.381645401,9.048685073852539
190.431645402,9.284119606018066
190.481645403,9.488927841186523
190.531645404,9.722557067871094
190.581645404,9.937463760375977
190.631645405,10.167713165283203
190.681645406,10.31325912475586
190.731645407,10.326179504394531
190.781645407,10.305619239807129
190.831645408,10.73978328704834
190.881645409,11.113470077514648
190.93164541,11.446141242980957
190.98164541,11.748476028442383
191.031645411,12.0267915725708
191.081645412,12.288176536560059
191.131645413,12.534411430358887
191.181645413,12.767729759216309
191.231645414,12.991827964782715
191.281645415,13.207683563232422
191.331645416,13.417576789855957
191.381645416,13.621789932250977
191.431645417,13.821216583251953
191.481645418,14.017534255981445
191.531645419,14.210139274597168
191.581645419,14.39879322052002
191.63164542,14.584095001220703
191.681645421,14.765914916992188
191.731645422,14.946308135986328
191.781645422,15.122964859008789
191.831645423,15.29710578918457
191.881645424,15.466279983520508
191.931645425,15.63104248046875
191.981645425,15.793590545654297
192.031645426,15.949323654174805
192.081645427,15.993680000305176
192.131645428,15.970549583435059
192.181645428,16.069913864135742
192.231645429,16.338544845581055
192.28164543,16.57750701904297
192.33164543,16.791006088256836
192.381645431,16.985166549682617
192.431645432,17.16039276123047
192.481645433,17.323928833007812
192.531645433,17.478191375732422
192.581645434,17.62459373474121
192.631645435,17.766157150268555
192.681645436,17.903039932250977
192.731645436,18.038774490356445
192.781645437,18.173778533935547
192.831645438,18.310096740722656
192.881645439,18.447078704833984
192.931645439,18.58378028869629
192.98164544,18.719547271728516
193.031645441,18.85300636291504
193.081645442,18.984350204467773
193.131645442,19.113462448120117
193.181645443,19.240083694458008
193.231645444,19.364940643310547
193.281645445,19.48858070373535
193.331645445,19.608638763427734
193.381645446,19.71791648864746
193.431645447,19.80605697631836
193.481645448,19.866981506347656
193.531645448,19.916719436645508
193.581645449,19.969406127929688
193.63164545,20.029117584228516
193.681645451,20.097726821899414
193.731645451,20.175052642822266
193.781645452,20.26128578186035
193.831645453,20.35468101501465
193.881645454,20.453269958496094
193.931645454,20.553640365600586
193.981645455,20.65237045288086
194.031645456,20.747983932495117
194.081645457,20.841798782348633
194.131645457,20.936079025268555
194.181645458,21.02935791015625
194.231645459,21.123001098632812
194.28164546,21.214210510253906
194.33164546,21.30150604248047
194.381645461,21.384315490722656
194.431645462,21.462574005126953
194.481645463,21.537673950195312
194.531645463,21.610376358032227
194.581645464,21.680559158325195
194.631645465,21.747467041015625
194.681645466,21.81171226501465
194.731645466,21.873157501220703
194.781645467,21.9310302734375
194.831645468,21.983951568603516
194.881645468,22.03215789794922
194.931645469,22.07640266418457
194.98164547,22.115751266479492
195.031645471,22.151010513305664
195.081645471,22.183801651000977
195.131645472,22.21483612060547
195.181645473,22.245346069335938
195.231645474,22.27322769165039
195.281645474,22.29727554321289
195.331645475,22.319107055664062
195.381645476,22.338228225708008
195.431645477,22.35437774658203
195.481645477,22.367069244384766
195.531645478,22.375490188598633
195.581645479,22.38023567199707
195.63164548,22.382822036743164
195.68164548,22.384109497070312
195.731645481,22.383974075317383
195.781645482,22.383081436157227
195.831645483,22.382144927978516
195.881645483,22.382232666015625
195.931645484,22.383974075317383
195.981645485,22.387042999267578
196.031645486,22.39132308959961
196.081645486,22.395822525024414
196.131645487,22.3996524810791
196.181645488,22.402746200561523
196.231645489,22.406497955322266
196.281645489,22.410381317138672
196.33164549,22.413558959960938
196.381645491,22.416038513183594
196.431645492,22.4178524017334
196.481645492,22.419376373291016
196.531645493,22.42136573791504
196.58164549399999,22.42442512512207
196.631645495,22.42821502685547
196.681645495,22.433551788330078
196.731645496,22.440082550048828
196.781645497,22.44727897644043
196.831645498,22.455007553100586
196.881645498,22.462961196899414
196.931645499,22.470809936523438
196.9816455,22.477602005004883
197.031645501,22.482894897460938
197.081645501,22.487546920776367
197.131645502,22.49131202697754
197.181645503,22.49361801147461
197.231645504,22.494611740112305
197.281645504,22.494441986083984
197.331645505,22.493892669677734
197.381645506,22.493412017822266
197.431645506,1.2788128852844238
