Time,header.seq,header.stamp.secs,header.stamp.nsecs,header.frame_id,velocity,acceleration.linear.x,acceleration.linear.y,acceleration.linear.z,acceleration.angular.x,acceleration.angular.y,acceleration.angular.z,orientation.x,orientation.y,orientation.z,orientation.w,control.header.seq,control.header.stamp.secs,control.header.stamp.nsecs,control.header.frame_id,control.throttle,control.steer,control.brake,control.hand_brake,control.reverse,control.gear,control.manual_gear_shift
22.031620327,1,22,31620327,map,4.151556491851807,-3.9371728897094727,0.3643752634525299,-1.0299681889591739e-05,0.0,0.0,0.0,-0.0039003508329757803,0.0005474045986743974,-0.9999922154986273,0.00023781028613107725,0,0,0,,0.8623297214508057,0.010580193251371384,0.0,False,False,1,False
22.081620328,2,22,81620328,map,4.336101055145264,-3.6899948120117188,0.15696309506893158,8.697508746990934e-05,0.0,0.0,0.0,0.003857964863257931,-0.0005491435847545999,0.9999923851447936,0.00021024001496190486,0,0,0,,0.8531105518341064,0.00958806648850441,0.0,False,False,1,False
22.081620328,3,22,131620328,map,4.507493019104004,-3.426961898803711,0.12952175736427307,0.0001356124848825857,0.0,0.0,0.0,0.003772918917163688,-0.0005051061414163898,0.9999925214335744,0.0006833941414558268,0,0,0,,0.8015453815460205,0.009464409202337265,0.0,False,False,1,False
22.181620329,4,22,181620329,map,4.661139488220215,-3.072195053100586,0.09871944785118103,0.0002063751162495464,0.0,0.0,0.0,0.0036422181441957283,-0.00044284275286084765,0.9999925950843268,0.001160996899128528,0,0,0,,0.7463080883026123,0.008990798145532608,0.0,False,False,1,False
22.23162033,5,22,231620330,map,4.793831825256348,-2.651844024658203,0.2156132459640503,0.00018978120351675898,0.0,0.0,0.0,0.0034618944403802055,-0.0004197566142209108,0.9999924632005894,0.0017066438661851996,0,0,0,,0.6980692148208618,0.011393669992685318,0.0,False,False,1,False
22.23162033,6,22,281620331,map,4.90899133682251,-2.3032474517822266,0.0066724419593811035,0.00011997221008641645,0.0,0.0,0.0,0.003241466844108632,-0.00035605840002952873,0.9999922237096438,0.0022177996655642963,0,0,0,,0.7086119055747986,0.008052092045545578,0.0,False,False,1,False
22.331620331,7,22,331620331,map,5.0117974281311035,-2.0538330078125,0.20883187651634216,7.686612661927938e-05,0.0,0.0,0.0,0.0030054118786518548,-0.0003380011346729816,0.9999916085712544,0.0027633388767770834,0,0,0,,0.6964938640594482,0.010924521833658218,0.0,False,False,1,False
22.331620331,8,22,381620332,map,5.101609706878662,-1.797018051147461,-0.054311603307724,0.05831889808177948,0.0,0.0,0.0,0.002748549302779871,-0.00026186681897621814,0.9999909834802588,0.003226431571237846,0,0,0,,0.6546116471290588,0.006547253578901291,0.0,False,False,1,False
22.431620333,9,22,431620333,map,5.154903888702393,-1.0637855529785156,0.17405182123184204,-0.03682708740234375,0.0,0.0,0.0,0.0024777661924131056,-0.00024956816935515054,0.9999893657385305,0.0038815976447975553,0,0,0,,0.6096117496490479,0.009241145104169846,0.0,False,False,1,False
22.431620333,10,22,481620334,map,5.105022430419922,0.9966754913330078,-0.07888332009315491,-0.01998157426714897,0.0,0.0,0.0,0.0019767852864371197,-0.00018518219532209093,0.9999902137701848,0.0039535289736830756,0,0,0,,0.620879590511322,0.005637701600790024,0.0,False,False,1,False
22.531620334,11,22,531620334,map,5.060848712921143,0.8830165863037109,-0.04160881042480469,-0.009367560967803001,0.0,0.0,0.0,0.0014161978295622738,-0.00011980308446356444,0.9999880718486346,0.004672921075559926,0,0,0,,0.6518614292144775,0.0041601695120334625,0.0,False,False,1,False
22.581620335,12,22,581620335,map,5.0269999504089355,0.6774425506591797,0.03237470984458923,-0.00328388181515038,0.0,0.0,0.0,0.0009632883919907846,-8.886263468563585e-05,0.9999889115262692,0.004608796308522981,0,0,0,,0.6252884864807129,0.005217928439378738,0.0,False,False,1,False
22.631620336,13,22,631620336,map,5.001799583435059,0.5019664764404297,-0.1722775399684906,-2.1744053810834885e-05,0.0,0.0,0.0,0.0006541095592017272,-1.1631408194007208e-05,0.9999864711057392,0.005160388637079073,0,0,0,,0.6795534491539001,-0.0006324313580989838,0.0,False,False,1,False
22.681620337,14,22,681620337,map,5.118937969207764,-2.346620559692383,-0.4166186451911926,0.011338233947753906,0.0,0.0,0.0,0.0007342340487197641,0.00017056330247044747,0.9999889590127596,0.0046382821279593485,0,0,0,,0.6880919933319092,-0.007704924792051315,0.0,False,False,1,False
22.731620337,15,22,731620337,map,5.2820048332214355,-3.2591819763183594,0.27986571192741394,-0.002194023225456476,0.0,0.0,0.0,0.0011668326926159637,0.00013376228853849043,0.9999893521996422,0.004462745394689865,0,0,0,,0.6452348232269287,0.0020906366407871246,0.0,False,False,1,False
22.781620338,16,22,781620338,map,5.188685894012451,1.865386962890625,-0.12130424380302429,-0.0007595060742460191,0.0,0.0,0.0,0.001219686273403191,0.00011186784384051094,0.9999884417878737,0.004649316255098173,0,0,0,,0.5704026222229004,-0.001993779093027115,0.0,False,False,1,False
22.781620338,17,22,831620339,map,5.236917495727539,-0.9656143188476562,-0.12333400547504425,7.781971362419426e-05,0.0,0.0,0.0,0.0010940677512468022,0.00014086638512466357,0.9999899986642155,0.004334252410697826,0,0,0,,0.6596940159797668,-0.003968995064496994,0.0,False,False,1,False
22.88162034,18,22,881620340,map,5.151679992675781,1.7040252685546875,-0.11590544134378433,0.0004446030652616173,0.0,0.0,0.0,0.0008623877184281171,0.0001655336250029921,0.9999897670784686,0.004437862592741088,0,0,0,,0.6570579409599304,-0.004730995744466782,0.0,False,False,1,False
22.88162034,19,22,931620340,map,5.21525764465332,-1.270914077758789,0.10183755308389664,0.0004383086343295872,0.0,0.0,0.0,0.0007469190298904577,0.00011718902326164367,0.9999911920480214,0.004128462797776364,0,0,0,,0.6287844777107239,-0.0005759038031101227,0.0,False,False,1,False
22.981620341,20,22,981620341,map,5.14015007019043,1.5032291412353516,0.13490304350852966,0.0003562927304301411,0.0,0.0,0.0,0.0006163564486886137,2.21830904281955e-05,0.9999900420662585,0.004419884722621643,0,0,0,,0.5849299430847168,0.002094034105539322,0.0,False,False,1,False
23.031620342,21,23,31620342,map,5.208695888519287,-1.37115478515625,-0.0240364670753479,0.0002676009899005294,0.0,0.0,0.0,0.0005970383985344003,-6.27002482732152e-06,0.9999907610328742,0.004256918454780093,0,0,0,,0.6259175539016724,-0.0007783584296703339,0.0,False,False,1,False
23.081620343,22,23,81620343,map,5.138047218322754,1.4134597778320312,0.05289733409881592,0.0002193450927734375,0.0,0.0,0.0,0.0005400583000728941,-3.150100001712698e-05,0.9999893759169708,0.004577706620871725,0,0,0,,0.6068779230117798,0.0007875673472881317,0.0,False,False,1,False
23.131620343,23,23,131620343,map,5.210393905639648,-1.4472007751464844,-0.025569722056388855,0.00018539429584052414,0.0,0.0,0.0,0.0005729955668279836,-2.4630494737389836e-05,0.9999901182200426,0.00440846137380367,0,0,0,,0.573261559009552,-0.0010843463242053986,0.0,False,False,1,False
23.181620344,24,23,181620344,map,5.135921955108643,1.4905643463134766,0.11914245784282684,6.31332368357107e-05,0.0,0.0,0.0,0.0005346083733259548,-6.086856460617806e-05,0.9999885269481636,0.004759880350049478,0,0,0,,0.508195161819458,0.002366449683904648,0.0,False,False,1,False
23.181620344,25,23,231620345,map,5.1993865966796875,-1.2700748443603516,-0.07935762405395508,5.531310671358369e-05,0.0,0.0,0.0,0.0005511106463748404,-3.875738919514748e-05,0.9999892430539131,0.004605274300421993,0,0,0,,0.5863865613937378,-0.0017228387296199799,0.0,False,False,1,False
23.281620346,26,23,281620346,map,5.120735168457031,1.5743064880371094,0.12862026691436768,-3.852843656204641e-05,0.0,0.0,0.0,0.0004926612851519963,-6.742790742200152e-05,0.9999875516270531,0.0049648090866572315,0,0,0,,0.5844626426696777,0.002593573182821274,0.0,False,False,1,False
23.281620346,27,23,331620346,map,5.184157848358154,-1.2678718566894531,0.06259456276893616,0.00011386870755814016,0.0,0.0,0.0,0.0005075660421326193,-9.19689309124754e-05,0.9999878757046244,0.004897179002328078,0,0,0,,0.5528411865234375,0.0019388236105442047,0.0,False,False,1,False
23.381620347,28,23,381620347,map,5.100162506103516,1.6787338256835938,-0.1250496506690979,2.193450927734375e-05,0.0,0.0,0.0,0.0004472078040955729,-4.787907261597814e-05,0.9999862283436701,0.005228846505248404,0,0,0,,0.48731082677841187,-0.002105157822370529,0.0,False,False,1,False
23.381620347,29,23,431620348,map,5.153955459594727,-1.0773277282714844,-0.16490690410137177,3.24249267578125e-05,0.0,0.0,0.0,0.00044277980422884847,4.2527719930318744e-05,0.9999877123934542,0.004937327166022121,0,0,0,,0.5645597577095032,-0.00532170757651329,0.0,False,False,1,False
23.481620348,30,23,481620348,map,5.063877105712891,1.8022441864013672,0.0751262903213501,-3.4904482163256034e-05,0.0,0.0,0.0,0.0003645110569431781,3.9440349710214415e-05,0.9999867277109132,0.005139063938914267,0,0,0,,0.5384145975112915,-0.000590052455663681,0.0,False,False,1,False
23.481620348,31,23,531620349,map,5.113571643829346,-0.9927272796630859,0.1290256530046463,2.8610233130166307e-05,0.0,0.0,0.0,0.00035610574486713315,-1.934385110620557e-05,0.999987628975003,0.004961321544278225,0,0,0,,0.5008118152618408,0.0016984008252620697,0.0,False,False,1,False
23.58162035,32,23,581620350,map,5.013592720031738,2.000885009765625,0.11386767029762268,-6.732941255904734e-05,0.0,0.0,0.0,0.00026817654714652325,-8.666268070493161e-05,0.9999855381828512,0.005370660673775527,0,0,0,,0.44460514187812805,0.003271985799074173,0.0,False,False,1,False
23.631620351,33,23,631620351,map,5.111061096191406,-1.9544124603271484,-0.6182253956794739,0.011037826538085938,0.0,0.0,0.0,0.00035630641412302615,0.00011186449915861487,0.9999864370394869,0.005194831002577932,0,0,0,,0.5272435545921326,-0.013728063553571701,0.0,False,False,1,False
23.681620351,34,23,681620351,map,5.143193244934082,-0.6408023834228516,0.292354941368103,-0.0044609070755541325,0.0,0.0,0.0,0.0006662955309412886,0.00010233394365977295,0.9999876605082789,0.004921829863816914,0,0,0,,0.5031010508537292,-0.0010993443429470062,0.0,False,False,1,False
23.731620352,35,23,731620352,map,5.187514781951904,-0.8850955963134766,0.16068056225776672,-0.0031246186699718237,0.0,0.0,0.0,0.00082351408053007,1.224313883876064e-06,0.9999871232265491,0.005007514767898367,0,0,0,,0.43733546137809753,0.0010957233607769012,0.0,False,False,1,False
23.781620353,36,23,781620353,map,5.04644250869751,2.8217124938964844,0.01473948359489441,-0.0018198012840002775,0.0,0.0,0.0,0.0005925461397116595,-4.8593710643093505e-05,0.9999887633838676,0.00470315146757312,0,0,0,,0.3706682622432709,0.0005808211863040924,0.0,False,False,1,False
23.831620354000002,37,23,831620354,map,5.027939796447754,0.3684425354003906,-0.19177258014678955,-0.09597358107566833,0.0,0.0,0.0,0.0003257733155013622,6.798355894682983e-06,0.9999897802101493,0.004509246143908092,0,0,0,,0.4464077651500702,-0.004874739795923233,0.0,False,False,1,False
23.831620354000002,38,23,881620354,map,4.993772029876709,0.6845283508300781,0.1404903084039688,0.10256442427635193,0.0,0.0,0.0,0.00025058652821269067,-1.2032317909986928e-05,0.9999901004002874,0.004442540156066117,0,0,0,,0.43640539050102234,0.0013642571866512299,0.0,False,False,1,False
23.931620355,39,23,931620355,map,5.040953159332275,-0.9461307525634766,-0.3286767601966858,0.00530395470559597,0.0,0.0,0.0,0.0002826164061489573,9.126530993495277e-05,0.9999910161962233,0.004228395139389173,0,0,0,,0.3891325294971466,-0.00652182474732399,0.0,False,False,1,False
23.981620356,40,23,981620356,map,4.968571662902832,1.450338363647461,0.3461093306541443,-0.07118969410657883,0.0,0.0,0.0,0.00020389395648758095,1.0362493799950757e-05,0.999990874190055,0.004267300842778133,0,0,0,,0.3670438230037689,0.0043450333178043365,0.0,False,False,1,False
23.981620356,41,24,31620357,map,4.911229610443115,1.1440658569335938,-0.36551088094711304,0.032495882362127304,0.0,0.0,0.0,9.863311521428308e-05,6.873111043110023e-05,0.9999914190841905,0.004140930514994789,0,0,0,,0.43039628863334656,-0.006387341767549515,0.0,False,False,1,False
24.031620357,42,24,81620357,map,4.856081485748291,1.1012935638427734,-0.5345706939697266,0.01936817169189453,0.0,0.0,0.0,-2.0062195766723492e-05,0.00026842079661199545,0.9999933209837771,0.0036449328691469753,0,0,0,,0.4698307514190674,-0.0147169791162014,0.0,False,False,1,False
24.131620358,43,24,131620358,map,4.804378032684326,1.0341548919677734,0.09505420923233032,0.010222815908491611,0.0,0.0,0.0,-0.00011465591247703189,0.0002895022496434317,0.9999949232948038,0.0031711870156872495,0,0,0,,0.4468952715396881,-0.0062900446355342865,0.0,False,False,1,False
24.131620358,44,24,181620359,map,4.747553825378418,1.1369705200195312,0.19868338108062744,0.004475784488022327,0.0,0.0,0.0,-0.000190411885511544,0.00017106216953081913,0.9999956508369167,0.002938160700100181,0,0,0,,0.38444116711616516,-0.0010742433369159698,0.0,False,False,1,False
24.23162036,45,24,231620360,map,4.690006256103516,1.150369644165039,-0.3097320795059204,0.0009168626274913549,0.0,0.0,0.0,-0.00025843761575128604,0.0001852815662355244,0.9999965114860377,0.0026221930696733514,0,0,0,,0.4778941869735718,-0.009202685207128525,0.0,False,False,1,False
24.28162036,46,24,281620360,map,4.641845703125,0.9633922576904297,-0.20768670737743378,-0.0008930207695811987,0.0,0.0,0.0,-0.00029087920364286236,0.0002447269435174158,0.999997595177357,0.0021598929405649194,0,0,0,,0.48032185435295105,-0.01053345575928688,0.0,False,False,1,False
24.28162036,47,24,331620361,map,4.601606845855713,0.8158016204833984,-1.2513642311096191,-0.0017538073007017374,0.0,0.0,0.0,-0.0002832682433997113,0.0006294036612946965,0.9999992626744904,0.0009991299260442988,0,0,0,,0.5045677423477173,-0.03593634441494942,0.0,False,False,1,False
24.381620362,48,24,381620362,map,4.572258472442627,0.5879592895507812,-0.05765959620475769,-0.0017906189896166325,0.0,0.0,0.0,0.00023327477304998622,-0.0007472054007158384,-0.9999996500706662,0.0002951703147504209,0,0,0,,0.5211669206619263,-0.022861052304506302,0.0,False,False,1,False
24.381620362,49,24,431620363,map,4.542235374450684,0.6138038635253906,-0.6603077054023743,-0.001700019696727395,0.0,0.0,0.0,0.00016452745477382662,-0.0008631068176755068,-0.9999980867761292,0.0017476903098208186,0,0,0,,0.43302956223487854,-0.03333623334765434,0.0,False,False,1,False
24.481620363,50,24,481620363,map,4.512210369110107,0.5937385559082031,0.31284257769584656,-0.0011686322977766395,0.0,0.0,0.0,0.00010509198976663656,-0.0006960088705372568,-0.9999954775377504,0.002923941068561313,0,0,0,,0.5165764689445496,-0.016714002937078476,0.0,False,False,1,False
24.531620364,51,24,531620364,map,4.487415313720703,0.5137920379638672,-0.7242372632026672,-0.001072883722372353,0.0,0.0,0.0,4.679424853288111e-05,-0.0007290800662332855,-0.9999906725521264,0.0042568839896494634,0,0,0,,0.4933931827545166,-0.03289173170924187,0.0,False,False,1,False
24.531620364,52,24,581620365,map,4.464749336242676,0.46703338623046875,-0.43392300605773926,-0.0007183074485510588,0.0,0.0,0.0,-8.608472449961282e-06,-0.0008046282833466173,-0.9999827357449795,0.005820713977360314,0,0,0,,0.4939698278903961,-0.03366158530116081,0.0,False,False,1,False
24.581620365,53,24,631620366,map,4.431762218475342,0.6136035919189453,2.1321043968200684,-0.0003070831298828125,0.0,0.0,0.0,-4.8754276863145685e-05,-4.998595040668919e-05,-0.9999818392513438,0.0060263000195049645,0,0,0,,0.3817523419857025,0.024062346667051315,0.0,False,False,1,False
24.681620366,54,24,681620366,map,4.376397132873535,1.1246871948242188,-1.0787091255187988,-0.00026760101900435984,0.0,0.0,0.0,-1.709724326436809e-05,7.881232573991452e-06,-0.9999798975244261,0.0063406776143106,0,0,0,,0.2754174768924713,-0.020489927381277084,0.0,False,False,1,False
24.731620367,55,24,731620367,map,4.305359840393066,1.4285659790039062,-0.3061427175998688,-0.0002237319858977571,0.0,0.0,0.0,9.439392285154382e-05,-0.00016414074456533507,-0.9999745831964869,0.007127209034109048,0,0,0,,0.3713991343975067,-0.019783180207014084,0.0,False,False,1,False
24.781620368,56,24,781620368,map,4.2298760414123535,1.5363311767578125,-0.8283764123916626,-7.05718994140625e-05,0.0,0.0,0.0,0.00023680601559009413,-0.00048147421382214794,-0.9999646252093494,0.008394071444659512,0,0,0,,0.32884904742240906,-0.03532806411385536,0.0,False,False,1,False
24.831620369,57,24,831620369,map,4.150084018707275,1.546783447265625,1.9989094734191895,1.0490421118447557e-05,0.0,0.0,0.0,0.0003723282236679666,6.709222711356823e-05,-0.9999635936642518,0.008524565467043513,0,0,0,,0.34634557366371155,0.024301964789628983,0.0,False,False,1,False
24.831620369,58,24,881620369,map,4.072479248046875,1.652078628540039,-3.0927886962890625,-6.904601468704641e-05,0.0,0.0,0.0,0.0005000220216629219,-0.0005300421062362778,-0.9999523375995639,0.009736095855692187,0,0,0,,0.42392757534980774,-0.08217853307723999,0.0,False,False,1,False
24.881620369,59,24,931620370,map,4.0029072761535645,1.7871665954589844,-4.783770561218262,-0.0010856627486646175,0.0,0.0,0.0,0.0006239218989206423,-0.0023055529868651167,-0.9998969345644055,0.014156814457839725,0,0,0,,0.6642122864723206,-0.20596742630004883,0.0,False,False,1,False
24.981620371,60,24,981620371,map,4.004096984863281,0.28354644775390625,-2.4038755893707275,-0.0015522002940997481,0.0,0.0,0.0,0.0006130988712236854,-0.003732685857415527,-0.9997760982114046,0.020819332632044465,0,0,0,,0.9404067993164062,-0.16786107420921326,0.0,False,False,1,False
24.981620371,61,25,31620372,map,4.05519437789917,-0.13035297393798828,-5.164803504943848,-0.0015981675824150443,0.0,0.0,0.0,0.00043267443784265306,-0.005138532466546854,-0.9995533157865815,0.029437682941626794,0,0,0,,0.9850221872329712,-0.29489144682884216,0.0,False,False,1,False
25.031620372,62,25,81620372,map,4.148626804351807,-0.41867733001708984,-6.124335289001465,-0.0035783767234534025,0.0,0.0,0.0,0.0002379310000269533,-0.007104946320565172,-0.9991015415392567,0.041780052902100594,0,0,0,,1.0,-0.34068062901496887,0.0,False,False,1,False
25.131620373,63,25,131620373,map,4.3246564865112305,-3.862619400024414,0.784757137298584,0.004261779598891735,0.0,0.0,0.0,-0.0003173647026632832,-0.006820547978708205,-0.9985425076876965,0.05353727435798709,0,0,0,,1.0,-0.15436586737632751,0.0,False,False,1,False
25.131620373,64,25,181620374,map,4.509236812591553,-2.7805233001708984,-3.7708187103271484,0.004101944155991077,0.0,0.0,0.0,-0.0009927086946144078,-0.006117265883625475,-0.997934328006622,0.06394271321681878,0,0,0,,1.0,-0.3128613531589508,0.0,False,False,1,False
25.231620375,65,25,231620375,map,4.6702961921691895,-1.0317611694335938,-7.060859203338623,-0.0035240172874182463,0.0,0.0,0.0,-0.0012725582059087128,-0.007344669110527698,-0.9969356633520658,0.07786988871217129,0,0,0,,1.0,-0.37583813071250916,0.0,False,False,1,False
25.281620375,66,25,281620375,map,4.891531467437744,-4.756221771240234,0.1341557502746582,0.0015953064430505037,0.0,0.0,0.0,-0.0016665426417016983,-0.007209505524457431,-0.9957257660867107,0.09206217690642088,0,0,0,,1.0,-0.12943866848945618,0.0,False,False,1,False
25.331620376,67,25,331620376,map,5.119797706604004,-3.701753616333008,-3.182501792907715,0.1092187911272049,0.0,0.0,0.0,-0.002229185685050305,-0.006055210500591229,-0.9946017793794497,0.10356478944220106,0,0,0,,1.0,-0.2924383580684662,0.0,False,False,1,False
25.381620377,68,25,381620377,map,5.174745082855225,1.294565200805664,-6.096625328063965,-0.05970516800880432,0.0,0.0,0.0,-0.0021562674172805637,-0.007199441774728687,-0.9929785348790015,0.11805569795020167,0,0,0,,1.0,-0.41859135031700134,0.0,False,False,1,False
25.431620378,69,25,431620378,map,5.25226354598999,0.4400920867919922,-4.603509902954102,-0.03501300513744354,0.0,0.0,0.0,-0.001426837075945582,-0.008126544480407422,-0.9908374095676017,0.13480783067808594,0,0,0,,1.0,-0.34449365735054016,0.0,False,False,0,False
25.481620378,70,25,481620378,map,5.079431533813477,5.681819915771484,-3.3672142028808594,-0.018981359899044037,0.0,0.0,0.0,-0.0003261769265795122,-0.008868489330381644,-0.9881888490163152,0.15298379713361732,0,0,0,,1.0,-0.43614310026168823,0.0,False,False,0,False
25.531620379,71,25,531620379,map,5.6318039894104,-7.24452018737793,-9.454660415649414,-0.0017534260405227542,0.0,0.0,0.0,-0.00023833359290411477,-0.010141122650229036,-0.9848792772895698,0.1729448177716406,0,0,0,,1.0,-0.3418063819408417,0.0,False,False,2,False
25.58162038,72,25,581620380,map,5.98150110244751,-1.5719223022460938,-10.255746841430664,-0.012154960073530674,0.0,0.0,0.0,-0.0005584770790578834,-0.012121690179000258,-0.9805988867481098,0.19564911458763165,0,0,0,,0.979092001914978,-0.4841329753398895,0.0,False,False,2,False
25.631620381,73,25,631620381,map,6.441860675811768,-4.364109039306641,-9.548759460449219,-0.0069505698047578335,0.0,0.0,0.0,-0.0007973277773760707,-0.013802609217063999,-0.9751424022262762,0.22114734370456207,0,0,0,,1.0,-0.3943527638912201,0.0,False,False,2,False
25.631620381,74,25,681620381,map,6.683623313903809,2.3112106323242188,-10.295243263244629,-0.0023897155188024044,0.0,0.0,0.0,-0.0003989997267473005,-0.015614244656845964,-0.9683826877417279,0.24897993141038796,0,0,0,,0.9136662483215332,-0.5,0.0,False,False,2,False
25.731620382,75,25,731620382,map,7.024440288543701,0.9052944183349609,-10.80474853515625,-0.0032747280783951283,0.0,0.0,0.0,0.0005159645971383707,-0.01747079532637568,-0.9599742627309662,0.2795423402372816,0,0,0,,1.0,-0.47631749510765076,0.0,False,False,2,False
25.781620383,76,25,781620383,map,7.226321220397949,4.678211212158203,-9.759483337402344,0.0002035149373114109,0.0,0.0,0.0,0.001816603983658272,-0.01903241380064236,-0.9498952265538636,0.31198321388349115,0,0,0,,0.8514207601547241,-0.5,0.0,False,False,2,False
25.831620384,77,25,831620384,map,7.485559940338135,4.3731689453125,-10.118322372436523,0.002545928582549095,0.0,0.0,0.0,0.0032719743783580176,-0.020220066967172108,-0.9381408610494394,0.3456474618812166,0,0,0,,0.7578903436660767,-0.5,0.0,False,False,2,False
25.881620384,78,25,881620384,map,7.633705139160156,6.903982162475586,-8.384361267089844,0.0044565205462276936,0.0,0.0,0.0,0.004872114886915085,-0.021003424975868778,-0.9247672649042,0.37992186617437124,0,0,0,,0.8116324543952942,-0.5,0.0,False,False,2,False
25.931620385,79,25,931620385,map,7.821152687072754,7.143054008483887,-8.61454963684082,0.004369353409856558,0.0,0.0,0.0,0.006497450151094559,-0.021526066787770595,-0.9098297507581086,0.41437209875378966,0,0,0,,0.7374787330627441,-0.5,0.0,False,False,2,False
25.981620386,80,25,981620386,map,7.923482894897461,9.072747230529785,-6.870384216308594,0.0035367964301258326,0.0,0.0,0.0,0.008176002011761207,-0.02182544904070965,-0.8933398705233266,0.4487768693890551,0,0,0,,0.7611736059188843,-0.5,0.0,False,False,2,False
25.981620386,81,26,31620386,map,8.0494966506958,9.482426643371582,-6.699113845825195,0.002278899773955345,0.0,0.0,0.0,0.009829744042735074,-0.02196637446462273,-0.8753631567749008,0.48286664648328587,0,0,0,,0.661763072013855,-0.5,0.0,False,False,2,False
26.031620386,82,26,81620387,map,8.103879928588867,10.844192504882812,-4.792757034301758,0.0018466950859874487,0.0,0.0,0.0,0.011481200230114329,-0.021921850667722783,-0.8559207994353306,0.5165144718190987,0,0,0,,0.6435810327529907,-0.5,0.0,False,False,2,False
26.081620387,83,26,131620388,map,8.163609504699707,11.222478866577148,-4.1127777099609375,0.0016242987476289272,0.0,0.0,0.0,0.013079417319601386,-0.02170923305449234,-0.8351221107786825,0.5494803892145046,0,0,0,,0.5327551960945129,-0.5,0.0,False,False,2,False
26.131620388,84,26,181620389,map,8.155911445617676,12.009029388427734,-1.996297836303711,0.00184288015589118,0.0,0.0,0.0,0.014633635349258685,-0.02128756072535484,-0.8130274144612427,0.5816520607797204,0,0,0,,0.4840778410434723,-0.5,0.0,False,False,2,False
26.231620389,85,26,231620389,map,8.145076751708984,12.132308959960938,-1.0328483581542969,0.0022266381420195103,0.0,0.0,0.0,0.016099403664402576,-0.020680959159992546,-0.78979100412554,0.6128158589105251,0,0,0,,0.46741244196891785,-0.5,0.0,False,False,2,False
26.28162039,86,26,281620390,map,8.081661224365234,12.349482536315918,0.9295272827148438,0.002199363661929965,0.0,0.0,0.0,0.017468923962980273,-0.01990301396031035,-0.7654704141873538,0.6429259302086923,0,0,0,,0.43222925066947937,-0.5,0.0,False,False,2,False
26.331620391,87,26,331620391,map,8.021821975708008,12.153524398803711,1.7878246307373047,0.0022832872346043587,0.0,0.0,0.0,0.01869876552798506,-0.01899500258651745,-0.7402262190842317,0.671829361240435,0,0,0,,0.4250493347644806,-0.5,0.0,False,False,2,False
26.381620392,88,26,381620392,map,7.94736909866333,10.71821403503418,2.8012657165527344,0.0066061015240848064,0.0,0.0,0.0,0.019439476724884348,-0.017756429859549706,-0.7146029215785986,0.6990346775480003,0,0,0,,0.444562703371048,-0.4608319103717804,0.0,False,False,2,False
26.381620392,89,26,431620392,map,7.963974952697754,5.135214328765869,0.5522632598876953,0.022867392748594284,0.0,0.0,0.0,0.018497949510907264,-0.01552935431333348,-0.6909090763136014,0.7225381050754272,0,0,0,,0.49240604043006897,-0.2777837812900543,0.0,False,False,2,False
26.431620392,90,26,481620393,map,7.940512180328369,-1.369307041168213,0.22306442260742188,0.04250621423125267,0.0,0.0,0.0,0.014923134626307004,-0.0117684634024121,-0.6731143423157911,0.7392941806147612,0,0,0,,0.31892460584640503,-0.08773815631866455,0.0,False,False,2,False
26.531620394,91,26,531620394,map,7.882594108581543,-6.337189674377441,0.1519298553466797,0.02713012509047985,0.0,0.0,0.0,0.009531528052382941,-0.006922661841643093,-0.6640083635370448,0.7476323427185776,0,0,0,,0.1368417590856552,0.09779852628707886,0.0,False,False,2,False
26.581620395,92,26,581620395,map,7.712042808532715,-7.314882278442383,2.568645477294922,-0.011729234829545021,0.0,0.0,0.0,0.004185781036946886,-0.002088394578306064,-0.6630247381550374,0.7485828707896276,0,0,0,,0.053402747958898544,0.15295928716659546,0.0,False,False,2,False
26.581620395,93,26,631620395,map,7.57885217666626,-5.5226640701293945,2.2399520874023438,-0.036505892872810364,0.0,0.0,0.0,0.0004909152525781325,0.0014074367055618515,-0.6673473439651573,0.7447451246075967,0,0,0,,0.05232757702469826,0.1622815728187561,0.0,False,False,2,False
26.681620396,94,26,681620396,map,7.37480354309082,-3.964036703109741,3.8951683044433594,-0.03222217410802841,0.0,0.0,0.0,-0.0014141287305648837,0.003460171898277336,-0.6737733584637502,0.7389286087808797,0,0,0,,0.05853765085339546,0.14672113955020905,0.0,False,False,2,False
26.681620396,95,26,731620397,map,7.243464946746826,-2.8513855934143066,2.5539493560791016,-0.018137739971280098,0.0,0.0,0.0,-0.0021541764690596477,0.004451820659652836,-0.6809656397039765,0.7322986674568708,0,0,0,,0.07657831907272339,0.1315656304359436,0.0,False,False,2,False
26.781620398,96,26,781620398,map,7.029540061950684,-1.3186075687408447,4.263153076171875,-0.006196022033691406,0.0,0.0,0.0,-0.001966022158259989,0.0046029638972846015,-0.6873258629478276,0.7263319527621359,0,0,0,,0.086677685379982,0.09352460503578186,0.0,False,False,2,False
26.831620398,97,26,831620398,map,6.904107093811035,-0.36693745851516724,2.5064563751220703,8.449540473520756e-05,0.0,0.0,0.0,-0.0013250955065111335,0.004190952879691005,-0.6925514981097349,0.7213550460777416,0,0,0,,0.13240332901477814,0.06259751319885254,0.0,False,False,2,False
26.881620399,98,26,881620399,map,6.691532611846924,0.14713332056999207,4.25236701965332,0.0020856857299804688,0.0,0.0,0.0,-0.0004987611655784298,0.0035668977634533278,-0.6961065867656339,0.717929417379692,0,0,0,,0.1692964732646942,0.035286787897348404,0.0,False,False,2,False
26.9316204,99,26,931620400,map,6.584174156188965,0.9027126431465149,2.155914306640625,0.0020181655418127775,0.0,0.0,0.0,0.00034953507994489727,0.0027576538462343782,-0.6983543080130895,0.7157468362836481,0,0,0,,0.23137922585010529,0.006092626601457596,0.0,False,False,2,False
26.981620401,100,26,981620401,map,6.387532711029053,0.573867678642273,3.9422035217285156,0.0013526915572583675,0.0,0.0,0.0,0.001008853342458217,0.002105197324516647,-0.6992114125852025,0.7149111489337429,0,0,0,,0.28471219539642334,-0.00346238911151886,0.0,False,False,2,False
27.031620401,101,27,31620401,map,6.312697410583496,0.5071420669555664,1.5071868896484375,0.0007591248140670359,0.0,0.0,0.0,0.0013682947744851875,0.0015890815635921359,-0.6995741841954609,0.7145569000411721,0,0,0,,0.35251542925834656,-0.00933120772242546,0.0,False,False,2,False
27.031620401,102,27,81620402,map,6.141205787658691,-0.13987332582473755,3.427591323852539,0.0007698059198446572,0.0,0.0,0.0,0.0014265096479536958,0.001369195418575831,-0.6994359020648528,0.7146925977487495,0,0,0,,0.3720889091491699,-0.0007843524217605591,0.0,False,False,2,False
27.081620402,103,27,131620403,map,6.098806381225586,0.22888004779815674,0.8533954620361328,0.0005710602272301912,0.0,0.0,0.0,0.0013643849394579526,0.0011431028612523203,-0.6994355349286906,0.7146934757283029,0,0,0,,0.4081360101699829,-0.00629265233874321,0.0,False,False,2,False
27.181620404,104,27,181620404,map,5.949298858642578,0.08863359689712524,2.9932022094726562,0.0005556106334552169,0.0,0.0,0.0,0.0012933407356289636,0.000977714348528217,-0.6990437265982905,0.71507708650744,0,0,0,,0.41703543066978455,-0.006134245544672012,0.0,False,False,2,False
27.231620404,105,27,231620404,map,5.9320268630981445,-0.4861438274383545,0.33432960510253906,0.00035419463529251516,0.0,0.0,0.0,0.001002947389806153,0.0009390048085542343,-0.6991445500110374,0.7149790280535275,0,0,0,,0.43277356028556824,0.008024685084819794,0.0,False,False,2,False
27.281620405,106,27,281620405,map,5.798483848571777,-0.3159204125404358,2.66510009765625,0.00021076202392578125,0.0,0.0,0.0,0.0007513152943537511,0.0009545626334572592,-0.6991598975980325,0.7149643081484669,0,0,0,,0.41664618253707886,0.008575018495321274,0.0,False,False,2,False
27.331620406,107,27,331620406,map,5.798732280731201,-0.3959186375141144,-0.011730194091796875,9.17434663278982e-05,0.0,0.0,0.0,0.0004773011777479472,0.0009277886910547074,-0.6996673734277306,0.7144679684579788,0,0,0,,0.4599108099937439,0.01375286653637886,0.0,False,False,2,False
27.381620407,108,27,381620407,map,5.679068565368652,-0.024670064449310303,2.393178939819336,3.9863589336164296e-05,0.0,0.0,0.0,0.00037379631035966773,0.0008377321063079797,-0.6998702873792457,0.7142693744834145,0,0,0,,0.4631864130496979,0.006669510155916214,0.0,False,False,2,False
27.431620407,109,27,431620407,map,5.696257591247559,-0.5032922029495239,-0.3504753112792969,1.2016294022032525e-05,0.0,0.0,0.0,0.00016356442197916336,0.0007809883067339318,-0.7005128710218917,0.7136393212517168,0,0,0,,0.491173654794693,0.017599817365407944,0.0,False,False,2,False
27.431620407,110,27,481620408,map,5.59030294418335,-0.4128704071044922,2.115354537963867,-4.9591064453125e-05,0.0,0.0,0.0,-2.592081176113457e-06,0.0007814948998100355,-0.7009991955953412,0.7131616345778056,0,0,0,,0.4916025698184967,0.018622834235429764,0.0,False,False,2,False
27.531620409,111,27,531620409,map,5.623262882232666,0.35065993666648865,-0.6560516357421875,3.738403393072076e-05,0.0,0.0,0.0,-7.766928564017486e-06,0.0005432542190540581,-0.701617223470256,0.7125538411547697,0,0,0,,0.5087224841117859,0.0029983781278133392,0.0,False,False,2,False
27.58162041,112,27,581620410,map,5.531491756439209,-0.12271508574485779,1.8342781066894531,2.2888179955771193e-05,0.0,0.0,0.0,1.0553166767889813e-06,0.0003892789203447685,-0.7017925513985127,0.7123812625710858,0,0,0,,0.5473017692565918,0.007682517170906067,0.0,False,False,2,False
27.63162041,113,27,631620410,map,5.582346439361572,0.09628474712371826,-1.0161781311035156,1.0299681889591739e-05,0.0,0.0,0.0,-4.6944625275945377e-05,0.00019816186425960662,-0.7021995573810598,0.7119801543174652,0,0,0,,0.5598697662353516,0.0036948472261428833,0.0,False,False,2,False
27.63162041,114,27,681620411,map,5.506742000579834,-0.325400173664093,1.5092086791992188,-2.6130674086743966e-05,0.0,0.0,0.0,-0.00014901587762316374,0.00015079854181042918,-0.7023489202678952,0.7118328099017281,0,0,0,,0.5581245422363281,0.01135392114520073,0.0,False,False,2,False
27.681620411,115,27,731620412,map,5.57418155670166,0.4164615273475647,-1.34490966796875,-3.299712989246473e-05,0.0,0.0,0.0,-0.00016928885611004995,-6.947161555999307e-05,-0.7026575387346169,0.7115281791850468,0,0,0,,0.5861350893974304,-0.002972647547721863,0.0,False,False,2,False
27.781620413,116,27,781620413,map,5.5144147872924805,-0.13916201889514923,1.1939144134521484,-4.577635991154239e-06,0.0,0.0,0.0,-0.0002123097442573928,-0.00017409050743187965,-0.7025955546632305,0.7115893557273992,0,0,0,,0.5944055914878845,0.004260260611772537,0.0,False,False,2,False
27.831620413,117,27,831620413,map,5.597545146942139,-0.05562685430049896,-1.6632366180419922,-5.226135181146674e-05,0.0,0.0,0.0,-0.00034782030749325394,-0.0002784845000651975,-0.7028815745253698,0.711306750748335,0,0,0,,0.5863298773765564,0.004509057849645615,0.0,False,False,2,False
27.881620414,118,27,881620414,map,5.549598217010498,-0.3052420914173126,0.9564781188964844,3.2424918572360184e-06,0.0,0.0,0.0,-0.00048685552888296917,-0.000273214339931401,-0.7029734935636898,0.7112158291773879,0,0,0,,0.5919936299324036,0.010121289640665054,0.0,False,False,2,False
27.931620415,119,27,931620415,map,5.642830848693848,-0.1310809701681137,-1.8654918670654297,-9.117125591728836e-05,0.0,0.0,0.0,-0.0006459062057598159,-0.0003281583139469042,-0.7034484922770898,0.7107458714831789,0,0,0,,0.5983890295028687,0.009080473333597183,0.0,False,False,2,False
27.981620416,120,27,981620416,map,5.603507995605469,-0.2917502522468567,0.78521728515625,3.280639066360891e-05,0.0,0.0,0.0,-0.000754974005557492,-0.00031984694134464756,-0.7037067743018742,0.710490044626831,0,0,0,,0.581910252571106,0.012533914297819138,0.0,False,False,2,False
27.981620416,121,28,31620416,map,5.702336311340332,-0.06685957312583923,-1.9767475128173828,1.392364538332913e-05,0.0,0.0,0.0,-0.000852335381957866,-0.0003967029843216912,-0.7042778430148028,0.7099238240751999,0,0,0,,0.6017292141914368,0.009382758289575577,0.0,False,False,2,False
28.031620416,122,28,81620417,map,5.6690521240234375,-0.09419231116771698,0.6655025482177734,-6.561279587913305e-05,0.0,0.0,0.0,-0.0008665791501680618,-0.00044388342232150324,-0.7045229892960073,0.7096804982254351,0,0,0,,0.5917301177978516,0.008748222142457962,0.0,False,False,2,False
28.081620417,123,28,131620418,map,5.77116060256958,-0.06728751957416534,-2.042255401611328,3.1089784897631034e-05,0.0,0.0,0.0,-0.0009157557915218129,-0.0005324413526625006,-0.7050347442186191,0.7091719730376566,0,0,0,,0.5845047235488892,0.008057311177253723,0.0,False,False,2,False
28.131620418,124,28,181620419,map,5.740546226501465,0.2036588191986084,0.6126594543457031,7.820126484148204e-06,0.0,0.0,0.0,-0.0008392493479523626,-0.0006328513056405516,-0.7051162458587615,0.7090909497277508,0,0,0,,0.5928946733474731,0.0010850094258785248,0.0,False,False,2,False
28.231620419,125,28,231620419,map,5.844170570373535,-0.24895814061164856,-2.072887420654297,6.980896432651207e-05,0.0,0.0,0.0,-0.0008998745601240278,-0.0006763375057346959,-0.7055030857544967,0.7087059536819468,0,0,0,,0.6042611002922058,0.008646775037050247,0.0,False,False,2,False
28.28162042,126,28,281620420,map,5.81604528427124,0.2938899099826813,0.5630302429199219,1.1444080882938579e-06,0.0,0.0,0.0,-0.0008240298587212827,-0.0007519248003339244,-0.7054905051347309,0.7087184933022623,0,0,0,,0.5669094920158386,-0.0017387382686138153,0.0,False,False,2,False
28.331620421,127,28,331620421,map,5.917595863342285,-0.29151651263237,-2.031536102294922,3.242494130972773e-06,0.0,0.0,0.0,-0.0008900975287235749,-0.0007609511908290543,-0.7057988348978741,0.7084113447259848,0,0,0,,0.5857797861099243,0.007940482348203659,0.0,False,False,2,False
28.381620422,128,28,381620422,map,5.887789249420166,0.3255719542503357,0.5967521667480469,-2.0980833141948096e-05,0.0,0.0,0.0,-0.000807578976241888,-0.0008111928197930894,-0.7057224612819639,0.7084874716073201,0,0,0,,0.5658552646636963,-0.0032873041927814484,0.0,False,False,2,False
28.431620422,129,28,431620422,map,5.984763145446777,-0.4704148769378662,-1.9400882720947266,1.4495846698991954e-05,0.0,0.0,0.0,-0.0009077932078177142,-0.0007536160901695303,-0.7060415610229219,0.7081694162293343,0,0,0,,0.5517999529838562,0.010887060314416885,0.0,False,False,2,False
28.481620423,130,28,481620423,map,5.949479579925537,0.1713695228099823,0.7056713104248047,-4.7683693082944956e-06,0.0,0.0,0.0,-0.0008662587979073811,-0.0007273488495846313,-0.7060737433458776,0.7081374086410673,0,0,0,,0.543756365776062,0.000997491180896759,0.0,False,False,2,False
28.481620423,131,28,531620424,map,6.039976596832275,0.11917218565940857,-1.8097877502441406,6.427764310501516e-05,0.0,0.0,0.0,-0.0008163748003175039,-0.0007854953649322241,-0.7062728022675167,0.7079388711650226,0,0,0,,0.5682483315467834,-0.0004727803170681,0.0,False,False,2,False
28.581620424,132,28,581620424,map,6.001922607421875,-0.07047426700592041,0.7609748840332031,-4.692077709478326e-05,0.0,0.0,0.0,-0.0007656950751626905,-0.0007511056773267923,-0.7061817239122349,0.70802981742555,0,0,0,,0.5414623618125916,0.002335917204618454,0.0,False,False,2,False
28.631620425,133,28,631620425,map,6.088832378387451,0.036933690309524536,-1.7381477355957031,7.667541649425402e-05,0.0,0.0,0.0,-0.0007610500658926351,-0.0007577577357453471,-0.7063592705366102,0.7078526877345309,0,0,0,,0.5701672434806824,0.0007413700222969055,0.0,False,False,2,False
28.681620426,134,28,681620426,map,6.049685478210449,0.03629028797149658,0.7829952239990234,6.294249033089727e-06,0.0,0.0,0.0,-0.0007061847990195684,-0.0007315821683306621,-0.7062315693089891,0.7079801809386497,0,0,0,,0.5556735992431641,0.0001556985080242157,0.0,False,False,2,False
28.731620427,135,28,731620427,map,6.1340484619140625,-0.3873634934425354,-1.68731689453125,7.03811674611643e-05,0.0,0.0,0.0,-0.0008034416629098696,-0.0006449384001446031,-0.706526808743047,0.7076855283692894,0,0,0,,0.5382887721061707,0.00924762710928917,0.0,False,False,2,False
28.781620427,136,28,781620427,map,6.089051723480225,-0.024098530411720276,0.8999729156494141,-0.00011558532423805445,0.0,0.0,0.0,-0.0007978278787761496,-0.0005652811813991385,-0.7066071124885844,0.7076054214803662,0,0,0,,0.49532753229141235,0.004639614373445511,0.0,False,False,2,False
28.781620427,137,28,831620428,map,6.162839412689209,-0.023342706263065338,-1.4757156372070312,4.5967099140398204e-05,0.0,0.0,0.0,-0.0007834688088803871,-0.0005630919907197254,-0.7069348411733622,0.7072780213178042,0,0,0,,0.5118020176887512,0.0038263238966464996,0.0,False,False,2,False
28.831620428,138,28,881620429,map,6.109408378601074,-0.026990380138158798,1.0686779022216797,-2.746581958490424e-05,0.0,0.0,0.0,-0.000709371103079612,-0.0005209340424085587,-0.7069609136543681,0.7072520710364465,0,0,0,,0.5057539343833923,0.0034165754914283752,0.0,False,False,2,False
28.93162043,139,28,931620430,map,6.175968170166016,-0.05611510947346687,-1.3310718536376953,7.24792471373803e-06,0.0,0.0,0.0,-0.0006859213978720436,-0.0005094105011304612,-0.7072539378133101,0.7069590776419408,0,0,0,,0.5027307271957397,0.0037730634212493896,0.0,False,False,2,False
28.93162043,140,28,981620430,map,6.117641925811768,-0.09951435029506683,1.1668205261230469,3.376007225597277e-05,0.0,0.0,0.0,-0.0006341555693975896,-0.0004410449181376583,-0.7072889549133139,0.7069241384927566,0,0,0,,0.5217783451080322,0.004831302911043167,0.0,False,False,2,False
28.98162043,141,29,31620431,map,6.181532382965088,-0.02009522169828415,-1.2777519226074219,3.604888479458168e-05,0.0,0.0,0.0,-0.000617960574972575,-0.00043457319756919863,-0.7075921419957947,0.7066206831509156,0,0,0,,0.5151458978652954,0.0034307055175304413,0.0,False,False,2,False
29.081620432,142,29,81620432,map,6.120675086975098,0.1196073591709137,1.2167930603027344,-4.863739013671875e-05,0.0,0.0,0.0,-0.0005209893412517489,-0.0004318961987065639,-0.7075410968653104,0.7066718745516997,0,0,0,,0.4863103926181793,-3.350153565406799e-05,0.0,False,False,2,False
29.131620433,143,29,131620433,map,6.179818630218506,0.10279124975204468,-1.1830806732177734,-3.757476224564016e-05,0.0,0.0,0.0,-0.0004625396779079537,-0.00047827525599488226,-0.7076794731227275,0.7065333117628387,0,0,0,,0.5068609714508057,-0.0012615732848644257,0.0,False,False,2,False
29.131620433,144,29,181620433,map,6.115068435668945,-0.00025186687707901,1.295003890991211,3.910064697265625e-05,0.0,0.0,0.0,-0.00039775644699203565,-0.0004493409290916277,-0.7075174668329737,0.7066956020867754,0,0,0,,0.4900873303413391,0.00018181279301643372,0.0,False,False,2,False
29.181620433,145,29,231620434,map,6.1693549156188965,-0.20313605666160583,-1.0852241516113281,1.392364538332913e-05,0.0,0.0,0.0,-0.0004437195683799857,-0.0003940327382477029,-0.7077184734282256,0.7064943101112479,0,0,0,,0.4568720757961273,0.004853736609220505,0.0,False,False,2,False
29.281620435,146,29,281620435,map,6.096532821655273,0.17563742399215698,1.455984115600586,-1.1253359843976796e-05,0.0,0.0,0.0,-0.00036918997828732893,-0.000363402586767531,-0.7076032381546722,0.7066097855183877,0,0,0,,0.46174517273902893,-0.0016054771840572357,0.0,False,False,2,False
29.331620436,147,29,331620436,map,6.144603252410889,0.13270655274391174,-0.9615898132324219,8.010865713004023e-06,0.0,0.0,0.0,-0.00030806182155053685,-0.0004011758690623176,-0.7076733119020416,0.7065396151507941,0,0,0,,0.4937625229358673,-0.0028137825429439545,0.0,False,False,2,False
29.331620436,148,29,381620436,map,6.0701212882995605,-0.02130500040948391,1.4896583557128906,6.6757183958543465e-06,0.0,0.0,0.0,-0.00025208358723426746,-0.0003578334465245546,-0.7074551266552698,0.7067581284840421,0,0,0,,0.48770228028297424,-0.0002922527492046356,0.0,False,False,2,False
29.431620437,149,29,431620437,map,6.120150566101074,0.09910061955451965,-1.0006427764892578,-2.5939938495866954e-05,0.0,0.0,0.0,-0.00024051017750260792,-0.00037263108852164184,-0.7074981262126492,0.7067150802880302,0,0,0,,0.5232308506965637,-0.0024375952780246735,0.0,False,False,2,False
29.481620438,150,29,481620438,map,6.0502424240112305,0.11235406994819641,1.3982009887695312,-2.403259350103326e-05,0.0,0.0,0.0,-0.00018764501227003355,-0.00036821524987802156,-0.7072150516557976,0.7069983733491659,0,0,0,,0.5319815874099731,-0.0033760927617549896,0.0,False,False,2,False
29.531620439,151,29,531620439,map,6.107100486755371,-0.30466192960739136,-1.1370086669921875,3.395080420887098e-05,0.0,0.0,0.0,-0.0002933068609541897,-0.00031665009140870013,-0.7073417810695259,0.7068715714026103,0,0,0,,0.5231781601905823,0.00532696396112442,0.0,False,False,2,False
29.581620439,152,29,581620439,map,6.041820526123047,0.23531408607959747,1.3054084777832031,-2.47955322265625e-05,0.0,0.0,0.0,-0.00026917751484898826,-0.00032417005201524225,-0.7071617865438734,0.7070516459985933,0,0,0,,0.5278159976005554,-0.003433872014284134,0.0,False,False,2,False
29.63162044,153,29,631620440,map,6.103214740753174,0.10533228516578674,-1.2278175354003906,-3.1852719985181466e-05,0.0,0.0,0.0,-0.00027002784520785156,-0.0004039988423290895,-0.707182363900078,0.7070310234060425,0,0,0,,0.5382840633392334,-0.003143269568681717,0.0,False,False,2,False
29.681620441,154,29,681620441,map,6.041123390197754,-0.12102282047271729,1.24176025390625,-8.77380352903856e-06,0.0,0.0,0.0,-0.00029455482913650916,-0.00037733413415454273,-0.7069697159857387,0.7072436578262458,0,0,0,,0.502454936504364,0.0014165900647640228,0.0,False,False,2,False
29.681620441,155,29,731620442,map,6.10109281539917,-0.5200796723365784,-1.1983013153076172,2.346038854739163e-05,0.0,0.0,0.0,-0.0004793524895085607,-0.0002644843391708326,-0.7072876310929016,0.706925673018187,0,0,0,,0.4803219139575958,0.012013338506221771,0.0,False,False,2,False
29.781620442,156,29,781620442,map,6.03326416015625,0.1723141223192215,1.3559722900390625,-4.4250486098462716e-05,0.0,0.0,0.0,-0.00046725830885650766,-0.00023879728810508765,-0.7073315989046479,0.7068816972001202,0,0,0,,0.47745853662490845,0.0011957697570323944,0.0,False,False,2,False
29.831620443,157,29,831620443,map,6.088344097137451,0.022866688668727875,-1.1016654968261719,3.528594970703125e-05,0.0,0.0,0.0,-0.00044488940573060386,-0.0002922419469953792,-0.7075764076973619,0.7066366420857028,0,0,0,,0.5041568279266357,0.001576986163854599,0.0,False,False,2,False
29.831620443,158,29,881620444,map,6.018196105957031,-0.10644558817148209,1.4032936096191406,-5.8174126024823636e-05,0.0,0.0,0.0,-0.00041354339555797455,-0.0002609636296794248,-0.7075491320791221,0.7066639842060191,0,0,0,,0.4766019582748413,0.004055250436067581,0.0,False,False,2,False
29.931620445,159,29,931620445,map,6.071778297424316,-7.264316082000732e-05,-1.0716533660888672,5.760193016612902e-05,0.0,0.0,0.0,-0.00041611013557100573,-0.00027833469544750973,-0.7078017332939565,0.7064109680124053,0,0,0,,0.5100311636924744,0.0023698993027210236,0.0,False,False,2,False
29.931620445,160,29,981620445,map,6.000916481018066,-0.12021072208881378,1.4177322387695312,-2.193450927734375e-05,0.0,0.0,0.0,-0.00039828456600492126,-0.00023308313307417899,-0.7077952592339931,0.7064174814141718,0,0,0,,0.4852586090564728,0.004770021885633469,0.0,False,False,2,False
30.031620446,161,30,31620446,map,6.053144931793213,-0.10856568813323975,-1.0440444946289062,-1.0108947208209429e-05,0.0,0.0,0.0,-0.00043181366007864476,-0.0002233575854382803,-0.7081140240951332,0.7060979340914042,0,0,0,,0.47003018856048584,0.005211595445871353,0.0,False,False,2,False
30.081620447,162,30,81620447,map,5.978947639465332,-0.04794217646121979,1.4842414855957031,-1.239776611328125e-05,0.0,0.0,0.0,-0.0004018809996887683,-0.00018557889484992538,-0.7081541345919978,0.7060577353959054,0,0,0,,0.49270108342170715,0.004458416253328323,0.0,False,False,2,False
30.131620448,163,30,131620448,map,6.029846668243408,0.3179234564304352,-1.019430160522461,2.5176999770337716e-05,0.0,0.0,0.0,-0.0003186360337046562,-0.0002908446137708535,-0.708324813797864,0.7058865149857375,0,0,0,,0.48442524671554565,-0.004212956875562668,0.0,False,False,2,False
30.181620448,164,30,181620448,map,5.953934669494629,0.08565014600753784,1.5180015563964844,1.33514404296875e-05,0.0,0.0,0.0,-0.00021956089650143027,-0.00032487208010916954,-0.7081004455441462,0.7061116096420776,0,0,0,,0.45840707421302795,-0.0022720880806446075,0.0,False,False,2,False
30.231620449,165,30,231620449,map,6.00337553024292,0.0860908254981041,-0.9889984130859375,-1.277923547604587e-05,0.0,0.0,0.0,-0.00019848469059067356,-0.0003670319118626727,-0.7081235075437798,0.706088467513312,0,0,0,,0.5175541639328003,-0.0027624182403087616,0.0,False,False,2,False
30.28162045,166,30,281620450,map,5.929067134857178,0.05854182690382004,1.4860725402832031,7.24792471373803e-06,0.0,0.0,0.0,-0.0001609237109521074,-0.0003501775689692578,-0.7078422421037391,0.7063704493909557,0,0,0,,0.49477940797805786,-0.002330634742975235,0.0,False,False,2,False
30.331620451,167,30,331620451,map,5.980285167694092,-0.2524969279766083,-1.0237693786621094,2.9754637580481358e-05,0.0,0.0,0.0,-0.0002546459568615049,-0.00029668648444281675,-0.7079690465030334,0.7062433548899077,0,0,0,,0.46024635434150696,0.004577610641717911,0.0,False,False,2,False
30.381620451,168,30,381620451,map,5.899420261383057,-0.056187957525253296,1.6175174713134766,-1.697540210443549e-05,0.0,0.0,0.0,-0.00027670666578096334,-0.0002136446326276832,-0.7078875373740092,0.7063250754574362,0,0,0,,0.39340832829475403,0.0030724816024303436,0.0,False,False,2,False
30.431620452,169,30,431620452,map,5.940263748168945,0.055386461317539215,-0.8170795440673828,5.7220458984375e-06,0.0,0.0,0.0,-0.0002731067344874858,-0.0002170688552935992,-0.7080776855584245,0.7061344556867681,0,0,0,,0.4608164429664612,0.0005163960158824921,0.0,False,False,2,False
30.481620453,170,30,481620453,map,5.852839946746826,-0.127610445022583,1.7490005493164062,-4.57763690064894e-06,0.0,0.0,0.0,-0.0002457602394283733,-0.00014658558311038595,-0.7080038882977185,0.706208476492518,0,0,0,,0.4377187192440033,0.004062075167894363,0.0,False,False,2,False
30.481620453,171,30,531620454,map,5.889882564544678,-0.11314366012811661,-0.7402896881103516,2.5939938495866954e-05,0.0,0.0,0.0,-0.0002703556731319802,-0.00010852883372293393,-0.7082813916858353,0.7059301561209004,0,0,0,,0.4144660234451294,0.00476030632853508,0.0,False,False,2,False
30.581620454,172,30,581620454,map,5.797009468078613,-0.038182586431503296,1.8577098846435547,3.185272362316027e-05,0.0,0.0,0.0,-0.0002270264687454368,-4.6545563014346335e-05,-0.708275523509559,0.7059360658655662,0,0,0,,0.4565002918243408,0.003941509872674942,0.0,False,False,2,False
30.631620455,173,30,631620455,map,5.833010673522949,-0.09373202919960022,-0.719451904296875,-1.411438006471144e-05,0.0,0.0,0.0,-0.0002336743056297507,-3.387777030723823e-05,-0.7085850956191146,0.7056253301257442,0,0,0,,0.45114001631736755,0.004880476742982864,0.0,False,False,2,False
30.631620455,174,30,681620456,map,5.737958908081055,0.4026527404785156,1.8990516662597656,1.1825559340650216e-05,0.0,0.0,0.0,-8.295957635641499e-05,-9.770954674986223e-05,-0.7084202651126309,0.7057908412187727,0,0,0,,0.3900562524795532,-0.006084870547056198,0.0,False,False,2,False
30.731620457,175,30,731620457,map,5.767789363861084,0.16262376308441162,-0.5970287322998047,-1.0871885933738668e-05,0.0,0.0,0.0,9.890791029459303e-06,-0.0001855824336509242,-0.7084094865541116,0.7058016469387646,0,0,0,,0.40221038460731506,-0.005157638341188431,0.0,False,False,2,False
30.781620457,176,30,781620457,map,5.665495872497559,-0.1519721895456314,2.0462608337402344,1.2207033250888344e-05,0.0,0.0,0.0,3.48747568496133e-05,-0.00010918147581315195,-0.7081489798776246,0.7060630348357266,0,0,0,,0.42024776339530945,0.0016877241432666779,0.0,False,False,2,False
30.831620458,177,30,831620458,map,5.691799163818359,-0.06759867072105408,-0.5258274078369141,-2.403259350103326e-05,0.0,0.0,0.0,-6.775753034991553e-06,-5.669591978905713e-05,-0.7082776848741449,0.7059339330624244,0,0,0,,0.38005009293556213,0.0018129311501979828,0.0,False,False,2,False
30.831620458,178,30,881620459,map,5.581042766571045,-0.22953447699546814,2.2162723541259766,-2.09808349609375e-05,0.0,0.0,0.0,-2.9067643973396602e-05,7.669041409337427e-05,-0.7082115503304963,0.7060002785071173,0,0,0,,0.33239901065826416,0.006761219352483749,0.0,False,False,2,False
30.93162046,179,30,931620460,map,5.597780704498291,0.07965724915266037,-0.3352069854736328,-1.5258797247952316e-06,0.0,0.0,0.0,-1.5632305645697793e-05,9.795193655428562e-05,-0.7084590315106313,0.7057519329283255,0,0,0,,0.3844718933105469,0.001312892884016037,0.0,False,False,2,False
30.93162046,180,30,981620460,map,5.48051643371582,-0.09838026016950607,2.34588623046875,2.0408628188306466e-05,0.0,0.0,0.0,3.704182547361961e-05,0.0001714938539460066,-0.7083973661545435,0.7058138145736925,0,0,0,,0.3835110664367676,0.004488486796617508,0.0,False,False,2,False
31.031620461,181,31,31620461,map,5.495932579040527,-0.2506343126296997,-0.3064918518066406,-2.6702877221396193e-05,0.0,0.0,0.0,-7.5080580574639165e-06,0.0002401473041761847,-0.7087553840499512,0.7054542847365146,0,0,0,,0.38377705216407776,0.008893918246030807,0.0,False,False,2,False
31.031620461,182,31,81620462,map,5.3750319480896,-0.22280104458332062,2.4202728271484375,2.6702889499574667e-06,0.0,0.0,0.0,-1.6788961390961905e-05,0.00035634324954126137,-0.70889608542031,0.7053128474750617,0,0,0,,0.3505181074142456,0.010925132781267166,0.0,False,False,2,False
31.131620462,183,31,131620462,map,5.388449668884277,0.45299553871154785,-0.27228355407714844,3.6239612200006377e-06,0.0,0.0,0.0,0.00010368426192396809,0.000241650509041806,-0.7091718230908817,0.7050356417859742,0,0,0,,0.405476450920105,-0.004821788519620895,0.0,False,False,2,False
31.181620463,184,31,181620463,map,5.267123699188232,-0.2473393827676773,2.4285125732421875,-3.433226538618328e-06,0.0,0.0,0.0,0.0001534996584553533,0.0002758188935122584,-0.7091053394742949,0.7051024875086158,0,0,0,,0.39066949486732483,0.00709567591547966,0.0,False,False,2,False
31.181620463,185,31,231620464,map,5.282496929168701,-0.16427673399448395,-0.30587196350097656,3.6239612200006377e-06,0.0,0.0,0.0,9.989114389411698e-05,0.0003071837389463144,-0.709465771775622,0.7047398203157892,0,0,0,,0.35767731070518494,0.007844675332307816,0.0,False,False,2,False
31.231620464,186,31,281620465,map,5.159446716308594,0.23327618837356567,2.4588966369628906,3.0517576306010596e-05,0.0,0.0,0.0,0.00018530840202814536,0.0002888457444777398,-0.7094031371542332,0.7048028598300834,0,0,0,,0.4180545508861542,-0.0004707537591457367,0.0,False,False,2,False
31.331620465,187,31,331620465,map,5.178845405578613,0.3672212064266205,-0.39046287536621094,-4.272460500942543e-05,0.0,0.0,0.0,0.00029030197903099855,0.00013816260528609067,-0.7094658247802073,0.7047397676481693,0,0,0,,0.43662962317466736,-0.007786605507135391,0.0,False,False,2,False
31.331620465,188,31,381620466,map,5.060872554779053,0.12099664658308029,2.3589420318603516,3.623962356869015e-06,0.0,0.0,0.0,0.0003709768020900397,8.923713678442356e-05,-0.7090868439129097,0.7051210549987674,0,0,0,,0.40232372283935547,-0.00498155876994133,0.0,False,False,2,False
31.381620466,189,31,431620467,map,5.083983898162842,-0.2773681879043579,-0.46077728271484375,2.651214526849799e-05,0.0,0.0,0.0,0.0002635432925828684,0.00012582900010382137,-0.7091749511027267,0.7050324839611581,0,0,0,,0.3774583041667938,0.004546795040369034,0.0,False,False,2,False
31.481620468,190,31,481620468,map,5.042775630950928,0.9361298084259033,0.8223056793212891,0.012097548693418503,0.0,0.0,0.0,0.0003971587831003939,-6.494820168432959e-05,-0.7086401046401692,0.7055700108013393,0,0,0,,0.4436633884906769,-0.02037074789404869,0.0,False,False,2,False
31.531620468,191,31,531620468,map,5.1094069480896,0.14399957656860352,-1.3321590423583984,-0.004800032824277878,0.0,0.0,0.0,0.0002986114679212663,-0.00037591781485406294,-0.7081756361276507,0.7060361449049085,0,0,0,,0.45267412066459656,-0.012062985450029373,0.0,False,False,2,False
31.531620468,192,31,581620469,map,5.017777442932129,0.33818578720092773,1.834554672241211,-0.00328216515481472,0.0,0.0,0.0,0.0002633329618773072,-0.0005081645079695731,-0.7074546583113099,0.706758501086624,0,0,0,,0.3973604142665863,-0.01669548824429512,0.0,False,False,2,False
31.63162047,193,31,631620470,map,5.0864434242248535,0.2530396580696106,-1.3711833953857422,-0.002130699111148715,0.0,0.0,0.0,0.00018151688303168906,-0.0006266232870183197,-0.7069903042754758,0.7072229380155507,0,0,0,,0.3799368143081665,-0.01680244877934456,0.0,False,False,0,False
31.681620471,194,31,681620471,map,4.81029748916626,0.3934726119041443,5.528135299682617,-0.0852014496922493,0.0,0.0,0.0,0.0004326608825736143,-0.0004571609015119243,-0.7061447788378453,0.7080671967606756,0,0,0,,0.29719996452331543,-0.02308684214949608,0.0,False,False,0,False
31.681620471,195,31,731620471,map,4.46068811416626,-6.020069122314453e-05,6.992959976196289,0.04214973747730255,0.0,0.0,0.0,0.0010974064129394903,0.0002957522951075091,-0.7054395502258471,0.7087691790751763,0,0,0,,0.37551698088645935,-0.016299907118082047,0.0,False,False,1,False
31.731620471,196,31,781620472,map,4.199759006500244,0.08945852518081665,5.220775604248047,0.02592620439827442,0.0,0.0,0.0,0.0016999249085970511,0.001016590326130318,-0.7048647931805584,0.7093389176789489,0,0,0,,0.4285883903503418,-0.016806360334157944,0.0,False,False,1,False
31.831620473,197,31,831620473,map,4.0127739906311035,-0.9448063373565674,3.7284088134765625,0.014701271429657936,0.0,0.0,0.0,0.0018021804939355609,0.0016816706253777187,-0.7047615609737902,0.7094399666660751,0,0,0,,0.4467743933200836,0.00962262973189354,0.0,False,False,1,False
31.881620474,198,31,881620474,map,3.8828670978546143,0.4373891353607178,2.6024627685546875,0.007516860496252775,0.0,0.0,0.0,0.0018532692203976305,0.0018171911376964134,-0.7046297647929977,0.7095704036791068,0,0,0,,0.46637240052223206,-0.010321814566850662,0.0,False,False,1,False
31.881620474,199,31,931620474,map,3.788339138031006,0.5831044912338257,1.900472640991211,0.0030071260407567024,0.0,0.0,0.0,0.0018777980727539988,0.0015553309257649024,-0.7041651361926881,0.7100320526503311,0,0,0,,0.40475940704345703,-0.02215896174311638,0.0,False,False,1,False
31.981620475,200,31,981620475,map,3.7215495109558105,0.5364178419113159,1.3492584228515625,0.00025005312636494637,0.0,0.0,0.0,0.0018095868021919873,0.0011508001672500409,-0.7034347848254973,0.7107565719373172,0,0,0,,0.5254049301147461,-0.02930670604109764,0.0,False,False,1,False
32.031620476,201,32,31620476,map,3.680680274963379,0.17119541764259338,0.8227872848510742,-0.001178169040940702,0.0,0.0,0.0,0.001567403982513974,0.0007895674266900823,-0.7026565071495394,0.7115270569616053,0,0,0,,0.4781373143196106,-0.02607635036110878,0.0,False,False,1,False
32.081620477,202,32,81620477,map,3.644113779067993,-2.4967894554138184,0.6967735290527344,-0.0017717358423396945,0.0,0.0,0.0,0.0006701332434781513,0.0010780459849647022,-0.7029734406322383,0.711214967857091,0,0,0,,0.4259548485279083,0.045309100300073624,0.0,False,False,1,False
32.131620477,203,32,131620477,map,3.609010934829712,0.930435061454773,0.7050943374633789,-0.0019828793592751026,0.0,0.0,0.0,0.0003419982040130104,0.000893305717022811,-0.7032630504582161,0.7109290871123004,0,0,0,,0.38761940598487854,-0.003686916083097458,0.0,False,False,1,False
32.181620478,204,32,181620478,map,3.5686159133911133,2.1386237144470215,0.8610010147094727,-0.0017456056084483862,0.0,0.0,0.0,0.0006969931427224241,0.00017114177208081604,-0.7024769165882639,0.7117061658941127,0,0,0,,0.41566652059555054,-0.06013185903429985,0.0,False,False,1,False
32.181620478,205,32,231620479,map,3.5354232788085938,2.319725751876831,0.7958126068115234,-0.0017963409190997481,0.0,0.0,0.0,0.0013472499526308865,-0.0007229462455497257,-0.7004250246259717,0.7137243495524013,0,0,0,,0.5192339420318604,-0.09921100735664368,0.0,False,False,1,False
32.231620479,206,32,281620480,map,3.5331196784973145,-2.546248435974121,-0.09406566619873047,-0.0005788803100585938,0.0,0.0,0.0,0.0008420833764918902,-0.0005101336148218128,-0.6992714820480208,0.7148555273995206,0,0,0,,0.7145010232925415,0.007383529096841812,0.0,False,False,1,False
32.33162048,207,32,331620480,map,3.56333589553833,1.9801586866378784,-0.5044889450073242,-0.000606536865234375,0.0,0.0,0.0,0.0006810214241293364,-0.0007174791974948353,-0.6980767993308898,0.7160222089218752,0,0,0,,0.6647990942001343,-0.06707372516393661,0.0,False,False,1,False
32.381620481,208,32,381620481,map,3.6070337295532227,4.105142593383789,-0.4958200454711914,-0.00125293736346066,0.0,0.0,0.0,0.0013049690392499258,-0.0016985202025433291,-0.695242133361651,0.7187724174477399,0,0,0,,0.9276717901229858,-0.2541675269603729,0.0,False,False,1,False
32.381620481,209,32,431620482,map,3.679229736328125,6.208294868469238,-0.44456005096435547,-0.0032842636574059725,0.0,0.0,0.0,0.0027744593374556905,-0.0034227054203492917,-0.6894564000686214,0.7243137855014272,0,0,0,,1.0,-0.3567408621311188,0.0,False,False,1,False
32.481620483,210,32,481620483,map,3.8396120071411133,1.3083302974700928,-3.0018997192382812,-0.0008785247337073088,0.0,0.0,0.0,0.0032181828533804774,-0.004362703582785325,-0.6825764455252121,0.7307940928406156,0,0,0,,1.0,-0.19962841272354126,0.0,False,False,1,False
32.531620483,211,32,531620483,map,4.005709171295166,4.485683441162109,-2.33278751373291,0.00024356850190088153,0.0,0.0,0.0,0.0033650622836126384,-0.005095434413636049,-0.6750950329770787,0.737705503133629,0,0,0,,1.0,-0.2883928418159485,0.0,False,False,1,False
32.531620483,212,32,581620484,map,4.181779861450195,5.177850723266602,-2.1376705169677734,-0.001446724054403603,0.0,0.0,0.0,0.003972786830339735,-0.006077953713251029,-0.6655787460828633,0.7462923074816085,0,0,0,,1.0,-0.3266211450099945,0.0,False,False,1,False
32.631620485,213,32,631620485,map,4.370307445526123,5.3572869300842285,-2.103090286254883,-0.0011611939407885075,0.0,0.0,0.0,0.0046377391567671445,-0.006949997374498461,-0.6542718219673717,0.7562133111044159,0,0,0,,1.0,-0.35897764563560486,0.0,False,False,1,False
32.681620486,214,32,681620486,map,4.600001811981201,0.5046534538269043,-4.717006683349609,0.005246353335678577,0.0,0.0,0.0,0.0039522051293095235,-0.006776176523094146,-0.643525431038117,0.7653845328418583,0,0,0,,1.0,-0.22083167731761932,0.0,False,False,1,False
32.731620486,215,32,731620486,map,4.817614555358887,4.602377414703369,-2.8841304779052734,0.002707099774852395,0.0,0.0,0.0,0.0034211960937864747,-0.006680109924331138,-0.633048418861318,0.7740758172981974,0,0,0,,1.0,-0.3030083179473877,0.0,False,False,1,False
32.781620487,216,32,781620487,map,5.018310070037842,6.463260650634766,-1.5445995330810547,-0.002769660670310259,0.0,0.0,0.0,0.004100436887052014,-0.007279721358264622,-0.6203799540374585,0.7842569124354354,0,0,0,,1.0,-0.3617251217365265,0.0,False,False,1,False
32.831620488,217,32,831620488,map,5.265193939208984,0.7523918151855469,-5.092592239379883,0.08148440718650818,0.0,0.0,0.0,0.0035601360997270606,-0.007023867991641034,-0.6081186996237756,0.7938070533053202,0,0,0,,1.0,-0.19417795538902283,0.0,False,False,1,False
32.881620489,218,32,881620489,map,5.099896430969238,1.1969614028930664,4.218225479125977,-0.04091319441795349,0.0,0.0,0.0,0.0030941520036981787,-0.006000297432782128,-0.5972496091582571,0.8020270113994948,0,0,0,,0.9735692739486694,-0.35409820079803467,0.0,False,False,0,False
32.931620489,219,32,931620489,map,5.290721416473389,-0.39345741271972656,-4.411764144897461,-0.023838616907596588,0.0,0.0,0.0,0.0023765784705124153,-0.004731920246684027,-0.5870467698432388,0.8095357007706158,0,0,0,,0.9953558444976807,-0.05428769811987877,0.0,False,False,0,False
32.931620489,220,32,981620490,map,5.534197807312012,3.363356590270996,-3.799905776977539,-0.012399673461914062,0.0,0.0,0.0,0.0012802797800558793,-0.003932500597306396,-0.5790470382891597,0.8152836462062081,0,0,0,,0.815185546875,-0.3066593408584595,0.0,False,False,0,False
33.031620491,221,33,31620491,map,6.010226726531982,10.073795318603516,-5.530300140380859,-0.01307659037411213,0.0,0.0,0.0,0.0023493887659930615,-0.0057565021487427466,-0.568049857331693,0.8229706572174253,0,0,0,,0.9861558079719543,-0.4506933391094208,0.0,False,False,2,False
33.081620492,222,33,81620492,map,6.285191535949707,9.65998649597168,-0.6730842590332031,-0.01314315851777792,0.0,0.0,0.0,0.004802753138700577,-0.008095538498790505,-0.552488708874467,0.8334672293407388,0,0,0,,1.0,-0.3528623878955841,0.0,False,False,2,False
33.131620492,223,33,131620492,map,6.615630149841309,11.669297218322754,0.02544403076171875,-0.010674474760890007,0.0,0.0,0.0,0.007692254002410203,-0.010120977771377986,-0.5326762361435573,0.8462236243956125,0,0,0,,0.8909403085708618,-0.4851435720920563,0.0,False,False,2,False
33.131620492,224,33,181620493,map,6.845098972320557,9.252281188964844,1.4924907684326172,-0.005887793377041817,0.0,0.0,0.0,0.01026773007315757,-0.01130247085092428,-0.5093128282324805,0.860445972080549,0,0,0,,1.0,-0.41894400119781494,0.0,False,False,2,False
33.231620494,225,33,231620494,map,7.21893310546875,4.960727691650391,-5.5965423583984375,0.015625951811671257,0.0,0.0,0.0,0.010094833940111762,-0.01097207158648641,-0.4868947836613956,0.8733333714087337,0,0,0,,0.8928048014640808,-0.021728184074163437,0.0,False,False,2,False
33.281620495,226,33,281620495,map,7.435092926025391,6.226634979248047,-0.29860496520996094,0.025588607415556908,0.0,0.0,0.0,0.008869020555223284,-0.010028529528964228,-0.46796604198041497,0.8836450376837198,0,0,0,,0.5203610062599182,-0.4898439645767212,0.0,False,False,2,False
33.331620495,227,33,331620495,map,7.607957363128662,9.560537338256836,4.4118499755859375,-0.0027299881912767887,0.0,0.0,0.0,0.010373801672016732,-0.010022045265932119,-0.4468436540791627,0.8944957750916092,0,0,0,,0.8529295325279236,-0.49821731448173523,0.0,False,False,2,False
33.381620496,228,33,381620496,map,7.618398189544678,8.593273162841797,9.30018424987793,-0.017211340367794037,0.0,0.0,0.0,0.013705549028659048,-0.010222672069217618,-0.42101884542628215,0.9068907247830404,0,0,0,,0.5633243918418884,-0.49963968992233276,0.0,False,False,2,False
33.431620497,229,33,431620497,map,7.6888837814331055,7.907218933105469,8.050127029418945,-0.013206481002271175,0.0,0.0,0.0,0.016771924888788974,-0.009996672004227256,-0.3914593273404838,0.9199882412957792,0,0,0,,0.4150451719760895,-0.48389652371406555,0.0,False,False,2,False
33.481620498,230,33,481620498,map,7.650451183319092,5.479860305786133,9.803314208984375,-0.0010168086737394333,0.0,0.0,0.0,0.019005328416568424,-0.009194168803305914,-0.35975987463362435,0.9328060341546863,0,0,0,,0.32011088728904724,-0.4879487454891205,0.0,False,False,2,False
33.531620498,231,33,531620498,map,7.629322528839111,4.839487075805664,9.594173431396484,0.0069904327392578125,0.0,0.0,0.0,0.020514381789590273,-0.008025084295114712,-0.3269314095395238,0.9447913058545508,0,0,0,,0.3183533847332001,-0.48664745688438416,0.0,False,False,2,False
33.531620498,232,33,581620499,map,7.521894454956055,2.6174068450927734,10.711321830749512,0.009473800659179688,0.0,0.0,0.0,0.0215019270230344,-0.006620569580420327,-0.29351662815671176,0.9556891880670417,0,0,0,,0.31597819924354553,-0.4860875904560089,0.0,False,False,2,False
33.6316205,233,33,631620500,map,7.449837684631348,2.3847293853759766,10.27437686920166,0.009026526473462582,0.0,0.0,0.0,0.022073612464014875,-0.005175797083939317,-0.2599928227840379,0.965344342117424,0,0,0,,0.3269701600074768,-0.4833800494670868,0.0,False,False,2,False
33.6816205,234,33,681620500,map,7.308788776397705,0.31867027282714844,10.74587345123291,0.007201957516372204,0.0,0.0,0.0,0.02232915587060106,-0.00374301607231345,-0.2264643542052006,0.9737562810596962,0,0,0,,0.33540356159210205,-0.4815085232257843,0.0,False,False,2,False
33.6816205,235,33,731620501,map,7.224300384521484,0.5920696258544922,10.139617919921875,0.00537185650318861,0.0,0.0,0.0,0.022321758098830732,-0.002433164846774071,-0.19331042566421017,0.9808806747783992,0,0,0,,0.3471307158470154,-0.47908201813697815,0.0,False,False,2,False
33.781620502,236,33,781620502,map,7.072365760803223,-1.4713573455810547,10.151430130004883,0.00360450753942132,0.0,0.0,0.0,0.022102531998354106,-0.0012239901599695553,-0.1603803726680545,0.9868070307766387,0,0,0,,0.36732354760169983,-0.47662827372550964,0.0,False,False,2,False
33.831620503,237,33,831620503,map,6.9998698234558105,-0.6114959716796875,9.43433952331543,0.0027120590675622225,0.0,0.0,0.0,0.021694313498932062,-0.00019295501160504144,-0.12812752662141613,0.9915203762162691,0,0,0,,0.40498748421669006,-0.4702768325805664,0.0,False,False,2,False
33.881620503,238,33,881620503,map,6.857751369476318,-2.6291942596435547,9.110102653503418,0.001638984540477395,0.0,0.0,0.0,0.02113528580185238,0.0007128401065733389,-0.09627008565035262,0.9951305754331592,0,0,0,,0.443149596452713,-0.46438613533973694,0.0,False,False,2,False
33.931620504,239,33,931620504,map,6.8156819343566895,-1.1868762969970703,8.502389907836914,0.0011919019743800163,0.0,0.0,0.0,0.02046838060144412,0.0014230035946859343,-0.06528987317530101,0.9976553778319832,0,0,0,,0.49921461939811707,-0.4557848274707794,0.0,False,False,2,False
33.981620505,240,33,981620505,map,6.700042247772217,-3.140087127685547,7.952319145202637,0.00044689164496958256,0.0,0.0,0.0,0.019714881685530736,0.0020108498000647526,-0.03481791050657367,0.99919717425099,0,0,0,,0.5580862164497375,-0.44598105549812317,0.0,False,False,2,False
34.031620506,241,34,31620506,map,6.701932430267334,-1.1998844146728516,7.602119445800781,-3.0708033591508865e-05,0.0,0.0,0.0,0.018931624623774835,0.002404959573268016,-0.005375056906747475,0.9998034399429742,0,0,0,,0.6296991109848022,-0.4345727264881134,0.0,False,False,2,False
34.081620506,242,34,81620506,map,6.633742809295654,-2.8621578216552734,6.654863357543945,0.0003002164885401726,0.0,0.0,0.0,0.018026171279280263,0.002671324396664532,0.023317503478404267,0.9995620116863747,0,0,0,,0.7260392904281616,-0.4120063781738281,0.0,False,False,2,False
34.131620507,243,34,131620507,map,6.705582618713379,-0.207977294921875,6.222217082977295,0.0010955811012536287,0.0,0.0,0.0,0.016971734712035443,0.002697302757495123,0.05038355934558997,0.9985820856225932,0,0,0,,0.8313825130462646,-0.3813435137271881,0.0,False,False,2,False
34.131620507,244,34,181620508,map,6.7211384773254395,-1.1886882781982422,4.775066375732422,0.0023307802621275187,0.0,0.0,0.0,0.015616880168097732,0.002516320574972887,0.07577337832772575,0.9969995869213701,0,0,0,,0.95948326587677,-0.3323530852794647,0.0,False,False,2,False
34.231620509,245,34,231620509,map,6.900640964508057,2.4281787872314453,3.9332056045532227,0.0032873149029910564,0.0,0.0,0.0,0.013863881244647387,0.00197678149580732,0.09812483548907906,0.9950755759197355,0,0,0,,1.0,-0.2667747437953949,0.0,False,False,2,False
34.281620509,246,34,281620509,map,7.032435417175293,1.8148517608642578,2.6944875717163086,0.002027892041951418,0.0,0.0,0.0,0.011842213420592834,0.0011859297965162315,0.11734345141692985,0.9930200753063261,0,0,0,,1.0,-0.20775577425956726,0.0,False,False,2,False
34.33162051,247,34,331620510,map,7.3129401206970215,5.14622688293457,2.2519731521606445,-0.000592994038015604,0.0,0.0,0.0,0.009660564376861669,0.00011927215797674076,0.1328760336747599,0.9910855759947962,0,0,0,,1.0,-0.1466214954853058,0.0,False,False,2,False
34.381620511,248,34,381620511,map,7.500310897827148,3.94561767578125,0.14933109283447266,-0.002640150487422943,0.0,0.0,0.0,0.007165862308142317,-0.0009973742736927279,0.14445369785913242,0.9894851109727532,0,0,0,,1.0,-0.07704460620880127,0.0,False,False,2,False
34.431620512,249,34,431620512,map,7.77926778793335,6.130523681640625,-0.5581331253051758,-0.004548074211925268,0.0,0.0,0.0,0.0044446515417267025,-0.002115880344978972,0.15147366852950164,0.9884490355426794,0,0,0,,1.0,-0.018122252076864243,0.0,False,False,2,False
34.481620512,250,34,481620512,map,7.960082054138184,4.790124893188477,-2.9121971130371094,-0.006650733295828104,0.0,0.0,0.0,0.0014627339521714618,-0.0030763828097552202,0.1536498533827338,0.9881194861117037,0,0,0,,1.0,0.050393246114254,0.0,False,False,2,False
34.531620513,251,34,531620513,map,8.208504676818848,6.493501663208008,-4.362926483154297,-0.008035659790039062,0.0,0.0,0.0,-0.0017590158080596496,-0.003922241541986319,0.1506830308708145,0.9885727823950335,0,0,0,,1.0,0.13337790966033936,0.0,False,False,2,False
34.581620514,252,34,581620514,map,8.363080978393555,4.972515106201172,-7.039632797241211,-0.010208319872617722,0.0,0.0,0.0,-0.005431433440972057,-0.004541970520738555,0.14189652244483025,0.9898561748823053,0,0,0,,1.0,0.2114417403936386,0.0,False,False,2,False
34.631620515,253,34,631620515,map,8.576848030090332,5.949878692626953,-7.953195571899414,-0.011625289916992188,0.0,0.0,0.0,-0.009134838193965253,-0.00493291061444929,0.12743815513940196,0.9917921847537949,0,0,0,,1.0,0.26095321774482727,0.0,False,False,2,False
34.681620515,254,34,681620515,map,8.757965087890625,4.784603118896484,-7.567880153656006,-0.007611273322254419,0.0,0.0,0.0,-0.01198881879151772,-0.0050280917248082275,0.10898100151644727,0.9939588159607334,0,0,0,,1.0,0.2604566812515259,0.0,False,False,2,False
34.681620515,255,34,731620516,map,9.013301849365234,5.770988464355469,-6.031221389770508,0.0020103435963392258,0.0,0.0,0.0,-0.013519318255623193,-0.004969140383269521,0.08890925627715697,0.9959355801586753,0,0,0,,1.0,0.2324831187725067,0.0,False,False,2,False
34.781620517,256,34,781620517,map,9.247547149658203,5.042171478271484,-4.745392799377441,0.010382462292909622,0.0,0.0,0.0,-0.013780378180676268,-0.0048165512448834664,0.0692710638821118,0.9974910634787378,0,0,0,,1.0,0.19100740551948547,0.0,False,False,2,False
34.831620518,257,34,831620518,map,9.515461921691895,5.5499267578125,-3.9031176567077637,0.012759017758071423,0.0,0.0,0.0,-0.013225901349651565,-0.004676036837058337,0.0513283981270486,0.9985832993589964,0,0,0,,1.0,0.1561225950717926,0.0,False,False,2,False
34.831620518,258,34,881620518,map,9.762629508972168,5.037288665771484,-3.365481376647949,0.010014533996582031,0.0,0.0,0.0,-0.01224995723892793,-0.004554003234999256,0.035546227308812885,0.9992825753140552,0,0,0,,1.0,0.12518656253814697,0.0,False,False,2,False
34.881620518,259,34,931620519,map,10.023232460021973,5.243682861328125,-2.8903605937957764,0.005809212103486061,0.0,0.0,0.0,-0.011092287667484673,-0.004476133076250911,0.022091617489361157,0.9996843931079895,0,0,0,,1.0,0.0990402102470398,0.0,False,False,2,False
34.98162052,260,34,981620520,map,10.059253692626953,0.7153892517089844,-2.2702691555023193,0.00321025843732059,0.0,0.0,0.0,-0.009770114909909434,-0.004023256104458279,0.01102909838046181,0.9998833518235412,0,0,0,,1.0,0.07536427676677704,0.0,False,False,2,False
35.031620521,261,35,31620521,map,10.03750228881836,-0.44628143310546875,-1.066443681716919,0.0021081918384879827,0.0,0.0,0.0,-0.00815383259867874,-0.003192732810853574,0.0026848429716583647,0.9999580556650208,0,0,0,,1.0,0.043199095875024796,0.0,False,False,0,False
35.081620521,262,35,81620521,map,10.319021224975586,5.625572204589844,-0.3837144374847412,-0.0009004597086459398,0.0,0.0,0.0,-0.006410657657671194,-0.002840087231899502,-0.0029041732318101448,0.9999712011606889,0,0,0,,1.0,0.016589410603046417,0.0,False,False,0,False
35.131620522,263,35,131620522,map,10.728301048278809,8.179130554199219,-0.4804825782775879,-0.005008887965232134,0.0,0.0,0.0,-0.004945324663196652,-0.0035246930624444482,-0.006378887949423688,0.9999612142934943,0,0,0,,1.0,0.0071060266345739365,0.0,False,False,3,False
35.131620522,264,35,181620523,map,11.097506523132324,7.3789215087890625,-0.36855608224868774,-0.005628776270896196,0.0,0.0,0.0,-0.0037738863792005787,-0.004343652255001758,-0.008377589672178744,0.9999483518952212,0,0,0,,1.0,0.001643461175262928,0.0,False,False,3,False
35.231620524,265,35,231620524,map,11.43008041381836,6.641979217529297,-0.5747482180595398,-0.00444946251809597,0.0,0.0,0.0,-0.0029496805354506223,-0.004947497478165834,-0.009569354926666938,0.9999376226043951,0,0,0,,1.0,0.0038549862802028656,0.0,False,False,3,False
35.281620524,266,35,281620524,map,11.73515510559082,6.089115142822266,-0.6625440716743469,-0.0026178359985351562,0.0,0.0,0.0,-0.00241696063184379,-0.005279385752719765,-0.010462961904249779,0.9999284038447795,0,0,0,,1.0,0.00625337939709425,0.0,False,False,3,False
35.331620525,267,35,331620525,map,12.018115043640137,5.645847320556641,-0.646888017654419,-0.0008493423229083419,0.0,0.0,0.0,-0.0020598767697616767,-0.005388267126018074,-0.011295816844450853,0.9999195607682093,0,0,0,,1.0,0.007339246571063995,0.0,False,False,3,False
35.381620526,268,35,381620526,map,12.283981323242188,5.313053131103516,-0.24082183837890625,0.00013771059457212687,0.0,0.0,0.0,-0.0016778253310408954,-0.005349806201302693,-0.011944290579560552,0.9999129454099082,0,0,0,,1.0,0.0017018131911754608,0.0,False,False,3,False
35.381620526,269,35,431620527,map,12.536375045776367,5.037250518798828,-0.4858732223510742,0.0005125045427121222,0.0,0.0,0.0,-0.001402561422694403,-0.005225916800598605,-0.01250179399849101,0.9999072095759027,0,0,0,,1.0,0.0049657197669148445,0.0,False,False,3,False
35.481620527,270,35,481620527,map,12.778441429138184,4.841346740722656,-0.06183326244354248,0.0006311416509561241,0.0,0.0,0.0,-0.001092423253881892,-0.005065550741724345,-0.012869426976334086,0.9999037576969187,0,0,0,,1.0,-0.001131114549934864,0.0,False,False,3,False
35.531620528,271,35,531620528,map,13.012404441833496,4.685325622558594,0.1840662956237793,0.0004318237188272178,0.0,0.0,0.0,-0.0007082853624229258,-0.004899307878369831,-0.012851948234859141,0.9999051567727445,0,0,0,,1.0,-0.005926860496401787,0.0,False,False,3,False
35.531620528,272,35,581620529,map,13.239967346191406,4.564247131347656,0.5039364099502563,0.00033607479417696595,0.0,0.0,0.0,-0.00025098560082180714,-0.004743687836429268,-0.012316552626388415,0.9999128646853884,0,0,0,,1.0,-0.011845146305859089,0.0,False,False,3,False
35.63162053,273,35,631620530,map,13.462674140930176,4.4689178466796875,0.6671041250228882,-3.8146026781760156e-07,0.0,0.0,0.0,0.00022020459067358456,-0.004605898890514965,-0.011246830500231756,0.999926120275417,0,0,0,,1.0,-0.015195708721876144,0.0,False,False,3,False
35.681620530000004,274,35,681620530,map,13.682110786437988,4.395427703857422,0.3197172284126282,-3.9291389839490876e-05,0.0,0.0,0.0,0.000501850152375986,-0.004487487465537469,-0.00998116741290712,0.9999399916493722,0,0,0,,1.0,-0.009631093591451645,0.0,False,False,3,False
35.731620531,275,35,731620531,map,13.898101806640625,4.335269927978516,0.9303271770477295,-6.351470801746473e-05,0.0,0.0,0.0,0.0008441621923348639,-0.00438892724120766,-0.008442434866470745,0.9999543739598271,0,0,0,,1.0,-0.017370425164699554,0.0,False,False,3,False
35.731620531,276,35,781620532,map,14.112162590026855,4.291572570800781,0.7869324088096619,-0.00011310576519463211,0.0,0.0,0.0,0.001147813199776418,-0.004307969964966899,-0.006663234305277632,0.9999678620976937,0,0,0,,1.0,-0.015133947134017944,0.0,False,False,3,False
35.831620533,277,35,831620533,map,14.32485580444336,4.257373809814453,0.31047970056533813,-3.566742088878527e-05,0.0,0.0,0.0,0.0012044073917203875,-0.004242264703433016,-0.0050793538506622386,0.9999773761228204,0,0,0,,1.0,-0.006252899765968323,0.0,False,False,3,False
35.881620533,278,35,881620533,map,14.53606128692627,4.228248596191406,0.4343894124031067,6.084441702114418e-05,0.0,0.0,0.0,0.0011761849197442001,-0.004190357389503978,-0.0038097858432753063,0.999983271372982,0,0,0,,1.0,-0.0056013017892837524,0.0,False,False,3,False
35.881620533,279,35,931620534,map,14.746077537536621,4.204120635986328,0.49626976251602173,1.983642505365424e-05,0.0,0.0,0.0,0.0011632967722246263,-0.00414930338783041,-0.0027489013344881965,0.9999869366964094,0,0,0,,1.0,-0.005529399961233139,0.0,False,False,3,False
35.981620535,280,35,981620535,map,14.955129623413086,4.184112548828125,0.5384926795959473,-5.5503842304460704e-05,0.0,0.0,0.0,0.0011731760881097675,-0.00411704036044227,-0.0018043007259739034,0.999989209009491,0,0,0,,1.0,-0.005859097465872765,0.0,False,False,3,False
36.031620535,281,36,31620535,map,15.163514137268066,4.168949127197266,0.3036879003047943,-8.010861165530514e-06,0.0,0.0,0.0,0.0011101651102446534,-0.004091703267230028,-0.0010472185403791702,0.9999904643701008,0,0,0,,1.0,-0.0021794140338897705,0.0,False,False,3,False
36.031620535,282,36,81620536,map,15.37142276763916,4.1576385498046875,-0.15174537897109985,8.640288433525711e-05,0.0,0.0,0.0,0.0008639346447903158,-0.004072102049326893,-0.0007369684840181227,0.9999910641997172,0,0,0,,1.0,0.005423055961728096,0.0,False,False,3,False
36.131620537,283,36,131620537,map,15.35677719116211,-0.2921104431152344,0.22208452224731445,0.0006916045676916838,0.0,0.0,0.0,0.000693264073933835,-0.0036178179488465115,-0.0006896898869354394,0.9999929775283787,0,0,0,,1.0,0.000782456248998642,0.0,False,False,0,False
36.181620538,284,36,181620538,map,15.344719886779785,-0.24066925048828125,0.15788421034812927,0.0008726119995117188,0.0,0.0,0.0,0.0005925954350906875,-0.0029005959437005614,-0.000701715420684574,0.9999953714739332,0,0,0,,1.0,0.0005725231021642685,0.0,False,False,0,False
36.231620538,285,36,231620538,map,15.600652694702148,5.1187896728515625,0.041317641735076904,-0.0001140595122706145,0.0,0.0,0.0,0.0004844162839879223,-0.002698912117279655,-0.0007714595925135141,0.9999959430239426,0,0,0,,1.0,0.0012488700449466705,0.0,False,False,0,False
36.231620538,286,36,281620539,map,15.892229080200195,5.830135345458984,-0.4354577660560608,-0.001206207205541432,0.0,0.0,0.0,0.00022654884541924215,-0.003150656640239129,-0.0011319067432587623,0.9999943703968942,0,0,0,,1.0,0.008222989737987518,0.0,False,False,4,False
36.281620539,287,36,331620540,map,16.153833389282227,5.232582092285156,0.12520074844360352,-0.0011911392211914062,0.0,0.0,0.0,0.00011768375878555538,-0.003651436939952107,-0.0015257826253124052,0.9999921625423805,0,0,0,,1.0,-0.0003043636679649353,0.0,False,False,4,False
36.381620541,288,36,381620541,map,16.39231300354004,4.77020263671875,0.18874190747737885,-0.0005886077997274697,0.0,0.0,0.0,0.00014883571097908517,-0.004004484330809486,-0.001676632784015532,0.9999905653833354,0,0,0,,1.0,-0.0030223727226257324,0.0,False,False,4,False
36.431620541,289,36,431620541,map,16.61318016052246,4.417572021484375,0.07115356624126434,3.051827661693096e-06,0.0,0.0,0.0,0.00017491522282196367,-0.004186314162581713,-0.0016399000571699633,0.9999898774018662,0,0,0,,1.0,-0.0021459637209773064,0.0,False,False,4,False
36.431620541,290,36,481620542,map,16.820627212524414,4.148979187011719,0.011001527309417725,0.000330162001773715,0.0,0.0,0.0,0.00016190692510067948,-0.004234017041472828,-0.0015282561200372893,0.9999898556080814,0,0,0,,1.0,-0.0012068022042512894,0.0,False,False,4,False
36.531620543,291,36,531620543,map,17.017797470092773,3.9423370361328125,-0.3566640615463257,0.0004318237188272178,0.0,0.0,0.0,1.4935648402539941e-05,-0.004194693470773529,-0.0015940327897082374,0.999989931640853,0,0,0,,1.0,0.004851384088397026,0.0,False,False,4,False
36.581620544,292,36,581620544,map,17.207134246826172,3.7882232666015625,0.5316309928894043,0.0004739761061500758,0.0,0.0,0.0,0.000116625785715235,-0.004108710733832421,-0.0014582741990971872,0.9999904891202177,0,0,0,,1.0,-0.008039070293307304,0.0,False,False,4,False
36.631620544,293,36,631620544,map,17.390892028808594,3.67523193359375,0.03554090857505798,0.00025157927302643657,0.0,0.0,0.0,0.00019217754918756652,-0.004004511437798077,-0.001145125472093708,0.9999913077840162,0,0,0,,1.0,-0.001795947551727295,0.0,False,False,4,False
36.681620545,294,36,681620545,map,17.570234298706055,3.5868453979492188,-0.003808438777923584,0.0001796722353901714,0.0,0.0,0.0,0.00017758298988234763,-0.003899843013187263,-0.0008895969375754485,0.9999919841208943,0,0,0,,1.0,-0.00029540248215198517,0.0,False,False,4,False
36.731620546,295,36,731620546,map,17.746078491210938,3.5174179077148438,0.45803678035736084,5.7220458984375e-05,0.0,0.0,0.0,0.0002918453499448217,-0.0038033851426651274,-0.00048187921242335386,0.9999926084127686,0,0,0,,1.0,-0.0067797088995575905,0.0,False,False,4,False
36.781620547,296,36,781620547,map,17.919525146484375,3.4688568115234375,-0.09395664930343628,4.1198727558366954e-05,0.0,0.0,0.0,0.00028310624020320415,-0.0037200711002999547,-0.00012225711372836957,0.9999930329632621,0,0,0,,1.0,0.0013504792004823685,0.0,False,False,4,False
36.831620547,297,36,831620547,map,18.09101676940918,3.4298324584960938,-0.022480878978967667,-3.814711817540228e-06,0.0,0.0,0.0,0.000208202325396118,-0.0036507690643146342,3.431526125494097e-05,0.9999933136573932,0,0,0,,1.0,0.0015320517122745514,0.0,False,False,4,False
36.881620548,298,36,881620548,map,18.260995864868164,3.3995819091796875,0.004986058920621872,1.5258774510584772e-06,0.0,0.0,0.0,0.0001493331575363286,-0.003594501807043625,5.300003901214351e-05,0.9999935272027329,0,0,0,,1.0,0.001407470554113388,0.0,False,False,4,False
36.931620549,299,36,931620549,map,18.42972755432129,3.37432861328125,-0.2668602168560028,-9.346005390398204e-05,0.0,0.0,0.0,1.919621083144533e-05,-0.0035497500908564365,-0.00015815516014527526,0.9999936869264441,0,0,0,,1.0,0.005454102531075478,0.0,False,False,4,False
36.98162055,300,36,981620550,map,18.597379684448242,3.3534622192382812,0.530057430267334,-8.75473051564768e-05,0.0,0.0,0.0,0.00012913634187544727,-0.00351424684663102,-0.00018474938146377713,0.9999937996110636,0,0,0,,1.0,-0.006775159388780594,0.0,False,False,4,False
37.03162055,301,37,31620550,map,18.764421463012695,3.3407211303710938,0.3353401720523834,-0.00012741087994072586,0.0,0.0,0.0,0.0002987701748761881,-0.0034864107985839426,0.00012221325916190976,0.9999938703512363,0,0,0,,1.0,-0.0055479127913713455,0.0,False,False,4,False
37.03162055,302,37,81620551,map,18.9306640625,3.32489013671875,-0.5553319454193115,-1.0871888662222773e-05,0.0,0.0,0.0,0.0001341087541976067,-0.003464849003865151,0.0001605177530970275,0.9999939755169895,0,0,0,,1.0,0.008230071514844894,0.0,False,False,4,False
37.131620552,303,37,131620552,map,19.096574783325195,3.31787109375,-0.3112899959087372,-3.9482114516431466e-05,0.0,0.0,0.0,-9.575447149466343e-05,-0.0034483411592026478,-0.00019757870013785406,0.9999940303506758,0,0,0,,1.0,0.006237095221877098,0.0,False,False,4,False
37.181620553,304,37,181620553,map,19.262075424194336,3.3102798461914062,0.21968472003936768,5.91278057981981e-06,0.0,0.0,0.0,-9.277926676980345e-05,-0.0034358572781378878,-0.0004950022829403766,0.9999939706065791,0,0,0,,1.0,-0.00231737457215786,0.0,False,False,4,False
37.231620553,305,37,231620553,map,19.42719841003418,3.3025360107421875,0.1250927746295929,-3.337860107421875e-05,0.0,0.0,0.0,-7.542940326549849e-06,-0.003426302864610293,-0.0005692396204409094,0.9999939681608278,0,0,0,,1.0,-0.00244821235537529,0.0,False,False,4,False
37.281620554,306,37,281620554,map,19.59196662902832,3.295440673828125,0.1074284166097641,-5.435943603515625e-05,0.0,0.0,0.0,6.350713461311106e-05,-0.0034190059039514932,-0.000477978491047762,0.9999940389332502,0,0,0,,1.0,-0.0026026926934719086,0.0,False,False,4,False
37.281620554,307,37,331620555,map,19.75640869140625,3.2888412475585938,0.11772875487804413,2.3269649318535812e-05,0.0,0.0,0.0,0.00011886599409614783,-0.0034131656904220573,-0.0002660918222605683,0.9999941326657807,0,0,0,,1.0,-0.0026714783161878586,0.0,False,False,4,False
37.381620556,308,37,381620556,map,19.920557022094727,3.2829666137695312,0.08315268903970718,5.073547436040826e-05,0.0,0.0,0.0,0.0001494561805670544,-0.003408425400140215,-4.328319819655122e-07,0.9999941801325417,0,0,0,,1.0,-0.0017872024327516556,0.0,False,False,4,False
37.431620556,309,37,431620556,map,20.08441925048828,3.2772445678710938,0.01468396745622158,-9.17434663278982e-05,0.0,0.0,0.0,0.0001416412853096482,-0.0034045188328720773,0.00022791222636031348,0.9999941686056374,0,0,0,,1.0,-0.00018960237503051758,0.0,False,False,4,False
37.481620557,310,37,481620557,map,20.247976303100586,3.2711410522460938,-0.17222078144550323,2.5367744456161745e-05,0.0,0.0,0.0,5.714136686499768e-05,-0.0034012570734632966,0.00027715829763172445,0.9999941756672699,0,0,0,,1.0,0.0032488424330949783,0.0,False,False,4,False
37.531620558,311,37,531620558,map,20.411178588867188,3.2638168334960938,-0.3705597519874573,2.7275082175037824e-05,0.0,0.0,0.0,-0.00011475714440703666,-0.0033982934031472753,6.8004302379552215e-06,0.9999942191765401,0,0,0,,1.0,0.006809007376432419,0.0,False,False,4,False
37.581620559,312,37,581620559,map,20.574220657348633,3.2605743408203125,-0.21188455820083618,-2.1171572370803915e-05,0.0,0.0,0.0,-0.00024343707143318504,-0.003395673043791181,-0.0004789060715223912,0.9999940903785114,0,0,0,,1.0,0.004424946382641792,0.0,False,False,4,False
37.631620559,313,37,631620559,map,20.73700714111328,3.2552337646484375,-0.24878136813640594,5.912784217798617e-06,0.0,0.0,0.0,-0.0003300689410792944,-0.0033932384353394544,-0.0010523380656185992,0.9999936347657473,0,0,0,,1.0,0.004024537280201912,0.0,False,False,4,False
37.68162056,314,37,681620560,map,20.899572372436523,3.2512283325195312,-0.04798784852027893,-3.8909915019758046e-05,0.0,0.0,0.0,-0.00032771228954253965,-0.003391415694393333,-0.0015358390489409275,0.9999930160269415,0,0,0,,1.0,-4.2372383177280426e-05,0.0,False,False,4,False
37.731620561,315,37,731620561,map,21.062030792236328,3.2488632202148438,-0.12318864464759827,2.0408633645274676e-05,0.0,0.0,0.0,-0.0003059372190958115,-0.003389739711056935,-0.0018692181121287648,0.9999924610169612,0,0,0,,1.0,-3.381166607141495e-05,0.0,False,False,4,False
37.781620562,316,37,781620562,map,21.051082611083984,-0.21942138671875,-0.17273157835006714,0.00045738217886537313,0.0,0.0,0.0,-0.0003116454374855132,-0.003052293410057385,-0.002113390978691535,0.9999930599562337,0,0,0,,1.0,0.0004514036700129509,0.0,False,False,0,False
37.831620562,317,37,831620562,map,21.031400680541992,-0.39707183837890625,-0.8603014945983887,0.0006753921625204384,0.0,0.0,0.0,-0.000554401573589295,-0.0024668129615937552,-0.0026724767069274654,0.9999932326475809,0,0,0,,1.0,0.010946545749902725,0.0,False,False,0,False
37.831620562,318,37,881620563,map,21.209400177001953,3.5627365112304688,0.6459444761276245,0.00019226077711209655,0.0,0.0,0.0,-0.00038148265124756504,-0.0022503499518010013,-0.0028932604509760602,0.9999932096969679,0,0,0,,1.0,-0.011446552351117134,0.0,False,False,0,False
37.881620563,319,37,931620564,map,21.4239501953125,4.291229248046875,0.05319550633430481,-0.0007347107748501003,0.0,0.0,0.0,-0.00016760206152982682,-0.002555827940335812,-0.0026402805173591105,0.9999932342630514,0,0,0,,1.0,-0.00474916398525238,0.0,False,False,5,False
37.981620565,320,37,981620565,map,21.616533279418945,3.8504409790039062,-0.34271135926246643,-0.0007183074485510588,0.0,0.0,0.0,-0.0001841920580320964,-0.0029209596024942245,-0.002428502058024899,0.9999927681968707,0,0,0,,1.0,0.0024186838418245316,0.0,False,False,5,False
38.031620565,321,38,31620565,map,21.78843116760254,3.4314346313476562,-1.2131478786468506,-0.0006225585821084678,0.0,0.0,0.0,-0.0005807750944908779,-0.003179773294827449,-0.0029143533268254705,0.9999905290985358,0,0,0,,0.9133419990539551,0.017648927867412567,0.0,False,False,5,False
38.031620565,322,38,81620566,map,21.935195922851562,2.928619384765625,-0.870356559753418,-0.0001935959153342992,0.0,0.0,0.0,-0.0009748269724018117,-0.003287467427683942,-0.004086276919713222,0.9999857722043954,0,0,0,,0.7246816754341125,0.013770252466201782,0.0,False,False,5,False
38.081620566,323,38,131620567,map,22.045604705810547,2.2019577026367188,-0.6680622696876526,0.00019779210560955107,0.0,0.0,0.0,-0.0011853447793568575,-0.0032272925503926578,-0.005520181580011661,0.9999788533443456,0,0,0,,0.5808591842651367,0.009171433746814728,0.0,False,False,5,False
38.131620567,324,38,181620568,map,22.116113662719727,1.4045333862304688,-0.5304127931594849,0.0004932403098791838,0.0,0.0,0.0,-0.0012457932433460502,-0.0030058644430871304,-0.006895327322648184,0.9999709331971895,0,0,0,,0.4921559989452362,0.004726190119981766,0.0,False,False,5,False
38.231620568,325,38,231620568,map,22.150270462036133,0.6833267211914062,0.015363693237304688,0.0007692336803302169,0.0,0.0,0.0,-0.0010681221446786908,-0.0026602153094141727,-0.0077738449812886235,0.999965674262771,0,0,0,,0.43329814076423645,-0.005689702928066254,0.0,False,False,5,False
38.281620569,326,38,281620569,map,22.1524715423584,0.0457763671875,0.15631765127182007,0.000621795654296875,0.0,0.0,0.0,-0.0007645346649138132,-0.00223787612946661,-0.007938686814995315,0.999965691735886,0,0,0,,0.35523301362991333,-0.00971900299191475,0.0,False,False,5,False
38.33162057,327,38,331620570,map,22.125181198120117,-0.5384063720703125,0.7336106896400452,0.0003177642938680947,0.0,0.0,0.0,-0.0002887001436996776,-0.0017769272120268605,-0.00719808213883349,0.999972473018849,0,0,0,,0.2747575640678406,-0.018697086721658707,0.0,False,False,5,False
38.381620571,328,38,381620571,map,22.070472717285156,-1.0967254638671875,-0.2637156844139099,0.0001432419230695814,0.0,0.0,0.0,-0.0001302829111522227,-0.0013002092016500117,-0.006184860704240899,0.9999800197906276,0,0,0,,0.1503899097442627,-0.002513635903596878,0.0,False,False,5,False
38.381620571,329,38,431620571,map,21.988176345825195,-1.6294479370117188,2.2285733222961426,-0.00015792858903296292,0.0,0.0,0.0,0.0006221393374303749,-0.0008219727773587258,-0.0041479511501117524,0.9999908658606109,0,0,0,,0.13297690451145172,-0.03850053995847702,0.0,False,False,5,False
38.481620572,330,38,481620572,map,21.887554168701172,-2.0091629028320312,0.825343132019043,-0.0003213881282135844,0.0,0.0,0.0,0.0011986573186036058,-0.0003619160927036044,-0.0013890725857245109,0.9999982513558341,0,0,0,,0.055741142481565475,-0.015459809452295303,0.0,False,False,5,False
38.531620573,331,38,531620573,map,21.76805877685547,-2.3883438110351562,0.7094378471374512,-0.00022335058019962162,0.0,0.0,0.0,0.001418630281921202,6.855270269838431e-05,0.0011815481006526001,0.9999982933649116,0,0,0,,0.0,-0.007673662155866623,0.005120363086462021,False,False,5,False
38.581620573,332,38,581620573,map,21.631134033203125,-2.738037109375,0.5843720436096191,-0.00010471339919604361,0.0,0.0,0.0,0.0014637473674331556,0.00046809107002251954,0.0032257310487103035,0.9999936164764233,0,0,0,,0.0,-0.0007440187036991119,0.022467393428087234,False,False,5,False
38.631620574,333,38,631620574,map,21.475168228149414,-3.1206512451171875,1.1081920862197876,-0.00011806489055743441,0.0,0.0,0.0,0.0016225956045743872,0.0008420946245532419,0.004915608931278134,0.999986247329923,0,0,0,,0.0,-0.0058288536965847015,0.07412037253379822,False,False,5,False
38.681620575,334,38,681620575,map,21.308820724487305,-3.3264541625976562,-0.2219262719154358,4.081728548044339e-05,0.0,0.0,0.0,0.0014018597694665656,0.0011830245802305684,0.005719572026528812,0.9999819607062234,0,0,0,,0.0,0.016282696276903152,0.08684438467025757,False,False,5,False
38.731620576,335,38,731620576,map,21.133346557617188,-3.5117721557617188,0.7808271050453186,-4.9591471906751394e-06,0.0,0.0,0.0,0.0013185334526963522,0.0014792259413205847,0.005915011223944697,0.9999805428118936,0,0,0,,0.0,0.0021259374916553497,0.11648645997047424,False,False,5,False
38.781620576,336,38,781620576,map,20.953872680664062,-3.590087890625,0.14565542340278625,-6.14166128798388e-05,0.0,0.0,0.0,0.0011898877756331364,0.0017271783026992797,0.005698920562925707,0.9999815614933155,0,0,0,,0.0,0.009553764015436172,0.12085181474685669,False,False,5,False
38.831620577,337,38,831620577,map,20.896318435668945,-1.1528778076171875,0.3767535090446472,0.00011425017873989418,0.0,0.0,0.0,0.0010717918881220357,0.0016666053377244858,0.005206248920048703,0.9999844842101199,0,0,0,,0.0,0.004514168947935104,0.13811491429805756,False,False,0,False
38.881620578,338,38,881620578,map,20.838014602661133,-1.1643218994140625,-0.3737170994281769,0.00020618441340047866,0.0,0.0,0.0,0.0007556556206318673,0.0013891974938278454,0.004310848500520081,0.999989457794487,0,0,0,,0.0,0.012918572872877121,0.1501840502023697,False,False,0,False
38.931620579,339,38,931620579,map,20.54701042175293,-5.8200836181640625,-0.011426806449890137,-0.00028820039005950093,0.0,0.0,0.0,0.000499291456119736,0.0015190910961862866,0.00322271565444567,0.9999935285661072,0,0,0,,0.0,0.005510259419679642,0.16671456396579742,False,False,0,False
38.981620579,340,38,981620579,map,20.220439910888672,-6.531867980957031,0.08452549576759338,-0.0008092880016192794,0.0,0.0,0.0,0.0003826501861623664,0.0021798612987973353,0.0023259509553294603,0.9999948458545707,0,0,0,,0.0,0.00023511424660682678,0.1614367961883545,False,False,4,False
38.981620579,341,39,31620580,map,19.919008255004883,-6.0300445556640625,0.26929721236228943,-0.0005823135143145919,0.0,0.0,0.0,0.00038866059915665407,0.0028314044956721184,0.001850305827505486,0.9999942042131371,0,0,0,,0.0,-0.005774561315774918,0.15391269326210022,False,False,4,False
39.081620581,342,39,81620581,map,19.636898040771484,-5.644416809082031,0.36571353673934937,-0.0001541137316962704,0.0,0.0,0.0,0.00047150718554065974,0.0033045461213361896,0.00190629803639615,0.9999926118145586,0,0,0,,0.0,-0.009449291974306107,0.14523549377918243,False,False,4,False
39.131620582,343,39,131620582,map,19.36882972717285,-5.3600311279296875,-0.2361072599887848,0.0002933501673396677,0.0,0.0,0.0,0.00036659022024472434,0.003586950378790382,0.002119051036107913,0.9999912544724063,0,0,0,,0.0,2.6520341634750366e-05,0.14280490577220917,False,False,4,False
39.181620582,344,39,181620582,map,19.10934829711914,-5.186767578125,-0.5766432285308838,0.00034141543437726796,0.0,0.0,0.0,5.8883162637072394e-05,0.003723501959376167,0.0020399844878250567,0.9999909852239774,0,0,0,,0.0,0.0073785968124866486,0.15137138962745667,False,False,4,False
39.181620582,345,39,231620583,map,18.854549407958984,-5.09521484375,-0.1956222951412201,0.00033226009691134095,0.0,0.0,0.0,-0.00014567896648238327,0.003768361976007907,0.0017685829243960357,0.9999913251324214,0,0,0,,0.0,0.002551671117544174,0.16749370098114014,False,False,4,False
39.231620583,346,39,281620584,map,18.60319709777832,-5.0263214111328125,-0.2079494297504425,0.0002422332763671875,0.0,0.0,0.0,-0.0002470168943418469,0.0037629538081325035,0.001454451367079041,0.9999918318328969,0,0,0,,0.0,0.002406228333711624,0.17857705056667328,False,False,4,False
39.331620585,347,39,331620585,map,18.35576057434082,-4.9468994140625,-0.7731608152389526,-3.81478457711637e-07,0.0,0.0,0.0,-0.0004938726344267468,0.003729884337219875,0.0008210132323478447,0.9999925849674707,0,0,0,,0.0,0.011699218302965164,0.17985354363918304,False,False,4,False
39.331620585,348,39,381620585,map,18.112886428833008,-4.857139587402344,-0.49552375078201294,-1.7547608877066523e-05,0.0,0.0,0.0,-0.0006987459805901652,0.003680580361251218,-8.678361161942859e-05,0.999992978750783,0,0,0,,0.0,0.007939707487821579,0.17713400721549988,False,False,4,False
39.431620586,349,39,431620586,map,17.87531852722168,-4.751625061035156,-0.44627463817596436,-1.8119808373739943e-05,0.0,0.0,0.0,-0.000807613925458232,0.003619866205644512,-0.0010596122727005778,0.999992560747445,0,0,0,,0.0,0.006211180239915848,0.1677800416946411,False,False,4,False
39.481620587,350,39,481620587,map,17.64234161376953,-4.659271240234375,0.40223148465156555,4.863739377469756e-05,0.0,0.0,0.0,-0.0005896783261368658,0.0035509083533419687,-0.0015566451254011913,0.9999923100630781,0,0,0,,0.0,-0.009051445871591568,0.16184090077877045,False,False,4,False
39.531620588,351,39,531620588,map,17.41524887084961,-4.54193115234375,0.26463451981544495,3.6239543987903744e-06,0.0,0.0,0.0,-0.0002932990860320611,0.003475605183105585,-0.001429914397855022,0.9999928947192935,0,0,0,,0.0,-0.009393248707056046,0.14643782377243042,False,False,4,False
39.581620588,352,39,581620588,map,17.19321060180664,-4.44122314453125,0.38257625699043274,-7.190703763626516e-05,0.0,0.0,0.0,-1.5652224783646146e-05,0.0033955047418997627,-0.0008020186938614607,0.9999939135157624,0,0,0,,0.0,-0.011473949998617172,0.13700918853282928,False,False,4,False
39.631620589,353,39,631620589,map,16.97694206237793,-4.324913024902344,-0.39865967631340027,-8.02993745310232e-05,0.0,0.0,0.0,-4.23593671099872e-05,0.003312174381933272,-0.0002364384591312633,0.9999944858864988,0,0,0,,0.0,0.0023014359176158905,0.12185424566268921,False,False,4,False
39.68162059,354,39,681620590,map,16.90174102783203,-1.5039443969726562,-0.19658967852592468,0.00022125242685433477,0.0,0.0,0.0,-0.00015135776058170644,0.002968361767005136,3.107523873610039e-05,0.9999955824670318,0,0,0,,0.0,0.0020344071090221405,0.11457087099552155,False,False,4,False
39.731620591,355,39,731620591,map,16.847091674804688,-1.0932159423828125,-0.3998970687389374,0.0005731582641601562,0.0,0.0,0.0,-0.0003010659373658377,0.0023529679842342996,-5.742051058247318e-05,0.9999971847979631,0,0,0,,0.0,0.00641569122672081,0.16178400814533234,False,False,0,False
39.781620591,356,39,781620591,map,16.546594619750977,-6.0117340087890625,-0.7650572657585144,-0.0003917694266419858,0.0,0.0,0.0,-0.0005827239158207182,0.0021642492171353974,-0.0007252282746664035,0.9999972252472072,0,0,0,,0.0,0.015424851328134537,0.20117376744747162,False,False,0,False
39.831620592,357,39,831620592,map,16.11609649658203,-8.614158630371094,-0.8426791429519653,-0.001459312392398715,0.0,0.0,0.0,-0.0008886140366322228,0.002907520146845025,-0.0019486047458256433,0.9999934797943606,0,0,0,,0.0,0.019138652831315994,0.21802683174610138,False,False,3,False
39.881620593,358,39,881620593,map,15.71829891204834,-7.961025238037109,-0.6636826992034912,-0.0012649535201489925,0.0,0.0,0.0,-0.0011062672030304262,0.003777841572404651,-0.003522733154870128,0.9999860471211831,0,0,0,,0.0,0.015272032469511032,0.21198853850364685,False,False,3,False
39.931620594,359,39,931620594,map,15.348891258239746,-7.385139465332031,0.410550981760025,-0.0003784178989008069,0.0,0.0,0.0,-0.0008887254742989003,0.0044516928212842664,-0.004655834954196479,0.9999788576759688,0,0,0,,0.0,-0.006078209728002548,0.19875198602676392,False,False,3,False
39.981620594,360,39,981620594,map,15.004107475280762,-6.895084381103516,0.1055610179901123,0.00045318593038246036,0.0,0.0,0.0,-0.0006005030613457841,0.004864732408067767,-0.0051511148968222875,0.9999747195754456,0,0,0,,0.0,-0.005222145467996597,0.17748881876468658,False,False,3,False
40.031620595,361,40,31620595,map,14.67883014678955,-6.50421142578125,0.21504566073417664,0.0007699965499341488,0.0,0.0,0.0,-0.0003543186586414096,0.005052823829623704,-0.005139805070847804,0.9999739625777606,0,0,0,,0.0,-0.00820925459265709,0.16431139409542084,False,False,3,False
40.081620596,362,40,81620596,map,14.37010669708252,-6.172428131103516,0.3581182658672333,0.0008590698707848787,0.0,0.0,0.0,-0.00010763569535352245,0.005078373508539294,-0.004657778426107701,0.9999762515366043,0,0,0,,0.0,-0.011021267622709274,0.14819316565990448,False,False,3,False
40.131620597,363,40,131620597,map,14.07669448852539,-5.868015289306641,0.059558600187301636,0.0006464004400186241,0.0,0.0,0.0,7.959980013847598e-06,0.004996823334797438,-0.003991224495570026,0.9999795507010258,0,0,0,,0.0,-0.005520198494195938,0.12650348246097565,False,False,3,False
40.181620597,364,40,181620597,map,13.794953346252441,-5.631580352783203,0.8361587524414062,0.00043067929800599813,0.0,0.0,0.0,0.0002999274001661338,0.004853022041481649,-0.0029477168672947585,0.9999838344622827,0,0,0,,0.0,-0.01727340742945671,0.11478781700134277,False,False,3,False
40.181620597,365,40,231620598,map,13.524757385253906,-5.4034423828125,0.24042922258377075,0.00024089810904115438,0.0,0.0,0.0,0.00046420540393437204,0.004679151760641145,-0.0017589997515199643,0.9999873979066025,0,0,0,,0.0,-0.007826920598745346,0.09694929420948029,False,False,3,False
40.281620599,366,40,281620599,map,13.264506340026855,-5.205097198486328,0.9192312359809875,3.3950855140574276e-05,0.0,0.0,0.0,0.0007326660602018701,0.004493260818432506,-0.0003549817944057874,0.9999895738434414,0,0,0,,0.0,-0.0174456425011158,0.08043999969959259,False,False,3,False
40.3316206,367,40,331620600,map,13.014383316040039,-5.0035858154296875,0.4232264757156372,-0.00016574864275753498,0.0,0.0,0.0,0.0008847647952210547,0.004306444431075802,0.0010984415739718186,0.9999897325241535,0,0,0,,0.0,-0.009638134390115738,0.061242688447237015,False,False,3,False
40.3816206,368,40,381620600,map,12.773140907287598,-4.826316833496094,0.3390961289405823,-4.425048246048391e-05,0.0,0.0,0.0,0.0009027813883639218,0.004123594074574247,0.0023379336862684222,0.9999883574441012,0,0,0,,0.0,-0.006385888904333115,0.04533698782324791,False,False,3,False
40.431620601,369,40,431620601,map,12.76865291595459,-0.0917816162109375,0.3634517788887024,0.0006826400058344007,0.0,0.0,0.0,0.0008831753795608497,0.0034517466362707764,0.0033386204246033738,0.9999880794589846,0,0,0,,0.0,-0.004554238170385361,0.030865710228681564,False,False,0,False
40.481620602,370,40,481620602,map,12.750911712646484,-0.35221099853515625,-0.48956072330474854,0.0006633758312091231,0.0,0.0,0.0,0.0005769947297985149,0.0025505353211537907,0.0036808373380822707,0.9999898065896211,0,0,0,,0.0,0.009322937577962875,0.027444321662187576,False,False,0,False
40.531620603,371,40,531620603,map,12.295519828796387,-9.109230041503906,0.25627678632736206,-0.0008432387257926166,0.0,0.0,0.0,0.00044602340375132614,0.0025516169298014,0.0037123288264945095,0.9999897544119395,0,0,0,,0.0,-0.0011195875704288483,0.035672325640916824,False,False,0,False
40.531620603,372,40,581620603,map,11.776119232177734,-10.387840270996094,-0.06137475371360779,-0.0023517608642578125,0.0,0.0,0.0,0.00036028891000928316,0.003626905241905436,0.003655665776540236,0.9999866758402324,0,0,0,,0.0,0.003041055053472519,0.0013898871839046478,False,False,2,False
40.631620604,373,40,631620604,map,11.297561645507812,-9.570045471191406,-0.2355709671974182,-0.00206584925763309,0.0,0.0,0.0,0.00020868414572188464,0.0047656359257103684,0.0034109247095931742,0.9999828052310581,0,0,0,,0.02975023165345192,0.006438221782445908,0.0,False,False,2,False
40.631620604,374,40,681620605,map,10.857772827148438,-8.797492980957031,0.28525233268737793,-0.0008844374679028988,0.0,0.0,0.0,0.00022477323700875995,0.00561764027093303,0.003275595873219977,0.9999788308091595,0,0,0,,0.06046881154179573,-0.003787148743867874,0.0,False,False,2,False
40.731620606,375,40,731620606,map,10.455361366271973,-8.045482635498047,-0.56065833568573,0.00033473974326625466,0.0,0.0,0.0,4.524211746511112e-05,0.006110731229615155,0.002968178309610864,0.9999769231509859,0,0,0,,0.0989198088645935,0.010497089475393295,0.0,False,False,2,False
40.781620606,376,40,781620606,map,10.088579177856445,-7.338008880615234,0.4516828656196594,0.0013706204481422901,0.0,0.0,0.0,0.00010469135724777566,0.006284516370639415,0.0028255837367764606,0.9999762547032072,0,0,0,,0.12489551305770874,-0.006560612469911575,0.0,False,False,2,False
40.781620606,377,40,831620607,map,9.755390167236328,-6.661529541015625,-0.45256733894348145,0.0015794754726812243,0.0,0.0,0.0,6.510390071052644e-06,0.006211279821283722,0.0026485824183713593,0.9999772022260155,0,0,0,,0.1649782359600067,0.007016610354185104,0.0,False,False,2,False
40.831620607,378,40,881620608,map,9.453474998474121,-6.037254333496094,-0.3268735408782959,0.0013929366832599044,0.0,0.0,0.0,-0.0001630095864029322,0.005963476419711667,0.002238172553686413,0.9999797002742037,0,0,0,,0.18063446879386902,0.007375683635473251,0.0,False,False,2,False
40.931620609,379,40,931620609,map,9.179224967956543,-5.484428405761719,-0.5499864816665649,0.001002311590127647,0.0,0.0,0.0,-0.00037939043210273983,0.005607411094414943,0.0015506820440693628,0.999983004050027,0,0,0,,0.20225892961025238,0.012549173086881638,0.0,False,False,2,False
40.981620609,380,40,981620609,map,8.930133819580078,-4.981822967529297,0.005917409434914589,0.0005117416731081903,0.0,0.0,0.0,-0.00039987157478528024,0.005193269712397713,0.0009000581408071471,0.9999860298762985,0,0,0,,0.22048808634281158,0.004061851650476456,0.0,False,False,2,False
41.03162061,381,41,31620610,map,8.703187942504883,-4.539070129394531,0.3158037066459656,0.0002614974800962955,0.0,0.0,0.0,-0.00021151859842233377,0.004757849683586965,0.0006305561955563121,0.9999884601959941,0,0,0,,0.23854351043701172,-0.0037217848002910614,0.0,False,False,2,False
41.081620611,382,41,81620611,map,8.496550559997559,-4.133434295654297,-0.7870516777038574,-0.0002096175740007311,0.0,0.0,0.0,-0.0003599354724546703,0.004324902141122775,0.00015841244813312243,0.9999905702422507,0,0,0,,0.25724202394485474,0.013830471783876419,0.0,False,False,2,False
41.131620611,383,41,131620611,map,8.306158065795898,-3.8070297241210938,0.6519384384155273,-0.0002613067044876516,0.0,0.0,0.0,-0.0001768226127741254,0.003911139827587111,-6.993286543643991e-05,0.999992333384815,0,0,0,,0.25992122292518616,-0.007608134299516678,0.0,False,False,2,False
41.181620612,384,41,181620612,map,8.1322021484375,-3.4795188903808594,-0.48703813552856445,-0.00035743723856285214,0.0,0.0,0.0,-0.00020131511866423518,0.0035269057415025016,-0.00023109542620402846,0.9999937334818741,0,0,0,,0.2800142467021942,0.00743107870221138,0.0,False,False,2,False
41.231620613,385,41,231620613,map,7.971827030181885,-3.207111358642578,0.49613434076309204,-0.0004045485402457416,0.0,0.0,0.0,-4.4060018385176175e-05,0.0031739550222517256,-0.0002982754874911618,0.9999949175370667,0,0,0,,0.2968454658985138,-0.006829258054494858,0.0,False,False,2,False
41.281620614,386,41,281620614,map,7.828441619873047,-2.8676986694335938,-0.22329208254814148,-0.00027236941969022155,0.0,0.0,0.0,-2.9651720917637315e-05,0.0028450495510095666,-0.0001552284330123256,0.9999959403507402,0,0,0,,0.31892144680023193,0.002176005393266678,0.0,False,False,2,False
41.331620614,387,41,331620614,map,7.702000617980957,-2.5287818908691406,0.12839214503765106,-0.00019340513972565532,0.0,0.0,0.0,4.383832136398155e-06,0.00252651765153721,-0.00026719047588432565,0.9999967726440862,0,0,0,,0.32489845156669617,-0.002092543989419937,0.0,False,False,2,False
41.381620615,388,41,381620615,map,7.583961486816406,-2.3608779907226562,0.14586152136325836,-0.0002454757341183722,0.0,0.0,0.0,7.028663787307925e-05,0.002234939316356533,7.760662641116717e-05,0.9999974970384937,0,0,0,,0.3414652943611145,-0.003576580435037613,0.0,False,False,2,False
41.431620616000004,389,41,431620616,map,7.473374366760254,-2.2116565704345703,-0.22561801970005035,-0.0001352310209767893,0.0,0.0,0.0,1.1598930488767752e-05,0.001979765974002577,-8.159762393761578e-05,0.9999980368650634,0,0,0,,0.3509955108165741,0.0030028782784938812,0.0,False,False,2,False
41.431620616000004,390,41,481620617,map,7.368776321411133,-2.091960906982422,0.09639544785022736,-5.912779670325108e-05,0.0,0.0,0.0,3.6186549640369762e-06,0.0017619127889809778,0.00013980891370139167,0.9999984380506287,0,0,0,,0.3473249673843384,-0.00125088170170784,0.0,False,False,2,False
41.531620617,391,41,531620617,map,7.269365310668945,-1.9884204864501953,0.20868507027626038,-0.00010547637066338211,0.0,0.0,0.0,8.457529128229274e-05,0.0015790515628611133,7.097258644260621e-05,0.9999987472022522,0,0,0,,0.3610919415950775,-0.0045067258179187775,0.0,False,False,2,False
41.581620618,392,41,581620618,map,7.174326419830322,-1.9010734558105469,-0.6315047740936279,-5.645752025884576e-05,0.0,0.0,0.0,-0.00011122949719169011,0.001425609615204836,0.00012346252863676578,0.9999989700105836,0,0,0,,0.35650765895843506,0.011135216802358627,0.0,False,False,2,False
41.631620619,393,41,631620619,map,7.083411693572998,-1.8179702758789062,0.6090149283409119,1.7738340829964727e-05,0.0,0.0,0.0,1.4179980751920734e-05,0.0012969952167840289,-0.00010283328225149645,0.9999991535134676,0,0,0,,0.36716902256011963,-0.008844245225191116,0.0,False,False,2,False
41.68162062,394,41,681620620,map,6.997386932373047,-1.7204093933105469,-0.061916839331388474,-8.811950101517141e-05,0.0,0.0,0.0,7.702202161447408e-05,0.0011856777812801653,0.00029125788226864156,0.9999992517020467,0,0,0,,0.38188061118125916,-0.00106893852353096,0.0,False,False,2,False
41.68162062,395,41,731620620,map,6.9155097007751465,-1.6377449035644531,-0.4524470865726471,-4.386902219266631e-06,0.0,0.0,0.0,-8.245014571673619e-05,0.0010866005782271422,-9.911092032339439e-05,0.9999994013389119,0,0,0,,0.38056960701942444,0.008481066673994064,0.0,False,False,2,False
41.73162062,396,41,781620621,map,6.837214469909668,-1.566162109375,0.6770704984664917,3.261566234868951e-05,0.0,0.0,0.0,8.237071882528226e-05,0.00099792379804475,0.0002795492618196369,0.9999994596075381,0,0,0,,0.3905695080757141,-0.011386837810277939,0.0,False,False,2,False
41.781620621,397,41,831620622,map,6.7632527351379395,-1.4788055419921875,-0.20350202918052673,1.6212461559916846e-05,0.0,0.0,0.0,0.00010298100362433829,0.0009156081943714221,0.00020763202938993105,0.9999995539726444,0,0,0,,0.40249142050743103,0.0007444880902767181,0.0,False,False,2,False
41.881620623,398,41,881620623,map,6.692821502685547,-1.4087295532226562,-0.4341091215610504,-7.629394076502649e-06,0.0,0.0,0.0,-8.256339682842066e-05,0.000837776007933451,0.0003244418118180338,0.9999995930259956,0,0,0,,0.3960947096347809,0.008610043674707413,0.0,False,False,2,False
41.931620623,399,41,931620623,map,6.626194000244141,-1.3323307037353516,0.21090126037597656,8.773802619543858e-06,0.0,0.0,0.0,-7.769642377877222e-05,0.0007648535506424215,-8.866013809365357e-05,0.9999997005508011,0,0,0,,0.4129663407802582,-0.0014734752476215363,0.0,False,False,2,False
41.981620624,400,41,981620624,map,6.563636779785156,-1.2511348724365234,0.06914987415075302,2.651214526849799e-05,0.0,0.0,0.0,-1.8230001051713597e-05,0.0006951061552487136,0.00017338429975046523,0.9999997432164595,0,0,0,,0.42203348875045776,-0.0012225545942783356,0.0,False,False,2,False
42.031620625,401,42,31620625,map,6.504539489746094,-1.1823463439941406,-0.35461288690567017,-6.046295311534777e-05,0.0,0.0,0.0,-0.00011406748891159741,0.0006271931680429982,-0.0002902757484347523,0.9999997546786338,0,0,0,,0.42130449414253235,0.007399525493383408,0.0,False,False,2,False
42.081620626,402,42,81620626,map,6.448914527893066,-1.112527847290039,0.656354546546936,7.07626313669607e-05,0.0,0.0,0.0,7.506967925938884e-05,0.0005619015344832088,0.00011420735870114359,0.99999983279393,0,0,0,,0.4371785819530487,-0.011571753770112991,0.0,False,False,2,False
42.131620626,403,42,131620626,map,6.396859645843506,-1.0409736633300781,-0.05549890920519829,-6.160735938465223e-05,0.0,0.0,0.0,0.0001502775150010268,0.000497175649259373,8.887485024036675e-05,0.9999998611671419,0,0,0,,0.43474093079566956,-0.0025023482739925385,0.0,False,False,2,False
42.131620626,404,42,181620627,map,6.347191333770752,-0.9932422637939453,-0.4901062846183777,5.3787229262525216e-05,0.0,0.0,0.0,-3.6352753459335044e-05,0.0004356391835075809,0.0003070781858238504,0.9999998572999732,0,0,0,,0.42834797501564026,0.00888219103217125,0.0,False,False,2,False
42.231620628,405,42,231620628,map,6.300358772277832,-0.9365081787109375,0.3138826787471771,-2.8228758310433477e-05,0.0,0.0,0.0,-1.1707581155732987e-05,0.00037896660525584843,-2.7245460413468704e-05,0.9999999277524622,0,0,0,,0.44420453906059265,-0.004149202257394791,0.0,False,False,2,False
42.281620629,406,42,281620629,map,6.256938934326172,-0.8683586120605469,-0.08853437006473541,3.0899045668775216e-05,0.0,0.0,0.0,-4.085268974176736e-06,0.00032466534994549453,0.00027883421226965736,0.9999999084135974,0,0,0,,0.4602273404598236,0.0010948441922664642,0.0,False,False,2,False
42.281620629,407,42,331620629,map,6.2170634269714355,-0.7975959777832031,-0.16076438128948212,1.239776611328125e-05,0.0,0.0,0.0,-6.441339456034319e-05,0.0002697789878627115,-0.00013005123991790835,0.9999999530784425,0,0,0,,0.45936623215675354,0.003797929733991623,0.0,False,False,2,False
42.331620629,408,42,381620630,map,6.180891513824463,-0.7235431671142578,0.36226004362106323,-2.555847095209174e-05,0.0,0.0,0.0,4.223171860215279e-05,0.00021387179884630044,0.00024473540422441446,0.9999999462899573,0,0,0,,0.48241230845451355,-0.006562430411577225,0.0,False,False,2,False
42.431620631,409,42,431620631,map,6.14872932434082,-0.6431674957275391,-0.049428679049015045,-1.201629675051663e-05,0.0,0.0,0.0,7.750915552787939e-05,0.00015503753231035344,7.56217555581461e-05,0.9999999821185221,0,0,0,,0.47946086525917053,-0.0010708384215831757,0.0,False,False,2,False
42.481620632,410,42,481620632,map,6.119448661804199,-0.5854988098144531,-0.1654159277677536,-8.773804438533261e-06,0.0,0.0,0.0,8.569229895734186e-06,9.537078599489875e-05,0.0003912175640854237,0.9999999188898963,0,0,0,,0.47122636437416077,0.0027403198182582855,0.0,False,False,2,False
42.531620632,411,42,531620632,map,6.0930495262146,-0.5287075042724609,0.41882947087287903,3.814698175119702e-06,0.0,0.0,0.0,0.00011854867398626199,3.841737259841778e-05,0.0002697736133593399,0.9999999558462564,0,0,0,,0.4992988109588623,-0.008789975196123123,0.0,False,False,2,False
42.581620633,412,42,581620633,map,6.070905685424805,-0.4426860809326172,-0.057978592813014984,-4.692077709478326e-05,0.0,0.0,0.0,0.000141534313198156,-1.9493349579907486e-05,0.0008237183337473846,0.9999996505380161,0,0,0,,0.5001125931739807,-0.0020314641296863556,0.0,False,False,2,False
42.581620633,413,42,631620634,map,6.051463603973389,-0.3883838653564453,-0.22415640950202942,4.711150540970266e-05,0.0,0.0,0.0,3.664608001763674e-05,-7.67501598546056e-05,0.0005629949026583609,0.9999998379015955,0,0,0,,0.4878685772418976,0.003223653882741928,0.0,False,False,2,False
42.681620635,414,42,681620635,map,6.0325026512146,-0.37929534912109375,-0.3293088674545288,-1.3351438610698096e-05,0.0,0.0,0.0,-0.00012907879705868614,-0.00012805640866388171,0.0006601809811641396,0.9999997655506188,0,0,0,,0.4777415990829468,0.008177053183317184,0.0,False,False,2,False
42.681620635,415,42,731620635,map,6.0152268409729,-0.34542083740234375,0.30529651045799255,-3.0517576306010596e-05,0.0,0.0,0.0,-6.946737991547685e-05,-0.00017120122032432227,0.00024020522513470199,0.9999999540829365,0,0,0,,0.5014786720275879,-0.003616955131292343,0.0,False,False,2,False
42.781620636,416,42,781620636,map,6.000490188598633,-0.29471397399902344,-0.01692596822977066,1.6403195331804454e-05,0.0,0.0,0.0,-1.7459985854957314e-05,-0.00021059292634380064,0.0005549989638780034,0.9999998236609435,0,0,0,,0.5015119314193726,-6.625428795814514e-05,0.0,False,False,2,False
42.831620637,417,42,831620637,map,5.987033843994141,-0.2691459655761719,-0.21029922366142273,4.692077709478326e-05,0.0,0.0,0.0,-7.587034003500023e-05,-0.00024707037771472035,0.00012035611686428742,0.9999999593571618,0,0,0,,0.49201253056526184,0.004694808274507523,0.0,False,False,2,False
42.831620637,418,42,881620638,map,5.975415229797363,-0.23260116577148438,0.3771243691444397,-6.332396878860891e-05,0.0,0.0,0.0,3.4801734844538695e-05,-0.0002801246234824974,0.0004950912522462639,0.9999998376018302,0,0,0,,0.5210961103439331,-0.0066783614456653595,0.0,False,False,2,False
42.931620638,419,42,931620638,map,5.966594219207764,-0.17622947692871094,-0.11253450065851212,-2.1171566913835704e-05,0.0,0.0,0.0,5.1234664198574895e-05,-0.0003148774579123036,0.00027085952349964546,0.9999999124311533,0,0,0,,0.5167778730392456,0.00040454789996147156,0.0,False,False,2,False
42.981620639,420,42,981620639,map,5.959400653839111,-0.14377593994140625,-0.1474510282278061,0.00010643005225574598,0.0,0.0,0.0,-1.578559930603014e-05,-0.00035042445009986087,0.0005518012516145674,0.9999997862344263,0,0,0,,0.5031148791313171,0.003009568899869919,0.0,False,False,2,False
43.03162064,421,43,31620640,map,5.953908443450928,-0.11027336120605469,0.3169608414173126,-3.0899045668775216e-05,0.0,0.0,0.0,6.535093042394262e-05,-0.00038371280997978076,0.00033505062906325053,0.9999998681173969,0,0,0,,0.5334038138389587,-0.006229225546121597,0.0,False,False,2,False
43.03162064,422,43,81620641,map,5.951651573181152,-0.04513740539550781,-0.0016007572412490845,3.433226538618328e-06,0.0,0.0,0.0,0.00010235176635209602,-0.0004189361003746795,0.0008272203405805289,0.9999995648614893,0,0,0,,0.5303178429603577,-0.002168048173189163,0.0,False,False,2,False
43.131620641,423,43,131620641,map,5.950828552246094,-0.0160980224609375,-0.1891496777534485,-4.291534060030244e-05,0.0,0.0,0.0,2.4942169753047156e-05,-0.0004547699362913417,0.0005427632807191039,0.9999997489850755,0,0,0,,0.5141337513923645,0.0027421079576015472,0.0,False,False,2,False
43.181620642,424,43,181620642,map,5.949216365814209,-0.032215118408203125,-0.028567491099238396,1.0299681889591739e-05,0.0,0.0,0.0,-2.490611530336325e-05,-0.0004844869092763533,0.0008130504434749629,0.9999995518004478,0,0,0,,0.4952991306781769,0.0012820474803447723,0.0,False,False,2,False
43.231620643,425,43,231620643,map,5.947436332702637,-0.035572052001953125,-0.13843682408332825,-4.0626528061693534e-05,0.0,0.0,0.0,-8.290635220357449e-05,-0.0005047027862590065,0.0003650774285354979,0.9999998025600331,0,0,0,,0.5224102735519409,0.0037365220487117767,0.0,False,False,2,False
43.281620644,426,43,281620644,map,5.946649551391602,-0.015735626220703125,-0.00832532998174429,5.683898780262098e-05,0.0,0.0,0.0,-9.506253633043863e-05,-0.0005205186643455622,0.0005352457216341163,0.9999997167676857,0,0,0,,0.5193598866462708,0.0019192062318325043,0.0,False,False,2,False
43.331620644,427,43,331620644,map,5.946536064147949,-0.0030994415283203125,-0.400098979473114,1.1444090887380298e-05,0.0,0.0,0.0,-0.00021791627236169642,-0.0005340291018673872,-0.00013068247430007848,0.9999998251237385,0,0,0,,0.5170772671699524,0.01042141392827034,0.0,False,False,2,False
43.331620644,428,43,381620645,map,5.948062896728516,0.0313568115234375,0.5204855799674988,2.288818359375e-05,0.0,0.0,0.0,-6.28027326381934e-05,-0.0005477124957127127,8.731723853563847e-05,0.9999998442212571,0,0,0,,0.5492877960205078,-0.0071534328162670135,0.0,False,False,2,False
43.431620646,429,43,431620646,map,5.95259428024292,0.09064674377441406,-0.07426203787326813,-7.07626313669607e-05,0.0,0.0,0.0,9.49202665070651e-06,-0.0005682128834403802,-0.00019670273363787093,0.9999998191760112,0,0,0,,0.5508620142936707,0.0002188943326473236,0.0,False,False,2,False
43.431620646,430,43,481620647,map,5.959742546081543,0.14295578002929688,-0.0550348162651062,5.912779670325108e-06,0.0,0.0,0.0,-4.709205450541228e-07,-0.0005956888153601485,0.00010359662242799395,0.9999998172111599,0,0,0,,0.538200318813324,0.001152966171503067,0.0,False,False,2,False
43.481620647,431,43,531620647,map,5.967391014099121,0.15209197998046875,-0.40444567799568176,2.47955322265625e-05,0.0,0.0,0.0,-0.00014783506084419686,-0.0006232751891949127,-0.0004749206337433761,0.999999682061562,0,0,0,,0.5269708633422852,0.009636346250772476,0.0,False,False,2,False
43.531620647,432,43,581620648,map,5.975829601287842,0.1696014404296875,0.33842480182647705,-1.1825563888123725e-05,0.0,0.0,0.0,-7.4762745548425e-05,-0.0006474627525660136,-0.0003000739539669209,0.9999997425790358,0,0,0,,0.5571545362472534,-0.003571178764104843,0.0,False,False,2,False
43.631620649,433,43,631620649,map,5.9866251945495605,0.21584510803222656,-0.052230674773454666,4.005432856502011e-06,0.0,0.0,0.0,-2.947211812102281e-05,-0.0006732746756375002,-0.0006589934619065691,0.9999995557800125,0,0,0,,0.5556071996688843,0.0009244047105312347,0.0,False,False,2,False
43.681620649,434,43,681620649,map,5.998795509338379,0.24270057678222656,-0.27331122756004333,-2.422332727292087e-05,0.0,0.0,0.0,-0.00011036827953697412,-0.0006999966650387883,-0.0005425499082533463,0.999999601731475,0,0,0,,0.5404301285743713,0.006671454757452011,0.0,False,False,2,False
43.73162065,435,43,731620650,map,6.012675762176514,0.2783489227294922,0.304218590259552,1.9073513612966053e-06,0.0,0.0,0.0,-3.129693062335925e-05,-0.0007258962520367877,-0.000923808005929603,0.9999993093367123,0,0,0,,0.5804654955863953,-0.003997106105089188,0.0,False,False,2,False
43.73162065,436,43,781620651,map,6.030531406402588,0.3570556640625,-0.04276067018508911,-6.294253580563236e-06,0.0,0.0,0.0,9.906242382788253e-06,-0.0007571637744908592,-0.0006002730081311754,0.9999995331384913,0,0,0,,0.5766777992248535,0.00027416273951530457,0.0,False,False,2,False
43.831620652,437,43,831620652,map,6.049864292144775,0.3852653503417969,-0.4237208366394043,-3.604888479458168e-05,0.0,0.0,0.0,-0.00013326879020642248,-0.0007914564863564873,-0.0011494463275127798,0.9999990173041171,0,0,0,,0.5547553300857544,0.00947565957903862,0.0,False,False,2,False
43.881620652,438,43,881620652,map,6.067481994628906,0.34778594970703125,-0.6080400347709656,3.128051321255043e-05,0.0,0.0,0.0,-0.0003873888625490511,-0.0008188633579017439,-0.0015026898586743352,0.9999984606567447,0,0,0,,0.5345550179481506,0.017534662038087845,0.0,False,False,2,False
43.931620653,439,43,931620653,map,6.085134506225586,0.357208251953125,0.5283946990966797,5.168914867681451e-05,0.0,0.0,0.0,-0.00024980454878349907,-0.0008376065587466107,-0.0022253030055283105,0.9999971420156527,0,0,0,,0.5706978440284729,-0.0036401934921741486,0.0,False,False,2,False
43.981620654,440,43,981620654,map,6.105653285980225,0.4095935821533203,-0.12828096747398376,-1.430511474609375e-05,0.0,0.0,0.0,-0.00015897143745528268,-0.000854687383139806,-0.0021583931037296405,0.9999972927847199,0,0,0,,0.5806692838668823,0.00395149365067482,0.0,False,False,2,False
43.981620654,441,44,31620655,map,6.127089977264404,0.4239845275878906,-0.5367697477340698,-1.411438006471144e-05,0.0,0.0,0.0,-0.0003040726762222384,-0.00087290149868399,-0.0029806413661858156,0.9999951306680585,0,0,0,,0.5613324642181396,0.014136020094156265,0.0,False,False,2,False
44.031620655,442,44,81620655,map,6.151006698608398,0.4804039001464844,0.20057395100593567,4.920959327137098e-05,0.0,0.0,0.0,-0.00025873025758539365,-0.0008936806156475555,-0.0031326234179721744,0.9999946605178109,0,0,0,,0.6141034364700317,0.002045702189207077,0.0,False,False,2,False
44.131620656,443,44,131620656,map,6.179778099060059,0.5732917785644531,-0.2124243974685669,2.0980833141948096e-06,0.0,0.0,0.0,-0.0002515091804350751,-0.0009255319170952261,-0.003854396883160521,0.9999921118481234,0,0,0,,0.6114758849143982,0.00747830793261528,0.0,False,False,2,False
44.181620657,444,44,181620657,map,6.210901737213135,0.6112003326416016,-0.796328067779541,-5.9700014389818534e-05,0.0,0.0,0.0,-0.0004897308190828459,-0.0009638711301673386,-0.004391242413917425,0.9999897740008303,0,0,0,,0.5856117010116577,0.02157812938094139,0.0,False,False,2,False
44.181620657,445,44,231620658,map,6.241748332977295,0.59539794921875,-1.0120545625686646,-7.762908353470266e-05,0.0,0.0,0.0,-0.0008727394271927392,-0.0009959443091514541,-0.006156643823459796,0.9999801708822313,0,0,0,,0.5668938159942627,0.03223700448870659,0.0,False,False,2,False
44.281620658,446,44,281620658,map,6.274030685424805,0.648651123046875,0.11256933212280273,4.7492983867414296e-05,0.0,0.0,0.0,-0.0008452850661752338,-0.0010237381527313121,-0.007261481575111784,0.9999727537981652,0,0,0,,0.6305438280105591,0.013307657092809677,0.0,False,False,2,False
44.331620659,447,44,331620659,map,6.312052249908447,0.7779121398925781,0.8217966556549072,0.0001470565766794607,0.0,0.0,0.0,-0.00037992975012271296,-0.001065056455546974,-0.00814335691830784,0.9999662029519962,0,0,0,,0.6704188585281372,-0.007640000432729721,0.0,False,False,2,False
44.38162066,448,44,381620660,map,6.362374305725098,1.0039901733398438,-0.14371097087860107,-3.337859743623994e-05,0.0,0.0,0.0,-0.000159107321678288,-0.0011293860984895668,-0.008116291061403545,0.9999664119315745,0,0,0,,0.701969563961029,0.003474544733762741,0.0,False,False,2,False
44.431620661,449,44,431620661,map,6.425976753234863,1.2719440460205078,-0.017232894897460938,-5.187987699173391e-05,0.0,0.0,0.0,-9.286431378972676e-05,-0.0012267431468575187,-0.008615808161612068,0.9999621264463936,0,0,0,,0.7973023653030396,0.0021581165492534637,0.0,False,False,2,False
44.481620661,450,44,481620661,map,6.509607791900635,1.6903305053710938,3.508192539215088,-0.00022754669771529734,0.0,0.0,0.0,0.0011145459740129647,-0.0013748636226027019,-0.006624464924856257,0.9999764917245557,0,0,0,,0.8660305738449097,-0.07645012438297272,0.0,False,False,2,False
44.481620661,451,44,531620662,map,6.622969627380371,2.2675037384033203,-0.023095980286598206,-0.00039653776912018657,0.0,0.0,0.0,0.0015516249963053994,-0.0015934056363782394,-0.004365259877095613,0.9999879989402644,0,0,0,,0.8610104918479919,-0.02733757719397545,0.0,False,False,2,False
44.581620663,452,44,581620663,map,6.764304161071777,2.82928466796875,-1.7916553020477295,0.0004226684686727822,0.0,0.0,0.0,0.0007471931330201501,-0.001878423153587748,-0.003156256384772726,0.9999929756125848,0,0,0,,0.9541552066802979,0.016908656805753708,0.0,False,False,2,False
44.631620664,453,44,631620664,map,6.942656517028809,3.4822940826416016,-4.196369647979736,-0.00010967253183480352,0.0,0.0,0.0,-0.0010924378315249794,-0.0022238440711986277,-0.0052702378669608595,0.9999830427012034,0,0,0,,0.9215718507766724,0.09288343787193298,0.0,False,False,2,False
44.681620664,454,44,681620664,map,7.167774200439453,4.499855041503906,-0.15032440423965454,-0.0010343551402911544,0.0,0.0,0.0,-0.0018571283841132286,-0.0026707023242037854,-0.008300086817995515,0.9999602627015106,0,0,0,,0.9634026885032654,0.03137282654643059,0.0,False,False,2,False
44.731620665,455,44,731620665,map,7.382613182067871,4.087810516357422,-4.323487758636475,-0.00106048583984375,0.0,0.0,0.0,-0.003026744239288813,-0.0030651139259982568,-0.012985285890657478,0.9999064087434726,0,0,0,,1.0,0.11174756288528442,0.0,False,False,2,False
44.781620666,456,44,781620666,map,7.565114974975586,2.96875,-7.810018062591553,-0.003957557957619429,0.0,0.0,0.0,-0.005670623910295269,-0.003220469550276228,-0.021768734999785568,0.9997417640455224,0,0,0,,1.0,0.30638229846954346,0.0,False,False,2,False
44.831620667,457,44,831620667,map,7.700216293334961,1.0887527465820312,-10.952274322509766,-0.010429764166474342,0.0,0.0,0.0,-0.009698000130120088,-0.002952753571163152,-0.03718632345300838,0.999256927615652,0,0,0,,0.987027108669281,0.4085853397846222,0.0,False,False,2,False
44.881620667,458,44,881620667,map,7.901142597198486,2.4757766723632812,-7.775256633758545,-0.009126663208007812,0.0,0.0,0.0,-0.012626542788611556,-0.002555465713392782,-0.056897295738848386,0.9982969186318271,0,0,0,,0.7889065742492676,0.2728719413280487,0.0,False,False,2,False
44.931620668,459,44,931620668,map,8.032364845275879,-0.1515483856201172,-10.698793411254883,-0.0023704511113464832,0.0,0.0,0.0,-0.015042237811374412,-0.0019495322181697354,-0.07964036874215435,0.9967082532378118,0,0,0,,1.0,0.40448033809661865,0.0,False,False,2,False
44.981620669,460,44,981620669,map,8.136613845825195,-2.138195037841797,-12.546615600585938,-0.00995941273868084,0.0,0.0,0.0,-0.01819441294482349,-0.0008375761570287923,-0.1071305693211868,0.994078117111876,0,0,0,,0.8849062323570251,0.45168936252593994,0.0,False,False,2,False
45.03162067,461,45,31620670,map,8.345633506774902,1.6371536254882812,-7.013206481933594,0.0060277944430708885,0.0,0.0,0.0,-0.019141756495855967,-6.564885140668839e-05,-0.13575403855886278,0.9905576358109812,0,0,0,,0.9375506639480591,0.2629876434803009,0.0,False,False,2,False
45.03162067,462,45,81620670,map,8.538772583007812,-0.4098033905029297,-10.041818618774414,0.018895911052823067,0.0,0.0,0.0,-0.01922962428926724,0.00044663432085084416,-0.16294890847537757,0.9864469956840863,0,0,0,,1.0,0.3571557104587555,0.0,False,False,2,False
45.131620671,463,45,131620671,map,8.67116928100586,-3.3359813690185547,-11.697745323181152,-0.0027252198196947575,0.0,0.0,0.0,-0.02062355408669948,0.001429684137416497,-0.19228892345970988,0.9811205812410654,0,0,0,,0.9425620436668396,0.40922707319259644,0.0,False,False,2,False
45.131620671,464,45,181620672,map,8.922029495239258,1.7276954650878906,-6.8210601806640625,0.008276748470962048,0.0,0.0,0.0,-0.020331671179654218,0.0018897538472874083,-0.22072100267757017,0.9751232183444547,0,0,0,,0.9335876703262329,0.2155570238828659,0.0,False,False,2,False
45.231620673,465,45,231620673,map,9.12515926361084,-0.9705352783203125,-8.868513107299805,0.01824931986629963,0.0,0.0,0.0,-0.019376924722089326,0.002013394080648423,-0.24617050459409728,0.9690307341361667,0,0,0,,1.0,0.27452999353408813,0.0,False,False,2,False
45.281620673,466,45,281620673,map,9.287020683288574,-4.400663375854492,-11.413002014160156,-0.006928062066435814,0.0,0.0,0.0,-0.02012530916277235,0.002765327095933887,-0.2724367415149005,0.9619592230286578,0,0,0,,1.0,0.38443300127983093,0.0,False,False,2,False
45.281620673,467,45,331620674,map,9.509836196899414,-1.3955211639404297,-8.71394157409668,-0.0074558258056640625,0.0,0.0,0.0,-0.020490809601737905,0.0034104338518049717,-0.2991327258812016,0.9539853814234733,0,0,0,,1.0,0.25375881791114807,0.0,False,False,2,False
45.381620675,468,45,381620675,map,9.70388126373291,-4.312705993652344,-10.53762435913086,-0.0002223969204351306,0.0,0.0,0.0,-0.020852126263511964,0.0040544375399342684,-0.32532097984684455,0.9453650143928609,0,0,0,,1.0,0.323323130607605,0.0,False,False,2,False
45.431620676,469,45,431620676,map,9.833672523498535,-7.91560173034668,-11.327762603759766,-0.014134216122329235,0.0,0.0,0.0,-0.02233996768500394,0.0054137000578567546,-0.3535389989334356,0.9351373128737088,0,0,0,,1.0,0.41214719414711,0.0,False,False,2,False
45.481620676,470,45,481620676,map,9.834439277648926,-7.022438049316406,-6.100959777832031,-0.002373314928263426,0.0,0.0,0.0,-0.022648997572584414,0.006758635712089527,-0.38212475733292073,0.9238084290509179,0,0,0,,1.0,0.29737353324890137,0.0,False,False,2,False
45.531620677,471,45,531620677,map,9.75549030303955,-9.555044174194336,-5.4482269287109375,0.01106567494571209,0.0,0.0,0.0,-0.022182462680232228,0.008191861735092726,-0.40960406188385123,0.9119568763044684,0,0,0,,1.0,0.3231729567050934,0.0,False,False,0,False
45.581620678,472,45,581620678,map,10.040976524353027,-1.1076545715332031,-7.810068130493164,0.018903540447354317,0.0,0.0,0.0,-0.020613535006722312,0.008376946350435562,-0.43430881097611884,0.90048918130807,0,0,0,,1.0,0.16027888655662537,0.0,False,False,0,False
45.631620679,473,45,631620679,map,10.413897514343262,-4.145050048828125,-11.662483215332031,0.010237693786621094,0.0,0.0,0.0,-0.020033703711305344,0.007743002503849945,-0.4562802857733342,0.8895768642688712,0,0,0,,0.8675137758255005,0.2544703781604767,0.0,False,False,3,False
45.681620679,474,45,681620679,map,10.651312828063965,-9.26870346069336,-10.878372192382812,-0.020272254943847656,0.0,0.0,0.0,-0.021349308314335683,0.008304881693763701,-0.47950956732961286,0.8772376022571761,0,0,0,,0.7067501544952393,0.35890308022499084,0.0,False,False,3,False
45.73162068,475,45,731620680,map,10.884228706359863,-7.285299301147461,-8.925743103027344,-0.016266630962491035,0.0,0.0,0.0,-0.022301912474474377,0.00912107789677825,-0.5037191704060449,0.8635313705960125,0,0,0,,0.4957890808582306,0.2673419415950775,0.0,False,False,3,False
45.781620681,476,45,781620681,map,10.995872497558594,-11.007442474365234,-7.301826477050781,-0.004790688399225473,0.0,0.0,0.0,-0.022960153222301664,0.010356193788458465,-0.5283906653114381,0.8486276482804223,0,0,0,,0.5033191442489624,0.3340499997138977,0.0,False,False,3,False
45.781620681,477,45,831620682,map,11.089593887329102,-9.445505142211914,-5.577125549316406,0.002081680577248335,0.0,0.0,0.0,-0.02291859247183652,0.011566621554171895,-0.5530610934430992,0.8327450860284051,0,0,0,,0.4438989758491516,0.2700674831867218,0.0,False,False,3,False
45.881620682,478,45,881620682,map,11.090960502624512,-12.45938777923584,-3.988628387451172,0.0032594683580100536,0.0,0.0,0.0,-0.022813711856381313,0.013104003843078938,-0.5776663893597054,0.8158488599236601,0,0,0,,0.4273999333381653,0.3207012414932251,0.0,False,False,3,False
45.931620683,479,45,931620683,map,11.05360221862793,-12.654414176940918,-2.449493408203125,-0.0011901860125362873,0.0,0.0,0.0,-0.02263856072790377,0.014855677812116422,-0.6024847966359171,0.7976709059677989,0,0,0,,0.34395632147789,0.31340986490249634,0.0,False,False,3,False
45.931620683,480,45,981620684,map,10.956655502319336,-14.089040756225586,-0.7130050659179688,-0.0026767724193632603,0.0,0.0,0.0,-0.0224548348415778,0.01681298687055654,-0.6275197374199111,0.7780951632115276,0,0,0,,0.3261565566062927,0.34458431601524353,0.0,False,False,3,False
46.031620685,481,46,31620685,map,10.858591079711914,-12.857606887817383,0.328369140625,0.002360724611207843,0.0,0.0,0.0,-0.021862520921864352,0.01844195879629308,-0.6521579827575223,0.7575433254014822,0,0,0,,0.3142721354961395,0.30835220217704773,0.0,False,False,3,False
46.081620685,482,46,81620685,map,10.791914939880371,-9.436962127685547,0.6116676330566406,0.01988372765481472,0.0,0.0,0.0,-0.020297567967991956,0.0188663453834972,-0.6745803125304355,0.7376811450029039,0,0,0,,0.3314979374408722,0.2073577493429184,0.0,False,False,3,False
46.131620686,483,46,131620686,map,10.739236831665039,-6.972747802734375,0.7822036743164062,0.0316987968981266,0.0,0.0,0.0,-0.017915984962911042,0.01794972414940281,-0.6930071218678919,0.7204845271941308,0,0,0,,0.4300915598869324,0.13677167892456055,0.0,False,False,3,False
46.131620686,484,46,181620687,map,10.707345962524414,-2.1612393856048584,0.5992889404296875,0.0322175957262516,0.0,0.0,0.0,-0.01466265795790885,0.01549807492677278,-0.7059798338042736,0.7079105101613224,0,0,0,,0.6647738218307495,0.020984988659620285,0.0,False,False,3,False
46.181620687,485,46,231620687,map,10.696045875549316,1.3074376583099365,0.24686813354492188,0.022455979138612747,0.0,0.0,0.0,-0.010759851026709425,0.011714776430773753,-0.7122379186517486,0.7017578904819564,0,0,0,,0.9761534929275513,-0.06583011150360107,0.0,False,False,3,False
46.281620688,486,46,281620688,map,10.73282241821289,1.7086374759674072,-0.6965446472167969,-0.004437826573848724,0.0,0.0,0.0,-0.007310063707008621,0.00784431583975258,-0.712794636401855,0.7012908355271391,0,0,0,,1.0,-0.09212715923786163,0.0,False,False,3,False
46.331620689,487,46,331620689,map,10.818251609802246,0.02509593963623047,-1.708526611328125,-0.024903681129217148,0.0,0.0,0.0,-0.0051981609951065495,0.0049774864780351424,-0.7103621032780094,0.7037996064058809,0,0,0,,0.9295470714569092,-0.06570829451084137,0.0,False,False,3,False
46.38162069,488,46,381620690,map,10.924723625183105,-1.4215507507324219,-2.1632766723632812,-0.027587125077843666,0.0,0.0,0.0,-0.004357288071675084,0.0033035431891635225,-0.7075264117652112,0.706665746515071,0,0,0,,0.8671057820320129,-0.02572793886065483,0.0,False,False,3,False
46.38162069,489,46,431620690,map,11.036209106445312,-1.6598278284072876,-2.2568130493164062,-0.020401572808623314,0.0,0.0,0.0,-0.004162867976165847,0.0023757631963764727,-0.7056142973073667,0.7085799106063329,0,0,0,,0.808529257774353,5.2265822887420654e-06,0.0,False,False,3,False
46.481620691,490,46,481620691,map,11.136001586914062,-3.0123605728149414,-2.012310028076172,-0.012741469778120518,0.0,0.0,0.0,-0.004462450450714051,0.0021498176671108683,-0.7054370498585985,0.7087552705319167,0,0,0,,0.6870433688163757,0.04162661358714104,0.0,False,False,3,False
46.531620692,491,46,531620692,map,11.216917991638184,-3.0642435550689697,-1.59332275390625,-0.0068073272705078125,0.0,0.0,0.0,-0.004909117031130214,0.0023288191912359726,-0.7071916835130596,0.7070009900566715,0,0,0,,0.6021023392677307,0.05711525306105614,0.0,False,False,3,False
46.581620693,492,46,581620693,map,11.281059265136719,-1.826345682144165,-1.2483406066894531,-0.00124435406178236,0.0,0.0,0.0,-0.004947187034467778,0.002318325545018117,-0.7099266774452412,0.7042544024418123,0,0,0,,0.5638750195503235,0.04473479464650154,0.0,False,False,3,False
46.631620693,493,46,631620693,map,11.326871871948242,-0.9454232454299927,-0.8928489685058594,0.0022914884611964226,0.0,0.0,0.0,-0.004535442701611102,0.002012769141597497,-0.7126743217626956,0.7014775047141316,0,0,0,,0.5328936576843262,0.02903195098042488,0.0,False,False,3,False
46.681620694,494,46,681620694,map,11.357301712036133,0.3417545557022095,-0.6178092956542969,0.003493881318718195,0.0,0.0,0.0,-0.0036952753829321726,0.0013672556146854915,-0.7146170064754283,0.6995048317260045,0,0,0,,0.5497264266014099,0.0034636594355106354,0.0,False,False,3,False
46.681620694,495,46,731620695,map,11.377799034118652,0.25994598865509033,-0.4165458679199219,0.0024461746215820312,0.0,0.0,0.0,-0.0028199084553491307,0.000721971561316646,-0.7156255165066857,0.6984780934273512,0,0,0,,0.5470014810562134,-0.003420460969209671,0.0,False,False,3,False
46.731620695,496,46,781620696,map,11.389952659606934,0.291595458984375,-0.2500343322753906,0.00107994070276618,0.0,0.0,0.0,-0.0020873942311277175,0.00022458752192081456,-0.715937639824225,0.6981610761340732,0,0,0,,0.5267128944396973,-0.007603500038385391,0.0,False,False,3,False
46.831620696,497,46,831620696,map,11.39411735534668,0.4615110158920288,-0.09347915649414062,0.0003072738472837955,0.0,0.0,0.0,-0.0014712618314615608,-0.00016381505990785135,-0.7157183683364534,0.6983874467507661,0,0,0,,0.5142307877540588,-0.011801760643720627,0.0,False,False,3,False
46.881620697,498,46,881620697,map,11.390373229980469,0.9950494766235352,0.05619049072265625,4.5967099140398204e-05,0.0,0.0,0.0,-0.000848841340023242,-0.0005716271254171449,-0.7149365977278279,0.6991885396230167,0,0,0,,0.4949711859226227,-0.021195631474256516,0.0,False,False,3,False
46.881620697,499,46,931620698,map,11.380146026611328,0.6409859657287598,0.19481658935546875,-8.354185411008075e-05,0.0,0.0,0.0,-0.0003750358516711968,-0.0008411892176733144,-0.7138213165330932,0.7003272662204232,0,0,0,,0.4847853183746338,-0.01730511710047722,0.0,False,False,3,False
46.981620699,500,46,981620699,map,11.364275932312012,0.640324056148529,0.3094673156738281,-0.00010280607966706157,0.0,0.0,0.0,-4.125680277043117e-05,-0.0009839820667866075,-0.7126062216869512,0.701563541591363,0,0,0,,0.4791423976421356,-0.016007039695978165,0.0,False,False,3,False
47.031620699,501,47,31620699,map,11.343213081359863,0.29491469264030457,0.4182243347167969,6.828305777162313e-05,0.0,0.0,0.0,0.00012494745741669044,-0.0009741053558763896,-0.7115180795734737,0.7026671032195575,0,0,0,,0.4594263434410095,-0.009235028177499771,0.0,False,False,3,False
47.0816207,502,47,81620700,map,11.313833236694336,0.38577839732170105,0.5841827392578125,7.553100294899195e-05,0.0,0.0,0.0,0.0002311754740713905,-0.0009110414449398645,-0.7106118094326176,0.7035836644325159,0,0,0,,0.4017220437526703,-0.008220452815294266,0.0,False,False,3,False
47.0816207,503,47,131620701,map,11.26765251159668,-0.37336960434913635,0.926971435546875,0.00017795563326217234,0.0,0.0,0.0,0.00015885285846694848,-0.0006433672592344867,-0.7101373186562318,0.7040628874582703,0,0,0,,0.2544921338558197,0.005016002804040909,0.0,False,False,3,False
47.181620702000004,504,47,181620702,map,11.195352554321289,-0.6605278253555298,1.4535331726074219,0.00015506744966842234,0.0,0.0,0.0,-1.1048889492238376e-05,-0.00020138322238152226,-0.7102678847273162,0.703931453514974,0,0,0,,0.169555202126503,0.013598751276731491,0.0,False,False,3,False
47.231620702,505,47,231620702,map,11.097728729248047,-0.24812906980514526,1.9559669494628906,-5.779266211902723e-05,0.0,0.0,0.0,-3.276408256349624e-05,0.0001800278549035411,-0.7107412278448086,0.7034535333326148,0,0,0,,0.10543680191040039,0.009805243462324142,0.0,False,False,3,False
47.281620703,506,47,281620703,map,11.028470993041992,-0.803283154964447,1.3980674743652344,-0.00017833708261605352,0.0,0.0,0.0,-0.00010804607287602801,0.0005793635264177534,-0.7115375530357506,0.7026478230834042,0,0,0,,0.06288622319698334,0.01801205798983574,0.0,False,False,3,False
47.281620703,507,47,331620704,map,11.027761459350586,-1.0430532693862915,0.035152435302734375,-4.577641448122449e-06,0.0,0.0,0.0,-0.0004365587915819758,0.0008434015900405384,-0.7127341919643759,0.7014335818130378,0,0,0,,0.06243223324418068,0.022677775472402573,0.0,False,False,0,False
47.381620705,508,47,381620705,map,10.913371086120605,0.007834136486053467,2.2882080078125,6.408691842807457e-05,0.0,0.0,0.0,-0.0005031193014640304,0.0008338153461858736,-0.7138487971597718,0.700299183504082,0,0,0,,0.05539426580071449,0.007908511906862259,0.0,False,False,0,False
47.381620705,509,47,431620705,map,10.460896492004395,0.30746757984161377,9.044876098632812,-0.00012416840763762593,0.0,0.0,0.0,0.0003630429285542147,0.0013773513037317088,-0.7145662407382998,0.6995663361685955,0,0,0,,0.06637485325336456,0.0004487670958042145,0.0,False,False,2,False
47.431620705,510,47,481620706,map,10.048601150512695,0.3296443819999695,8.240680694580078,-0.0009733199840411544,0.0,0.0,0.0,0.0014815504167676602,0.0021069048521802987,-0.7149039840516143,0.6992178913238961,0,0,0,,0.10297365486621857,-0.0032103396952152252,0.0,False,False,2,False
47.531620707,511,47,531620707,map,9.679120063781738,0.6333896517753601,7.378330230712891,-0.0009271621238440275,0.0,0.0,0.0,0.0024760798198094247,0.002620430366717468,-0.7148318399494565,0.6992870962400877,0,0,0,,0.13560406863689423,-0.011331800371408463,0.0,False,False,2,False
47.581620708,512,47,581620708,map,9.34603214263916,0.44379472732543945,6.654796600341797,-0.00026798254111781716,0.0,0.0,0.0,0.0031461461134312044,0.0029207850503390853,-0.7144667470128229,0.699656228581035,0,0,0,,0.16016779839992523,-0.010541673749685287,0.0,False,False,2,False
47.581620708,513,47,631620708,map,9.049461364746094,0.7546950578689575,5.920429229736328,0.00041198727558366954,0.0,0.0,0.0,0.0035787537473587587,0.0029526837708171503,-0.7138234024645369,0.7003103771001236,0,0,0,,0.19291305541992188,-0.017219427973031998,0.0,False,False,2,False
47.681620709,514,47,681620709,map,8.779766082763672,0.6942886114120483,5.386009216308594,0.0009103775955736637,0.0,0.0,0.0,0.003792325976459425,0.002812580210060469,-0.712948534892707,0.7012004665219446,0,0,0,,0.22209084033966064,-0.018421154469251633,0.0,False,False,2,False
47.681620709,515,47,731620710,map,8.549880027770996,0.11785537004470825,4.5967864990234375,0.0010213851928710938,0.0,0.0,0.0,0.003685754476920568,0.0027085665635578878,-0.7121474786027184,0.7020149910086658,0,0,0,,0.24193504452705383,-0.008857730776071548,0.0,False,False,2,False
47.781620711,516,47,781620711,map,8.319608688354492,0.625252366065979,4.600582122802734,0.0008480071555823088,0.0,0.0,0.0,0.003544277739071043,0.0024821525756520456,-0.7113433928672914,0.7028313129321643,0,0,0,,0.2592158019542694,-0.015741895884275436,0.0,False,False,2,False
47.831620711,517,47,831620711,map,8.1532621383667,0.6381357908248901,3.3241844177246094,0.00037288665771484375,0.0,0.0,0.0,0.003389007557639593,0.0021487883834737766,-0.7104159263717136,0.7037706365668274,0,0,0,,0.2814781665802002,-0.018171187490224838,0.0,False,False,2,False
47.881620712,518,47,881620712,map,7.949234485626221,0.3001742362976074,4.080085754394531,0.0001777648867573589,0.0,0.0,0.0,0.00314739450929573,0.0019015342527837673,-0.7095076619505508,0.7046881265558197,0,0,0,,0.2860396206378937,-0.013303641229867935,0.0,False,False,2,False
47.931620713,519,47,931620713,map,7.826365947723389,0.029709795489907265,2.4573612213134766,1.2969976523891091e-05,0.0,0.0,0.0,0.0027811126729795623,0.0017396856101866873,-0.7087930365093453,0.7054088674677542,0,0,0,,0.293046236038208,-0.007360082119703293,0.0,False,False,2,False
47.931620713,520,47,981620714,map,7.643103122711182,-0.07832574844360352,3.665313720703125,-8.90731462277472e-05,0.0,0.0,0.0,0.0024069739406639918,0.0016649021690723997,-0.7083228031162199,0.7058825972941939,0,0,0,,0.290495902299881,-0.0029070116579532623,0.0,False,False,2,False
47.981620714,521,48,31620714,map,7.547989368438721,0.2568863332271576,1.9022369384765625,-0.00030040746787562966,0.0,0.0,0.0,0.002126513092838635,0.001492473502992902,-0.7079426972364785,0.7062650974630197,0,0,0,,0.30399253964424133,-0.00706903263926506,0.0,False,False,2,False
48.081620715,522,48,81620715,map,7.383997440338135,-0.12868356704711914,3.2798004150390625,-0.0002506255987100303,0.0,0.0,0.0,0.0018533879365838686,0.0014044877878578725,-0.7076192449608716,0.706590119183828,0,0,0,,0.30667755007743835,-0.0009226761758327484,0.0,False,False,2,False
48.081620715,523,48,131620716,map,7.314217567443848,0.4321911633014679,1.39617919921875,-0.0003078460576944053,0.0,0.0,0.0,0.0016914442050117882,0.0011821067822675889,-0.707366228558997,0.7068442263570366,0,0,0,,0.3280660808086395,-0.009924117475748062,0.0,False,False,2,False
48.131620716,524,48,181620717,map,7.161365032196045,0.2205081582069397,3.057870864868164,-0.00011367796105332673,0.0,0.0,0.0,0.0015901099460523122,0.0010061969934683653,-0.7068260357417819,0.7073849124172266,0,0,0,,0.3386887013912201,-0.008648868650197983,0.0,False,False,2,False
48.231620717,525,48,231620717,map,7.1064958572387695,-0.11211603879928589,1.0969352722167969,-0.00018596649169921875,0.0,0.0,0.0,0.001382819876171479,0.0009197499920400752,-0.7065852114433498,0.7076260176383417,0,0,0,,0.3553965985774994,-0.0021313242614269257,0.0,False,False,2,False
48.281620718,526,48,281620718,map,6.962069988250732,-0.4104160964488983,2.8876113891601562,-9.422301081940532e-05,0.0,0.0,0.0,0.001118138734113642,0.0009903422814044054,-0.7064037545285761,0.7078075335681785,0,0,0,,0.35545387864112854,0.006359774619340897,0.0,False,False,2,False
48.331620719,527,48,331620719,map,6.920342445373535,0.237855464220047,0.8349418640136719,-5.569458153331652e-05,0.0,0.0,0.0,0.0009829997284741192,0.0008968277033421903,-0.7064675890299775,0.7077441451978074,0,0,0,,0.36385175585746765,-0.003178980201482773,0.0,False,False,2,False
48.38162072,528,48,381620720,map,6.783030986785889,0.023502707481384277,2.746295928955078,2.307891918462701e-05,0.0,0.0,0.0,0.0009237101036145748,0.0008197770977392291,-0.7062604616745244,0.7079510117235814,0,0,0,,0.3728177845478058,-0.001316990703344345,0.0,False,False,2,False
48.38162072,529,48,431620720,map,6.752616882324219,-0.3695705533027649,0.6077766418457031,-4.6348573960131034e-05,0.0,0.0,0.0,0.0007359448649227567,0.000821386009785043,-0.7064461926169485,0.7077658939559015,0,0,0,,0.37598446011543274,0.00725146010518074,0.0,False,False,2,False
48.481620721,530,48,481620721,map,6.621040344238281,0.49092385172843933,2.6324462890625,-1.2969969247933477e-05,0.0,0.0,0.0,0.0007667873363849005,0.0006919210724246017,-0.7062600792546625,0.7079517170920686,0,0,0,,0.3810553252696991,-0.007903117686510086,0.0,False,False,2,False
48.481620721,531,48,531620722,map,6.6007304191589355,0.026781708002090454,0.40630340576171875,-5.187988426769152e-05,0.0,0.0,0.0,0.000740243060535688,0.0005597094080407794,-0.7062160765857939,0.7079957570051942,0,0,0,,0.39752885699272156,-0.002775777131319046,0.0,False,False,2,False
48.581620723,532,48,581620723,map,6.4751434326171875,-0.20178943872451782,2.511110305786133,4.95910626341356e-06,0.0,0.0,0.0,0.0006496365760445897,0.0005734146529689599,-0.7060198514510524,0.7081915126044569,0,0,0,,0.3913436233997345,0.002745460718870163,0.0,False,False,2,False
48.581620723,533,48,631620723,map,6.463835716247559,0.022879429161548615,0.2262115478515625,-3.5095217754133046e-05,0.0,0.0,0.0,0.0005512026486705026,0.0005286315822751018,-0.7061303986403505,0.7080814055179744,0,0,0,,0.40224236249923706,0.00024130567908287048,0.0,False,False,2,False
48.681620724,534,48,681620724,map,6.34277868270874,-0.04297222942113876,2.4210453033447266,7.686615572310984e-05,0.0,0.0,0.0,0.000505595168231392,0.0005158608083411685,-0.7059958952532744,0.7082155562727214,0,0,0,,0.4016681909561157,0.0012210644781589508,0.0,False,False,2,False
48.731620725,535,48,731620725,map,6.338668346405029,-0.09846268594264984,0.08200645446777344,-3.1852719985181466e-05,0.0,0.0,0.0,0.00041306573663109716,0.000480527937060143,-0.7061757359773583,0.7080363185504225,0,0,0,,0.40224775671958923,0.0029365383088588715,0.0,False,False,2,False
48.781620725,536,48,781620725,map,6.22084903717041,0.05492327734827995,2.3564910888671875,1.0108947208209429e-05,0.0,0.0,0.0,0.00040063185321710746,0.0004531030357066301,-0.7060707647140712,0.7081410236724349,0,0,0,,0.40937861800193787,0.0002123899757862091,0.0,False,False,2,False
48.781620725,537,48,831620726,map,6.223057746887207,-0.017056670039892197,-0.04420280456542969,-9.5367431640625e-06,0.0,0.0,0.0,0.0003514682130538211,0.00038892155217156116,-0.7062271261317818,0.7079851492268505,0,0,0,,0.4155357778072357,0.001117061823606491,0.0,False,False,2,False
48.831620726,538,48,881620727,map,6.108571529388428,-0.22038698196411133,2.2894954681396484,4.329681542003527e-05,0.0,0.0,0.0,0.00028943345900351046,0.0004236859952967836,-0.7061876985099871,0.7080244848814324,0,0,0,,0.4134858250617981,0.0057925693690776825,0.0,False,False,2,False
48.931620728,539,48,931620728,map,6.116217136383057,-0.14676426351070404,-0.1528453826904297,-2.86102294921875e-05,0.0,0.0,0.0,0.0001894766791183587,0.0004193529068081986,-0.7065142559357845,0.7076986607315521,0,0,0,,0.41445958614349365,0.006175290793180466,0.0,False,False,2,False
48.931620728,540,48,981620728,map,6.004101276397705,0.20457424223423004,2.242269515991211,1.907349087559851e-06,0.0,0.0,0.0,0.0002335551964140367,0.00036026357208519203,-0.7064657554494137,0.707747096101014,0,0,0,,0.42133477330207825,-0.001178991049528122,0.0,False,False,2,False
48.981620728,541,49,31620729,map,6.016587257385254,-0.12193143367767334,-0.24972915649414062,2.574920654296875e-05,0.0,0.0,0.0,0.00019549203494953967,0.0003031258670059304,-0.7066883944855875,0.7075248285374555,0,0,0,,0.42339497804641724,0.0036794953048229218,0.0,False,False,2,False
49.08162073,542,49,81620730,map,5.906429290771484,-0.15508145093917847,2.2033214569091797,-1.9645689462777227e-05,0.0,0.0,0.0,0.00015948343423483752,0.00033302562261929074,-0.7066853662151052,0.7075278488062442,0,0,0,,0.41258013248443604,0.005695056170225143,0.0,False,False,2,False
49.08162073,543,49,131620731,map,5.922229766845703,0.24642252922058105,-0.31617164611816406,-8.392335075768642e-06,0.0,0.0,0.0,0.00017600180823023178,0.00023111916879436025,-0.7068813899331986,0.7073320409633672,0,0,0,,0.42393621802330017,-0.0024840421974658966,0.0,False,False,2,False
49.181620731,544,49,181620731,map,5.813283920288086,-0.31773120164871216,2.179231643676758,-3.833770824712701e-05,0.0,0.0,0.0,0.00013757601250127615,0.0002748219615707858,-0.7068436043186829,0.7073697933750802,0,0,0,,0.4239847958087921,0.007722105830907822,0.0,False,False,2,False
49.231620732,545,49,231620732,map,5.832793712615967,0.14883634448051453,-0.3904533386230469,2.47955322265625e-05,0.0,0.0,0.0,0.00011671726382173818,0.00021615586772935665,-0.7070879165059346,0.707125602693763,0,0,0,,0.426375150680542,9.659305214881897e-05,0.0,False,False,2,False
49.281620733,546,49,281620733,map,5.725339412689209,-0.1392860859632492,2.149324417114258,3.0326844353112392e-05,0.0,0.0,0.0,0.0001123866290722673,0.00023143542182008003,-0.7070359808186454,0.7071775276652298,0,0,0,,0.4276244640350342,0.0047403015196323395,0.0,False,False,2,False
49.331620734,547,49,331620734,map,5.748555660247803,0.05591508001089096,-0.46443939208984375,-2.708435022213962e-05,0.0,0.0,0.0,8.782292599853766e-05,0.00017890385423952388,-0.7072738203380113,0.7069396744737271,0,0,0,,0.4411731958389282,0.0013879276812076569,0.0,False,False,2,False
49.381620734,548,49,381620734,map,5.6437482833862305,0.14975646138191223,2.095975875854492,2.422332727292087e-05,0.0,0.0,0.0,0.00014478004580400797,0.000132040285970025,-0.7071151017000572,0.7070984334248089,0,0,0,,0.4413142502307892,-0.0017925016582012177,0.0,False,False,2,False
49.431620735,549,49,431620735,map,5.6714982986450195,-0.10881174355745316,-0.5548954010009766,-3.299712989246473e-05,0.0,0.0,0.0,9.860739466586001e-05,9.611044671771661e-05,-0.7072774606171641,0.7069360471374334,0,0,0,,0.4416467845439911,0.0026812367141246796,0.0,False,False,2,False
49.431620735,550,49,481620736,map,5.568460464477539,-0.2856264114379883,2.0615482330322266,1.1825563888123725e-05,0.0,0.0,0.0,2.4533807092630742e-05,0.00017965961884485772,-0.7072621473507134,0.7069513576232604,0,0,0,,0.4361794590950012,0.008471611887216568,0.0,False,False,2,False
49.481620736,551,49,531620737,map,5.5994439125061035,0.44817104935646057,-0.6205844879150391,1.9073468138230965e-06,0.0,0.0,0.0,7.079828613996129e-05,5.2346768628189704e-05,-0.707415076052534,0.7067983463626709,0,0,0,,0.45294830203056335,-0.0066121406853199005,0.0,False,False,2,False
49.581620737,552,49,581620737,map,5.4992475509643555,-0.058088842779397964,2.003946304321289,-6.6757183958543465e-06,0.0,0.0,0.0,0.00010982238313911116,2.3099327027077263e-05,-0.7071837499357537,0.7070297951517113,0,0,0,,0.4551514685153961,0.0002781786024570465,0.0,False,False,2,False
49.631620738,553,49,631620738,map,5.534849643707275,-0.10731711983680725,-0.7119274139404297,6.484983714472037e-06,0.0,0.0,0.0,3.695805423674161e-05,1.1249651818927592e-05,-0.7073346983573721,0.7068787894732965,0,0,0,,0.45230212807655334,0.0026857368648052216,0.0,False,False,2,False
49.681620739,554,49,681620739,map,5.437097072601318,0.3933168947696686,1.9551467895507812,-3.318786548334174e-05,0.0,0.0,0.0,0.00011950515737726111,-6.258808815532801e-05,-0.7070336617548564,0.7071798801908663,0,0,0,,0.46606409549713135,-0.008135568350553513,0.0,False,False,2,False
49.73162074,555,49,731620740,map,5.477375030517578,0.0437258742749691,-0.8054637908935547,4.291534423828125e-05,0.0,0.0,0.0,0.0001129829046738898,-0.00014429481766929967,-0.7069821387402174,0.7072313779210994,0,0,0,,0.4722091555595398,-0.003924686461687088,0.0,False,False,2,False
49.78162074,556,49,781620740,map,5.383148193359375,-0.2439098358154297,1.8842124938964844,2.288818359375e-05,0.0,0.0,0.0,4.153278063338437e-05,-6.971251237467163e-05,-0.7067338178851327,0.7074795432185287,0,0,0,,0.46170172095298767,0.0037744976580142975,0.0,False,False,2,False
49.831620741,557,49,831620741,map,5.427337169647217,0.08664897084236145,-0.8837223052978516,1.0490416570974048e-05,0.0,0.0,0.0,-2.717535738197427e-05,-9.148622161937483e-05,-0.7068434163027337,0.7073700415774274,0,0,0,,0.4674358069896698,-0.0011309273540973663,0.0,False,False,2,False
49.881620742,558,49,881620742,map,5.334881782531738,-0.17663812637329102,1.849069595336914,-5.1116945542162284e-05,0.0,0.0,0.0,-7.184559078187724e-05,-3.876713874054488e-05,-0.7066923681479368,0.7075209467830482,0,0,0,,0.46152108907699585,0.004302810877561569,0.0,False,False,2,False
49.931620743,559,49,931620743,map,5.381162166595459,0.1699526011943817,-0.9255790710449219,2.9945374990347773e-05,0.0,0.0,0.0,-9.186409935419445e-05,-0.0001015019069905743,-0.7068319705191306,0.7073814718455615,0,0,0,,0.4617857336997986,-0.002239067107439041,0.0,False,False,2,False
49.981620743,560,49,981620743,map,5.289330959320068,-0.13554899394512177,1.8365859985351562,-1.2588499885168858e-05,0.0,0.0,0.0,-9.941554865799765e-05,-7.466635240137999e-05,-0.7066669746553378,0.7075463034126859,0,0,0,,0.4583488404750824,0.003232967108488083,0.0,False,False,2,False
50.031620744,561,50,31620744,map,5.337466716766357,1.2230480909347534,-0.9560871124267578,-4.005432856502011e-06,0.0,0.0,0.0,0.00015144629533388684,-0.0003965020702143764,-0.706362768729484,0.7078498843702283,0,0,0,,0.5277875661849976,-0.0289875827729702,0.0,False,False,2,False
50.081620745,562,50,81620745,map,5.25388765335083,0.3799738883972168,1.6766834259033203,-5.149840944795869e-05,0.0,0.0,0.0,0.0003438113249310818,-0.0005813295530800689,-0.7054125655714988,0.7087966254036198,0,0,0,,0.5330773591995239,-0.02127702906727791,0.0,False,False,2,False
50.081620745,563,50,131620746,map,5.315060138702393,0.21319091320037842,-1.2202167510986328,3.604888479458168e-05,0.0,0.0,0.0,0.00031600160797856083,-0.0006663707785251485,-0.7047670972893241,0.7094383656607174,0,0,0,,0.5282041430473328,-0.017668966203927994,0.0,False,False,2,False
50.181620746,564,50,181620746,map,5.239835262298584,0.10068237781524658,1.5064716339111328,2.708435022213962e-05,0.0,0.0,0.0,0.00025105644837737835,-0.0006329082583554682,-0.7038604689272686,0.7103379313251417,0,0,0,,0.5336372256278992,-0.01431635394692421,0.0,False,False,2,False
50.231620747,565,50,231620747,map,5.309625148773193,0.03592595458030701,-1.3953781127929688,7.305145118152723e-05,0.0,0.0,0.0,9.662958128757828e-05,-0.0006162818706269057,-0.703392928935477,0.710800955530415,0,0,0,,0.5301665663719177,-0.01083168014883995,0.0,False,False,2,False
50.281620748,566,50,281620748,map,5.239991664886475,-0.20445913076400757,1.3893508911132812,3.757476952159777e-05,0.0,0.0,0.0,-5.726388466025762e-05,-0.0005016052452913462,-0.7027876278491227,0.7113995327909827,0,0,0,,0.5186227560043335,-0.003564637154340744,0.0,False,False,2,False
50.331620749,567,50,331620749,map,5.3144025802612305,0.11652946472167969,-1.4864635467529297,-3.814697265625e-05,0.0,0.0,0.0,-0.0001857920864639563,-0.0005029890153330335,-0.702590091436575,0.711594600807578,0,0,0,,0.5395907759666443,-0.007127862423658371,0.0,False,False,2,False
50.381620749,568,50,381620749,map,5.249106407165527,-0.2879542112350464,1.3014888763427734,1.2779237295035273e-05,0.0,0.0,0.0,-0.0003028325992707862,-0.0004111642945617445,-0.7022191867156676,0.7119606400951712,0,0,0,,0.521999716758728,0.0018093474209308624,0.0,False,False,2,False
50.43162075,569,50,431620750,map,5.326121807098389,-0.2407197654247284,-1.5436935424804688,-3.108978125965223e-05,0.0,0.0,0.0,-0.0004755248859434737,-0.0003514841585733606,-0.7023695622583966,0.7118122282933311,0,0,0,,0.5119386911392212,0.005342256277799606,0.0,False,False,2,False
50.43162075,570,50,481620751,map,5.261560916900635,0.07936567068099976,1.2923240661621094,-4.081725637661293e-05,0.0,0.0,0.0,-0.00048250976375384077,-0.00034244777301565155,-0.7022073265070872,0.7119722751017905,0,0,0,,0.5203835964202881,-0.0004909373819828033,0.0,False,False,2,False
50.481620751,571,50,531620752,map,5.33903169631958,-0.03131508827209473,-1.5499496459960938,1.983642505365424e-05,0.0,0.0,0.0,-0.0005189490197808238,-0.00039170303927776125,-0.7023675038223788,0.7118142080873103,0,0,0,,0.5250818729400635,0.0015368945896625519,0.0,False,False,2,False
50.531620752,572,50,581620752,map,5.276042461395264,-0.2624797224998474,1.256856918334961,-6.084441702114418e-05,0.0,0.0,0.0,-0.0005569400812767135,-0.0003339710633493692,-0.7023079594214067,0.7118729580581176,0,0,0,,0.5198441743850708,0.007062893360853195,0.0,False,False,2,False
50.581620752,573,50,631620753,map,5.353765487670898,-0.46149903535842896,-1.5582466125488281,2.098081495205406e-06,0.0,0.0,0.0,-0.0007154606325617456,-0.0002475054871941792,-0.7027972386878734,0.7113898144827614,0,0,0,,0.5080063939094543,0.015310566872358322,0.0,False,False,2,False
50.681620754,574,50,681620754,map,5.290712833404541,0.10786212980747223,1.2617683410644531,-3.7002566386945546e-05,0.0,0.0,0.0,-0.0006810803526947829,-0.00024585078070940916,-0.702950586073006,0.7112383209772687,0,0,0,,0.5296137928962708,0.004983123391866684,0.0,False,False,2,False
50.731620755,575,50,731620755,map,5.369638442993164,0.15174686908721924,-1.5773963928222656,2.765655517578125e-05,0.0,0.0,0.0,-0.0006243896294139385,-0.00036494367420624135,-0.7032890329700903,0.7109036594769367,0,0,0,,0.5382068753242493,0.0015939362347126007,0.0,False,False,2,False
50.731620755,576,50,781620755,map,5.309674263000488,-0.30724984407424927,1.197195053100586,1.3351473171496764e-06,0.0,0.0,0.0,-0.0006241226420188968,-0.00033390472251228806,-0.7033604201443796,0.710833045343902,0,0,0,,0.525844395160675,0.010037790983915329,0.0,False,False,2,False
50.781620755,577,50,831620756,map,5.390223979949951,-0.2098730504512787,-1.6119384765625,1.1444080882938579e-06,0.0,0.0,0.0,-0.0007074000750186592,-0.0003181401360632097,-0.703860920975982,0.7103373862432065,0,0,0,,0.5257865190505981,0.011172231286764145,0.0,False,False,2,False
50.881620757,578,50,881620757,map,5.331649303436279,0.127071812748909,1.172018051147461,2.4986265998450108e-05,0.0,0.0,0.0,-0.0006451432556345804,-0.0003482321617326137,-0.7039720377618269,0.710227310495733,0,0,0,,0.543330729007721,0.003720637410879135,0.0,False,False,2,False
50.931620758,579,50,931620758,map,5.4146599769592285,-0.09429030120372772,-1.660623550415039,2.28881845032447e-06,0.0,0.0,0.0,-0.0006572678397986361,-0.0004064002130501523,-0.7043683922534478,0.7098341854490715,0,0,0,,0.5472025871276855,0.006818931549787521,0.0,False,False,2,False
50.981620758,580,50,981620758,map,5.3597588539123535,-0.07488269358873367,1.0977745056152344,-2.47955313170678e-06,0.0,0.0,0.0,-0.0006382285821102025,-0.0004025931998853574,-0.7044510946084928,0.7097521298931682,0,0,0,,0.5447109937667847,0.0065065957605838776,0.0,False,False,2,False
51.031620759,581,51,31620759,map,5.445068836212158,-0.20192258059978485,-1.7066287994384766,-3.623963493737392e-06,0.0,0.0,0.0,-0.0007081208827324681,-0.00040953429243095665,-0.7049077078563754,0.7092985649577687,0,0,0,,0.5371764898300171,0.009892713278532028,0.0,False,False,2,False
51.08162076,582,51,81620760,map,5.3907976150512695,-0.23240068554878235,1.0853958129882812,-5.207061622058973e-05,0.0,0.0,0.0,-0.0007415906205076988,-0.0003506870285271734,-0.7051291402357825,0.709078431946922,0,0,0,,0.5257777571678162,0.011735323816537857,0.0,False,False,2,False
51.131620761,583,51,131620761,map,5.475765228271484,0.2020033299922943,-1.699361801147461,6.999969627941027e-05,0.0,0.0,0.0,-0.0007153083906335561,-0.0004428929906387749,-0.705564323782084,0.7086453818276356,0,0,0,,0.5558663010597229,0.0027019046247005463,0.0,False,False,2,False
51.181620761,584,51,181620761,map,5.423946857452393,-0.05999065935611725,1.0363388061523438,-4.8828122089616954e-05,0.0,0.0,0.0,-0.0006589152510457205,-0.000468830875537301,-0.7056172419121172,0.708592727837817,0,0,0,,0.548171877861023,0.005338925868272781,0.0,False,False,2,False
51.231620762,585,51,231620762,map,5.511016845703125,-0.19731156527996063,-1.7412948608398438,2.6893612812273204e-05,0.0,0.0,0.0,-0.0007183626543644996,-0.0004776247819891482,-0.7060352936301361,0.7081761221463714,0,0,0,,0.546089768409729,0.00891774520277977,0.0,False,False,2,False
51.231620762,586,51,281620763,map,5.460120677947998,-0.08098363876342773,1.018075942993164,-2.098081495205406e-06,0.0,0.0,0.0,-0.0007170006442379927,-0.00044812713578395644,-0.7061681210280792,0.7080436921093348,0,0,0,,0.5363578200340271,0.007483121007680893,0.0,False,False,2,False
51.331620763,587,51,331620763,map,5.547511100769043,0.37970855832099915,-1.7479896545410156,4.367828296381049e-05,0.0,0.0,0.0,-0.0006399595534015064,-0.0005884183556874984,-0.7064230985302378,0.7077892695418225,0,0,0,,0.5692784190177917,-0.0036353208124637604,0.0,False,False,2,False
51.331620763,588,51,381620764,map,5.50013542175293,0.032640501856803894,0.9475612640380859,-8.96453821042087e-06,0.0,0.0,0.0,-0.0005609196474719843,-0.0006394978879962055,-0.7062607408377154,0.7079512994288251,0,0,0,,0.5613012909889221,-0.00018448010087013245,0.0,False,False,2,False
51.381620764,589,51,431620765,map,5.590587139129639,-0.08161865919828415,-1.8091297149658203,2.651214526849799e-05,0.0,0.0,0.0,-0.0006087803001545014,-0.0006640023551389763,-0.7064333516604205,0.7077789966855776,0,0,0,,0.5551242828369141,0.0025856606662273407,0.0,False,False,2,False
51.481620766,590,51,481620766,map,5.543813705444336,-0.21569833159446716,0.9355068206787109,-7.24792471373803e-06,0.0,0.0,0.0,-0.0006603684373624624,-0.000585903901162642,-0.7064039680957039,0.7078083458739303,0,0,0,,0.5353140234947205,0.00673622265458107,0.0,False,False,2,False
51.531620766,591,51,531620766,map,5.633184909820557,0.2526934742927551,-1.7874336242675781,6.675719305349048e-06,0.0,0.0,0.0,-0.0006537991426497099,-0.0006543543776130592,-0.7066025599223943,0.7076100385651328,0,0,0,,0.5690057277679443,-0.0023153163492679596,0.0,False,False,2,False
51.581620767,592,51,581620767,map,5.588328838348389,-0.03353392705321312,0.8970928192138672,-3.623962038545869e-05,0.0,0.0,0.0,-0.0006182856703642281,-0.0006565371470937589,-0.7064528202550998,0.7077595632949228,0,0,0,,0.5612835884094238,0.0011671893298625946,0.0,False,False,2,False
51.581620767,593,51,631620768,map,5.679171085357666,-0.23303699493408203,-1.8167972564697266,3.204345557605848e-05,0.0,0.0,0.0,-0.0007090200799013402,-0.0006284295495780609,-0.7067040553512635,0.7075086434220474,0,0,0,,0.5532911419868469,0.006398987025022507,0.0,False,False,2,False
51.681620769,594,51,681620769,map,5.635826587677002,0.33325228095054626,0.8669662475585938,-3.700256274896674e-05,0.0,0.0,0.0,-0.0006322026514204071,-0.0006717900182408419,-0.7065524146684194,0.7076601121613433,0,0,0,,0.5796948075294495,-0.004535142332315445,0.0,False,False,2,False
51.731620769,595,51,731620769,map,5.729260444641113,-0.04718471318483353,-1.868743896484375,-1.6593930922681466e-05,0.0,0.0,0.0,-0.000645906814937226,-0.0007255846222647231,-0.7066512025305219,0.7075613996633149,0,0,0,,0.5793479681015015,0.0004127882421016693,0.0,False,False,2,False
51.78162077,596,51,781620770,map,5.689491271972656,-0.19228363037109375,0.7952976226806641,-2.841949390131049e-05,0.0,0.0,0.0,-0.0006866970633431534,-0.0006625270413472408,-0.7065485600182495,0.7076639187080266,0,0,0,,0.5582741498947144,0.004740286618471146,0.0,False,False,2,False
51.78162077,597,51,831620771,map,5.782153606414795,-0.3092760741710663,-1.8527030944824219,1.1253355296503287e-05,0.0,0.0,0.0,-0.0008187221220504792,-0.0005965495757876771,-0.7068994484153589,0.707313327778257,0,0,0,,0.5468721985816956,0.009401965886354446,0.0,False,False,2,False
51.831620771,598,51,881620772,map,5.741064548492432,0.11673630774021149,0.8214759826660156,-1.0299681889591739e-05,0.0,0.0,0.0,-0.0007924036369821829,-0.0005848364047234126,-0.7069364716757306,0.7072763640031561,0,0,0,,0.5720760822296143,0.002097446471452713,0.0,False,False,2,False
51.881620772,599,51,931620772,map,5.833512306213379,-0.041959360241889954,-1.8488597869873047,6.29425048828125e-05,0.0,0.0,0.0,-0.0008004977804691311,-0.0006307811616757017,-0.7072221620163213,0.7069906469476025,0,0,0,,0.5748092532157898,0.0034733153879642487,0.0,False,False,2,False
51.931620772,600,51,981620773,map,5.7944207191467285,-0.23038236796855927,0.782623291015625,-5.645752025884576e-05,0.0,0.0,0.0,-0.0008178557829372436,-0.0005749508174357927,-0.7072876348709071,0.7069251743304905,0,0,0,,0.5574212074279785,0.007877703756093979,0.0,False,False,2,False
52.031620774,601,52,31620774,map,5.885127544403076,-0.32692867517471313,-1.812276840209961,-3.814698175119702e-06,0.0,0.0,0.0,-0.0009222425192459274,-0.0005193872086632638,-0.7077782680497865,0.706433863133774,0,0,0,,0.5454819202423096,0.011755850166082382,0.0,False,False,2,False
52.081620775,602,52,81620775,map,5.844417572021484,0.19096627831459045,0.8129978179931641,1.1062625162594486e-05,0.0,0.0,0.0,-0.0008510577338608086,-0.0005395209681759946,-0.7079054676089968,0.7063064728197995,0,0,0,,0.5728045105934143,0.002184595912694931,0.0,False,False,2,False
52.131620775,603,52,131620775,map,5.934394359588623,-0.18527410924434662,-1.79840087890625,6.599425978492945e-05,0.0,0.0,0.0,-0.0008622481847455725,-0.0005698323983653612,-0.708296537391153,0.7059142631643085,0,0,0,,0.565079927444458,0.00728331133723259,0.0,False,False,2,False
52.181620776,604,52,181620776,map,5.894076824188232,-0.04015490412712097,0.8066558837890625,-5.302429053699598e-05,0.0,0.0,0.0,-0.0008280435482156353,-0.0005539558514744568,-0.708404310708367,0.7058061632251453,0,0,0,,0.5426501631736755,0.005435381084680557,0.0,False,False,2,False
52.181620776,605,52,231620777,map,5.9821858406066895,0.2387421578168869,-1.7637252807617188,5.6076052715070546e-05,0.0,0.0,0.0,-0.0007625861447979247,-0.0006570283872882583,-0.7086562415528135,0.7055532000383179,0,0,0,,0.5851250290870667,-0.0015840418636798859,0.0,False,False,2,False
52.281620778,606,52,281620778,map,5.945008277893066,-0.054802149534225464,0.743865966796875,-3.1852719985181466e-05,0.0,0.0,0.0,-0.0007070568614706518,-0.0006687922254180875,-0.708575570024367,0.7056342638734299,0,0,0,,0.5962331295013428,0.002285134047269821,0.0,False,False,2,False
52.331620778,607,52,331620778,map,6.038262844085693,-0.240941122174263,-1.8635082244873047,5.016326758777723e-05,0.0,0.0,0.0,-0.0007876400295058224,-0.0006492267736772383,-0.7088661485507357,0.7053422868130244,0,0,0,,0.5891560316085815,0.006805006414651871,0.0,False,False,2,False
52.331620778,608,52,381620779,map,6.003964424133301,-0.6925318241119385,0.6933498382568359,-9.708404104458168e-05,0.0,0.0,0.0,-0.0009572430735061363,-0.0004555702536482367,-0.7091784265142019,0.7050282515674694,0,0,0,,0.5601747632026672,0.01917285844683647,0.0,False,False,2,False
52.43162078,609,52,431620780,map,6.096767902374268,0.17660319805145264,-1.8584537506103516,2.2315976821118966e-05,0.0,0.0,0.0,-0.000985405687550696,-0.0004910117001673084,-0.7097491016786855,0.7044536894285106,0,0,0,,0.5941910147666931,0.0048653744161129,0.0,False,False,2,False
52.481620781,610,52,481620781,map,6.065470218658447,-0.2812689542770386,0.6296730041503906,-1.3351427696761675e-06,0.0,0.0,0.0,-0.0009797791643385244,-0.000473209284009802,-0.7100338436648017,0.7041667110538177,0,0,0,,0.5947631001472473,0.011319976300001144,0.0,False,False,2,False
52.531620781,611,52,531620781,map,6.160733222961426,-0.2909770607948303,-1.9010257720947266,-1.1634824659267906e-05,0.0,0.0,0.0,-0.0010531591155460089,-0.0004681068857948469,-0.710664883183465,0.7035297403391364,0,0,0,,0.5878258943557739,0.01259319856762886,0.0,False,False,2,False
52.581620782,612,52,581620782,map,6.130871772766113,-0.7892383337020874,0.6128501892089844,-5.5503842304460704e-05,0.0,0.0,0.0,-0.001202742396131411,-0.00029331701355527395,-0.7112973144384358,0.7028901748129128,0,0,0,,0.5779193639755249,0.025104355067014694,0.0,False,False,2,False
52.631620783,613,52,631620783,map,6.227001190185547,0.12274384498596191,-1.9257926940917969,1.6784661056590267e-05,0.0,0.0,0.0,-0.0012041824828290827,-0.0003561394331665632,-0.7121438066808937,0.7020324933472082,0,0,0,,0.6256697177886963,0.009524773806333542,0.0,False,False,2,False
52.631620783,614,52,681620784,map,6.205200672149658,0.07210999727249146,0.4345703125,7.305145118152723e-05,0.0,0.0,0.0,-0.0010839841509221733,-0.00046942231222253916,-0.7125206014524216,0.7016501957007728,0,0,0,,0.6400115489959717,0.006670195609331131,0.0,False,False,2,False
52.681620784,615,52,731620784,map,6.311949253082275,0.921319842338562,-2.1511459350585938,9.288787259720266e-05,0.0,0.0,0.0,-0.0008174217742293855,-0.0008429946575479717,-0.712645207350476,0.7015236486548744,0,0,0,,0.6835383176803589,-0.014787320047616959,0.0,False,False,2,False
52.781620785,616,52,781620785,map,6.307511806488037,-0.5883854627609253,0.09801864624023438,-8.449554297840223e-05,0.0,0.0,0.0,-0.0008489178981135908,-0.000864012834894811,-0.7125451749334126,0.7016251894703726,0,0,0,,0.6999661922454834,0.009111534804105759,0.0,False,False,2,False
52.781620785,617,52,831620786,map,6.43699312210083,-0.10054737329483032,-2.588214874267578,-6.752014451194555e-05,0.0,0.0,0.0,-0.0010003459451227476,-0.000893432229539347,-0.712829094341976,0.7013364979426348,0,0,0,,0.7940029501914978,0.004398923367261887,0.0,False,False,2,False
52.831620786,618,52,881620787,map,6.467878818511963,1.9298744201660156,-0.6389522552490234,-8.735656592762098e-05,0.0,0.0,0.0,-0.0006268419232126729,-0.0014373282199911712,-0.7121053699975666,0.7020708533883315,0,0,0,,0.8569726943969727,-0.037547942250967026,0.0,False,False,2,False
52.931620787,619,52,931620787,map,6.648014068603516,0.48782914876937866,-3.6034774780273438,-0.00025386811466887593,0.0,0.0,0.0,-0.0005179141250176218,-0.0019011931597911146,-0.7111054498988298,0.7030826099070515,0,0,0,,0.941245973110199,-0.02415807917714119,0.0,False,False,2,False
52.981620788,620,52,981620788,map,6.747326850891113,-2.4953975677490234,-1.9638729095458984,0.000102424637589138,0.0,0.0,0.0,-0.0013363921419612952,-0.0014721394346056452,-0.711010444754465,0.7031786361313787,0,0,0,,0.9166922569274902,0.036223869770765305,0.0,False,False,2,False
53.031620789,621,53,31620789,map,6.986402988433838,-4.471883773803711,-4.631938934326172,-0.0007452011341229081,0.0,0.0,0.0,-0.002954266110008801,-0.0003877990807636632,-0.7132233947338718,0.7009304609787735,0,0,0,,0.8338842988014221,0.10363669693470001,0.0,False,False,2,False
53.08162079,622,53,81620790,map,7.130971908569336,-2.714136838912964,-2.7368831634521484,-0.001956367399543524,0.0,0.0,0.0,-0.004249937039451023,0.00045297240478840294,-0.7170448098871413,0.6970139693471534,0,0,0,,0.8255823850631714,0.08873257040977478,0.0,False,False,2,False
53.08162079,623,53,131620790,map,7.357017993927002,-5.262784481048584,-4.090290069580078,-0.0020015717018395662,0.0,0.0,0.0,-0.005589062915704553,0.0014741128500390423,-0.7224891016405659,0.6913581469669955,0,0,0,,0.9021573662757874,0.14843887090682983,0.0,False,False,2,False
53.13162079,624,53,181620791,map,7.441993713378906,-7.995153427124023,-0.6840229034423828,-0.004603767301887274,0.0,0.0,0.0,-0.007304105035575747,0.00334635983348072,-0.7305667683942538,0.6827940017629553,0,0,0,,0.7429322600364685,0.2566486597061157,0.0,False,False,2,False
53.181620791,625,53,231620792,map,7.643608570098877,-4.633457660675049,-3.3045101165771484,-0.002786635886877775,0.0,0.0,0.0,-0.008304060629897449,0.004610626975696302,-0.7402579574461593,0.6722558598729996,0,0,0,,0.7584088444709778,0.18150165677070618,0.0,False,False,2,False
53.281620793,626,53,281620793,map,7.73026180267334,-6.873197555541992,-0.3557586669921875,0.0005544663872569799,0.0,0.0,0.0,-0.00897048450153781,0.005773428958200498,-0.7507977608215654,0.6604460010259701,0,0,0,,0.9058712720870972,0.2333155870437622,0.0,False,False,2,False
53.331620793,627,53,331620793,map,7.877756595611572,-8.985939025878906,-0.7336330413818359,-0.003311538603156805,0.0,0.0,0.0,-0.009954165759614126,0.007513572567914672,-0.7630510117295592,0.6462179309720466,0,0,0,,0.8246692419052124,0.29826292395591736,0.0,False,False,2,False
53.381620794,628,53,381620794,map,7.933170795440674,-9.750065803527832,1.9631004333496094,-0.006711769383400679,0.0,0.0,0.0,-0.011013563218219294,0.009736619024031239,-0.7773263507326097,0.6289257858697981,0,0,0,,0.8221877813339233,0.34713301062583923,0.0,False,False,2,False
53.381620794,629,53,431620795,map,8.11732292175293,-5.489234924316406,-1.890115737915039,0.005301475524902344,0.0,0.0,0.0,-0.010997103851949689,0.010413329818745052,-0.7914489524101703,0.6110476102545525,0,0,0,,0.7041853666305542,0.23321159183979034,0.0,False,False,2,False
53.481620796,630,53,481620796,map,8.2041597366333,-6.353621482849121,0.7234764099121094,0.01189041044563055,0.0,0.0,0.0,-0.010536914048463335,0.0104758380415021,-0.8044325349514161,0.593858170754013,0,0,0,,0.6557707190513611,0.2451326847076416,0.0,False,False,2,False
53.531620796,631,53,531620796,map,8.310209274291992,-7.8167009353637695,1.2548446655273438,0.0029756545554846525,0.0,0.0,0.0,-0.010358774865911679,0.011067055293081439,-0.8172017111021431,0.5761523925509177,0,0,0,,0.6445468068122864,0.27370139956474304,0.0,False,False,2,False
53.581620797,632,53,581620797,map,8.381572723388672,-3.1963253021240234,-0.0028133392333984375,0.008036995306611061,0.0,0.0,0.0,-0.009451714433705705,0.010518857713466756,-0.8285823355422713,0.559688602665788,0,0,0,,0.5985210537910461,0.16947077214717865,0.0,False,False,2,False
53.631620798,633,53,631620798,map,8.473072052001953,-5.26853084564209,0.7101535797119141,0.006813430693000555,0.0,0.0,0.0,-0.008592376620134852,0.009905539111732,-0.8384238156735077,0.5448610434508968,0,0,0,,0.6352406740188599,0.18732233345508575,0.0,False,False,2,False
53.631620798,634,53,681620799,map,8.482816696166992,-6.851568222045898,3.7268543243408203,-0.005363463889807463,0.0,0.0,0.0,-0.00836633498213165,0.01046213813525712,-0.8482790439142633,0.5293800258420305,0,0,0,,0.6874610781669617,0.24628546833992004,0.0,False,False,2,False
53.681620799,635,53,731620799,map,8.574531555175781,-3.946104049682617,0.29440879821777344,-0.0018835067749023438,0.0,0.0,0.0,-0.007836347268871663,0.010297836890322157,-0.8574986281345771,0.514323486693132,0,0,0,,0.6671147346496582,0.16255316138267517,0.0,False,False,2,False
53.7816208,636,53,781620800,map,8.596858978271484,-6.175203323364258,3.5755538940429688,-0.0017740251496434212,0.0,0.0,0.0,-0.007567943318084538,0.010553441731769728,-0.8663120691669551,0.4993343067697405,0,0,0,,0.7754619121551514,0.2234218418598175,0.0,False,False,2,False
53.831620801,637,53,831620801,map,8.709553718566895,-3.607006072998047,-0.2068042755126953,0.0008085253648459911,0.0,0.0,0.0,-0.007060441393607212,0.010045397755912762,-0.8743353524311915,0.48516691111438864,0,0,0,,0.816865861415863,0.13794419169425964,0.0,False,False,2,False
53.881620801,638,53,881620801,map,8.771040916442871,-6.030387878417969,2.9853248596191406,-0.0006319046951830387,0.0,0.0,0.0,-0.0068968652635659575,0.010044893843207949,-0.8818921401230264,0.4712937370116892,0,0,0,,0.8467937111854553,0.1983433961868286,0.0,False,False,2,False
53.931620802,639,53,931620802,map,8.861210823059082,-8.038825988769531,4.270133972167969,-0.009689902886748314,0.0,0.0,0.0,-0.007339415716768422,0.011324163393110032,-0.8902405112906813,0.4552908173434745,0,0,0,,0.8966249823570251,0.2639823257923126,0.0,False,False,2,False
53.981620803,640,53,981620803,map,8.932504653930664,-7.911815643310547,5.286417007446289,-0.011267471127212048,0.0,0.0,0.0,-0.00791573679058879,0.013131533292565053,-0.8996154039865514,0.436413827524475,0,0,0,,0.9229130744934082,0.28592273592948914,0.0,False,False,2,False
54.031620804,641,54,31620804,map,9.04541015625,-8.729534149169922,5.662431716918945,-0.007953071035444736,0.0,0.0,0.0,-0.008430892908735551,0.015012659412955242,-0.9097073425886295,0.41489286682521553,0,0,0,,0.9476557374000549,0.3171604871749878,0.0,False,False,2,False
54.031620804,642,54,81620804,map,9.155144691467285,-8.257770538330078,6.073894500732422,-0.0031627644784748554,0.0,0.0,0.0,-0.008737398609674193,0.016647815730081787,-0.9201210136557973,0.3911826022792692,0,0,0,,0.9057786464691162,0.3199910819530487,0.0,False,False,2,False
54.081620804,643,54,131620805,map,9.349717140197754,-6.906290054321289,2.3848628997802734,0.01102600060403347,0.0,0.0,0.0,-0.008552591222650795,0.01675763593215609,-0.9297041570243758,0.3678263384165658,0,0,0,,1.0,0.22888725996017456,0.0,False,False,2,False
54.131620805,644,54,181620806,map,9.544185638427734,-6.748332977294922,2.5116634368896484,0.01741943322122097,0.0,0.0,0.0,-0.008180291524487335,0.015971597192132526,-0.937911794355919,0.3464093776469786,0,0,0,,1.0,0.20429691672325134,0.0,False,False,2,False
54.181620806,645,54,231620807,map,9.778247833251953,-5.030860900878906,-1.0186195373535156,0.01836395263671875,0.0,0.0,0.0,-0.007552990801352988,0.013916023242671558,-0.9443329113224447,0.3286101782056364,0,0,0,,1.0,0.10593564808368683,0.0,False,False,2,False
54.231620807,646,54,281620807,map,9.996916770935059,-6.323347091674805,1.4564132690429688,0.0072603230364620686,0.0,0.0,0.0,-0.007151438837271588,0.01227840005396048,-0.9493848902823786,0.31379360719776855,0,0,0,,1.0,0.12699595093727112,0.0,False,False,2,False
54.331620808,647,54,331620808,map,10.20676040649414,-7.2618865966796875,3.4800052642822266,-0.008358383551239967,0.0,0.0,0.0,-0.007141386706640987,0.012053579641968359,-0.9540872991093398,0.2992008313691097,0,0,0,,1.0,0.16301368176937103,0.0,False,False,2,False
54.381620809,648,54,381620809,map,10.22783088684082,-3.088092803955078,4.271783828735352,-0.007583808619529009,0.0,0.0,0.0,-0.006742393534374841,0.01198568610470039,-0.9585025561857006,0.28475205573183304,0,0,0,,1.0,0.14078526198863983,0.0,False,False,2,False
54.381620809,649,54,431620810,map,10.184889793395996,-2.734527587890625,6.564340591430664,-0.005780601873993874,0.0,0.0,0.0,-0.006007478704985185,0.012452221663335046,-0.962778806169849,0.2699367014050086,0,0,0,,1.0,0.1720699518918991,0.0,False,False,0,False
54.48162081,650,54,481620810,map,10.446378707885742,-7.041110992431641,2.134113311767578,-0.002696418669074774,0.0,0.0,0.0,-0.005579130391295927,0.012485142871077297,-0.96679123271402,0.2552013065383309,0,0,0,,1.0,0.1345306783914566,0.0,False,False,0,False
54.531620811,651,54,531620811,map,10.804333686828613,-10.199012756347656,4.5957183837890625,-0.007123374380171299,0.0,0.0,0.0,-0.0062456915589581465,0.013221102237448696,-0.9708339110263741,0.23930672993840352,0,0,0,,1.0,0.20317378640174866,0.0,False,False,3,False
54.581620812,652,54,581620812,map,11.153005599975586,-8.945541381835938,2.9549121856689453,-0.005544090643525124,0.0,0.0,0.0,-0.006946744673741231,0.013732983955334298,-0.9748159536590306,0.22247922236010037,0,0,0,,1.0,0.15772002935409546,0.0,False,False,3,False
54.631620813,653,54,631620813,map,11.41838550567627,-8.71002197265625,7.459011077880859,-0.005244064144790173,0.0,0.0,0.0,-0.007466435424226484,0.015007928779211595,-0.9788129434596295,0.20406919447018418,0,0,0,,1.0,0.2470737099647522,0.0,False,False,3,False
54.681620813,654,54,681620813,map,11.697685241699219,-7.917957305908203,5.5910539627075195,-0.00378780416212976,0.0,0.0,0.0,-0.007635314721241959,0.01614748524779107,-0.982748677703852,0.18408149597558832,0,0,0,,1.0,0.18868407607078552,0.0,False,False,3,False
54.731620814,655,54,731620814,map,11.90302848815918,-7.326221466064453,9.776082038879395,-0.0030586239881813526,0.0,0.0,0.0,-0.00754504380242481,0.017847387357597815,-0.9865542400781574,0.16228146678637315,0,0,0,,1.0,0.2728254795074463,0.0,False,False,3,False
54.781620815,656,54,781620815,map,12.123617172241211,-6.837120056152344,8.75117301940918,-0.004040335770696402,0.0,0.0,0.0,-0.0072070009469712305,0.019523449720667888,-0.9901424967313152,0.13850895355547332,0,0,0,,1.0,0.23020926117897034,0.0,False,False,3,False
54.831620816,657,54,831620816,map,12.30356502532959,-6.023292541503906,11.066498756408691,-0.0016742711886763573,0.0,0.0,0.0,-0.006680384196748666,0.021298302203804118,-0.9933321516849498,0.11310610602070602,0,0,0,,1.0,0.2642669677734375,0.0,False,False,3,False
54.881620816,658,54,881620816,map,12.48997688293457,-5.527782440185547,10.79632568359375,-5.302252247929573e-05,0.0,0.0,0.0,-0.006013968364722953,0.022826713480070464,-0.9959736614046976,0.08648259434318431,0,0,0,,1.0,0.24475637078285217,0.0,False,False,3,False
54.931620817,659,54,931620817,map,12.667916297912598,-4.882469177246094,11.36256217956543,0.003354072105139494,0.0,0.0,0.0,-0.005268227436724791,0.024051841342928534,-0.9979345366027739,0.05933308826528956,0,0,0,,1.0,0.23885300755500793,0.0,False,False,3,False
54.981620818,660,54,981620818,map,12.860235214233398,-4.584522247314453,10.506710052490234,0.008179282769560814,0.0,0.0,0.0,-0.004525157449018259,0.024650296500432985,-0.9991510053531433,0.032697925535194926,0,0,0,,1.0,0.20170749723911285,0.0,False,False,3,False
54.981620818,661,55,31620819,map,13.06829833984375,-4.439563751220703,9.134538650512695,0.015205001458525658,0.0,0.0,0.0,-0.003888553094636805,0.024331100643169,-0.999663552428255,0.008103002088340945,0,0,0,,1.0,0.1521167904138565,0.0,False,False,3,False
55.031620819,662,55,81620819,map,13.287760734558105,-4.377098083496094,7.406675815582275,0.01932067796587944,0.0,0.0,0.0,0.003439116159290127,-0.02302729834936326,0.9996451419995694,0.012942414281457613,0,0,0,,1.0,0.09789055585861206,0.0,False,False,3,False
55.13162082,663,55,131620820,map,13.512802124023438,-4.368267059326172,5.290420055389404,0.019243622198700905,0.0,0.0,0.0,0.003217452808938696,-0.02076004112071359,0.9993553988746222,0.029111087754208512,0,0,0,,1.0,0.04209715500473976,0.0,False,False,3,False
55.181620821,664,55,181620821,map,13.735930442810059,-4.3309783935546875,3.319535732269287,0.01383686251938343,0.0,0.0,0.0,0.003206785394276234,-0.017756807774809102,0.9990515864548164,0.039627514522082206,0,0,0,,1.0,-0.004737424198538065,0.0,False,False,3,False
55.231620822,665,55,231620822,map,13.954349517822266,-4.284763336181641,1.801154613494873,0.004275892861187458,0.0,0.0,0.0,0.0033421337086613143,-0.014414465013478846,0.9988957641880928,0.044590420806880644,0,0,0,,1.0,-0.037747822701931,0.0,False,False,3,False
55.281620822,666,55,281620822,map,14.165885925292969,-4.257545471191406,-0.41663646697998047,-0.003452110104262829,0.0,0.0,0.0,0.003559030573664646,-0.010729920251492385,0.9989564898000921,0.044250803371812225,0,0,0,,1.0,-0.07461600005626678,0.0,False,False,3,False
55.331620823,667,55,331620823,map,14.37470531463623,-4.245738983154297,-1.3700270652770996,-0.010155104100704193,0.0,0.0,0.0,0.0037851028233685763,-0.0071101050014812425,0.9991855758691113,0.039538644116825304,0,0,0,,1.0,-0.08448535203933716,0.0,False,False,3,False
55.381620824,668,55,381620824,map,14.582527160644531,-4.2453765869140625,-2.110445499420166,-0.014290621504187584,0.0,0.0,0.0,0.003967030598381332,-0.0038854007405895166,0.9994731267852568,0.03197866731773732,0,0,0,,1.0,-0.08441281318664551,0.0,False,False,3,False
55.431620825,669,55,431620825,map,14.789594650268555,-4.229450225830078,-2.710555076599121,-0.013906667940318584,0.0,0.0,0.0,0.004083615926816433,-0.0011220334287567546,0.9997287722780303,0.022900807876785296,0,0,0,,1.0,-0.07880549132823944,0.0,False,False,3,False
55.481620825,670,55,481620825,map,14.999141693115234,-4.244422912597656,-2.2899012565612793,-0.010985756292939186,0.0,0.0,0.0,0.004137084705406327,0.0008944900874067768,0.9998964861779557,0.013751412531133028,0,0,0,,1.0,-0.05621987208724022,0.0,False,False,3,False
55.481620825,671,55,531620826,map,15.207710266113281,-4.208030700683594,-2.463669776916504,-0.006768608000129461,0.0,0.0,0.0,0.0041438310812183,0.0023242261987650105,0.9999739438192494,0.005434916662083097,0,0,0,,1.0,-0.04298480227589607,0.0,False,False,3,False
55.581620827,672,55,581620827,map,15.325944900512695,-2.3786544799804688,-1.8745031356811523,-0.002585983369499445,0.0,0.0,0.0,-0.004013286741797687,-0.003133893876489496,-0.9999860871952798,0.0013775538367066357,0,0,0,,1.0,-0.021730881184339523,0.0,False,False,3,False
55.631620828,673,55,631620828,map,15.313210487365723,0.25180816650390625,-1.3603131771087646,0.0014410022413358092,0.0,0.0,0.0,-0.003379210473744095,-0.003383716021736372,-0.9999690603266025,0.006245781935838131,0,0,0,,1.0,-0.004576323553919792,0.0,False,False,0,False
55.681620828,674,55,681620828,map,15.369237899780273,-1.1165428161621094,-1.5363667011260986,0.002119064098224044,0.0,0.0,0.0,-0.00269403317560377,-0.003443716051496043,-0.9999456465282901,0.009465040629894486,0,0,0,,1.0,-0.0013970211148262024,0.0,False,False,0,False
55.731620829,675,55,731620829,map,15.68309497833252,-6.275768280029297,-0.26673629879951477,0.0013904570369049907,0.0,0.0,0.0,-0.0028574987966571434,-0.0030047255824747253,-0.999933378748675,0.010772390127535043,0,0,0,,1.0,0.020140860229730606,0.0,False,False,4,False
55.78162083,676,55,781620830,map,15.961414337158203,-5.569591522216797,0.6598929166793823,0.0010292052756994963,0.0,0.0,0.0,-0.0033723857734162255,-0.0020820818325370705,-0.9999435095298262,0.009862540170356713,0,0,0,,1.0,0.035676002502441406,0.0,False,False,4,False
55.831620831,677,55,831620831,map,16.212289810180664,-5.019683837890625,1.0735347270965576,0.0002828598371706903,0.0,0.0,0.0,-0.0038273447746771617,-0.0009934120844622965,-0.9999669929348145,0.007097718317233224,0,0,0,,1.0,0.03986554220318794,0.0,False,False,4,False
55.881620831,678,55,881620831,map,16.443288803100586,-4.6189117431640625,0.9453024864196777,-0.00014209756045602262,0.0,0.0,0.0,-0.004111320300406922,-8.328199236416092e-05,-0.9999859324505183,0.003350374690249316,0,0,0,,1.0,0.03189003840088844,0.0,False,False,4,False
55.931620832,679,55,931620832,map,16.658098220825195,-4.290199279785156,1.3264788389205933,-0.00010128016583621502,0.0,0.0,0.0,0.00423125138427106,-0.0007084628814002945,0.9999904974328493,0.0007743617186409283,0,0,0,,1.0,0.02977849915623665,0.0,False,False,4,False
55.981620833,680,55,981620833,map,16.861194610595703,-4.051704406738281,1.2437324523925781,8.964547305367887e-05,0.0,0.0,0.0,0.004232543668078691,-0.001321505157423239,0.9999786624434576,0.004797275894745354,0,0,0,,1.0,0.021382685750722885,0.0,False,False,4,False
56.031620834,681,56,31620834,map,17.054302215576172,-3.8403701782226562,1.7507598400115967,0.00013275137462187558,0.0,0.0,0.0,0.004159330686563374,-0.0019184721981102637,0.9999523374907098,0.008622191109613318,0,0,0,,1.0,0.022826336324214935,0.0,False,False,4,False
56.081620834,682,56,81620834,map,17.236385345458984,-3.5805130004882812,3.148624897003174,-0.0004056930774822831,0.0,0.0,0.0,0.004033909711520099,-0.0028995926477354064,0.9999038053272472,0.012949904517289501,0,0,0,,1.0,0.04133371636271477,0.0,False,False,4,False
56.131620835,683,56,131620835,map,17.403244018554688,-3.4064483642578125,-3.669848680496216,0.0017171859508380294,0.0,0.0,0.0,0.0039057265009550517,-0.0018320302470623921,0.9998826596778557,0.01469883809050321,0,0,0,,1.0,-0.0929674357175827,0.0,False,False,4,False
56.131620835,684,56,181620836,map,17.567459106445312,-3.3144760131835938,-3.91263484954834,0.001461029052734375,0.0,0.0,0.0,0.0037820974531275167,0.0006614755704568231,0.9999299735811608,0.011194021748412629,0,0,0,,1.0,-0.09056101739406586,0.0,False,False,4,False
56.231620837,685,56,231620837,map,17.7365665435791,-3.3751678466796875,-3.0751633644104004,-0.001834869384765625,0.0,0.0,0.0,0.0036741475417995505,0.0025852155185279767,0.9999796701457544,0.0045251072641628795,0,0,0,,1.0,-0.07488596439361572,0.0,False,False,4,False
56.281620837,686,56,281620837,map,17.904430389404297,-3.3201217651367188,-3.324842929840088,-0.0019445419311523438,0.0,0.0,0.0,-0.0035754495336699802,-0.003979044365868527,-0.9999787540481484,0.0037248917943470223,0,0,0,,1.0,-0.06718108057975769,0.0,False,False,4,False
56.331620838,687,56,331620838,map,18.07640266418457,-3.4052276611328125,-1.8925321102142334,-0.00031623829272575676,0.0,0.0,0.0,-0.0034993277117524773,-0.004519060023294625,-0.9999156168403153,0.011665847629874708,0,0,0,,1.0,-0.030509430915117264,0.0,False,False,4,False
56.331620838,688,56,381620839,map,18.24721908569336,-3.3930587768554688,-1.0807812213897705,0.0015710829757153988,0.0,0.0,0.0,-0.0034522231836978784,-0.004310554720722353,-0.9998279120091932,0.01771009995529534,0,0,0,,1.0,-0.002346700057387352,0.0,False,False,4,False
56.431620839,689,56,431620839,map,18.41486358642578,-3.3614730834960938,0.3330010175704956,0.0021739958319813013,0.0,0.0,0.0,-0.0034329348782924677,-0.0033995454997723332,-0.9997733847073919,0.02073251743617813,0,0,0,,1.0,0.031140509992837906,0.0,False,False,4,False
56.48162084,690,56,481620840,map,18.579673767089844,-3.3202362060546875,1.1098408699035645,0.0014896390493959188,0.0,0.0,0.0,-0.0034312990198923786,-0.0020800351181142975,-0.9997847983997503,0.020353292846960042,0,0,0,,1.0,0.050298865884542465,0.0,False,False,4,False
56.531620841,691,56,531620841,map,18.74358367919922,-3.3049392700195312,1.521928310394287,-4.482251824811101e-05,0.0,0.0,0.0,-0.0034346935708215367,-0.0006974920978396018,-0.9998482519461765,0.017064274523791344,0,0,0,,1.0,0.05608199164271355,0.0,False,False,4,False
56.531620841,692,56,581620842,map,18.90804100036621,-3.3106613159179688,1.6449952125549316,-0.0011121750576421618,0.0,0.0,0.0,-0.0034356931233009624,0.0005142466569383681,-0.9999235130006379,0.01187011843250092,0,0,0,,1.0,0.05053352937102318,0.0,False,False,4,False
56.631620842,693,56,631620842,map,19.07094955444336,-3.2761001586914062,2.3791937828063965,-0.0014873503241688013,0.0,0.0,0.0,-0.003427665429989353,0.0016975252012909712,-0.9999775205715962,0.0055070744841415956,0,0,0,,1.0,0.0508696548640728,0.0,False,False,4,False
56.631620842,694,56,681620843,map,19.236345291137695,-3.3115005493164062,1.6429716348648071,-0.0010894775623455644,0.0,0.0,0.0,0.003414711810184032,-0.0024719134094838475,0.9999907436122488,0.0008614390117818614,0,0,0,,1.0,0.02778829261660576,0.0,False,False,4,False
56.731620844,695,56,731620844,map,19.401700973510742,-3.3048248291015625,1.346915364265442,-0.00025539391208440065,0.0,0.0,0.0,0.0034020427559752387,-0.002805061414345725,0.999971241676267,0.006170377295849426,0,0,0,,1.0,0.010656626895070076,0.0,False,False,4,False
56.731620844,696,56,781620845,map,19.56666374206543,-3.2966232299804688,0.630258321762085,0.0005258559249341488,0.0,0.0,0.0,0.0033939714674241592,-0.002688612967668189,0.9999438341676709,0.009673718418780158,0,0,0,,1.0,-0.009774263948202133,0.0,False,False,4,False
56.781620845,697,56,831620845,map,19.73103904724121,-3.2830810546875,0.7527316808700562,0.0005620956071652472,0.0,0.0,0.0,0.003390279745383263,-0.00243862368354517,0.9999268974050043,0.011347200702387941,0,0,0,,1.0,-0.013762570917606354,0.0,False,False,4,False
56.831620845,698,56,881620846,map,19.894886016845703,-3.2761383056640625,0.12417078018188477,0.0005086899036541581,0.0,0.0,0.0,0.003391196709903954,-0.0020065291792215824,0.999928257624434,0.011311641334974344,0,0,0,,1.0,-0.02374977245926857,0.0,False,False,4,False
56.931620847,699,56,931620847,map,20.056745529174805,-3.24371337890625,-1.1372127532958984,0.0004526138072833419,0.0,0.0,0.0,0.00339421349298828,-0.001127747566152824,0.9999503726749109,0.009298370152780644,0,0,0,,1.0,-0.04109128937125206,0.0,False,False,4,False
56.981620848,700,56,981620848,map,20.219680786132812,-3.2614898681640625,-0.8871262669563293,-2.4604814825579524e-05,0.0,0.0,0.0,0.0033968449121796595,-0.00025742538974265415,0.9999770870079359,0.0058498406759840554,0,0,0,,1.0,-0.03275676816701889,0.0,False,False,4,False
57.031620848,701,57,31620848,map,20.383060455322266,-3.2684326171875,-0.7117569446563721,-0.00038375850999727845,0.0,0.0,0.0,0.003397740587412131,0.0003500315661531336,0.9999922074389633,0.001979368119489783,0,0,0,,1.0,-0.0212616678327322,0.0,False,False,4,False
57.031620848,702,57,81620849,map,20.54638671875,-3.2662582397460938,-0.5723024010658264,-0.0004140853707212955,0.0,0.0,0.0,-0.0033967424038469905,-0.0007054027397880055,-0.9999928145083966,0.0015282275981767421,0,0,0,,1.0,-0.009704722091555595,0.0,False,False,4,False
57.13162085,703,57,131620850,map,20.709386825561523,-3.2592391967773438,-0.4646112322807312,-0.00015811919001862407,0.0,0.0,0.0,-0.0033946019025942673,-0.000873765736038543,-0.9999850743792282,0.004190970070373041,0,0,0,,1.0,-0.00018895789980888367,0.0,False,False,4,False
57.181620851,704,57,181620851,map,20.872011184692383,-3.2512664794921875,-0.4390545189380646,-6.580352783203125e-05,0.0,0.0,0.0,-0.003392036085961234,-0.0009374656154965347,-0.9999767139083889,0.005846955651563275,0,0,0,,1.0,0.005425248295068741,0.0,False,False,4,False
57.231620851,705,57,231620851,map,21.034189224243164,-3.2436752319335938,0.02981632947921753,2.2888161765877157e-06,0.0,0.0,0.0,-0.003389944357588856,-0.0008015235487251421,-0.9999738536075239,0.006337029159764948,0,0,0,,1.0,0.014918804168701172,0.0,False,False,4,False
57.281620852,706,57,281620852,map,21.059499740600586,-0.50628662109375,0.023964494466781616,0.00043411250226199627,0.0,0.0,0.0,-0.003153048752654711,-0.0005988933403859166,-0.9999779390555068,0.005815583601934393,0,0,0,,1.0,0.0148269422352314,0.0,False,False,4,False
57.331620853,707,57,331620853,map,21.040111541748047,0.38730621337890625,0.150839164853096,0.0007793426630087197,0.0,0.0,0.0,-0.0025893846394326823,-0.00038346388468770386,-0.9999858811794681,0.004624444221840026,0,0,0,,1.0,0.014130299910902977,0.0,False,False,0,False
57.381620854,708,57,381620854,map,21.168575286865234,-2.5699234008789062,0.2660995125770569,0.00026626576436683536,0.0,0.0,0.0,-0.0022330057065741322,-0.0001475324999058269,-0.9999928802916745,0.003038303085014268,0,0,0,,1.0,0.012267932295799255,0.0,False,False,0,False
57.431620854,709,57,431620854,map,21.38802719116211,-4.389839172363281,0.5466061234474182,-0.0005599975120276213,0.0,0.0,0.0,-0.002484509665295319,0.00015760941588128954,-0.9999961829145637,0.0011985521671138532,0,0,0,,1.0,0.012477198615670204,0.0,False,False,5,False
57.431620854,710,57,481620855,map,21.584653854370117,-3.9326095581054688,0.0743185356259346,-0.0007850647089071572,0.0,0.0,0.0,0.002856903045689359,-0.0002914843480524876,0.9999957878541464,0.00042120758247054466,0,0,0,,1.0,0.0012206602841615677,0.0,False,False,5,False
57.531620856,711,57,531620856,map,21.76382827758789,-3.5835647583007812,0.33953791856765747,-0.0006071090465411544,0.0,0.0,0.0,0.0031474449903286595,-0.00038809095106199165,0.9999936413033969,0.0016310512621601604,0,0,0,,1.0,0.0011584293097257614,0.0,False,False,5,False
57.531620856,712,57,581620857,map,21.930021286010742,-3.3236312866210938,0.3723633289337158,-0.0002449035528115928,0.0,0.0,0.0,0.00331565408643882,-0.0004950534234428751,0.9999912970092093,0.0024833980603968723,0,0,0,,1.0,-0.00033285655081272125,0.0,False,False,5,False
57.631620857,713,57,631620857,map,22.086559295654297,-3.1301498413085938,0.4205182194709778,3.814697265625e-05,0.0,0.0,0.0,0.0033805109559756023,-0.0006001562397867728,0.9999894880371377,0.0030390415244849634,0,0,0,,1.0,-0.0004785992205142975,0.0,False,False,5,False
57.631620857,714,57,681620858,map,22.2353458404541,-2.9757308959960938,0.007534027099609375,0.00023479464289266616,0.0,0.0,0.0,0.0033748085191774905,-0.000552347138320102,0.9999891576753486,0.003160713818846659,0,0,0,,0.9838835000991821,-0.00681522861123085,0.0,False,False,5,False
57.731620859,715,57,731620859,map,22.377838134765625,-2.8481292724609375,0.6553756594657898,0.0002645492204464972,0.0,0.0,0.0,0.0033258694322970735,-0.0006415126991097913,0.9999891681536068,0.0031922765283854565,0,0,0,,1.0,0.0033360589295625687,0.0,False,False,5,False
57.78162086,716,57,781620860,map,22.516279220581055,-2.7679443359375,0.24383798241615295,0.0002466201549395919,0.0,0.0,0.0,0.0032583022153351887,-0.0006837366094768127,0.9999892687872804,0.003221533982813834,0,0,0,,0.982397198677063,-0.001018468290567398,0.0,False,False,5,False
57.83162086,717,57,831620860,map,22.64898681640625,-2.65533447265625,-0.336119681596756,0.00022621154494117945,0.0,0.0,0.0,0.003183032242298915,-0.00046936993622140826,0.9999906643089438,0.002884318388213616,0,0,0,,0.9466071128845215,-0.009233614429831505,0.0,False,False,5,False
57.881620861,718,57,881620861,map,22.77509880065918,-2.5226593017578125,-0.1382182538509369,0.00016021728515625,0.0,0.0,0.0,0.003099868296201031,-0.0002370191044480895,0.9999926721501399,0.0022338944722496727,0,0,0,,0.936823844909668,-0.005790990777313709,0.0,False,False,5,False
57.931620862,719,57,931620862,map,22.893930435180664,-2.376251220703125,0.1389540731906891,2.727509126998484e-05,0.0,0.0,0.0,0.003009472162619862,-0.00016073189319195616,0.999994111997531,0.0016411011030529213,0,0,0,,0.8930948972702026,0.00027492083609104156,0.0,False,False,5,False
57.931620862,720,57,981620863,map,23.002445220947266,-2.169036865234375,0.3623950481414795,7.324219041038305e-05,0.0,0.0,0.0,0.0029056827301642977,-0.00024112030833894912,0.9999947530780027,0.0014116250681035663,0,0,0,,0.8367148637771606,0.00579092837870121,0.0,False,False,5,False
58.031620863,721,58,31620863,map,23.09723472595215,-1.8927001953125,0.6723262071609497,6.828307959949598e-05,0.0,0.0,0.0,0.002779127244332261,-0.00046939039574385054,0.9999944483319535,0.0017774784634755493,0,0,0,,0.7715265154838562,0.011901672929525375,0.0,False,False,5,False
58.081620864,722,58,81620864,map,23.16965675354004,-1.4336013793945312,1.992685079574585,-8.831026207190007e-05,0.0,0.0,0.0,0.0026100348142250912,-0.0011548589952809563,0.9999901053356552,0.003412220648593715,0,0,0,,0.581907331943512,0.03287244215607643,0.0,False,False,5,False
58.131620865,723,58,131620865,map,23.213520050048828,-0.8742523193359375,0.30688703060150146,-2.975462848553434e-05,0.0,0.0,0.0,0.002378777408217296,-0.0014123184438439552,0.9999810442432162,0.005500720762040955,0,0,0,,0.44839760661125183,0.006415128707885742,0.0,False,False,5,False
58.181620866,724,58,181620866,map,23.220073699951172,-0.11444091796875,1.414715051651001,0.0001636505185160786,0.0,0.0,0.0,0.00206292747126459,-0.0016917550340244003,0.9999661571862785,0.007782466014071751,0,0,0,,0.3063887059688568,0.017968157306313515,0.0,False,False,5,False
58.181620866,725,58,231620866,map,23.1895694732666,0.6185531616210938,0.6026315689086914,0.00024833675706759095,0.0,0.0,0.0,0.0016649831412952273,-0.001787076604707365,0.9999477464718511,0.009926656749103783,0,0,0,,0.1893349140882492,0.0030677951872348785,0.0,False,False,5,False
58.281620867,726,58,281620867,map,23.12610626220703,1.2763214111328125,0.4557037353515625,0.0003971099795307964,0.0,0.0,0.0,0.0012076778322379596,-0.0016850746430875304,0.9999322253488349,0.011456297247703503,0,0,0,,0.15523090958595276,-0.003052372485399246,0.0,False,False,5,False
58.331620868,727,58,331620868,map,23.0373477935791,1.76239013671875,-0.8806073665618896,0.0004795074346475303,0.0,0.0,0.0,0.0007345504683507905,-0.0011077029160422947,0.9999314900888698,0.011629641375018481,0,0,0,,0.11952407658100128,-0.026255112141370773,0.0,False,False,5,False
58.381620869,728,58,381620869,map,22.928295135498047,2.1677780151367188,-1.061444878578186,0.00010128016583621502,0.0,0.0,0.0,0.00027618130771972396,-0.00032560734833447314,0.9999479490794334,0.010193960740297504,0,0,0,,0.05715065822005272,-0.030910901725292206,0.0,False,False,5,False
58.431620869,729,58,431620869,map,22.799352645874023,2.5566864013671875,-2.5284180641174316,-0.0003084182390011847,0.0,0.0,0.0,-0.0001556283948885905,0.0008501082036911248,0.9999764750368999,0.006804591730680981,0,0,0,,0.01350628212094307,-0.05276188254356384,0.0,False,False,5,False
58.48162087,730,58,481620870,map,22.653629302978516,2.909088134765625,-1.1194677352905273,-0.0007522582891397178,0.0,0.0,0.0,-0.0005625085714863831,0.0015935845927334481,0.9999955516477619,0.0024577951381419927,0,0,0,,0.0,-0.02514049783349037,0.03291057422757149,False,False,5,False
58.531620871,731,58,531620871,map,22.4934139251709,3.201446533203125,-1.9592406749725342,-0.0005729674594476819,0.0,0.0,0.0,0.0009403807317776351,-0.002212566467007461,-0.9999947353953454,0.002179315328587321,0,0,0,,0.0,-0.028781283646821976,0.05114364996552467,False,False,5,False
58.531620871,732,58,581620872,map,22.317794799804688,3.5145950317382812,-1.1265777349472046,-0.0001951217564055696,0.0,0.0,0.0,0.0012875768007388096,-0.002513965169260435,-0.9999754529555791,0.006412145615503845,0,0,0,,0.0,-0.00766894593834877,0.10690082609653473,False,False,5,False
58.631620872,733,58,631620872,map,22.134456634521484,3.6692428588867188,-0.6172120571136475,0.00028629304142668843,0.0,0.0,0.0,0.001595854929580424,-0.002430325521093092,-0.9999514832756965,0.009411581144513723,0,0,0,,0.0,0.008642058819532394,0.11554451286792755,False,False,5,False
58.681620873,734,58,681620873,map,21.94231414794922,3.8453292846679688,-0.4693317413330078,0.0003555297735147178,0.0,0.0,0.0,0.0018572491573725682,-0.002178025212857657,-0.9999361225519293,0.010934241974297283,0,0,0,,0.0,0.01634412631392479,0.15234950184822083,False,False,5,False
58.681620873,735,58,731620874,map,21.746767044067383,3.9108657836914062,0.026728808879852295,0.00031280520488508046,0.0,0.0,0.0,0.0020720939795476046,-0.0017629766489964435,-0.9999367194182309,0.01091583707192607,0,0,0,,0.0,0.025684911757707596,0.1546660214662552,False,False,5,False
58.781620875,736,58,781620875,map,21.551729202270508,3.9023971557617188,-0.26116400957107544,0.00012760159734170884,0.0,0.0,0.0,0.0022352353967031364,-0.0014322800520634449,-0.9999485636455622,0.00978888960764978,0,0,0,,0.0,0.01922924444079399,0.1509600728750229,False,False,5,False
58.831620875,737,58,831620875,map,21.351470947265625,4.007987976074219,-0.39520353078842163,-0.00018329621525481343,0.0,0.0,0.0,0.002360903312688126,-0.0012618131676800138,-0.9999626186000382,0.008221640081687043,0,0,0,,0.0,0.011492785066366196,0.18572352826595306,False,False,5,False
58.881620876,738,58,881620876,map,21.173667907714844,3.55499267578125,0.15999078750610352,-0.00012454984243959188,0.0,0.0,0.0,0.0024402189323844245,-0.0009890377840411533,-0.9999760285946172,0.006403856022829969,0,0,0,,0.0,0.01395944133400917,0.185603067278862,False,False,5,False
58.931620877,739,58,931620877,map,21.10201644897461,1.4285659790039062,0.7221642136573792,0.0002758025948423892,0.0,0.0,0.0,0.0021879932033772617,-0.00048338053682856245,-0.9999886301028508,0.004209357910937707,0,0,0,,0.0,0.017514336854219437,0.19736380875110626,False,False,0,False
58.981620877,740,58,981620877,map,21.027626037597656,1.4854812622070312,0.4874560236930847,8.602139132563025e-05,0.0,0.0,0.0,0.0017976862049025163,-3.476974910425772e-05,-0.9999965070955357,0.001937243428530565,0,0,0,,0.0,0.009666409343481064,0.21100810170173645,False,False,0,False
58.981620877,741,59,31620878,map,20.664630889892578,7.259368896484375,0.144679993391037,-0.0006855010869912803,0.0,0.0,0.0,0.0020348795823818084,0.0001728244589173041,-0.9999979069848881,0.00012418790073867602,0,0,0,,0.0,-0.000952545553445816,0.22337357699871063,False,False,4,False
59.031620878,742,59,81620879,map,20.328771591186523,6.7169952392578125,0.06414830684661865,-0.0009883880848065019,0.0,0.0,0.0,-0.002674317742168257,-0.0002221573564809698,0.9999959226720869,0.0009763759134675047,0,0,0,,0.0,-0.006629135459661484,0.20543871819972992,False,False,4,False
59.081620879,743,59,131620880,map,20.01657485961914,6.245460510253906,-0.33942580223083496,-0.000545883143786341,0.0,0.0,0.0,-0.0032622025136867855,-8.83149331741347e-05,0.9999939862579857,0.0011737474582480315,0,0,0,,0.0,-0.015915904194116592,0.20491757988929749,False,False,4,False
59.18162088,744,59,181620880,map,19.724031448364258,5.8480072021484375,0.7466098070144653,3.8155121728777885e-07,0.0,0.0,0.0,-0.003669531624323432,-0.00025325982284831757,0.999992642123554,0.0010890802880380403,0,0,0,,0.0,0.0018388591706752777,0.1892402619123459,False,False,4,False
59.231620881,745,59,231620881,map,19.441804885864258,5.643653869628906,0.3429017961025238,0.0003364562289789319,0.0,0.0,0.0,-0.0039024587083695277,-0.000444529971179079,0.999991777887999,0.0010086453951178107,0,0,0,,0.0,-0.0017554648220539093,0.20993024110794067,False,False,4,False
59.231620881,746,59,281620882,map,19.169157028198242,5.453948974609375,-0.3621472418308258,0.0004470825369935483,0.0,0.0,0.0,-0.00400774129870594,-0.00032274168490418597,0.9999917721766888,0.0005379836547995043,0,0,0,,0.0,-0.012267064303159714,0.20493020117282867,False,False,4,False
59.331620883,747,59,331620883,map,18.90306854248047,5.3220367431640625,-0.08056811988353729,0.0004713058297056705,0.0,0.0,0.0,0.004026658928901353,0.0001655793077779164,-0.9999918484323972,0.00024833469523786387,0,0,0,,0.0,-0.00725908949971199,0.21276356279850006,False,False,4,False
59.331620883,748,59,381620883,map,18.643688201904297,5.186347961425781,0.47286128997802734,0.00025882720365189016,0.0,0.0,0.0,0.003993961127256353,0.00024474575714682954,-0.9999916726273429,0.000801903982675169,0,0,0,,0.0,0.004273813217878342,0.20635543763637543,False,False,4,False
59.431620884,749,59,431620884,map,18.389219284057617,5.090141296386719,-0.3010580539703369,2.3460379452444613e-05,0.0,0.0,0.0,0.003932196208125852,0.00016564339073289278,-0.9999914277543701,0.0012863953608841883,0,0,0,,0.0,-0.0055450089275836945,0.2083469182252884,False,False,4,False
59.431620884,750,59,481620885,map,18.14175033569336,4.94781494140625,0.8415091037750244,1.0299681889591739e-05,0.0,0.0,0.0,0.0038536313318679872,0.0003546461014859405,-0.9999916766430402,0.001292438138510348,0,0,0,,0.0,0.013759437948465347,0.18973693251609802,False,False,4,False
59.481620885,751,59,531620886,map,17.899669647216797,4.8415374755859375,0.27429547905921936,-1.964568582479842e-05,0.0,0.0,0.0,0.0037647437469656305,0.000507733959951065,-0.9999924507194374,0.0008169546370682369,0,0,0,,0.0,0.007131289690732956,0.18574242293834686,False,False,4,False
59.531620886,752,59,581620886,map,17.66329574584961,4.72747802734375,-0.031054500490427017,-5.245208740234375e-05,0.0,0.0,0.0,0.003672626403041214,0.00045734951532853263,-0.999993101478933,0.0003156600524927886,0,0,0,,0.0,0.0012739859521389008,0.17347030341625214,False,False,4,False
59.631620887,753,59,631620887,map,17.4327392578125,4.6111297607421875,-0.08499196171760559,-7.247926987474784e-06,0.0,0.0,0.0,-0.0035779437040710333,-0.0003200627743395549,0.999993547846073,1.2037220952760015e-05,0,0,0,,0.0,-0.0012612678110599518,0.16060931980609894,False,False,4,False
59.681620888,754,59,681620888,map,17.207412719726562,4.50653076171875,0.04372024908661842,-7.209776958916336e-05,0.0,0.0,0.0,-0.0034834544633446504,-0.00022884641522101558,0.9999938855706684,0.00020492827266838887,0,0,0,,0.0,-0.0002179853618144989,0.15028679370880127,False,False,4,False
59.681620888,755,59,731620889,map,16.97888946533203,4.570465087890625,0.15964828431606293,-4.6539309551008046e-05,0.0,0.0,0.0,-0.0034051714452303233,-0.00022054279513301217,0.99999410578788,0.00038020757777875813,0,0,0,,0.0,0.0015440396964550018,0.18700416386127472,False,False,4,False
59.781620889,756,59,781620889,map,16.87995147705078,1.9803619384765625,0.9333032965660095,0.00010700226266635582,0.0,0.0,0.0,-0.003105715951855004,-0.0005005184065516592,0.999994560826272,0.0009911244232293065,0,0,0,,0.0,0.013683442026376724,0.20955006778240204,False,False,4,False
59.83162089,757,59,831620890,map,16.806123733520508,1.4786529541015625,0.5438902974128723,0.00047225947491824627,0.0,0.0,0.0,-0.0025448311306589633,-0.0007509889443482418,0.9999944903487471,0.0019947737393786443,0,0,0,,0.0,0.009313788264989853,0.22977431118488312,False,False,0,False
59.881620891,758,59,881620891,map,16.495342254638672,6.224708557128906,1.3250961303710938,-0.0003707885916810483,0.0,0.0,0.0,-0.002383274378992277,-0.001181035975432483,0.9999899589934781,0.00360653150288727,0,0,0,,0.0,0.024632733315229416,0.2429988831281662,False,False,0,False
59.931620892,759,59,931620892,map,16.0614070892334,8.680152893066406,0.11856287717819214,-0.0013931274879723787,0.0,0.0,0.0,-0.003113600902098665,-0.0012368260849864093,0.9999808697486605,0.005199604539826579,0,0,0,,0.0,0.004113342612981796,0.2379768341779709,False,False,3,False
59.931620892,760,59,981620892,map,15.663476943969727,7.959938049316406,0.10055094957351685,-0.0009937285212799907,0.0,0.0,0.0,-0.003946529281307248,-0.0010764416738602278,0.9999715086186348,0.006344141464868819,0,0,0,,0.0,-6.848946213722229e-05,0.2149394005537033,False,False,3,False
60.031620893,761,60,31620893,map,15.294898986816406,7.367210388183594,-0.5036738514900208,-0.0002155304537154734,0.0,0.0,0.0,-0.004575878679650524,-0.0007002525384757132,0.999966664876689,0.006726077317659165,0,0,0,,0.0,-0.01320846751332283,0.1975797861814499,False,False,3,False
60.081620894,762,60,81620894,map,14.950760841369629,6.879158020019531,-0.48591434955596924,0.0003778457175940275,0.0,0.0,0.0,-0.004949205609416137,-0.00028917536593461065,0.9999678443713768,0.0063033296523023075,0,0,0,,0.0,-0.015353191643953323,0.17808525264263153,False,False,3,False
60.131620895,763,60,131620895,map,14.625337600708008,6.502189636230469,-1.250091552734375,0.000699806259945035,0.0,0.0,0.0,-0.005107336252526115,0.00030169387070805016,0.9999749356780034,0.004894089597128594,0,0,0,,0.0,-0.029272813349962234,0.1656540334224701,False,False,3,False
60.181620895,764,60,181620895,map,14.318366050720215,6.138134002685547,-1.0166107416152954,0.0006269454606808722,0.0,0.0,0.0,-0.005110770633105138,0.0008274111426965455,0.9999829560517346,0.0026987071666316038,0,0,0,,0.0,-0.02618112787604332,0.1391051858663559,False,False,3,False
60.231620896,765,60,231620896,map,14.026219367980957,5.844478607177734,-0.8090754747390747,0.00054168701171875,0.0,0.0,0.0,-0.005013066466258449,0.0011458598413249274,0.9999867517365008,0.00022917528415178568,0,0,0,,0.0,-0.020498085767030716,0.12378279864788055,False,False,3,False
60.281620897,766,60,281620897,map,13.746975898742676,5.586719512939453,-0.4317060708999634,0.0004487991100177169,0.0,0.0,0.0,0.004857347192618153,-0.0012143932109675757,-0.9999854542941078,0.002005648919102326,0,0,0,,0.0,-0.010694611817598343,0.10690189898014069,False,False,3,False
60.281620897,767,60,331620898,map,13.478436470031738,5.372524261474609,-0.294153094291687,0.00036182402982376516,0.0,0.0,0.0,0.0046737851546970535,-0.0011346861155177572,-0.9999815179656858,0.0037191325318776712,0,0,0,,0.0,-0.004531968384981155,0.0939134806394577,False,False,3,False
60.381620898,768,60,381620898,map,13.2191801071167,5.187225341796875,-0.291985422372818,0.00014705656212754548,0.0,0.0,0.0,0.0044828935131684886,-0.001029449377680716,-0.999977373115943,0.0049088853995985,0,0,0,,0.0,-0.0019289664924144745,0.08197709918022156,False,False,3,False
60.431620899,769,60,431620899,map,12.969706535339355,4.9915313720703125,-0.2393585443496704,-6.694790499750525e-05,0.0,0.0,0.0,0.004293742293728964,-0.0009270847909038405,-0.9999743183025378,0.0056627754926895915,0,0,0,,0.0,-1.6305595636367798e-05,0.06232624873518944,False,False,3,False
60.431620899,770,60,481620900,map,12.791808128356934,3.5541915893554688,0.5137978792190552,-3.910063242074102e-05,0.0,0.0,0.0,0.004050638518968033,-0.000590722810178382,-0.9999753661509169,0.005701794935806231,0,0,0,,0.0,0.013111058622598648,0.04688503220677376,False,False,3,False
60.531620901,771,60,531620901,map,12.764213562011719,0.5513763427734375,0.08211970329284668,0.0008480071555823088,0.0,0.0,0.0,0.003298113702323432,-0.0003149272895424005,-0.9999809526135246,0.0052074635818691725,0,0,0,,0.0,0.008060399442911148,0.04036756977438927,False,False,0,False
60.581620901,772,60,581620901,map,12.745665550231934,0.3727531433105469,-0.2617970108985901,0.0004171370528638363,0.0,0.0,0.0,0.0024005708766580785,-0.0002712699969864824,-0.9999859393472137,0.004720675791184701,0,0,0,,0.0,0.0012366287410259247,0.035622041672468185,False,False,0,False
60.581620901,773,60,631620902,map,12.18669605255127,11.175575256347656,0.6540480852127075,-0.0014448165893554688,0.0,0.0,0.0,0.0027496590239033973,-4.8940772688369874e-05,-0.9999880916473716,0.004031568367408079,0,0,0,,0.0,0.016169603914022446,0.02544911578297615,False,False,2,False
60.681620903,774,60,681620903,map,11.6756010055542,10.222816467285156,-0.14444299042224884,-0.002324867295101285,0.0,0.0,0.0,0.0038847801972489706,7.231237820760301e-06,-0.9999866700432356,0.003401200724610228,0,0,0,,0.0,-0.00032300129532814026,0.00238814577460289,False,False,2,False
60.731620904,775,60,731620904,map,11.204752922058105,9.413948059082031,0.7166740894317627,-0.0019256591331213713,0.0,0.0,0.0,0.00497772006805026,0.00021744289930205682,-0.9999840792369213,0.0026488288348982016,0,0,0,,0.044565875083208084,0.014629241079092026,0.0,False,False,2,False
60.781620904,776,60,781620904,map,10.772969245910645,8.636951446533203,-0.33282244205474854,-0.0006315231439657509,0.0,0.0,0.0,0.005753913830220878,0.00016956823288142623,-0.9999811902402521,0.0021172831500694527,0,0,0,,0.06401652097702026,-0.00438019260764122,0.0,False,False,2,False
60.831620905,777,60,831620905,map,10.378129959106445,7.8946685791015625,0.8049303293228149,0.0006561278132721782,0.0,0.0,0.0,0.006174553006717364,0.0003460627729508729,-0.9999797693567717,0.0014886278589283362,0,0,0,,0.11208142340183258,0.014295827597379684,0.0,False,False,2,False
60.881620906,778,60,881620906,map,10.018830299377441,7.185935974121094,0.0743018090724945,0.0014308930840343237,0.0,0.0,0.0,0.006288383729059975,0.0004179449309890495,-0.9999798013871558,0.0008236320873523381,0,0,0,,0.12729278206825256,0.0038161389529705048,0.0,False,False,2,False
60.931620907,779,60,931620907,map,9.691622734069824,6.5447235107421875,-0.38629665970802307,0.0015691756270825863,0.0,0.0,0.0,0.006173559042110524,0.00022153020407802615,-0.9999807396519005,0.0005986805158956863,0,0,0,,0.15845757722854614,-0.006628025323152542,0.0,False,False,2,False
60.981620907,780,60,981620907,map,9.39431381225586,5.945606231689453,0.3952939808368683,0.0013612747425213456,0.0,0.0,0.0,0.005902456961675276,0.00022229041519584986,-0.9999824592889532,0.0004389797304839921,0,0,0,,0.1817421019077301,0.005034726113080978,0.0,False,False,2,False
60.981620907,781,61,31620908,map,9.124222755432129,5.4026031494140625,-0.4546968638896942,0.0009302138350903988,0.0,0.0,0.0,0.005535542279008704,6.228735019943817e-05,-0.9999845394522638,0.0005241644848706457,0,0,0,,0.2055252641439438,-0.008259553462266922,0.0,False,False,2,False
61.031620908,782,61,81620909,map,8.879121780395508,4.9013519287109375,0.32578372955322266,0.0004945754772052169,0.0,0.0,0.0,0.005117170916844618,7.549786169443042e-05,-0.9999867252364432,0.0005985087927238454,0,0,0,,0.22749727964401245,0.0031582899391651154,0.0,False,False,2,False
61.081620909,783,61,131620910,map,8.656107902526855,4.46014404296875,0.20919814705848694,4.119865479879081e-05,0.0,0.0,0.0,0.004680657343584253,0.00016600206901326318,-0.9999889191009861,0.0004749372448425202,0,0,0,,0.24016901850700378,0.0038904957473278046,0.0,False,False,2,False
61.13162091,784,61,181620910,map,8.452340126037598,4.075450897216797,-0.16991427540779114,-0.00018653867300599813,0.0,0.0,0.0,0.004250288297251467,0.00011490665730920713,-0.9999908784861922,0.0004059436709924646,0,0,0,,0.250454306602478,-0.002027112990617752,0.0,False,False,2,False
61.231620911,785,61,231620911,map,8.26516056060791,3.7435150146484375,0.09894613176584244,-0.00028095237212255597,0.0,0.0,0.0,0.0038418294069506457,9.632871728908127e-05,-0.9999925370027952,0.0003962402040178007,0,0,0,,0.27224001288414,0.0013033561408519745,0.0,False,False,2,False
61.231620911,786,61,281620912,map,8.09391975402832,3.424968719482422,-0.16003456711769104,-0.000377464311895892,0.0,0.0,0.0,0.003461761393926733,2.5592608863638667e-05,-0.9999939307829067,0.0003923651630356669,0,0,0,,0.28215840458869934,-0.002664860337972641,0.0,False,False,2,False
61.331620912,787,61,331620912,map,7.936273097991943,3.15277099609375,0.3003281056880951,-0.0003517150762490928,0.0,0.0,0.0,0.0031129311108735714,9.202042655115204e-05,-0.9999950752975618,0.00038803706491342195,0,0,0,,0.288155198097229,0.004600975662469864,0.0,False,False,2,False
61.381620913,788,61,381620913,map,7.79474401473999,2.8306102752685547,0.04019564017653465,-0.0002759933704510331,0.0,0.0,0.0,0.002789899064538873,0.00012888689315698493,-0.9999960956518917,9.237072483997209e-05,0,0,0,,0.3050721287727356,0.0022108890116214752,0.0,False,False,2,False
61.431620914,789,61,431620914,map,7.667004108428955,2.554759979248047,-0.09208624064922333,-0.0002702712663449347,0.0,0.0,0.0,0.002483350295456704,8.671535021968389e-05,-0.9999968977474138,0.00017305290091476877,0,0,0,,0.3114663064479828,-0.0005900748074054718,0.0,False,False,2,False
61.481620915,790,61,481620915,map,7.5467023849487305,2.4060630798339844,0.07714654505252838,-0.0001672744838288054,0.0,0.0,0.0,-0.0022099074633432397,-7.354337721362568e-05,0.9999975502347662,0.00010210211235590916,0,0,0,,0.33844152092933655,0.0016810335218906403,0.0,False,False,2,False
61.481620915,791,61,531620915,map,7.434010028839111,2.2539901733398438,-0.3194159269332886,-0.00010223388380836695,0.0,0.0,0.0,0.0019721460076553335,-4.280468313084432e-05,-0.9999980349210345,0.00019738782441643737,0,0,0,,0.3411227762699127,-0.005689900368452072,0.0,False,False,2,False
61.581620916,792,61,581620916,map,7.32742166519165,2.1316051483154297,0.17466039955615997,-0.0001434326113667339,0.0,0.0,0.0,0.0017680539621975995,-3.5876746736106516e-05,-0.9999984341356554,6.65152829321221e-05,0,0,0,,0.3464783728122711,0.001621786504983902,0.0,False,False,2,False
61.631620917,793,61,631620917,map,7.226827621459961,2.011880874633789,0.09179672598838806,-8.296966552734375e-05,0.0,0.0,0.0,0.001593046733782331,2.3832255988529807e-05,-0.9999986998382688,0.00024890941992660994,0,0,0,,0.3643711507320404,0.0019484572112560272,0.0,False,False,2,False
61.681620918,794,61,681620918,map,7.132207870483398,1.892709732055664,0.2652249038219452,2.079009937006049e-05,0.0,0.0,0.0,-0.00144078832344375,-0.00012994662096231513,0.9999989345261221,0.00019542134762865659,0,0,0,,0.36723536252975464,0.0061918385326862335,0.0,False,False,2,False
61.681620918,795,61,731620918,map,7.042538166046143,1.7931747436523438,-0.13248206675052643,-2.6702880859375e-05,0.0,0.0,0.0,-0.0013068469286069578,-0.00011167064913680614,0.9999991301604506,0.00013913703205343907,0,0,0,,0.37199750542640686,-0.0001921616494655609,0.0,False,False,2,False
61.781620919,796,61,781620919,map,6.957468509674072,1.7017936706542969,-0.5457438230514526,4.5776364459015895e-06,0.0,0.0,0.0,-0.0011885554974495375,0.00011637529872838526,0.9999992714478966,0.00017577342059497213,0,0,0,,0.39104053378105164,-0.01072000339627266,0.0,False,False,2,False
61.83162092,797,61,831620920,map,6.878017425537109,1.5886974334716797,0.15005363523960114,-2.174377368646674e-05,0.0,0.0,0.0,0.001079965576834574,-0.00014608354047586196,-0.9999993503214363,0.0003342015219935959,0,0,0,,0.38948509097099304,-0.00069374218583107,0.0,False,False,2,False
61.881620921,798,61,881620921,map,6.801581859588623,1.5290546417236328,0.6038370132446289,2.593994213384576e-05,0.0,0.0,0.0,-0.0009830089934953971,-9.52439642633073e-05,0.9999995074390483,9.870950780113192e-05,0,0,0,,0.37533503770828247,0.011494588106870651,0.0,False,False,2,False
61.931620921,799,61,931620921,map,6.727771282196045,1.4757537841796875,-0.2422027289867401,-5.4740903578931466e-05,0.0,0.0,0.0,-0.0008988418651763925,-0.00011022226929494767,0.9999995893147694,3.6119874713786853e-05,0,0,0,,0.3972969353199005,-0.0011862479150295258,0.0,False,False,2,False
61.981620922,800,61,981620922,map,6.657971382141113,1.3959980010986328,-0.2745051681995392,-3.509521411615424e-05,0.0,0.0,0.0,-0.0008223584805751548,2.742253604637055e-05,0.9999996318568447,0.00024343522555992538,0,0,0,,0.4097190201282501,-0.005273494869470596,0.0,False,False,2,False
62.031620923,801,62,31620923,map,6.592358112335205,1.3121986389160156,0.15916132926940918,2.1553038095589727e-05,0.0,0.0,0.0,0.0007496495919785333,-2.4581610265903066e-05,-0.9999997151933977,8.387107594968558e-05,0,0,0,,0.4071352183818817,0.0016507767140865326,0.0,False,False,2,False
62.081620924,802,62,81620924,map,6.530185222625732,1.2434768676757812,0.04366414621472359,3.337860107421875e-05,0.0,0.0,0.0,-0.0006806871609039901,-9.969276406878018e-06,0.9999997437660603,0.0002214349029794335,0,0,0,,0.4206436276435852,0.0011174939572811127,0.0,False,False,2,False
62.081620924,803,62,131620924,map,6.4711503982543945,1.180734634399414,-0.19171255826950073,-2.079009937006049e-05,0.0,0.0,0.0,0.000614946816923245,-4.3790886268022085e-05,-0.9999998012230851,0.0001321989437901605,0,0,0,,0.4124302566051483,-0.003720473498106003,0.0,False,False,2,False
62.131620924,804,62,181620925,map,6.4141716957092285,1.1395835876464844,0.2599048316478729,2.8228758310433477e-05,0.0,0.0,0.0,-0.0005547444529762679,-2.1466923859329032e-05,0.9999998281001227,0.00018867296639894982,0,0,0,,0.41175511479377747,0.0043756477534770966,0.0,False,False,2,False
62.231620926,805,62,231620926,map,6.359554290771484,1.0922813415527344,-0.13411296904087067,-1.5258797247952316e-06,0.0,0.0,0.0,0.0005006780266230289,1.282037314122056e-05,-0.9999998718176848,7.430858529187381e-05,0,0,0,,0.428194135427475,-0.0016019530594348907,0.0,False,False,2,False
62.281620927,806,62,281620927,map,6.30805778503418,1.0301017761230469,0.21039941906929016,-5.8746340073412284e-05,0.0,0.0,0.0,-0.0004490234469649093,-6.643258752312176e-05,0.9999998438201424,0.00032607414201061186,0,0,0,,0.43349799513816833,0.004397813230752945,0.0,False,False,2,False
62.331620927,807,62,331620927,map,6.259340286254883,0.9742355346679688,-0.09217500686645508,4.4631960918195546e-05,0.0,0.0,0.0,-0.00039894057470452184,-5.561181969117828e-05,0.99999991157024,0.00012088529870543463,0,0,0,,0.4337540566921234,-0.00033512338995933533,0.0,False,False,2,False
62.381620928,808,62,381620928,map,6.213965892791748,0.907440185546875,-0.15603291988372803,4.00543212890625e-05,0.0,0.0,0.0,-0.0003488579428041271,2.1066882309472555e-05,0.9999998658998587,0.0003821708867906755,0,0,0,,0.4640263319015503,-0.0031492896378040314,0.0,False,False,2,False
62.431620929,809,62,431620929,map,6.173226833343506,0.8151340484619141,-0.2601762115955353,-3.452301098150201e-05,0.0,0.0,0.0,0.000294825735172831,-0.0001379896009524052,-0.9999999352386536,0.00015349053479840792,0,0,0,,0.4608968496322632,-0.006942201405763626,0.0,False,False,2,False
62.48162093,810,62,481620930,map,6.13496732711792,0.7650089263916016,0.5085328221321106,1.926422191900201e-05,0.0,0.0,0.0,-0.00023943367587873812,-1.0344148552842216e-05,0.999999955765094,0.00017616561332044913,0,0,0,,0.44689714908599854,0.008425276726484299,0.0,False,False,2,False
62.53162093,811,62,531620930,map,6.0990400314331055,0.718536376953125,-0.4146261513233185,-3.814704996329965e-07,0.0,0.0,0.0,0.00018669133569534704,-4.907351594782933e-05,-0.999999962265422,0.00019546685118314346,0,0,0,,0.47322311997413635,-0.006946396082639694,0.0,False,False,2,False
62.581620931,812,62,581620931,map,6.066970348358154,0.6412410736083984,0.1438249945640564,-6.1035143517074175e-06,0.0,0.0,0.0,-0.00013315535075704007,4.478060653994953e-05,0.9999999896298065,3.169757893289898e-05,0,0,0,,0.4800282120704651,0.0010638721287250519,0.0,False,False,2,False
62.631620932,813,62,631620932,map,6.038298606872559,0.57342529296875,0.09879094362258911,-2.2697449821862392e-05,0.0,0.0,0.0,7.83170865941139e-05,1.333584748866385e-05,-0.9999999640940016,0.0002559308200553315,0,0,0,,0.48137474060058594,0.0020958147943019867,0.0,False,False,2,False
62.681620933,814,62,681620933,map,6.013284683227539,0.5006122589111328,-0.3269054889678955,-3.280639793956652e-05,0.0,0.0,0.0,2.2416962567783686e-05,-7.857245865224108e-05,-0.999999994105505,7.15041140185992e-05,0,0,0,,0.5029772520065308,-0.006788473576307297,0.0,False,False,2,False
62.731620933,815,62,731620933,map,5.99275016784668,0.4107666015625,-0.026531536132097244,1.0108951755682938e-05,0.0,0.0,0.0,-3.6759806432344024e-05,-0.00012513878399808112,-0.9999998077108927,0.0006062731886077047,0,0,0,,0.5045813918113708,-0.0031410343945026398,0.0,False,False,2,False
62.781620934,816,62,781620934,map,5.975214958190918,0.3503608703613281,0.17696812748908997,-8.201600394386332e-06,0.0,0.0,0.0,-9.683765647387969e-05,-5.322883826636609e-05,-0.9999999240886701,0.0003736466420720329,0,0,0,,0.4956645667552948,0.001972820609807968,0.0,False,False,2,False
62.831620935,817,62,831620935,map,5.958750247955322,0.32927513122558594,0.2556501626968384,2.880096508306451e-05,0.0,0.0,0.0,-0.00015245301937612333,7.847791267685727e-05,-0.9999998286203172,0.0005597844499193799,0,0,0,,0.4839300513267517,0.006013553589582443,0.0,False,False,2,False
62.881620936,818,62,881620936,map,5.9441819190979,0.29144287109375,-0.2977740168571472,-1.869201696536038e-05,0.0,0.0,0.0,-0.00020057326224860316,1.6467180468810933e-05,-0.9999999552320875,0.00022143852662175547,0,0,0,,0.5099245309829712,-0.004515562206506729,0.0,False,False,2,False
62.931620936,819,62,931620936,map,5.932597637176514,0.23164749145507812,0.028872201219201088,1.6784666513558477e-05,0.0,0.0,0.0,-0.0002455587118929189,-2.0777865388546292e-05,-0.9999997901842975,0.0005990830995041119,0,0,0,,0.5119672417640686,-0.0004719085991382599,0.0,False,False,2,False
62.981620937,820,62,981620937,map,5.922749996185303,0.1969432830810547,0.29130789637565613,-3.1661984394304454e-05,0.0,0.0,0.0,-0.0002879025500951702,7.7719316457459e-05,-0.9999999433410659,0.00015617200276085233,0,0,0,,0.4994572401046753,0.006172504276037216,0.0,False,False,2,False
63.031620938,821,63,31620938,map,5.91471004486084,0.1610088348388672,-0.4030086100101471,8.563994924770668e-05,0.0,0.0,0.0,-0.00032650111923583435,-2.5260542048885536e-05,-0.9999998112536974,0.0005198571859991313,0,0,0,,0.5285081267356873,-0.006873410195112228,0.0,False,False,2,False
63.081620939,822,63,81620939,map,5.909590244293213,0.10233879089355469,0.02674061805009842,-2.708435022213962e-05,0.0,0.0,0.0,-0.0003659477830876668,-7.353041581954214e-05,-0.9999998738053995,0.00033625092294409015,0,0,0,,0.5245006084442139,-0.0015490464866161346,0.0,False,False,2,False
63.131620939,823,63,131620939,map,5.906189441680908,0.06777763366699219,0.2500719726085663,6.294249942584429e-06,0.0,0.0,0.0,-0.0004053820220594269,1.7324133359809465e-05,-0.9999997233446418,0.0006234387943273139,0,0,0,,0.5106317400932312,0.004594836384057999,0.0,False,False,2,False
63.131620939,824,63,181620940,map,5.904376983642578,0.03670692443847656,-0.3402854800224304,-4.825591895496473e-05,0.0,0.0,0.0,-0.00044146950693485255,-5.661381740933459e-05,-0.9999998248303357,0.0003901779696322502,0,0,0,,0.535359799861908,-0.006387326866388321,0.0,False,False,2,False
63.231620941,825,63,231620941,map,5.905689239501953,-0.026035308837890625,-0.06885804235935211,6.160735938465223e-05,0.0,0.0,0.0,-0.00047762095226374415,-0.00012013038443770071,-0.9999994560933826,0.0009193801475318668,0,0,0,,0.5414911508560181,-0.0037564150989055634,0.0,False,False,2,False
63.231620941,826,63,281620942,map,5.908808708190918,-0.06303787231445312,0.3295949697494507,-1.1444091114753974e-06,0.0,0.0,0.0,-0.000514683772102094,-3.951394416328082e-06,-0.9999996860942723,0.0006024087964968768,0,0,0,,0.5243903994560242,0.005332436412572861,0.0,False,False,2,False
63.281620942,827,63,331620942,map,5.9114298820495605,-0.05222320556640625,0.2939477562904358,-4.5394899643724784e-05,0.0,0.0,0.0,-0.000546974886943616,0.00015516829086298256,-0.9999996214621778,0.0006586476872198405,0,0,0,,0.5120311975479126,0.008250083774328232,0.0,False,False,2,False
63.381620943,828,63,381620943,map,5.915091037750244,-0.07344245910644531,-0.2478376030921936,-1.2397763384797145e-05,0.0,0.0,0.0,-0.000572163449428914,0.00010616045738409666,-0.999999815522325,0.00017410990872520761,0,0,0,,0.5438078045845032,-0.002018008381128311,0.0,False,False,2,False
63.431620944,829,63,431620944,map,5.921138286590576,-0.12094497680664062,0.02120751142501831,3.700256274896674e-05,0.0,0.0,0.0,-0.0005965470633892431,5.593889500655043e-05,-0.9999997300158923,0.00042540637469637405,0,0,0,,0.5410866737365723,0.0008157752454280853,0.0,False,False,2,False
63.481620945,830,63,481620945,map,5.927834987640381,-0.13353347778320312,0.30873188376426697,-5.149840944795869e-05,0.0,0.0,0.0,0.0006201687752567278,-0.00014228899722720215,0.9999997900085977,0.00012299305754414746,0,0,0,,0.524371325969696,0.007562723010778427,0.0,False,False,2,False
63.481620945,831,63,531620945,map,5.935529708862305,-0.15428543090820312,-0.275250643491745,1.2779237295035273e-05,0.0,0.0,0.0,-0.0006411127672275162,6.83937037618671e-05,-0.9999997891693618,7.718777601470125e-05,0,0,0,,0.5556619167327881,-0.0029112137854099274,0.0,False,False,2,False
63.531620945,832,63,581620946,map,5.945888996124268,-0.2071857452392578,0.014888735488057137,3.1852719985181466e-05,0.0,0.0,0.0,0.0006649446831649012,-1.775208600527201e-05,0.9999997440422793,0.0002635314162372051,0,0,0,,0.5609647035598755,0.00015330687165260315,0.0,False,False,2,False
63.631620947,833,63,631620947,map,5.958280563354492,-0.24759292602539062,0.19155335426330566,2.365112231927924e-05,0.0,0.0,0.0,0.0006926605570846534,-6.796048173526509e-05,0.9999997552031711,7.208552930282978e-05,0,0,0,,0.5426241159439087,0.00454862043261528,0.0,False,False,2,False
63.631620947,834,63,681620948,map,5.9704108238220215,-0.24080276489257812,0.45921191573143005,3.376007225597277e-05,0.0,0.0,0.0,0.0007170263955557483,-0.0002434587104601889,0.9999993878005854,0.0008068453745962125,0,0,0,,0.5272395610809326,0.012360107153654099,0.0,False,False,2,False
63.731620948,835,63,731620948,map,5.982879638671875,-0.25071144104003906,-0.2850729823112488,-8.75473051564768e-05,0.0,0.0,0.0,0.0007354945241147475,-0.00018168655162603703,0.9999993893758372,0.0008045407103505605,0,0,0,,0.5690338611602783,-0.0007867850363254547,0.0,False,False,2,False
63.781620949,836,63,781620949,map,5.997970104217529,-0.3010749816894531,0.1739386022090912,7.190704491222277e-05,0.0,0.0,0.0,0.0007562153541396565,-0.0001648294925422175,0.9999987454704116,0.0013820373292184362,0,0,0,,0.565396785736084,0.005316596478223801,0.0,False,False,2,False
63.83162095,837,63,831620950,map,6.014516830444336,-0.3302192687988281,0.13273555040359497,-6.713867333019152e-05,0.0,0.0,0.0,0.000779246515831023,-0.00018884107324069707,0.9999987035326473,0.001396440811994491,0,0,0,,0.5468226075172424,0.0058253370225429535,0.0,False,False,2,False
63.88162095,838,63,881620950,map,6.032748222351074,-0.36658287048339844,-0.49909377098083496,3.528594970703125e-05,0.0,0.0,0.0,0.0008029338157648267,-8.04957227848428e-07,0.9999981901888154,0.0017247944031566096,0,0,0,,0.6031010150909424,-0.007912401109933853,0.0,False,False,2,False
63.931620951,839,63,931620951,map,6.056956768035889,-0.48386573791503906,0.13127833604812622,-3.585815284168348e-05,0.0,0.0,0.0,0.0008368559070642038,4.865732918511702e-05,0.9999987367987331,0.0013504464421919657,0,0,0,,0.6010235548019409,0.000906970351934433,0.0,False,False,2,False
63.931620951,840,63,981620952,map,6.083429336547852,-0.5260372161865234,0.624347448348999,5.435943603515625e-05,0.0,0.0,0.0,0.0008779824748724441,-0.00017725176307652538,0.9999976139073549,0.0019924628435695406,0,0,0,,0.5712779760360718,0.01381717249751091,0.0,False,False,2,False
64.031620953,841,64,31620953,map,6.107651710510254,-0.47501564025878906,0.8284331560134888,-8.96453857421875e-05,0.0,0.0,0.0,0.0009121619657892279,-0.0005363483593467844,0.999996026137076,0.002613044401031119,0,0,0,,0.5445569753646851,0.024067599326372147,0.0,False,False,2,False
64.031620953,842,64,81620953,map,6.132753372192383,-0.5095577239990234,-0.6103044748306274,4.4059750507585704e-05,0.0,0.0,0.0,0.000938055711893032,-0.00038710508919131867,0.9999931404570497,0.0035621959489276597,0,0,0,,0.6013486981391907,-0.0023235566914081573,0.0,False,False,2,False
64.131620954,843,64,131620954,map,6.1618218421936035,-0.5746555328369141,0.5622882843017578,3.0708310077898204e-05,0.0,0.0,0.0,0.0009635424598429031,-0.000405897889809554,0.9999918471772935,0.0039003091897120107,0,0,0,,0.603073000907898,0.014949541538953781,0.0,False,False,2,False
64.181620955,844,64,181620955,map,6.191830158233643,-0.5863857269287109,0.7949392795562744,-7.64846772653982e-05,0.0,0.0,0.0,0.0009892407864913588,-0.0006577292233325895,0.9999852292907722,0.005303771791582181,0,0,0,,0.5700286626815796,0.02466091886162758,0.0,False,False,2,False
64.231620956,845,64,231620956,map,6.224143028259277,-0.649871826171875,-0.17532408237457275,7.324218313442543e-05,0.0,0.0,0.0,0.0010158873231976935,-0.0006000049597437163,0.9999812158085863,0.0060146485330776775,0,0,0,,0.6411300301551819,0.008241157978773117,0.0,False,False,2,False
64.281620956,846,64,281620956,map,6.262566089630127,-0.7587623596191406,0.4713013768196106,1.7356871467200108e-05,0.0,0.0,0.0,0.0010543715097079843,-0.0006119937446103172,0.9999725402968732,0.007309748052717092,0,0,0,,0.646498441696167,0.01729745790362358,0.0,False,False,2,False
64.331620957,847,64,331620957,map,6.306220531463623,-0.8563137054443359,0.6728646159172058,-6.027221752447076e-05,0.0,0.0,0.0,0.0011046044080645218,-0.0007639390925715208,0.9999646054182616,0.008305670163510765,0,0,0,,0.6296128630638123,0.023881908506155014,0.0,False,False,2,False
64.381620958,848,64,381620958,map,6.353555202484131,-0.9615802764892578,-0.5696803331375122,9.822845458984375e-05,0.0,0.0,0.0,0.001166977636136941,-0.0005176068296689779,0.9999543413044774,0.009470245651279715,0,0,0,,0.6566269397735596,0.00012826547026634216,0.0,False,False,2,False
64.431620959,849,64,431620959,map,6.412926197052002,-1.2064933776855469,-0.975946307182312,2.8419492082321085e-05,0.0,0.0,0.0,0.0012469171945304466,3.871613438203424e-05,0.9999575164894979,0.009132848116897616,0,0,0,,0.8567503094673157,-0.016889523714780807,0.0,False,False,2,False
64.431620959,850,64,481620959,map,6.500138282775879,-1.7360496520996094,0.4908895492553711,-8.449554297840223e-05,0.0,0.0,0.0,0.0013846674034202206,9.536848700571642e-05,0.9999558576845381,0.009292808155407287,0,0,0,,0.8878447413444519,0.004840690642595291,0.0,False,False,2,False
64.53162096,851,64,531620960,map,6.612621784210205,-2.2560501098632812,-4.59091854095459,-0.00044784543570131063,0.0,0.0,0.0,0.0016008231753981267,0.0015054317241175142,0.9999744731264925,0.006798833420435749,0,0,0,,0.9055286049842834,-0.11076493561267853,0.0,False,False,2,False
64.581620961,852,64,581620961,map,6.769571781158447,-3.1221389770507812,-0.9063862562179565,-0.0010963438544422388,0.0,0.0,0.0,0.0019110144528495109,0.002429033319076009,0.9999905738603535,0.0030495919951124277,0,0,0,,1.0,-0.05514708533883095,0.0,False,False,2,False
64.631620962,853,64,631620962,map,6.973647117614746,-4.113655090332031,3.730125904083252,0.0011899948585778475,0.0,0.0,0.0,0.0023389564450547887,0.0010980586489163834,0.99999580202301,0.0013112918472835337,0,0,0,,1.0,0.051554080098867416,0.0,False,False,2,False
64.681620962,854,64,681620962,map,7.180863857269287,-3.9577865600585938,6.651630401611328,-0.00033073421218432486,0.0,0.0,0.0,0.002782747501429173,-0.001955881292792912,0.9999822043952614,0.004901197558293161,0,0,0,,1.0,0.19510142505168915,0.0,False,False,2,False
64.681620962,855,64,731620963,map,7.411824703216553,-4.72407341003418,-2.3788774013519287,-0.0020803450606763363,0.0,0.0,0.0,0.003189397876335195,-0.0027656068413297926,0.9999422654058674,0.009881549218996947,0,0,0,,0.990976095199585,-0.06370013952255249,0.0,False,False,2,False
64.781620964,856,64,781620964,map,7.642825126647949,-4.4506072998046875,3.8151466846466064,0.001474571181461215,0.0,0.0,0.0,0.003537085087576808,-0.002671543851662429,0.9999005869524438,0.013385368679653457,0,0,0,,1.0,0.14682550728321075,0.0,False,False,2,False
64.831620965,857,64,831620965,map,7.81833028793335,-2.7162837982177734,9.27360725402832,-0.004532242193818092,0.0,0.0,0.0,0.003567639478995859,-0.005738704603654342,0.9997302244477647,0.022222005842002172,0,0,0,,1.0,0.46154752373695374,0.0,False,False,2,False
64.881620965,858,64,881620965,map,7.940199375152588,-0.6017494201660156,12.056781768798828,-0.013382147997617722,0.0,0.0,0.0,0.003118705972680856,-0.010403900876091556,0.9991892463057156,0.038767029633859244,0,0,0,,1.0,0.5,0.0,False,False,2,False
64.931620966,859,64,931620966,map,8.186640739440918,-3.9113998413085938,5.403382778167725,-0.008590697310864925,0.0,0.0,0.0,0.0027136222075843605,-0.012921096696358804,0.9981693514693113,0.059022261071667435,0,0,0,,1.0,0.16879379749298096,0.0,False,False,2,False
64.931620966,860,64,981620967,map,8.40673828125,-2.528076171875,8.160350799560547,0.010154914110898972,0.0,0.0,0.0,0.002526308513613945,-0.013612785802497968,0.9967998392209076,0.07872985683438118,0,0,0,,1.0,0.47862595319747925,0.0,False,False,2,False
65.031620968,861,65,31620968,map,8.562640190124512,0.5257797241210938,12.324991226196289,-0.005784797482192516,0.0,0.0,0.0,0.001827484600848631,-0.016122408784834598,0.9946338254191083,0.10217769603567753,0,0,0,,1.0,0.5,0.0,False,False,2,False
65.031620968,862,65,81620968,map,8.788285255432129,-1.5050697326660156,8.903937339782715,-0.004639816470444202,0.0,0.0,0.0,0.001088513797697743,-0.017924881985050847,0.9915686299693539,0.12833224771752788,0,0,0,,1.0,0.286965936422348,0.0,False,False,2,False
65.131620969,863,65,131620969,map,8.974492073059082,1.1227798461914062,11.913313865661621,0.0030784611590206623,0.0,0.0,0.0,0.00028851459404886926,-0.019447475754282025,0.9876254120939795,0.15562055722915455,0,0,0,,1.0,0.5,0.0,False,False,2,False
65.18162097,864,65,181620970,map,9.066304206848145,5.14164924621582,13.76382827758789,-0.012889481149613857,0.0,0.0,0.0,-0.001220886701954051,-0.022218900637743337,0.982101243058849,0.18703469804390474,0,0,0,,0.915320634841919,0.5,0.0,False,False,2,False
65.18162097,865,65,231620971,map,9.187524795532227,5.66065788269043,13.515462875366211,-0.014204403385519981,0.0,0.0,0.0,-0.003102204178725516,-0.024953721885065856,0.9746639374615819,0.22225637697308478,0,0,0,,1.0,0.5,0.0,False,False,2,False
65.281620971,866,65,281620971,map,9.308362007141113,6.710243225097656,13.022756576538086,-0.003989031538367271,0.0,0.0,0.0,-0.005026816886511007,-0.027006760119017557,0.9652364955276193,0.259930517102982,0,0,0,,0.822799801826477,0.5,0.0,False,False,2,False
65.281620971,867,65,331620972,map,9.420546531677246,7.925682067871094,12.449760437011719,0.004179193638265133,0.0,0.0,0.0,-0.0069603869388072965,-0.02841933992267305,0.9538106061421956,0.29898030326875896,0,0,0,,0.7170577645301819,0.5,0.0,False,False,2,False
65.331620972,868,65,381620973,map,9.498725891113281,9.536752700805664,11.489534378051758,0.008153533563017845,0.0,0.0,0.0,-0.008942556791785168,-0.02931828831479831,0.9403969561105237,0.3386946022398021,0,0,0,,0.67391037940979,0.5,0.0,False,False,2,False
65.431620974,869,65,431620974,map,9.555335998535156,10.917291641235352,10.559139251708984,0.008412932977080345,0.0,0.0,0.0,-0.010973390032802274,-0.02983740778056328,0.9250235096789078,0.3785773637573172,0,0,0,,0.8177413940429688,0.5,0.0,False,False,2,False
65.431620974,870,65,481620974,map,9.601251602172852,12.120075225830078,9.666109085083008,0.006477546412497759,0.0,0.0,0.0,-0.013016953696340676,-0.030112826944780874,0.9077007316632706,0.41833378814987443,0,0,0,,0.7687603235244751,0.5,0.0,False,False,2,False
65.531620975,871,65,531620975,map,9.632369041442871,13.253412246704102,8.53445053100586,0.004272651858627796,0.0,0.0,0.0,-0.015048258292659277,-0.030190440696073028,0.8884666001659555,0.45769988813903184,0,0,0,,0.7159954309463501,0.5,0.0,False,False,2,False
65.531620975,872,65,581620976,map,9.64913558959961,14.264669418334961,7.265796661376953,0.002812766470015049,0.0,0.0,0.0,-0.017056126764170797,-0.030082053806127024,0.8673774758945333,0.4964478551564483,0,0,0,,0.7547670602798462,0.5,0.0,False,False,2,False
65.631620977,873,65,631620977,map,9.650778770446777,15.1194429397583,5.841331481933594,0.0019079213961958885,0.0,0.0,0.0,-0.01902639617581019,-0.02980034185639974,0.8444946241222059,0.5343957014259163,0,0,0,,0.6315467953681946,0.5,0.0,False,False,2,False
65.681620977,874,65,681620977,map,9.630132675170898,15.81608772277832,4.156894683837891,0.001992606557905674,0.0,0.0,0.0,-0.020951188862605778,-0.029315828493470957,0.8199135314602407,0.5713522825835057,0,0,0,,0.6281107664108276,0.5,0.0,False,False,2,False
65.731620978,875,65,731620978,map,9.597700119018555,16.304628372192383,2.592144012451172,0.002082252176478505,0.0,0.0,0.0,-0.022815494942564195,-0.028648617816366087,0.7937158561851161,0.607185185530795,0,0,0,,0.7641905546188354,0.5,0.0,False,False,2,False
65.731620978,876,65,781620979,map,9.566926002502441,16.609027862548828,1.2254905700683594,0.0014978402759879827,0.0,0.0,0.0,-0.02459436321107944,-0.027864755300130613,0.7659485558613767,0.6418266763575483,0,0,0,,0.7322646379470825,0.5,0.0,False,False,2,False
65.781620979,877,65,831620980,map,9.576558113098145,15.539923667907715,0.6047630310058594,0.0074596405029296875,0.0,0.0,0.0,-0.025909502814542528,-0.026759709498122213,0.7371191153372587,0.674735522568581,0,0,0,,0.8191295862197876,0.4548361003398895,0.0,False,False,2,False
65.88162098,878,65,881620980,map,9.687737464904785,11.822094917297363,1.6975021362304688,0.02661151811480522,0.0,0.0,0.0,-0.02585830458876857,-0.024885140610793735,0.7089293979795991,0.704365804494269,0,0,0,,1.0,0.3109057545661926,0.0,False,False,2,False
65.931620981,879,65,931620981,map,9.886672019958496,5.799380302429199,3.4766197204589844,0.056264493614435196,0.0,0.0,0.0,-0.02331679740691929,-0.02172161335100408,0.6849914636141504,0.727853826841529,0,0,0,,1.0,0.1303364336490631,0.0,False,False,2,False
65.981620982,880,65,981620982,map,10.093892097473145,0.9641790390014648,4.066066741943359,0.06163520738482475,0.0,0.0,0.0,-0.018363866056150077,-0.017409704909699602,0.6690800485937244,0.7427594221362986,0,0,0,,1.0,0.010210495442152023,0.0,False,False,2,False
66.031620983,881,66,31620983,map,10.295838356018066,-0.7638454437255859,4.139060974121094,0.016816332936286926,0.0,0.0,0.0,-0.012805831766294766,-0.013182473728240645,0.6615225209831338,0.7497000648868165,0,0,0,,1.0,-0.05574436113238335,0.0,False,False,2,False
66.031620983,882,66,81620983,map,10.4032621383667,-1.862252950668335,2.3352813720703125,-0.02609729766845703,0.0,0.0,0.0,-0.007884308291835701,-0.00955747344282094,0.6605007566632906,0.7507231465935826,0,0,0,,1.0,-0.09611111879348755,0.0,False,False,2,False
66.131620984,883,66,131620984,map,10.368603706359863,-2.9060232639312744,-0.4539680480957031,-0.04222278296947479,0.0,0.0,0.0,-0.004144263810966736,-0.006211257589770834,0.663921156913798,0.7477652992476065,0,0,0,,1.0,-0.11419758200645447,0.0,False,False,0,False
66.181620985,884,66,181620985,map,10.447613716125488,-3.4182369709014893,1.8150711059570312,-0.04061203449964523,0.0,0.0,0.0,-0.0012072760888275785,-0.003361938191063945,0.6700703837035197,0.7422889738770626,0,0,0,,1.0,-0.12207040190696716,0.0,False,False,0,False
66.231620986,885,66,231620986,map,10.852444648742676,-3.315356969833374,8.273563385009766,-0.03213042765855789,0.0,0.0,0.0,0.0017944218190982584,-0.0016753765381315286,0.6778219931358397,0.735221952056077,0,0,0,,1.0,-0.11742313206195831,0.0,False,False,3,False
66.231620986,886,66,281620986,map,11.224401473999023,-2.4872207641601562,7.531604766845703,-0.021664809435606003,0.0,0.0,0.0,0.0041330540323288225,-0.0009462688306685803,0.6857509710815934,0.727823899099444,0,0,0,,1.0,-0.09016400575637817,0.0,False,False,3,False
66.281620986,887,66,331620987,map,11.562798500061035,-1.8141430616378784,6.81488037109375,-0.01031417865306139,0.0,0.0,0.0,0.005528301462655854,-0.0007868980742361869,0.6927767958108528,0.7211304527340436,0,0,0,,1.0,-0.06190788373351097,0.0,False,False,3,False
66.331620987,888,66,381620988,map,11.873992919921875,-0.976622998714447,6.242561340332031,-0.0014205940533429384,0.0,0.0,0.0,0.006066883048519515,-0.000996157415725609,0.6982678904221096,0.7158101380994372,0,0,0,,1.0,-0.0325147844851017,0.0,False,False,3,False
66.431620988,889,66,431620988,map,12.16179084777832,-0.1975676417350769,5.759620666503906,0.0035863881930708885,0.0,0.0,0.0,0.005953284052544357,-0.0014526114467671757,0.7019250351076395,0.7122244684213775,0,0,0,,1.0,-0.006803539581596851,0.0,False,False,3,False
66.481620989,890,66,481620989,map,12.430638313293457,0.4232364892959595,5.37109375,0.00506515521556139,0.0,0.0,0.0,0.00542590021036893,-0.0020442382022273116,0.7037463493523244,0.7104276574503247,0,0,0,,1.0,0.012751219794154167,0.0,False,False,3,False
66.481620989,891,66,531620990,map,12.685147285461426,0.6736916303634644,5.079383850097656,0.004408454988151789,0.0,0.0,0.0,0.0047411865505162815,-0.002626095196654703,0.7040285283167014,0.7101510093566937,0,0,0,,1.0,0.022463850677013397,0.0,False,False,3,False
66.53162099,892,66,581620991,map,12.928898811340332,0.7693654298782349,4.860877990722656,0.0030273436568677425,0.0,0.0,0.0,0.004071950753114287,-0.003106457429853093,0.7032245741009234,0.710949342442818,0,0,0,,1.0,0.025365084409713745,0.0,False,False,3,False
66.631620991,893,66,631620991,map,13.164573669433594,0.7051652669906616,4.699058532714844,0.0019044876098632812,0.0,0.0,0.0,0.0035193563363811477,-0.0034389234192268208,0.701818733138572,0.7123385808395218,0,0,0,,1.0,0.0225983839482069,0.0,False,False,3,False
66.631620991,894,66,681620992,map,13.39412784576416,0.20379602909088135,4.587574005126953,0.0010868072276934981,0.0,0.0,0.0,0.0032100270321584394,-0.0035313804539371563,0.7003821096993111,0.7137521457002314,0,0,0,,1.0,0.010976869612932205,0.0,False,False,3,False
66.731620993,895,66,731620993,map,13.618379592895508,-0.2420353889465332,4.491767883300781,0.0007661819108761847,0.0,0.0,0.0,0.003153124320831355,-0.0033928256408765805,0.6993921210499028,0.7147231684746943,0,0,0,,1.0,-0.0012817811220884323,0.0,False,False,3,False
66.781620994,896,66,781620994,map,13.838458061218262,-0.42648136615753174,4.4116973876953125,0.0003414154052734375,0.0,0.0,0.0,0.0032388399124320217,-0.003138409288900082,0.6990356060495807,0.7150726409100353,0,0,0,,1.0,-0.008971319533884525,0.0,False,False,3,False
66.781620994,897,66,831620994,map,14.055402755737305,-0.5033993721008301,4.349460601806641,0.0001474380405852571,0.0,0.0,0.0,0.0033691782020027184,-0.0028663574477826087,0.6992714287841698,0.7148425711437242,0,0,0,,1.0,-0.012978630140423775,0.0,False,False,3,False
66.881620995,898,66,881620995,map,14.269599914550781,-0.8310979604721069,4.298439025878906,-7.05718994140625e-05,0.0,0.0,0.0,0.0035628840734212744,-0.0025556212553028397,0.700070028214892,0.714060732887812,0,0,0,,1.0,-0.018993433564901352,0.0,False,False,3,False
66.931620996,899,66,931620996,map,14.482205390930176,-0.7234802842140198,4.2624664306640625,-0.00012931822857353836,0.0,0.0,0.0,0.0037287886091999425,-0.0022936911911314844,0.7012554815437033,0.7128966157312969,0,0,0,,1.0,-0.017372598871588707,0.0,False,False,3,False
66.981620997,900,66,981620997,map,14.693158149719238,-0.9178164601325989,4.229183197021484,-0.00011882781109306961,0.0,0.0,0.0,0.003887386256003116,-0.002057031945365575,0.7026868524823425,0.7114856598668247,0,0,0,,1.0,-0.018710903823375702,0.0,False,False,3,False
67.031620997,901,67,31620997,map,14.902828216552734,-1.0471389293670654,4.2011260986328125,-0.00014572143845725805,0.0,0.0,0.0,0.004052219253421007,-0.0018282718460810889,0.7042935880556026,0.7098949068453332,0,0,0,,1.0,-0.01904154382646084,0.0,False,False,3,False
67.081620998,902,67,81620998,map,15.111845016479492,-0.8552855849266052,4.183807373046875,-4.8828122089616954e-05,0.0,0.0,0.0,0.004145257653762992,-0.001683458718852679,0.7058951837864651,0.7083021758492617,0,0,0,,1.0,-0.01416294276714325,0.0,False,False,3,False
67.131620999,903,67,131620999,map,15.320182800292969,-0.7055270075798035,4.167747497558594,-2.040862455032766e-05,0.0,0.0,0.0,0.004147774461788619,-0.001640012878684766,0.7073077992721765,0.7068916348447777,0,0,0,,1.0,-0.0092979297041893,0.0,False,False,3,False
67.181621,904,67,181621000,map,15.349800109863281,-0.24381697177886963,0.5922889709472656,0.0007087707635946572,0.0,0.0,0.0,0.003783372039071714,-0.0015276498077436106,0.7083117251097664,0.7058879886030826,0,0,0,,1.0,-4.3744221329689026e-05,0.0,False,False,3,False
67.231621,905,67,231621000,map,15.33773422241211,-0.25408682227134705,-0.24156570434570312,0.0011436461936682463,0.0,0.0,0.0,0.0031152476626942365,-0.0012018352772474174,0.7088870461693305,0.7053141190967952,0,0,0,,1.0,0.0019477233290672302,0.0,False,False,0,False
67.281621001,906,67,281621001,map,15.528764724731445,-0.2133350372314453,3.8202476501464844,0.0003219603968318552,0.0,0.0,0.0,0.0026757884973767822,-0.0010853890630573644,0.7091337802783299,0.7050680419325955,0,0,0,,1.0,0.003171723335981369,0.0,False,False,0,False
67.281621001,907,67,331621002,map,15.827240943908691,0.6417770385742188,5.970191955566406,-0.0010915755992755294,0.0,0.0,0.0,0.0026145301385210908,-0.0016952760748778623,0.7088279475142376,0.705374532495991,0,0,0,,1.0,0.016341937705874443,0.0,False,False,4,False
67.381621003,908,67,381621003,map,16.094497680664062,0.039566125720739365,5.345134735107422,-0.001256752060726285,0.0,0.0,0.0,0.002743595415687158,-0.0022955379232118753,0.7082030117427836,0.7059997856573959,0,0,0,,1.0,0.007222275249660015,0.0,False,False,4,False
67.431621003,909,67,431621003,map,16.337345123291016,-0.05053886026144028,4.8569488525390625,-0.0008411407470703125,0.0,0.0,0.0,0.002922083168406244,-0.0026656325362704814,0.7076093976891906,0.7065927371089228,0,0,0,,1.0,0.0028879083693027496,0.0,False,False,4,False
67.431621003,910,67,481621004,map,16.561513900756836,0.1229298859834671,4.483375549316406,-0.00023918146325740963,0.0,0.0,0.0,0.0029973276393690735,-0.002893266782881033,0.7071037336820256,0.7070975568104333,0,0,0,,1.0,0.003032596781849861,0.0,False,False,4,False
67.481621004,911,67,531621005,map,16.771465301513672,0.1328180432319641,4.198951721191406,0.00029087066650390625,0.0,0.0,0.0,0.0029762261060351813,-0.0030139819199720276,0.706689112879603,0.70751152338926,0,0,0,,1.0,0.0017736684530973434,0.0,False,False,4,False
67.531621005,912,67,581621006,map,16.97052574157715,-0.2838720679283142,3.9812850952148438,0.0003915786510333419,0.0,0.0,0.0,0.002999829749955917,-0.002954023130947582,0.7065364007699722,0.7076641782341581,0,0,0,,1.0,-0.005728214979171753,0.0,False,False,4,False
67.631621006,913,67,631621006,map,17.161466598510742,-0.2155865728855133,3.8187408447265625,0.00041198727558366954,0.0,0.0,0.0,0.0030214879085877547,-0.0028198352262447067,0.7066690929626169,0.7075321280277717,0,0,0,,1.0,-0.005964938551187515,0.0,False,False,4,False
67.681621007,914,67,681621007,map,17.346288681030273,-0.07093418389558792,3.6963653564453125,0.0003135681326966733,0.0,0.0,0.0,0.002981315408574441,-0.0027149622512882042,0.7069362142595996,0.7072658126240192,0,0,0,,1.0,-0.0035661887377500534,0.0,False,False,4,False
67.731621008,915,67,731621008,map,17.526447296142578,0.0002652406692504883,3.6031723022460938,0.0002344131498830393,0.0,0.0,0.0,0.0028937864613249632,-0.0026525205987073365,0.7072046155497683,0.7069980352727253,0,0,0,,1.0,-0.0014356523752212524,0.0,False,False,4,False
67.781621009,916,67,781621009,map,17.703062057495117,-0.0731167197227478,3.5322189331054688,9.555817086948082e-05,0.0,0.0,0.0,0.002814599979078517,-0.0025920464777425384,0.7074420358260167,0.7067610100085856,0,0,0,,1.0,-0.0014852005988359451,0.0,False,False,4,False
67.781621009,917,67,831621009,map,17.876981735229492,-0.08025024086236954,3.4783172607421875,1.5258774510584772e-05,0.0,0.0,0.0,0.0027538411851719936,-0.0025308541616758597,0.7076448938531658,0.7065583594717996,0,0,0,,1.0,-0.0009695570915937424,0.0,False,False,4,False
67.88162101,918,67,881621010,map,18.048828125,-0.16180001199245453,3.4366607666015625,5.226134817348793e-05,0.0,0.0,0.0,0.0027239397992791766,-0.002458320683896196,0.7078355948237005,0.7063676857784216,0,0,0,,1.0,-0.0017727091908454895,0.0,False,False,4,False
67.931621011,919,67,931621011,map,18.219079971313477,0.10013911873102188,3.4051895141601562,-0.00010414121788926423,0.0,0.0,0.0,0.0026493938708365794,-0.002449543838899609,0.7079269496627201,0.7062764433197066,0,0,0,,1.0,0.0024265721440315247,0.0,False,False,4,False
67.981621012,920,67,981621012,map,18.38809585571289,-0.13997551798820496,3.3800888061523438,-7.705688767600805e-05,0.0,0.0,0.0,0.0026116178342416962,-0.002420643914885679,0.7079665004960499,0.7062370381895174,0,0,0,,1.0,-0.0006932783871889114,0.0,False,False,4,False
68.031621012,921,68,31621012,map,18.556005477905273,0.3816262483596802,3.3587265014648438,-2.6512152544455603e-05,0.0,0.0,0.0,0.00248621536755045,-0.0024935186170457046,0.7078297827143667,0.7063742632631691,0,0,0,,1.0,0.00694914348423481,0.0,False,False,4,False
68.081621013,922,68,81621013,map,18.722820281982422,0.7492929697036743,3.3361434936523438,-7.572173490189016e-05,0.0,0.0,0.0,0.00223680004161088,-0.0027008316368891806,0.707313205674952,0.7068915979921291,0,0,0,,1.0,0.013193946331739426,0.0,False,False,4,False
68.081621013,923,68,131621014,map,18.888944625854492,0.865369975566864,3.320465087890625,-0.00015544891357421875,0.0,0.0,0.0,0.0019510657300748297,-0.002952063679157142,0.7064047030459258,0.7077993177286542,0,0,0,,1.0,0.014986483380198479,0.0,False,False,4,False
68.181621015,924,68,181621015,map,19.05457878112793,0.9193013906478882,3.30841064453125,-0.00013847349327988923,0.0,0.0,0.0,0.0016915337599501246,-0.00318316207034823,0.7052126286796492,0.7089867097086604,0,0,0,,1.0,0.014557693153619766,0.0,False,False,4,False
68.231621015,925,68,231621015,map,19.220258712768555,0.017591267824172974,3.3135604858398438,5.626678102998994e-05,0.0,0.0,0.0,0.0016967141698125568,-0.003157761941553313,0.7042258926806796,0.7099669300598771,0,0,0,,1.0,-0.0014732163399457932,0.0,False,False,4,False
68.281621016,926,68,281621016,map,19.385482788085938,0.11423125863075256,3.3038711547851562,0.0001350402890238911,0.0,0.0,0.0,0.00181421987593694,-0.00302667503154191,0.7036690988397785,0.7105190688380637,0,0,0,,1.0,-0.0036206915974617004,0.0,False,False,4,False
68.281621016,927,68,331621017,map,19.549850463867188,-0.5896958708763123,3.2905197143554688,6.0272213886491954e-05,0.0,0.0,0.0,0.00209125829716628,-0.0027401217285196455,0.703741415933505,0.7104478431746786,0,0,0,,1.0,-0.015752965584397316,0.0,False,False,4,False
68.381621018,928,68,381621018,map,19.714370727539062,-0.10572820901870728,3.2909011840820312,3.6048892070539296e-05,0.0,0.0,0.0,0.002295560999513782,-0.0025288407812507794,0.7042598636515126,0.7099340672298756,0,0,0,,1.0,-0.008965909481048584,0.0,False,False,4,False
68.431621018,929,68,431621018,map,19.877962112426758,-0.6126080751419067,3.2739639282226562,-3.643035961431451e-05,0.0,0.0,0.0,0.0025209526241080607,-0.002297237325025675,0.705117786647833,0.7090819941666835,0,0,0,,0.9930285215377808,-0.014377027750015259,0.0,False,False,4,False
68.481621019,930,68,481621019,map,20.036365509033203,-0.05775541067123413,3.1682205200195312,-7.83920258982107e-05,0.0,0.0,0.0,0.002611407137357866,-0.002188831555956678,0.7060250602517287,0.7081786525063611,0,0,0,,0.8931725025177002,-0.003809036687016487,0.0,False,False,4,False
68.481621019,931,68,531621020,map,20.17458152770996,0.5239516496658325,2.7626800537109375,2.956390380859375e-05,0.0,0.0,0.0,0.0024411926262937933,-0.002280394876936852,0.7065032686528504,0.7077018946990355,0,0,0,,0.6034598350524902,0.008671393617987633,0.0,False,False,4,False
68.53162102,932,68,581621021,map,20.268924713134766,-0.4827790856361389,1.888427734375,0.00018653868755791336,0.0,0.0,0.0,0.0023497238288454412,-0.002135628798667012,0.7067982381240657,0.7074080636183608,0,0,0,,0.4740390479564667,-0.0037291347980499268,0.0,False,False,4,False
68.631621021,933,68,631621021,map,20.314346313476562,-0.3190217912197113,0.90911865234375,0.00041828156099654734,0.0,0.0,0.0,0.002225900332623611,-0.0018125236984250965,0.7070987617206881,0.7071089741324326,0,0,0,,0.37669286131858826,-0.001914937049150467,0.0,False,False,4,False
68.681621022,934,68,681621022,map,20.312923431396484,-0.3763976991176605,-0.02796173095703125,0.00035953521728515625,0.0,0.0,0.0,0.002003832736824058,-0.0013985951994480686,0.7073998568385752,0.7068093598210157,0,0,0,,0.2890508472919464,-0.0026784949004650116,0.0,False,False,4,False
68.681621022,935,68,731621023,map,20.268348693847656,0.0438033789396286,-0.8915328979492188,0.0003488540824037045,0.0,0.0,0.0,0.00160060795954473,-0.0010298318237513095,0.7075581669091545,0.7066525439993347,0,0,0,,0.19279469549655914,0.0036108484491705894,0.0,False,False,4,False
68.781621024,936,68,781621024,map,20.185630798339844,-0.09916767477989197,-1.6542816162109375,0.00016117090126499534,0.0,0.0,0.0,0.0011359567327035905,-0.000645608701380489,0.7075658688970221,0.7066461872561884,0,0,0,,0.12572020292282104,0.0020293332636356354,0.0,False,False,4,False
68.831621024,937,68,831621024,map,20.071107864379883,0.29467904567718506,-2.2907638549804688,-1.792912371456623e-05,0.0,0.0,0.0,0.0005841193201811423,-0.0003295343563525521,0.7073563173284713,0.7068568387921496,0,0,0,,0.07497689127922058,0.007723493501543999,0.0,False,False,4,False
68.881621025,938,68,881621025,map,19.931156158447266,-0.12025177478790283,-2.7988815307617188,-0.00020294188288971782,0.0,0.0,0.0,0.00011706023339949768,4.228440576549136e-05,0.707074295023901,0.7071392549034342,0,0,0,,0.04047365114092827,0.001032307744026184,0.0,False,False,4,False
68.881621025,939,68,931621026,map,19.771392822265625,0.37177595496177673,-3.1958770751953125,-0.00020751947886310518,0.0,0.0,0.0,-0.0003741700201121052,0.0003252436591355493,0.7066901747899975,0.7075229685802724,0,0,0,,0.014498528093099594,0.0072911567986011505,0.0,False,False,4,False
68.981621026,940,68,981621026,map,19.596847534179688,-0.6328523755073547,-3.4900665283203125,-0.00027122499886900187,0.0,0.0,0.0,-0.0006206653747918274,0.0007666912884316877,0.7065358747647387,0.707676539549946,0,0,0,,0.0041848719120025635,-0.009419536218047142,0.0,False,False,4,False
68.981621026,941,69,31621027,map,19.40886688232422,0.19105122983455658,-3.759765625,-0.00023136136587709188,0.0,0.0,0.0,-0.0009071520244460618,0.001077486667514575,0.7065219006748907,0.7076897766425807,0,0,0,,0.0,0.0014063101261854172,0.020731404423713684,False,False,4,False
69.081621028,942,69,81621028,map,19.206682205200195,0.400112122297287,-4.044342041015625,-0.00021381376427598298,0.0,0.0,0.0,-0.0012933715150952032,0.0012135225682519404,0.7063627847908276,0.7078477737590531,0,0,0,,0.0,0.005776185542345047,0.061130959540605545,False,False,4,False
69.081621028,943,69,131621029,map,18.99580955505371,0.3504176437854767,-4.218330383300781,-0.0001235961972270161,0.0,0.0,0.0,-0.0016567195856598575,0.0013033630393102544,0.7060443027615868,0.7081645282439011,0,0,0,,0.0,0.005725119262933731,0.07894265651702881,False,False,4,False
69.181621029,944,69,181621029,map,18.778854370117188,0.5623548030853271,-4.341278076171875,-7.381437899312004e-05,0.0,0.0,0.0,-0.002004858971654017,0.0013343235774834195,0.7055379270206736,0.7086680701544731,0,0,0,,0.0,0.009145095944404602,0.09745480120182037,False,False,4,False
69.23162103,945,69,231621030,map,18.556699752807617,-0.11505752801895142,-4.442634582519531,-6.771087646484375e-05,0.0,0.0,0.0,-0.00215234342668233,0.0014982439453177713,0.7051126942360516,0.7090904110972243,0,0,0,,0.0,-0.002192039042711258,0.11920516192913055,False,False,4,False
69.281621031,946,69,281621031,map,18.328123092651367,0.19054189324378967,-4.57244873046875,1.4495853974949569e-05,0.0,0.0,0.0,-0.0022559616441197457,0.0016535107596788374,0.7048252554952734,0.7093754547172113,0,0,0,,0.0,0.0008869096636772156,0.15199679136276245,False,False,4,False
69.331621032,947,69,331621032,map,18.09355926513672,-0.9554814696311951,-4.6878814697265625,-3.6048892070539296e-05,0.0,0.0,0.0,-0.0020999502298354273,0.002031075724870528,0.7050295955394391,0.7091718651736875,0,0,0,,0.0,-0.01846419647336006,0.18012499809265137,False,False,4,False
69.381621032,948,69,381621032,map,17.855491638183594,-0.10523974895477295,-4.7611236572265625,-5.722040441469289e-07,0.0,0.0,0.0,-0.002033464993937528,0.0022867123559504625,0.7055591326387238,0.7086444428038726,0,0,0,,0.0,-0.006477769464254379,0.20173528790473938,False,False,4,False
69.381621032,949,69,431621033,map,17.616439819335938,-0.5309574007987976,-4.7803497314453125,-4.4250486098462716e-05,0.0,0.0,0.0,-0.001972614871447925,0.0025010645889444443,0.7062655730076511,0.7079398236083807,0,0,0,,0.0,-0.011363077908754349,0.20981179177761078,False,False,4,False
69.481621034,950,69,481621034,map,17.37860107421875,0.7430198788642883,-4.75799560546875,-3.986358569818549e-05,0.0,0.0,0.0,-0.0021862624998816955,0.00240009823478364,0.7066521244350303,0.7075536974789992,0,0,0,,0.0,0.010961830615997314,0.20955079793930054,False,False,4,False
69.531621035,951,69,531621035,map,17.141508102416992,0.3015562891960144,-4.742851257324219,-1.449584942747606e-05,0.0,0.0,0.0,-0.002413132781263374,0.0022485036174178198,0.7065955265638821,0.7076099793400124,0,0,0,,0.0,0.007904645055532455,0.21696077287197113,False,False,4,False
69.581621035,952,69,581621035,map,16.943618774414062,-0.5183268785476685,-3.956298828125,1.0490416570974048e-05,0.0,0.0,0.0,-0.0023412629290454853,0.002313869670350913,0.706572701628629,0.7076328015349954,0,0,0,,0.0,-0.005222391337156296,0.20920102298259735,False,False,4,False
69.631621036,953,69,631621036,map,16.873552322387695,-0.1658758819103241,-1.4010238647460938,0.0006017684936523438,0.0,0.0,0.0,-0.0019475534859991772,0.0021184121101499327,0.7066722427508737,0.7075352010260697,0,0,0,,0.0,-0.0017046816647052765,0.20948441326618195,False,False,0,False
69.631621036,954,69,681621037,map,16.801151275634766,0.577838659286499,-1.4494705200195312,0.0004783630429301411,0.0,0.0,0.0,-0.0016669585208750617,0.0016025916782724957,0.7065267040287836,0.7076826050168439,0,0,0,,0.0,0.009618591517210007,0.22349433600902557,False,False,0,False
69.681621037,955,69,731621038,map,16.33961296081543,0.1349800080060959,-9.231300354003906,-0.0007907866965979338,0.0,0.0,0.0,-0.0019859890139119056,0.001719655452126972,0.7061809829110666,0.7080264952722621,0,0,0,,0.0,0.005664855241775513,0.2712680995464325,False,False,3,False
69.781621038,956,69,781621038,map,15.904688835144043,-0.3043743371963501,-8.697490692138672,-0.001511382986791432,0.0,0.0,0.0,-0.002542674705745381,0.002392876312140489,0.7059545680805361,0.7082485134149731,0,0,0,,0.0,-0.003842577338218689,0.32265642285346985,False,False,3,False
69.781621038,957,69,831621039,map,15.492704391479492,-0.0795312225818634,-8.239498138427734,-0.001132965087890625,0.0,0.0,0.0,-0.003073633517970741,0.003053699350632218,0.7058790838768274,0.7083190994477587,0,0,0,,0.0,-0.0016962774097919464,0.34998321533203125,False,False,3,False
69.88162104,958,69,881621040,map,15.103293418884277,-0.16238421201705933,-7.787818908691406,-0.0002573012898210436,0.0,0.0,0.0,-0.0034572292983192955,0.0035463134447207213,0.7059217350304631,0.7082725289308568,0,0,0,,0.0,-0.0035370178520679474,0.3477924168109894,False,False,3,False
69.931621041,959,69,931621041,map,14.734981536865234,0.0581321120262146,-7.3664093017578125,0.0004516601620707661,0.0,0.0,0.0,-0.003723087071673858,0.003804438632575843,0.7059897611992035,0.7082020346986018,0,0,0,,0.0,9.564310312271118e-05,0.3332754969596863,False,False,3,False
69.981621041,960,69,981621041,map,14.384256362915039,0.028257742524147034,-7.014598846435547,0.0007890700362622738,0.0,0.0,0.0,-0.003865160736918563,0.003893999689909461,0.7060270900516951,0.7081635724972222,0,0,0,,0.0,0.0002770647406578064,0.32184454798698425,False,False,3,False
70.031621042,961,70,31621042,map,14.048787117004395,-0.12888677418231964,-6.709079742431641,0.0008842468378134072,0.0,0.0,0.0,-0.0038623343959148806,0.00391904213745532,0.7060953123215906,0.7080954267605564,0,0,0,,0.0,-0.002181168645620346,0.30774661898612976,False,False,3,False
70.081621043,962,70,81621043,map,13.727524757385254,-0.3902149796485901,-6.424579620361328,0.0007024764781817794,0.0,0.0,0.0,-0.003709898810657329,0.0039563091007740435,0.7063188551528383,0.7078730529725634,0,0,0,,0.0,-0.007138598710298538,0.2881224453449249,False,False,3,False
70.131621044,963,70,131621044,map,13.419087409973145,-0.7917786240577698,-6.169071197509766,0.00044116968638263643,0.0,0.0,0.0,-0.003400392294060171,0.004067533116615106,0.7068747762514807,0.7073188412632673,0,0,0,,0.0,-0.015258405357599258,0.2678350806236267,False,False,3,False
70.181621044,964,70,181621044,map,13.122432708740234,-0.21289251744747162,-5.933589935302734,0.00021572115656454116,0.0,0.0,0.0,-0.0031880868837159165,0.004035805914402845,0.7075493619588568,0.7066452071331538,0,0,0,,0.0,-0.006707455962896347,0.24993817508220673,False,False,3,False
70.181621044,965,70,231621045,map,12.836213111877441,-0.3502059578895569,-5.725650787353516,5.493166099768132e-05,0.0,0.0,0.0,-0.0030216695916393424,0.0039394592422004,0.7082049625111474,0.7059894342327955,0,0,0,,0.0,-0.007431630045175552,0.23298408091068268,False,False,3,False
70.281621046,966,70,281621046,map,12.558563232421875,-0.03520965576171875,-5.553188323974609,-3.070832462981343e-05,0.0,0.0,0.0,-0.002936041703304775,0.003762225726739191,0.7087213180341212,0.7054724081639733,0,0,0,,0.0,-0.0013958066701889038,0.22312135994434357,False,False,3,False
70.281621046,967,70,331621047,map,12.46461009979248,0.4928363859653473,-1.8773841857910156,0.0005346297984942794,0.0,0.0,0.0,-0.0027683245980565396,0.003184592877813451,0.7088367866073703,0.7053599114631195,0,0,0,,0.0,0.008836053311824799,0.20493845641613007,False,False,3,False
70.381621047,968,70,381621047,map,12.401212692260742,-0.17801068723201752,-1.268463134765625,0.000866317714098841,0.0,0.0,0.0,-0.0022473404381434287,0.0024984005567446326,0.7087671879020294,0.7054344624478326,0,0,0,,0.0,0.0008482523262500763,0.21240957081317902,False,False,0,False
70.431621048,969,70,431621048,map,12.0187349319458,0.25292080640792847,-7.648887634277344,-0.0005235671414993703,0.0,0.0,0.0,-0.0021249208769091297,0.0022033886936440317,0.7085704149581928,0.7056334720203585,0,0,0,,0.0,0.006771419197320938,0.20551316440105438,False,False,0,False
70.431621048,970,70,481621049,map,11.467020034790039,-0.11986609548330307,-11.03464126586914,-0.0025777816772460938,0.0,0.0,0.0,-0.0027940383551152744,0.002864551813380996,0.7083902381977587,0.7058096472269993,0,0,0,,0.0,-0.0006495118141174316,0.19390083849430084,False,False,2,False
70.481621049,971,70,531621050,map,10.959056854248047,0.29844674468040466,-10.158615112304688,-0.0023967744782567024,0.0,0.0,0.0,-0.0036431028284740425,0.0035956069209526903,0.7081677270570982,0.70602568633686,0,0,0,,0.0,0.006569944322109222,0.1651739776134491,False,False,2,False
70.58162105,972,70,581621050,map,10.492386817932129,-0.06061334162950516,-9.333534240722656,-0.0011840821243822575,0.0,0.0,0.0,-0.0042623493088841105,0.0041961442976038935,0.7079686484773495,0.7062185338296906,0,0,0,,0.0,0.00018255040049552917,0.13941781222820282,False,False,2,False
70.58162105,973,70,631621051,map,10.062868118286133,0.23961113393306732,-8.590030670166016,0.0002641679020598531,0.0,0.0,0.0,-0.0046667166674141,0.004516794435844135,0.7077610280042024,0.706422074656508,0,0,0,,0.0,0.004891835153102875,0.11232979595661163,False,False,2,False
70.631621051,974,70,681621052,map,9.666680335998535,-0.2539405822753906,-7.924156188964844,0.001268577529117465,0.0,0.0,0.0,-0.004754829308960534,0.004710826665402891,0.7076770276743956,0.7065043695634896,0,0,0,,0.0,-0.004059489816427231,0.08423992991447449,False,False,2,False
70.681621052,975,70,731621053,map,9.300254821777344,-0.08190661668777466,-7.328739166259766,0.0016410828102380037,0.0,0.0,0.0,-0.004670397957467347,0.004743438080897535,0.7077335809728786,0.7064480628761022,0,0,0,,0.0,-0.0029343105852603912,0.055094193667173386,False,False,2,False
70.781621053,976,70,781621053,map,8.961633682250977,-0.3893108367919922,-6.77398681640625,0.0014911651378497481,0.0,0.0,0.0,-0.0044211008134777685,0.004711670432582568,0.707978935739213,0.7062039936016384,0,0,0,,0.0,-0.009305927902460098,0.01629023626446724,False,False,2,False
70.831621054,977,70,831621054,map,8.646100044250488,0.1521500200033188,-6.3100433349609375,0.0011037825606763363,0.0,0.0,0.0,-0.004221402805890266,0.0044936881708914755,0.7082127245583358,0.7059721830912544,0,0,0,,0.0,-0.0007757470011711121,0.0012119747698307037,False,False,2,False
70.881621055,978,70,881621055,map,8.344292640686035,0.20150624215602875,-6.035404205322266,0.00056629185564816,0.0,0.0,0.0,-0.004069015822363884,0.004171674310575291,0.7082902777607154,0.70589724654041,0,0,0,,0.038118522614240646,0.002335578203201294,0.0,False,False,2,False
70.881621055,979,70,931621056,map,8.07525634765625,0.23128800094127655,-5.380134582519531,0.00015525816706940532,0.0,0.0,0.0,-0.0039114288967055065,0.0038231926876866012,0.708207044160728,0.7059836163274497,0,0,0,,0.04478607699275017,0.004599068313837051,0.0,False,False,2,False
70.981621056,980,70,981621056,map,7.786672592163086,0.14849957823753357,-5.771465301513672,-8.277900633402169e-05,0.0,0.0,0.0,-0.0037327235520114403,0.0035230562533658393,0.7080407897494477,0.7061528835177961,0,0,0,,0.062000077217817307,0.004303928464651108,0.0,False,False,2,False
70.981621056,981,71,31621057,map,7.574999809265137,-0.3903299570083618,-4.234399795532227,-0.0002635955752339214,0.0,0.0,0.0,-0.0033850757549104527,0.0033652012727627034,0.7080358755596862,0.7061603327877854,0,0,0,,0.10621081292629242,-0.005818475037813187,0.0,False,False,2,False
71.081621058,982,71,81621058,map,7.306334972381592,0.14661550521850586,-5.372838973999023,-0.00017051686882041395,0.0,0.0,0.0,-0.003140104814036661,0.0031581616855553734,0.7080756208302096,0.7061225679316858,0,0,0,,0.11216428875923157,0.0009094327688217163,0.0,False,False,2,False
71.081621058,983,71,131621059,map,7.138118267059326,-0.5886573195457458,-3.3672714233398438,-0.00029659277061000466,0.0,0.0,0.0,-0.002754568341927191,0.003049722168358471,0.7083186905482578,0.7058808285879048,0,0,0,,0.1575930118560791,-0.01183672621846199,0.0,False,False,2,False
71.181621059,984,71,181621059,map,6.89817476272583,-0.0167248398065567,-4.799108505249023,-0.000181579525815323,0.0,0.0,0.0,-0.002488735857839179,0.0028831742552612415,0.7086843660647715,0.705515388064227,0,0,0,,0.16329585015773773,-0.0055774785578250885,0.0,False,False,2,False
71.23162106,985,71,231621060,map,6.781012535095215,0.2617312967777252,-2.341604232788086,-0.0001762390456860885,0.0,0.0,0.0,-0.002314728014659054,0.002535644114720079,0.7087970180048951,0.705404139348863,0,0,0,,0.1768796741962433,0.0014904923737049103,0.0,False,False,2,False
71.23162106,986,71,281621061,map,6.571297645568848,-0.13488277792930603,-4.19520378112793,-5.3215044317767024e-05,0.0,0.0,0.0,-0.002118109573278551,0.0022892512345206355,0.7090693140251143,0.7051318889743782,0,0,0,,0.16872484982013702,-0.0037313736975193024,0.0,False,False,2,False
71.281621061,987,71,331621062,map,6.47261381149292,0.23563846945762634,-1.9723129272460938,-0.00022411346435546875,0.0,0.0,0.0,-0.0019586326094710635,0.001998653456129747,0.7090288857899252,0.7051738851220744,0,0,0,,0.20125393569469452,0.0032144375145435333,0.0,False,False,2,False
71.381621062,988,71,381621062,map,6.271079063415527,0.10313279926776886,-4.030256271362305,-0.00016040797345340252,0.0,0.0,0.0,-0.0018597947474870088,0.0017834230692284187,0.7091320415597346,0.7050709951479895,0,0,0,,0.19714601337909698,0.002794351428747177,0.0,False,False,2,False
71.431621063,989,71,431621063,map,6.3322248458862305,-0.4012001156806946,1.220541000366211,5.683898052666336e-05,0.0,0.0,0.0,-0.001389377359844858,0.0014883559596562486,0.7090652253367316,0.7051399581964273,0,0,0,,0.2227008193731308,-0.007173720747232437,0.0,False,False,0,False
71.481621064,990,71,481621064,map,6.268542289733887,-0.0608690083026886,-1.2741661071777344,0.00016231538029387593,0.0,0.0,0.0,-0.0009127382360421752,0.0011164516765700817,0.7093671139066846,0.7048377246943206,0,0,0,,0.23179413378238678,-0.003982793539762497,0.0,False,False,0,False
71.531621064,991,71,531621064,map,5.889540672302246,0.22237427532672882,-7.578592300415039,-0.0005315780290402472,0.0,0.0,0.0,-0.0011190943058433048,0.001223926344962438,0.7097907929581954,0.7044105903973996,0,0,0,,0.22648686170578003,0.0016704201698303223,0.0,False,False,0,False
71.581621065,992,71,581621065,map,5.346166133880615,0.1356363296508789,-10.866842269897461,-0.0014583587180823088,0.0,0.0,0.0,-0.0020692772545221625,0.0020592512328630468,0.710378235284658,0.7038140666467664,0,0,0,,0.25479042530059814,0.002747446298599243,0.0,False,False,1,False
71.631621066,993,71,631621066,map,5.017058372497559,-0.30774378776550293,-6.58477783203125,-0.0014667509822174907,0.0,0.0,0.0,-0.0027625323322029408,0.002886797085476493,0.7108473375243326,0.7033349824601847,0,0,0,,0.3499007225036621,-0.004900280386209488,0.0,False,False,1,False
71.631621066,994,71,681621067,map,4.680627822875977,0.3169066309928894,-6.726236343383789,-0.06441955268383026,0.0,0.0,0.0,-0.003194380280459291,0.0032542180838161317,0.7108251572681521,0.7033539662175748,0,0,0,,0.40728694200515747,0.007239833474159241,0.0,False,False,1,False
71.731621067,995,71,731621067,map,4.44175386428833,-0.12379683554172516,-4.778566360473633,0.03675975650548935,0.0,0.0,0.0,-0.0032708572943832134,0.0033473370858679986,0.7107781684654357,0.7034006625387227,0,0,0,,0.46011778712272644,0.0008855536580085754,0.0,False,False,1,False
71.781621068,996,71,781621068,map,4.274258613586426,-0.17927564680576324,-3.3518409729003906,0.02299041673541069,0.0,0.0,0.0,-0.0030325706921502903,0.003212836716625827,0.7108105105675684,0.7033696746817437,0,0,0,,0.5018410086631775,-0.002996627241373062,0.0,False,False,1,False
71.781621068,997,71,831621069,map,4.164384841918945,-0.21244563162326813,-2.200307846069336,0.012891961261630058,0.0,0.0,0.0,-0.002582344833156349,0.0028884537570968843,0.7109519880698688,0.7032298763488058,0,0,0,,0.5252842903137207,-0.006480086594820023,0.0,False,False,1,False
71.831621069,998,71,881621070,map,4.0996904373168945,-0.07215157151222229,-1.2950801849365234,0.005920981522649527,0.0,0.0,0.0,-0.0020576292276100073,0.0024089752256191413,0.7111322209019056,0.7030511556035217,0,0,0,,0.5616163015365601,-0.005726661533117294,0.0,False,False,1,False
71.93162107,999,71,931621070,map,4.068236351013184,0.054634883999824524,-0.6283378601074219,0.0014705664943903685,0.0,0.0,0.0,-0.0015478635782447468,0.0018367727187494787,0.7112681027326868,0.7029167208278423,0,0,0,,0.563915491104126,-0.00298236683011055,0.0,False,False,1,False
71.981621071,1000,71,981621071,map,4.056958198547363,0.550493061542511,-0.21944046020507812,-0.0011861801613122225,0.0,0.0,0.0,-0.001191918047534391,0.0011581181917048023,0.7111446371943284,0.7030437703894183,0,0,0,,0.5515843629837036,0.010133069008588791,0.0,False,False,1,False
71.981621071,1001,72,31621072,map,4.056051731109619,-0.0851583480834961,-0.018835067749023438,-0.002326774876564741,0.0,0.0,0.0,-0.0007962395934071442,0.0006545385387347125,0.710993009782668,0.7031983202639169,0,0,0,,0.5354828238487244,0.0029287226498126984,0.0,False,False,1,False
72.081621073,1002,72,81621073,map,4.059525966644287,0.23364290595054626,0.07121086120605469,-0.002505683805793524,0.0,0.0,0.0,-0.00048524164589588026,0.00024077549371334,0.7107957689264898,0.7033982381580913,0,0,0,,0.5313636064529419,0.008069265633821487,0.0,False,False,1,False
72.081621073,1003,72,131621073,map,4.065635681152344,0.10258127003908157,0.12273788452148438,-0.002278327476233244,0.0,0.0,0.0,-0.00023866540873838818,-6.312214071476758e-05,0.7105557086645036,0.7036409055325756,0,0,0,,0.5347293019294739,0.007770199328660965,0.0,False,False,1,False
72.181621074,1004,72,181621074,map,4.07327127456665,0.09253829717636108,0.1530933380126953,-0.0018074035178869963,0.0,0.0,0.0,-4.5912538624439704e-05,-0.0002713201889103045,0.7103025422093678,0.7038964574483261,0,0,0,,0.532559335231781,0.00806472823023796,0.0,False,False,1,False
72.231621075,1005,72,231621075,map,4.081638336181641,0.07187031209468842,0.16756057739257812,-0.001315307803452015,0.0,0.0,0.0,9.940256848407224e-05,-0.00040688543836632306,0.7100443918720036,0.7041567908743662,0,0,0,,0.5342113971710205,0.008010156452655792,0.0,False,False,1,False
72.281621076,1006,72,281621076,map,4.0889363288879395,-0.00598616898059845,0.1459503173828125,-0.0007400511531159282,0.0,0.0,0.0,0.0002195657095949074,-0.00047414196853206724,0.7098152461630414,0.7043877080804247,0,0,0,,0.5182272791862488,0.006330370903015137,0.0,False,False,1,False
72.281621076,1007,72,331621076,map,4.094954013824463,0.2607365548610687,0.12063980102539062,-0.0005483627319335938,0.0,0.0,0.0,0.0002485117571990837,-0.0005594946837233822,0.7095089231495074,0.7046961850179351,0,0,0,,0.5285899639129639,0.011708829551935196,0.0,False,False,1,False
72.381621077,1008,72,381621077,map,4.101083755493164,-0.1013408750295639,0.12258529663085938,-0.0002418518124613911,0.0,0.0,0.0,0.00031048950192292347,-0.0005643245275241753,0.7092450496026664,0.7049617328254123,0,0,0,,0.5280686616897583,0.00613582506775856,0.0,False,False,1,False
72.431621078,1009,72,431621078,map,4.106905460357666,0.019917484372854233,0.11644363403320312,-7.076262409100309e-05,0.0,0.0,0.0,0.0003605628902084803,-0.0005509196933780415,0.7090258362542176,0.7051821963194342,0,0,0,,0.5263702273368835,0.006384987384080887,0.0,False,False,1,False
72.481621079,1010,72,481621079,map,4.1113457679748535,0.1034291535615921,0.08879661560058594,-5.130768840899691e-05,0.0,0.0,0.0,0.00037030031115001586,-0.000556786380197867,0.708786344089523,0.7054229024484638,0,0,0,,0.5163726806640625,0.007995788007974625,0.0,False,False,1,False
72.531621079,1011,72,531621079,map,4.114259243011475,0.01133941113948822,0.05825996398925781,2.460479663568549e-05,0.0,0.0,0.0,0.0003785847836332046,-0.0005465475133524749,0.7085548167588828,0.7056554609773548,0,0,0,,0.5185313820838928,0.006634216755628586,0.0,False,False,1,False
72.531621079,1012,72,581621080,map,4.117984294891357,-0.40806007385253906,0.07384300231933594,1.7356869648210704e-05,0.0,0.0,0.0,0.0004832514271919333,-0.0004330909652031556,0.7085207385922756,0.7056896923470897,0,0,0,,0.536503255367279,-0.003832440823316574,0.0,False,False,1,False
72.58162108,1013,72,631621081,map,4.123682022094727,0.42695629596710205,0.114593505859375,3.490447852527723e-05,0.0,0.0,0.0,0.0004353004520101656,-0.0004788596774435062,0.70837109580006,0.7058399052490218,0,0,0,,0.5358812808990479,0.00951322540640831,0.0,False,False,1,False
72.681621082,1014,72,681621082,map,4.127700328826904,-0.1515764743089676,0.08039474487304688,4.520417132880539e-05,0.0,0.0,0.0,0.0004368106142969226,-0.00047716670108951143,0.7082272802520483,0.7059842073412218,0,0,0,,0.5048564076423645,0.0022549889981746674,0.0,False,False,1,False
72.731621082,1015,72,731621082,map,4.13046932220459,-0.1113610789179802,0.055217742919921875,5.6076052715070546e-05,0.0,0.0,0.0,0.00046976509994615885,-0.000435920475152834,0.7081741436407694,0.7060375142814672,0,0,0,,0.5323083996772766,0.00017453357577323914,0.0,False,False,1,False
72.781621083,1016,72,781621083,map,4.139186859130859,-0.08090093731880188,0.1741504669189453,2.8991697035962716e-05,0.0,0.0,0.0,0.0005038244122463823,-0.00040581006113598423,0.7081759007942867,0.7060357462716434,0,0,0,,0.5783970355987549,-0.0008696205914020538,0.0,False,False,1,False
72.831621084,1017,72,831621084,map,4.154696941375732,0.04774073138833046,0.3103351593017578,-4.386902219266631e-05,0.0,0.0,0.0,0.000516451996979786,-0.00043012239788723224,0.7081630062944796,0.7060486561052449,0,0,0,,0.5710068941116333,0.0010700635612010956,0.0,False,False,1,False
72.831621084,1018,72,881621085,map,4.170989990234375,0.40892308950424194,0.32586097717285156,5.741119457525201e-05,0.0,0.0,0.0,0.00043920176850700425,-0.0005615143179948101,0.7079690734737024,0.7062430762904968,0,0,0,,0.5453751683235168,0.01024061068892479,0.0,False,False,1,False
72.931621085,1019,72,931621085,map,4.180276870727539,-0.1423150897026062,0.18596649169921875,1.2016297660011332e-05,0.0,0.0,0.0,0.00044704447709926874,-0.0005891487839744253,0.7077983912564747,0.7064141068733637,0,0,0,,0.4873374402523041,0.002774786204099655,0.0,False,False,1,False
72.981621086,1020,72,981621086,map,4.182451248168945,0.05946587026119232,0.04342079162597656,-2.9754637580481358e-05,0.0,0.0,0.0,0.00044577583929647534,-0.0005801836682541522,0.7076587928737463,0.7065539593967927,0,0,0,,0.5124169588088989,0.004391785711050034,0.0,False,False,1,False
73.031621087,1021,73,31621087,map,4.185722351074219,-0.05067352205514908,0.06547927856445312,3.8146959013829473e-06,0.0,0.0,0.0,0.00045151894485110326,-0.0005435419798104011,0.707552264612924,0.7066606636384124,0,0,0,,0.5467517375946045,0.0022832565009593964,0.0,False,False,1,False
73.031621087,1022,73,81621088,map,4.192028522491455,0.07860057055950165,0.12601852416992188,2.4986265998450108e-05,0.0,0.0,0.0,0.00043987846938039793,-0.0005328296688676836,0.7074353939900123,0.706777677866012,0,0,0,,0.5411978363990784,0.004147462546825409,0.0,False,False,1,False
73.131621088,1023,73,131621088,map,4.197998046875,0.10768827795982361,0.11913299560546875,-8.01086389401462e-06,0.0,0.0,0.0,0.0004133120568342217,-0.0005471621608033239,0.7072753726632828,0.7069378169335179,0,0,0,,0.5242125988006592,0.005640242248773575,0.0,False,False,1,False
73.131621088,1024,73,181621089,map,4.2005085945129395,0.05391698330640793,0.050029754638671875,3.433226538618328e-06,0.0,0.0,0.0,0.0003929465757182169,-0.0005511409011156259,0.707098563015909,0.7071146752949853,0,0,0,,0.5056592226028442,0.005400311201810837,0.0,False,False,1,False
73.23162109,1025,73,231621090,map,4.202417373657227,-0.012503936886787415,0.03821372985839844,1.239776611328125e-05,0.0,0.0,0.0,0.0003915765413767787,-0.0005288791746715011,0.7069450858622455,0.7072681334047599,0,0,0,,0.5387285947799683,0.003965932875871658,0.0,False,False,1,False
73.281621091,1026,73,281621091,map,4.20573616027832,0.0460292212665081,0.06620407104492188,4.711151268566027e-05,0.0,0.0,0.0,0.00038877638013314194,-0.0005149654020529479,0.7067971734774756,0.7074159591271686,0,0,0,,0.5272549986839294,0.004561293870210648,0.0,False,False,1,False
73.331621091,1027,73,331621091,map,4.207683086395264,0.07849648594856262,0.03857612609863281,2.8610202207346447e-06,0.0,0.0,0.0,0.00037448118207374467,-0.0005155649552983407,0.7066284912523234,0.7075844608999594,0,0,0,,0.5148136615753174,0.005509156733751297,0.0,False,False,1,False
73.381621092,1028,73,381621092,map,4.206071853637695,0.028424933552742004,-0.032367706298828125,-9.536741345073096e-06,0.0,0.0,0.0,0.00036355789805147555,-0.0005052121084359529,0.7064588814509454,0.7077538141228624,0,0,0,,0.497435063123703,0.004930365830659866,0.0,False,False,1,False
73.381621092,1029,73,431621093,map,4.206551551818848,-0.7199462652206421,0.0103759765625,4.158019874012098e-05,0.0,0.0,0.0,0.0005246258769081632,-0.0003205625990961219,0.7066075008723385,0.7076054421202945,0,0,0,,0.564338207244873,-0.012667249888181686,0.0,False,False,1,False
73.481621094,1030,73,481621094,map,4.223145961761475,0.4089132249355316,0.3322029113769531,-2.5558465495123528e-05,0.0,0.0,0.0,0.0005165093607208539,-0.0003529960340620783,0.7066733915893194,0.707539628735754,0,0,0,,0.6683886647224426,0.003467276692390442,0.0,False,False,1,False
73.481621094,1031,73,531621094,map,4.255321979522705,0.37152454257011414,0.64208984375,-1.659393274167087e-05,0.0,0.0,0.0,0.00044431184853143725,-0.0005329127668005956,0.7064936360679832,0.7077190549832642,0,0,0,,0.6242930293083191,0.00937236100435257,0.0,False,False,1,False
73.581621095,1032,73,581621095,map,4.282986164093018,-0.20960168540477753,0.5542945861816406,-2.899169885495212e-05,0.0,0.0,0.0,0.0005078672395647452,-0.000600919811697963,0.7063693645354857,0.7078429923450404,0,0,0,,0.5075154304504395,0.0005480684340000153,0.0,False,False,1,False
73.631621096,1033,73,631621096,map,4.301532745361328,-0.5696761608123779,0.37105560302734375,-8.735656592762098e-05,0.0,0.0,0.0,0.0006947346459125621,-0.0004937980458820998,0.7065434680154077,0.7076691326545353,0,0,0,,0.5584852695465088,-0.011533599346876144,0.0,False,False,1,False
73.631621096,1034,73,681621097,map,4.329989910125732,-0.040586553514003754,0.5690097808837891,1.1634824659267906e-05,0.0,0.0,0.0,0.0007898437230914292,-0.0004575110287753604,0.7067973074296025,0.7074155306754409,0,0,0,,0.7217482328414917,-0.006826300173997879,0.0,False,False,1,False
73.731621097,1035,73,731621097,map,4.387713432312012,0.48900163173675537,1.1548233032226562,1.2397763384797145e-05,0.0,0.0,0.0,0.0007404118592008733,-0.0006427208876422352,0.7068031449345474,0.7074096076607755,0,0,0,,0.7907007932662964,0.006009679287672043,0.0,False,False,1,False
73.781621098,1036,73,781621098,map,4.461385726928711,0.21338754892349243,1.4727592468261719,-6.580352783203125e-05,0.0,0.0,0.0,0.0007376657578095032,-0.0008754552994163036,0.7066354399344297,0.7075768823639758,0,0,0,,0.6908129453659058,0.0066442303359508514,0.0,False,False,1,False
73.831621099,1037,73,831621099,map,4.520876407623291,0.14364823698997498,1.1890888214111328,-9.91821252682712e-06,0.0,0.0,0.0,0.0007775414000717537,-0.001048247204894822,0.7064109745465059,0.7078007005135163,0,0,0,,0.48234835267066956,0.006928149610757828,0.0,False,False,1,False
73.8816211,1038,73,881621100,map,4.549926280975342,-0.5327485799789429,0.5825996398925781,5.187987699173391e-05,0.0,0.0,0.0,0.0009242323749301659,-0.0009633193679172297,0.706431217538044,0.707780441025343,0,0,0,,0.4889380931854248,-0.007238347083330154,0.0,False,False,1,False
73.8816211,1039,73,931621100,map,4.566102981567383,0.5996220707893372,0.3215312957763672,5.7220458984375e-05,0.0,0.0,0.0,0.0008172314852489468,-0.0009899125871171207,0.7062961595661909,0.7079153107454444,0,0,0,,0.5620448589324951,0.010647062212228775,0.0,False,False,1,False
73.981621101,1040,73,981621101,map,4.575803279876709,0.3027871549129486,0.19150733947753906,2.136230432370212e-05,0.0,0.0,0.0,0.0006383259322254338,-0.0010218046716168252,0.7059517761837288,0.7082588779240652,0,0,0,,0.5069869160652161,0.012096613645553589,0.0,False,False,1,False
74.031621102,1041,74,31621102,map,4.576927185058594,-0.3030201494693756,0.024976730346679688,7.114410254871473e-05,0.0,0.0,0.0,0.0006006622575374961,-0.0008765617538825799,0.7057436560303139,0.7084664867284195,0,0,0,,0.5135409235954285,0.0011996366083621979,0.0,False,False,1,False
74.081621102,1042,74,81621102,map,4.5813798904418945,-0.45342400670051575,0.09093284606933594,4.3106076191179454e-05,0.0,0.0,0.0,0.0006730927252669692,-0.0006317667957105259,0.7058138179347184,0.7083967830455719,0,0,0,,0.6164889335632324,-0.007265325635671616,0.0,False,False,1,False
74.131621103,1043,74,131621103,map,4.604034423828125,0.005497056990861893,0.4530811309814453,-1.0871881386265159e-05,0.0,0.0,0.0,0.0006979395470516719,-0.0005219971504399633,0.705940909576935,0.7082701974423695,0,0,0,,0.6764227151870728,-0.002739090472459793,0.0,False,False,1,False
74.181621104,1044,74,181621104,map,4.646590709686279,0.739165186882019,0.8469390869140625,-5.0163271225756034e-05,0.0,0.0,0.0,0.0005563905019146736,-0.000701581082510185,0.7057288509597022,0.7084814656267957,0,0,0,,0.719163179397583,0.014357659965753555,0.0,False,False,1,False
74.231621105,1045,74,231621105,map,4.69201135635376,0.06607972085475922,0.9078025817871094,-7.64846772653982e-05,0.0,0.0,0.0,0.000527464518991526,-0.0008528202519541675,0.7053940767940423,0.7088146379009677,0,0,0,,0.5382027626037598,0.008554477244615555,0.0,False,False,1,False
74.281621105,1046,74,281621105,map,4.719751834869385,-0.7672339677810669,0.559539794921875,-5.340576535672881e-05,0.0,0.0,0.0,0.0007381347619341986,-0.0007233039207221014,0.7054307476493624,0.7087780980387114,0,0,0,,0.5363503098487854,-0.010573219507932663,0.0,False,False,1,False
74.331621106,1047,74,331621106,map,4.738659858703613,-0.010985322296619415,0.37817955017089844,1.4877323337714188e-05,0.0,0.0,0.0,0.0008360453689792472,-0.0006316080924336734,0.7056024911685255,0.7086071030946061,0,0,0,,0.5592396259307861,-0.004067894071340561,0.0,False,False,1,False
74.331621106,1048,74,381621107,map,4.753758907318115,0.8442120552062988,0.2966022491455078,4.062652442371473e-05,0.0,0.0,0.0,0.0006360279458748961,-0.0007867407963785786,0.7053891514071414,0.708819526808118,0,0,0,,0.568391740322113,0.015701748430728912,0.0,False,False,1,False
74.381621107,1049,74,431621108,map,4.763103485107422,-0.3696872293949127,0.1901721954345703,3.623963493737392e-06,0.0,0.0,0.0,0.0005957791555037014,-0.0007549429740300425,0.7052108703303771,0.708996970004933,0,0,0,,0.5162136554718018,-0.000423479825258255,0.0,False,False,1,False
74.431621108,1050,74,481621108,map,4.772262096405029,-0.2164323925971985,0.1844310760498047,-3.0517571758537088e-06,0.0,0.0,0.0,0.0006342237763777058,-0.0006295240002840154,0.7052249181366638,0.70898308604569,0,0,0,,0.6238527297973633,-0.003151964396238327,0.0,False,False,1,False
74.481621108,1051,74,531621109,map,4.7997941970825195,-0.34230148792266846,0.5516147613525391,5.1307681133039296e-05,0.0,0.0,0.0,0.0007329657823678822,-0.0005029109839417965,0.7054161676393864,0.7087928048976407,0,0,0,,0.7177592515945435,-0.008503716439008713,0.0,False,False,1,False
74.58162111,1052,74,581621110,map,4.841976642608643,1.0443639755249023,0.8369350433349609,-2.28881845032447e-06,0.0,0.0,0.0,0.0005669214164649263,-0.0007361453057806212,0.7052007409684039,0.7090070885596353,0,0,0,,0.6585521697998047,0.01799456775188446,0.0,False,False,1,False
74.631621111,1053,74,631621111,map,4.875863552093506,-0.4106886684894562,0.6817436218261719,-4.920959327137098e-05,0.0,0.0,0.0,0.0006030790113857079,-0.0007947901456370333,0.705004042052493,0.7092025840999008,0,0,0,,0.4848904311656952,-0.0006958357989788055,0.0,False,False,1,False
74.681621111,1054,74,681621111,map,4.893692493438721,-0.3615436255931854,0.3586292266845703,-2.5177003408316523e-05,0.0,0.0,0.0,0.0007319570450759689,-0.0006881017837366404,0.7050730420641858,0.7091339761350983,0,0,0,,0.5797642469406128,-0.006244625896215439,0.0,False,False,1,False
74.731621112,1055,74,731621112,map,4.9127349853515625,0.0084744393825531,0.38082122802734375,5.6076052715070546e-05,0.0,0.0,0.0,0.0007714524428854064,-0.0006280468931316361,0.7051921130500661,0.7090155810066598,0,0,0,,0.6030110120773315,-0.002489376813173294,0.0,False,False,1,False
74.731621112,1056,74,781621113,map,4.932063102722168,0.8427098393440247,0.3797149658203125,-1.0108947208209429e-05,0.0,0.0,0.0,0.0005701440718894694,-0.0007984297024989473,0.7049375517608291,0.7092686977184287,0,0,0,,0.5835874676704407,0.016290966421365738,0.0,False,False,1,False
74.831621114,1057,74,831621114,map,4.939241886138916,-0.23908749222755432,0.1462554931640625,4.00543194700731e-06,0.0,0.0,0.0,0.0005134681703515475,-0.0008004514065212359,0.7046745664840448,0.7095300211960786,0,0,0,,0.45132914185523987,0.0028203092515468597,0.0,False,False,1,False
74.881621114,1058,74,881621114,map,4.932653427124023,-0.7848593592643738,-0.12706756591796875,3.6621091567212716e-05,0.0,0.0,0.0,0.0006589757833286652,-0.0005366235673703808,0.7048313042885372,0.7093744499775724,0,0,0,,0.54519122838974,-0.013509590178728104,0.0,False,False,1,False
74.931621115,1059,74,931621115,map,4.930749893188477,0.021314416080713272,-0.03811836242675781,7.553100294899195e-05,0.0,0.0,0.0,0.0006862258797279494,-0.00038541736963865854,0.7050910227497648,0.7091163728085705,0,0,0,,0.5807791948318481,-0.0053957439959049225,0.0,False,False,1,False
74.981621116,1060,74,981621116,map,4.924778938293457,1.0372014045715332,-0.12720108032226562,-2.6893621907220222e-05,0.0,0.0,0.0,0.00040046998894057215,-0.000565103184415262,0.7048628294788211,0.7093432962263683,0,0,0,,0.4826239347457886,0.018464650958776474,0.0,False,False,1,False
74.981621116,1061,75,31621117,map,4.897881984710693,-0.5385769605636597,-0.5325508117675781,-1.1444085430412088e-05,0.0,0.0,0.0,0.0003360339392592521,-0.0004891082291677179,0.7047039951814837,0.7095011818380483,0,0,0,,0.3598438501358032,-0.003132503479719162,0.0,False,False,1,False
75.031621117,1062,75,81621117,map,4.855734825134277,-0.350177139043808,-0.8410072326660156,2.841949390131049e-05,0.0,0.0,0.0,0.0003533907921165258,-0.0002614104162518087,0.7048198863833065,0.7093861674279851,0,0,0,,0.4926511347293854,-0.007241059094667435,0.0,False,False,1,False
75.131621118,1063,75,131621118,map,4.820154666900635,0.04693474620580673,-0.7117938995361328,-4.5394899643724784e-05,0.0,0.0,0.0,0.00029046633531492656,-0.00012644443889847477,0.7049564526158038,0.7092505196025266,0,0,0,,0.5141419768333435,-0.0023889727890491486,0.0,False,False,1,False
75.131621118,1064,75,181621119,map,4.792612075805664,0.18543295562267303,-0.5518436431884766,7.820131031621713e-06,0.0,0.0,0.0,0.00017598773338301407,-0.00011005199861727093,0.7049746351023665,0.7092324871148814,0,0,0,,0.529381275177002,0.0021009407937526703,0.0,False,False,1,False
75.23162112,1065,75,231621120,map,4.768730640411377,0.11285174638032913,-0.4784107208251953,-7.820131031621713e-06,0.0,0.0,0.0,8.819122588828263e-05,-0.00013596684124568534,0.7049049776008772,0.7093017314858554,0,0,0,,0.4967857301235199,0.0030648447573184967,0.0,False,False,1,False
75.28162112,1066,75,281621120,map,4.741863250732422,0.206713005900383,-0.5391502380371094,0.0,0.0,0.0,0.0,6.99286261757339e-06,-0.00018729361965580006,0.7047434393335598,0.7094622256248072,0,0,0,,0.4683133065700531,0.006262306123971939,0.0,False,False,1,False
75.331621121,1067,75,331621121,map,4.718607425689697,-0.9584104418754578,-0.46065330505371094,-1.9073468138230965e-07,0.0,0.0,0.0,0.00019924309538026683,1.6685343782450444e-05,0.7049712907625711,0.7092358135517006,0,0,0,,0.5706161856651306,-0.01746239885687828,0.0,False,False,1,False
75.381621122,1068,75,381621122,map,4.709714412689209,-0.05468742921948433,-0.17789840698242188,-6.523131742142141e-05,0.0,0.0,0.0,0.0003267542427101273,9.894746539016065e-05,0.7053504561274666,0.7088586724318457,0,0,0,,0.5783901214599609,-0.009461749345064163,0.0,False,False,1,False
75.381621122,1069,75,431621123,map,4.699541091918945,-0.23865476250648499,-0.20400047302246094,-2.632141149661038e-05,0.0,0.0,0.0,0.0004159885536746088,0.00010832848920110398,0.7057581039539033,0.7084527605436041,0,0,0,,0.45493283867836,-0.012182552367448807,0.0,False,False,1,False
75.481621123,1070,75,481621123,map,4.670753479003906,0.339687317609787,-0.5751705169677734,5.035399954067543e-05,0.0,0.0,0.0,0.0003324632715689742,7.44948878509381e-07,0.7059854261789918,0.7082262826882981,0,0,0,,0.3857136368751526,-0.0009729303419589996,0.0,False,False,1,False
75.481621123,1071,75,531621124,map,4.632618427276611,-0.10459095239639282,-0.7627487182617188,-1.6403197150793858e-05,0.0,0.0,0.0,0.0002497750212108789,-2.4735671636798043e-05,0.7061538363236625,0.7080583990363786,0,0,0,,0.48748698830604553,-0.0053575001657009125,0.0,False,False,1,False
75.581621125,1072,75,581621125,map,4.601129055023193,-0.17077627778053284,-0.6301212310791016,3.0326844353112392e-05,0.0,0.0,0.0,0.00022350478151536714,1.648877537912184e-05,0.7063890824674964,0.707823716715159,0,0,0,,0.5108208656311035,-0.007999274879693985,0.0,False,False,1,False
75.631621126,1073,75,631621126,map,4.579206943511963,-0.8201292157173157,-0.4445075988769531,-1.621246337890625e-05,0.0,0.0,0.0,0.0003828743644504447,0.00020430140998941538,0.7069583447275234,0.7072550533494089,0,0,0,,0.547845184803009,-0.02423722669482231,0.0,False,False,1,False
75.681621126,1074,75,681621126,map,4.555022716522217,-1.309334635734558,-0.5087471008300781,-0.000156402587890625,0.0,0.0,0.0,0.0007216599335598278,0.0005416337978803661,0.7081108438420058,0.7061007142562112,0,0,0,,0.4197027385234833,-0.04499777778983116,0.0,False,False,1,False
75.731621127,1075,75,731621127,map,4.5137481689453125,-1.0692511796951294,-0.8605098724365234,-0.0001350402890238911,0.0,0.0,0.0,0.0010000874763263126,0.0008652953392483524,0.7097193885487096,0.7044832436666335,0,0,0,,0.36610081791877747,-0.05369507521390915,0.0,False,False,1,False
75.781621128,1076,75,781621128,map,4.457442760467529,0.35237669944763184,-1.1139392852783203,0.00020484923152253032,0.0,0.0,0.0,0.0008493673156735119,0.0008258265807069577,0.7110706941344144,0.7031195236436147,0,0,0,,0.3481844365596771,-0.02946871891617775,0.0,False,False,1,False
75.831621129,1077,75,831621129,map,4.383880138397217,0.42567014694213867,-1.4580821990966797,0.00019149780564475805,0.0,0.0,0.0,0.00047211040454032195,0.0006261719974300575,0.7119542600710048,0.7022254029776648,0,0,0,,0.2803669273853302,-0.017670612782239914,0.0,False,False,1,False
75.881621129,1078,75,881621129,map,4.294041156768799,-1.0516560077667236,-1.837005615234375,-9.040832082973793e-05,0.0,0.0,0.0,0.0003808777314805818,0.0007888568145029658,0.7130833946147515,0.701078672448237,0,0,0,,0.2839072048664093,-0.04525516554713249,0.0,False,False,1,False
75.93162113,1079,75,931621130,map,4.199827671051025,-0.9532511234283447,-1.9340038299560547,-0.0001224517764057964,0.0,0.0,0.0,0.00042800644607474993,0.0011153225856576103,0.7146489191927697,0.6994823051104425,0,0,0,,0.3284548223018646,-0.057027582079172134,0.0,False,False,1,False
75.981621131,1080,75,981621131,map,4.1085333824157715,-1.8416438102722168,-1.9548988342285156,-0.00036468502366915345,0.0,0.0,0.0,0.000688335304638299,0.0016317317930764031,0.716894019084613,0.6971799115340133,0,0,0,,0.365859717130661,-0.09120684862136841,0.0,False,False,1,False
76.031621132,1081,76,31621132,map,4.0305705070495605,-1.692851185798645,-1.7199516296386719,-0.00031795501126907766,0.0,0.0,0.0,0.001005137477049245,0.002128824135218419,0.7198146430164988,0.6941623279215634,0,0,0,,0.43722817301750183,-0.10914379358291626,0.0,False,False,1,False
76.031621132,1082,76,81621132,map,3.973576545715332,0.6303781270980835,-1.0828828811645508,0.0005758285406045616,0.0,0.0,0.0,0.0008018975393588667,0.0019300720873249098,0.7222909668705176,0.6915861413875549,0,0,0,,0.44086316227912903,-0.06561971455812454,0.0,False,False,1,False
76.131621133,1083,76,131621133,map,3.920389175415039,-1.9277775287628174,-1.2804508209228516,5.035399226471782e-05,0.0,0.0,0.0,0.0009246532661631319,0.0019943381134811433,0.7250401300103075,0.6887031127463145,0,0,0,,0.42385274171829224,-0.11522987484931946,0.0,False,False,1,False
76.131621133,1084,76,181621134,map,3.873506546020508,-3.0562686920166016,-1.385340690612793,-0.0008270263788290322,0.0,0.0,0.0,0.0015061973493175518,0.0025448664837029256,0.7289560455856138,0.6845541166542712,0,0,0,,0.5427130460739136,-0.17444297671318054,0.0,False,False,1,False
76.181621134,1085,76,231621135,map,3.857055425643921,-3.0137252807617188,-0.8933401107788086,-0.001058387802913785,0.0,0.0,0.0,0.0022237255195881015,0.003199635418660339,0.7340712454721885,0.6790612814385101,0,0,0,,0.7029810547828674,-0.20660081505775452,0.0,False,False,1,False
76.281621135,1086,76,281621135,map,3.8970417976379395,-0.3118562698364258,0.7520580291748047,0.0010763168102130294,0.0,0.0,0.0,0.0023453912884189355,0.002967243666218694,0.738945961727301,0.6737540799517608,0,0,0,,0.7554822564125061,-0.1558622121810913,0.0,False,False,1,False
76.331621136,1087,76,331621136,map,3.946471691131592,-3.397752046585083,0.23195266723632812,-2.4223336367867887e-05,0.0,0.0,0.0,0.002785292381357874,0.0030048222227945457,0.7443138664310939,0.6678174012618684,0,0,0,,0.7085698843002319,-0.22812822461128235,0.0,False,False,1,False
76.381621137,1088,76,381621137,map,4.013141632080078,-3.8126707077026367,0.329437255859375,-0.0013427733210846782,0.0,0.0,0.0,0.0035530561979927214,0.00347806043770067,0.7509807128344147,0.6603054201185691,0,0,0,,0.8632551431655884,-0.26479265093803406,0.0,False,False,1,False
76.381621137,1089,76,431621138,map,4.124773025512695,-3.327653408050537,1.280355453491211,-0.0005647659418173134,0.0,0.0,0.0,0.00420725014245993,0.00378012105724836,0.758403342886976,0.6517609832054166,0,0,0,,0.9804204702377319,-0.2718026340007782,0.0,False,False,1,False
76.481621138,1090,76,481621138,map,4.284268379211426,-2.1204447746276855,2.641720771789551,0.0012681960361078382,0.0,0.0,0.0,0.0044981364343023725,0.0034910632393296884,0.7657367521718926,0.6431289183509934,0,0,0,,1.0,-0.24014277756214142,0.0,False,False,1,False
76.481621138,1091,76,531621139,map,4.458829402923584,-3.8621115684509277,2.2881603240966797,0.0001337051799055189,0.0,0.0,0.0,0.004939659350680775,0.0033789406244199086,0.7734206114444118,0.6338649227703865,0,0,0,,1.0,-0.2695760130882263,0.0,False,False,1,False
76.58162114,1092,76,581621140,map,4.625723838806152,-5.976517200469971,1.0951519012451172,-0.0021596907172352076,0.0,0.0,0.0,0.0057798309763406235,0.003980253212080095,0.7823271711799116,0.6228281852741491,0,0,0,,0.971770167350769,-0.35330477356910706,0.0,False,False,1,False
76.58162114,1093,76,631621140,map,4.8346943855285645,-3.482680320739746,2.983684539794922,-0.00024242413928732276,0.0,0.0,0.0,0.0062907791224351105,0.004225514057865656,0.7917048585872498,0.6108567655500939,0,0,0,,1.0,-0.29131022095680237,0.0,False,False,1,False
76.681621141,1094,76,681621141,map,5.041768550872803,-5.107121467590332,2.0647430419921875,0.00010242481948807836,0.0,0.0,0.0,0.006724188600640219,0.004476251166549094,0.8013348859666172,0.5981614740151907,0,0,0,,1.0,-0.3184640109539032,0.0,False,False,1,False
76.731621142,1095,76,731621142,map,5.226247787475586,-7.244281768798828,0.13637542724609375,0.07664508372545242,0.0,0.0,0.0,0.007523714686703185,0.0055489438463716305,0.8121036941855494,0.5834382510854826,0,0,0,,1.0,-0.4048394560813904,0.0,False,False,1,False
76.781621143,1096,76,781621143,map,5.310822486877441,-3.7032222747802734,-0.3304481506347656,-0.044765278697013855,0.0,0.0,0.0,0.007479138359824314,0.006225935602841959,0.8232848866254054,0.5675449723761608,0,0,0,,1.0,-0.3697640001773834,0.0,False,False,1,False
76.831621143,1097,76,831621143,map,5.180934429168701,-3.0079221725463867,-5.223407745361328,-0.012996290810406208,0.0,0.0,0.0,0.006887014658872995,0.006954215986359239,0.8344176741173535,0.5510456905100425,0,0,0,,1.0,-0.4049306809902191,0.0,False,False,0,False
76.881621144,1098,76,881621144,map,5.437302589416504,-9.012441635131836,-0.5443477630615234,-0.008765029720962048,0.0,0.0,0.0,0.007112376484815965,0.008415575513332524,0.8463790840107681,0.5324669363806646,0,0,0,,1.0,-0.46949973702430725,0.0,False,False,0,False
76.931621145,1099,76,931621145,map,5.847021579742432,-10.360260009765625,1.73797607421875,-0.022665785625576973,0.0,0.0,0.0,0.008573974620543625,0.01003981550816304,0.8598885292108464,0.5103110878624684,0,0,0,,1.0,-0.461443692445755,0.0,False,False,2,False
76.981621146,1100,76,981621146,map,6.2808942794799805,-11.342544555664062,0.9014797210693359,-0.012141609564423561,0.0,0.0,0.0,0.0099762482898552,0.011506794622899514,0.8744715693167338,0.48483764561376075,0,0,0,,1.0,-0.5,0.0,False,False,2,False
77.031621146,1101,77,31621146,map,6.583487033843994,-9.225349426269531,-1.286172866821289,-0.0024265283718705177,0.0,0.0,0.0,0.01075957935572612,0.012647002061602273,0.889327741752212,0.45696876538867814,0,0,0,,1.0,-0.474443256855011,0.0,False,False,2,False
77.081621147,1102,77,81621147,map,6.950843334197998,-10.885171890258789,-1.9495964050292969,0.0014263158664107323,0.0,0.0,0.0,0.011201121045157771,0.01399200968851293,0.9040816997634868,0.4269836515663956,0,0,0,,1.0,-0.5,0.0,False,False,2,False
77.131621148,1103,77,131621148,map,7.193019390106201,-9.196205139160156,-4.7985124588012695,0.0017507560551166534,0.0,0.0,0.0,0.011233600390003875,0.015528384922848233,0.9184950049926748,0.39496784842246574,0,0,0,,1.0,-0.5,0.0,False,False,2,False
77.131621148,1104,77,181621149,map,7.552512168884277,-9.435501098632812,-1.6321372985839844,0.009172819554805756,0.0,0.0,0.0,0.010851782778427233,0.016182914809909243,0.9316789387403129,0.36275984781465176,0,0,0,,1.0,-0.42249688506126404,0.0,False,False,2,False
77.231621149,1105,77,231621149,map,7.8480072021484375,-5.654611587524414,2.0296764373779297,0.02293224260210991,0.0,0.0,0.0,0.009861391345211266,0.01472339630410659,0.9424562118530448,0.3338596461113827,0,0,0,,1.0,-0.2190445512533188,0.0,False,False,2,False
77.231621149,1106,77,281621150,map,8.15495491027832,-2.2965145111083984,8.107266426086426,0.035997580736875534,0.0,0.0,0.0,0.008129788644380541,0.009979987353309938,0.9493343053314175,0.31400427243899187,0,0,0,,0.8767876625061035,0.005735713988542557,0.0,False,False,2,False
77.331621151,1107,77,331621151,map,8.38815689086914,-5.1165771484375,0.5836296081542969,0.008120918646454811,0.0,0.0,0.0,0.006867363090712587,0.00641503088404662,0.9534961223814395,0.3012587447801243,0,0,0,,0.7446670532226562,-0.18582642078399658,0.0,False,False,2,False
77.381621152,1108,77,381621152,map,8.608349800109863,-7.741422653198242,-4.633655548095703,-0.022769736126065254,0.0,0.0,0.0,0.006813835283013058,0.007268426533445144,0.9579342475292103,0.28681478175838404,0,0,0,,0.9726681709289551,-0.2330443114042282,0.0,False,False,2,False
77.381621152,1109,77,431621152,map,8.728937149047852,-6.946001052856445,-8.40230941772461,-0.025959588587284088,0.0,0.0,0.0,0.007062737244899406,0.01020514667048859,0.9632920740544174,0.268168515653837,0,0,0,,0.9909946322441101,-0.34971341490745544,0.0,False,False,2,False
77.481621153,1110,77,481621153,map,8.893726348876953,-7.489252090454102,-9.108562469482422,-0.025034330785274506,0.0,0.0,0.0,0.007261510307840976,0.013899935704243372,0.9695238896928637,0.24449435488429347,0,0,0,,0.9927761554718018,-0.36635127663612366,0.0,False,False,2,False
77.531621154,1111,77,531621154,map,9.057371139526367,-6.495494842529297,-8.408684730529785,-0.012681389227509499,0.0,0.0,0.0,0.00714935356017026,0.01666762463870224,0.975830607064525,0.21777443226571785,0,0,0,,0.882818341255188,-0.3450373709201813,0.0,False,False,2,False
77.531621154,1112,77,581621155,map,9.256440162658691,-6.364879608154297,-7.335910797119141,0.003007887862622738,0.0,0.0,0.0,0.006784608831457033,0.018190383181741775,0.9815649243632438,0.19014041733015338,0,0,0,,0.7540661692619324,-0.31083568930625916,0.0,False,False,2,False
77.631621155,1113,77,631621155,map,9.415567398071289,-5.03692626953125,-6.968502998352051,0.012657355517148972,0.0,0.0,0.0,0.006210486489160852,0.01870324073377872,0.9864169907369591,0.1630740292905779,0,0,0,,0.6152411699295044,-0.2751897871494293,0.0,False,False,2,False
77.681621156,1114,77,681621156,map,9.545164108276367,-4.07318115234375,-6.838998794555664,0.014601326547563076,0.0,0.0,0.0,0.005492142558739964,0.018618826088663734,0.9903246547220759,0.13740543633639815,0,0,0,,0.4956836402416229,-0.24813172221183777,0.0,False,False,2,False
77.731621157,1115,77,731621157,map,9.613534927368164,-2.49237060546875,-6.525754928588867,0.012637710198760033,0.0,0.0,0.0,0.004643295696457788,0.018106524925068822,0.9933515523079469,0.1135926365906039,0,0,0,,0.3868812024593353,-0.21811968088150024,0.0,False,False,2,False
77.731621157,1116,77,781621158,map,9.636185646057129,-1.2785911560058594,-6.103188991546631,0.00923919677734375,0.0,0.0,0.0,0.003710829016562364,0.017281368939839413,0.9956046755918817,0.0919723544069581,0,0,0,,0.356018602848053,-0.19091996550559998,0.0,False,False,2,False
77.831621158,1117,77,831621158,map,9.620633125305176,-0.21444320678710938,-5.020160675048828,0.006888008210808039,0.0,0.0,0.0,0.002765102248032201,0.016045379733560235,0.9972007837681924,0.0729760018832671,0,0,0,,0.4241808354854584,-0.15415920317173004,0.0,False,False,2,False
77.881621159,1118,77,881621159,map,9.58813190460205,0.3011131286621094,-4.357738494873047,0.003618430346250534,0.0,0.0,0.0,0.0019133849903788603,0.014579681338824662,0.9982795115988761,0.0567608013671971,0,0,0,,0.4326174855232239,-0.12671226263046265,0.0,False,False,2,False
77.881621159,1119,77,931621160,map,9.537110328674316,0.7880020141601562,-3.9726762771606445,-0.0004188530147075653,0.0,0.0,0.0,0.0011999808257553593,0.013127854774390664,0.9989874615517425,0.043014778128521475,0,0,0,,0.42185118794441223,-0.10816468298435211,0.0,False,False,2,False
77.981621161,1120,77,981621161,map,9.470647811889648,1.1864852905273438,-3.6746633052825928,-0.003258134238421917,0.0,0.0,0.0,0.0006173582382991848,0.011814250865958468,0.9994408436549767,0.03127366910853673,0,0,0,,0.3437400758266449,-0.09600085020065308,0.0,False,False,2,False
78.031621161,1121,78,31621161,map,9.377153396606445,1.8019676208496094,-3.2423698902130127,-0.0042718881741166115,0.0,0.0,0.0,0.00011493493200975283,0.010608284290463498,0.9997199627557122,0.021152946889063932,0,0,0,,0.2539723813533783,-0.08496588468551636,0.0,False,False,2,False
78.081621162,1122,78,81621162,map,9.263418197631836,2.2602272033691406,-2.6887683868408203,-0.003780936822295189,0.0,0.0,0.0,-0.0003417777485091392,0.009434422501902406,0.9998776930786988,0.012468911085012186,0,0,0,,0.25340402126312256,-0.0732831060886383,0.0,False,False,2,False
78.081621162,1123,78,131621163,map,9.130054473876953,2.68524169921875,-2.248684883117676,-0.003152847057208419,0.0,0.0,0.0,-0.000754245621640965,0.008302306268282142,0.9999525700294831,0.005035922517432361,0,0,0,,0.2573300302028656,-0.0636804848909378,0.0,False,False,2,False
78.181621164,1124,78,181621164,map,8.99470043182373,2.736186981201172,-1.545011043548584,-0.0023365025408566,0.0,0.0,0.0,0.0011015593982222518,-0.007131871756178046,-0.9999733187552443,0.001133468026930581,0,0,0,,0.26386532187461853,-0.04975852742791176,0.0,False,False,2,False
78.231621164,1125,78,231621164,map,8.84189224243164,3.108959197998047,-1.823173999786377,-0.0023525236174464226,0.0,0.0,0.0,0.0013906320643026775,-0.006220290238585901,-0.9999583952734364,0.006525477299275653,0,0,0,,0.2636822760105133,-0.05228814855217934,0.0,False,False,2,False
78.281621165,1126,78,281621165,map,8.706623077392578,2.7044296264648438,0.07373929023742676,-0.0009227750706486404,0.0,0.0,0.0,0.0015918782907874502,-0.004941217932721516,-0.9999312655902806,0.010512582169402747,0,0,0,,0.27658024430274963,-0.019490841776132584,0.0,False,False,2,False
78.331621166,1127,78,331621166,map,8.543392181396484,3.2496070861816406,0.513949990272522,-0.0005128860357217491,0.0,0.0,0.0,0.0017316197828329775,-0.0035029255821501745,-0.9999102323485423,0.01281632747622158,0,0,0,,0.2680247724056244,-0.0024829991161823273,0.0,False,False,2,False
78.381621167,1128,78,381621167,map,8.41884708404541,2.4882125854492188,0.12498974800109863,-0.00138339982368052,0.0,0.0,0.0,0.0018042785794577672,-0.0024028304653073,-0.9998977027060292,0.013984101965010815,0,0,0,,0.2706504166126251,-0.0018020682036876678,0.0,False,False,2,False
78.431621167,1129,78,431621167,map,8.247711181640625,3.4106826782226562,0.45116156339645386,-0.0013629915192723274,0.0,0.0,0.0,0.0018615171569229105,-0.0015364250097490212,-0.9998930555874124,0.014423991823759702,0,0,0,,0.28508296608924866,0.0053748153150081635,0.0,False,False,2,False
78.431621167,1130,78,481621168,map,8.138978958129883,2.16583251953125,0.3435516357421875,-0.0010597228538244963,0.0,0.0,0.0,0.0018575022018839519,-0.0008939197243183506,-0.9998955597428959,0.014304551706960978,0,0,0,,0.29866719245910645,0.006887655705213547,0.0,False,False,2,False
78.531621169,1131,78,531621169,map,7.976227283477783,3.235025405883789,0.8421805500984192,-0.0005283355712890625,0.0,0.0,0.0,0.0018441386907151387,-0.00027666978273396353,-0.9999043165240717,0.013706947247647702,0,0,0,,0.31006473302841187,0.016809705644845963,0.0,False,False,2,False
78.58162117,1132,78,581621170,map,7.889359474182129,1.7239093780517578,0.6712433695793152,-0.0002773284213617444,0.0,0.0,0.0,0.0017626347136873893,0.00021085101821098919,-0.9999204067939735,0.012491146372081872,0,0,0,,0.32280054688453674,0.018809016793966293,0.0,False,False,2,False
78.58162117,1133,78,631621170,map,7.736485004425049,3.0521583557128906,0.3280133008956909,-2.5749250198714435e-05,0.0,0.0,0.0,0.0016985392873382515,0.00043405886743230656,-0.9999333811846494,0.011408757593346011,0,0,0,,0.3224368989467621,0.013372022658586502,0.0,False,False,2,False
78.681621171,1134,78,681621171,map,7.660954475402832,1.4994144439697266,0.7926799058914185,0.00012092590623069555,0.0,0.0,0.0,0.001596009748366026,0.0006845516980691404,-0.9999494818596049,0.009900397495229243,0,0,0,,0.3241117298603058,0.021992411464452744,0.0,False,False,2,False
78.731621172,1135,78,731621172,map,7.510473728179932,3.0029869079589844,0.7052867412567139,0.00014705656212754548,0.0,0.0,0.0,0.0015362583932053097,0.0009059014876292348,-0.9999630723460957,0.00840673520465506,0,0,0,,0.31514695286750793,0.022784467786550522,0.0,False,False,2,False
78.731621172,1136,78,781621173,map,7.443857669830322,1.333465576171875,-0.14045625925064087,0.00018806461594067514,0.0,0.0,0.0,0.001447304302522548,0.0007853517799263073,-0.9999743459206458,0.006971085526226891,0,0,0,,0.3264695703983307,0.007881302386522293,0.0,False,False,2,False
78.831621173,1137,78,831621173,map,7.296412467956543,2.9462528228759766,0.380704402923584,0.00027637480525299907,0.0,0.0,0.0,0.0014035244979291991,0.0007043497742387735,-0.9999806204790636,0.0060243403527901656,0,0,0,,0.3388698399066925,0.012943726032972336,0.0,False,False,2,False
78.881621174,1138,78,881621174,map,7.240437030792236,1.1182403564453125,0.2544778883457184,0.00012512206740211695,0.0,0.0,0.0,0.0013190572987389388,0.0006613152038836546,-0.9999870007501842,0.0048806844494255755,0,0,0,,0.3451266586780548,0.011664245277643204,0.0,False,False,2,False
78.931621175,1139,78,931621175,map,7.097548484802246,2.8564834594726562,0.5870571732521057,3.318786184536293e-05,0.0,0.0,0.0,0.0012780882217548058,0.0007371087192823855,-0.9999912527328993,0.003913772977549109,0,0,0,,0.34770289063453674,0.01800987496972084,0.0,False,False,2,False
78.981621176,1140,78,981621176,map,7.051646709442139,0.9184074401855469,0.34721410274505615,5.0354006816633046e-05,0.0,0.0,0.0,0.0011929533616307454,0.000778584732094979,-0.9999956710417792,0.0025746001230631914,0,0,0,,0.3537987768650055,0.0159689299762249,0.0,False,False,2,False
79.031621176,1141,79,31621176,map,6.913671493530273,2.7593231201171875,-0.5558604001998901,0.00012073516700183973,0.0,0.0,0.0,0.001153808473102043,0.0004734869951519407,-0.9999971057476502,0.0020574334486366226,0,0,0,,0.3682805597782135,-0.003023143857717514,0.0,False,False,2,False
79.081621177,1142,79,81621177,map,6.879090785980225,0.6914806365966797,0.1104028970003128,-1.2207028703414835e-05,0.0,0.0,0.0,0.0010640378090632614,0.0002887195598304347,-0.9999982174619333,0.0015328201175777818,0,0,0,,0.38412752747535706,0.003985647112131119,0.0,False,False,2,False
79.131621178,1143,79,131621178,map,6.748050689697266,2.6207637786865234,0.04102031886577606,-3.776550147449598e-05,0.0,0.0,0.0,0.0010185838774547766,0.00021182600704695484,-0.9999984644415928,0.0014102237708078392,0,0,0,,0.3821595013141632,0.0031639672815799713,0.0,False,False,2,False
79.181621178,1144,79,181621178,map,6.723446846008301,0.49225807189941406,0.31083372235298157,-3.318786548334174e-05,0.0,0.0,0.0,0.0009238893656068149,0.0002601770143984969,-0.999999177958812,0.0008501870745475317,0,0,0,,0.3724317252635956,0.008864659816026688,0.0,False,False,2,False
79.231621179,1145,79,231621179,map,6.595656394958496,2.5556564331054688,-0.11676091700792313,-1.583099401614163e-05,0.0,0.0,0.0,0.0008848028697233418,0.0002096797249673083,-0.9999993396666249,0.0007027265532803278,0,0,0,,0.38218340277671814,0.0017788447439670563,0.0,False,False,2,False
79.28162118,1146,79,281621180,map,6.578856468200684,0.3363037109375,0.19084693491458893,4.38690185546875e-05,0.0,0.0,0.0,0.0007981220220977222,0.00020869244268007818,-0.9999996378089688,0.00020935766884631389,0,0,0,,0.4014376103878021,0.006362076848745346,0.0,False,False,2,False
79.331621181,1147,79,331621181,map,6.456161022186279,2.454195022583008,0.10194037109613419,-1.392364538332913e-05,0.0,0.0,0.0,0.0007650762787085793,0.0002213389142311558,-0.9999996820396083,3.9850407569122474e-05,0,0,0,,0.3986344039440155,0.0056943632662296295,0.0,False,False,2,False
79.331621181,1148,79,381621181,map,6.449046611785889,0.14166831970214844,-0.33046722412109375,2.460479663568549e-05,0.0,0.0,0.0,-0.0006772476620136654,-7.599044098113579e-05,0.9999997340481325,0.0002597397190776878,0,0,0,,0.43483784794807434,-0.003693666309118271,0.0,False,False,2,False
79.431621182,1149,79,431621182,map,6.3344879150390625,2.2911834716796875,0.005229394882917404,-1.4877318790240679e-05,0.0,0.0,0.0,-0.0006386039657263017,1.976199531991745e-06,0.999999794541424,5.5661294714716554e-05,0,0,0,,0.4382683336734772,3.447011113166809e-05,0.0,False,False,2,False
79.481621183,1150,79,481621183,map,6.339142322540283,-0.09290695190429688,0.15006692707538605,-5.722040441469289e-07,0.0,0.0,0.0,-0.0005393125375994811,-3.152499973418717e-05,0.9999998063615083,0.0003089095450821674,0,0,0,,0.43721672892570496,0.003641214221715927,0.0,False,False,2,False
79.531621184,1151,79,531621184,map,6.230856418609619,2.1660232543945312,0.12525998055934906,-4.920959327137098e-05,0.0,0.0,0.0,-0.0004964728785802003,-9.173934445147138e-05,0.9999998329795567,0.0002813173165176408,0,0,0,,0.4349121153354645,0.004628386348485947,0.0,False,False,2,False
79.581621184,1152,79,581621184,map,6.243720054626465,-0.2576923370361328,-0.2033635675907135,4.692077709478326e-05,0.0,0.0,0.0,-0.00039871128330792735,-2.9614667942910957e-05,0.9999997777370545,0.0005335523643881392,0,0,0,,0.4549138844013214,-0.001974385231733322,0.0,False,False,2,False
79.631621185,1153,79,631621185,map,6.141414642333984,2.046184539794922,0.0529513955116272,-3.585815284168348e-05,0.0,0.0,0.0,-0.0003603727796466481,-8.928923913967124e-06,0.9999998740774928,0.0003491371260760973,0,0,0,,0.4512260854244232,0.0014572031795978546,0.0,False,False,2,False
79.681621186,1154,79,681621186,map,6.1620001792907715,-0.4114246368408203,0.13008341193199158,1.9836423234664835e-05,0.0,0.0,0.0,-0.000267181175435424,-5.149348733322774e-05,0.999999756167061,0.0006431395328223804,0,0,0,,0.4529484212398529,0.0038448981940746307,0.0,False,False,2,False
79.731621187,1155,79,731621187,map,6.0640130043029785,1.9594383239746094,-0.5278066396713257,-1.4495846698991954e-05,0.0,0.0,0.0,-0.00023749436578660116,0.00011577112005159644,0.9999999312052911,0.00026035146831983693,0,0,0,,0.4623616337776184,-0.00989074632525444,0.0,False,False,2,False
79.731621187,1156,79,781621187,map,6.091170310974121,-0.5432891845703125,0.15672169625759125,-1.888275073724799e-05,0.0,0.0,0.0,-0.00015154285308976895,0.00012944454028376113,0.9999999500541897,0.0002452967439350782,0,0,0,,0.4657065272331238,0.0003775469958782196,0.0,False,False,2,False
79.831621188,1157,79,831621188,map,5.9970197677612305,1.883087158203125,0.17767119407653809,-2.708435022213962e-05,0.0,0.0,0.0,-0.00012969937247220604,3.031967486514866e-05,0.9999999910711858,1.0789734590248947e-05,0,0,0,,0.44896161556243896,0.003567870706319809,0.0,False,False,2,False
79.881621189,1158,79,881621189,map,6.028251647949219,-0.6246376037597656,-0.2896639406681061,-1.2207030522404239e-05,0.0,0.0,0.0,-5.4054210877684395e-05,8.343529679025664e-05,0.9999999913352845,8.629092916273448e-05,0,0,0,,0.46856579184532166,-0.005250860005617142,0.0,False,False,2,False
79.881621189,1159,79,931621190,map,5.937368392944336,1.817626953125,0.036741241812705994,-1.8692015146370977e-05,0.0,0.0,0.0,4.318076088260173e-05,-9.461951221761419e-05,-0.9999999538779392,0.00028535362166683955,0,0,0,,0.4778480529785156,-0.0007417909801006317,0.0,False,False,2,False
79.93162119,1160,79,981621190,map,5.974379062652588,-0.7402610778808594,0.11650308221578598,-1.6784670151537284e-05,0.0,0.0,0.0,-2.854581874593832e-05,-3.4937057385013124e-05,-0.9999999895218183,0.000137553267091633,0,0,0,,0.47430750727653503,0.0020666681230068207,0.0,False,False,2,False
79.98162119,1161,80,31621191,map,5.887335300445557,1.7411613464355469,-0.26676326990127563,1.5830992197152227e-05,0.0,0.0,0.0,-3.702622684714067e-05,-9.454397340232353e-05,-0.9999998666903783,0.000506270403423525,0,0,0,,0.48440319299697876,-0.005363669246435165,0.0,False,False,2,False
80.031621191,1162,80,81621192,map,5.929710388183594,-0.8475589752197266,0.028021130710840225,5.817413330078125e-05,0.0,0.0,0.0,-0.0001078326144900583,-0.00010572804191111218,-0.9999998685959103,0.0004898998580432637,0,0,0,,0.4914627969264984,-0.0011905469000339508,0.0,False,False,2,False
80.131621193,1163,80,131621193,map,5.846548080444336,1.6630268096923828,0.1839776635169983,-5.0926206313306466e-05,0.0,0.0,0.0,-0.0001160933141822353,-2.2273706033329235e-05,-0.9999997166735092,0.0007434239207969865,0,0,0,,0.4764973819255829,0.00338614359498024,0.0,False,False,2,False
80.131621193,1164,80,181621193,map,5.892923355102539,-0.9270668029785156,-0.27612560987472534,-2.9754637580481358e-05,0.0,0.0,0.0,-0.0001841282611143551,-7.500148551352052e-05,-0.9999997569005807,0.0006683340035746522,0,0,0,,0.49891242384910583,-0.005145292729139328,0.0,False,False,2,False
80.231621194,1165,80,231621194,map,5.813465595245361,1.5892505645751953,-0.03302030265331268,5.016326758777723e-05,0.0,0.0,0.0,-0.00018876627449720336,-0.00011141405184871955,-0.999999386794404,0.0010855252270097965,0,0,0,,0.49743983149528503,-0.002429809421300888,0.0,False,False,2,False
80.281621195,1166,80,281621195,map,5.864499092102051,-1.0203075408935547,-0.10347802191972733,-3.8146959013829473e-06,0.0,0.0,0.0,-0.00025602973676723686,-0.00013584548876633068,-0.9999993387948402,0.0011128363130489115,0,0,0,,0.4935649335384369,-0.00368436798453331,0.0,False,False,2,False
80.331621196,1167,80,331621196,map,5.786451816558838,1.5601825714111328,0.2761412262916565,-4.863739377469756e-05,0.0,0.0,0.0,-0.0002558393222461219,-3.1413737639646236e-05,-0.9999990015927709,0.001389378594805663,0,0,0,,0.46931490302085876,0.004581194370985031,0.0,False,False,2,False
80.381621196,1168,80,381621196,map,5.837277889251709,-1.0159778594970703,-0.21558745205402374,2.880096508306451e-05,0.0,0.0,0.0,-0.00031006302886809315,-4.744212182993476e-05,-0.9999991462867328,0.0012684778155389893,0,0,0,,0.47895124554634094,-0.003530893474817276,0.0,False,False,2,False
80.431621197,1169,80,431621197,map,5.757715702056885,1.5905570983886719,0.3883053660392761,-4.005432856502011e-06,0.0,0.0,0.0,-0.00029203988766031045,6.883466487575409e-05,-0.9999989811247122,0.001395608838584174,0,0,0,,0.46999138593673706,0.008071135729551315,0.0,False,False,2,False
80.431621197,1170,80,481621198,map,5.807394981384277,-0.9932708740234375,0.28246378898620605,-1.5258788153005298e-05,0.0,0.0,0.0,-0.0003300350186160779,0.00021730259199251507,-0.9999995679900229,0.0008413538121692049,0,0,0,,0.46503522992134094,0.009875651448965073,0.0,False,False,2,False
80.531621199,1171,80,531621199,map,5.726476192474365,1.6184711456298828,-0.5790025591850281,2.288818359375e-05,0.0,0.0,0.0,-0.000297821938421993,3.618068028492898e-05,-0.9999994318248656,0.0010229090855087303,0,0,0,,0.48926451802253723,-0.008430752903223038,0.0,False,False,2,False
80.581621199,1172,80,581621199,map,5.777875900268555,-1.027984619140625,-0.0017885304987430573,2.937316821771674e-05,0.0,0.0,0.0,-0.0003321106146366177,-6.896633244161839e-05,-0.9999994815844674,0.0009600921733285276,0,0,0,,0.5000849366188049,-0.0016711689531803131,0.0,False,False,2,False
80.6316212,1173,80,631621200,map,5.699521541595459,1.5668010711669922,0.481938898563385,4.348754737293348e-05,0.0,0.0,0.0,-0.00030728952708477375,8.410420790183848e-05,-0.9999994137631695,0.0010348782276714905,0,0,0,,0.4798063039779663,0.010548297315835953,0.0,False,False,2,False
80.681621201,1174,80,681621201,map,5.752413272857666,-1.0571765899658203,0.25476452708244324,2.937316821771674e-05,0.0,0.0,0.0,-0.0003475344310374595,0.00023740910999545684,-0.9999998246080202,0.00041670212695604244,0,0,0,,0.4748289883136749,0.010390188544988632,0.0,False,False,2,False
80.731621202,1175,80,731621202,map,5.674274444580078,1.5619945526123047,-0.47815442085266113,-5.531310671358369e-05,0.0,0.0,0.0,-0.0003218481817716241,8.586009277621998e-05,-0.9999998209908888,0.000497051287690126,0,0,0,,0.5060581564903259,-0.005464177578687668,0.0,False,False,2,False
80.781621202,1176,80,781621202,map,5.730929374694824,-1.1321735382080078,-0.411775678396225,6.103515261202119e-06,0.0,0.0,0.0,-0.0003671993035250574,-0.00015318550566262225,-0.999999768572972,0.000551863094303291,0,0,0,,0.5298693180084229,-0.00989924743771553,0.0,False,False,2,False
80.831621203,1177,80,831621203,map,5.659008026123047,1.4374923706054688,0.4662037193775177,2.403259350103326e-05,0.0,0.0,0.0,-0.00035817361281449234,-5.923931591883563e-05,-0.9999995719715895,0.0008510340792678263,0,0,0,,0.5117061734199524,0.0072763822972774506,0.0,False,False,2,False
80.881621204,1178,80,881621204,map,5.722306251525879,-1.2656211853027344,-0.28382959961891174,1.5258788153005298e-05,0.0,0.0,0.0,-0.000421408430525937,-7.719052886016256e-05,-0.999999644199373,0.0007266757767852227,0,0,0,,0.5390710830688477,-0.0044489093124866486,0.0,False,False,2,False
80.931621205,1179,80,931621205,map,5.656181335449219,1.3224124908447266,0.037743356078863144,-4.1580202378099784e-05,0.0,0.0,0.0,-0.0004264438112043617,-8.1721484568306e-05,-0.9999993361728639,0.0010672961661991175,0,0,0,,0.5289384126663208,-0.00021890923380851746,0.0,False,False,2,False
80.981621205,1180,80,981621205,map,5.724765777587891,-1.371917724609375,0.1614593267440796,2.6702882678364404e-06,0.0,0.0,0.0,-0.0004995411139556475,-6.51552118772995e-06,-0.9999995121867871,0.000852081223504382,0,0,0,,0.524605393409729,0.0035983435809612274,0.0,False,False,2,False
81.031621206,1181,81,31621206,map,5.66067361831665,1.282052993774414,0.31387433409690857,2.708435022213962e-05,0.0,0.0,0.0,-0.0005034140474634799,0.00013406795610029277,-0.9999995134883987,0.0008376294204149655,0,0,0,,0.5071375966072083,0.008965056389570236,0.0,False,False,2,False
81.081621207,1182,81,81621207,map,5.730130672454834,-1.3893795013427734,-0.24407200515270233,-4.329681542003527e-05,0.0,0.0,0.0,-0.0005657501475042492,8.787708157689224e-05,-0.9999997192416881,0.0004834469303503544,0,0,0,,0.5325813293457031,-0.0013382844626903534,0.0,False,False,2,False
81.131621208,1183,81,131621208,map,5.668506145477295,1.2325000762939453,0.0649600625038147,-2.6702880859375e-05,0.0,0.0,0.0,-0.0005593655603005593,5.744460708364742e-05,-0.9999996506421823,0.000618486701952436,0,0,0,,0.5318180322647095,0.0024987347424030304,0.0,False,False,2,False
81.181621208,1184,81,181621208,map,5.740664958953857,-1.443014144897461,0.14742273092269897,9.15527380129788e-06,0.0,0.0,0.0,-0.0006166933610045365,9.678777909898772e-05,-0.999999775094923,0.0002452173067801582,0,0,0,,0.5242440700531006,0.0051236338913440704,0.0,False,False,2,False
81.181621208,1185,81,231621209,map,5.679708003997803,1.2201881408691406,0.32705241441726685,-4.367828296381049e-05,0.0,0.0,0.0,-0.0006035778328600918,0.0002121934605095429,-0.9999997903331725,0.00010000672906228194,0,0,0,,0.5108020901679993,0.010633725672960281,0.0,False,False,2,False
81.28162121,1186,81,281621210,map,5.751432418823242,-1.435708999633789,-0.5235786437988281,3.013610876223538e-05,0.0,0.0,0.0,0.0006503362140073362,-4.9665285155349826e-05,0.9999997671575394,0.00020070135886953594,0,0,0,,0.5356892347335815,-0.006661061197519302,0.0,False,False,2,False
81.331621211,1187,81,331621211,map,5.692385673522949,1.1809349060058594,-0.00013222655979916453,-3.128051685052924e-05,0.0,0.0,0.0,-0.0006307316056006865,-4.9209331360463254e-05,-0.9999997954311266,9.430688419186878e-05,0,0,0,,0.5327720642089844,-0.0007262565195560455,0.0,False,False,2,False
81.381621211,1188,81,381621211,map,5.7657084465026855,-1.4663982391357422,0.1103796735405922,3.719329833984375e-05,0.0,0.0,0.0,0.0006760383261321058,2.3769596364760725e-05,0.9999997655029434,0.00010677661716701386,0,0,0,,0.5142531991004944,0.0024411641061306,0.0,False,False,2,False
81.431621212,1189,81,431621212,map,5.706131458282471,1.191558837890625,-0.24447304010391235,-1.0490419299458154e-05,0.0,0.0,0.0,-0.0006514002378143727,-8.730387209171749e-05,-0.9999997606338379,0.00021630541178311482,0,0,0,,0.5247028470039368,-0.004402291029691696,0.0,False,False,2,False
81.481621213,1190,81,481621213,map,5.779208183288574,-1.4615249633789062,0.27187711000442505,5.912781944061862e-06,0.0,0.0,0.0,-0.0006899235590828004,-1.4294920276604874e-05,-0.9999997618618357,8.798287727725995e-06,0,0,0,,0.5330840349197388,0.0050439052283763885,0.0,False,False,2,False
81.481621213,1191,81,531621214,map,5.720332145690918,1.177682876586914,0.09556280076503754,-3.089904930675402e-05,0.0,0.0,0.0,-0.0006625111825796304,6.359085460072941e-05,-0.999999774600717,8.85079183479084e-05,0,0,0,,0.5153164863586426,0.004213538020849228,0.0,False,False,2,False
81.581621214,1192,81,581621214,map,5.792774677276611,-1.4481830596923828,0.22346961498260498,2.0408628188306466e-05,0.0,0.0,0.0,0.0006975523855446964,-0.00015553271262455502,0.9999996693956484,0.00038786445887899776,0,0,0,,0.5215391516685486,0.007634226232767105,0.0,False,False,2,False
81.631621215,1193,81,631621215,map,5.734594821929932,1.1626815795898438,-0.46844881772994995,-8.583065209677443e-06,0.0,0.0,0.0,0.0006669150463866573,-6.51902013799728e-06,0.9999997593339478,0.0001910860272048183,0,0,0,,0.5557274222373962,-0.0066979192197322845,0.0,False,False,2,False
81.681621216,1194,81,681621216,map,5.8109517097473145,-1.5271186828613281,-0.06496232002973557,2.5176999770337716e-05,0.0,0.0,0.0,0.0007093177302782528,9.61811109757829e-05,0.9999997163940748,0.0002341566170696875,0,0,0,,0.556300938129425,-0.0028001703321933746,0.0,False,False,2,False
81.681621216,1195,81,731621216,map,5.757375240325928,1.0716819763183594,0.2700701355934143,5.340575626178179e-06,0.0,0.0,0.0,0.000693977113710333,1.572699707793792e-05,0.9999997588905584,1.9163831819211153e-05,0,0,0,,0.5327048897743225,0.005118954926729202,0.0,False,False,2,False
81.781621217,1196,81,781621217,map,5.836561679840088,-1.5836906433105469,-0.41990214586257935,-2.403259350103326e-05,0.0,0.0,0.0,0.0007458998648337931,0.00011081782547521286,0.9999997134388363,6.689578685606547e-05,0,0,0,,0.5752377510070801,-0.007726084440946579,0.0,False,False,2,False
81.831621218,1197,81,831621218,map,5.788019180297852,0.9708118438720703,0.022665411233901978,-2.079009937006049e-05,0.0,0.0,0.0,-0.0007394604971084625,-0.0001450029313268889,-0.9999996460429483,0.0003742810453925012,0,0,0,,0.5633213520050049,-0.0019068755209445953,0.0,False,False,2,False
81.881621219,1198,81,881621219,map,5.871365547180176,-1.6665935516357422,0.5447660684585571,8.583065209677443e-06,0.0,0.0,0.0,-0.000800731445735556,6.574593415628656e-05,-0.9999996763476725,4.2557891685747184e-05,0,0,0,,0.5479856729507446,0.011161457747220993,0.0,False,False,2,False
81.931621219,1199,81,931621219,map,5.822972297668457,0.9689807891845703,0.2691348195075989,2.8610247682081535e-06,0.0,0.0,0.0,0.0007918054300005044,-0.00024541291795401047,0.9999996416446507,0.00017183489449835464,0,0,0,,0.528464674949646,0.010514389723539352,0.0,False,False,2,False
81.98162122,1200,81,981621220,map,5.904509544372559,-1.6320514678955078,-0.3399288058280945,3.1852719985181466e-05,0.0,0.0,0.0,0.0008393817463937432,-0.00014884582021998922,0.9999994535918587,0.000605061310489129,0,0,0,,0.5622239112854004,-0.002110954374074936,0.0,False,False,2,False
82.031621221,1201,82,31621221,map,5.858015537261963,0.9300899505615234,0.07678599655628204,-2.632141149661038e-05,0.0,0.0,0.0,0.0008204109371961289,-8.96458561972873e-05,0.9999995220606831,0.0005241830979067879,0,0,0,,0.5620522499084473,0.0028931833803653717,0.0,False,False,2,False
82.031621221,1202,82,81621222,map,5.941519737243652,-1.668558120727539,0.346710741519928,4.806518700206652e-05,0.0,0.0,0.0,0.0008655069467517018,-0.00018491950174977584,0.9999990734996341,0.0010342641714235483,0,0,0,,0.5504022836685181,0.009722422808408737,0.0,False,False,2,False
82.131621222,1203,82,131621222,map,5.897629737854004,0.8762741088867188,-0.3445777893066406,-6.065368506824598e-05,0.0,0.0,0.0,0.0008471961041051291,-8.525848538518368e-05,0.9999991502405629,0.0009871716691087667,0,0,0,,0.593014121055603,-0.00287613645195961,0.0,False,False,2,False
82.131621222,1204,82,181621223,map,5.986118793487549,-1.7695903778076172,0.06071176379919052,2.5749204723979346e-05,0.0,0.0,0.0,0.000901300879091591,-3.307792566118701e-05,0.9999988211799673,0.00124265894441079,0,0,0,,0.5870288610458374,0.00182279571890831,0.0,False,False,2,False
82.231621224,1205,82,231621224,map,5.947561264038086,0.7750606536865234,0.6353870034217834,-2.7275087632006034e-05,0.0,0.0,0.0,0.000896287449893252,-0.0002367335421517624,0.9999985019513514,0.0014617527459634125,0,0,0,,0.5637532472610474,0.015700604766607285,0.0,False,False,2,False
82.281621225,1206,82,281621225,map,6.0361008644104,-1.7646312713623047,0.5644899606704712,1.2969971976417582e-05,0.0,0.0,0.0,0.0009502407641801544,-0.0004918680296446643,0.9999962952905809,0.002502901005829601,0,0,0,,0.5497345328330994,0.01960064098238945,0.0,False,False,2,False
82.281621225,1207,82,331621225,map,5.997669696807861,0.7658195495605469,-0.23002460598945618,3.5476681659929454e-05,0.0,0.0,0.0,0.0009346172692652788,-0.00042973119112565066,0.999994902192988,0.003022814863638775,0,0,0,,0.594019889831543,0.005233731120824814,0.0,False,False,2,False
82.381621226,1208,82,381621226,map,6.088847637176514,-1.8186473846435547,0.3887169063091278,5.168914867681451e-05,0.0,0.0,0.0,0.000984557710419851,-0.0004395658816113715,0.9999916934371763,0.003930710444582719,0,0,0,,0.5973691940307617,0.013992499560117722,0.0,False,False,2,False
82.431621227,1209,82,431621227,map,6.055469036102295,0.6782245635986328,0.615814208984375,-0.00011196135892532766,0.0,0.0,0.0,0.0009741798208614221,-0.0006035837760783748,0.9999880345776326,0.004755771426953917,0,0,0,,0.5746716260910034,0.021832507103681564,0.0,False,False,2,False
82.481621228,1210,82,481621228,map,6.150430202484131,-1.9077205657958984,-0.46436458826065063,9.93728608591482e-05,0.0,0.0,0.0,0.0010315981995796734,-0.0004199735886095109,0.9999833224964794,0.005666935348283846,0,0,0,,0.6401894092559814,0.0010125897824764252,0.0,False,False,2,False
82.531621228,1211,82,531621228,map,6.127315521240234,0.459136962890625,-0.2169068157672882,4.57763690064894e-06,0.0,0.0,0.0,0.0010414300186077428,-0.0001751357452269388,0.9999827218633864,0.005782795663020403,0,0,0,,0.6371731758117676,-0.0001835860311985016,0.0,False,False,2,False
82.581621229,1212,82,581621229,map,6.232547283172607,-2.0943164825439453,0.6462879180908203,-4.1389463149243966e-05,0.0,0.0,0.0,0.0011236711935524476,-0.00027866814701761025,0.9999783033898015,0.006484786562935067,0,0,0,,0.6338290572166443,0.015502993017435074,0.0,False,False,2,False
82.63162123,1213,82,631621230,map,6.214888572692871,0.38700103759765625,1.3788045644760132,-0.0001104354887502268,0.0,0.0,0.0,0.001141008014733248,-0.0007810994759715821,0.9999695623393736,0.0076786964466942845,0,0,0,,0.6003584861755371,0.03766403719782829,0.0,False,False,2,False
82.681621231,1214,82,681621231,map,6.323691368103027,-2.221498489379883,-2.094836950302124,0.000141143798828125,0.0,0.0,0.0,0.0012261344045673619,-0.00017093650705290843,0.9999654668510108,0.008217814829538159,0,0,0,,0.7789806127548218,-0.030398648232221603,0.0,False,False,2,False
82.681621231,1215,82,731621231,map,6.33558464050293,-0.24480819702148438,-0.6756159067153931,-0.000156402587890625,0.0,0.0,0.0,0.001293702445253289,0.0004608617985293722,0.9999726812940508,0.007262961239924473,0,0,0,,0.8382626175880432,-0.02022387459874153,0.0,False,False,2,False
82.781621232,1216,82,781621232,map,6.490113258361816,-3.073301315307617,1.369062066078186,1.468658410885837e-05,0.0,0.0,0.0,0.0014839896877577418,0.0001267708133533953,0.999972132734437,0.007315426051107762,0,0,0,,0.8020862340927124,0.01867992803454399,0.0,False,False,2,False
82.781621232,1217,82,831621233,map,6.545203685760498,-1.1227226257324219,-2.3763253688812256,-0.00018577574519440532,0.0,0.0,0.0,0.0016712479081053128,0.0006979451997439095,0.9999792661602408,0.00617956734360081,0,0,0,,0.899437427520752,-0.04491228237748146,0.0,False,False,2,False
82.831621233,1218,82,881621234,map,6.747780799865723,-4.040374755859375,1.7827725410461426,-7.87734825280495e-05,0.0,0.0,0.0,0.0019761250667210597,0.00035566795866995765,0.9999814171957523,0.005756187383912284,0,0,0,,0.878986656665802,0.019781019538640976,0.0,False,False,2,False
82.931621234,1219,82,931621234,map,6.8364057540893555,-1.6095829010009766,5.160539150238037,-0.0003425598260946572,0.0,0.0,0.0,0.0022162325554877247,-0.0015206654693619853,0.9999631425958873,0.008154099554676861,0,0,0,,0.7332614064216614,0.14376351237297058,0.0,False,False,2,False
82.981621235,1220,82,981621235,map,7.029020309448242,-3.2643985748291016,7.719569683074951,-0.004347419366240501,0.0,0.0,0.0,0.0023584664052327176,-0.004930488313636193,0.9998502443192512,0.016420013883613173,0,0,0,,0.8295074701309204,0.20977246761322021,0.0,False,False,2,False
83.031621236,1221,83,31621236,map,7.165543079376221,-2.4627208709716797,2.5316083431243896,-0.0031536100432276726,0.0,0.0,0.0,0.002476337355435057,-0.006457411703823112,0.9996150848609023,0.02686729807629268,0,0,0,,0.9308004379272461,0.1268063634634018,0.0,False,False,2,False
83.031621236,1222,83,81621237,map,7.38216495513916,-3.4043025970458984,6.815704345703125,-0.0005014421185478568,0.0,0.0,0.0,0.002556990400875588,-0.007875859328331524,0.9992083673020385,0.03891106980699099,0,0,0,,1.0,0.22480294108390808,0.0,False,False,2,False
83.081621237,1223,83,131621237,map,7.460734844207764,0.33626556396484375,9.779305458068848,-0.006828689016401768,0.0,0.0,0.0,0.002241925420937042,-0.010652001758782021,0.9983999066244591,0.05548995477750399,0,0,0,,0.8217743635177612,0.34143146872520447,0.0,False,False,2,False
83.181621238,1224,83,181621238,map,7.608542442321777,-0.3185749053955078,10.266162872314453,-0.010667419992387295,0.0,0.0,0.0,0.0015898357436585516,-0.013808325503953703,0.9969199482918933,0.07718432008363897,0,0,0,,0.7245263457298279,0.3609071373939514,0.0,False,False,2,False
83.231621239,1225,83,231621239,map,7.731987476348877,-1.5063667297363281,3.4582901000976562,0.006705093197524548,0.0,0.0,0.0,0.001170414592245939,-0.014171440329640376,0.9949807657940184,0.09905087636469663,0,0,0,,0.6139243245124817,0.19432707130908966,0.0,False,False,2,False
83.231621239,1226,83,281621240,map,7.881867408752441,-0.7591152191162109,6.986274719238281,0.01484699361026287,0.0,0.0,0.0,0.0008551470134208899,-0.013809715321758337,0.9927726865632989,0.11920970304554747,0,0,0,,0.7952186465263367,0.2631162703037262,0.0,False,False,2,False
83.33162124,1227,83,331621240,map,7.9204864501953125,2.8366947174072266,9.111509323120117,-0.0016666410956531763,0.0,0.0,0.0,0.00011118553661849289,-0.014901142878661613,0.9898589715332182,0.14126981296046806,0,0,0,,0.815823495388031,0.34076640009880066,0.0,False,False,2,False
83.381621241,1228,83,381621241,map,8.096770286560059,-2.880411148071289,2.2055530548095703,0.0056610107421875,0.0,0.0,0.0,-0.00016562994935772745,-0.014137600809880697,0.9866438267960707,0.16227772445799615,0,0,0,,0.7908289432525635,0.1009516566991806,0.0,False,False,2,False
83.381621241,1229,83,431621242,map,8.202227592468262,0.09412765502929688,5.230460166931152,0.01611022837460041,0.0,0.0,0.0,-6.741278503729449e-05,-0.01240975232113053,0.9837511235766248,0.1791081247866017,0,0,0,,1.0,0.21688348054885864,0.0,False,False,2,False
83.481621243,1230,83,481621243,map,8.330938339233398,2.291727066040039,10.022950172424316,-0.010170172899961472,0.0,0.0,0.0,-0.0005834912048910453,-0.013534270773280906,0.9800914805011456,0.19808375224061697,0,0,0,,1.0,0.3506985008716583,0.0,False,False,2,False
83.481621243,1231,83,531621243,map,8.495423316955566,-1.7621231079101562,3.567686080932617,-0.007311630062758923,0.0,0.0,0.0,-0.0007972937481872879,-0.013671324988948316,0.9759138968457506,0.21772580264880703,0,0,0,,0.9801442623138428,0.00949912890791893,0.0,False,False,2,False
83.581621244,1232,83,581621244,map,8.730307579040527,-2.382211685180664,5.221652984619141,0.012039183638989925,0.0,0.0,0.0,-0.0003159461922644393,-0.012134112428024396,0.9723145046015486,0.23336059572051346,0,0,0,,1.0,0.14829722046852112,0.0,False,False,2,False
83.631621245,1233,83,631621245,map,8.87911319732666,2.0071983337402344,8.734321594238281,-0.004638862330466509,0.0,0.0,0.0,-0.0004186034952590339,-0.012595328962794262,0.9682781519157644,0.24955681313485414,0,0,0,,1.0,0.40693777799606323,0.0,False,False,2,False
83.631621245,1234,83,681621246,map,9.120609283447266,-3.786439895629883,3.0265235900878906,-0.0037828446365892887,0.0,0.0,0.0,-0.00023586325453596978,-0.012131210042959395,0.9640670124995926,0.26538193895125733,0,0,0,,0.9722791910171509,0.002377934753894806,0.0,False,False,2,False
83.681621246,1235,83,731621246,map,9.33078384399414,-1.4801502227783203,5.279884338378906,0.010373115539550781,0.0,0.0,0.0,0.00039201973730747025,-0.010459447436872686,0.9608124663691201,0.2770015356447135,0,0,0,,1.0,0.35695335268974304,0.0,False,False,2,False
83.781621247,1236,83,781621247,map,9.51171875,2.7545166015625,9.83673095703125,-0.010665511712431908,0.0,0.0,0.0,-4.481067899112304e-05,-0.01177601622699953,0.9566532523107794,0.2909911996556476,0,0,0,,1.0,0.5,0.0,False,False,2,False
83.831621248,1237,83,831621248,map,9.661094665527344,4.48089599609375,10.150251388549805,-0.019198989495635033,0.0,0.0,0.0,-0.001258463902295801,-0.014536076303987105,0.9507176483172304,0.30971450068158957,0,0,0,,1.0,0.2930930256843567,0.0,False,False,2,False
83.881621249,1238,83,881621249,map,9.784074783325195,7.074155807495117,11.207418441772461,-0.017310524359345436,0.0,0.0,0.0,-0.002904726031169374,-0.017597768606078194,0.9428170603331741,0.3328330990924474,0,0,0,,1.0,0.5,0.0,False,False,2,False
83.931621249,1239,83,931621249,map,9.73570442199707,11.598634719848633,9.471979141235352,-0.020897863432765007,0.0,0.0,0.0,-0.005359369224241595,-0.020949122444586726,0.9322787288497919,0.36109387029488044,0,0,0,,1.0,0.5,0.0,False,False,2,False
83.931621249,1240,83,981621250,map,9.554950714111328,13.616418838500977,6.242513656616211,-0.008272742852568626,0.0,0.0,0.0,-0.008340075541833275,-0.02310293831166847,0.9193432343593896,0.3926890816141192,0,0,0,,1.0,0.5,0.0,False,False,0,False
84.031621251,1241,84,31621251,map,9.478559494018555,13.292350769042969,7.1759033203125,0.0030479393899440765,0.0,0.0,0.0,-0.011235310417067745,-0.024421282370378144,0.9040993352804495,0.42647597905704826,0,0,0,,0.9217050075531006,0.5,0.0,False,False,0,False
84.081621252,1242,84,81621252,map,9.751126289367676,11.17959976196289,12.591419219970703,-0.004187962040305138,0.0,0.0,0.0,-0.013409801766671652,-0.026337570283908807,0.8860662535411351,0.46261550335423857,0,0,0,,0.7396420240402222,0.5,0.0,False,False,3,False
84.081621252,1243,84,131621252,map,9.968311309814453,12.550640106201172,10.595474243164062,0.0005704862996935844,0.0,0.0,0.0,-0.015158737761898198,-0.027953253086020365,0.8656510761749068,0.49963691079482997,0,0,0,,0.6386431455612183,0.5,0.0,False,False,3,False
84.131621252,1244,84,181621253,map,10.11517333984375,14.062085151672363,8.317394256591797,0.00784912146627903,0.0,0.0,0.0,-0.016929231758735334,-0.0289203215098993,0.8431296836308112,0.5366650283896197,0,0,0,,0.5347214341163635,0.5,0.0,False,False,3,False
84.231621254,1245,84,231621254,map,10.186081886291504,15.32595157623291,5.767631530761719,0.011152457445859909,0.0,0.0,0.0,-0.01888839913854762,-0.029239873738730746,0.8186247325699744,0.573272889108201,0,0,0,,0.44256672263145447,0.5,0.0,False,False,3,False
84.231621254,1246,84,281621254,map,10.183858871459961,16.212013244628906,3.1159019470214844,0.011140252463519573,0.0,0.0,0.0,-0.021023272896795696,-0.028986837508508206,0.7922402734925525,0.6091577253096341,0,0,0,,0.3768332600593567,0.5,0.0,False,False,3,False
84.281621254,1247,84,331621255,map,10.117667198181152,16.6994571685791,0.5304908752441406,0.009616469033062458,0.0,0.0,0.0,-0.023246258558345497,-0.02826260475391162,0.7640940539053834,0.6440660784593454,0,0,0,,0.33434492349624634,0.5,0.0,False,False,3,False
84.381621256,1248,84,381621256,map,9.99969482421875,16.8228702545166,-1.8821334838867188,0.007208060473203659,0.0,0.0,0.0,-0.025455285211216976,-0.02717537802161928,0.7343230453244355,0.6777781291762407,0,0,0,,0.31401360034942627,0.5,0.0,False,False,3,False
84.431621257,1249,84,431621257,map,9.84220027923584,16.630456924438477,-4.080963134765625,0.004953575320541859,0.0,0.0,0.0,-0.02756262436671576,-0.02582472414942388,0.7030819570235203,0.7101050253790648,0,0,0,,0.29554858803749084,0.5,0.0,False,False,3,False
84.481621257,1250,84,481621257,map,9.692227363586426,15.143900871276855,-5.136127471923828,0.009760856628417969,0.0,0.0,0.0,-0.029132279119441728,-0.02409939689123005,0.671004184593708,0.7404889692902379,0,0,0,,0.28542670607566833,0.45186567306518555,0.0,False,False,3,False
84.531621258,1251,84,531621258,map,9.560403823852539,13.486733436584473,-5.657100677490234,0.017846107482910156,0.0,0.0,0.0,-0.029870398609937752,-0.02203803451994899,0.6391580217289898,0.7681790856179731,0,0,0,,0.31194785237312317,0.3940694034099579,0.0,False,False,3,False
84.531621258,1252,84,581621259,map,9.468550682067871,11.055903434753418,-5.153617858886719,0.025684352964162827,0.0,0.0,0.0,-0.029476982351519673,-0.019673478052453657,0.6090309746409528,0.7923542980893451,0,0,0,,0.38733944296836853,0.30444785952568054,0.0,False,False,3,False
84.581621259,1253,84,631621260,map,9.433679580688477,6.5142059326171875,-3.0112457275390625,0.039130210876464844,0.0,0.0,0.0,-0.02719300902226593,-0.016761464255508285,0.5832842063130865,0.8116397773902158,0,0,0,,0.4625953137874603,0.15421169996261597,0.0,False,False,3,False
84.63162126,1254,84,681621260,map,9.428481101989746,-0.3741312026977539,0.027256011962890625,0.05234222114086151,0.0,0.0,0.0,-0.022113197892123314,-0.012893779244221245,0.5660883042204801,0.8239470788591743,0,0,0,,1.0,-0.046828869730234146,0.0,False,False,0,False
84.68162126,1255,84,731621261,map,9.377474784851074,-4.213452339172363,0.41599273681640625,0.0299898162484169,0.0,0.0,0.0,-0.015282885786798038,-0.008475476398257855,0.5599936846560583,0.8283125453880205,0,0,0,,1.0,-0.22415484488010406,0.0,False,False,0,False
84.781621262,1256,84,781621262,map,9.038895606994629,-8.280677795410156,-4.435386657714844,-0.021240422502160072,0.0,0.0,0.0,-0.008880084549247614,-0.003893313148255007,0.5635634547889684,0.826015870693445,0,0,0,,1.0,-0.3341532349586487,0.0,False,False,0,False
84.831621263,1257,84,831621263,map,8.724468231201172,-11.060090065002441,-3.4814453125,-0.04999104142189026,0.0,0.0,0.0,-0.003114417023678797,0.0008726567030010169,0.5749777639411928,0.8181626426634667,0,0,0,,1.0,-0.36813876032829285,0.0,False,False,2,False
84.881621263,1258,84,881621263,map,8.557621955871582,-10.236678123474121,-1.2049293518066406,-0.05699709802865982,0.0,0.0,0.0,0.0017430069320445844,0.004834454187417382,0.5918171798075385,0.8060558390485093,0,0,0,,1.0,-0.3638117015361786,0.0,False,False,2,False
84.931621264,1259,84,931621264,map,8.492796897888184,-8.82939338684082,0.09912490844726562,-0.04414692148566246,0.0,0.0,0.0,0.005295528113929497,0.007454941013671737,0.6112023955144833,0.7914215140832568,0,0,0,,1.0,-0.3344366252422333,0.0,False,False,2,False
84.981621265,1260,84,981621265,map,8.555025100708008,-7.321592330932617,2.0673370361328125,-0.02223663404583931,0.0,0.0,0.0,0.007668294581698105,0.00880348083372524,0.6309268308059683,0.7757544909006687,0,0,0,,1.0,-0.2969050705432892,0.0,False,False,2,False
84.981621265,1261,85,31621266,map,8.64987564086914,-6.223627090454102,2.340087890625,-0.003256795462220907,0.0,0.0,0.0,0.009062785589403585,0.009175414982858267,0.6495856243310063,0.760179054131163,0,0,0,,1.0,-0.2541007399559021,0.0,False,False,2,False
85.081621266,1262,85,81621266,map,8.816071510314941,-5.8842902183532715,3.529510498046875,0.006409643683582544,0.0,0.0,0.0,0.009915258486396501,0.009034330451516533,0.6666391889071231,0.745259860944955,0,0,0,,1.0,-0.22791266441345215,0.0,False,False,2,False
85.131621267,1263,85,131621267,map,8.980762481689453,-5.378236293792725,3.3060646057128906,0.009577751159667969,0.0,0.0,0.0,0.010351780543212643,0.008606756872635433,0.6820186794254628,0.7312108350472306,0,0,0,,1.0,-0.19819185137748718,0.0,False,False,2,False
85.181621268,1264,85,181621268,map,9.191729545593262,-5.024039268493652,4.088230133056641,0.009373854845762253,0.0,0.0,0.0,0.010512414297474806,0.00801806228696154,0.6957041463658954,0.7182067533462083,0,0,0,,1.0,-0.17402026057243347,0.0,False,False,2,False
85.231621269,1265,85,231621269,map,9.390074729919434,-5.0642900466918945,3.703899383544922,0.006798171438276768,0.0,0.0,0.0,0.01053940365516185,0.007458551149066463,0.7080007654730317,0.7060936248649688,0,0,0,,1.0,-0.15850037336349487,0.0,False,False,2,False
85.281621269,1266,85,281621269,map,9.619637489318848,-4.454596042633057,4.261722564697266,0.005114173982292414,0.0,0.0,0.0,0.010380717826185833,0.006817706158726348,0.7189182732681204,0.6949836515640713,0,0,0,,1.0,-0.13441205024719238,0.0,False,False,2,False
85.281621269,1267,85,331621270,map,9.844218254089355,-3.2915306091308594,4.198112487792969,0.004995726980268955,0.0,0.0,0.0,0.009886486284806524,0.005906837313254916,0.7281964053544632,0.6852717430995776,0,0,0,,1.0,-0.09988436102867126,0.0,False,False,2,False
85.33162127,1268,85,381621271,map,10.08556079864502,-1.4664649963378906,4.699153900146484,0.005434226244688034,0.0,0.0,0.0,0.008916989732903051,0.00450343120213008,0.7352447958658154,0.6777280402593259,0,0,0,,1.0,-0.05225738137960434,0.0,False,False,2,False
85.431621272,1269,85,431621272,map,10.237213134765625,0.6823229789733887,3.1215476989746094,0.004118728451430798,0.0,0.0,0.0,0.0073998753943720665,0.0026277150976377786,0.7395208838925136,0.6730878094605108,0,0,0,,1.0,-0.0009089149534702301,0.0,False,False,2,False
85.481621272,1270,85,481621272,map,10.240730285644531,3.440701961517334,0.39459228515625,0.0019147875718772411,0.0,0.0,0.0,0.004953548384577025,0.0005811356238074137,0.7404713693208851,0.6720693980950495,0,0,0,,1.0,0.06157601997256279,0.0,False,False,0,False
85.531621273,1271,85,531621273,map,10.207364082336426,4.275542259216309,-0.3476524353027344,-0.003572654677554965,0.0,0.0,0.0,0.0022561966235156478,-0.0013605588426044844,0.7382613940556596,0.6745095792525307,0,0,0,,1.0,0.09736329317092896,0.0,False,False,0,False
85.581621274,1272,85,581621274,map,10.629722595214844,4.408413887023926,8.692474365234375,-0.00862274132668972,0.0,0.0,0.0,0.00037242562856082775,-0.003749445295961055,0.733333439275625,0.6798587131156788,0,0,0,,1.0,0.11878061294555664,0.0,False,False,3,False
85.631621275,1273,85,631621275,map,10.998847007751465,4.574232578277588,7.523899078369141,-0.009634971618652344,0.0,0.0,0.0,-0.0007424135128461214,-0.0060768985396051686,0.7265060489451869,0.6871327971887015,0,0,0,,1.0,0.12360410392284393,0.0,False,False,3,False
85.681621275,1274,85,681621275,map,11.339395523071289,4.2776055335998535,6.851367950439453,-0.006144142244011164,0.0,0.0,0.0,-0.0014123678617900056,-0.007781231927061434,0.7187020131220151,0.695273236922782,0,0,0,,1.0,0.11297158896923065,0.0,False,False,3,False
85.731621276,1275,85,731621276,map,11.660842895507812,1.7637603282928467,6.421794891357422,0.000710106105543673,0.0,0.0,0.0,-0.0012633323124341435,-0.008291915606412513,0.7115329990574703,0.7026026183977159,0,0,0,,1.0,0.05923078581690788,0.0,False,False,3,False
85.781621277,1276,85,781621277,map,11.956830978393555,-0.0563320517539978,5.920372009277344,0.0059677124954760075,0.0,0.0,0.0,-0.00036006579058792945,-0.0077182217146492035,0.7064348399322674,0.7077359086100279,0,0,0,,1.0,0.01128014549612999,0.0,False,False,3,False
85.831621278,1277,85,831621278,map,12.232247352600098,-0.16332432627677917,5.509605407714844,0.0050682066939771175,0.0,0.0,0.0,0.0006800122922217822,-0.0067673244449497506,0.7035703238653297,0.7105930905090299,0,0,0,,1.0,-0.006747987121343613,0.0,False,False,3,False
85.881621278,1278,85,881621278,map,12.48859977722168,-1.5788922309875488,5.132312774658203,0.0025461195036768913,0.0,0.0,0.0,0.001856864556486549,-0.0055180136998859534,0.7029623415158023,0.7112032409863213,0,0,0,,1.0,-0.03814039006829262,0.0,False,False,3,False
85.931621279,1279,85,931621279,map,12.735989570617676,-0.7924297451972961,4.946651458740234,0.00010223389836028218,0.0,0.0,0.0,0.002739004815007317,-0.004475472284973253,0.7039266131724838,0.7102533289383206,0,0,0,,1.0,-0.0311470665037632,0.0,False,False,3,False
85.931621279,1280,85,981621280,map,12.974868774414062,-0.5149656534194946,4.775562286376953,-0.0011623383034020662,0.0,0.0,0.0,0.0032283910529467734,-0.0037858742774111716,0.705530317784295,0.7086622717023651,0,0,0,,1.0,-0.023775208741426468,0.0,False,False,3,False
86.031621281,1281,86,31621281,map,13.206771850585938,0.2939741313457489,4.639377593994141,-0.0011346816318109632,0.0,0.0,0.0,0.0032981285776257966,-0.0035073406013313903,0.7069613582271479,0.7072357873322149,0,0,0,,1.0,-0.005649778991937637,0.0,False,False,3,False
86.031621281,1282,86,81621281,map,13.43190860748291,1.0879560708999634,4.504566192626953,-0.0008733749855309725,0.0,0.0,0.0,0.002988791118861425,-0.0036156714543042843,0.707562128877693,0.7066355693181946,0,0,0,,1.0,0.013994988054037094,0.0,False,False,3,False
86.131621282,1283,86,131621282,map,13.648247718811035,1.0568870306015015,4.3243408203125,-0.000488662684801966,0.0,0.0,0.0,0.0025790162026274504,-0.003834043068652326,0.7072496535911503,0.7069487791094712,0,0,0,,0.9146898984909058,0.019877109676599503,0.0,False,False,3,False
86.181621283,1284,86,181621283,map,13.836339950561523,3.192448854446411,3.7301063537597656,-0.0007150649325922132,0.0,0.0,0.0,0.0016892106673429086,-0.004475399915161765,0.7054585544336816,0.708735031827312,0,0,0,,0.7428669333457947,0.058851491659879684,0.0,False,False,3,False
86.231621284,1285,86,231621284,map,13.984772682189941,3.283015251159668,2.8986549377441406,-0.0010980606311932206,0.0,0.0,0.0,0.0005703975595058295,-0.005211351386898761,0.7020397087822988,0.7121185040119457,0,0,0,,0.4846450984477997,0.06466732919216156,0.0,False,False,3,False
86.281621284,1286,86,281621284,map,14.07763385772705,1.123083233833313,1.8252182006835938,0.0003229142166674137,0.0,0.0,0.0,1.3535173598774961e-05,-0.005201883060976721,0.6983595510070496,0.7157282149996961,0,0,0,,0.31327953934669495,0.029256310313940048,0.0,False,False,3,False
86.281621284,1287,86,331621285,map,14.102679252624512,0.08546590805053711,0.49846649169921875,0.002151870634406805,0.0,0.0,0.0,-4.045194485237944e-05,-0.00447194141635447,0.6956086482196736,0.7184069937198602,0,0,0,,0.24421019852161407,0.004117976874113083,0.0,False,False,3,False
86.381621286,1288,86,381621286,map,14.07194995880127,-0.7618623971939087,-0.5919647216796875,0.0019863126799464226,0.0,0.0,0.0,0.00016881526437101716,-0.003309808518685038,0.6943173769957028,0.7196613069151232,0,0,0,,0.23478645086288452,-0.017783571034669876,0.0,False,False,3,False
86.431621287,1289,86,431621287,map,14.003259658813477,-1.5229034423828125,-1.3345718383789062,0.000673484755679965,0.0,0.0,0.0,0.000532341425791578,-0.0019340496734256908,0.6946683995893926,0.7193273181774616,0,0,0,,0.25551629066467285,-0.036741774529218674,0.0,False,False,3,False
86.481621287,1290,86,481621287,map,13.913610458374023,-1.148659586906433,-1.7687606811523438,-0.0006574628059752285,0.0,0.0,0.0,0.0007587634036508961,-0.0007399357474158411,0.6962073033750555,0.7178400013237074,0,0,0,,0.29107528924942017,-0.03418948873877525,0.0,False,False,3,False
86.481621287,1291,86,531621288,map,13.812822341918945,-1.1845409870147705,-1.9954872131347656,-0.0011573792435228825,0.0,0.0,0.0,0.0008500862748635213,0.00019623690858680255,0.6983822773087751,0.7157244117573539,0,0,0,,0.3063121736049652,-0.032467085868120193,0.0,False,False,3,False
86.581621289,1292,86,581621289,map,13.706329345703125,-1.5830495357513428,-2.11029052734375,-0.0010911941062659025,0.0,0.0,0.0,0.0009720698140692035,0.001006237876619072,0.7009734546342615,0.7131859914943094,0,0,0,,0.3279307186603546,-0.035369742661714554,0.0,False,False,3,False
86.631621289,1293,86,631621289,map,13.598584175109863,-0.9714752435684204,-2.1473121643066406,-0.0007164000999182463,0.0,0.0,0.0,0.0009601000442558275,0.0015230989683228486,0.7035423575451951,0.7106510462366088,0,0,0,,0.3273041844367981,-0.022518593817949295,0.0,False,False,3,False
86.631621289,1294,86,681621290,map,13.488882064819336,-0.8132978677749634,-2.190265655517578,-0.00021095274132676423,0.0,0.0,0.0,0.0008373776295013328,0.001790803956675017,0.7057371625101252,0.7084709939525058,0,0,0,,0.30720338225364685,-0.014712188392877579,0.0,False,False,3,False
86.731621291,1295,86,731621291,map,13.376741409301758,-0.19475162029266357,-2.242279052734375,0.0001731872616801411,0.0,0.0,0.0,0.0005572262581900718,0.0017946006716108248,0.7072653059565103,0.7069457234452801,0,0,0,,0.3039950132369995,-0.0006920285522937775,0.0,False,False,3,False
86.781621292,1296,86,781621292,map,13.26224136352539,-0.37567341327667236,-2.2893333435058594,0.0001598358212504536,0.0,0.0,0.0,0.0002923927022437932,0.0017368021699954005,0.7081742150238886,0.7060355367826959,0,0,0,,0.2908560335636139,0.0005386136472225189,0.0,False,False,3,False
86.781621292,1297,86,831621292,map,13.14493465423584,0.06733091175556183,-2.346210479736328,0.0001321792515227571,0.0,0.0,0.0,-8.979626549056774e-06,0.0015903449213652526,0.7085064448519249,0.7057025494680345,0,0,0,,0.2767745852470398,0.008457612246274948,0.0,False,False,3,False
86.881621293,1298,86,881621293,map,13.02147388458252,0.04517696797847748,-2.4692916870117188,7.438666216330603e-06,0.0,0.0,0.0,-0.00029544959038343304,0.0014331064543570593,0.708378828092998,0.7058309250982284,0,0,0,,0.2052457332611084,0.008991379290819168,0.0,False,False,3,False
86.881621293,1299,86,931621294,map,12.88404655456543,0.6118116974830627,-2.750225067138672,-4.0054328565020114e-05,0.0,0.0,0.0,-0.000678734004601151,0.0011969556344951491,0.7077766930038395,0.7064348939979597,0,0,0,,0.09520404040813446,0.01751718297600746,0.0,False,False,3,False
86.981621295,1300,86,981621295,map,12.726404190063477,1.0716452598571777,-3.1593704223632812,-0.00013999937800690532,0.0,0.0,0.0,-0.0012045992514006267,0.0008802983275513881,0.7066034465726396,0.7076081848785845,0,0,0,,0.01200949028134346,0.02587544545531273,0.0,False,False,3,False
86.981621295,1301,87,31621295,map,12.545475006103516,0.5693293809890747,-3.624095916748047,-0.0002906799199990928,0.0,0.0,0.0,-0.001632723629223295,0.0007451057427761663,0.7051712826933466,0.7090347248870135,0,0,0,,0.0,0.01820209249854088,0.03236799314618111,False,False,3,False
87.031621295,1302,87,81621296,map,12.353036880493164,0.734902024269104,-3.8579559326171875,-0.0001983642578125,0.0,0.0,0.0,-0.002001377247720947,0.0007169984270878881,0.7036863513192874,0.7105075646109027,0,0,0,,0.0,0.018453430384397507,0.02339771017432213,False,False,3,False
87.131621297,1303,87,131621297,map,12.212249755859375,0.5358922481536865,-2.8240203857421875,-0.00010719300917116925,0.0,0.0,0.0,-0.0022331345606650464,0.0007407317655796087,0.7022953637669326,0.7118817924753781,0,0,0,,0.0,0.013090420514345169,0.016847703605890274,False,False,3,False
87.131621297,1304,87,181621298,map,12.191031455993652,-0.34941285848617554,-0.41904449462890625,0.0006126403459347785,0.0,0.0,0.0,-0.0018573485262521712,0.0006913198531018142,0.7014284302496755,0.7127371391830152,0,0,0,,0.0,-0.003938023000955582,0.015339922159910202,False,False,0,False
87.231621298,1305,87,231621298,map,12.180777549743652,-0.11438518762588501,-0.20345687866210938,0.0004665374872274697,0.0,0.0,0.0,-0.0012991506653277636,0.000543706299162579,0.7011191281467029,0.7130427650133029,0,0,0,,0.0,-0.005004372447729111,0.006969776004552841,False,False,0,False
87.281621299,1306,87,281621299,map,11.649212837219238,-0.15929847955703735,-10.630111694335938,-0.0005407333374023438,0.0,0.0,0.0,-0.0015998473552901811,0.0011059467228606756,0.7011094702907696,0.7130509996058362,0,0,0,,0.0,-0.005178768187761307,0.0014553628861904144,False,False,2,False
87.281621299,1307,87,331621300,map,11.164989471435547,-0.6180161237716675,-9.677200317382812,-0.0014801025390625,0.0,0.0,0.0,-0.002309021857794652,0.0022042789312378248,0.7014220175502176,0.7127390566457233,0,0,0,,0.036063630133867264,-0.014452490955591202,0.0,False,False,2,False
87.381621301,1308,87,381621301,map,10.722143173217773,-0.6506754159927368,-8.850440979003906,-0.0014806746039539576,0.0,0.0,0.0,-0.002917389892085042,0.0032530222109322486,0.7020634834859146,0.7121009562122043,0,0,0,,0.07802988588809967,-0.016623754054307938,0.0,False,False,2,False
87.431621301,1309,87,431621301,map,10.319976806640625,-0.24432137608528137,-8.041439056396484,-0.0005430221790447831,0.0,0.0,0.0,-0.0033998443772893998,0.0039228703888638744,0.7027780366779776,0.7113902468470943,0,0,0,,0.10935045778751373,-0.009223412722349167,0.0,False,False,2,False
87.481621302,1310,87,481621302,map,9.955513954162598,-0.5623389482498169,-7.285289764404297,0.000496673455927521,0.0,0.0,0.0,-0.0036107707814041694,0.004327255226843292,0.7035390128331545,0.7106342903479375,0,0,0,,0.13839420676231384,-0.013658929616212845,0.0,False,False,2,False
87.531621303,1311,87,531621303,map,9.626334190368652,-0.44570720195770264,-6.581401824951172,0.0012159347534179688,0.0,0.0,0.0,-0.003615308667343913,0.004490857892263363,0.7043349471801877,0.7098443800716558,0,0,0,,0.17263394594192505,-0.012083631008863449,0.0,False,False,2,False
87.581621304,1312,87,581621304,map,9.329828262329102,-0.4864923357963562,-5.928783416748047,0.0013854980934411287,0.0,0.0,0.0,-0.0034680707319493242,0.004474828527701749,0.7051379048547887,0.7090475890460703,0,0,0,,0.19991014897823334,-0.01273784413933754,0.0,False,False,2,False
87.631621304,1313,87,631621304,map,9.062981605529785,0.2021569311618805,-5.337371826171875,0.0012392044300213456,0.0,0.0,0.0,-0.0033844871719523857,0.0041736270074372505,0.7056820296676516,0.7085082914746514,0,0,0,,0.22022946178913116,-0.00011369958519935608,0.0,False,False,2,False
87.631621304,1314,87,681621305,map,8.8214750289917,-0.7520872950553894,-4.829654693603516,0.0007736206171102822,0.0,0.0,0.0,-0.0030712250440179533,0.003971764308849265,0.7062533909818896,0.7079413396543435,0,0,0,,0.2311640828847885,-0.014468882232904434,0.0,False,False,2,False
87.731621306,1315,87,731621306,map,8.60300064086914,0.30446577072143555,-4.369297027587891,0.00039596547139808536,0.0,0.0,0.0,-0.0028841775411228418,0.0035835521411603554,0.7066523992587995,0.7075459181535464,0,0,0,,0.25277531147003174,0.001313779503107071,0.0,False,False,2,False
87.731621306,1316,87,781621307,map,8.40323543548584,-0.2648089528083801,-3.9954376220703125,2.6512134354561567e-05,0.0,0.0,0.0,-0.0026434766683411316,0.003236285729575453,0.7069479111897765,0.7072532710070646,0,0,0,,0.2633644938468933,-0.005284737795591354,0.0,False,False,2,False
87.831621307,1317,87,831621307,map,8.222749710083008,0.4012144207954407,-3.6096763610839844,-0.0002517699613235891,0.0,0.0,0.0,-0.0025077813029996546,0.0028003898851775713,0.7069970927522018,0.7072064618549253,0,0,0,,0.27807027101516724,0.005622882395982742,0.0,False,False,2,False
87.881621308,1318,87,881621308,map,8.05544376373291,-0.5637950301170349,-3.3464813232421875,-0.00032596581149846315,0.0,0.0,0.0,-0.0021974088322925145,0.002575932337493867,0.7071979800306291,0.7070074631908878,0,0,0,,0.2940118610858917,-0.008801858872175217,0.0,False,False,2,False
87.931621309,1319,87,931621309,map,7.905196189880371,0.46193987131118774,-3.0045127868652344,-0.00033245087251998484,0.0,0.0,0.0,-0.002047048789834026,0.0022277510260962515,0.7071824994862885,0.7070245817062822,0,0,0,,0.31441035866737366,0.005715664476156235,0.0,False,False,2,False
87.98162131,1320,87,981621310,map,7.773121356964111,-0.15571574866771698,-2.6414966583251953,-0.00027484894962981343,0.0,0.0,0.0,-0.0018455565434739776,0.001952738303701336,0.707271897937478,0.7069365198672931,0,0,0,,0.32169309258461,-0.0014665164053440094,0.0,False,False,2,False
88.03162131,1321,88,31621310,map,7.651731491088867,-0.2367386519908905,-2.4280929565429688,-0.00026664731558412313,0.0,0.0,0.0,-0.0015715627086774872,0.0017808383404726291,0.7072533368946122,0.7069562053316272,0,0,0,,0.33334019780158997,-0.004815872758626938,0.0,False,False,2,False
88.081621311,1322,88,81621311,map,7.537771224975586,0.009997766464948654,-2.279195785522461,-0.00023994449293240905,0.0,0.0,0.0,-0.0013730310178120056,0.0015885017705939948,0.7075262681819919,0.7066839260096505,0,0,0,,0.3456591069698334,-0.0016723684966564178,0.0,False,False,2,False
88.131621312,1323,88,131621312,map,7.430209636688232,0.2981967329978943,-2.1509265899658203,-0.00011081694538006559,0.0,0.0,0.0,-0.001297552602653805,0.0013309043320312883,0.7073680823360481,0.7068429395156495,0,0,0,,0.34485670924186707,0.004808355122804642,0.0,False,False,2,False
88.181621313,1324,88,181621313,map,7.327157020568848,0.2288179099559784,-2.0612239837646484,-0.00013656615919899195,0.0,0.0,0.0,-0.0012607548214201105,0.0010904746794295956,0.7073458105382737,0.7068657055454072,0,0,0,,0.34241318702697754,0.005998056381940842,0.0,False,False,2,False
88.231621313,1325,88,231621313,map,7.228233337402344,-0.4896182119846344,-1.9785404205322266,-9.269714064430445e-05,0.0,0.0,0.0,-0.0010492294821998923,0.0010748896071145282,0.7071926300855002,0.7070193262440422,0,0,0,,0.3537198007106781,-0.007363375276327133,0.0,False,False,2,False
88.281621314,1326,88,281621314,map,7.134212017059326,0.14888839423656464,-1.8802356719970703,-4.482269287109375e-05,0.0,0.0,0.0,-0.0009375662590823328,0.000996830408686682,0.7074091510780526,0.706802957173833,0,0,0,,0.3632899224758148,0.000978771597146988,0.0,False,False,2,False
88.331621315,1327,88,331621315,map,7.04450798034668,0.068531334400177,-1.7940425872802734,-3.032684253412299e-05,0.0,0.0,0.0,-0.0008831126196406056,0.0008881511762928907,0.7072335118675213,0.7069789183498486,0,0,0,,0.368609219789505,0.0012498833239078522,0.0,False,False,2,False
88.381621316,1328,88,381621316,map,6.959029674530029,-0.31446248292922974,-1.7100238800048828,-6.942748586880043e-05,0.0,0.0,0.0,-0.0007483136934322141,0.0008799781477814693,0.7075085452005075,0.7067038447138496,0,0,0,,0.3789145052433014,-0.006183285266160965,0.0,False,False,2,False
88.431621316,1329,88,431621316,map,6.877952575683594,0.23226633667945862,-1.6211318969726562,5.721994966734201e-07,0.0,0.0,0.0,-0.0007142856269010052,0.0007839781333872826,0.7073887605854337,0.706823893605567,0,0,0,,0.3869072496891022,0.0025872476398944855,0.0,False,False,2,False
88.481621317,1330,88,481621317,map,6.800073623657227,0.5907185077667236,-1.5583038330078125,1.0681160347303376e-05,0.0,0.0,0.0,-0.0008289257117570872,0.0005505362689959747,0.7073311422685508,0.7068816484879548,0,0,0,,0.3810064494609833,0.012867879122495651,0.0,False,False,2,False
88.481621317,1331,88,531621318,map,6.725700378417969,-0.06399720907211304,-1.487274169921875,6.484984623966739e-05,0.0,0.0,0.0,-0.0008116894847184644,0.00046001002632617795,0.7068467109548374,0.7073661405264494,0,0,0,,0.3861508071422577,0.0036337561905384064,0.0,False,False,2,False
88.581621319,1332,88,581621319,map,6.6548237800598145,-0.31052452325820923,-1.4169692993164062,-4.081725637661293e-05,0.0,0.0,0.0,-0.0006574472454209242,0.0005153650649720254,0.7069359134789992,0.7072771142880154,0,0,0,,0.40454187989234924,-0.0038182325661182404,0.0,False,False,2,False
88.581621319,1333,88,631621319,map,6.587418079376221,0.32249993085861206,-1.348724365234375,4.0245053241960704e-05,0.0,0.0,0.0,-0.000627690531313017,0.00045105561950157743,0.7066103978749882,0.7076023941228405,0,0,0,,0.4074762165546417,0.006455589085817337,0.0,False,False,2,False
88.68162132,1334,88,681621320,map,6.523873329162598,-0.4888293743133545,-1.270284652709961,-3.8146959013829473e-06,0.0,0.0,0.0,-0.0004736175798795883,0.0005131935510994043,0.7068372078670172,0.7073759070632291,0,0,0,,0.41475576162338257,-0.008126307278871536,0.0,False,False,2,False
88.731621321,1335,88,731621321,map,6.463305950164795,0.07458901405334473,-1.2113189697265625,1.4495848517981358e-05,0.0,0.0,0.0,-0.00039144903219939987,0.0005060503305844241,0.7067366079472609,0.7074764714588871,0,0,0,,0.4118024408817291,-0.0007697232067584991,0.0,False,False,2,False
88.731621321,1336,88,781621322,map,6.404887676239014,0.3934327960014343,-1.1689567565917969,-5.7220458984375e-06,0.0,0.0,0.0,-0.00045427548645789715,0.0003600355586928483,0.70685161954556,0.7073616132884211,0,0,0,,0.4066789448261261,0.007800359278917313,0.0,False,False,2,False
88.831621322,1337,88,831621322,map,6.34896993637085,-0.06043899804353714,-1.1181831359863281,5.149841854290571e-06,0.0,0.0,0.0,-0.0004431949377273078,0.00029542704313036995,0.706509559806339,0.7077032981436234,0,0,0,,0.4205111563205719,0.0014569424092769623,0.0,False,False,2,False
88.881621323,1338,88,881621323,map,6.295992851257324,-0.2692547142505646,-1.0591316223144531,9.155272891803179e-06,0.0,0.0,0.0,-0.00033111725917227644,0.0003366544465082583,0.7067267699859505,0.7074864306899248,0,0,0,,0.4333999454975128,-0.004592355340719223,0.0,False,False,2,False
88.931621324,1339,88,931621324,map,6.245993137359619,0.27020779252052307,-1.0004138946533203,4.76837158203125e-06,0.0,0.0,0.0,-0.0003253182559695573,0.0002723716089245337,0.7064740409505413,0.7077388285552457,0,0,0,,0.43637797236442566,0.004702981561422348,0.0,False,False,2,False
88.981621325,1340,88,981621325,map,6.199070930480957,-0.5846050977706909,-0.9382820129394531,5.149840944795869e-06,0.0,0.0,0.0,-0.000170040732629429,0.0003575655806002388,0.7068342893631719,0.7073790572341427,0,0,0,,0.4439164400100708,-0.01159932091832161,0.0,False,False,2,False
89.031621325,1341,89,31621325,map,6.155117034912109,0.4138147234916687,-0.8789157867431641,-5.016326758777723e-05,0.0,0.0,0.0,-0.00018490738578626632,0.0002718292705234736,0.706692269907061,0.7075209732380463,0,0,0,,0.44797077775001526,0.005162235349416733,0.0,False,False,2,False
89.031621325,1342,89,81621326,map,6.1135663986206055,0.10865887999534607,-0.8312034606933594,2.2506712411995977e-05,0.0,0.0,0.0,-0.00022555044726204032,0.00016053915947622619,0.7068405311658101,0.7073728768163291,0,0,0,,0.4431357681751251,0.0033899880945682526,0.0,False,False,2,False
89.131621327,1343,89,131621327,map,6.0747971534729,-0.27727267146110535,-0.7750892639160156,-1.9264218281023204e-05,0.0,0.0,0.0,-0.00014261975045908422,0.0001752305369042226,0.7066448630299302,0.7075683617201074,0,0,0,,0.46357083320617676,-0.004825759679079056,0.0,False,False,2,False
89.131621327,1344,89,181621327,map,6.039894104003906,-0.014409936964511871,-0.6980609893798828,2.841949026333168e-05,0.0,0.0,0.0,-7.75868696277148e-05,0.00017021615810937227,0.7069508195828703,0.7072626836599292,0,0,0,,0.4755726158618927,-0.0018026717007160187,0.0,False,False,2,False
89.181621327,1345,89,231621328,map,6.008230686187744,0.22847068309783936,-0.6334400177001953,-4.291534060030244e-05,0.0,0.0,0.0,-9.749587812603067e-05,7.72563639137492e-05,0.7067085221887333,0.7075048050662446,0,0,0,,0.46878084540367126,0.004064064472913742,0.0,False,False,2,False
89.281621329,1346,89,281621329,map,5.97845983505249,0.07482162117958069,-0.5955696105957031,-7.629432730027474e-07,0.0,0.0,0.0,-0.00010714183882682092,-3.924223449248869e-06,0.7068385242095704,0.7073749283077988,0,0,0,,0.4632149934768677,0.0030470825731754303,0.0,False,False,2,False
89.33162133,1347,89,331621330,map,5.950875759124756,-0.26454851031303406,-0.5513572692871094,1.6593934560660273e-05,0.0,0.0,0.0,-1.42749246213351e-05,2.2303064336242988e-05,0.7066237320054283,0.7075895001097179,0,0,0,,0.48158547282218933,-0.004562061280012131,0.0,False,False,2,False
89.38162133,1348,89,381621330,map,5.926249027252197,0.028331350535154343,-0.49254417419433594,2.6130674086743966e-05,0.0,0.0,0.0,4.230293473754689e-05,1.371141102864054e-05,0.7069052564460229,0.7073082471111457,0,0,0,,0.47955676913261414,-0.0006602369248867035,0.0,False,False,2,False
89.431621331,1349,89,431621331,map,5.903400421142578,0.1317138969898224,-0.45708656311035156,-2.288818359375e-05,0.0,0.0,0.0,3.9185442653091046e-05,-5.091720032288977e-05,0.7066648569041521,0.7075484265324699,0,0,0,,0.476428747177124,0.0023919008672237396,0.0,False,False,2,False
89.481621332,1350,89,481621332,map,5.882512092590332,-0.2277427762746811,-0.4176521301269531,2.822876012942288e-05,0.0,0.0,0.0,0.00010706922387729282,-4.0291321421244334e-05,0.7069461300186691,0.7072673866116108,0,0,0,,0.4930150806903839,-0.00445299968123436,0.0,False,False,2,False
89.531621333,1351,89,531621333,map,5.8639984130859375,0.048763711005449295,-0.37026405334472656,-2.880096508306451e-05,0.0,0.0,0.0,0.00014121247388019587,-6.213986935920304e-05,0.706785253540271,0.7074281458746811,0,0,0,,0.49013444781303406,-0.0005338974297046661,0.0,False,False,2,False
89.581621333,1352,89,581621333,map,5.847098350524902,0.018670473247766495,-0.3380012512207031,-2.269744436489418e-05,0.0,0.0,0.0,0.0001538110562549653,-0.00010320416650335423,0.7070544204484946,0.7071591137893241,0,0,0,,0.4841267764568329,-0.00020388886332511902,0.0,False,False,2,False
89.581621333,1353,89,631621334,map,5.8318586349487305,-0.20834362506866455,-0.30495643615722656,-5.722044988942798e-06,0.0,0.0,0.0,0.00021920834531906076,-8.731599977928678e-05,0.7069326110650176,0.7072808690586887,0,0,0,,0.5035043358802795,-0.0052515678107738495,0.0,False,False,2,False
89.681621335,1354,89,681621335,map,5.819022178649902,0.08580285310745239,-0.25661468505859375,3.814693627646193e-06,0.0,0.0,0.0,0.00023378659952414914,-0.00012173982459271642,0.7072605122923779,0.7069529675128072,0,0,0,,0.49952811002731323,-0.0002562887966632843,0.0,False,False,2,False
89.731621336,1355,89,731621336,map,5.807633399963379,0.081232950091362,-0.22772789001464844,1.449584942747606e-05,0.0,0.0,0.0,0.00021815431523026,-0.0001846033449832694,0.7070560988352677,0.7071574021603337,0,0,0,,0.49290215969085693,0.0009985454380512238,0.0,False,False,2,False
89.781621336,1356,89,781621336,map,5.796360969543457,0.1633332520723343,-0.22552490234375,3.147125244140625e-05,0.0,0.0,0.0,0.00018141765450366515,-0.0002623179598813341,0.7072257369000815,0.7069877335166851,0,0,0,,0.48625463247299194,0.0039345212280750275,0.0,False,False,2,False
89.781621336,1357,89,831621337,map,5.785584449768066,-0.3221231698989868,-0.215606689453125,-3.070831371587701e-05,0.0,0.0,0.0,0.0002591075207869382,-0.0002174931463839056,0.7070362677516865,0.7071772066772158,0,0,0,,0.49620673060417175,-0.0060281939804553986,0.0,False,False,2,False
89.881621338,1358,89,881621338,map,5.775527477264404,0.1483093649148941,-0.20099639892578125,2.5939943952835165e-05,0.0,0.0,0.0,0.0002693076468267632,-0.0002344213027337289,0.7073128689034905,0.7069005432191703,0,0,0,,0.48634958267211914,0.0014822371304035187,0.0,False,False,2,False
89.931621339,1359,89,931621339,map,5.764997959136963,0.4803720712661743,-0.21142959594726562,-2.1743777324445546e-05,0.0,0.0,0.0,0.00014741364543788765,-0.00037505433679007905,0.7068934311623154,0.7073199520606149,0,0,0,,0.47797632217407227,0.011266399174928665,0.0,False,False,2,False
89.981621339,1360,89,981621339,map,5.754092216491699,-0.5601543188095093,-0.21732330322265625,-4.1770937968976796e-05,0.0,0.0,0.0,0.0002480789870157298,-0.0002849939499515616,0.7070995207113171,0.7071139406383461,0,0,0,,0.4980456233024597,-0.00848664715886116,0.0,False,False,2,False
89.981621339,1361,90,31621340,map,5.744238376617432,-0.00243321992456913,-0.19708633422851562,2.689361645025201e-05,0.0,0.0,0.0,0.0003175840884056287,-0.00022596073498832697,0.7069592328536622,0.7072541913379193,0,0,0,,0.5005398988723755,-0.002260323613882065,0.0,False,False,2,False
90.081621341,1362,90,81621341,map,5.734896183013916,0.20472604036331177,-0.18680572509765625,8.392335075768642e-06,0.0,0.0,0.0,0.00028048214259893486,-0.00027518119444662476,0.7071949942636515,0.7070184479159732,0,0,0,,0.47586408257484436,0.0034534521400928497,0.0,False,False,2,False
90.081621341,1363,90,131621342,map,5.723996639251709,0.46977585554122925,-0.21930694580078125,-1.2207033250888344e-05,0.0,0.0,0.0,0.00014360729638065995,-0.000416209528446878,0.7067272457024468,0.7074859760648308,0,0,0,,0.46164512634277344,0.0120399110019207,0.0,False,False,2,False
90.181621342,1364,90,181621342,map,5.711511135101318,-0.499593585729599,-0.24837493896484375,4.329681542003527e-05,0.0,0.0,0.0,0.00022454965206745515,-0.0003290570681628826,0.7068748522300352,0.7073385219141295,0,0,0,,0.486501008272171,-0.006487112492322922,0.0,False,False,2,False
90.231621343,1365,90,231621343,map,5.699453353881836,0.13091492652893066,-0.24129867553710938,6.160735938465223e-05,0.0,0.0,0.0,0.0002524443445321808,-0.0002934976421292666,0.7066176413645415,0.7075954769805973,0,0,0,,0.4901679754257202,0.0019303672015666962,0.0,False,False,2,False
90.281621344,1366,90,281621344,map,5.688330173492432,-0.11771455407142639,-0.22233009338378906,-9.15527380129788e-06,0.0,0.0,0.0,0.0002819360036518378,-0.00026016419988350044,0.7068641434490031,0.7073492316619749,0,0,0,,0.4851057231426239,-0.002037007361650467,0.0,False,False,2,False
90.331621345,1367,90,331621345,map,5.678252696990967,0.08070936799049377,-0.20162582397460938,-6.8664553509734105e-06,0.0,0.0,0.0,0.0002755687848765872,-0.0002677095221226264,0.7066258017618087,0.7075873293650315,0,0,0,,0.5130516290664673,0.001243744045495987,0.0,False,False,2,False
90.381621345,1368,90,381621345,map,5.671050071716309,-0.25026363134384155,-0.14400482177734375,3.890991138177924e-05,0.0,0.0,0.0,0.00033524875434577217,-0.00022111561850668226,0.7069456257414912,0.7072677858923927,0,0,0,,0.5182746052742004,-0.005462933331727982,0.0,False,False,2,False
90.381621345,1369,90,431621346,map,5.666167259216309,0.3015565276145935,-0.09778976440429688,1.1825559340650216e-05,0.0,0.0,0.0,0.0002924601939412906,-0.000289336709543401,0.7067043220553634,0.7075088917742114,0,0,0,,0.5161923170089722,0.004903879016637802,0.0,False,False,2,False
90.431621346,1370,90,481621347,map,5.662209987640381,0.3076111674308777,-0.08009910583496094,-2.2888161765877157e-06,0.0,0.0,0.0,0.00020066624844351197,-0.0004133913156359611,0.7067531068505004,0.707460129475748,0,0,0,,0.5023986101150513,0.008776362985372543,0.0,False,False,2,False
90.531621348,1371,90,531621348,map,5.660074710845947,-0.1900765597820282,-0.042018890380859375,-2.7275087632006034e-05,0.0,0.0,0.0,0.00023791635105380535,-0.0004099551602490215,0.7063716684432934,0.707840971796077,0,0,0,,0.5296948552131653,-0.0005630888044834137,0.0,False,False,2,False
90.581621348,1372,90,581621348,map,5.660960674285889,-0.28896480798721313,0.018167495727539062,-2.155303991457913e-05,0.0,0.0,0.0,0.0003627954581850704,-0.0003240547453764402,0.7066491446576266,0.7075639545105602,0,0,0,,0.5355940461158752,-0.005762521177530289,0.0,False,False,2,False
90.631621349,1373,90,631621349,map,5.663774013519287,0.2972714602947235,0.05579948425292969,-1.7738340829964727e-05,0.0,0.0,0.0,0.0003524966739272387,-0.00037847221464661453,0.7063890287493836,0.7078236168477144,0,0,0,,0.5307396054267883,0.00498802587389946,0.0,False,False,2,False
90.68162135,1374,90,681621350,map,5.669153213500977,-0.46154701709747314,0.10796546936035156,-4.38690176451928e-06,0.0,0.0,0.0,0.0004637270422644786,-0.000315225332530515,0.7067325736663362,0.7074805685735661,0,0,0,,0.5505877137184143,-0.00921839103102684,0.0,False,False,2,False
90.68162135,1375,90,731621351,map,5.677401542663574,0.1354597955942154,0.1650524139404297,-2.9182432626839727e-05,0.0,0.0,0.0,0.0004937838139837009,-0.0003383017377375451,0.7066214375075524,0.7075915388020404,0,0,0,,0.549075722694397,-0.0002723671495914459,0.0,False,False,2,False
90.781621351,1376,90,781621351,map,5.687358856201172,0.22155967354774475,0.1989269256591797,-4.253387305652723e-05,0.0,0.0,0.0,0.0004447331050752314,-0.00044262736510222717,0.706842765783672,0.707370419760941,0,0,0,,0.5347825288772583,0.004178669303655624,0.0,False,False,2,False
90.781621351,1377,90,831621352,map,5.697856426239014,0.25865504145622253,0.20915985107421875,-1.9073468138230965e-07,0.0,0.0,0.0,0.0003721404899131274,-0.0005635929127644475,0.7064422032681469,0.7077704128572563,0,0,0,,0.5228923559188843,0.0072980038821697235,0.0,False,False,2,False
90.881621353,1378,90,881621353,map,5.708385944366455,-0.23333640396595,0.211334228515625,3.4332275390625e-05,0.0,0.0,0.0,0.0004271961686362457,-0.0005458024196775504,0.7065818750375286,0.7076309585310714,0,0,0,,0.550737202167511,-0.0020551644265651703,0.0,False,False,2,False
90.881621353,1379,90,931621354,map,5.7206525802612305,0.06804859638214111,0.24517059326171875,-1.7738340829964727e-05,0.0,0.0,0.0,0.00046270806055286257,-0.0005440871550019879,0.7062933426136636,0.7079189247717825,0,0,0,,0.5476335287094116,0.0016607008874416351,0.0,False,False,2,False
90.981621354,1380,90,981621354,map,5.733468532562256,0.16479603946208954,0.25574684143066406,-9.536734069115482e-07,0.0,0.0,0.0,0.00044683134364514323,-0.0005905980808028567,0.7064077338559347,0.707804750679296,0,0,0,,0.5270987153053284,0.004755664616823196,0.0,False,False,2,False
91.031621355,1381,91,31621355,map,5.7463812828063965,-0.20842516422271729,0.25893211364746094,-7.438661668857094e-06,0.0,0.0,0.0,0.0005039133583783883,-0.0005573555450689635,0.706128113629589,0.7080836974313433,0,0,0,,0.5538482666015625,-0.0026304833590984344,0.0,False,False,2,False
91.031621355,1382,91,81621356,map,5.761157035827637,-0.2255518138408661,0.29582977294921875,1.926422191900201e-05,0.0,0.0,0.0,0.0006012934012336154,-0.0004830008677258052,0.7064578134624059,0.7077547336149181,0,0,0,,0.5488885045051575,-0.005522746592760086,0.0,False,False,2,False
91.081621356,1383,91,131621357,map,5.776120662689209,0.42469871044158936,0.2983283996582031,-1.3542176020564511e-05,0.0,0.0,0.0,0.000531565063847864,-0.0005740606457245722,0.706183020386467,0.7080289045023549,0,0,0,,0.5414170622825623,0.007487695664167404,0.0,False,False,2,False
91.131621357,1384,91,181621357,map,5.79061222076416,-0.04882875829935074,0.2900218963623047,8.773804438533261e-06,0.0,0.0,0.0,0.0005096736579661113,-0.0006130026903161509,0.7063106309198576,0.707901587164527,0,0,0,,0.5341878533363342,0.0013653896749019623,0.0,False,False,2,False
91.231621358,1385,91,231621358,map,5.805674076080322,-0.4382547438144684,0.3020000457763672,6.1035143517074175e-06,0.0,0.0,0.0,0.0006277203198604235,-0.0005079577794328716,0.7061792527525559,0.7080326340840062,0,0,0,,0.5694011449813843,-0.008965108543634415,0.0,False,False,2,False
91.231621358,1386,91,281621359,map,5.823995113372803,0.00086161307990551,0.3664207458496094,-8.201595846912824e-06,0.0,0.0,0.0,0.0006826798230907085,-0.00047263684859862824,0.7065821164232299,0.7076305697986326,0,0,0,,0.5664117336273193,-0.0031984783709049225,0.0,False,False,2,False
91.281621359,1387,91,331621360,map,5.843033313751221,0.4938808083534241,0.379791259765625,1.5068051652633585e-05,0.0,0.0,0.0,0.0005634661199239397,-0.0006156593042937613,0.7062974318080275,0.7079147132889225,0,0,0,,0.5453921556472778,0.00904165580868721,0.0,False,False,2,False
91.33162136,1388,91,381621360,map,5.862394332885742,-0.17488576471805573,0.3878021240234375,-1.1444091796875e-05,0.0,0.0,0.0,0.0005597163851634573,-0.000642571539888504,0.7064434085333113,0.7077690190727634,0,0,0,,0.5757790207862854,-0.0010044537484645844,0.0,False,False,2,False
91.431621361,1389,91,431621361,map,5.884157180786133,0.12677553296089172,0.43486595153808594,2.765655517578125e-05,0.0,0.0,0.0,0.0005581125045059257,-0.0006716616870309083,0.7061337188716343,0.7080779677786381,0,0,0,,0.5696040987968445,0.003163512796163559,0.0,False,False,2,False
91.481621362,1390,91,481621362,map,5.906723976135254,-0.057627931237220764,0.4515361785888672,-5.588531348621473e-05,0.0,0.0,0.0,0.0005871584145250075,-0.0006718398135999677,0.7062935159066961,0.707918549880153,0,0,0,,0.5575451850891113,0.00016232207417488098,0.0,False,False,2,False
91.481621362,1391,91,531621363,map,5.928414344787598,0.2868954837322235,0.4325580596923828,3.4713742934400216e-05,0.0,0.0,0.0,0.0005436665495981021,-0.0007382829455262719,0.7059143088964154,0.7082966524418081,0,0,0,,0.5432136654853821,0.0069712065160274506,0.0,False,False,2,False
91.531621363,1392,91,581621363,map,5.950035095214844,-0.3690698444843292,0.43389320373535156,-3.376007225597277e-05,0.0,0.0,0.0,0.0006284205267926167,-0.0006675407478691003,0.7061050593592394,0.7081064924319481,0,0,0,,0.5787072777748108,-0.005268324166536331,0.0,False,False,2,False
91.631621364,1393,91,631621364,map,5.973254203796387,0.09226758033037186,0.4641246795654297,5.531310307560489e-06,0.0,0.0,0.0,0.0006595624045012036,-0.0006513888343967342,0.7058966630160136,0.708314225335675,0,0,0,,0.5717699527740479,0.0008242838084697723,0.0,False,False,2,False
91.681621365,1394,91,681621365,map,5.996784210205078,0.43447405099868774,0.4684257507324219,-1.945495569088962e-05,0.0,0.0,0.0,0.000562454133274012,-0.0007642509224031735,0.7059414436928367,0.7082695656617958,0,0,0,,0.5577294826507568,0.009902644902467728,0.0,False,False,2,False
91.731621365,1395,91,731621365,map,6.0216450691223145,-0.4018959701061249,0.4992866516113281,4.00543212890625e-05,0.0,0.0,0.0,0.0006321269450660104,-0.0007105967591130028,0.7056474694074826,0.7085624491790312,0,0,0,,0.597859799861908,-0.005017835646867752,0.0,False,False,2,False
91.731621365,1396,91,781621366,map,6.049962520599365,0.08829418569803238,0.5660152435302734,-8.201600394386332e-06,0.0,0.0,0.0,0.0006749958864282852,-0.0006932290955885472,0.7058573389640481,0.7083533587444666,0,0,0,,0.591905415058136,0.0011469610035419464,0.0,False,False,2,False
91.781621366,1397,91,831621367,map,6.079309940338135,0.40346622467041016,0.5846214294433594,1.7738344467943534e-05,0.0,0.0,0.0,0.0005948016924405894,-0.0008048309210639914,0.7054573679321977,0.7087516493725508,0,0,0,,0.5740439295768738,0.00926337018609047,0.0,False,False,2,False
91.831621367,1398,91,881621368,map,6.106988430023193,0.6141860485076904,0.5474758148193359,-2.7084352041129023e-05,0.0,0.0,0.0,0.00043138781845131343,-0.0009930151501809032,0.7051973583523496,0.7090102351858747,0,0,0,,0.5579971075057983,0.017528053373098373,0.0,False,False,2,False
91.931621368,1399,91,931621368,map,6.135287284851074,-0.3739774227142334,0.5700874328613281,1.907392288558185e-07,0.0,0.0,0.0,0.0005020767118708806,-0.000940261277098755,0.7046211062161964,0.7095829482889013,0,0,0,,0.5987008213996887,-0.00016278401017189026,0.0,False,False,2,False
91.981621369,1400,91,981621369,map,6.166315078735352,0.3587554395198822,0.6167221069335938,3.719329470186494e-05,0.0,0.0,0.0,0.0005107819366725211,-0.0009511918072057711,0.7044886092079202,0.7097144734555225,0,0,0,,0.5965375900268555,0.010339345782995224,0.0,False,False,2,False
92.03162137,1401,92,31621370,map,6.197982311248779,0.6138524413108826,0.6244182586669922,-5.893706838833168e-05,0.0,0.0,0.0,0.00039087398187810033,-0.001092533109819435,0.7036896825331389,0.7105064984117627,0,0,0,,0.5799350142478943,0.0186116062104702,0.0,False,False,2,False
92.081621371,1402,92,81621371,map,6.231771945953369,-0.22934168577194214,0.6795787811279297,2.613067044876516e-05,0.0,0.0,0.0,0.0004583047183565012,-0.0010503450850701556,0.7034016977060924,0.7107916279727655,0,0,0,,0.6285690069198608,0.00404120609164238,0.0,False,False,2,False
92.081621371,1403,92,131621371,map,6.269974708557129,0.41182488203048706,0.7572650909423828,-2.2888161765877157e-06,0.0,0.0,0.0,0.00046516411608358275,-0.0010826963961931718,0.7026868469891719,0.7114982828224358,0,0,0,,0.6323968172073364,0.01335131749510765,0.0,False,False,2,False
92.181621372,1404,92,181621372,map,6.312533855438232,-0.02474859356880188,0.8517742156982422,7.247922440001275e-06,0.0,0.0,0.0,0.0005324032522021093,-0.0010713916352820855,0.7024312068831756,0.7117506362929267,0,0,0,,0.6239149570465088,0.006310302764177322,0.0,False,False,2,False
92.181621372,1405,92,231621373,map,6.356365203857422,0.909779965877533,0.8572101593017578,-0.0011543274158611894,0.0,0.0,0.0,0.00040619353498602467,-0.0012539136713693084,0.7015093394559003,0.7126590414521263,0,0,0,,0.6192305088043213,0.02428532764315605,0.0,False,False,2,False
92.231621373,1406,92,281621374,map,6.405208587646484,-0.10156124830245972,0.9796619415283203,0.0007511138683184981,0.0,0.0,0.0,0.00045320442290878115,-0.0012706379122342782,0.7010045243465667,0.7131555489026857,0,0,0,,0.6893420219421387,0.00883563980460167,0.0,False,False,2,False
92.281621374,1407,92,331621374,map,6.463855266571045,-1.778849482536316,1.2034893035888672,0.0004898071056231856,0.0,0.0,0.0,0.001025972765040073,-0.0007992321223910157,0.7010001418289106,0.7131599468308266,0,0,0,,0.7724567651748657,-0.0310203917324543,0.0,False,False,2,False
92.381621375,1408,92,381621375,map,6.546963214874268,-0.21918825805187225,1.6642475128173828,-6.866453077236656e-06,0.0,0.0,0.0,0.0013940553839995441,-0.0006022135290367516,0.7018431690504835,0.7123298814493368,0,0,0,,0.8320503234863281,-0.014462646096944809,0.0,False,False,2,False
92.431621376,1409,92,431621376,map,6.656512260437012,-0.13478100299835205,2.192087173461914,1.869201696536038e-05,0.0,0.0,0.0,0.0015679561844120565,-0.0006955505925059042,0.7023060088875209,0.7118731120103206,0,0,0,,0.9349204897880554,-0.011106874793767929,0.0,False,False,2,False
92.481621377,1410,92,481621377,map,6.79493522644043,2.705950975418091,2.722616195678711,-9.784699068404734e-05,0.0,0.0,0.0,0.0010480876087653628,-0.0015866962867117098,0.7019266322959783,0.7122467176343351,0,0,0,,0.8587589859962463,0.04652233049273491,0.0,False,False,2,False
92.531621377,1411,92,531621377,map,6.951982021331787,1.5158957242965698,3.0938720703125,-0.0005674362182617188,0.0,0.0,0.0,0.0006056858358907139,-0.0024585643943596546,0.7001653043962096,0.713976284708078,0,0,0,,0.7697640061378479,0.04368947818875313,0.0,False,False,2,False
92.531621377,1412,92,581621378,map,7.105127334594727,3.654693365097046,2.884674072265625,-0.0010513304732739925,0.0,0.0,0.0,-0.00013740101422355104,-0.003547968836617134,0.6973256306756478,0.7167456716582987,0,0,0,,0.7942767143249512,0.09339560568332672,0.0,False,False,2,False
92.581621378,1413,92,631621379,map,7.242380619049072,6.667664527893066,2.188253402709961,-0.00294914236292243,0.0,0.0,0.0,-0.0016822806697162423,-0.0052312097334768605,0.6916777137637629,0.7221853949360973,0,0,0,,0.7536161541938782,0.1972150206565857,0.0,False,False,2,False
92.68162138,1414,92,681621380,map,7.408396244049072,1.6458630561828613,3.1566524505615234,-0.0014661785680800676,0.0,0.0,0.0,-0.002321322417625515,-0.005963037837219347,0.6849596880409314,0.7285528665792589,0,0,0,,0.8009361028671265,0.09601981937885284,0.0,False,False,2,False
92.68162138,1415,92,731621380,map,7.548855781555176,5.74108362197876,2.0598888397216797,0.0005910871550440788,0.0,0.0,0.0,-0.0030293296071576947,-0.006631251424665559,0.6773628096292984,0.7356129918630971,0,0,0,,0.9724676609039307,0.1805681586265564,0.0,False,False,2,False
92.781621381,1416,92,781621381,map,7.66175651550293,9.041328430175781,0.6398200988769531,-0.005347824189811945,0.0,0.0,0.0,-0.004968602632099059,-0.008143404653684965,0.6668431298541073,0.7451370599526699,0,0,0,,0.8497295379638672,0.3028261661529541,0.0,False,False,2,False
92.831621382,1417,92,831621382,map,7.741816520690918,10.53102970123291,-0.9707164764404297,-0.011598206125199795,0.0,0.0,0.0,-0.007858424886664973,-0.010055563483066507,0.6518396444055675,0.7582494370473095,0,0,0,,0.8031523823738098,0.3541332185268402,0.0,False,False,2,False
92.831621382,1418,92,881621383,map,7.895388603210449,5.6656694412231445,1.4947986602783203,-0.00020599225535988808,0.0,0.0,0.0,-0.009146671866996636,-0.010630308717239462,0.6353741458483295,0.7720770879373635,0,0,0,,0.6692327857017517,0.24231821298599243,0.0,False,False,2,False
92.881621383,1419,92,931621383,map,8.000602722167969,7.2977447509765625,-0.28824806213378906,0.008621405810117722,0.0,0.0,0.0,-0.009811911214426006,-0.010655467593506187,0.6185653526706026,0.7855998293560005,0,0,0,,0.7244400978088379,0.27176937460899353,0.0,False,False,2,False
92.981621384,1420,92,981621384,map,8.087190628051758,8.72687816619873,-1.6284465789794922,0.0020107266027480364,0.0,0.0,0.0,-0.010975625272093672,-0.010869214519064885,0.6004572242565354,0.7995076720480936,0,0,0,,0.7249254584312439,0.31601929664611816,0.0,False,False,2,False
93.031621385,1421,93,31621385,map,8.200664520263672,2.4402904510498047,1.4085769653320312,0.011471748352050781,0.0,0.0,0.0,-0.010447759373857075,-0.009977493043135314,0.5833697385393694,0.8120782241343182,0,0,0,,0.6064123511314392,0.14843738079071045,0.0,False,False,2,False
93.081621386,1422,93,81621386,map,8.296014785766602,5.838174819946289,-0.6096553802490234,0.012769126333296299,0.0,0.0,0.0,-0.009686904363217863,-0.009034575723638758,0.5684885551287239,0.8225845263637089,0,0,0,,0.7797520160675049,0.21040165424346924,0.0,False,False,2,False
93.081621386,1423,93,131621386,map,8.3466796875,8.051376342773438,-3.0242919921875,-0.006077003199607134,0.0,0.0,0.0,-0.01048284616395372,-0.009030677624105126,0.5523192921711146,0.8335178200215945,0,0,0,,0.7959558963775635,0.27883604168891907,0.0,False,False,2,False
93.131621386,1424,93,181621387,map,8.476020812988281,3.603086471557617,0.9454059600830078,-0.0007553101750090718,0.0,0.0,0.0,-0.010216507519028561,-0.00851902587556444,0.5366617846197586,0.8436925850693374,0,0,0,,0.8191577196121216,0.15257391333580017,0.0,False,False,2,False
93.231621388,1425,93,231621388,map,8.568320274353027,7.032337188720703,-2.0617294311523438,0.0010898592881858349,0.0,0.0,0.0,-0.010187514123284816,-0.0082547689356593,0.5216010079896226,0.8530887772149017,0,0,0,,0.9120671153068542,0.234322190284729,0.0,False,False,2,False
93.281621389,1426,93,281621389,map,8.65524959564209,9.338960647583008,-4.159479141235352,-0.012059593573212624,0.0,0.0,0.0,-0.011747684123209423,-0.008802366685614748,0.5040727521200123,0.8635364328322401,0,0,0,,0.9080196619033813,0.3178442716598511,0.0,False,False,2,False
93.331621389,1427,93,331621389,map,8.808574676513672,5.861167907714844,-0.5003070831298828,-0.004035567864775658,0.0,0.0,0.0,-0.012313125376678181,-0.008883637858726832,0.4855982949724119,0.8740502067053927,0,0,0,,0.9754077196121216,0.20221269130706787,0.0,False,False,2,False
93.38162139,1428,93,381621390,map,8.959903717041016,8.80457878112793,-3.1461143493652344,0.0012521742610260844,0.0,0.0,0.0,-0.01293747663632111,-0.009046481304780758,0.4668285307714419,0.8842069360348084,0,0,0,,1.0,0.28421223163604736,0.0,False,False,2,False
93.431621391,1429,93,431621391,map,9.148151397705078,6.764011383056641,-0.8748531341552734,0.0013004301581531763,0.0,0.0,0.0,-0.013131913286676001,-0.009049314014816436,0.44771577597610746,0.8940336943937877,0,0,0,,1.0,0.20799043774604797,0.0,False,False,2,False
93.481621392,1430,93,481621392,map,9.323497772216797,9.18980598449707,-3.8239383697509766,-0.0001617433736100793,0.0,0.0,0.0,-0.013839306216990796,-0.009245538168897149,0.4279943924246859,0.9036281279820941,0,0,0,,1.0,0.28313905000686646,0.0,False,False,2,False
93.481621392,1431,93,531621392,map,9.460164070129395,9.756107330322266,-6.277523040771484,-0.010811805725097656,0.0,0.0,0.0,-0.015710280995491543,-0.009698288847727244,0.4054491609521996,0.9139311287770134,0,0,0,,0.9831191301345825,0.3341412842273712,0.0,False,False,2,False
93.581621393,1432,93,581621393,map,9.666147232055664,8.761730194091797,-3.892984390258789,-0.0032747257500886917,0.0,0.0,0.0,-0.01693041909416907,-0.009821811824774117,0.381453780261766,0.9241806676433904,0,0,0,,0.9943594932556152,0.27798381447792053,0.0,False,False,2,False
93.631621394,1433,93,631621394,map,9.866639137268066,8.67732048034668,-4.597358703613281,0.005091285333037376,0.0,0.0,0.0,-0.017606666653093978,-0.009715242124950722,0.3571383882112876,0.9338349913264462,0,0,0,,1.0,0.2700575888156891,0.0,False,False,2,False
93.681621395,1434,93,681621395,map,10.12566089630127,6.093921661376953,0.44597625732421875,0.01892242394387722,0.0,0.0,0.0,-0.01636212827814933,-0.009089116406349053,0.33536107529279197,0.9419037200795118,0,0,0,,1.0,0.12599888443946838,0.0,False,False,2,False
93.681621395,1435,93,731621395,map,10.085241317749023,2.564716339111328,-5.080747604370117,0.019272996112704277,0.0,0.0,0.0,-0.014835160310015215,-0.007921554956154417,0.3172377995416318,0.9481968917517272,0,0,0,,1.0,0.1543225198984146,0.0,False,False,0,False
93.781621396,1436,93,781621396,map,10.060652732849121,3.8846588134765625,-6.877155303955078,-0.0016595842316746712,0.0,0.0,0.0,-0.01471075143363078,-0.006889912374324695,0.29984003721362323,0.9538511807318083,0,0,0,,1.0,0.190929114818573,0.0,False,False,0,False
93.781621396,1437,93,831621397,map,10.411230087280273,8.491287231445312,-0.4809856414794922,-0.003744126297533512,0.0,0.0,0.0,-0.01410351318864349,-0.006476552793404156,0.28355906240899476,0.9588291835907915,0,0,0,,1.0,0.12742583453655243,0.0,False,False,0,False
93.881621398,1438,93,881621398,map,10.77968692779541,10.41015625,-3.448333740234375,-0.008524894714355469,0.0,0.0,0.0,-0.014126449353867544,-0.0070730047930407745,0.2673432628729958,0.9634718448549863,0,0,0,,1.0,0.18392807245254517,0.0,False,False,3,False
93.881621398,1439,93,931621398,map,11.136207580566406,8.680000305175781,-1.19476318359375,-0.005379676818847656,0.0,0.0,0.0,-0.013740578241805218,-0.0076002384645706186,0.25156738833940945,0.9677123963290701,0,0,0,,1.0,0.12623891234397888,0.0,False,False,3,False
93.981621399,1440,93,981621399,map,11.40625,9.07155990600586,-6.357612609863281,-0.0064449310302734375,0.0,0.0,0.0,-0.014378765593466653,-0.008033777926235634,0.23504609903793683,0.9718446588006174,0,0,0,,1.0,0.2364577054977417,0.0,False,False,3,False
93.981621399,1441,94,31621400,map,11.67525863647461,8.299388885498047,-5.586729049682617,-0.010144805535674095,0.0,0.0,0.0,-0.015590866392492166,-0.008225705794943649,0.21644290309763803,0.9761361238823062,0,0,0,,1.0,0.19225271046161652,0.0,False,False,3,False
94.081621401,1442,94,81621401,map,11.869073867797852,7.878990173339844,-9.691777229309082,-0.008567619137465954,0.0,0.0,0.0,-0.01751979826467543,-0.008183827964826182,0.1953859633493033,0.9805357754588416,0,0,0,,1.0,0.28898969292640686,0.0,False,False,3,False
94.131621401,1443,94,131621401,map,12.094891548156738,7.357921600341797,-7.798428535461426,-0.0056877126917243,0.0,0.0,0.0,-0.019191079510657075,-0.007873696873794817,0.17213864957233171,0.9848543002333742,0,0,0,,1.0,0.2212986946105957,0.0,False,False,3,False
94.181621402,1444,94,181621402,map,12.258691787719727,6.609859466552734,-11.356935501098633,-0.0024854671210050583,0.0,0.0,0.0,-0.021106554026145277,-0.007388341994700766,0.14697760413868174,0.9888870055073854,0,0,0,,1.0,0.29164421558380127,0.0,False,False,3,False
94.231621403,1445,94,231621403,map,12.4356050491333,6.127033233642578,-10.929880142211914,-0.003438184503465891,0.0,0.0,0.0,-0.022968555374401393,-0.006744891499494327,0.11984964368375962,0.992503407959665,0,0,0,,1.0,0.26264849305152893,0.0,False,False,3,False
94.281621403,1446,94,281621403,map,12.598750114440918,5.417327880859375,-11.89664363861084,0.0011957157403230667,0.0,0.0,0.0,-0.024566990381018367,-0.005988131183136338,0.09156854379208258,0.995477677829267,0,0,0,,1.0,0.2658551037311554,0.0,False,False,3,False
94.331621404,1447,94,331621404,map,12.760799407958984,4.794483184814453,-12.18832015991211,0.0033386237919330597,0.0,0.0,0.0,-0.02589522020252287,-0.005160124686884041,0.06264189980357299,0.9976867259179495,0,0,0,,1.0,0.25455358624458313,0.0,False,False,3,False
94.331621404,1448,94,381621405,map,12.94570255279541,4.566478729248047,-11.018448829650879,0.01033553946763277,0.0,0.0,0.0,-0.02644746841260095,-0.00435508985789428,0.034400984525716646,0.9990486158693959,0,0,0,,1.0,0.2078053504228592,0.0,False,False,3,False
94.431621406,1449,94,431621406,map,13.146976470947266,4.3853759765625,-9.754415512084961,0.017860794439911842,0.0,0.0,0.0,-0.02604787578902209,-0.0036786270625631745,0.00843235780411861,0.9996183627823558,0,0,0,,1.0,0.157464399933815,0.0,False,False,3,False
94.481621406,1450,94,481621406,map,13.360821723937988,4.295387268066406,-8.128265380859375,0.02115173265337944,0.0,0.0,0.0,-0.02470919637815692,-0.0032043476530269847,-0.013847040653791158,0.9995936410540018,0,0,0,,1.0,0.10360071063041687,0.0,False,False,3,False
94.531621407,1451,94,531621407,map,13.58252239227295,4.290065765380859,-6.034546852111816,0.02043609693646431,0.0,0.0,0.0,-0.022434238190374017,-0.002972363671693885,-0.03116085975253299,0.9992581602521461,0,0,0,,1.0,0.047465208917856216,0.0,False,False,3,False
94.581621408,1452,94,581621408,map,13.804158210754395,4.264049530029297,-4.0894269943237305,0.014811130240559578,0.0,0.0,0.0,-0.019434185606858417,-0.0029669855216726913,-0.04275636061183818,0.9988920877922414,0,0,0,,1.0,0.0008550360798835754,0.0,False,False,3,False
94.631621409,1453,94,631621409,map,14.02153491973877,4.267482757568359,-1.6545522212982178,0.007010842673480511,0.0,0.0,0.0,-0.015784318211875946,-0.003140089896194707,-0.04823529034769118,0.9987063391703809,0,0,0,,1.0,-0.04602651670575142,0.0,False,False,3,False
94.681621409,1454,94,681621409,map,14.23289680480957,4.239387512207031,0.11166214942932129,-0.0025125499814748764,0.0,0.0,0.0,-0.011827483502386498,-0.0034085826339443947,-0.0479247574849832,0.9987751047249996,0,0,0,,1.0,-0.07686039805412292,0.0,False,False,3,False
94.73162141,1455,94,731621410,map,14.438089370727539,4.203205108642578,1.9022345542907715,-0.010733604431152344,0.0,0.0,0.0,-0.007787266292654511,-0.0036891637858204977,-0.042664268371954785,0.9990523053166608,0,0,0,,1.0,-0.1002189964056015,0.0,False,False,3,False
94.781621411,1456,94,781621411,map,14.641975402832031,4.196643829345703,2.8384768962860107,-0.015890121459960938,0.0,0.0,0.0,-0.004024553140354162,-0.0039172999504349,-0.03383445916099457,0.9994116704873931,0,0,0,,1.0,-0.10368990898132324,0.0,False,False,3,False
94.831621412,1457,94,831621412,map,14.84807300567627,4.216213226318359,3.0685834884643555,-0.01690368540585041,0.0,0.0,0.0,-0.0009030545241784957,-0.004062624643439144,-0.023210385143939378,0.9997219401388583,0,0,0,,1.0,-0.09041441977024078,0.0,False,False,3,False
94.881621412,1458,94,881621412,map,15.056461334228516,4.225730895996094,2.901054620742798,-0.013654708862304688,0.0,0.0,0.0,0.0013993812032640736,-0.004128720462573113,-0.012445531879500326,0.999913048287613,0,0,0,,1.0,-0.06853091716766357,0.0,False,False,3,False
94.931621413,1459,94,931621413,map,15.266294479370117,4.222545623779297,2.399412155151367,-0.008195114322006702,0.0,0.0,0.0,0.0028430651212987827,-0.004138759699007641,-0.0028825462712897642,0.9999832391474688,0,0,0,,1.0,-0.042071931064128876,0.0,False,False,3,False
94.931621413,1460,94,981621414,map,15.295208930969238,0.5850028991699219,2.230665445327759,-0.0026006693951785564,0.0,0.0,0.0,0.003663158384598543,-0.0037996878481757184,0.004813377520751179,0.9999744871944226,0,0,0,,1.0,-0.02453072927892208,0.0,False,False,3,False
95.031621415,1461,95,31621415,map,15.282430648803711,-0.2598381042480469,1.4325478076934814,0.0014741893392056227,0.0,0.0,0.0,0.00387611015524017,-0.0030770135373998867,0.01024567219232292,0.9999352648842237,0,0,0,,1.0,-0.00237337127327919,0.0,False,False,0,False
95.081621415,1462,95,81621415,map,15.473824501037598,3.8175201416015625,1.3861333131790161,0.0024099349975585938,0.0,0.0,0.0,0.0037689257567156704,-0.0026656021728320147,0.01352086430671439,0.9998979327871901,0,0,0,,1.0,0.005950344726443291,0.0,False,False,0,False
95.081621415,1463,95,131621416,map,15.77304744720459,5.9856414794921875,-0.09616345167160034,0.001618194510228932,0.0,0.0,0.0,0.003074905822262998,-0.0030499794312113093,0.014290225178802497,0.9998885098069646,0,0,0,,1.0,0.03157581761479378,0.0,False,False,4,False
95.181621417,1464,95,181621417,map,16.041126251220703,5.356884002685547,0.49932360649108887,0.0008172988891601562,0.0,0.0,0.0,0.002408407916400142,-0.003568900718946741,0.013242037349779212,0.9999030507833214,0,0,0,,1.0,0.02190009504556656,0.0,False,False,4,False
95.181621417,1465,95,231621418,map,16.284687042236328,4.87060546875,0.08331477642059326,0.00032863608794286847,0.0,0.0,0.0,0.0018124158168623767,-0.003962219125738133,0.01125135974283694,0.9999272087869415,0,0,0,,1.0,0.021466249600052834,0.0,False,False,4,False
95.281621418,1466,95,281621418,map,16.508291244506836,4.482154846191406,-1.0995923280715942,0.0005779266939498484,0.0,0.0,0.0,0.0009202406538269097,-0.004181735789355753,0.008313664824076543,0.9999562736540633,0,0,0,,1.0,0.03321979567408562,0.0,False,False,4,False
95.331621419,1467,95,331621419,map,16.718507766723633,4.209251403808594,-0.8046858310699463,0.0003204345703125,0.0,0.0,0.0,0.00010793601606697291,-0.004255102370765205,0.004894664271385859,0.9999789621363547,0,0,0,,1.0,0.02342747524380684,0.0,False,False,4,False
95.38162142,1468,95,381621420,map,16.917747497558594,3.9880752563476562,-1.0053637027740479,0.00019664759747684002,0.0,0.0,0.0,-0.000548879571075779,-0.004228458323431627,0.0015076504409571542,0.9999897728784888,0,0,0,,1.0,0.01950768195092678,0.0,False,False,4,False
95.431621421,1469,95,431621421,map,17.10910987854004,3.8277816772460938,-0.6641548871994019,0.00024795535136945546,0.0,0.0,0.0,-0.0009405014707625616,-0.004145621473432072,-0.0013882644509501485,0.9999900009507079,0,0,0,,1.0,0.008443916216492653,0.0,False,False,4,False
95.481621421,1470,95,481621421,map,17.29416847229004,3.7004470825195312,-0.6353662014007568,0.00021667480177711695,0.0,0.0,0.0,-0.0011359929007300838,-0.004038920789850758,-0.00353809389163879,0.9999849391518838,0,0,0,,1.0,0.0028729233890771866,0.0,False,False,4,False
95.531621422,1471,95,531621422,map,17.474491119384766,3.6059951782226562,-0.20192846655845642,0.0002958297554869205,0.0,0.0,0.0,-0.001094281509911026,-0.003929465978377635,-0.0047445606780682345,0.9999804253029526,0,0,0,,1.0,-0.006724655628204346,0.0,False,False,4,False
95.581621423,1472,95,581621423,map,17.65081214904785,3.5272598266601562,0.4121418297290802,0.00028839107835665345,0.0,0.0,0.0,-0.0007491929117587791,-0.0038285224616082087,-0.004744090207071961,0.9999811371890217,0,0,0,,1.0,-0.01794045977294445,0.0,False,False,4,False
95.631621424,1473,95,631621424,map,17.824308395385742,3.4702301025390625,0.6357768177986145,0.00019531248835846782,0.0,0.0,0.0,-0.0002565619200332129,-0.0037405976624105266,-0.0035872991724529867,0.9999865366042467,0,0,0,,1.0,-0.021661439910531044,0.0,False,False,4,False
95.631621424,1474,95,681621424,map,17.995960235595703,3.4322357177734375,0.6401825547218323,-9.651183063397184e-05,0.0,0.0,0.0,0.00019999785046113973,-0.0036667302274823585,-0.0016631672268746258,0.9999918744495249,0,0,0,,1.0,-0.019473467022180557,0.0,False,False,4,False
95.681621424,1475,95,731621425,map,18.16611099243164,3.4008026123046875,0.7152256369590759,-0.0001873016299214214,0.0,0.0,0.0,0.0005814105823346985,-0.0036058917821190813,0.0006212693276628714,0.9999931367417544,0,0,0,,1.0,-0.01659172773361206,0.0,False,False,4,False
95.781621426,1476,95,781621426,map,18.3353271484375,3.382720947265625,0.3532026708126068,-0.00014686583017464727,0.0,0.0,0.0,0.0007559480450730774,-0.003557290305282754,0.002734505008024179,0.9999896483017203,0,0,0,,1.0,-0.0066104065626859665,0.0,False,False,4,False
95.781621426,1477,95,831621427,map,18.503496170043945,3.3630752563476562,0.06581142544746399,-7.114410254871473e-05,0.0,0.0,0.0,0.000708515604572236,-0.003519738324212713,0.004206470600813877,0.9999847074094942,0,0,0,,1.0,0.002415783703327179,0.0,False,False,4,False
95.881621427,1478,95,881621427,map,18.67084503173828,3.3461761474609375,0.16185656189918518,5.435943603515625e-05,0.0,0.0,0.0,0.000613897823414897,-0.003490880713699216,0.004986137583341727,0.9999812874815734,0,0,0,,1.0,0.0042268019169569016,0.0,False,False,4,False
95.931621428,1479,95,931621428,map,18.83753204345703,3.33251953125,0.22165566682815552,-4.234314110362902e-05,0.0,0.0,0.0,0.0005539228300983932,-0.003468685117567452,0.005252491066240142,0.999980036166049,0,0,0,,1.0,0.004211246967315674,0.0,False,False,4,False
95.931621428,1480,95,981621429,map,19.003381729125977,3.3194732666015625,-0.4439219832420349,4.711151268566027e-05,0.0,0.0,0.0,0.00029968714906083966,-0.0034520179374702502,0.004835098942604464,0.9999823076324836,0,0,0,,1.0,0.013936234638094902,0.0,False,False,4,False
95.981621429,1481,96,31621430,map,19.168973922729492,3.3132171630859375,-0.3042985498905182,-8.563994924770668e-05,0.0,0.0,0.0,2.042711299471192e-05,-0.00343942591933317,0.0038439995575224825,0.9999866967112513,0,0,0,,1.0,0.011395543813705444,0.0,False,False,4,False
96.08162143,1482,96,81621430,map,19.334291458129883,3.3058547973632812,0.1256069540977478,-2.4414061044808477e-05,0.0,0.0,0.0,-5.209283076197755e-05,-0.003429209217014827,0.0028261803551723843,0.9999901252087857,0,0,0,,1.0,0.0023793671280145645,0.0,False,False,4,False
96.08162143,1483,96,131621431,map,19.499244689941406,3.2993698120117188,-0.06670042872428894,-4.425048246048391e-05,0.0,0.0,0.0,-7.572362772968687e-05,-0.0034215172997527623,0.0019970752023065895,0.9999921495571532,0,0,0,,1.0,0.0019875578582286835,0.0,False,False,4,False
96.181621432,1484,96,181621432,map,19.663856506347656,3.2925796508789062,-0.07176920771598816,1.3542171473091003e-05,0.0,0.0,0.0,-0.00010500922124578664,-0.003415368340207124,0.0013794002826360832,0.9999932107204652,0,0,0,,1.0,0.00016176514327526093,0.0,False,False,4,False
96.181621432,1485,96,231621433,map,19.82797622680664,3.284149169921875,-0.5561267137527466,-4.367827932583168e-05,0.0,0.0,0.0,-0.0002872345276213938,-0.0034102473042846725,0.0007367029113067537,0.9999938724704619,0,0,0,,1.0,0.006400644779205322,0.0,False,False,4,False
96.281621433,1486,96,281621433,map,19.9917049407959,3.2729721069335938,0.5250614881515503,1.5830992197152227e-05,0.0,0.0,0.0,-0.00016732506790494774,-0.0034051753785440814,0.0005235312284575146,0.9999940513313146,0,0,0,,1.0,-0.010228710249066353,0.0,False,False,4,False
96.281621433,1487,96,331621434,map,20.15544891357422,3.274688720703125,0.05845904350280762,2.8610202207346447e-06,0.0,0.0,0.0,-3.0153231275822482e-05,-0.0034014755183408084,0.0007652765084816958,0.9999939216850002,0,0,0,,1.0,-0.004843074828386307,0.0,False,False,4,False
96.381621435,1488,96,381621435,map,20.3188419342041,3.2666015625,0.3027687966823578,-6.084441702114418e-05,0.0,0.0,0.0,0.00011111905275219296,-0.0033983880715621416,0.0013111623095046203,0.999993359710188,0,0,0,,1.0,-0.007593218237161636,0.0,False,False,4,False
96.381621435,1489,96,431621436,map,20.481794357299805,3.2612991333007812,-0.5836719274520874,5.111694190418348e-05,0.0,0.0,0.0,-3.685091874394891e-05,-0.0033958531892512305,0.0016174499605326538,0.9999929253143504,0,0,0,,1.0,0.00706665962934494,0.0,False,False,4,False
96.481621436,1490,96,481621436,map,20.6447811126709,3.2594680786132812,0.09840801358222961,2.2888161765877157e-06,0.0,0.0,0.0,-0.00010040928395387057,-0.0033937618370286603,0.0017234925215105495,0.999992750909774,0,0,0,,1.0,-0.0008946098387241364,0.0,False,False,4,False
96.531621437,1491,96,531621437,map,20.807504653930664,3.2544708251953125,0.0033417344093322754,1.869201696536038e-05,0.0,0.0,0.0,-8.549928424104532e-05,-0.0033920744118788567,0.001801838887434754,0.9999926199216074,0,0,0,,1.0,0.0003986656665802002,0.0,False,False,4,False
96.581621438,1492,96,581621438,map,20.969970703125,3.2492446899414062,0.02241179347038269,-2.365111868130043e-05,0.0,0.0,0.0,-6.0614454524715174e-05,-0.003390661091437114,0.0018373427798970476,0.9999925619297176,0,0,0,,1.0,0.00028261542320251465,0.0,False,False,4,False
96.631621439,1493,96,631621439,map,21.067943572998047,1.959686279296875,-0.05820274353027344,8.716582669876516e-05,0.0,0.0,0.0,-6.166699875509482e-05,-0.003313651730398185,0.001803523980475944,0.9999928815799856,0,0,0,,1.0,0.00147201307117939,0.0,False,False,4,False
96.681621439,1494,96,681621439,map,21.048847198486328,-0.38177490234375,-0.059506893157958984,0.0006952285766601562,0.0,0.0,0.0,-7.56206344614214e-05,-0.0028284883320588263,0.0016991278638368744,0.9999945534350563,0,0,0,,1.0,0.0014048442244529724,0.0,False,False,0,False
96.73162144,1495,96,731621440,map,21.07607078552246,0.5457687377929688,-0.5212478637695312,0.000603103544563055,0.0,0.0,0.0,-0.00024177420895701073,-0.002273517484444445,0.0013057202463223599,0.999996533873052,0,0,0,,1.0,0.008265743032097816,0.0,False,False,0,False
96.781621441,1496,96,781621441,map,21.304311752319336,4.5648956298828125,-0.04665061831474304,-0.0003280639066360891,0.0,0.0,0.0,-0.0003099709901844273,-0.0023476568259331964,0.0008019422325708293,0.9999968746521503,0,0,0,,1.0,0.0014279484748840332,0.0,False,False,5,False
96.781621441,1497,96,831621441,map,21.509145736694336,4.095573425292969,0.49035102128982544,-0.000732803309801966,0.0,0.0,0.0,-0.0001118249605366235,-0.0027100004357850835,0.0006977036684816256,0.9999960782935137,0,0,0,,1.0,-0.008299153298139572,0.0,False,False,5,False
96.831621441,1498,96,881621442,map,21.694576263427734,3.7076187133789062,0.3199860453605652,-0.0007200241088867188,0.0,0.0,0.0,0.00011409973392342897,-0.0030435894200405143,0.0010384328620308809,0.9999948225875394,0,0,0,,1.0,-0.006994269788265228,0.0,False,False,5,False
96.881621442,1499,96,931621443,map,21.865442276000977,3.4183883666992188,-0.3300294876098633,-0.00035648344783112407,0.0,0.0,0.0,6.978561877929649e-05,-0.003260637101830717,0.0013104816645881266,0.9999938229876545,0,0,0,,1.0,0.0036042556166648865,0.0,False,False,5,False
96.931621443,1500,96,981621444,map,22.02549934387207,3.201751708984375,-0.2512485384941101,-0.00011806485417764634,0.0,0.0,0.0,-7.660486926817705e-05,-0.003363943249040073,0.00129428257908237,0.9999935014039425,0,0,0,,1.0,0.004132244735956192,0.0,False,False,5,False
97.031621444,1501,97,31621444,map,22.17680549621582,3.026580810546875,-0.23785442113876343,0.00024147033400367945,0.0,0.0,0.0,-0.00020364709357485535,-0.0033826530330300715,0.001047513109083626,0.9999937094315172,0,0,0,,0.9815217852592468,0.00435994379222393,0.0,False,False,5,False
97.081621445,1502,97,81621445,map,22.320154190063477,2.8675460815429688,-0.7154944539070129,0.00018501278827898204,0.0,0.0,0.0,-0.0004557014106407815,-0.0033450633994273784,0.0003854264513867201,0.9999942271501014,0,0,0,,0.9815881252288818,0.011473862454295158,0.0,False,False,5,False
97.081621445,1503,97,131621446,map,22.456806182861328,2.7326583862304688,-0.583540678024292,0.00017395017493981868,0.0,0.0,0.0,-0.0006977128007372197,-0.0032751201146229937,-0.0006430769767854668,0.9999941866016444,0,0,0,,0.9496172666549683,0.009181784465909004,0.0,False,False,5,False
97.181621447,1504,97,181621447,map,22.585437774658203,2.5724411010742188,-0.1200004294514656,0.0003200531064067036,0.0,0.0,0.0,-0.0007219666133147136,-0.003184781461832961,-0.00158680390990652,0.9999934089705796,0,0,0,,0.9187148809432983,0.00043756701052188873,0.0,False,False,5,False
97.181621447,1505,97,231621447,map,22.705909729003906,2.4074172973632812,-0.821261465549469,0.00013236998347565532,0.0,0.0,0.0,-0.000865995662039721,-0.00307945428900801,-0.0025766585097479855,0.9999915638862757,0,0,0,,0.9239689111709595,0.008923117071390152,0.0,False,False,5,False
97.281621448,1506,97,281621448,map,22.818984985351562,2.2627639770507812,0.4305282235145569,0.00021724699763581157,0.0,0.0,0.0,-0.00067949178647648,-0.0029683063553639527,-0.0030926389517517746,0.9999905814719492,0,0,0,,0.8701025247573853,-0.010754099115729332,0.0,False,False,5,False
97.331621449,1507,97,331621449,map,22.923490524291992,2.0906829833984375,0.2529502511024475,0.00018520356388762593,0.0,0.0,0.0,-0.00036692377549754374,-0.0028509752893816796,-0.002875791346263798,0.9999917335313203,0,0,0,,0.8716832399368286,-0.010193746536970139,0.0,False,False,5,False
97.38162145,1508,97,381621450,map,23.02129364013672,1.95648193359375,0.2957111597061157,4.730223736260086e-05,0.0,0.0,0.0,-9.318541455155144e-05,-0.0027319017778445996,-0.002135682430892832,0.9999939834267548,0,0,0,,0.8611586689949036,-0.010164935141801834,0.0,False,False,5,False
97.43162145,1509,97,431621450,map,23.113346099853516,1.8413162231445312,0.31510815024375916,-1.811982656363398e-05,0.0,0.0,0.0,0.00012865264135644464,-0.0026161248512392614,-0.0010747709100914938,0.999995992095344,0,0,0,,0.8546055555343628,-0.008540177717804909,0.0,False,False,5,False
97.481621451,1510,97,481621451,map,23.200929641723633,1.7516326904296875,-0.08527752012014389,-1.792905095499009e-05,0.0,0.0,0.0,0.00016584582566746785,-0.0025080018543178254,-0.0001194355877519818,0.999996834073489,0,0,0,,0.8574674129486084,0.00011199526488780975,0.0,False,False,5,False
97.531621452,1511,97,531621452,map,23.284957885742188,1.6798019409179688,-0.5760821104049683,-5.378722562454641e-05,0.0,0.0,0.0,-5.381653969901706e-05,-0.0024111956568208404,0.00021212230774099645,0.9999970691174106,0,0,0,,0.8561378717422485,0.010538922622799873,0.0,False,False,5,False
97.581621453,1512,97,581621453,map,23.365558624267578,1.6124343872070312,0.2345374971628189,-8.621216693427414e-05,0.0,0.0,0.0,-8.123647000692966e-05,-0.0023267430518633023,0.00022431363875286721,0.999997264671658,0,0,0,,0.8229202628135681,0.00014617480337619781,0.0,False,False,5,False
97.631621453,1513,97,631621453,map,23.4415283203125,1.5193557739257812,-0.029115527868270874,6.866466719657183e-06,0.0,0.0,0.0,-5.274767374176437e-05,-0.00224846977647833,0.00011066805927785585,0.9999974646737501,0,0,0,,0.8263669013977051,0.003163812682032585,0.0,False,False,5,False
97.681621454,1514,97,681621454,map,23.51386260986328,1.4466094970703125,-0.03778792917728424,-5.722176865674555e-07,0.0,0.0,0.0,-5.1182307274297314e-05,-0.0021755603224954383,-0.00014538338303780713,0.9999976215878349,0,0,0,,0.815771222114563,0.0028525348752737045,0.0,False,False,5,False
97.731621455,1515,97,731621455,map,23.5819149017334,1.3615798950195312,0.516303300857544,-7.41958647267893e-05,0.0,0.0,0.0,0.00012375802816787384,-0.002106031257815952,-0.0001778459170511894,0.9999977588410492,0,0,0,,0.7953444719314575,-0.006362168118357658,0.0,False,False,5,False
97.731621455,1516,97,781621456,map,23.64590072631836,1.279754638671875,0.34677863121032715,-6.9236739363987e-05,0.0,0.0,0.0,0.0003119075928019923,-0.0020377295041117023,0.00010476452330861605,0.9999978696959891,0,0,0,,0.7965981960296631,-0.005122929811477661,0.0,False,False,5,False
97.831621456,1517,97,831621456,map,23.706573486328125,1.2131881713867188,0.36256080865859985,6.675709300907329e-06,0.0,0.0,0.0,0.0004511987524116607,-0.0019719871523332256,0.0005987658966146601,0.9999977745804026,0,0,0,,0.7887235879898071,-0.005224632099270821,0.0,False,False,5,False
97.881621457,1518,97,881621457,map,23.764469146728516,1.15814208984375,-0.2811098098754883,-1.8119808373739943e-05,0.0,0.0,0.0,0.00034304779915980243,-0.0019103812423024115,0.0008885482043450619,0.9999977216193071,0,0,0,,0.7914464473724365,0.00518040731549263,0.0,False,False,5,False
97.931621458,1519,97,931621458,map,23.82002067565918,1.1110687255859375,-0.11913499236106873,3.795623342739418e-05,0.0,0.0,0.0,0.0001784982769198678,-0.0018546853699039426,0.0008464127533101947,0.9999979059308046,0,0,0,,0.7782745361328125,0.004144409671425819,0.0,False,False,5,False
97.981621459,1520,97,981621459,map,23.872777938842773,1.055145263671875,-0.14240187406539917,-4.692077709478326e-05,0.0,0.0,0.0,4.479479470146486e-05,-0.0018030737044717015,0.0005713259409318496,0.9999982102510543,0,0,0,,0.7719987630844116,0.004368094727396965,0.0,False,False,5,False
98.031621459,1521,98,31621459,map,23.922880172729492,1.0020065307617188,-0.13993299007415771,-5.283354767016135e-05,0.0,0.0,0.0,-5.753397369970566e-05,-0.0017545297827633963,0.00014610590696806383,0.9999984484828699,0,0,0,,0.7656432390213013,0.0036514848470687866,0.0,False,False,5,False
98.08162146,1522,98,81621460,map,23.97040557861328,0.9504318237304688,-0.16229736804962158,5.836485797772184e-05,0.0,0.0,0.0,-0.00013934784705882535,-0.0017080408006725503,-0.0003499543268779527,0.999998470354215,0,0,0,,0.7596704363822937,0.002967827022075653,0.0,False,False,5,False
98.131621461,1523,98,131621461,map,24.01543617248535,0.9005355834960938,-0.09147550910711288,-4.0435788832837716e-05,0.0,0.0,0.0,-0.00017977324462869882,-0.0016632414849747697,-0.0008069379504573934,0.999998275078756,0,0,0,,0.7527371644973755,0.0008276663720607758,0.0,False,False,5,False
98.181621462,1524,98,181621462,map,24.0581111907959,0.853118896484375,-0.3121159076690674,-3.242494130972773e-06,0.0,0.0,0.0,-0.00026650698715172865,-0.001620074252866198,-0.0012690371694929253,0.9999978469367338,0,0,0,,0.7513115406036377,0.0031423717737197876,0.0,False,False,5,False
98.231621462,1525,98,231621462,map,24.09874725341797,0.812225341796875,-0.27092093229293823,1.5830992197152227e-05,0.0,0.0,0.0,-0.00035828463767823416,-0.0015790789672629523,-0.001743668139380806,0.9999971688775691,0,0,0,,0.7439125776290894,0.002059679478406906,0.0,False,False,5,False
98.281621463,1526,98,281621463,map,24.1368408203125,0.7624435424804688,0.3217945098876953,4.0626528061693534e-05,0.0,0.0,0.0,-0.00023430813759096306,-0.0015396285621957378,-0.0018704842008768702,0.9999970379618339,0,0,0,,0.7310540676116943,-0.007528785616159439,0.0,False,False,5,False
98.331621464,1527,98,331621464,map,24.172597885131836,0.7154083251953125,0.2492368519306183,-9.002684964798391e-05,0.0,0.0,0.0,-4.0403595452701604e-05,-0.0015005452411429524,-0.0015464203165796771,0.9999976776551701,0,0,0,,0.7351089715957642,-0.007327402010560036,0.0,False,False,5,False
98.381621465,1528,98,381621465,map,24.206764221191406,0.6835174560546875,0.22630111873149872,2.1934511096333154e-05,0.0,0.0,0.0,0.00011496793259138877,-0.0014634008222638815,-0.0009290953383070217,0.9999984910099916,0,0,0,,0.7321012020111084,-0.006266182288527489,0.0,False,False,5,False
98.431621465,1529,98,431621465,map,24.239418029785156,0.6531143188476562,0.2901031970977783,-6.484988261945546e-06,0.0,0.0,0.0,0.0002494548368650235,-0.0014290550547700143,-0.00013706310408417868,0.9999989383932566,0,0,0,,0.7282042503356934,-0.005734756588935852,0.0,False,False,5,False
98.431621465,1530,98,481621466,map,24.270973205566406,0.6310653686523438,-0.255182147026062,-5.3596493671648204e-05,0.0,0.0,0.0,0.00018167717726928697,-0.0013980091602804235,0.00042396163556864994,0.9999989164095743,0,0,0,,0.7343307137489319,0.004209492355585098,0.0,False,False,5,False
98.481621466,1531,98,531621467,map,24.30164337158203,0.6133651733398438,-0.048777759075164795,2.2506710593006574e-05,0.0,0.0,0.0,8.575268622043973e-05,-0.0013714479676856506,0.0006384754766141491,0.9999988520623485,0,0,0,,0.7218009829521179,0.0031936541199684143,0.0,False,False,5,False
98.581621468,1532,98,581621468,map,24.330781936645508,0.582733154296875,-0.09647758305072784,-7.476806058548391e-05,0.0,0.0,0.0,1.0570270976253865e-05,-0.0013471182695631574,0.0005755216226094485,0.9999989269671739,0,0,0,,0.7195672392845154,0.004323622211813927,0.0,False,False,5,False
98.581621468,1533,98,631621468,map,24.3585205078125,0.5546951293945312,-0.10258808732032776,-1.7929078239831142e-05,0.0,0.0,0.0,-5.288277597772701e-05,-0.0013237743221893791,0.0002872842528076314,0.9999990811459348,0,0,0,,0.7154923677444458,0.0041778963059186935,0.0,False,False,5,False
98.631621468,1534,98,681621469,map,24.38481330871582,0.5258560180664062,0.007051825523376465,8.335112943314016e-05,0.0,0.0,0.0,-6.641414896852623e-05,-0.0013007465665176683,-7.811976025603911e-05,0.9999991487720545,0,0,0,,0.7105891704559326,0.0017120987176895142,0.0,False,False,5,False
98.73162147,1535,98,731621470,map,24.409727096557617,0.49816131591796875,-0.09942516684532166,-8.049010648392141e-05,0.0,0.0,0.0,-8.847536335016895e-05,-0.0012778824269565974,-0.0004627007840711869,0.9999990725478687,0,0,0,,0.7099689245223999,0.0021438393741846085,0.0,False,False,5,False
98.781621471,1536,98,781621471,map,24.433427810668945,0.47397613525390625,-0.04588782787322998,1.3351438610698096e-05,0.0,0.0,0.0,-0.0001027495146600263,-0.0012555482920880543,-0.0008099915643193456,0.9999988784767156,0,0,0,,0.7055271863937378,0.0004658456891775131,0.0,False,False,5,False
98.781621471,1537,98,831621471,map,24.455787658691406,0.4473114013671875,0.10905351489782333,-1.6975400285446085e-05,0.0,0.0,0.0,-5.580632489453637e-05,-0.001233642365184671,-0.0009821479953443172,0.9999987551979673,0,0,0,,0.7010258436203003,-0.0027108807116746902,0.0,False,False,5,False
98.881621472,1538,98,881621472,map,24.476974487304688,0.42377471923828125,0.04243861883878708,9.918212890625e-05,0.0,0.0,0.0,-8.10013301940212e-06,-0.0012121123703641953,-0.0009701462686799704,0.9999987947663771,0,0,0,,0.7021661996841431,-0.0023238249123096466,0.0,False,False,5,False
98.881621472,1539,98,931621473,map,24.49729347229004,0.40637969970703125,-0.0038913264870643616,2.4795554054435343e-06,0.0,0.0,0.0,7.752622713355876e-06,-0.0011918612433747,-0.0008570376301014595,0.9999989224460063,0,0,0,,0.7003054618835449,-0.0015114471316337585,0.0,False,False,5,False
98.931621473,1540,98,981621474,map,24.51675033569336,0.3887939453125,-0.2901628315448761,-4.8828122089616954e-05,0.0,0.0,0.0,-8.568914267280399e-05,-0.0011731252038970125,-0.0008530813320341982,0.9999989443428766,0,0,0,,0.6984319686889648,0.0032756049185991287,0.0,False,False,5,False
99.031621474,1541,99,31621474,map,24.5352725982666,0.3697967529296875,-0.3553466498851776,-1.1825563888123725e-05,0.0,0.0,0.0,-0.00023934623914651635,-0.0011554734905188488,-0.0010904393769250015,0.9999987092673448,0,0,0,,0.6934691667556763,0.004986049607396126,0.0,False,False,5,False
99.031621474,1542,99,81621475,map,24.55266761779785,0.34702301025390625,-0.34673893451690674,0.0,0.0,0.0,0.0,-0.00038125481309744975,-0.0011383390636436578,-0.001541413400840072,0.9999980914350144,0,0,0,,0.6886389255523682,0.0049209389835596085,0.0,False,False,5,False
99.131621476,1543,99,131621476,map,24.568662643432617,0.3180694580078125,-0.5346189737319946,-7.22885160939768e-05,0.0,0.0,0.0,-0.0005527064288579174,-0.0011202319141841843,-0.0022292108912832405,0.9999967351021023,0,0,0,,0.6839334964752197,0.007210925221443176,0.0,False,False,5,False
99.131621476,1544,99,181621477,map,24.58293914794922,0.2855682373046875,0.005904734134674072,3.1852719985181466e-05,0.0,0.0,0.0,-0.0005418724537695886,-0.0011007998536485654,-0.0028286437411343458,0.9999952466829588,0,0,0,,0.6668951511383057,-0.0017202310264110565,0.0,False,False,5,False
99.231621477,1545,99,231621477,map,24.595064163208008,0.24204254150390625,-0.11106565594673157,6.332397606456652e-05,0.0,0.0,0.0,-0.00046788408290721983,-0.0010780174764603184,-0.003179306363242322,0.9999942554704271,0,0,0,,0.6724313497543335,-0.0016012899577617645,0.0,False,False,5,False
99.281621478,1546,99,281621478,map,24.60431480407715,0.184478759765625,-0.12142166495323181,-2.1934511096333154e-05,0.0,0.0,0.0,-0.000410972086596505,-0.0010513721362954036,-0.003335458004376696,0.9999938002000193,0,0,0,,0.6310226917266846,-0.0018882881850004196,0.0,False,False,5,False
99.331621479,1547,99,331621479,map,24.606069564819336,0.03173828125,-0.6566660404205322,1.411438461218495e-05,0.0,0.0,0.0,-0.0005458860148477114,-0.0010099342477934631,-0.003627772575610486,0.9999927606275024,0,0,0,,0.5608545541763306,0.0063684675842523575,0.0,False,False,5,False
99.331621479,1548,99,381621479,map,24.593624114990234,-0.2582550048828125,-1.3167736530303955,-0.00010280608694301918,0.0,0.0,0.0,-0.0009760686757774455,-0.0009339605623154332,-0.004574442902750447,0.9999886246751697,0,0,0,,0.4481212794780731,0.0175618976354599,0.0,False,False,5,False
99.43162148,1549,99,431621480,map,24.560548782348633,-0.675048828125,-1.371845006942749,-0.00020561217388603836,0.0,0.0,0.0,-0.001484188213470812,-0.0008025081467134588,-0.006282032329579388,0.9999788443941359,0,0,0,,0.3150460422039032,0.018911542370915413,0.0,False,False,5,False
99.481621481,1550,99,481621481,map,24.500974655151367,-1.2086868286132812,-1.3526058197021484,-0.00010108946298714727,0.0,0.0,0.0,-0.0019127970615149385,-0.0005996239039977413,-0.008518234040705409,0.9999617099406373,0,0,0,,0.16843445599079132,0.01705753058195114,0.0,False,False,5,False
99.531621482,1551,99,531621482,map,24.413169860839844,-1.7711257934570312,-0.9824138879776001,0.0001291274675168097,0.0,0.0,0.0,-0.0021200329190025095,-0.00032333293128030294,-0.010815893823208248,0.9999392068306168,0,0,0,,0.10086023807525635,0.008414052426815033,0.0,False,False,5,False
99.531621482,1552,99,581621482,map,24.301424026489258,-2.2377395629882812,-0.15493810176849365,0.00054931640625,0.0,0.0,0.0,-0.0019279795165193406,2.442541775064984e-06,-0.01242732306764516,0.9999209191383038,0,0,0,,0.05039938911795616,-0.008188314735889435,0.0,False,False,5,False
99.631621483,1553,99,631621483,map,24.170652389526367,-2.604827880859375,0.6905627250671387,0.0005773543962277472,0.0,0.0,0.0,-0.001316664751122382,0.0003455674714166749,-0.012638875299978246,0.9999191996397547,0,0,0,,0.03917891904711723,-0.02511872723698616,0.0,False,False,5,False
99.681621484,1554,99,681621484,map,24.023723602294922,-2.9285430908203125,0.7151639461517334,0.00024433137150481343,0.0,0.0,0.0,-0.000628721261071476,0.0006839202917698271,-0.011426480120561732,0.9999342840980426,0,0,0,,0.0,-0.02654985710978508,0.013412337750196457,False,False,5,False
99.731621485,1555,99,731621485,map,23.85781478881836,-3.2928085327148438,2.2292985916137695,-0.00018939972505904734,0.0,0.0,0.0,0.0004389836972273796,0.001013726776993024,-0.00843040080324737,0.9999638533435256,0,0,0,,0.0,-0.04878254979848862,0.04660310968756676,False,False,5,False
99.781621485,1556,99,781621485,map,23.679615020751953,-3.5503387451171875,1.9071382284164429,-0.0006509780650958419,0.0,0.0,0.0,0.0014553983192594686,0.001332438371679283,-0.003996607062225834,0.9999900667285192,0,0,0,,0.0,-0.03908024728298187,0.07196992635726929,False,False,5,False
99.831621486,1557,99,831621486,map,23.491071701049805,-3.764495849609375,2.1557817459106445,-0.0007469177362509072,0.0,0.0,0.0,0.0023118671724320096,0.0016293987238224998,0.001178142112907486,0.9999953061445526,0,0,0,,0.0,-0.03444733843207359,0.10054576396942139,False,False,5,False
99.881621487,1558,99,881621487,map,23.294309616088867,-3.936309814453125,1.3682068586349487,-0.00030441279523074627,0.0,0.0,0.0,0.002744563878399529,0.0018978035628090522,0.006106165840532243,0.9999757899316774,0,0,0,,0.0,-0.01201343908905983,0.1322108954191208,False,False,5,False
99.931621488,1559,99,931621488,map,23.090377807617188,-4.087409973144531,1.9841927289962769,-8.182527380995452e-05,0.0,0.0,0.0,0.003120797379132666,0.002134731096898243,0.010442306823882948,0.9999383289858722,0,0,0,,0.0,-0.012474995106458664,0.15412691235542297,False,False,5,False
99.981621488,1560,99,981621488,map,22.880517959594727,-4.1985321044921875,0.1820915937423706,0.0006813048967160285,0.0,0.0,0.0,0.0029016074621657437,0.0023328540872405196,0.013213527073906462,0.9999057661440953,0,0,0,,0.0,0.022740330547094345,0.1826070100069046,False,False,5,False
100.031621489,1561,100,31621489,map,22.666458129882812,-4.283485412597656,0.29448777437210083,0.0008594513055868447,0.0,0.0,0.0,0.002429730308778511,0.0024942504461597085,0.014016797723433281,0.999895696813882,0,0,0,,0.0,0.026596609503030777,0.19895103573799133,False,False,5,False
100.08162149,1562,100,81621490,map,22.451427459716797,-4.30084228515625,0.010921061038970947,0.0003522872575558722,0.0,0.0,0.0,0.0019198238841523015,0.0026193994238786523,0.013145173719494243,0.9999083245132008,0,0,0,,0.0,0.030502859503030777,0.20247946679592133,False,False,5,False
100.131621491,1563,100,131621491,map,22.23601722717285,-4.3062591552734375,-0.26986271142959595,7.705690222792327e-05,0.0,0.0,0.0,0.001376949854469145,0.0027103751016894395,0.010944725836921578,0.9999354833449313,0,0,0,,0.0,0.030558008700609207,0.20915108919143677,False,False,5,False
100.131621491,1564,100,181621491,map,22.020483016967773,-4.308013916015625,-0.4073140025138855,-0.00012264252291060984,0.0,0.0,0.0,0.000851454455054094,0.0027748629818857436,0.007914779052132313,0.9999644650852842,0,0,0,,0.0,0.025639574974775314,0.2153889685869217,False,False,5,False
100.231621492,1565,100,231621492,map,21.805095672607422,-4.3060302734375,-0.29014915227890015,-0.0003021240117959678,0.0,0.0,0.0,0.00044833268613383813,0.0028211391024319512,0.004705798858809436,0.9999848476997377,0,0,0,,0.0,0.01514110341668129,0.22128354012966156,False,False,5,False
100.281621493,1566,100,281621493,map,21.590791702270508,-4.283790588378906,-0.4334639012813568,-0.00034523007343523204,0.0,0.0,0.0,0.00010912445479565111,0.002851918582033828,0.0017741304520277608,0.9999943535407556,0,0,0,,0.0,0.008798997849225998,0.22090284526348114,False,False,5,False
100.331621494,1567,100,331621494,map,21.377927780151367,-4.2560577392578125,-0.276249498128891,-0.00025882720365189016,0.0,0.0,0.0,-0.00012286599757604675,0.0028696069835875662,-0.0005234512984219324,0.9999957381201405,0,0,0,,0.0,-0.0006121061742305756,0.22055546939373016,False,False,5,False
100.381621494,1568,100,381621494,map,21.242761611938477,-2.7022552490234375,-0.27119308710098267,-4.9400332500226796e-05,0.0,0.0,0.0,-0.0002714511613009092,0.00275582946122491,-0.00200118496019291,0.9999941634714687,0,0,0,,0.0,-0.005757827311754227,0.2207643836736679,False,False,5,False
100.431621495,1569,100,431621495,map,21.162662506103516,-1.5996932983398438,-0.8602458238601685,0.0003503799089230597,0.0,0.0,0.0,-0.0005679707014110085,0.0023442275323037297,-0.0029875909626060557,0.9999926281262275,0,0,0,,0.0,0.0006600804626941681,0.22980572283267975,False,False,0,False
100.481621496,1570,100,481621496,map,20.96384620666504,-3.9759063720703125,-0.32919031381607056,-2.0980587578378618e-06,0.0,0.0,0.0,-0.0007367046720555031,0.0020446900495577065,-0.003480174664026854,0.9999915824111397,0,0,0,,0.0,-0.006858516484498978,0.24640117585659027,False,False,0,False
100.531621497,1571,100,531621497,map,20.600635528564453,-7.264060974121094,-0.22882619500160217,-0.0009126663208007812,0.0,0.0,0.0,-0.000759990473322402,0.002491902955367674,-0.0034491549161801745,0.9999906580386168,0,0,0,,0.0,-0.008250784128904343,0.24861235916614532,False,False,4,False
100.531621497,1572,100,581621497,map,20.26424789428711,-6.727714538574219,-0.11612078547477722,-0.000787925673648715,0.0,0.0,0.0,-0.0006952556663174229,0.003119549052995756,-0.0030163148267436505,0.9999903433924401,0,0,0,,0.0,-0.008712340146303177,0.25106754899024963,False,False,4,False
100.631621498,1573,100,631621498,map,19.94786262512207,-6.327705383300781,-0.11857442557811737,-0.00021800995455123484,0.0,0.0,0.0,-0.0006085018210310515,0.0036350506744029184,-0.002349871169631457,0.9999904470731781,0,0,0,,0.0,-0.006550785154104233,0.25336867570877075,False,False,4,False
100.681621499,1574,100,681621499,map,19.646364212036133,-6.030006408691406,0.2266107201576233,0.00023021697415970266,0.0,0.0,0.0,-0.00041714225019140065,0.003972949966929005,-0.0014493016441424465,0.9999909705520583,0,0,0,,0.0,-0.00986744835972786,0.2550564110279083,False,False,4,False
100.681621499,1575,100,731621500,map,19.35704803466797,-5.787620544433594,0.868346095085144,0.0004928588750772178,0.0,0.0,0.0,1.4947106996384835e-05,0.0041524043714372474,-3.984204342614722e-05,0.9999913778263949,0,0,0,,0.0,-0.018898669630289078,0.24884803593158722,False,False,4,False
100.7816215,1576,100,781621500,map,19.07982063293457,-5.544166564941406,-0.16122885048389435,0.0004987716092728078,0.0,0.0,0.0,0.00015312168385405171,0.004210902473075035,0.0013127909686170428,0.9999902606695652,0,0,0,,0.0,-0.00010473653674125671,0.23334063589572906,False,False,4,False
100.831621501,1577,100,831621501,map,18.810514450073242,-5.388336181640625,0.6890639662742615,0.0002922058047261089,0.0,0.0,0.0,0.0003657212715376601,0.0041893078462335006,0.0025896524310780236,0.9999878047496416,0,0,0,,0.0,-0.010032322257757187,0.23182834684848785,False,False,4,False
100.831621501,1578,100,881621502,map,18.54970359802246,-5.2147674560546875,-0.41625773906707764,0.0003036498965229839,0.0,0.0,0.0,0.00028926079871008695,0.004120086286167779,0.0033750711097099368,0.9999857749549187,0,0,0,,0.0,0.009509298950433731,0.2161104828119278,False,False,4,False
100.931621503,1579,100,931621503,map,18.294475555419922,-5.106925964355469,0.6051477193832397,0.00010643005225574598,0.0,0.0,0.0,0.00037844472832803295,0.0040270697441470975,0.00388818495655581,0.9999842606294397,0,0,0,,0.0,-0.004337761551141739,0.2156560868024826,False,False,4,False
100.981621503,1580,100,981621503,map,18.04696273803711,-4.949493408203125,-0.1874278485774994,-3.204346285201609e-05,0.0,0.0,0.0,0.00034350273635327,0.003922099188205146,0.00408223789228798,0.9999839171094796,0,0,0,,0.0,0.007667165249586105,0.19512248039245605,False,False,4,False
101.031621504,1581,101,31621504,map,17.80084991455078,-4.921836853027344,-0.11063441634178162,-0.0001091003287001513,0.0,0.0,0.0,0.00022378024195531055,0.0038189737669572805,0.0038441241605300706,0.9999852939274702,0,0,0,,0.0,0.0072915442287921906,0.213918074965477,False,False,4,False
101.081621505,1582,101,81621505,map,17.55328941345215,-4.950065612792969,-0.31922727823257446,-8.525847078999504e-05,0.0,0.0,0.0,4.837565144701019e-05,0.0037371394032192787,0.0032256330741925704,0.9999878132958161,0,0,0,,0.0,0.01008666679263115,0.23661504685878754,False,False,4,False
101.131621506,1583,101,131621506,map,17.30289649963379,-5.006256103515625,-1.433001160621643,-0.00016136169142555445,0.0,0.0,0.0,-0.0004987800895363822,0.003683357409414168,0.0017296602915124477,0.9999915961506339,0,0,0,,0.0,0.02820778265595436,0.2590906023979187,False,False,4,False
101.181621506,1584,101,181621506,map,17.054109573364258,-4.978446960449219,-1.0759164094924927,-0.00028324127197265625,0.0,0.0,0.0,-0.001032666780861653,0.0036506746856614218,-0.0005342694410583795,0.9999926603379764,0,0,0,,0.0,0.02309408411383629,0.261322021484375,False,False,4,False
101.231621507,1585,101,231621507,map,16.94196128845215,-2.2444915771484375,-0.3266596794128418,0.00025730131892487407,0.0,0.0,0.0,-0.0011705543667441772,0.0033696781011447493,-0.002733154269514373,0.9999899024188734,0,0,0,,0.0,0.007252883166074753,0.25584617257118225,False,False,4,False
101.231621507,1586,101,281621508,map,16.861841201782227,-1.6106033325195312,-1.193188190460205,0.0006036757840774953,0.0,0.0,0.0,-0.0014007230047480507,0.0027946587352850726,-0.0048955812583414355,0.9999831304285888,0,0,0,,0.0,0.01576637104153633,0.2465680092573166,False,False,0,False
101.331621509,1587,101,331621509,map,16.54885482788086,-6.260261535644531,-0.032244324684143066,-7.34328932594508e-05,0.0,0.0,0.0,-0.0013358883830773835,0.002592088173669018,-0.006563123722399399,0.9999742106115199,0,0,0,,0.0,-0.0026857890188694,0.2502320110797882,False,False,0,False
101.381621509,1588,101,381621509,map,16.113542556762695,-8.703689575195312,0.33977389335632324,-0.0012111663818359375,0.0,0.0,0.0,-0.0009863338262884407,0.003276565103083138,-0.007267506083145486,0.9999677367905624,0,0,0,,0.0,-0.013479162007570267,0.23378975689411163,False,False,3,False
101.43162151,1589,101,431621510,map,15.714066505432129,-7.986907958984375,0.3709748387336731,-0.0011474608909338713,0.0,0.0,0.0,-0.0005888448214171166,0.004068274538448391,-0.007064735381218381,0.9999665954010911,0,0,0,,0.0,-0.01608356460928917,0.2150111347436905,False,False,3,False
101.481621511,1590,101,481621511,map,15.343330383300781,-7.409152984619141,1.0252786874771118,-0.00046539309551008046,0.0,0.0,0.0,-3.687590517632361e-05,0.004667798738450762,-0.0058495471975310446,0.9999719961542367,0,0,0,,0.0,-0.028020653873682022,0.19967974722385406,False,False,3,False
101.531621512,1591,101,531621512,map,14.998005867004395,-6.9052886962890625,0.3673850893974304,0.00023441316443495452,0.0,0.0,0.0,0.0003004773723752289,0.005020182878695048,-0.004097410966466735,0.9999789591289334,0,0,0,,0.0,-0.016184162348508835,0.17763443291187286,False,False,3,False
101.581621512,1592,101,581621512,map,14.672286033630371,-6.513404846191406,1.1811879873275757,0.0005804061656817794,0.0,0.0,0.0,0.0007268281537732283,0.005162711914242718,-0.001874290489485108,0.9999846524630699,0,0,0,,0.0,-0.026894185692071915,0.1620475798845291,False,False,3,False
101.631621513,1593,101,631621513,map,14.36488151550293,-6.149959564208984,0.7524251341819763,0.0007263183360919356,0.0,0.0,0.0,0.0010456170633788425,0.005153756272163967,0.000570630150477942,0.9999860098333755,0,0,0,,0.0,-0.018274221569299698,0.1386524736881256,False,False,3,False
101.681621514,1594,101,681621514,map,14.071736335754395,-5.8660125732421875,0.6169161200523376,0.0007005691295489669,0.0,0.0,0.0,0.0011934204203606017,0.005047119287545118,0.002825606182091856,0.9999825589900561,0,0,0,,0.0,-0.012538965791463852,0.12578250467777252,False,False,3,False
101.731621515,1595,101,731621515,map,13.791059494018555,-5.616874694824219,0.460340678691864,0.00053997035138309,0.0,0.0,0.0,0.0012154649390338456,0.004886503457462174,0.004673053700751703,0.9999764033706255,0,0,0,,0.0,-0.0068613700568675995,0.11007468402385712,False,False,3,False
101.781621515,1596,101,781621515,map,13.522071838378906,-5.3813934326171875,0.17545729875564575,0.00030555727425962687,0.0,0.0,0.0,0.001100334303729727,0.0046985522809644305,0.00593052130305262,0.9999707704667957,0,0,0,,0.0,0.0003426559269428253,0.09113676846027374,False,False,3,False
101.831621516,1597,101,831621516,map,13.262773513793945,-5.188407897949219,0.24154514074325562,0.0001728058123262599,0.0,0.0,0.0,0.0009737431956180158,0.004502018316731479,0.006664721910656653,0.9999671820300495,0,0,0,,0.0,0.0009946711361408234,0.07815873622894287,False,False,3,False
101.831621516,1598,101,881621517,map,13.0129976272583,-4.9991607666015625,0.32216310501098633,-9.593968570698053e-05,0.0,0.0,0.0,0.000907518195263941,0.004308330901970241,0.007104345296997676,0.9999650708767108,0,0,0,,0.0,-0.00046144798398017883,0.060381535440683365,False,False,3,False
101.881621517,1599,101,931621517,map,12.77265453338623,-4.807472229003906,0.027484595775604248,-0.00012359618267510086,0.0,0.0,0.0,0.0007797559765180188,0.004120628316788098,0.007263507108491135,0.9999648263150944,0,0,0,,0.0,0.00351807102560997,0.040713537484407425,False,False,3,False
101.981621518,1600,101,981621518,map,12.769699096679688,-0.053653717041015625,-0.5212020874023438,0.0006738663068972528,0.0,0.0,0.0,0.0004289317030239439,0.0034411299425122425,0.006855456431510222,0.9999704882442424,0,0,0,,0.0,0.012599300593137741,0.023875650018453598,False,False,0,False
101.981621518,1601,102,31621519,map,12.752298355102539,-0.3487586975097656,0.07513299584388733,0.00057811732403934,0.0,0.0,0.0,0.00023579653031915144,0.002537094181080552,0.006218847212545758,0.9999774164912224,0,0,0,,0.0,0.004487540572881699,0.028209138661623,False,False,0,False
102.08162152,1602,102,81621520,map,12.298824310302734,-9.064254760742188,-0.6445025205612183,-0.0009170531993731856,0.0,0.0,0.0,-3.697111840297691e-05,0.002535179173180575,0.005338855931601862,0.9999825339059867,0,0,0,,0.0,0.01545160636305809,0.0207681842148304,False,False,0,False
102.13162152,1603,102,131621520,map,11.780082702636719,-10.371761322021484,-0.49820423126220703,-0.0023674010299146175,0.0,0.0,0.0,-0.00028253342320414676,0.0036078786633573197,0.00427423079977854,0.9999843170457653,0,0,0,,0.004101742058992386,0.013064984232187271,0.0,False,False,2,False
102.13162152,1604,102,181621521,map,11.301864624023438,-9.561481475830078,-0.6859132051467896,-0.002071189694106579,0.0,0.0,0.0,-0.0005347565125412991,0.004747621802236349,0.0030309789924471042,0.9999839935164176,0,0,0,,0.03491881862282753,0.016325611621141434,0.0,False,False,2,False
102.231621522,1605,102,231621522,map,10.862611770629883,-8.786754608154297,0.4128968119621277,-0.0008600234286859632,0.0,0.0,0.0,-0.00039909611924651006,0.005601578291371484,0.00221761337479877,0.9999817724508048,0,0,0,,0.058671850711107254,-0.005660180002450943,0.0,False,False,2,False
102.281621523,1606,102,281621523,map,10.46041202545166,-8.043270111083984,-0.17239481210708618,0.00042514788219705224,0.0,0.0,0.0,-0.00028560917823645547,0.006097307706332005,0.0018125889702106871,0.9999797276881951,0,0,0,,0.09488336741924286,0.0009069554507732391,0.0,False,False,2,False
102.331621523,1607,102,331621523,map,10.093676567077637,-7.3360443115234375,0.24684518575668335,0.0012735368218272924,0.0,0.0,0.0,-0.00012640929436163673,0.006274146841013969,0.0017692930589739164,0.9999787441261836,0,0,0,,0.129184752702713,-0.006899502128362656,0.0,False,False,2,False
102.381621524,1608,102,381621524,map,9.760407447814941,-6.662235260009766,-0.9418584108352661,0.0015562056796625257,0.0,0.0,0.0,-0.000348224590238565,0.006203234515867066,0.0014439120571196858,0.999979656662648,0,0,0,,0.16331933438777924,0.014377590268850327,0.0,False,False,2,False
102.431621525,1609,102,431621525,map,9.458126068115234,-6.045570373535156,-0.05283777415752411,0.00142841343767941,0.0,0.0,0.0,-0.0004384897793011031,0.005958876657222877,0.0009647615482055141,0.9999816842076922,0,0,0,,0.17395353317260742,0.003214847296476364,0.0,False,False,2,False
102.481621526,1610,102,481621526,map,9.183157920837402,-5.500125885009766,0.3994159400463104,0.0010683059226721525,0.0,0.0,0.0,-0.00023574384793814262,0.005606777026057022,0.0008665418697948979,0.9999838786607542,0,0,0,,0.20181436836719513,-0.006705526262521744,0.0,False,False,2,False
102.481621526,1611,102,531621526,map,8.933804512023926,-4.986362457275391,-0.35423383116722107,0.0005228043301030993,0.0,0.0,0.0,-0.00021772145685959658,0.005195839548505762,0.0007976504191494879,0.9999861597055043,0,0,0,,0.22809834778308868,0.004252072423696518,0.0,False,False,2,False
102.581621527,1612,102,581621527,map,8.707571029663086,-4.524555206298828,-0.19358707964420319,0.00018615712178871036,0.0,0.0,0.0,-0.00026932086083549244,0.004759138770488871,0.0005773038459694085,0.9999884723259097,0,0,0,,0.2435111254453659,0.0040332116186618805,0.0,False,False,2,False
102.631621528,1613,102,631621528,map,8.501683235168457,-4.1178131103515625,0.13292726874351501,-0.0001180647814180702,0.0,0.0,0.0,-0.00019930592322002082,0.004322961111910387,0.00045598303207447196,0.999990532137104,0,0,0,,0.2555731236934662,-0.0012338049709796906,0.0,False,False,2,False
102.681621529,1614,102,681621529,map,8.313309669494629,-3.7674903869628906,0.01859174109995365,-0.0003246308187954128,0.0,0.0,0.0,-0.00012171945585316632,0.0039046401402726603,0.0004132557941091472,0.9999922840649309,0,0,0,,0.27860134840011597,-0.0005617029964923859,0.0,False,False,2,False
102.681621529,1615,102,731621529,map,8.142316818237305,-3.4200286865234375,0.12572406232357025,-0.0003347395977471024,0.0,0.0,0.0,-3.4360343434329975e-05,0.0035108075037474686,0.0005327430761804451,0.9999936945975475,0,0,0,,0.293762743473053,-0.002643633633852005,0.0,False,False,2,False
102.78162153,1616,102,781621530,map,7.985297203063965,-3.1401920318603516,-0.40512657165527344,-0.0003917694266419858,0.0,0.0,0.0,-0.00013078658382532004,0.0031472536279871432,0.0003471500060353902,0.9999949785755647,0,0,0,,0.29600897431373596,0.0063818879425525665,0.0,False,False,2,False
102.831621531,1617,102,831621531,map,7.843616485595703,-2.8340625762939453,0.5193503499031067,-0.00036773679312318563,0.0,0.0,0.0,9.847825010038483e-06,0.002812327649068779,0.0005355276529417195,0.9999959019547768,0,0,0,,0.3122594654560089,-0.007529351860284805,0.0,False,False,2,False
102.881621532,1618,102,881621532,map,7.717616558074951,-2.51953125,-0.2962965965270996,-0.00013847352238371968,0.0,0.0,0.0,-6.939391718796732e-06,0.002495104543673532,0.00043304318547714686,0.9999967934342391,0,0,0,,0.3257836401462555,0.0033460743725299835,0.0,False,False,2,False
102.931621532,1619,102,931621532,map,7.599573612213135,-2.3611068725585938,0.18971562385559082,-0.00019721985154319555,0.0,0.0,0.0,2.4512256953782126e-05,0.0022086060774935117,0.0006896994179266398,0.9999973228829449,0,0,0,,0.33790507912635803,-0.003122735768556595,0.0,False,False,2,False
102.931621532,1620,102,981621533,map,7.488465785980225,-2.221975326538086,-0.4569357931613922,-0.00015926359628792852,0.0,0.0,0.0,-0.0001066594941252521,0.001961074533750876,0.0003397602106540102,0.9999980136847396,0,0,0,,0.3481842577457428,0.008084531873464584,0.0,False,False,2,False
103.031621534,1621,103,31621534,map,7.383430480957031,-2.100658416748047,0.05601687356829643,-0.0001560211239848286,0.0,0.0,0.0,-0.00014356636981712452,0.0017507208491738177,0.0003171660556070356,0.9999984068841804,0,0,0,,0.34822607040405273,0.0015694759786128998,0.0,False,False,2,False
103.031621534,1622,103,81621535,map,7.284186363220215,-1.985769271850586,0.6335755586624146,-3.356934030307457e-05,0.0,0.0,0.0,0.00010173830127664378,0.001572637599577436,0.0002882592759280904,0.9999987166826207,0,0,0,,0.37943151593208313,-0.011498074978590012,0.0,False,False,2,False
103.081621535,1623,103,131621535,map,7.192759037017822,-1.827850341796875,-0.25761502981185913,-8.277892629848793e-05,0.0,0.0,0.0,0.0001106680321310323,0.0014144387965778834,0.0007258188120569277,0.9999987301504585,0,0,0,,0.3897008001804352,0.001327555626630783,0.0,False,False,2,False
103.131621535,1624,103,181621536,map,7.10668420791626,-1.7212677001953125,-0.3022533357143402,-6.675720669591101e-06,0.0,0.0,0.0,-3.515403242860203e-05,0.0012722461435538523,0.0004189588699648253,0.9999991023133018,0,0,0,,0.37409648299217224,0.0056572891771793365,0.0,False,False,2,False
103.231621537,1625,103,231621537,map,7.024445533752441,-1.645355224609375,0.4460276663303375,-1.3160706657799892e-05,0.0,0.0,0.0,5.961628566606006e-05,0.0011483876171888975,0.0007477455588285786,0.9999990592637367,0,0,0,,0.39209023118019104,-0.007360335439443588,0.0,False,False,2,False
103.281621538,1626,103,281621538,map,6.9466142654418945,-1.5563011169433594,-0.6791939735412598,-1.6975400285446085e-05,0.0,0.0,0.0,-0.00011591544571034015,0.0010391695078480912,0.00032182979101587757,0.9999994015577854,0,0,0,,0.39615485072135925,0.01189764216542244,0.0,False,False,2,False
103.331621538,1627,103,331621538,map,6.872584819793701,-1.4804840087890625,0.06342971324920654,-0.0001962661772267893,0.0,0.0,0.0,-0.0001797448277920018,0.0009419443252108175,0.0002632892926539581,0.9999995055555945,0,0,0,,0.3925813138484955,0.0025512389838695526,0.0,False,False,2,False
103.331621538,1628,103,381621539,map,6.8024001121521,-1.403665542602539,0.4005707800388336,0.0001235961972270161,0.0,0.0,0.0,-1.3579895035188166e-05,0.0008546112508385596,-2.5878939285058098e-06,0.9999996347241829,0,0,0,,0.42174774408340454,-0.006425086408853531,0.0,False,False,2,False
103.43162154,1629,103,431621540,map,6.737602233886719,-1.2958335876464844,-0.2355773001909256,8.811950101517141e-05,0.0,0.0,0.0,-1.5111896980572856e-05,0.0007712205342236083,0.0002570064352068585,0.9999996694690507,0,0,0,,0.4229384958744049,0.00319734588265419,0.0,False,False,2,False
103.481621541,1630,103,481621541,map,6.677609443664551,-1.200113296508789,0.3088010251522064,-2.956390380859375e-05,0.0,0.0,0.0,7.154558166468074e-05,0.0006895134357961266,9.742229483022727e-05,0.999999754980644,0,0,0,,0.4485541582107544,-0.005815271288156509,0.0,False,False,2,False
103.481621541,1631,103,531621541,map,6.623733997344971,-1.0781097412109375,0.21522147953510284,2.460479663568549e-05,0.0,0.0,0.0,0.00018023656854907616,0.0006054659016747623,0.0006718059418935235,0.9999995748012085,0,0,0,,0.459453284740448,-0.006679411977529526,0.0,False,False,2,False
103.581621542,1632,103,581621542,map,6.574521064758301,-0.9837245941162109,-0.1854739785194397,6.0844424297101796e-05,0.0,0.0,0.0,0.00012870821125959768,0.0005194122869894145,0.000598078855482854,0.9999996779733257,0,0,0,,0.4481753706932068,0.00081668421626091,0.0,False,False,2,False
103.631621543,1633,103,631621543,map,6.528506755828857,-0.9213161468505859,0.3020201325416565,-5.4740903578931466e-05,0.0,0.0,0.0,0.00017594517557456115,0.00043692585499942435,0.0011501415747876731,0.9999992276564269,0,0,0,,0.4552778899669647,-0.007244657725095749,0.0,False,False,2,False
103.681621544,1634,103,681621544,map,6.485514163970947,-0.8585166931152344,-0.506075382232666,2.1743777324445546e-05,0.0,0.0,0.0,9.96223876448364e-06,0.0003611534102628697,0.000880437107509905,0.9999995471496314,0,0,0,,0.44951072335243225,0.00786665454506874,0.0,False,False,2,False
103.731621544,1635,103,731621544,map,6.443879127502441,-0.8327579498291016,-0.24232269823551178,-3.62396240234375e-05,0.0,0.0,0.0,-0.00016297971208549848,0.0002946605584077512,0.0008842172218799085,0.9999995523862366,0,0,0,,0.444478303194046,0.00737420842051506,0.0,False,False,2,False
103.781621545,1636,103,781621545,map,6.405429840087891,-0.7689380645751953,0.25647106766700745,-5.149840944795869e-06,0.0,0.0,0.0,-0.00010556304230399123,0.00023610805796555413,0.00043145690879167796,0.9999998734771745,0,0,0,,0.4832252562046051,-0.002271439880132675,0.0,False,False,2,False
103.831621546,1637,103,831621546,map,6.37203311920166,-0.6678962707519531,-0.08363597840070724,4.291534423828125e-05,0.0,0.0,0.0,-7.467995163703578e-05,0.00017751539094863013,0.0006277201916001982,0.9999997844392526,0,0,0,,0.49309465289115906,0.0019370503723621368,0.0,False,False,2,False
103.881621547,1638,103,881621547,map,6.34236478805542,-0.5934715270996094,-0.18494650721549988,-2.7275082175037824e-05,0.0,0.0,0.0,-0.00012385305515139703,0.0001163907761390931,0.00013796617389078662,0.9999999760394711,0,0,0,,0.4821212887763977,0.004960697144269943,0.0,False,False,2,False
103.881621547,1639,103,931621547,map,6.314937591552734,-0.5485725402832031,-0.020991265773773193,-1.831054760259576e-05,0.0,0.0,0.0,-0.00013583329428987795,5.6714714924094784e-05,0.00021279427417371052,0.9999999665256766,0,0,0,,0.4753018021583557,0.0027487315237522125,0.0,False,False,2,False
103.981621548,1640,103,981621548,map,6.289361000061035,-0.5121803283691406,0.6272972822189331,-2.365112777624745e-05,0.0,0.0,0.0,0.00010098566971003063,2.6912185178682874e-06,8.921561695142681e-05,0.9999999909176128,0,0,0,,0.5003429651260376,-0.012128118425607681,0.0,False,False,2,False
104.031621549,1641,104,31621549,map,6.267702102661133,-0.4326343536376953,-0.19776096940040588,8.58307430462446e-06,0.0,0.0,0.0,0.0001296140570332579,-5.016757159573839e-05,0.0006106693052421789,0.999999803883186,0,0,0,,0.49273499846458435,0.00022756680846214294,0.0,False,False,2,False
104.031621549,1642,104,81621550,map,6.24724006652832,-0.40900230407714844,-0.22162535786628723,6.50405854685232e-05,0.0,0.0,0.0,1.5417880769389027e-05,-9.870052685566935e-05,0.0003089281988104866,0.9999999472919301,0,0,0,,0.47661444544792175,0.003863256424665451,0.0,False,False,2,False
104.13162155,1643,104,131621550,map,6.2278242111206055,-0.38832664489746094,-0.07394486665725708,-3.6430355976335704e-05,0.0,0.0,0.0,-6.065107000077438e-05,-0.00014021998872637214,0.0004921435989728094,0.9999998672272314,0,0,0,,0.5069383978843689,0.00280090793967247,0.0,False,False,2,False
104.181621551,1644,104,181621551,map,6.211553573608398,-0.3256511688232422,-0.19928357005119324,-2.6321413315599784e-05,0.0,0.0,0.0,-0.00014195468032791257,-0.00017999954314785026,-4.5654054297403223e-05,0.99999997268237,0,0,0,,0.5060564279556274,0.005808819085359573,0.0,False,False,2,False
104.23162155200001,1645,104,231621552,map,6.197582721710205,-0.2794075012207031,0.007104650139808655,6.427764310501516e-05,0.0,0.0,0.0,-0.0001491336107091137,-0.0002194665876264405,1.541360251595177e-05,0.9999999646780013,0,0,0,,0.5103623270988464,0.0025886930525302887,0.0,False,False,2,False
104.23162155200001,1646,104,281621553,map,6.187133312225342,-0.20972251892089844,0.7344205379486084,-5.035399954067543e-05,0.0,0.0,0.0,0.00013009088590566967,-0.0002611360086975223,-6.206348170726309e-05,0.9999999555162343,0,0,0,,0.5599861741065979,-0.014555674046278,0.0,False,False,2,False
104.331621553,1647,104,331621553,map,6.183979034423828,-0.0630950927734375,0.0021447986364364624,-1.2779237295035273e-05,0.0,0.0,0.0,0.00024207171697418587,-0.00031491236550796703,0.0006520178120561117,0.9999997085520868,0,0,0,,0.5548084378242493,-0.0051500387489795685,0.0,False,False,2,False
104.331621553,1648,104,381621554,map,6.183746814727783,-0.003833770751953125,-0.7015109658241272,3.871918306685984e-05,0.0,0.0,0.0,-2.0398748337606722e-05,-0.00037581311630997436,0.00028628202154612877,0.9999998881954921,0,0,0,,0.5276981592178345,0.012151431292295456,0.0,False,False,2,False
104.431621555,1649,104,431621555,map,6.185817718505859,0.04150390625,0.3561220169067383,-2.0408631826285273e-05,0.0,0.0,0.0,-2.2942944791529542e-05,-0.0004353642785899515,0.000520371484658766,0.9999997695725155,0,0,0,,0.5663548707962036,-0.004193183034658432,0.0,False,False,2,False
104.481621555,1650,104,481621555,map,6.192772388458252,0.13885498046875,-0.43145787715911865,-4.978180368198082e-05,0.0,0.0,0.0,-0.00013261827374427146,-0.0004970449771039095,1.4315147427525983e-05,0.9999998675768715,0,0,0,,0.5691048502922058,0.008808944374322891,0.0,False,False,2,False
104.531621556,1651,104,531621556,map,6.202800750732422,0.19928932189941406,-0.3469141721725464,3.528595334501006e-05,0.0,0.0,0.0,-0.00029144209173336363,-0.0005595798732496125,-0.00016513366872325386,0.9999997873313494,0,0,0,,0.5591633319854736,0.011029686778783798,0.0,False,False,2,False
104.581621557,1652,104,581621557,map,6.214653491973877,0.23235321044921875,-0.6211645603179932,-7.820131031621713e-06,0.0,0.0,0.0,-0.0005182578840408181,-0.0006168278582899978,-0.0013059212348490944,0.9999988227502508,0,0,0,,0.5472176671028137,0.019140999764204025,0.0,False,False,2,False
104.631621558,1653,104,631621558,map,6.228851318359375,0.2842140197753906,0.024484917521476746,9.34600848268019e-06,0.0,0.0,0.0,-0.0005189488076780992,-0.0006673917912210606,-0.001842666231354199,0.9999979449286343,0,0,0,,0.5918000936508179,0.008746642619371414,0.0,False,False,2,False
104.681621558,1654,104,681621558,map,6.247399806976318,0.3681755065917969,-0.25915586948394775,-1.468657956138486e-05,0.0,0.0,0.0,-0.0005041203912541804,-0.0007197394236486106,-0.002935504305074226,0.9999953053151139,0,0,0,,0.5917825102806091,0.012096386402845383,0.0,False,False,2,False
104.681621558,1655,104,731621559,map,6.269126892089844,0.42609214782714844,-0.596007227897644,3.9100639696698636e-05,0.0,0.0,0.0,-0.0006278796654536933,-0.0007726234699746627,-0.0036658685042033593,0.9999927850880771,0,0,0,,0.577033519744873,0.020156454294919968,0.0,False,False,2,False
104.731621559,1656,104,781621560,map,6.292176723480225,0.4611396789550781,0.0050865113735198975,-3.128051321255043e-05,0.0,0.0,0.0,-0.0005899669273981545,-0.0008230975274414927,-0.004938726620401557,0.9999872916336756,0,0,0,,0.5765831470489502,0.010271448642015457,0.0,False,False,2,False
104.831621561,1657,104,831621561,map,6.320935249328613,0.5849647521972656,0.7136369943618774,0.00012359618267510086,0.0,0.0,0.0,-0.00021743157051918322,-0.0008744553398282836,-0.0050044555227177975,0.9999870716545749,0,0,0,,0.6840134859085083,-0.008031804114580154,0.0,False,False,2,False
104.881621561,1658,104,881621561,map,6.360784530639648,0.7906818389892578,-0.5007075071334839,-4.711150540970266e-05,0.0,0.0,0.0,-0.00018934727294938147,-0.000946783859165915,-0.0056191614223574824,0.9999837462543297,0,0,0,,0.6890738010406494,0.010160621255636215,0.0,False,False,2,False
104.931621562,1659,104,931621562,map,6.414077281951904,1.077423095703125,1.1324890851974487,-3.0136106943245977e-05,0.0,0.0,0.0,0.0001974199618665472,-0.0010520855105291048,-0.005084606785079003,0.999986500366519,0,0,0,,0.7364732623100281,-0.02000327780842781,0.0,False,False,2,False
104.931621562,1660,104,981621563,map,6.4851250648498535,1.422872543334961,0.941422700881958,-0.0002008438023040071,0.0,0.0,0.0,0.0006815709964874073,-0.001197584029850591,-0.004280149486220247,0.9999898907358233,0,0,0,,0.8538342714309692,-0.026359442621469498,0.0,False,False,2,False
105.031621564,1661,105,31621564,map,6.584092140197754,1.975564956665039,-1.2291032075881958,4.405974323162809e-05,0.0,0.0,0.0,0.000340388397815677,-0.001405506255706014,-0.0035616795888574085,0.9999926115359103,0,0,0,,0.8514821529388428,0.01307787373661995,0.0,False,False,2,False
105.081621564,1662,105,81621564,map,6.698416233062744,2.225618362426758,-3.1474366188049316,-0.0002508163161110133,0.0,0.0,0.0,-0.0009552474827357703,-0.0016469764090760257,-0.005474294017651048,0.9999832033969185,0,0,0,,0.7557406425476074,0.0701063722372055,0.0,False,False,2,False
105.131621565,1663,105,131621565,map,6.824229717254639,2.5215816497802734,0.1370123028755188,-0.00031127932015806437,0.0,0.0,0.0,-0.001362706481369786,-0.0018971191373699937,-0.007546744202133406,0.9999687948241045,0,0,0,,0.8575716018676758,0.02195802703499794,0.0,False,False,2,False
105.131621565,1664,105,181621566,map,6.963798522949219,2.6702308654785156,-3.061506509780884,-0.00044040678767487407,0.0,0.0,0.0,-0.0021657117324302066,-0.002130358656968927,-0.011084762222604967,0.9999339474741084,0,0,0,,0.8093709945678711,0.07925839722156525,0.0,False,False,2,False
105.231621567,1665,105,231621567,map,7.096383094787598,2.2376155853271484,-5.8879289627075195,-0.0022111893631517887,0.0,0.0,0.0,-0.004144376742053358,-0.002270124088002287,-0.017441282908220033,0.9998367228345638,0,0,0,,0.7294454574584961,0.166383758187294,0.0,False,False,2,False
105.281621567,1666,105,281621567,map,7.251716613769531,2.908811569213867,-2.162601947784424,-0.00153694162145257,0.0,0.0,0.0,-0.005209962379210208,-0.0023939864480059044,-0.02589580660068337,0.9996482042805829,0,0,0,,0.7099859714508057,0.10401922464370728,0.0,False,False,2,False
105.331621568,1667,105,331621568,map,7.36772346496582,1.6120243072509766,-5.834689140319824,-0.0008197780698537827,0.0,0.0,0.0,-0.006496966726951138,-0.00235950053886923,-0.03572601209088165,0.9993377178114705,0,0,0,,0.7091099619865417,0.18496666848659515,0.0,False,False,2,False
105.381621569,1668,105,381621569,map,7.444896221160889,0.16669273376464844,-8.154454231262207,-0.0050182337872684,0.0,0.0,0.0,-0.008880506378858158,-0.0020202377699303515,-0.049722737448343914,0.9987215350769457,0,0,0,,0.7390398979187012,0.26623648405075073,0.0,False,False,2,False
105.381621569,1669,105,431621570,map,7.513356685638428,-0.5392551422119141,-8.491165161132812,-0.007319832220673561,0.0,0.0,0.0,-0.011483977249188771,-0.0014314204326626454,-0.06769808416190574,0.9976387315571167,0,0,0,,0.6679332256317139,0.2972089946269989,0.0,False,False,2,False
105.48162157,1670,105,481621570,map,7.612917423248291,1.3396835327148438,-2.7043819427490234,0.005505180452018976,0.0,0.0,0.0,-0.011667348963556427,-0.001073346026722668,-0.08579902680958305,0.9962435685589133,0,0,0,,0.580077588558197,0.172031432390213,0.0,False,False,2,False
105.531621571,1671,105,531621571,map,7.678185939788818,-0.30465126037597656,-5.6604766845703125,0.009269141592085361,0.0,0.0,0.0,-0.011448217037299091,-0.0007312771064538252,-0.10257580884222008,0.9946590405766315,0,0,0,,0.6276635527610779,0.22170770168304443,0.0,False,False,2,False
105.581621572,1672,105,581621572,map,7.704694747924805,-1.5573596954345703,-6.280074119567871,0.0008243561023846269,0.0,0.0,0.0,-0.011934853487754648,-0.00019939858523854073,-0.12050031069437514,0.9926415237309938,0,0,0,,0.5987863540649414,0.24568724632263184,0.0,False,False,2,False
105.581621572,1673,105,631621573,map,7.756326198577881,0.4557991027832031,-1.7588996887207031,0.0063863759860396385,0.0,0.0,0.0,-0.010951033342117883,6.128247183989914e-05,-0.1364705069175575,0.9905836016484743,0,0,0,,0.4890840947628021,0.1425899714231491,0.0,False,False,2,False
105.681621573,1674,105,681621573,map,7.767779350280762,-1.1017704010009766,-3.499135971069336,0.005686759017407894,0.0,0.0,0.0,-0.009906403699733713,0.0002676861575601928,-0.1507471604619528,0.9885226781022868,0,0,0,,0.626365065574646,0.16215819120407104,0.0,False,False,2,False
105.681621573,1675,105,731621574,map,7.7850141525268555,-1.9831562042236328,-5.600299835205078,-0.0033857342787086964,0.0,0.0,0.0,-0.010034942222085256,0.0006562546861647266,-0.1650910978300539,0.9862270522966068,0,0,0,,0.6502326130867004,0.20918972790241241,0.0,False,False,2,False
105.731621574,1676,105,781621575,map,7.815357208251953,-0.24992942810058594,-2.0301151275634766,-0.000710106105543673,0.0,0.0,0.0,-0.009412711531769953,0.0007911386244854263,-0.17887900953368782,0.9838257340146899,0,0,0,,0.6162313222885132,0.13292765617370605,0.0,False,False,2,False
105.831621576,1677,105,831621576,map,7.845815658569336,-1.7339706420898438,-5.028295516967773,-0.0013378143776208162,0.0,0.0,0.0,-0.009326317130957858,0.0009726655969728108,-0.19198185408980611,0.981353678054273,0,0,0,,0.6871742010116577,0.18675176799297333,0.0,False,False,2,False
105.881621576,1678,105,881621576,map,7.868051528930664,-2.708110809326172,-6.094245910644531,-0.0063228607177734375,0.0,0.0,0.0,-0.010236208211819385,0.001374851252289091,-0.20704620757419784,0.9782766468410765,0,0,0,,0.7298446893692017,0.22493095695972443,0.0,False,False,2,False
105.881621576,1679,105,931621577,map,7.942123889923096,-0.05080223083496094,-3.0992794036865234,4.3105974327772856e-05,0.0,0.0,0.0,-0.01008836418466982,0.0014237347240924386,-0.22150452954468616,0.9751061179577842,0,0,0,,0.7474737763404846,0.1523878127336502,0.0,False,False,2,False
105.931621577,1680,105,981621578,map,7.9978346824646,-2.2217655181884766,-5.842428207397461,0.0001268387131858617,0.0,0.0,0.0,-0.010370252539033844,0.0015478463817697856,-0.23629576719221754,0.9716246046909766,0,0,0,,0.7829474210739136,0.21077844500541687,0.0,False,False,2,False
106.031621579,1681,106,31621579,map,8.07231330871582,-2.8928184509277344,-7.062225341796875,-0.005402183625847101,0.0,0.0,0.0,-0.011552280381975534,0.0019512702238209268,-0.2528827567201949,0.9674259913378823,0,0,0,,0.8059362173080444,0.24820438027381897,0.0,False,False,2,False
106.031621579,1682,106,81621579,map,8.19352912902832,0.5106925964355469,-3.4732818603515625,0.0027906419709324837,0.0,0.0,0.0,-0.011332906664870185,0.001854815118774389,-0.2690514967433818,0.9630573279860065,0,0,0,,0.8713307976722717,0.15166467428207397,0.0,False,False,2,False
106.13162158,1683,106,131621580,map,8.318276405334473,-1.796426773071289,-6.555805206298828,0.003116798121482134,0.0,0.0,0.0,-0.011429241010131642,0.001815088989048253,-0.2846018674843613,0.958575951568945,0,0,0,,0.9031237363815308,0.21224944293498993,0.0,False,False,2,False
106.181621581,1684,106,181621581,map,8.419617652893066,-3.7674617767333984,-7.78132438659668,-0.006030273623764515,0.0,0.0,0.0,-0.012693570562061978,0.002274753779728923,-0.3022929778943702,0.9531278268298441,0,0,0,,0.8903229236602783,0.2665770351886749,0.0,False,False,2,False
106.181621581,1685,106,231621582,map,8.590880393981934,-0.39671897888183594,-5.608005523681641,-0.00026721914764493704,0.0,0.0,0.0,-0.013026746587377427,0.0023910089424891224,-0.32013161726761497,0.9472804941384607,0,0,0,,0.9415781497955322,0.19102585315704346,0.0,False,False,2,False
106.281621582,1686,106,281621582,map,8.748417854309082,-1.8994140625,-6.603097915649414,0.003536987118422985,0.0,0.0,0.0,-0.013152459326168564,0.0024217763357084724,-0.3375612122851294,0.9412085718764184,0,0,0,,0.9615110158920288,0.20775029063224792,0.0,False,False,2,False
106.331621583,1687,106,331621583,map,8.961655616760254,1.6743659973144531,-4.3729400634765625,0.008010291494429111,0.0,0.0,0.0,-0.012167976150953733,0.0019281354592985307,-0.35285827994709984,0.9355956695725001,0,0,0,,1.0,0.12012432515621185,0.0,False,False,2,False
106.381621584,1688,106,381621584,map,9.141495704650879,-2.1187686920166016,-7.047204971313477,0.002196693792939186,0.0,0.0,0.0,-0.01196804593133072,0.0017538263161726705,-0.3672281491114146,0.930052243946566,0,0,0,,1.0,0.19016888737678528,0.0,False,False,2,False
106.431621585,1689,106,431621585,map,9.31467342376709,-4.456310272216797,-8.585329055786133,-0.010013771243393421,0.0,0.0,0.0,-0.013306680077299416,0.0023871825930103265,-0.383724363687263,0.9233487132916758,0,0,0,,0.9869767427444458,0.25543728470802307,0.0,False,False,2,False
106.481621585,1690,106,481621585,map,9.507977485656738,-3.1663036346435547,-7.552757263183594,-0.008035659790039062,0.0,0.0,0.0,-0.014471661910001578,0.003047719954175121,-0.4018870320142095,0.9155698203323728,0,0,0,,1.0,0.22350171208381653,0.0,False,False,2,False
106.531621586,1691,106,531621586,map,9.693992614746094,-5.197391510009766,-8.495588302612305,-0.004604149144142866,0.0,0.0,0.0,-0.01571156561862199,0.0038763633873844018,-0.4214204542427964,0.9067209721069078,0,0,0,,0.9448130130767822,0.2657497525215149,0.0,False,False,2,False
106.581621587,1692,106,581621587,map,9.81740951538086,-8.452558517456055,-8.555192947387695,-0.00881099607795477,0.0,0.0,0.0,-0.01751489215682212,0.0053006932149186085,-0.4434631907590819,0.8961057580698554,0,0,0,,0.7794673442840576,0.3468652069568634,0.0,False,False,2,False
106.581621587,1693,106,631621588,map,9.967646598815918,-6.562223434448242,-7.336883544921875,-0.003465651534497738,0.0,0.0,0.0,-0.018670409834537206,0.006601123660867578,-0.4669876448025631,0.884042069454152,0,0,0,,0.5996111035346985,0.28553614020347595,0.0,False,False,2,False
106.681621588,1694,106,681621588,map,10.050619125366211,-8.703956604003906,-6.408653259277344,0.0035076122730970383,0.0,0.0,0.0,-0.01936581688976672,0.007900928254124953,-0.4910336948449793,0.8708894596880841,0,0,0,,0.5430917143821716,0.3064592182636261,0.0,False,False,2,False
106.731621589,1695,106,731621589,map,10.147537231445312,-4.262409210205078,-4.1487884521484375,0.017101477831602097,0.0,0.0,0.0,-0.018489894911364366,0.008299117792678105,-0.5132516337400194,0.8579988396805855,0,0,0,,0.44221773743629456,0.1797514259815216,0.0,False,False,2,False
106.78162159,1696,106,781621590,map,10.177728652954102,-7.365093231201172,-3.8205909729003906,0.016872214153409004,0.0,0.0,0.0,-0.017410977221511442,0.008595537230343436,-0.5330625217847283,0.8458530147019752,0,0,0,,0.5665453672409058,0.21373172104358673,0.0,False,False,2,False
106.831621591,1697,106,831621591,map,10.224325180053711,-1.9223833084106445,-1.7696571350097656,0.016166115179657936,0.0,0.0,0.0,-0.015264492023438212,0.008020528026329509,-0.5493730045900027,0.8353992867133646,0,0,0,,0.5886999368667603,0.08264292776584625,0.0,False,False,2,False
106.881621591,1698,106,881621591,map,10.249390602111816,-5.617494583129883,-2.6386260986328125,0.0075025553815066814,0.0,0.0,0.0,-0.013572210519758796,0.0075392573972303135,-0.562499388716869,0.826651917310215,0,0,0,,1.0,0.13238248229026794,0.0,False,False,2,False
106.881621591,1699,106,931621592,map,10.268982887268066,-9.318180084228516,-3.4894943237304688,-0.01454849261790514,0.0,0.0,0.0,-0.013673781204116666,0.00821455163151676,-0.5760589462565611,0.8172524942065675,0,0,0,,1.0,0.2377212643623352,0.0,False,False,2,False
106.981621593,1700,106,981621593,map,10.372359275817871,-5.66431999206543,-3.7730789184570312,-0.01386184711009264,0.0,0.0,0.0,-0.013850195443719907,0.008693961963688749,-0.590262801047755,0.8070454837311236,0,0,0,,1.0,0.1555219292640686,0.0,False,False,2,False
107.031621593,1701,107,31621593,map,10.4569730758667,-9.799771308898926,-4.119243621826172,-0.008837318047881126,0.0,0.0,0.0,-0.014501570769590402,0.009414310139433082,-0.6051838735272698,0.7958979547858774,0,0,0,,1.0,0.2726314961910248,0.0,False,False,2,False
107.081621594,1702,107,81621594,map,10.5701265335083,-9.871910095214844,-4.180812835693359,-0.014358329586684704,0.0,0.0,0.0,-0.015691265041768803,0.010643575552950407,-0.6222392545014909,0.7825974754995484,0,0,0,,1.0,0.2575608491897583,0.0,False,False,2,False
107.131621595,1703,107,131621595,map,10.570460319519043,-9.904458999633789,-1.3964271545410156,-0.0047492990270257,0.0,0.0,0.0,-0.016361265825440063,0.011765215971105535,-0.6403682889910148,0.7678035836908178,0,0,0,,1.0,0.2600739300251007,0.0,False,False,2,False
107.181621596,1704,107,181621596,map,10.529074668884277,-8.811822891235352,-0.007915496826171875,0.007110596634447575,0.0,0.0,0.0,-0.016061759405854286,0.012606565853071763,-0.6582854544069799,0.7524914317773834,0,0,0,,1.0,0.2290421575307846,0.0,False,False,0,False
107.181621596,1705,107,231621596,map,10.694360733032227,-5.336065292358398,-3.63800048828125,0.01815013773739338,0.0,0.0,0.0,-0.014876645162681957,0.012280268350513058,-0.6742791454651547,0.7382245691039575,0,0,0,,1.0,0.14368599653244019,0.0,False,False,0,False
107.281621597,1706,107,281621597,map,11.09831428527832,-3.087897777557373,-8.209476470947266,0.020035933703184128,0.0,0.0,0.0,-0.013704307246737225,0.010312660915907292,-0.686932387922189,0.7265189160725548,0,0,0,,1.0,0.08267466723918915,0.0,False,False,3,False
107.331621598,1707,107,331621598,map,11.455801010131836,-3.719846725463867,-7.239723205566406,0.008514977991580963,0.0,0.0,0.0,-0.012810332427701925,0.008177599287248635,-0.6965905044741662,0.7173079473485676,0,0,0,,1.0,0.07024669647216797,0.0,False,False,3,False
107.381621599,1708,107,381621599,map,11.781657218933105,-2.917959451675415,-6.542606353759766,-0.000620461069047451,0.0,0.0,0.0,-0.01194030539477619,0.00626048258883403,-0.7038777039378917,0.7101932225556339,0,0,0,,1.0,0.04660102352499962,0.0,False,False,3,False
107.431621599,1709,107,431621599,map,12.081076622009277,-2.6081671714782715,-5.980167388916016,-0.004401588812470436,0.0,0.0,0.0,-0.011028092849710189,0.004653737650931519,-0.7092835640088299,0.7048216439078092,0,0,0,,1.0,0.03417470306158066,0.0,False,False,3,False
107.4816216,1710,107,481621600,map,12.360970497131348,-0.883336067199707,-5.589103698730469,-0.0038478849455714226,0.0,0.0,0.0,-0.009789510847809794,0.003026734798768912,-0.712775351986258,0.7013175471601182,0,0,0,,1.0,0.0026001334190368652,0.0,False,False,3,False
107.531621601,1711,107,531621601,map,12.623730659484863,-0.06965875625610352,-5.2547454833984375,-0.003553961869329214,0.0,0.0,0.0,-0.00834497989336428,0.0014133094951746922,-0.7143586786496451,0.6997285488707625,0,0,0,,1.0,-0.01577385887503624,0.0,False,False,3,False
107.581621602,1712,107,581621602,map,12.873786926269531,0.15804976224899292,-5.003299713134766,-0.004598427563905716,0.0,0.0,0.0,-0.006979796290252339,2.9273876947437643e-05,-0.7144759321805401,0.699625202463101,0,0,0,,1.0,-0.02157359942793846,0.0,False,False,3,False
107.581621602,1713,107,631621602,map,13.111006736755371,1.6906661987304688,-4.7576904296875,-0.004323195666074753,0.0,0.0,0.0,-0.005494947301167825,-0.001379278308539123,-0.713139248344318,0.7009995118517602,0,0,0,,1.0,-0.04479776695370674,0.0,False,False,3,False
107.681621603,1714,107,681621603,map,13.342885971069336,1.2771203517913818,-4.640178680419922,-0.004321671091020107,0.0,0.0,0.0,-0.004232762133526793,-0.002512735816901184,-0.7107996785166839,0.7033772720979933,0,0,0,,1.0,-0.03805946931242943,0.0,False,False,3,False
107.731621604,1715,107,731621604,map,13.569698333740234,1.1394307613372803,-4.533405303955078,-0.003544425591826439,0.0,0.0,0.0,-0.0033219228785849784,-0.003271270445066184,-0.7081280839904598,0.7060686087640947,0,0,0,,1.0,-0.03055896982550621,0.0,False,False,3,False
107.781621605,1716,107,781621605,map,13.792753219604492,-0.01627229154109955,-4.461231231689453,-0.0020368576515465975,0.0,0.0,0.0,-0.0029481978381062073,-0.003491364146007982,-0.7059468504220539,0.7082500708683973,0,0,0,,1.0,-0.0060189105570316315,0.0,False,False,3,False
107.781621605,1717,107,831621605,map,14.011396408081055,-0.6265569925308228,-4.374942779541016,-0.0006042480235919356,0.0,0.0,0.0,-0.003003094281720156,-0.0032940746314067426,-0.7048368857483438,0.7093554080893681,0,0,0,,1.0,0.011837068945169449,0.0,False,False,3,False
107.881621606,1718,107,881621606,map,14.227712631225586,-0.18357448279857635,-4.326667785644531,5.912879714742303e-06,0.0,0.0,0.0,-0.0030909281448953155,-0.003082537553780595,-0.7046057265925367,0.7095855932714784,0,0,0,,1.0,0.010594379156827927,0.0,False,False,3,False
107.931621607,1719,107,931621607,map,14.441338539123535,-0.6763839721679688,-4.272708892822266,0.00033321368391625583,0.0,0.0,0.0,-0.0032487493668492853,-0.002820014757285314,-0.7050953805408842,0.7090994270793242,0,0,0,,1.0,0.018794778734445572,0.0,False,False,3,False
107.981621608,1720,107,981621608,map,14.650079727172852,-2.083637237548828,-4.1655731201171875,0.00030002600396983325,0.0,0.0,0.0,-0.0037503440234083448,-0.0022207562277620223,-0.7066708533530838,0.707529015788545,0,0,0,,1.0,0.04142007604241371,0.0,False,False,3,False
108.031621608,1721,108,31621608,map,14.860526084899902,1.0323514938354492,-4.215412139892578,0.00044364924542605877,0.0,0.0,0.0,-0.003614395492862875,-0.002279854746453407,-0.7080702540094473,0.7061290631283725,0,0,0,,1.0,-0.006812695413827896,0.0,False,False,3,False
108.081621609,1722,108,81621609,map,15.07061767578125,0.16616001725196838,-4.202537536621094,0.0006011963123455644,0.0,0.0,0.0,-0.0033151677647223128,-0.0025261957855728756,-0.708779985596239,0.7054172949508255,0,0,0,,1.0,-0.003112334758043289,0.0,False,False,3,False
108.081621609,1723,108,131621610,map,15.279641151428223,0.19236832857131958,-4.181156158447266,0.00024738311185501516,0.0,0.0,0.0,-0.0030959598315853966,-0.002707280684968881,-0.709026452542132,0.705169891061391,0,0,0,,1.0,-0.006041903048753738,0.0,False,False,3,False
108.13162161,1724,108,181621611,map,15.482378959655762,0.8542435169219971,-4.056224822998047,0.0001548767031636089,0.0,0.0,0.0,-0.0027732585022345485,-0.002989451129471826,-0.708665223858377,0.7055331124142797,0,0,0,,0.9102820158004761,-0.017437580972909927,0.0,False,False,3,False
108.181621611,1725,108,231621611,map,15.66629695892334,-1.9851362705230713,-3.6714553833007812,0.00012340545072220266,0.0,0.0,0.0,-0.003067195394412886,-0.0025985723250772845,-0.7088045245942473,0.7053934970277277,0,0,0,,0.8107067346572876,0.026151325553655624,0.0,False,False,3,False
108.281621612,1726,108,281621612,map,15.822468757629395,-1.380955696105957,-3.111419677734375,-2.7847288947668858e-05,0.0,0.0,0.0,-0.003475234654896651,-0.0019925349623325893,-0.7098154357428217,0.7043763196827,0,0,0,,0.6147677898406982,0.023589085787534714,0.0,False,False,3,False
108.331621613,1727,108,331621613,map,15.928910255432129,-1.758301854133606,-2.1049880981445312,2.403259350103326e-05,0.0,0.0,0.0,-0.003772464269789459,-0.0013177769487296455,-0.7115104908091109,0.7026641113973479,0,0,0,,0.42708489298820496,0.030072297900915146,0.0,False,False,3,False
108.381621614,1728,108,381621614,map,15.975018501281738,-0.6582808494567871,-0.9108352661132812,0.0004552840837277472,0.0,0.0,0.0,-0.0036305406225082128,-0.0008535814678489048,-0.7133131354802851,0.7008355451350554,0,0,0,,0.2873586118221283,0.012542862445116043,0.0,False,False,3,False
108.431621614,1729,108,431621614,map,15.960033416748047,-0.12222230434417725,0.3020286560058594,0.0009141921764239669,0.0,0.0,0.0,-0.003063070545135365,-0.0005922753290025274,-0.7146398987900284,0.6994855837443315,0,0,0,,0.25139543414115906,5.606934428215027e-05,0.0,False,False,3,False
108.431621614,1730,108,481621615,map,15.898625373840332,0.5875837802886963,1.2178230285644531,0.0007476806058548391,0.0,0.0,0.0,-0.0021820072014328345,-0.0005083473265308012,-0.7151303684906889,0.6989875081072192,0,0,0,,0.24534161388874054,-0.014974121004343033,0.0,False,False,3,False
108.531621616,1731,108,531621616,map,15.80160140991211,0.29429852962493896,1.9358634948730469,9.155279258266091e-05,0.0,0.0,0.0,-0.0013212829345039146,-0.00036767198917149783,-0.714918243920896,0.6992067101635806,0,0,0,,0.1822662502527237,-0.013513397425413132,0.0,False,False,3,False
108.531621616,1732,108,581621617,map,15.67165470123291,0.7752710580825806,2.587566375732422,-0.00032329553505405784,0.0,0.0,0.0,-0.0004644715350866323,-0.00024609026283908505,-0.714119379049603,0.7000237397200076,0,0,0,,0.10998822748661041,-0.02048877254128456,0.0,False,False,3,False
108.631621617,1733,108,631621617,map,15.511995315551758,0.9418606758117676,3.1817245483398438,-0.0005775451427325606,0.0,0.0,0.0,0.0003731874413874674,-0.00015305517888271846,-0.712814061891276,0.7013529428720648,0,0,0,,0.05955669656395912,-0.022536706179380417,0.0,False,False,3,False
108.631621617,1734,108,681621618,map,15.33039379119873,0.9317967295646667,3.623332977294922,-0.0006324768764898181,0.0,0.0,0.0,0.0011146175489255353,-3.363892314458595e-05,-0.7112088315974713,0.7029799103487256,0,0,0,,0.08239388465881348,-0.02059875801205635,0.0,False,False,3,False
108.731621619,1735,108,731621619,map,15.13616943359375,0.7573646306991577,3.879375457763672,-0.0005109786288812757,0.0,0.0,0.0,0.001688392823043399,0.00014755338853675358,-0.7095690333429195,0.7046338868366092,0,0,0,,0.08997061848640442,-0.014989089220762253,0.0,False,False,3,False
108.78162162,1736,108,781621620,map,14.934542655944824,0.5348989963531494,4.030017852783203,-0.0002655029238667339,0.0,0.0,0.0,0.0020712503544150444,0.0003928118582980615,-0.708140270370617,0.7060686320041718,0,0,0,,0.09353208541870117,-0.008062664419412613,0.0,False,False,3,False
108.78162162,1737,108,831621620,map,14.728988647460938,0.6926466226577759,4.109153747558594,-0.00012531279935501516,0.0,0.0,0.0,0.002369562412296881,0.0005922375169380559,-0.7069480505821331,0.7072612588052731,0,0,0,,0.10125978291034698,-0.007793452590703964,0.0,False,False,3,False
108.881621621,1738,108,881621621,map,14.523334503173828,0.5279561281204224,4.112682342529297,1.3160697562852874e-05,0.0,0.0,0.0,0.0025687012033403017,0.0007672475520095925,-0.7060027507395599,0.7082040165471365,0,0,0,,0.12754058837890625,-0.003968406468629837,0.0,False,False,3,False
108.931621622,1739,108,931621622,map,14.321149826049805,0.020198173820972443,4.043693542480469,0.0001569747837493196,0.0,0.0,0.0,0.0025681717704302276,0.001023930510108098,-0.7054796572140312,0.7087247768472904,0,0,0,,0.150316521525383,0.0054060183465480804,0.0,False,False,3,False
108.931621622,1740,108,981621623,map,14.120737075805664,-0.04042383283376694,4.0082550048828125,0.0001605987490620464,0.0,0.0,0.0,0.0024602631871345824,0.0012903392404692755,-0.705401927398019,0.7088020901160312,0,0,0,,0.09106655418872833,0.007864464074373245,0.0,False,False,3,False
109.031621623,1741,109,31621623,map,13.914609909057617,-0.378391295671463,4.122772216796875,0.00013656615919899195,0.0,0.0,0.0,0.0022693590138050806,0.001593167340301793,-0.7057617583137359,0.7084438243992225,0,0,0,,0.0025513507425785065,0.013521555811166763,0.0,False,False,3,False
109.031621623,1742,109,81621624,map,13.690701484680176,-0.5889480113983154,4.479579925537109,-6.370543997036293e-05,0.0,0.0,0.0,0.0020507465033186207,0.0019494873608314122,-0.7065392160123842,0.7076682345382013,0,0,0,,0.0,0.017141427844762802,0.05603557452559471,False,False,3,False
109.131621625,1743,109,131621625,map,13.45547103881836,-1.0636383295059204,4.7104644775390625,-0.0001794815034372732,0.0,0.0,0.0,0.001773032884555001,0.002411156620080582,-0.7077824309239246,0.7064241453642166,0,0,0,,0.0,0.024976473301649094,0.08148066699504852,False,False,3,False
109.181621626,1744,109,181621626,map,13.218262672424316,-0.752806544303894,4.751110076904297,-0.00026836394681595266,0.0,0.0,0.0,0.0015874359226448215,0.0027885217772114627,-0.7092855603196222,0.704913965045075,0,0,0,,0.0,0.01986437663435936,0.07604603469371796,False,False,3,False
109.231621626,1745,109,231621626,map,12.982887268066406,-0.25373727083206177,4.710578918457031,-4.863739377469756e-05,0.0,0.0,0.0,0.0015984708336764964,0.002935360638243927,-0.7106392844991645,0.7035486023548286,0,0,0,,0.0,0.009085725992918015,0.06517285108566284,False,False,3,False
109.281621627,1746,109,281621627,map,12.751204490661621,-0.09870469570159912,4.635162353515625,0.00010528565326239914,0.0,0.0,0.0,0.0017162516561486155,0.0029233481975705113,-0.7116229067680833,0.7025534478447261,0,0,0,,0.0,0.002776551991701126,0.05056564882397652,False,False,3,False
109.331621628,1747,109,331621628,map,12.614832878112793,0.45330673456192017,2.722454071044922,0.00029277801513671875,0.0,0.0,0.0,0.0018756166251304516,0.0026335125553261993,-0.7120289954331954,0.7021426182310052,0,0,0,,0.0,-0.009352076798677444,0.04261479154229164,False,False,3,False
109.331621628,1748,109,381621628,map,12.600578308105469,0.02805352210998535,0.2848052978515625,0.00094432826153934,0.0,0.0,0.0,0.0016074954835902443,0.0020307801586439663,-0.7120014591166755,0.7021732080519327,0,0,0,,0.0,-0.005804482847452164,0.03177862986922264,False,False,0,False
109.431621629,1749,109,431621629,map,12.467440605163574,0.4130464792251587,2.6588821411132812,0.0003675461048260331,0.0,0.0,0.0,0.0013455759700393899,0.0014141046012378904,-0.7116312171361476,0.7025504967835483,0,0,0,,0.0,-0.011473540216684341,0.031452883034944534,False,False,0,False
109.48162163,1750,109,481621630,map,11.931076049804688,0.4655478894710541,10.723857879638672,-0.0013748167548328638,0.0,0.0,0.0,0.0020052289043449374,0.0017669052384459056,-0.7110309561507641,0.7031556275094795,0,0,0,,0.0,-0.01375361904501915,0.015034165233373642,False,False,2,False
109.531621631,1751,109,531621631,map,11.43642520904541,0.3142939507961273,9.891109466552734,-0.0020139694679528475,0.0,0.0,0.0,0.002964297222174408,0.0025401075424938834,-0.7103560641433924,0.7038316722983984,0,0,0,,0.027960453182458878,-0.009748611599206924,0.0,False,False,2,False
109.581621631,1752,109,581621631,map,10.982878684997559,0.43731725215911865,9.068679809570312,-0.001509666326455772,0.0,0.0,0.0,0.0038048426735914896,0.003212927068510047,-0.7096527123479488,0.70453405036881,0,0,0,,0.06309333443641663,-0.010997790843248367,0.0,False,False,2,False
109.631621632,1753,109,631621632,map,10.568713188171387,0.5339181423187256,8.281536102294922,-0.00032863608794286847,0.0,0.0,0.0,0.004414422619818182,0.0036162999920721305,-0.708890357614267,0.7052956090383788,0,0,0,,0.09741747379302979,-0.01269325241446495,0.0,False,False,2,False
109.681621633,1754,109,681621633,map,10.191685676574707,0.9725630283355713,7.5406646728515625,0.0006893157842569053,0.0,0.0,0.0,0.00487047525073645,0.0036646877197033657,-0.7079053001333643,0.7062810591951625,0,0,0,,0.12777744233608246,-0.021769296377897263,0.0,False,False,2,False
109.731621634,1755,109,731621634,map,9.849905014038086,0.021127983927726746,6.835689544677734,0.0014900206588208675,0.0,0.0,0.0,0.004910187082312088,0.0037112742542802484,-0.7070219050459183,0.7071648621725111,0,0,0,,0.15519678592681885,-0.005903113633394241,0.0,False,False,2,False
109.731621634,1756,109,781621634,map,9.539454460144043,0.22070017457008362,6.209754943847656,0.0015367507003247738,0.0,0.0,0.0,0.004731799354703636,0.003671142029088749,-0.7063639013861993,0.7078235455320321,0,0,0,,0.16738568246364594,-0.0063270144164562225,0.0,False,False,2,False
109.831621635,1757,109,831621635,map,9.257158279418945,0.3190637230873108,5.647525787353516,0.0012218474876135588,0.0,0.0,0.0,0.004496003281112144,0.003491873787452856,-0.7058015344922864,0.7083867493680852,0,0,0,,0.19709156453609467,-0.0076913051307201385,0.0,False,False,2,False
109.881621636,1758,109,881621636,map,9.00092601776123,-0.29913976788520813,5.1232147216796875,0.0008012771140784025,0.0,0.0,0.0,0.00407750848555264,0.0033779693772485607,-0.7055082418279657,0.7086819342697044,0,0,0,,0.21816331148147583,0.0033415667712688446,0.0,False,False,2,False
109.931621637,1759,109,931621637,map,8.768329620361328,0.00948883593082428,4.6520233154296875,0.00034332275390625,0.0,0.0,0.0,0.0036631437519464584,0.0032026527636249457,-0.7054167040841104,0.708776126849825,0,0,0,,0.2380368858575821,0.0006219260394573212,0.0,False,False,2,False
109.981621637,1760,109,981621637,map,8.556355476379395,-0.5178361535072327,4.237957000732422,-2.7656496968120337e-05,0.0,0.0,0.0,0.003168533865146967,0.003092956164797049,-0.7055962866238514,0.7086002217879555,0,0,0,,0.2532435655593872,0.010178517550230026,0.0,False,False,2,False
109.981621637,1761,110,31621638,map,8.363805770874023,0.5125483274459839,3.8525772094726562,-0.00025291446945630014,0.0,0.0,0.0,0.002913278951763094,0.0027582264490161115,-0.7056691338132933,0.7085301536108406,0,0,0,,0.26661446690559387,-0.005863051861524582,0.0,False,False,2,False
110.031621638,1762,110,81621639,map,8.184185981750488,-0.6781029105186462,3.5906410217285156,-0.0003404617018532008,0.0,0.0,0.0,0.0025052972376051635,0.0026102168882584454,-0.7058734452484121,0.7083287298611318,0,0,0,,0.28428956866264343,0.011391017585992813,0.0,False,False,2,False
110.081621639,1763,110,131621640,map,8.02615737915039,-0.32892274856567383,3.160724639892578,-0.000377464311895892,0.0,0.0,0.0,0.0021031586203727214,0.0024938693941659396,-0.7063258333472724,0.7078793502324698,0,0,0,,0.2851150631904602,0.00987393781542778,0.0,False,False,2,False
110.18162164,1764,110,181621640,map,7.872673988342285,0.3863162398338318,3.0695629119873047,-0.0003528594970703125,0.0,0.0,0.0,0.0019485513931677668,0.0021831612061262093,-0.7065278850430198,0.7076791537209879,0,0,0,,0.3076631724834442,-0.0025392435491085052,0.0,False,False,2,False
110.231621641,1765,110,231621641,map,7.738313674926758,0.09844999015331268,2.6873397827148438,-0.00022697444364894181,0.0,0.0,0.0,0.0018278832536156745,0.0018724095796295913,-0.7066562130779447,0.7075522238276944,0,0,0,,0.32429739832878113,-0.0015871934592723846,0.0,False,False,2,False
110.231621641,1766,110,281621642,map,7.618397235870361,-0.11094054579734802,2.3981857299804688,-0.00016479493933729827,0.0,0.0,0.0,0.0016263642594010366,0.0016600513101958513,-0.7065824494736029,0.7076269082396645,0,0,0,,0.32384082674980164,0.0016037635505199432,0.0,False,False,2,False
110.331621643,1767,110,331621643,map,7.504231929779053,0.16752475500106812,2.2835540771484375,-0.0001688003249000758,0.0,0.0,0.0,0.001481608949161774,0.0014347251464263456,-0.7067013737424157,0.7075089502962195,0,0,0,,0.32983794808387756,-0.0028733424842357635,0.0,False,False,2,False
110.381621643,1768,110,381621643,map,7.39491081237793,-0.4737637937068939,2.1862125396728516,-0.00017757416935637593,0.0,0.0,0.0,0.0012258338916354447,0.0013776541863429897,-0.7066854706786269,0.7075254376571491,0,0,0,,0.333663672208786,0.008468996733427048,0.0,False,False,2,False
110.431621644,1769,110,431621644,map,7.290607452392578,0.500855565071106,2.086343765258789,-7.362365431617945e-05,0.0,0.0,0.0,0.0011790474043885863,0.0011655015643330336,-0.706840626040236,0.7073708934020179,0,0,0,,0.35042616724967957,-0.007269728928804398,0.0,False,False,2,False
110.481621645,1770,110,481621645,map,7.192044734954834,-0.352907657623291,1.9708824157714844,-4.863739013671875e-05,0.0,0.0,0.0,0.0010356598328287287,0.0010899436607646965,-0.7067134815684949,0.7074982645921215,0,0,0,,0.36104753613471985,0.005189497023820877,0.0,False,False,2,False
110.481621645,1771,110,531621646,map,7.098458290100098,-0.284496545791626,1.8720626831054688,-5.245208740234375e-05,0.0,0.0,0.0,0.0008475812268437974,0.0010890584157216723,-0.7070843803052592,0.7071278347556108,0,0,0,,0.36139747500419617,0.007293548434972763,0.0,False,False,2,False
110.531621646,1772,110,581621646,map,7.009406089782715,0.46958476305007935,1.7808055877685547,-1.411438006471144e-05,0.0,0.0,0.0,0.0008598486348000923,0.0009118246727613567,-0.7069552909977337,0.7072571284663032,0,0,0,,0.3757632076740265,-0.006623666733503342,0.0,False,False,2,False
110.631621647,1773,110,631621647,map,6.924937725067139,-0.2969609498977661,1.6893386840820312,2.2888207240612246e-06,0.0,0.0,0.0,0.0007751689834899241,0.0008480811700660547,-0.7071731207613539,0.7070395018271777,0,0,0,,0.38088321685791016,0.0045920126140117645,0.0,False,False,2,False
110.681621648,1774,110,681621648,map,6.844379901885986,-0.27075713872909546,1.6116905212402344,-5.607604543911293e-05,0.0,0.0,0.0,0.0006252997275088626,0.0008635241250208862,-0.7071921667978962,0.7070205814161514,0,0,0,,0.37683865427970886,0.007093023508787155,0.0,False,False,2,False
110.731621649,1775,110,731621649,map,6.767316818237305,0.5194137096405029,1.5407085418701172,3.299712261650711e-05,0.0,0.0,0.0,0.0006774524056552233,0.0006904706930632109,-0.7073856580817756,0.7068271323659508,0,0,0,,0.3947211503982544,-0.007912818342447281,0.0,False,False,2,False
110.781621649,1776,110,781621649,map,6.695044040679932,-0.26390212774276733,1.4454936981201172,4.9591108108870685e-06,0.0,0.0,0.0,0.0006187087523703973,0.0006354990832309565,-0.7071955153152996,0.7070174795988589,0,0,0,,0.4034363329410553,0.003532353788614273,0.0,False,False,2,False
110.781621649,1777,110,831621650,map,6.6263427734375,-0.1721477508544922,1.3743305206298828,1.926422191900201e-05,0.0,0.0,0.0,0.000507123565150596,0.0006394293188785564,-0.707503440125822,0.7067094283833796,0,0,0,,0.3974091112613678,0.004576306790113449,0.0,False,False,2,False
110.83162165,1778,110,881621651,map,6.560277462005615,0.056363362818956375,1.3211822509765625,1.1825559340650216e-05,0.0,0.0,0.0,0.0004574798931244695,0.0005895903753401949,-0.7074187848144439,0.7067942458643764,0,0,0,,0.3998134434223175,0.0008308403193950653,0.0,False,False,2,False
110.931621652,1779,110,931621652,map,6.4970197677612305,-0.06660604476928711,1.2653064727783203,7.820131031621713e-06,0.0,0.0,0.0,0.0004138049938788856,0.0005425347268291254,-0.7077201624670966,0.7064925378650816,0,0,0,,0.412194162607193,0.002408970147371292,0.0,False,False,2,False
110.981621652,1780,110,981621652,map,6.436989784240723,0.12266585230827332,1.2003517150878906,-2.098086042678915e-06,0.0,0.0,0.0,0.00040818489262927455,0.00046336337321394445,-0.707562813562294,0.7066501847047718,0,0,0,,0.4127074182033539,-0.0013574101030826569,0.0,False,False,2,False
111.031621653,1781,111,31621653,map,6.379392623901367,-0.22261479496955872,1.152505874633789,1.4686585927847773e-05,0.0,0.0,0.0,0.00033736838782426836,0.0004547813034387024,-0.7078634393425599,0.7063490855084749,0,0,0,,0.415791392326355,0.004846353083848953,0.0,False,False,2,False
111.081621654,1782,111,81621654,map,6.324761390686035,0.44321757555007935,1.0918903350830078,-8.201597665902227e-06,0.0,0.0,0.0,0.0003948459450967109,0.000322189721890512,-0.7076018938139572,0.7066111378695952,0,0,0,,0.4305959641933441,-0.007851775735616684,0.0,False,False,2,False
111.131621655,1783,111,131621655,map,6.273362636566162,-0.07146700471639633,1.027984619140625,-1.8501283193472773e-05,0.0,0.0,0.0,0.00038626659325932916,0.0002568696392709356,-0.7077028259144843,0.7065100813213923,0,0,0,,0.4369494318962097,-0.0009069256484508514,0.0,False,False,2,False
111.131621655,1784,111,181621655,map,6.225043773651123,-0.040463581681251526,0.9664058685302734,2.136230432370212e-05,0.0,0.0,0.0,0.0003266614609525528,0.00024160760713329076,-0.7074313184930988,0.7067819780761034,0,0,0,,0.4336242973804474,-7.478520274162292e-05,0.0,False,False,2,False
111.231621656,1785,111,231621656,map,6.1794753074646,0.2520858943462372,0.9114265441894531,-7.24792471373803e-06,0.0,0.0,0.0,0.0003352626011884864,0.00016019994791399808,-0.7075111455467287,0.7067020877725781,0,0,0,,0.44781139492988586,-0.006080899387598038,0.0,False,False,2,False
111.231621656,1786,111,281621657,map,6.137181758880615,0.04357997328042984,0.8459281921386719,-2.288818359375e-05,0.0,0.0,0.0,0.00031900594721750303,0.00010363941595757259,-0.7071173190909057,0.7070961635702512,0,0,0,,0.4517124593257904,-0.0035558603703975677,0.0,False,False,2,False
111.281621657,1787,111,331621658,map,6.097297191619873,-0.07441960275173187,0.7975959777832031,7.057192306092475e-06,0.0,0.0,0.0,0.00025224657706346713,9.948741364040056e-05,-0.7072159878169539,0.7069975056886757,0,0,0,,0.4423042833805084,-0.0005844421684741974,0.0,False,False,2,False
111.381621658,1788,111,381621658,map,6.059088230133057,0.4767201542854309,0.7656002044677734,-7.820131031621713e-06,0.0,0.0,0.0,0.00030685820118089364,-2.0842374059350444e-05,-0.7067271794503355,0.7074861123936024,0,0,0,,0.45521554350852966,-0.011908028274774551,0.0,False,False,2,False
111.431621659,1789,111,431621659,map,6.023061752319336,-0.42871320247650146,0.7191658020019531,1.869201696536038e-05,0.0,0.0,0.0,0.0001935646042310675,3.131523213404875e-05,-0.7068079573576205,0.7074054516103536,0,0,0,,0.4502033293247223,0.004541296511888504,0.0,False,False,2,False
111.48162166,1790,111,481621660,map,5.987711429595947,-0.16726695001125336,0.7068920135498047,-3.166198803228326e-05,0.0,0.0,0.0,6.0559383004063415e-05,0.00010925945183852107,-0.7066274927633109,0.7075857339333307,0,0,0,,0.44155821204185486,0.004058036953210831,0.0,False,False,2,False
111.531621661,1791,111,531621661,map,5.954397201538086,0.2642323970794678,0.6665802001953125,6.828307959949598e-05,0.0,0.0,0.0,6.98126384009986e-05,5.149328613902006e-05,-0.7068254294438151,0.7073880157072238,0,0,0,,0.47038042545318604,-0.004674185067415237,0.0,False,False,2,False
111.581621661,1792,111,581621661,map,5.924135208129883,-0.026376675814390182,0.6051826477050781,-2.86102294921875e-06,0.0,0.0,0.0,6.28534133505446e-05,9.177177823380424e-06,-0.7065301644306645,0.7076829252672457,0,0,0,,0.47460252046585083,-0.0009118653833866119,0.0,False,False,2,False
111.631621662,1793,111,631621662,map,5.896229267120361,-0.13127732276916504,0.5579280853271484,-1.5258785879268544e-06,0.0,0.0,0.0,2.4476201278068657e-06,1.7522565674523552e-05,-0.7067585970083351,0.7074547937796298,0,0,0,,0.46778592467308044,0.0021483339369297028,0.0,False,False,2,False
111.681621663,1794,111,681621663,map,5.870633602142334,0.3080263137817383,0.5125999450683594,-2.975463939947076e-05,0.0,0.0,0.0,3.5467984918874354e-05,-6.790693020977783e-05,-0.7064331410101642,0.7077797760696362,0,0,0,,0.4892438054084778,-0.0065590254962444305,0.0,False,False,2,False
111.681621663,1795,111,731621664,map,5.847980976104736,-0.09549900889396667,0.4527568817138672,9.53677954385057e-07,0.0,0.0,0.0,9.095750007843564e-06,-9.79429736297717e-05,-0.7065605945289557,0.7076525394452633,0,0,0,,0.485412061214447,-0.0004093088209629059,0.0,False,False,2,False
111.781621664,1796,111,781621664,map,5.82726526260376,-0.035181548446416855,0.4142284393310547,2.4795508579700254e-06,0.0,0.0,0.0,-4.4799772338306525e-05,-0.00010180456277742827,-0.7062778487186085,0.7079347343069318,0,0,0,,0.47774848341941833,-8.41878354549408e-05,0.0,False,False,2,False
111.781621664,1797,111,831621665,map,5.808563709259033,0.2545301914215088,0.3749370574951172,2.956390380859375e-05,0.0,0.0,0.0,-2.4285713227062874e-05,-0.00017743964194884352,-0.7063761947989785,0.7078365908503835,0,0,0,,0.4993148148059845,-0.0064424388110637665,0.0,False,False,2,False
111.881621666,1798,111,881621666,map,5.792652130126953,-0.029865987598896027,0.3180980682373047,-1.3351444749787333e-06,0.0,0.0,0.0,-4.5595513877408385e-05,-0.00021191345049026232,-0.705994259038831,0.7082175225295904,0,0,0,,0.494737833738327,-0.00211125984787941,0.0,False,False,2,False
111.931621666,1799,111,931621666,map,5.7783050537109375,0.09126503020524979,0.2873802185058594,-3.337860107421875e-05,0.0,0.0,0.0,-6.741431201157752e-05,-0.0002442994383325755,-0.706076477691389,0.7081355402915577,0,0,0,,0.4879797399044037,-0.004000511020421982,0.0,False,False,2,False
111.981621667,1800,111,981621667,map,5.76389741897583,-0.21555952727794647,0.28723716735839844,1.5258774510584772e-06,0.0,0.0,0.0,-0.0001527598587085494,-0.00020623231184736492,-0.7057888822849507,0.7084221818771764,0,0,0,,0.46841785311698914,0.002783786505460739,0.0,False,False,2,False
111.981621667,1801,112,31621668,map,5.749182224273682,-0.12695243954658508,0.29395103454589844,-2.098081495205406e-06,0.0,0.0,0.0,-0.00023469481825040393,-0.00015805701158174828,-0.706078058170831,0.7081339532221511,0,0,0,,0.4734092056751251,0.003234114497900009,0.0,False,False,2,False
112.031621668,1802,112,81621669,map,5.733483791351318,-0.172891765832901,0.3137016296386719,-4.57763690064894e-06,0.0,0.0,0.0,-0.00030238394222328516,-0.00011095945979365959,-0.7059837200174608,0.7082279882370205,0,0,0,,0.4687395989894867,0.005429867655038834,0.0,False,False,2,False
112.081621669,1803,112,131621669,map,5.717528343200684,-0.24093109369277954,0.3191852569580078,-2.8610225854208693e-05,0.0,0.0,0.0,-0.00037193205238788966,-5.142828769295847e-05,-0.7064663636566254,0.7077465196265287,0,0,0,,0.4690152704715729,0.008220460265874863,0.0,False,False,2,False
112.18162167,1804,112,181621670,map,5.700618267059326,-0.03078109584748745,0.33824920654296875,0.0002079010009765625,0.0,0.0,0.0,-0.00037933052992262053,-4.563266558317797e-05,-0.7064889818098632,0.7077239381335576,0,0,0,,0.46154868602752686,0.005019422620534897,0.0,False,False,2,False
112.231621671,1805,112,231621671,map,5.683051586151123,0.5402359366416931,0.3517341613769531,-6.828307959949598e-05,0.0,0.0,0.0,-0.00021670895022334548,-0.00020375508778007413,-0.7067230052808342,0.707490286384146,0,0,0,,0.4857421815395355,-0.009446162730455399,0.0,False,False,2,False
112.231621671,1806,112,281621672,map,5.667975425720215,-0.1553795039653778,0.30114173889160156,-7.438661668857094e-06,0.0,0.0,0.0,-0.00017867204669860137,-0.000241977151052543,-0.7064272125150032,0.7077856334665465,0,0,0,,0.4902629554271698,0.0010905303061008453,0.0,False,False,2,False
112.331621672,1807,112,331621672,map,5.653712749481201,-0.06648149341344833,0.2851581573486328,-9.34600848268019e-06,0.0,0.0,0.0,-0.00020641340342123692,-0.00022119951270997573,-0.7066737275292602,0.7075395051049682,0,0,0,,0.4841556251049042,0.0013635121285915375,0.0,False,False,2,False
112.381621673,1808,112,381621673,map,5.640678405761719,0.17371389269828796,0.2610301971435547,1.525881998531986e-06,0.0,0.0,0.0,-0.00018179588198684465,-0.00025847673945867967,-0.7063886584687272,0.7078241047935457,0,0,0,,0.49942290782928467,-0.0035304538905620575,0.0,False,False,2,False
112.431621674,1809,112,431621674,map,5.629324436187744,-0.24629831314086914,0.22667884826660156,5.912779670325108e-06,0.0,0.0,0.0,-0.00023989771550846388,-0.00021985293601259985,-0.7066557798583746,0.7075574202186878,0,0,0,,0.4954565465450287,0.004467856138944626,0.0,False,False,2,False
112.431621674,1810,112,481621675,map,5.619011402130127,0.2132677435874939,0.2065753936767578,4.196167537884321e-06,0.0,0.0,0.0,-0.00022570143747424295,-0.00025777550688116683,-0.7064033619862286,0.7078094184066799,0,0,0,,0.49268442392349243,-0.0035272277891635895,0.0,False,False,2,False
112.531621675,1811,112,531621675,map,5.609243869781494,-0.5627192258834839,0.1953887939453125,-1.7166139514301904e-05,0.0,0.0,0.0,-0.0003567939773665919,-0.0001502329133728339,-0.7068171733648426,0.7073961645108514,0,0,0,,0.48809388279914856,0.01232045516371727,0.0,False,False,2,False
112.581621676,1812,112,581621676,map,5.600295543670654,0.47469329833984375,0.17874717712402344,2.365112231927924e-05,0.0,0.0,0.0,-0.0002978395046070889,-0.00023114734704764075,-0.7066419262575349,0.7075712302783191,0,0,0,,0.5077645778656006,-0.006414409726858139,0.0,False,False,2,False
112.631621677,1813,112,631621677,map,5.593470573425293,-0.2232128083705902,0.13635635375976562,7.629396350239404e-06,0.0,0.0,0.0,-0.0003099693003941773,-0.0002449524520464298,-0.7069286184802603,0.7072847886749155,0,0,0,,0.515464186668396,0.004007916897535324,0.0,False,False,2,False
112.681621678,1814,112,681621678,map,5.588963985443115,0.08754275739192963,0.09013175964355469,-3.4904482163256034e-05,0.0,0.0,0.0,-0.0003129496788094505,-0.00027409230044702336,-0.7067308949947214,0.7074823453598467,0,0,0,,0.5103868842124939,-0.0005327798426151276,0.0,False,False,2,False
112.731621678,1815,112,731621678,map,5.586306571960449,0.40078654885292053,0.05404472351074219,2.613067590573337e-05,0.0,0.0,0.0,-0.00022163256595831898,-0.0004019855759207605,-0.7068286610092269,0.7073846430779408,0,0,0,,0.5346443057060242,-0.009419191628694534,0.0,False,False,2,False
112.781621679,1816,112,781621679,map,5.586906433105469,-0.2649185359477997,-0.012750625610351562,-5.569458153331652e-05,0.0,0.0,0.0,-0.00027262032360031864,-0.00039546975920395303,-0.7064948569218915,0.7077180133533022,0,0,0,,0.5216646194458008,0.0025992579758167267,0.0,False,False,2,False
112.781621679,1817,112,831621680,map,5.5884575843811035,-0.16709250211715698,-0.031175613403320312,2.002716064453125e-05,0.0,0.0,0.0,-0.0003731658769862414,-0.0003399740953536457,-0.7067813124568182,0.7074319200648643,0,0,0,,0.5063350200653076,0.0038781575858592987,0.0,False,False,2,False
112.83162168,1818,112,881621681,map,5.589326858520508,-0.24824394285678864,-0.017147064208984375,-4.825591895496473e-05,0.0,0.0,0.0,-0.00047731504580307885,-0.0002728430119882312,-0.7067168114831166,0.7074963223184804,0,0,0,,0.5108745694160461,0.007509227842092514,0.0,False,False,2,False
112.931621681,1819,112,931621681,map,5.591656684875488,0.35251662135124207,-0.0467681884765625,7.629394076502649e-06,0.0,0.0,0.0,-0.00042452670175303485,-0.00035646362490697307,-0.7070101739103619,0.7072031580090713,0,0,0,,0.5368391871452332,-0.004936855286359787,0.0,False,False,2,False
112.931621681,1820,112,981621682,map,5.596945762634277,0.18298716843128204,-0.10542869567871094,-2.0980833141948096e-05,0.0,0.0,0.0,-0.00034941114797883946,-0.0004647098047199207,-0.7066656012779425,0.7075474471207785,0,0,0,,0.5376059412956238,-0.005235109478235245,0.0,False,False,2,False
113.031621683,1821,113,31621683,map,5.603330612182617,-0.3467915952205658,-0.12810707092285156,1.1444089977885596e-05,0.0,0.0,0.0,-0.0004296242731349477,-0.00042005869510747853,-0.7069179407928389,0.707295315945814,0,0,0,,0.5257470607757568,0.005805667489767075,0.0,False,False,2,False
113.081621684,1822,113,81621684,map,5.609323978424072,-0.24039572477340698,-0.11952400207519531,-7.762908353470266e-05,0.0,0.0,0.0,-0.0005402693879155368,-0.00034134422141454386,-0.7068572802766317,0.7073559054062065,0,0,0,,0.5100200176239014,0.007550809532403946,0.0,False,False,2,False
113.131621684,1823,113,131621684,map,5.615785598754883,0.2152194082736969,-0.12956619262695312,3.147125244140625e-05,0.0,0.0,0.0,-0.0005198589004719616,-0.0003860261219013977,-0.707208122597475,0.7070051287386193,0,0,0,,0.5365512371063232,-0.0015604384243488312,0.0,False,False,2,False
113.181621685,1824,113,181621685,map,5.624019622802734,0.20486564934253693,-0.1646137237548828,2.5367735361214727e-05,0.0,0.0,0.0,-0.00044519191681510864,-0.00048346222747508135,-0.7069325925445121,0.7072806215829236,0,0,0,,0.5351706743240356,-0.004292335361242294,0.0,False,False,2,False
113.231621686,1825,113,231621686,map,5.632483959197998,-0.21182475984096527,-0.16935348510742188,-1.411438006471144e-05,0.0,0.0,0.0,-0.0004783940715202163,-0.0004722694665505965,-0.7071799208211108,0.7070333144117829,0,0,0,,0.5241749882698059,0.003414798527956009,0.0,False,False,2,False
113.281621687,1826,113,281621687,map,5.642023086547852,0.5037274956703186,-0.18998146057128906,-1.1253355296503287e-05,0.0,0.0,0.0,-0.0003842294283259812,-0.0005863222349703582,-0.706790759524676,0.707422314352972,0,0,0,,0.5511967539787292,-0.010765288025140762,0.0,False,False,2,False
113.331621687,1827,113,331621687,map,5.6536383628845215,-0.2895532250404358,-0.23303985595703125,-9.536734069115482e-07,0.0,0.0,0.0,-0.0004291391082143036,-0.0005659959735700487,-0.7069194872456089,0.7072936688820204,0,0,0,,0.5489555597305298,0.0025494135916233063,0.0,False,False,2,False
113.331621687,1828,113,381621688,map,5.665907382965088,-0.2583182156085968,-0.2454090118408203,3.871917215292342e-05,0.0,0.0,0.0,-0.0005455739627567174,-0.0004775321289431501,-0.706757871044434,0.7074551477152855,0,0,0,,0.5293974876403809,0.005984645336866379,0.0,False,False,2,False
113.431621689,1829,113,431621689,map,5.677788257598877,-0.3021034896373749,-0.23690223693847656,-3.2806394301587716e-05,0.0,0.0,0.0,-0.0006656195897081157,-0.0003795704248864697,-0.7072343915746432,0.7069787325308299,0,0,0,,0.5153188705444336,0.009335782378911972,0.0,False,False,2,False
113.48162169,1830,113,481621690,map,5.688899993896484,0.5538709759712219,-0.222930908203125,-1.2397763384797145e-05,0.0,0.0,0.0,-0.00055363962355033,-0.0005029025790247322,-0.7070345215848824,0.70717863786981,0,0,0,,0.5492956042289734,-0.008414540439844131,0.0,False,False,2,False
113.53162169,1831,113,531621690,map,5.701258659362793,0.01995246857404709,-0.2471446990966797,3.776549783651717e-05,0.0,0.0,0.0,-0.00048554269758839183,-0.0005824674108751179,-0.7071729658516799,0.70704018368728,0,0,0,,0.5468685626983643,-0.0026302896440029144,0.0,False,False,2,False
113.581621691,1832,113,581621691,map,5.71427059173584,-0.2637706696987152,-0.2602958679199219,1.1444080882938579e-06,0.0,0.0,0.0,-0.0005460911954174819,-0.0005353990739597022,-0.7069561468796911,0.7072569699347321,0,0,0,,0.5256558060646057,0.004693906754255295,0.0,False,False,2,False
113.631621692,1833,113,631621692,map,5.727521896362305,0.3371403217315674,-0.2648448944091797,3.852844383800402e-05,0.0,0.0,0.0,-0.0005004395186804393,-0.0005918405147822071,-0.7071255058621226,0.7070876312341562,0,0,0,,0.5585086941719055,-0.006429966539144516,0.0,False,False,2,False
113.681621693,1834,113,681621693,map,5.742890357971191,0.04048611968755722,-0.3072834014892578,-4.5013424823991954e-05,0.0,0.0,0.0,-0.0004712629191472629,-0.0006362746379315325,-0.7067568510911346,0.707456095105265,0,0,0,,0.5511362552642822,-0.003132801502943039,0.0,False,False,2,False
113.731621693,1835,113,731621693,map,5.758852481842041,-0.4947604537010193,-0.3193378448486328,5.817413330078125e-05,0.0,0.0,0.0,-0.0006061330877804783,-0.0005191922441652757,-0.7070688326657295,0.7071442772976503,0,0,0,,0.5448822975158691,0.009478788822889328,0.0,False,False,2,False
113.781621694,1836,113,781621694,map,5.773712635040283,-0.10963361710309982,-0.29693603515625,-3.356933666509576e-05,0.0,0.0,0.0,-0.0006938293861608735,-0.0004468523431447172,-0.7070504261141575,0.7071626502124916,0,0,0,,0.5257026553153992,0.005872230976819992,0.0,False,False,2,False
113.781621694,1837,113,831621695,map,5.788793087005615,0.4080139994621277,-0.3020763397216797,3.5667417250806466e-05,0.0,0.0,0.0,-0.0006025188269281978,-0.0005475679864648325,-0.7073154253268334,0.7068976066129266,0,0,0,,0.5678764581680298,-0.006194550544023514,0.0,False,False,2,False
113.831621695,1838,113,881621696,map,5.8069634437561035,-0.07950873672962189,-0.36342620849609375,-5.8555600844556466e-05,0.0,0.0,0.0,-0.00057238916963533,-0.000592632394653147,-0.7070559687951679,0.7071571099470118,0,0,0,,0.5667123198509216,0.0003972835838794708,0.0,False,False,2,False
113.931621696,1839,113,931621696,map,5.825806617736816,-0.2644977867603302,-0.37654876708984375,-1.2207028703414835e-05,0.0,0.0,0.0,-0.000646673064933282,-0.0005388760541018155,-0.707379766253695,0.7068331894594461,0,0,0,,0.5432937741279602,0.00588713213801384,0.0,False,False,2,False
113.981621697,1840,113,981621697,map,5.845637798309326,0.3926179111003876,-0.39687156677246094,-3.0708310077898204e-05,0.0,0.0,0.0,-0.0005830701882207356,-0.0006233421266214007,-0.7071271264886324,0.7070859201381954,0,0,0,,0.5864092111587524,-0.00654926523566246,0.0,False,False,2,False
113.981621697,1841,114,31621698,map,5.868521213531494,-0.12623468041419983,-0.4577350616455078,4.5204160414868966e-05,0.0,0.0,0.0,-0.0005897652572071919,-0.0006465018487374701,-0.7073045639179738,0.7069084014729955,0,0,0,,0.5791263580322266,0.0008551217615604401,0.0,False,False,2,False
114.081621699,1842,114,81621699,map,5.892630577087402,-0.25295349955558777,-0.4819011688232422,-1.6784670151537284e-05,0.0,0.0,0.0,-0.0006799627574188655,-0.0005921061146660374,-0.7071634488035247,0.7070495341468674,0,0,0,,0.5597552061080933,0.005651641637086868,0.0,False,False,2,False
114.131621699,1843,114,131621699,map,5.915829181671143,-0.4023342728614807,-0.46240806579589844,6.675722943327855e-06,0.0,0.0,0.0,-0.000818691310422009,-0.0004824497042128434,-0.7076731664055831,0.7065393028956826,0,0,0,,0.5369336009025574,0.01134149357676506,0.0,False,False,2,False
114.1816217,1844,114,181621700,map,5.938399791717529,0.3048396110534668,-0.452728271484375,-3.814698175119702e-06,0.0,0.0,0.0,-0.0007747287015368151,-0.0005428594086396849,-0.7076411342429081,0.7065713907500869,0,0,0,,0.5877522826194763,-0.0015990696847438812,0.0,False,False,2,False
114.1816217,1845,114,231621701,map,5.96341609954834,-0.27379804849624634,-0.49920082092285156,8.010861165530514e-06,0.0,0.0,0.0,-0.0007955355415201312,-0.0005402598770102661,-0.7080613853475911,0.706150231765251,0,0,0,,0.5804933309555054,0.007101219147443771,0.0,False,False,2,False
114.281621702,1846,114,281621702,map,5.988940715789795,-0.3881198763847351,-0.5078220367431641,-2.365111868130043e-05,0.0,0.0,0.0,-0.0008945248517665963,-0.0004619335099494965,-0.7082033169422777,0.7060078245421065,0,0,0,,0.556859016418457,0.012158606201410294,0.0,False,False,2,False
114.281621702,1847,114,331621702,map,6.015922546386719,0.5143470168113708,-0.54290771484375,2.2888179955771193e-05,0.0,0.0,0.0,-0.0007862566536266694,-0.0005912860907477974,-0.708588511441719,0.7056212536722815,0,0,0,,0.6181124448776245,-0.005532022565603256,0.0,False,False,2,False
114.381621703,1848,114,381621703,map,6.048457145690918,-0.038342587649822235,-0.6505393981933594,1.2588502613652963e-05,0.0,0.0,0.0,-0.000729572219439345,-0.000684035627951679,-0.7084062645713134,0.7058041967399704,0,0,0,,0.6091814041137695,0.0005802325904369354,0.0,False,False,2,False
114.431621704,1849,114,431621704,map,6.082575798034668,-0.6023032665252686,-0.6782054901123047,-3.147125244140625e-05,0.0,0.0,0.0,-0.0008799267055233271,-0.0005794533083420108,-0.7088920839087295,0.7053161726023267,0,0,0,,0.5876527428627014,0.013746608048677444,0.0,False,False,2,False
114.481621704,1850,114,481621704,map,6.114517688751221,-0.9618797898292542,-0.6260776519775391,-4.062651714775711e-05,0.0,0.0,0.0,-0.0011701693977888455,-0.00032617224143483275,-0.709402506311441,0.7048025314613272,0,0,0,,0.5601562857627869,0.02718183770775795,0.0,False,False,2,False
114.531621705,1851,114,531621705,map,6.147852420806885,0.343841016292572,-0.6722068786621094,5.683898416464217e-05,0.0,0.0,0.0,-0.0011482211023327244,-0.00037684381727128767,-0.710259698045838,0.7039387053635228,0,0,0,,0.6194126605987549,0.00493086501955986,0.0,False,False,2,False
114.581621706,1852,114,581621706,map,6.185169696807861,-0.6339092254638672,-0.7357597351074219,-1.1062625162594486e-05,0.0,0.0,0.0,-0.0012061451224002844,-0.0003503392196788814,-0.7107344112521956,0.7034593230161711,0,0,0,,0.6233780980110168,0.019759561866521835,0.0,False,False,2,False
114.631621707,1853,114,631621707,map,6.224036693572998,-0.879581868648529,-0.7574462890625,-7.343292236328125e-05,0.0,0.0,0.0,-0.0014056420933460478,-0.00018607322150347033,-0.711951179355045,0.7022275327570274,0,0,0,,0.5922349691390991,0.02930557355284691,0.0,False,False,2,False
114.681621707,1854,114,681621707,map,6.261493682861328,-0.2967923879623413,-0.74127197265625,-2.422332727292087e-05,0.0,0.0,0.0,-0.0014709138349106913,-0.00015040656526607934,-0.7128356671774033,0.7013295412216013,0,0,0,,0.569179356098175,0.021346282213926315,0.0,False,False,2,False
114.731621708,1855,114,731621708,map,6.299502849578857,0.2395227551460266,-0.767059326171875,0.0001319885195698589,0.0,0.0,0.0,-0.0013267765103014027,-0.0003189035444521184,-0.7138585201516451,0.7002886199071953,0,0,0,,0.6740339994430542,0.007928859442472458,0.0,False,False,2,False
114.731621708,1856,114,781621709,map,6.347011089324951,-0.7775193452835083,-0.9276866912841797,-2.0980837689421605e-06,0.0,0.0,0.0,-0.0013778541693769827,-0.00030955805195037654,-0.7145356895516617,0.69959756578238,0,0,0,,0.6715893149375916,0.024188008159399033,0.0,False,False,2,False
114.83162171,1857,114,831621710,map,6.395238399505615,3.766833782196045,-1.0306644439697266,0.00015850065392442048,0.0,0.0,0.0,-0.0005210867695133483,-0.0012456419547867302,-0.7142374803424775,0.6999021349579727,0,0,0,,0.7391207814216614,-0.08067525923252106,0.0,False,False,2,False
114.83162171,1858,114,881621710,map,6.47273063659668,2.1116092205047607,-1.538228988647461,-0.0008426666026934981,0.0,0.0,0.0,0.0003887591782222225,-0.0022941874512390666,-0.7118451508154338,0.7023325898965479,0,0,0,,0.9352487325668335,-0.06909604370594025,0.0,False,False,2,False
114.931621711,1859,114,931621711,map,6.587651252746582,-1.314229965209961,-2.309703826904297,0.00019721985154319555,0.0,0.0,0.0,5.6941706659757426e-05,-0.00223679551436549,-0.7102924024279216,0.7039031869203607,0,0,0,,0.9486827850341797,-0.004555273801088333,0.0,False,False,2,False
114.981621712,1860,114,981621712,map,6.723194122314453,-5.27423620223999,-2.6251983642578125,0.0007360458257608116,0.0,0.0,0.0,-0.0016887631024909188,-0.0008818518455340314,-0.7109737850923671,0.7032159322199256,0,0,0,,0.8699455261230469,0.11076992750167847,0.0,False,False,2,False
115.031621713,1861,115,31621713,map,6.904770374298096,3.332066059112549,-3.7099456787109375,-0.0006626128451898694,0.0,0.0,0.0,-0.0021021976559108414,-0.0010090489892929087,-0.7123415284845239,0.7018291169376525,0,0,0,,0.8679672479629517,-0.14967994391918182,0.0,False,False,2,False
115.031621713,1862,115,81621713,map,7.120354652404785,0.6492412686347961,-4.317235946655273,-2.5939953047782183e-05,0.0,0.0,0.0,-0.0016977478604504764,-0.002046484128758943,-0.7117027090331938,0.7024757529692581,0,0,0,,1.0,-0.018994715064764023,0.0,False,False,2,False
115.131621714,1863,115,131621714,map,7.315340518951416,-5.733892917633057,-3.754453659057617,-0.0004814147832803428,0.0,0.0,0.0,-0.0029848357084373642,-0.00128279077438176,-0.7129492950393534,0.701208063207,0,0,0,,1.0,0.16499193012714386,0.0,False,False,2,False
115.181621715,1864,115,181621715,map,7.460976600646973,-9.645575523376465,-2.1764183044433594,-0.004589080810546875,0.0,0.0,0.0,-0.005847580621285954,0.0014846859034057494,-0.7188273813465524,0.6951624251461694,0,0,0,,1.0,0.35203513503074646,0.0,False,False,2,False
115.181621715,1865,115,231621716,map,7.684073448181152,-1.4776837825775146,-4.323692321777344,-0.005740928929299116,0.0,0.0,0.0,-0.007280154023506921,0.0028660415662303262,-0.7271303090593304,0.686454877475874,0,0,0,,0.887738823890686,-0.11466072499752045,0.0,False,False,2,False
115.231621716,1866,115,281621716,map,7.907214641571045,-3.7185513973236084,-4.028444290161133,0.006469154730439186,0.0,0.0,0.0,-0.007200416402602967,0.0025652601361384328,-0.733829490771285,0.6792906976533828,0,0,0,,1.0,0.1485699713230133,0.0,False,False,2,False
115.281621716,1867,115,331621717,map,8.079705238342285,-8.818700790405273,-2.0529651641845703,-0.0029325485229492188,0.0,0.0,0.0,-0.008442534211765463,0.00400418298703217,-0.742654390050785,0.6696096975649217,0,0,0,,1.0,0.40583768486976624,0.0,False,False,2,False
115.381621718,1868,115,381621718,map,8.204998970031738,-11.914887428283691,0.1458454132080078,-0.01267242431640625,0.0,0.0,0.0,-0.010594148931516473,0.0070407123543968385,-0.75520580524906,0.655364314023947,0,0,0,,1.0,0.5,0.0,False,False,2,False
115.381621718,1869,115,431621719,map,8.437234878540039,-5.322308540344238,-3.335123062133789,-0.005999184213578701,0.0,0.0,0.0,-0.011535621935189443,0.008695839125591947,-0.7694147898503856,0.638586088924553,0,0,0,,1.0,0.12662899494171143,0.0,False,False,2,False
115.481621719,1870,115,481621719,map,8.672409057617188,-7.733492851257324,-2.4986648559570312,0.015052605420351028,0.0,0.0,0.0,-0.011403604800668649,0.008757451148104051,-0.7820317599443433,0.6230727014444557,0,0,0,,1.0,0.5,0.0,False,False,2,False
115.53162172,1871,115,531621720,map,8.814308166503906,-12.01395034790039,1.4607429504394531,-0.005407524295151234,0.0,0.0,0.0,-0.012366268891217766,0.010719064370694129,-0.7963142255439869,0.6046617494508872,0,0,0,,1.0,0.5,0.0,False,False,2,False
115.581621721,1872,115,581621721,map,8.911718368530273,-13.902993202209473,4.26426887512207,-0.01949291303753853,0.0,0.0,0.0,-0.013821991579916856,0.014191452766610832,-0.8133455150526178,0.5814435728090298,0,0,0,,1.0,0.5,0.0,False,False,2,False
115.581621721,1873,115,631621722,map,9.009302139282227,-13.477973937988281,5.347814559936523,-0.019002724438905716,0.0,0.0,0.0,-0.01491735329768236,0.017859715970130117,-0.8325516232006316,0.5534584878941254,0,0,0,,0.884456217288971,0.5,0.0,False,False,2,False
115.681621722,1874,115,681621722,map,9.125703811645508,-12.999792098999023,5.931787490844727,-0.006039426662027836,0.0,0.0,0.0,-0.015339110303669351,0.020922996399534675,-0.8525658509040366,0.5219754877281434,0,0,0,,0.6773830652236938,0.5,0.0,False,False,2,False
115.731621723,1875,115,731621723,map,9.208072662353516,-12.166862487792969,7.52558708190918,0.004905317910015583,0.0,0.0,0.0,-0.015142163308950105,0.023424127698938677,-0.8724720603410878,0.48786732730942955,0,0,0,,0.7177057266235352,0.5,0.0,False,False,2,False
115.781621724,1876,115,781621724,map,9.272773742675781,-11.424427032470703,8.815155029296875,0.009838296100497246,0.0,0.0,0.0,-0.014487104156374256,0.02551899935654331,-0.8916470214323299,0.45177925323752693,0,0,0,,0.6041686534881592,0.5,0.0,False,False,2,False
115.831621725,1877,115,831621725,map,9.297987937927246,-10.267229080200195,10.373764038085938,0.010749435052275658,0.0,0.0,0.0,-0.013470175344613885,0.027314527127910052,-0.9096984612850488,0.41415115660780044,0,0,0,,0.572509229183197,0.5,0.0,False,False,2,False
115.831621725,1878,115,881621725,map,9.298591613769531,-9.162130355834961,11.625947952270508,0.009231758303940296,0.0,0.0,0.0,-0.012194791737436792,0.02887750000290901,-0.9263638078713247,0.37532315744462424,0,0,0,,0.6490275859832764,0.5,0.0,False,False,2,False
115.931621726,1879,115,931621726,map,9.283931732177734,-8.073654174804688,12.683544158935547,0.00650062458589673,0.0,0.0,0.0,-0.010773229350407922,0.030257077942277777,-0.941490563068923,0.3355055385771162,0,0,0,,0.656777024269104,0.5,0.0,False,False,2,False
115.981621727,1880,115,981621727,map,9.257102012634277,-6.887521743774414,13.57168197631836,0.004208945669233799,0.0,0.0,0.0,-0.009269161135564027,0.03146566196214242,-0.9549682704545249,0.29488912695150427,0,0,0,,0.6217246651649475,0.5,0.0,False,False,2,False
115.981621727,1881,116,31621728,map,9.212884902954102,-5.471477508544922,14.330339431762695,0.0028512964490801096,0.0,0.0,0.0,-0.0076957152389184325,0.03249010667742623,-0.9667129345666452,0.2536755232114365,0,0,0,,0.5385445356369019,0.5,0.0,False,False,2,False
116.081621728,1882,116,81621728,map,9.148097038269043,-3.8870620727539062,14.913945198059082,0.0028051366098225117,0.0,0.0,0.0,-0.006044893522991834,0.033311505055312315,-0.9766657243920135,0.2120798568725214,0,0,0,,0.5237797498703003,0.5,0.0,False,False,2,False
116.131621729,1883,116,131621729,map,9.067042350769043,-2.3096847534179688,15.279533386230469,0.0027650839183479548,0.0,0.0,0.0,-0.004335338413263631,0.033928078470328804,-0.9848016545340051,0.17028150680341006,0,0,0,,0.5240968465805054,0.5,0.0,False,False,2,False
116.131621729,1884,116,181621730,map,8.97510814666748,-0.7898712158203125,15.432598114013672,0.002733230357989669,0.0,0.0,0.0,-0.002599938849879574,0.03434480895846061,-0.991121026639593,0.12842423824365543,0,0,0,,0.5308244228363037,0.5,0.0,False,False,2,False
116.231621731,1885,116,231621731,map,8.875811576843262,0.6807327270507812,15.385985374450684,0.0027526854537427425,0.0,0.0,0.0,-0.0008716618013831787,0.03456577909596338,-0.9956397525397208,0.08663677212267688,0,0,0,,0.5151113271713257,0.5,0.0,False,False,2,False
116.281621731,1886,116,281621731,map,8.769905090332031,2.1276092529296875,15.147087097167969,0.002889251569285989,0.0,0.0,0.0,0.0008287070142193784,0.03458820913116009,-0.9983853784040082,0.045051140084010816,0,0,0,,0.49476751685142517,0.5,0.0,False,False,2,False
116.331621732,1887,116,331621732,map,8.682372093200684,2.9187583923339844,13.83354663848877,0.00756912212818861,0.0,0.0,0.0,0.002406840172653133,0.03409994611960945,-0.9994062439764347,0.004308166191977829,0,0,0,,0.4884122610092163,0.4661955237388611,0.0,False,False,2,False
116.381621733,1888,116,381621733,map,8.644274711608887,2.5680923461914062,11.313983917236328,0.01835784874856472,0.0,0.0,0.0,-0.0036402089444251703,-0.03260410730244948,0.9988816028718656,0.03404797365459531,0,0,0,,0.6928568482398987,0.38469746708869934,0.0,False,False,2,False
116.381621733,1889,116,431621734,map,8.698809623718262,0.10995864868164062,5.818295478820801,0.036318589001894,0.0,0.0,0.0,-0.0041070245651877845,-0.029128023452756013,0.9973288021884879,0.0668576915861806,0,0,0,,1.0,0.20228837430477142,0.0,False,False,2,False
116.481621734,1890,116,481621734,map,8.794608116149902,-2.366466522216797,-1.8315696716308594,0.054074667394161224,0.0,0.0,0.0,-0.0034395977416020974,-0.022547083367862698,0.9957892771103437,0.08878915356640021,0,0,0,,1.0,-0.027284689247608185,0.0,False,False,2,False
116.481621734,1891,116,531621735,map,8.889420509338379,-2.9791641235351562,-5.317561626434326,0.028922269120812416,0.0,0.0,0.0,-0.002008206847259888,-0.014167309263396759,0.9951738129113342,0.09707902218816658,0,0,0,,1.0,-0.13273580372333527,0.0,False,False,2,False
116.581621736,1892,116,581621736,map,8.999063491821289,-3.2662391662597656,-6.5442633628845215,-0.025494955480098724,0.0,0.0,0.0,-0.00045095504003043704,-0.0064001459401149515,0.9955404130563034,0.09411758997754865,0,0,0,,1.0,-0.1892537623643875,0.0,False,False,2,False
116.581621736,1893,116,631621737,map,9.14527416229248,-3.7193870544433594,-6.4109601974487305,-0.051938626915216446,0.0,0.0,0.0,0.0008999321113224029,-0.00028535883045264636,0.9964927957113702,0.08367327403579947,0,0,0,,1.0,-0.20606598258018494,0.0,False,False,2,False
116.631621737,1894,116,681621737,map,9.322113037109375,-4.069366455078125,-6.199058532714844,-0.04820861667394638,0.0,0.0,0.0,0.0019371708129368155,0.004138544760348796,0.9976045626754728,0.0690235926737129,0,0,0,,1.0,-0.2071942239999771,0.0,False,False,2,False
116.681621737,1895,116,731621738,map,9.52799129486084,-4.387950897216797,-5.090043067932129,-0.031238364055752754,0.0,0.0,0.0,0.002671929725006342,0.006902633791616655,0.9985797723496448,0.052760332565432375,0,0,0,,1.0,-0.18073157966136932,0.0,False,False,2,False
116.781621739,1896,116,781621739,map,9.75432014465332,-4.637908935546875,-4.048194408416748,-0.012731552124023438,0.0,0.0,0.0,0.003173913176527233,0.008250479090089705,0.9992810086427921,0.03686897931562309,0,0,0,,1.0,-0.14730742573738098,0.0,False,False,2,False
116.83162174,1897,116,831621740,map,9.990586280822754,-4.750194549560547,-2.5093791484832764,0.0007961271330714226,0.0,0.0,0.0,0.0035195985290371137,0.008344091730419034,0.9996961289150885,0.022926805088702533,0,0,0,,1.0,-0.10186755657196045,0.0,False,False,2,False
116.88162174,1898,116,881621740,map,10.233172416687012,-4.851551055908203,-1.409134864807129,0.007289695553481579,0.0,0.0,0.0,0.003773972482783989,0.007559284655353746,0.9998935553409242,0.011895055060193152,0,0,0,,1.0,-0.062317125499248505,0.0,False,False,2,False
116.931621741,1899,116,931621741,map,10.201155662536621,0.6402587890625,0.021471455693244934,0.009218978695571423,0.0,0.0,0.0,0.0034295149536766245,0.006067513453574683,0.99996614739831,0.004373530044993304,0,0,0,,1.0,-0.021919412538409233,0.0,False,False,0,False
116.981621742,1900,116,981621742,map,10.209065437316895,-0.15933990478515625,0.5049494504928589,0.006802177522331476,0.0,0.0,0.0,0.002792702189892925,0.004366833443890214,0.9999865406949877,0.0002236269745146879,0,0,0,,1.0,0.0022611506283283234,0.0,False,False,0,False
117.031621742,1901,117,31621742,map,10.55385971069336,-6.895103454589844,0.8147716522216797,0.0020875928457826376,0.0,0.0,0.0,-0.0028047897320979723,-0.0027909475581271537,-0.9999914154667596,0.001229942711446186,0,0,0,,1.0,0.019001275300979614,0.0,False,False,0,False
117.081621743,1902,117,81621743,map,10.950366020202637,-7.922554016113281,1.315536618232727,-0.001498222234658897,0.0,0.0,0.0,-0.003619853597165521,-0.0013499482591216132,-0.9999924000106819,0.0005236606812618743,0,0,0,,1.0,0.032657723873853683,0.0,False,False,3,False
117.081621743,1903,117,131621744,map,11.302924156188965,-7.032890319824219,1.552289605140686,-0.0024032590445131063,0.0,0.0,0.0,0.004425675898723065,8.864403917829093e-05,0.9999886203791342,0.0017789455611672243,0,0,0,,1.0,0.038598138839006424,0.0,False,False,3,False
117.181621745,1904,117,181621745,map,11.624929428100586,-6.411304473876953,1.6046903133392334,-0.0017604827880859375,0.0,0.0,0.0,0.00497642065773441,-0.0009197767753876796,0.9999743298527345,0.005072364704479822,0,0,0,,1.0,0.038798749446868896,0.0,False,False,3,False
117.231621745,1905,117,231621745,map,11.921672821044922,-5.899658203125,1.4965873956680298,-0.0005081176641397178,0.0,0.0,0.0,0.005255545892597483,-0.0016315850852136886,0.9999462050545127,0.008792278689784943,0,0,0,,1.0,0.03449372574687004,0.0,False,False,3,False
117.281621746,1906,117,281621746,map,12.199041366577148,-5.517787933349609,1.0843247175216675,0.00048713700380176306,0.0,0.0,0.0,0.005328685498260683,-0.0019748069552647618,0.9999076430778129,0.012345467302750886,0,0,0,,1.0,0.024036584421992302,0.0,False,False,3,False
117.281621746,1907,117,331621747,map,12.460777282714844,-5.215797424316406,0.6681406497955322,0.0011983870062977076,0.0,0.0,0.0,0.005271609878844412,-0.0019713366472093215,0.9998680131549106,0.015240742460924073,0,0,0,,1.0,0.012557443231344223,0.0,False,False,3,False
117.331621747,1908,117,381621748,map,12.710039138793945,-4.978904724121094,0.2719724178314209,0.0013305663596838713,0.0,0.0,0.0,0.005145784939079599,-0.0017014220418493653,0.999837655436232,0.01718397020990095,0,0,0,,1.0,0.0017084460705518723,0.0,False,False,3,False
117.431621748,1909,117,431621748,map,12.949143409729004,-4.7969818115234375,-0.3758537769317627,0.0009552001720294356,0.0,0.0,0.0,0.004994165811213069,-0.0011582860460150393,0.9998265749507689,0.017903538854098185,0,0,0,,1.0,-0.012172279879450798,0.0,False,False,3,False
117.481621749,1910,117,481621749,map,13.180150032043457,-4.648456573486328,-0.881081223487854,0.0005258560413494706,0.0,0.0,0.0,0.0048411512047794175,-0.00041680827153442175,0.999839095250245,0.01726769049550608,0,0,0,,1.0,-0.02333413064479828,0.0,False,False,3,False
117.53162175,1911,117,531621750,map,13.405343055725098,-4.533348083496094,-1.0946071147918701,-4.177090886514634e-05,0.0,0.0,0.0,0.004697920309460431,0.0003505635700195974,0.9998694763707657,0.01545434799659768,0,0,0,,1.0,-0.028270674869418144,0.0,False,False,3,False
117.581621751,1912,117,581621751,map,13.626957893371582,-4.451026916503906,-0.8185106515884399,-0.00040092470590025187,0.0,0.0,0.0,0.004569484682693939,0.0009017562235208908,0.9999043994044926,0.013019166524360604,0,0,0,,1.0,-0.023122768849134445,0.0,False,False,3,False
117.631621751,1913,117,631621751,map,13.844411849975586,-4.373111724853516,-1.349255084991455,-0.00030841826810501516,0.0,0.0,0.0,0.0044580954875292475,0.0014333496964963454,0.9999376595879457,0.010136460479532903,0,0,0,,1.0,-0.028350701555609703,0.0,False,False,3,False
117.631621751,1914,117,681621752,map,14.060287475585938,-4.328498840332031,-0.8040887117385864,-0.00025711057242006063,0.0,0.0,0.0,0.004363859667354851,0.001725483540482077,0.999962773444727,0.0072409364093718245,0,0,0,,1.0,-0.017741180956363678,0.0,False,False,3,False
117.731621753,1915,117,731621753,map,14.273760795593262,-4.279937744140625,-1.0582220554351807,-0.00013713835505768657,0.0,0.0,0.0,0.004285989167380208,0.0019198769349222375,0.9999786556415677,0.004542315565288329,0,0,0,,1.0,-0.017650015652179718,0.0,False,False,3,False
117.731621753,1916,117,781621754,map,14.486051559448242,-4.249515533447266,-0.5272741317749023,9.021758887683973e-05,0.0,0.0,0.0,0.004223360438794345,0.0018969363990147604,0.9999865702533793,0.002328985140678285,0,0,0,,1.0,-0.006994703784584999,0.0,False,False,3,False
117.781621754,1917,117,831621754,map,14.696974754333496,-4.22027587890625,-0.3365844488143921,0.0002119064301950857,0.0,0.0,0.0,0.004174380607148143,0.0016989375615837669,0.9999895021782206,0.0008268561319548803,0,0,0,,1.0,-0.0009266436100006104,0.0,False,False,3,False
117.881621755,1918,117,881621755,map,14.906758308410645,-4.1963958740234375,-0.15713416039943695,0.00018081664165947586,0.0,0.0,0.0,0.004136552167748799,0.0014129242672666024,0.9999904454196951,4.062632385291716e-05,0,0,0,,1.0,0.0036257728934288025,0.0,False,False,3,False
117.931621756,1919,117,931621756,map,15.115572929382324,-4.175987243652344,0.08257530629634857,-6.84738188283518e-05,0.0,0.0,0.0,-0.004107634036894323,-0.0010596934030140154,-0.9999909999599095,6.626983477997867e-05,0,0,0,,1.0,0.00792630948126316,0.0,False,False,3,False
117.931621756,1920,117,981621757,map,15.32345199584961,-4.155521392822266,0.427723228931427,2.3078937374521047e-05,0.0,0.0,0.0,0.004084950554044517,0.0006180498050174576,0.9999913363966557,0.0005082568642415055,0,0,0,,1.0,0.013081487268209457,0.0,False,False,3,False
118.031621757,1921,118,31621757,map,15.353006362915039,-0.5904769897460938,0.10674864053726196,0.00035686488263309,0.0,0.0,0.0,0.0037523051788109435,0.00030813923611883593,0.9999919106122027,0.0014156151358017924,0,0,0,,1.0,0.007712142542004585,0.0,False,False,3,False
118.031621757,1922,118,81621758,map,15.340938568115234,0.23977279663085938,-0.2894161641597748,0.0008310318225994706,0.0,0.0,0.0,0.0030525405334282953,0.00025618698172955636,0.9999930685838732,0.0021163999459687033,0,0,0,,1.0,-0.0007793055847287178,0.0,False,False,0,False
118.131621759,1923,118,131621759,map,15.531594276428223,-3.815479278564453,-0.584839940071106,0.00011215219274163246,0.0,0.0,0.0,0.0026603841215645514,0.00042102790174161197,0.9999938779396031,0.0022336461550280023,0,0,0,,1.0,-0.008886126801371574,0.0,False,False,0,False
118.18162176,1924,118,181621760,map,15.83046817779541,-5.977344512939453,0.05294807255268097,-0.0012073516845703125,0.0,0.0,0.0,0.003048059916037896,0.00042805746050849605,0.9999931033024657,0.002078327467629185,0,0,0,,1.0,-0.0014270264655351639,0.0,False,False,4,False
118.18162176,1925,118,231621760,map,16.097496032714844,-5.341396331787109,-0.30623361468315125,-0.0011661530006676912,0.0,0.0,0.0,0.0035628057244119875,0.00044642131737616985,0.9999920488395717,0.0017347567590829402,0,0,0,,1.0,-0.006194291636347771,0.0,False,False,4,False
118.281621761,1926,118,281621761,map,16.34021759033203,-4.854698181152344,-0.14456570148468018,-0.0007123947143554688,0.0,0.0,0.0,0.0039499044668586955,0.0004498405632000166,0.9999913026016366,0.001261197547007799,0,0,0,,1.0,-0.003705812618136406,0.0,False,False,4,False
118.331621762,1927,118,331621762,map,16.564298629760742,-4.4818115234375,-0.11006411164999008,-4.482266376726329e-05,0.0,0.0,0.0,0.0041634110344867265,0.00041847925247109967,0.9999909246693964,0.0008009135525276466,0,0,0,,1.0,-0.0023210011422634125,0.0,False,False,4,False
118.331621762,1928,118,381621763,map,16.774181365966797,-4.1977691650390625,-0.09924929589033127,0.00030727387638762593,0.0,0.0,0.0,0.004233741532330178,0.000376691284952518,0.9999908821356632,0.00041131721502918404,0,0,0,,1.0,-0.0013506822288036346,0.0,False,False,4,False
118.381621763,1929,118,431621763,map,16.973295211791992,-3.9822769165039062,-0.03248842433094978,0.00046234126784838736,0.0,0.0,0.0,0.00420835971029489,0.00031645854743763037,0.9999910842861371,0.00014460557431474213,0,0,0,,1.0,0.000270182266831398,0.0,False,False,4,False
118.481621764,1930,118,481621764,map,17.164247512817383,-3.8190460205078125,0.020250622183084488,0.0004072189040016383,0.0,0.0,0.0,0.004129286825651384,0.0002380391798821986,0.9999914455434501,3.416988780713745e-05,0,0,0,,1.0,0.0015331394970417023,0.0,False,False,4,False
118.531621765,1931,118,531621765,map,17.34903335571289,-3.6957168579101562,0.016694553196430206,0.00031051633413881063,0.0,0.0,0.0,0.004027066961905598,0.0001654875971591737,0.9999918760158628,5.6989600736425746e-05,0,0,0,,1.0,0.0016511809080839157,0.0,False,False,4,False
118.581621766,1932,118,581621766,map,17.529157638549805,-3.602447509765625,0.0367562472820282,0.0002103805454680696,0.0,0.0,0.0,0.003921218302988794,0.00010207903998494677,0.9999922917325886,0.0001735001310177764,0,0,0,,1.0,0.0017771832644939423,0.0,False,False,4,False
118.581621766,1933,118,631621766,map,17.705747604370117,-3.5317230224609375,0.06137806922197342,4.634857759810984e-05,0.0,0.0,0.0,0.003822809541998795,4.292397660145001e-05,0.9999926291639295,0.00035482749292339307,0,0,0,,1.0,0.0018302258104085922,0.0,False,False,4,False
118.681621767,1934,118,681621767,map,17.879648208618164,-3.47808837890625,-0.06698019802570343,1.6403191693825647e-05,0.0,0.0,0.0,0.0037365651627743546,3.6038236243557604e-05,0.9999928944304867,0.0004978660136627152,0,0,0,,1.0,-0.0005375556647777557,0.0,False,False,4,False
118.731621768,1935,118,731621768,map,18.05149269104004,-3.4368896484375,-0.005978643894195557,3.89098931918852e-05,0.0,0.0,0.0,0.003664328483824096,3.727984985404244e-05,0.9999931198031553,0.0005758935038149808,0,0,0,,1.0,-0.0002290438860654831,0.0,False,False,4,False
118.731621768,1936,118,781621769,map,18.221717834472656,-3.40423583984375,0.21318751573562622,-2.746579411905259e-05,0.0,0.0,0.0,0.003605330992480561,-3.8301117935203187e-05,0.9999932369093051,0.0007254358068187448,0,0,0,,1.0,0.0029619261622428894,0.0,False,False,4,False
118.831621769,1937,118,831621769,map,18.39061164855957,-3.3769989013671875,0.41548845171928406,-0.00017490386380814016,0.0,0.0,0.0,0.0035579245550263834,-0.00020738943217670002,0.9999930397249592,0.0011039312117087797,0,0,0,,1.0,0.0063501931726932526,0.0,False,False,4,False
118.88162177,1938,118,881621770,map,18.558412551879883,-3.3570480346679688,-0.5273380875587463,-1.773834810592234e-05,0.0,0.0,0.0,0.0035203901165807355,-7.749481482468724e-05,0.9999930685220171,0.0012098578020883681,0,0,0,,1.0,-0.008065193891525269,0.0,False,False,4,False
118.931621771,1939,118,931621771,map,18.725574493408203,-3.343505859375,-0.3459400534629822,-4.673003786592744e-05,0.0,0.0,0.0,0.003491281619470172,0.0001431192643105371,0.9999935183216343,0.0008682074920163005,0,0,0,,1.0,-0.0071771517395973206,0.0,False,False,4,False
118.981621772,1940,118,981621772,map,18.892202377319336,-3.3325958251953125,-0.0025963131338357925,-1.9073486328125e-05,0.0,0.0,0.0,0.003469072040000925,0.00020756248045130396,0.9999938705097736,0.00042591064807773416,0,0,0,,1.0,-0.001667860895395279,0.0,False,False,4,False
119.031621772,1941,119,31621772,map,19.058277130126953,-3.3214950561523438,-0.11731427162885666,4.386902219266631e-06,0.0,0.0,0.0,0.0034520592956769364,0.00022177735848681357,0.9999940169024791,1.614517787712398e-05,0,0,0,,1.0,-0.002049153670668602,0.0,False,False,4,False
119.031621772,1942,119,81621773,map,19.223888397216797,-3.312225341796875,-0.04961781203746796,-0.00010433197894599289,0.0,0.0,0.0,-0.0034388761812181416,-0.00021177982733192182,-0.9999940152266775,0.0003143099463078565,0,0,0,,1.0,-0.0002691298723220825,0.0,False,False,4,False
119.131621774,1943,119,131621774,map,19.389095306396484,-3.30413818359375,-0.031800925731658936,-1.7166134057333693e-05,0.0,0.0,0.0,-0.003428714923245417,-0.0001838572722375247,-0.9999939704227816,0.0005188723922052732,0,0,0,,1.0,0.0006708167493343353,0.0,False,False,4,False
119.131621774,1944,119,181621775,map,19.553939819335938,-3.2968521118164062,-0.07205800712108612,-1.4495853974949569e-05,0.0,0.0,0.0,-0.003420837745256294,-0.00016777917716392056,-0.9999939388159439,0.0006261394752906999,0,0,0,,1.0,0.0003747716546058655,0.0,False,False,4,False
119.181621775,1945,119,231621775,map,19.718454360961914,-3.2902908325195312,-0.019208788871765137,-1.487731424276717e-05,0.0,0.0,0.0,-0.0034145315813709242,-0.00014429985367014393,-0.9999939510348487,0.0006465642619055076,0,0,0,,1.0,0.00113007053732872,0.0,False,False,4,False
119.281621776,1946,119,281621776,map,19.882658004760742,-3.2840728759765625,-0.02591211348772049,8.907318260753527e-05,0.0,0.0,0.0,-0.00340948668495505,-0.00011957704633004632,-0.9999940012465188,0.0005988095293565236,0,0,0,,1.0,0.0009122602641582489,0.0,False,False,4,False
119.331621777,1947,119,331621777,map,20.04657554626465,-3.278350830078125,-0.011175256222486496,-7.743835158180445e-05,0.0,0.0,0.0,-0.0034053369223459953,-9.524654236936753e-05,-0.9999940657838383,0.0005128407647557497,0,0,0,,1.0,0.0008373018354177475,0.0,False,False,4,False
119.331621777,1948,119,381621778,map,20.21021842956543,-3.272857666015625,0.006023570895195007,-2.6702882678364404e-05,0.0,0.0,0.0,-0.003402079641039536,-6.854046505720087e-05,-0.9999941286993542,0.0004046271619038603,0,0,0,,1.0,0.0007700193673372269,0.0,False,False,4,False
119.431621778,1949,119,431621778,map,20.37359619140625,-3.2675552368164062,0.024531669914722443,1.2397767932270654e-05,0.0,0.0,0.0,-0.003399175574771705,-3.8694680132992e-05,-0.9999941813624903,0.00028521798067828325,0,0,0,,1.0,0.000738753005862236,0.0,False,False,4,False
119.481621779,1950,119,481621779,map,20.536712646484375,-3.2623291015625,0.04263109713792801,2.0599363779183477e-05,0.0,0.0,0.0,-0.0033967418741407346,-6.244252823982509e-06,-0.9999942183305535,0.00015940864226078556,0,0,0,,1.0,0.0007415656000375748,0.0,False,False,4,False
119.481621779,1951,119,531621780,map,20.69957160949707,-3.2572174072265625,0.06007953733205795,5.397796485340223e-05,0.0,0.0,0.0,-0.0033944191155004613,2.7863133533068254e-05,-0.9999942381244497,2.9332841745739577e-05,0,0,0,,1.0,0.000780940055847168,0.0,False,False,4,False
119.58162178,1952,119,581621780,map,20.862184524536133,-3.25225830078125,0.0772823840379715,-0.00010280608694301918,0.0,0.0,0.0,0.003392504211787267,-6.294620442043295e-05,0.9999942377348949,0.00010700446256826747,0,0,0,,1.0,0.0008596405386924744,0.0,False,False,4,False
119.631621781,1953,119,631621781,map,21.024545669555664,-3.247222900390625,-0.058453306555747986,9.74655122263357e-05,0.0,0.0,0.0,0.0033908337715987894,-4.851727943078012e-05,0.9999942352401241,0.0001714028190715246,0,0,0,,1.0,-0.0013786181807518005,0.0,False,False,4,False
119.631621781,1954,119,681621782,map,21.050016403198242,-0.5094146728515625,0.030864454805850983,0.000213623046875,0.0,0.0,0.0,0.003153430994946331,-3.9170330427354504e-05,0.9999950116648878,0.00017602268697082123,0,0,0,,1.0,-0.0002982728183269501,0.0,False,False,4,False
119.681621782,1955,119,731621783,map,21.030715942382812,0.3861236572265625,0.34402692317962646,0.000755691493395716,0.0,0.0,0.0,0.0025892935190815493,-0.00014573572443788495,0.9999965818417471,0.000332603356008298,0,0,0,,1.0,0.004585769027471542,0.0,False,False,0,False
119.731621783,1956,119,781621783,map,21.159250259399414,-2.5706863403320312,-0.002970099449157715,0.0003343581920489669,0.0,0.0,0.0,0.0022322162791051496,-0.00017908615726339034,0.9999973508610537,0.0005323621949164808,0,0,0,,1.0,-0.00015924684703350067,0.0,False,False,0,False
119.781621783,1957,119,831621784,map,21.3787899017334,-4.390869140625,-0.09477852284908295,-0.000604820204898715,0.0,0.0,0.0,0.0024834147496217997,-0.00011838168070982986,0.9999967341345859,0.0005919097241428333,0,0,0,,1.0,-0.0022491924464702606,0.0,False,False,5,False
119.881621785,1958,119,881621785,map,21.575267791748047,-3.929595947265625,-0.21381241083145142,-0.0007673262734897435,0.0,0.0,0.0,0.0028555955006832148,1.0356746151865808e-06,0.999995829081677,0.00043288856913862445,0,0,0,,1.0,-0.004422547295689583,0.0,False,False,5,False
119.931621786,1959,119,931621786,map,21.75437355041504,-3.5820770263671875,-0.21215826272964478,-0.0005838393699377775,0.0,0.0,0.0,0.0031462947190165815,0.0001232953672717069,0.999995039910276,7.604366337596315e-05,0,0,0,,1.0,-0.004333287477493286,0.0,False,False,5,False
119.981621786,1960,119,981621786,map,21.920536041259766,-3.3230209350585938,-0.26299384236335754,-0.00025386811466887593,0.0,0.0,0.0,-0.0033146861422500263,-0.00023793223813661524,-0.9999943878404727,0.0004248900879375319,0,0,0,,1.0,-0.004495494067668915,0.0,False,False,5,False
120.031621787,1961,120,31621787,map,22.07697296142578,-3.1290054321289062,0.3960660696029663,6.580354238394648e-05,0.0,0.0,0.0,-0.0033798580490866804,-0.00011805604657744222,-0.9999940685266004,0.0006523296365720874,0,0,0,,1.0,0.00650114007294178,0.0,False,False,5,False
120.081621788,1962,120,81621788,map,22.226409912109375,-2.988739013671875,0.0958269014954567,0.00024662018404342234,0.0,0.0,0.0,-0.0033754105607342356,1.0091018713498428e-05,-0.9999941459752818,0.000560818049473157,0,0,0,,1.0,0.003402702510356903,0.0,False,False,5,False
120.131621789,1963,120,131621789,map,22.370494842529297,-2.881622314453125,0.24998176097869873,0.00026245112530887127,0.0,0.0,0.0,-0.0033311485723560535,0.00013079206432881695,-0.9999944167232238,0.00022992390968614064,0,0,0,,1.0,0.005457267165184021,0.0,False,False,5,False
120.181621789,1964,120,181621789,map,22.510311126708984,-2.7961349487304688,0.20149743556976318,0.00016651154146529734,0.0,0.0,0.0,0.0032684125698910606,-0.0002280524676459719,0.9999945957696325,0.0002718508318911799,0,0,0,,0.9907045364379883,0.004194192588329315,0.0,False,False,5,False
120.23162179,1965,120,231621790,map,22.64384651184082,-2.6702499389648438,0.34074845910072327,0.00016345977201126516,0.0,0.0,0.0,0.0031957485487792456,-0.00034004490217894886,0.9999944258157217,0.0009054822816851412,0,0,0,,0.9266968965530396,0.0052801743149757385,0.0,False,False,5,False
120.281621791,1966,120,281621791,map,22.764446258544922,-2.4097061157226562,0.840113639831543,0.0001279830903513357,0.0,0.0,0.0,0.0031018065454485053,-0.0006119691018094729,0.9999932287871098,0.001883260445040574,0,0,0,,0.8195804953575134,0.011986058205366135,0.0,False,False,5,False
120.331621792,1967,120,331621792,map,22.861478805541992,-1.9317626953125,1.6429709196090698,-9.593962749931961e-05,0.0,0.0,0.0,0.002958459815346663,-0.001186298814252037,0.9999882724265593,0.0036462610972804437,0,0,0,,0.6044234037399292,0.023761514574289322,0.0,False,False,5,False
120.331621792,1968,120,381621792,map,22.923892974853516,-1.2450408935546875,0.4313063621520996,0.0001771926908986643,0.0,0.0,0.0,0.0027334846795552975,-0.0014127891389432282,0.9999798937179945,0.005544749597963498,0,0,0,,0.4314042925834656,0.0039943307638168335,0.0,False,False,5,False
120.381621792,1969,120,431621793,map,22.943004608154297,-0.378570556640625,0.4275357723236084,0.0004713058297056705,0.0,0.0,0.0,0.0024009058938397228,-0.001376090147471419,0.9999717145238582,0.006993724258955124,0,0,0,,0.2798483073711395,-0.0002426430583000183,0.0,False,False,5,False
120.431621793,1970,120,481621794,map,22.918542861938477,0.4876708984375,-0.17949789762496948,0.0005422591930255294,0.0,0.0,0.0,0.0019635806907281972,-0.0010903869194147625,0.9999683871424296,0.007627589593377084,0,0,0,,0.17887979745864868,-0.0117554422467947,0.0,False,False,5,False
120.531621795,1971,120,531621795,map,22.859176635742188,1.1809539794921875,-0.8244690299034119,0.00046348563046194613,0.0,0.0,0.0,0.001457122418536613,-0.0005258625216165654,0.9999739940010748,0.007043549134058371,0,0,0,,0.1741868108510971,-0.02327861078083515,0.0,False,False,5,False
120.581621795,1972,120,581621795,map,22.77764892578125,1.6253662109375,-0.8780537843704224,3.1662057153880596e-05,0.0,0.0,0.0,0.0009388638635517648,8.161337599466466e-05,0.9999853389123874,0.005332338528282255,0,0,0,,0.19447705149650574,-0.023677710443735123,0.0,False,False,5,False
120.581621795,1973,120,631621796,map,22.680553436279297,1.938629150390625,-0.8033902645111084,-0.00025959016056731343,0.0,0.0,0.0,0.0004559690452025217,0.0005621214932376808,0.9999953754290909,0.0029538503834971425,0,0,0,,0.12985457479953766,-0.019012708216905594,0.0,False,False,5,False
120.681621797,1974,120,681621797,map,22.568185806274414,2.2461318969726562,-0.4375962018966675,-0.00028781889704987407,0.0,0.0,0.0,2.249201937786907e-05,0.0007927786050668936,0.9999995326739068,0.0005528545562709147,0,0,0,,0.06467708945274353,-0.008081786334514618,0.0,False,False,5,False
120.681621797,1975,120,731621798,map,22.441511154174805,2.5323104858398438,-1.1529284715652466,-0.00022029875253792852,0.0,0.0,0.0,0.00036319141725690114,-0.0011175179465806656,-0.9999976334921978,0.0018309166113228146,0,0,0,,0.037325505167245865,-0.013852865435183048,0.0,False,False,5,False
120.781621798,1976,120,781621798,map,22.299428939819336,2.8417587280273438,0.4527270197868347,-8.678434824105352e-05,0.0,0.0,0.0,0.0007086396529582994,-0.0009580687290605462,-0.999993661387286,0.0033551630963125447,0,0,0,,0.0,0.015014000236988068,0.02424466237425804,False,False,5,False
120.831621799,1977,120,831621799,map,22.1431827545166,3.124847412109375,-0.12405389547348022,-3.719331289175898e-05,0.0,0.0,0.0,0.0010251903824869864,-0.0007283763471479032,-0.9999919025254359,0.003822739349696815,0,0,0,,0.0,0.010736869648098946,0.04886230453848839,False,False,5,False
120.831621799,1978,120,881621800,map,21.976295471191406,3.33770751953125,-0.19598892331123352,-0.00012454984243959188,0.0,0.0,0.0,0.0013119598010616182,-0.00062037651224315,-0.9999923207476847,0.003640376371088666,0,0,0,,0.0,0.009424075484275818,0.07168304920196533,False,False,5,False
120.8816218,1979,120,931621801,map,21.802440643310547,3.4770965576171875,0.11271484941244125,-0.00010986328561557457,0.0,0.0,0.0,0.001563008977827259,-0.0004677866875987175,-0.9999944355383868,0.0029098231583743355,0,0,0,,0.0,0.012469891458749771,0.08614623546600342,False,False,5,False
120.981621801,1980,120,981621801,map,21.622140884399414,3.606109619140625,0.17459604144096375,-7.55310247768648e-05,0.0,0.0,0.0,0.0017773667414042798,-0.00027771238910393934,-0.9999968197650513,0.0017675698229010063,0,0,0,,0.0,0.011104527860879898,0.10887229442596436,False,False,5,False
121.031621802,1981,121,31621802,map,21.434566497802734,3.7528228759765625,0.817273736000061,-0.0001255035022040829,0.0,0.0,0.0,0.0019632440744557014,0.00010462681903952122,-0.999998060408941,0.00011791644837592595,0,0,0,,0.0,0.01844678446650505,0.13789910078048706,False,False,5,False
121.081621803,1982,121,81621803,map,21.2453670501709,3.7828445434570312,-0.6052308678627014,-8.487702871207148e-05,0.0,0.0,0.0,-0.0021188431729519783,-6.403089273401878e-05,0.9999970303069218,0.0012024063333422883,0,0,0,,0.0,-0.007244754582643509,0.13825207948684692,False,False,5,False
121.131621804,1983,121,131621804,map,21.104463577270508,2.8180313110351562,-0.041272565722465515,-7.381438626907766e-05,0.0,0.0,0.0,-0.002177822570472317,3.87090741688864e-05,0.9999958177824072,0.0019026319018012675,0,0,0,,0.0,-0.0036050453782081604,0.14941996335983276,False,False,5,False
121.181621804,1984,121,181621804,map,21.037607192993164,1.3373184204101562,0.13765189051628113,0.0003400802379474044,0.0,0.0,0.0,-0.0019078627332417852,1.150247672827012e-05,0.999995641855074,0.002253042019804516,0,0,0,,0.0,-0.0023906342685222626,0.18713776767253876,False,False,0,False
121.231621805,1985,121,231621805,map,20.9063777923584,2.6248931884765625,0.19865694642066956,5.989077180856839e-05,0.0,0.0,0.0,-0.0016116756391517753,-8.34792046765203e-05,0.9999958112959039,0.002402690888069577,0,0,0,,0.0,-0.0015192143619060516,0.218356654047966,False,False,0,False
121.281621806,1986,121,281621806,map,20.544565200805664,7.2354888916015625,-0.866085410118103,-0.00067138671875,0.0,0.0,0.0,-0.002036208718846762,0.0001611161490179709,0.9999961186400748,0.0018948879717735317,0,0,0,,0.0,-0.02007082849740982,0.23301230370998383,False,False,4,False
121.331621807,1987,121,331621807,map,20.208309173583984,6.726264953613281,1.0203436613082886,-0.0007717132102698088,0.0,0.0,0.0,-0.0027348733962575967,-5.99193978847209e-05,0.9999950440695331,0.001558433041542925,0,0,0,,0.0,0.012888435274362564,0.2415483444929123,False,False,4,False
121.331621807,1988,121,381621807,map,19.890085220336914,6.365203857421875,0.2562081813812256,-0.00045871740439906716,0.0,0.0,0.0,-0.0033449289783540515,-0.00030894958002473466,0.9999929740599639,0.0016636799557089416,0,0,0,,0.0,0.003991946578025818,0.26075422763824463,False,False,4,False
121.431621808,1989,121,431621808,map,19.584428787231445,6.1114501953125,-0.8250331282615662,0.00012550357496365905,0.0,0.0,0.0,-0.0037759222549815902,-6.779287628628825e-05,0.9999919292701263,0.0013708427558990694,0,0,0,,0.0,-0.014376174658536911,0.27363109588623047,False,False,4,False
121.431621808,1990,121,481621809,map,19.287843704223633,5.931549072265625,-0.2491772174835205,0.00031013484112918377,0.0,0.0,0.0,-0.004039574560383687,0.00017128582674946346,0.9999915804529627,0.0007010861021236856,0,0,0,,0.0,-0.006424564868211746,0.28800180554389954,False,False,4,False
121.481621809,1991,121,531621810,map,18.99996566772461,5.758399963378906,0.6804294586181641,0.00040721893310546875,0.0,0.0,0.0,-0.00417452287535942,-9.875650079429582e-06,0.999991189248515,0.0004412330165835701,0,0,0,,0.0,0.010777905583381653,0.2852472960948944,False,False,4,False
121.58162181,1992,121,581621810,map,18.71727180480957,5.655708312988281,0.5960081815719604,0.0004089355643372983,0.0,0.0,0.0,-0.004221583709900344,-0.00032613646415999737,0.9999906814997371,0.0008418905382604108,0,0,0,,0.0,0.012465015053749084,0.297483891248703,False,False,4,False
121.58162181,1993,121,631621811,map,18.439023971557617,5.562248229980469,-1.3149405717849731,0.0003110885445494205,0.0,0.0,0.0,-0.004216516015026443,3.236509888523237e-05,0.9999908315225396,0.0007462010824375577,0,0,0,,0.0,-0.019454680383205414,0.2988749146461487,False,False,4,False
121.631621811,1994,121,681621812,map,18.16946029663086,5.391654968261719,0.4325903058052063,9.193419828079641e-05,0.0,0.0,0.0,-0.004173628627049018,0.00011096114652129745,0.9999911581195994,0.0005021895358441282,0,0,0,,0.0,0.005625929683446884,0.27834269404411316,False,False,4,False
121.731621813,1995,121,731621813,map,17.904314041137695,5.303497314453125,0.28350722789764404,5.8937075664289296e-05,0.0,0.0,0.0,-0.0041068924075525065,-3.9275471478489055e-05,0.9999913753934946,0.0006172769370403732,0,0,0,,0.0,0.005799151957035065,0.2831403613090515,False,False,4,False
121.781621813,1996,121,781621813,map,17.64329719543457,5.220947265625,0.22829949855804443,-1.7166130419354886e-05,0.0,0.0,0.0,-0.004032118120574474,-0.00017529008272916904,0.9999913790793449,0.0009762498853610254,0,0,0,,0.0,0.005473148077726364,0.2797779440879822,False,False,4,False
121.781621813,1997,121,831621814,map,17.385257720947266,5.159454345703125,-0.6392549276351929,-0.000148773193359375,0.0,0.0,0.0,-0.003957429369877721,1.2167862789922281e-05,0.9999916433323642,0.0010256072167777986,0,0,0,,0.0,-0.009435631334781647,0.2822345197200775,False,False,4,False
121.831621814,1998,121,881621815,map,17.133270263671875,5.039634704589844,-0.14934900403022766,-2.841949026333168e-05,0.0,0.0,0.0,-0.0038822090291025318,0.00017042992029213798,0.9999921549388832,0.0007677677937881418,0,0,0,,0.0,-0.0037447772920131683,0.2653738558292389,False,False,4,False
121.931621816,1999,121,931621816,map,16.977497100830078,3.1171798706054688,0.8488141298294067,0.00012416837853379548,0.0,0.0,0.0,-0.0036555734336462535,-9.216298648236479e-05,0.9999928706844372,0.0009417373060031662,0,0,0,,0.0,0.012683331966400146,0.3029203414916992,False,False,4,False
121.931621816,2000,121,981621816,map,16.870695114135742,2.13775634765625,0.4337391257286072,0.0005466460715979338,0.0,0.0,0.0,-0.003119955333620792,-0.0003774089578119542,0.9999937694897254,0.0016076140471390644,0,0,0,,0.0,0.008626319468021393,0.3613475263118744,False,False,0,False
122.031621817,2001,122,31621817,map,16.601430892944336,5.3832244873046875,-0.5466445684432983,-4.5775959733873606e-06,0.0,0.0,0.0,-0.0027932957557406674,-0.0002325753507167801,0.9999941269084373,0.0019721957711333494,0,0,0,,0.0,-0.0077438317239284515,0.3976471424102783,False,False,0,False
122.081621818,2002,122,81621818,map,16.127819061279297,9.471817016601562,-0.16467921435832977,-0.0015001295832917094,0.0,0.0,0.0,-0.003440133071762437,-5.634848435549623e-05,0.9999921462248015,0.0019671802185728922,0,0,0,,0.0,-0.004563827067613602,0.4035487473011017,False,False,3,False
122.081621818,2003,122,131621818,map,15.68976879119873,8.760223388671875,-0.41004833579063416,-0.0016265868907794356,0.0,0.0,0.0,-0.004303939731427499,0.00013711557969715084,0.9999894064328709,0.0016261377987355666,0,0,0,,0.0,-0.009327679872512817,0.3836459815502167,False,False,3,False
122.181621819,2004,122,181621819,map,15.28219223022461,8.15176010131836,0.14374613761901855,-0.0006589888362213969,0.0,0.0,0.0,-0.0049972373089192034,0.00014181987650122268,0.9999867154709792,0.0012555428960638049,0,0,0,,0.0,0.0004328899085521698,0.3650834858417511,False,False,3,False
122.23162182,2005,122,231621820,map,14.899569511413574,7.6519775390625,-0.4324232339859009,0.00018291466403752565,0.0,0.0,0.0,-0.005432041403495154,0.0002340349990356657,0.9999849182234488,0.0007755510634418906,0,0,0,,0.0,-0.008130468428134918,0.3481990098953247,False,False,3,False
122.281621821,2006,122,281621821,map,14.538278579711914,7.225856781005859,-0.344033807516098,0.0008480071555823088,0.0,0.0,0.0,-0.005634894874735109,0.0003656026635708729,0.9999840513257378,0.00010671741808250086,0,0,0,,0.0,-0.007213771343231201,0.3285695016384125,False,False,3,False
122.331621821,2007,122,331621821,map,14.195672035217285,6.852149963378906,0.4529370367527008,0.0010393142001703382,0.0,0.0,0.0,0.005664306207361664,-0.0002065950303789569,-0.9999839099629702,0.0002297147208517308,0,0,0,,0.0,0.007348984479904175,0.30609527230262756,False,False,3,False
122.381621822,2008,122,381621822,map,13.86809253692627,6.551494598388672,-0.2801651358604431,0.0008586883777752519,0.0,0.0,0.0,0.005579332866252291,-0.00017237117459940603,-0.99998434050722,0.0004000915969435025,0,0,0,,0.0,-0.0026015974581241608,0.29224854707717896,False,False,3,False
122.381621822,2009,122,431621823,map,13.553050994873047,6.300983428955078,-0.2508612871170044,0.0005661010509356856,0.0,0.0,0.0,0.005429761090812887,-0.0002463264227433255,-0.9999850143399277,0.0006543037249916778,0,0,0,,0.0,-0.003336135298013687,0.2801128625869751,False,False,3,False
122.481621824,2010,122,481621824,map,13.251031875610352,6.040248870849609,0.20863890647888184,0.0002847671275958419,0.0,0.0,0.0,0.005245970708169879,-0.00017380377512233341,-0.9999859483631373,0.0007434109588879836,0,0,0,,0.0,0.004155740141868591,0.2561884820461273,False,False,3,False
122.531621824,2011,122,531621824,map,12.960197448730469,5.81695556640625,-0.3032572865486145,0.00010929106792900711,0.0,0.0,0.0,0.00504598235153116,-0.00020414410147025547,-0.9999868976829002,0.0008371677387883997,0,0,0,,0.0,-0.003563549369573593,0.23914502561092377,False,False,3,False
122.581621825,2012,122,581621825,map,12.678457260131836,5.634632110595703,0.6331712007522583,-5.7601864682510495e-05,0.0,0.0,0.0,0.004846372553230456,5.596170840454224e-06,-0.9999880731107142,0.0006052091200917949,0,0,0,,0.0,0.011404771357774734,0.22741128504276276,False,False,3,False
122.581621825,2013,122,631621826,map,12.466839790344238,4.232234954833984,-0.3042755722999573,-5.5503915064036846e-05,0.0,0.0,0.0,0.00459788003382861,1.727738190440889e-05,-0.9999893716007598,0.0003404206280268058,0,0,0,,0.0,-0.002197161316871643,0.21354232728481293,False,False,3,False
122.631621826,2014,122,681621827,map,12.397150039672852,1.3939094543457031,-0.1824529767036438,0.0008131027570925653,0.0,0.0,0.0,0.003864244112721181,-8.011880260432875e-05,-0.9999924819179645,0.0003119390387672955,0,0,0,,0.0,-0.0024840831756591797,0.1968614161014557,False,False,0,False
122.731621827,2015,122,731621827,map,12.33667278289795,1.2095260620117188,0.44732487201690674,0.0005931854248046875,0.0,0.0,0.0,0.0029939314277822988,4.402646850730943e-05,-0.9999955103273206,0.00011730932509299889,0,0,0,,0.0,0.006528161466121674,0.19725534319877625,False,False,0,False
122.731621827,2016,122,781621828,map,11.755611419677734,11.621131896972656,-0.18875399231910706,-0.0015464783646166325,0.0,0.0,0.0,-0.003335830492256739,-4.904876680820259e-05,0.9999944327463877,6.561536169304214e-05,0,0,0,,0.0,-0.002793680876493454,0.19667260348796844,False,False,2,False
122.831621829,2017,122,831621829,map,11.224579811096191,10.621089935302734,-0.4731990396976471,-0.0027021407149732113,0.0,0.0,0.0,0.004429104224542562,-0.0001391640953277337,-0.9999901743420224,0.00012201858204306966,0,0,0,,0.0,-0.010540127754211426,0.1672390252351761,False,False,2,False
122.831621829,2018,122,881621830,map,10.739836692810059,9.69461441040039,0.15176264941692352,-0.0019273757934570312,0.0,0.0,0.0,0.005459995485217855,-0.00015633163193279174,-0.9999850126117635,0.0003722385975448307,0,0,0,,0.0,0.0003548078238964081,0.12175127863883972,False,False,2,False
122.93162183,2019,122,931621830,map,10.295012474060059,8.896350860595703,0.11330537497997284,-0.00046367640607059,0.0,0.0,0.0,0.006168898993783812,-7.591627206840063e-05,-0.9999808580980487,0.0004715500124087572,0,0,0,,0.0,0.0014754123985767365,0.09863144159317017,False,False,2,False
122.981621831,2020,122,981621831,map,9.8870849609375,8.15887451171875,-0.20727796852588654,0.000713729823473841,0.0,0.0,0.0,0.006532686723550216,-0.00010276059970375349,-0.9999784667967949,0.0006159441228506503,0,0,0,,0.0,-0.004043396562337875,0.06010400131344795,False,False,2,False
123.031621832,2021,123,31621832,map,9.511177062988281,7.519397735595703,-0.39597034454345703,0.0015171051491051912,0.0,0.0,0.0,0.006613576809957052,-0.0002473492837546695,-0.9999775962119666,0.0010032418691425721,0,0,0,,0.0,-0.009076561778783798,0.03546459600329399,False,False,2,False
123.031621832,2022,123,81621833,map,9.163346290588379,6.958866119384766,-0.4052189588546753,0.00156230921857059,0.0,0.0,0.0,0.006492903358410719,-0.00041370287273858643,-0.9999774732006348,0.0016504990715347858,0,0,0,,0.003019142895936966,-0.011187467724084854,0.0,False,False,2,False
123.081621833,2023,123,131621833,map,8.841331481933594,6.441364288330078,-0.12851513922214508,0.0013000487815588713,0.0,0.0,0.0,0.006244879754381837,-0.0004602222626593522,-0.9999776532735544,0.0023415007660465134,0,0,0,,0.030502188950777054,-0.0070785172283649445,0.0,False,False,2,False
123.181621834,2024,123,181621834,map,8.532404899597168,6.1783599853515625,0.04604816436767578,0.0008588791242800653,0.0,0.0,0.0,0.00592984817208929,-0.0003845410256266667,-0.9999782283584113,0.002869117987881751,0,0,0,,0.07097315788269043,-0.002935003489255905,0.0,False,False,2,False
123.231621835,2025,123,231621835,map,8.266748428344727,5.313243865966797,0.003308504819869995,0.00039348597056232393,0.0,0.0,0.0,0.005564568015222697,-0.0002941536775549317,-0.9999792506991154,0.0032322171420980836,0,0,0,,0.09000462293624878,-0.002314101904630661,0.0,False,False,2,False
123.281621836,2026,123,281621836,map,7.982069492340088,5.69122314453125,0.3720755875110626,0.00014228819054551423,0.0,0.0,0.0,0.005197736084456266,-9.912410337944451e-05,-0.9999810809323796,0.0032880832285784767,0,0,0,,0.11699628829956055,0.005291741341352463,0.0,False,False,2,False
123.331621836,2027,123,331621836,map,7.775721073150635,4.126529693603516,0.09263254702091217,-0.00012931821402162313,0.0,0.0,0.0,0.0047976266583890795,2.3924524921720887e-05,-0.9999835142246876,0.003154914405776693,0,0,0,,0.15550509095191956,0.0029234178364276886,0.0,False,False,2,False
123.381621837,2028,123,381621837,map,7.520761013031006,5.097875595092773,0.32418039441108704,-0.00018634804291650653,0.0,0.0,0.0,0.0044269926532764054,0.00015612564152288734,-0.9999861480294491,0.0028427293323586874,0,0,0,,0.17992307245731354,0.007253330200910568,0.0,False,False,2,False
123.381621837,2029,123,431621838,map,7.362874984741211,3.1582164764404297,-0.12872323393821716,-0.00031986230169422925,0.0,0.0,0.0,0.004026066653418923,0.00013478235479082986,-0.9999885401183014,0.0025869389415926055,0,0,0,,0.20699523389339447,0.0004620850086212158,0.0,False,False,2,False
123.431621838,2030,123,481621839,map,7.1390557289123535,4.477405548095703,-0.19694995880126953,-0.00019435887224972248,0.0,0.0,0.0,0.003672746594385862,1.3926052853028239e-05,-0.9999899810067463,0.002559028066615436,0,0,0,,0.2405751794576645,-0.0031651966273784637,0.0,False,False,2,False
123.481621839,2031,123,531621839,map,7.024448871612549,2.2927379608154297,-0.09209290146827698,-0.0002983092563226819,0.0,0.0,0.0,0.0032878732907131577,-7.242260502420811e-05,-0.9999909873639397,0.002685113607199427,0,0,0,,0.26336008310317993,-0.0029378123581409454,0.0,False,False,2,False
123.531621839,2032,123,581621840,map,6.83383321762085,3.812236785888672,0.024120286107063293,-0.00015525816706940532,0.0,0.0,0.0,0.002955563792622065,-8.665213989774388e-05,-0.9999918121844382,0.0027627338195465073,0,0,0,,0.3062250018119812,-0.001373346894979477,0.0,False,False,2,False
123.631621841,2033,123,631621841,map,6.764420986175537,1.3863849639892578,0.3675961494445801,-0.00018024446035269648,0.0,0.0,0.0,0.0025711369936231685,5.562300627588441e-05,-0.9999928224127619,0.002782316229269677,0,0,0,,0.3347742259502411,0.006594568490982056,0.0,False,False,2,False
123.681621842,2034,123,681621842,map,6.600406169891357,3.281583786010742,-0.25900089740753174,-0.00011577605619095266,0.0,0.0,0.0,0.002262086334075104,1.3489041276430256e-05,-0.9999941928791325,0.002548919668243119,0,0,0,,0.3286333978176117,-0.0036282502114772797,0.0,False,False,2,False
123.731621842,2035,123,731621842,map,6.5523600578308105,0.9624290466308594,-0.222676619887352,-0.00022640230599790812,0.0,0.0,0.0,0.0019430501037758707,-0.00010109100235683227,-0.9999940012869996,0.002865611090061709,0,0,0,,0.40704765915870667,-0.005839359015226364,0.0,False,False,2,False
123.781621843,2036,123,781621843,map,6.407057762145996,2.9049015045166016,0.17512403428554535,-6.427764310501516e-05,0.0,0.0,0.0,0.0017046747170410255,-7.72666838514218e-05,-0.9999946852278965,0.0027780622615387837,0,0,0,,0.4103081524372101,0.000828135758638382,0.0,False,False,2,False
123.831621844,2037,123,831621844,map,6.382579803466797,0.489044189453125,0.085439532995224,-0.0001091003287001513,0.0,0.0,0.0,0.0014388915829796028,-1.0164393695373075e-05,-0.9999946481092754,0.0029382376527457023,0,0,0,,0.4059008061885834,0.0012465007603168488,0.0,False,False,2,False
123.881621845,2038,123,881621845,map,6.251993656158447,2.6111793518066406,0.108707956969738,-6.103516352595761e-05,0.0,0.0,0.0,0.0012542029428301705,4.592177311780285e-05,-0.9999957275186472,0.0026400398899231996,0,0,0,,0.43667182326316833,0.0021785683929920197,0.0,False,False,2,False
123.931621845,2039,123,931621845,map,6.245889186859131,0.12366294860839844,-0.26052382588386536,-0.00011940002150367945,0.0,0.0,0.0,0.0010355388726446437,-2.8986029338982077e-05,-0.9999953677030782,0.002862060697927183,0,0,0,,0.4476534128189087,-0.00518445298075676,0.0,False,False,2,False
123.931621845,2040,123,981621846,map,6.128589153289795,2.345561981201172,0.07176242768764496,1.354217511106981e-05,0.0,0.0,0.0,0.0008917580777177187,-4.7219348935570924e-05,-0.9999958665604045,0.002733020301637874,0,0,0,,0.4445222318172455,-0.0007736049592494965,0.0,False,False,2,False
124.031621847,2041,124,31621847,map,6.137682914733887,-0.18189430236816406,0.0025213509798049927,-5.722045534639619e-05,0.0,0.0,0.0,0.0007071936721689396,-3.3909062339555315e-05,-0.9999953371429832,0.002970592462294559,0,0,0,,0.4755631685256958,-0.0010059066116809845,0.0,False,False,2,False
124.081621848,2042,124,81621848,map,6.0315775871276855,2.1199893951416016,0.4441639184951782,-4.4441225327318534e-05,0.0,0.0,0.0,0.0005946007746191624,0.0001234899833904771,-0.9999965615096408,0.0025511113338714457,0,0,0,,0.456400603055954,0.008899327367544174,0.0,False,False,2,False
124.131621848,2043,124,131621848,map,6.05096960067749,-0.3883838653564453,0.3113844692707062,5.4168704082258046e-05,0.0,0.0,0.0,0.00044060639244671745,0.0002854263685565254,-0.9999972858917665,0.002269935438614141,0,0,0,,0.43441537022590637,0.01028323546051979,0.0,False,False,2,False
124.181621849,2044,124,181621849,map,5.949265480041504,2.0340824127197266,0.012017819099128246,5.722040441469289e-07,0.0,0.0,0.0,0.00036759062710042947,0.0002972557853418761,-0.999998646315657,0.0015760339407260473,0,0,0,,0.4661228358745575,0.004932474344968796,0.0,False,False,2,False
124.23162185,2045,124,231621850,map,5.977477073669434,-0.5642318725585938,0.07638785243034363,2.9563900170614943e-05,0.0,0.0,0.0,0.0002471163092813237,0.000268514019772113,-0.9999990226756119,0.0013496227516670313,0,0,0,,0.500525712966919,0.005194410681724548,0.0,False,False,2,False
124.281621851,2046,124,281621851,map,5.885792255401611,1.8340301513671875,0.2512519359588623,-6.752014451194555e-05,0.0,0.0,0.0,0.00019018493372438742,0.0003002601180801206,-0.9999997316863202,0.0006405472973905196,0,0,0,,0.5032297968864441,0.008859533816576004,0.0,False,False,2,False
124.331621851,2047,124,331621851,map,5.927797317504883,-0.8404254913330078,-0.35544317960739136,2.555847095209174e-05,0.0,0.0,0.0,6.88750031589585e-05,0.0001507749472427822,-0.9999998175706432,0.0005808457881722975,0,0,0,,0.5496762990951538,-0.0035524852573871613,0.0,False,False,2,False
124.381621852,2048,124,381621852,map,5.850067615509033,1.5546989440917969,0.24200433492660522,4.005432856502011e-06,0.0,0.0,0.0,1.0553323258466943e-06,0.00013422344955360852,-0.9999999824422101,0.000130761351978373,0,0,0,,0.54257732629776,0.0054799653589725494,0.0,False,False,2,False
124.381621852,2049,124,431621853,map,5.905038356781006,-1.0995006561279297,-0.0769200250506401,-8.010861165530514e-06,0.0,0.0,0.0,-0.00013251380700964318,0.00010065076261606704,-0.9999999782057489,0.00012608733698294392,0,0,0,,0.5044435858726501,0.000573236495256424,0.0,False,False,2,False
124.481621854,2050,124,481621854,map,5.833835124969482,1.4240360260009766,-0.0393851101398468,1.1062620615120977e-05,0.0,0.0,0.0,0.0001933465195893001,-5.223845541348116e-05,0.9999999580057726,0.00020946770686640156,0,0,0,,0.5344833731651306,-6.332620978355408e-05,0.0,False,False,2,False
124.531621854,2051,124,531621854,map,5.895768642425537,-1.2385845184326172,-0.2052583545446396,-8.010865713004023e-06,0.0,0.0,0.0,-0.0003094065307543529,-4.370201621936095e-05,-0.9999999508274227,2.65119707531762e-05,0,0,0,,0.5442427396774292,-0.004500310868024826,0.0,False,False,2,False
124.531621854,2052,124,581621855,map,5.831390857696533,1.2874984741210938,0.2379700392484665,1.449584942747606e-05,0.0,0.0,0.0,0.000354348448702701,-4.875884929386399e-06,0.9999999103032776,0.00023196301294205066,0,0,0,,0.5217198133468628,0.0035904906690120697,0.0,False,False,2,False
124.631621856,2053,124,631621856,map,5.898732662200928,-1.3468647003173828,-0.03051154315471649,5.531310307560489e-06,0.0,0.0,0.0,0.0004534092603655311,-2.721808697250709e-05,0.9999998897841554,0.00011878928868863743,0,0,0,,0.5573223829269409,0.000110577791929245,0.0,False,False,2,False
124.681621856,2054,124,681621856,map,5.840270042419434,1.1692523956298828,-0.007292930968105793,-2.956390380859375e-05,0.0,0.0,0.0,0.00048404048593321373,-2.255992184637745e-05,0.9999998060677914,0.00039122913667452244,0,0,0,,0.54398512840271,-0.000113707035779953,0.0,False,False,2,False
124.731621857,2055,124,731621857,map,5.91270112991333,-1.4485836029052734,0.05766243115067482,4.158019874012098e-05,0.0,0.0,0.0,0.0005721951665700652,-3.5040315820873925e-05,0.999999799966287,0.0002672681310228063,0,0,0,,0.5340116620063782,0.0011344961822032928,0.0,False,False,2,False
124.731621857,2056,124,781621858,map,5.854706287384033,1.1603641510009766,0.23902300000190735,-6.6757183958543465e-06,0.0,0.0,0.0,0.000583744955911775,-0.00011971241519484653,0.9999995843400742,0.0006900945173767284,0,0,0,,0.49211928248405457,0.00572606548666954,0.0,False,False,2,False
124.831621859,2057,124,831621859,map,5.924010753631592,-1.3862419128417969,-0.05397595465183258,4.749298022943549e-05,0.0,0.0,0.0,0.0006404879002429994,-0.00011922428221509691,0.9999995438362527,0.0006984898759313837,0,0,0,,0.5327922701835632,0.0010079704225063324,0.0,False,False,2,False
124.881621859,2058,124,881621859,map,5.864401340484619,1.192779541015625,0.18027949333190918,-6.141662743175402e-05,0.0,0.0,0.0,0.0006225711432813085,-0.00015358907425963757,0.9999991189388477,0.001162298195910728,0,0,0,,0.508980929851532,0.0050812773406505585,0.0,False,False,2,False
124.93162186,2059,124,931621860,map,5.931175708770752,-1.334686279296875,0.17111800611019135,-8.583069757150952e-06,0.0,0.0,0.0,0.0006572297920375841,-0.0002059236197588956,0.9999989063278563,0.0013088115045284442,0,0,0,,0.48492956161499023,0.006158452481031418,0.0,False,False,2,False
124.93162186,2060,124,981621861,map,5.867043972015381,1.2823963165283203,-0.04751477390527725,4.4631960918195546e-05,0.0,0.0,0.0,0.0006157469428000563,-0.00017982006750595978,0.9999981347006082,0.0018218440521964876,0,0,0,,0.5099213123321533,0.0020937882363796234,0.0,False,False,2,False
125.031621862,2061,125,31621862,map,5.931091785430908,-1.2806987762451172,0.051770322024822235,5.149840944795869e-06,0.0,0.0,0.0,0.0006331991404190295,-0.00014952421864011884,0.9999980343582028,0.001872960514079984,0,0,0,,0.5072465538978577,0.002860408276319504,0.0,False,False,2,False
125.031621862,2062,125,81621862,map,5.864241123199463,1.3367748260498047,-0.04926621913909912,-2.3651120500289835e-05,0.0,0.0,0.0,0.0005835936439710789,-0.00010359112083863962,0.9999972448601474,0.002271334289078498,0,0,0,,0.46231809258461,0.000667620450258255,0.0,False,False,2,False
125.081621862,2063,125,131621863,map,5.923642635345459,-1.1887454986572266,-0.15844956040382385,2.86102294921875e-05,0.0,0.0,0.0,0.000590717763532554,-1.1899565797116386e-05,0.9999975976597194,0.002110825837025093,0,0,0,,0.5159522294998169,-0.0029591433703899384,0.0,False,False,2,False
125.181621864,2064,125,181621864,map,5.8550333976745605,1.3721942901611328,0.00010591000318527222,3.2424918572360184e-06,0.0,0.0,0.0,0.0005366191131295678,2.45565298104042e-05,0.9999971891798489,0.0023093439124367786,0,0,0,,0.4947740435600281,-0.0009149350225925446,0.0,False,False,2,False
125.181621864,2065,125,231621865,map,5.913033485412598,-1.1593055725097656,0.1591707020998001,3.9482114516431466e-05,0.0,0.0,0.0,0.0005477732157655272,-2.4897754850557148e-05,0.9999974677776879,0.002182604594993425,0,0,0,,0.46872377395629883,0.0028026513755321503,0.0,False,False,2,False
125.231621865,2066,125,281621865,map,5.8377299308776855,1.5071773529052734,0.18367764353752136,1.8692015146370977e-05,0.0,0.0,0.0,0.0004878694030486822,-0.00011259546523144465,0.9999964596880134,0.002613411017461019,0,0,0,,0.42007339000701904,0.005148734897375107,0.0,False,False,2,False
125.331621866,2067,125,331621866,map,5.886269569396973,-0.9707832336425781,0.00410422682762146,-9.346005754196085e-06,0.0,0.0,0.0,0.00047786990825431373,-0.0001285624415121853,0.9999963852336322,0.0026428453830347636,0,0,0,,0.4683394730091095,0.002170298248529434,0.0,False,False,2,False
125.381621867,2068,125,381621867,map,5.804145812988281,1.6432857513427734,0.10738268494606018,2.8419492082321085e-05,0.0,0.0,0.0,0.0004003842335662063,-0.00014745429122385852,0.9999950659955913,0.003112223348427115,0,0,0,,0.43947190046310425,0.00406893715262413,0.0,False,False,2,False
125.431621868,2069,125,431621868,map,5.846637725830078,-0.8503341674804688,-0.06484746932983398,-1.1444080882938579e-06,0.0,0.0,0.0,0.0003825614309393901,-0.00010984374046032927,0.9999951130254012,0.0031008880049304987,0,0,0,,0.4084227979183197,0.0004166550934314728,0.0,False,False,2,False
125.431621868,2070,125,481621868,map,5.756626129150391,1.7987060546875,-0.2560916543006897,2.6512143449508585e-05,0.0,0.0,0.0,0.00029639206024872287,1.0908706001818426e-05,0.9999944606381873,0.003315226340323965,0,0,0,,0.4596315324306488,-0.00509088858962059,0.0,False,False,2,False
125.531621869,2071,125,531621869,map,5.796532154083252,-0.7976531982421875,0.0888233631849289,-5.722040441469289e-06,0.0,0.0,0.0,0.0002804792314988196,3.177021206003039e-05,0.9999952351880924,0.0030740727327174485,0,0,0,,0.4553748071193695,3.850087523460388e-05,0.0,False,False,2,False
125.531621869,2072,125,581621870,map,5.70374059677124,1.8562793731689453,0.06827898323535919,-2.1743777324445546e-05,0.0,0.0,0.0,0.00020698976922354858,-5.484569552131338e-06,0.9999944087555264,0.0033376013603065983,0,0,0,,0.3853367865085602,0.0011720545589923859,0.0,False,False,2,False
125.631621871,2073,125,631621871,map,5.7378082275390625,-0.6815338134765625,-0.026471316814422607,1.2779232747561764e-05,0.0,0.0,0.0,0.00019475658251747819,-1.0205009200177141e-05,0.9999949532785913,0.0031710224028282195,0,0,0,,0.4508908689022064,-0.0006228499114513397,0.0,False,False,2,False
125.681621871,2074,125,681621871,map,5.64088249206543,1.939382553100586,0.12123905122280121,-5.302428689901717e-05,0.0,0.0,0.0,0.00012331830682050227,-5.236356159120194e-05,0.9999938662671175,0.0034999255413544037,0,0,0,,0.42738837003707886,0.002679441124200821,0.0,False,False,2,False
125.731621872,2075,125,731621872,map,5.6728997230529785,-0.6413650512695312,-0.15123382210731506,-1.907349087559851e-06,0.0,0.0,0.0,0.00012018562682617289,-1.1318231965985085e-05,0.9999944761092205,0.003321622850064002,0,0,0,,0.39177197217941284,-0.002899620682001114,0.0,False,False,2,False
125.781621873,2076,125,781621873,map,5.567276477813721,2.111234664916992,-0.2576202154159546,8.58306884765625e-05,0.0,0.0,0.0,4.6232698475568644e-05,9.921097932502294e-05,0.999994229669736,0.003395386126865943,0,0,0,,0.34652450680732727,-0.007151175290346146,0.0,False,False,2,False
125.781621873,2077,125,831621874,map,5.590134143829346,-0.4578590393066406,-0.2880599796772003,-0.00011596679541980848,0.0,0.0,0.0,2.6451482311706102e-05,0.00022834526044196988,0.9999960142186137,0.0028140194823549278,0,0,0,,0.411348432302475,-0.010603148490190506,0.0,False,False,2,False
125.881621874,2078,125,881621874,map,5.4786858558654785,2.2292232513427734,0.14223316311836243,1.5068053471622989e-05,0.0,0.0,0.0,-5.807282315537753e-05,0.0001884318719227078,0.9999961909103209,0.00275305027671842,0,0,0,,0.3838418126106262,-0.002088058739900589,0.0,False,False,2,False
125.881621874,2079,125,931621875,map,5.498027324676514,-0.3839302062988281,0.5713028311729431,1.1253356205997989e-05,0.0,0.0,0.0,-7.474971873191785e-05,-6.904315772319465e-05,0.9999964418841444,0.002665682759236451,0,0,0,,0.364236444234848,0.011050757020711899,0.0,False,False,2,False
125.981621876,2080,125,981621876,map,5.381861209869385,2.320375442504883,-0.5944011211395264,1.659393274167087e-05,0.0,0.0,0.0,-0.0001533349636676502,3.083670126299689e-05,0.9999959151670811,0.0028539773367784846,0,0,0,,0.42423388361930847,-0.011226881295442581,0.0,False,False,2,False
125.981621876,2081,126,31621877,map,5.404307842254639,-0.44709205627441406,0.42884376645088196,-3.814696901827119e-05,0.0,0.0,0.0,-0.00015115417416923976,-4.327263883754829e-05,0.9999964272471725,0.002668477615611051,0,0,0,,0.4469466507434845,0.0064247362315654755,0.0,False,False,2,False
126.081621877,2082,126,81621877,map,5.291357517242432,2.2606277465820312,0.21283045411109924,2.002716064453125e-05,0.0,0.0,0.0,-0.00019836883696436642,-0.00016954500169590752,0.999994893503314,0.0031851015043142038,0,0,0,,0.3734672963619232,0.006855282932519913,0.0,False,False,2,False
126.081621877,2083,126,131621878,map,5.312264919281006,-0.4167366027832031,0.15616349875926971,-5.722045443690149e-06,0.0,0.0,0.0,-0.00017741151058007612,-0.00024015861088024632,0.9999943799838029,0.0033392888175221955,0,0,0,,0.3468010723590851,0.0069334618747234344,0.0,False,False,2,False
126.181621879,2084,126,181621879,map,5.19333553314209,2.377910614013672,-0.08187025785446167,-1.201629675051663e-05,0.0,0.0,0.0,-0.0002290083461115654,-0.00019990983320165325,0.9999923336582587,0.003903871917173533,0,0,0,,0.43365439772605896,0.0019416026771068573,0.0,False,False,2,False
126.181621879,2085,126,231621880,map,5.2165632247924805,-0.4671764373779297,-0.3416183292865753,-8.201598575396929e-06,0.0,0.0,0.0,-0.00020543852146074493,-2.666721701796906e-05,0.9999930721081126,0.0037165601908907817,0,0,0,,0.42515066266059875,-0.006842825561761856,0.0,False,False,2,False
126.23162188,2086,126,281621880,map,5.099679946899414,2.337656021118164,-0.009300895035266876,2.746581958490424e-05,0.0,0.0,0.0,-0.00024185980359560534,5.031842390927302e-05,0.9999923460035451,0.0039047286996616508,0,0,0,,0.36869722604751587,-0.002335924655199051,0.0,False,False,2,False
126.331621881,2087,126,331621881,map,5.12012243270874,-0.4104423522949219,-0.3859694302082062,-4.177093069301918e-05,0.0,0.0,0.0,-0.00021428816579172776,0.00019058652453374404,0.9999941894102243,0.0033968961048350113,0,0,0,,0.3201400935649872,-0.011851336807012558,0.0,False,False,2,False
126.381621882,2088,126,381621882,map,4.995753765106201,2.4871253967285156,-0.17548531293869019,1.1062620615120977e-05,0.0,0.0,0.0,-0.00026833615361474065,0.00027844864786571836,0.9999947084963395,0.0032300838039010086,0,0,0,,0.39843228459358215,-0.010341692715883255,0.0,False,False,2,False
126.431621883,2089,126,431621883,map,5.112788200378418,-2.340688705444336,-0.09861220419406891,0.009066390804946423,0.0,0.0,0.0,-7.058793716367591e-05,0.0002953926997717993,0.9999961130749198,0.002771569149132121,0,0,0,,0.3927249610424042,-0.009173896163702011,0.0,False,False,2,False
126.431621883,2090,126,481621883,map,5.010878562927246,2.038278579711914,-0.09034514427185059,0.0062961578369140625,0.0,0.0,0.0,7.61675054778273e-06,0.00027911894844439563,0.9999973076574664,0.002303630269040107,0,0,0,,0.3553028702735901,-0.008915755897760391,0.0,False,False,0,False
126.531621884,2091,126,531621884,map,4.9444451332092285,1.3286399841308594,0.027175480499863625,0.004470824263989925,0.0,0.0,0.0,6.68712382944112e-05,0.00022020703448689466,0.9999982237170878,0.0018707217239890372,0,0,0,,0.3632112443447113,-0.006374027580022812,0.0,False,False,0,False
126.581621885,2092,126,581621885,map,4.571081638336182,7.468900680541992,-0.4457550048828125,-0.06529083847999573,0.0,0.0,0.0,-0.0007234594979917039,0.00029499229632984727,0.9999988656843422,0.0012877173326608477,0,0,0,,0.49850502610206604,-0.017876874655485153,0.0,False,False,1,False
126.631621886,2093,126,631621886,map,4.311609268188477,5.197601318359375,-0.7484427094459534,0.027129175141453743,0.0,0.0,0.0,-0.0016332048556364444,0.0005336356337075776,0.9999984891961106,0.0002635913622081992,0,0,0,,0.5937937498092651,-0.03066176548600197,0.0,False,False,1,False
126.681621886,2094,126,681621886,map,4.1506829261779785,3.239917755126953,-0.9735815525054932,0.015705490484833717,0.0,0.0,0.0,0.0021636896087879817,-0.000876767009314483,-0.9999963805410269,0.0013373973732123921,0,0,0,,0.6276051998138428,-0.0446944423019886,0.0,False,False,1,False
126.731621887,2095,126,731621887,map,4.061942100524902,1.7625999450683594,0.5191166400909424,0.008466338738799095,0.0,0.0,0.0,0.0022322474613976303,-0.0007311804599760245,-0.9999938826657672,0.0025917325190088474,0,0,0,,0.5793616771697998,-0.0179889015853405,0.0,False,False,1,False
126.781621888,2096,126,781621888,map,4.003244400024414,1.1635303497314453,0.5845458507537842,0.003619384951889515,0.0,0.0,0.0,0.001984882978681236,-0.0003319951286569617,-0.9999929464914171,0.003171275170886841,0,0,0,,0.39131125807762146,-0.004478398710489273,0.0,False,False,1,False
126.831621889,2097,126,831621889,map,3.9366841316223145,1.3391685485839844,-0.44147998094558716,0.0005456921644508839,0.0,0.0,0.0,0.0016513210142126572,-0.0002551747779101166,-0.999991285408477,0.0038258504730996593,0,0,0,,0.27953022718429565,-0.019817356020212173,0.0,False,False,1,False
126.831621889,2098,126,881621889,map,3.8668100833892822,1.4057254791259766,-0.3438001871109009,-0.001116752391681075,0.0,0.0,0.0,0.0013614136042774435,-0.0003328885102854016,-0.9999877779526872,0.004741274457879685,0,0,0,,0.4419418275356293,-0.024318110197782516,0.0,False,False,1,False
126.93162189,2099,126,931621890,map,3.815702438354492,1.040182113647461,-0.5979630351066589,-0.0018596649169921875,0.0,0.0,0.0,0.001097694151120871,-0.0005170590209136661,-0.9999813497405182,0.005985640203900459,0,0,0,,0.4800206124782562,-0.03434794023633003,0.0,False,False,1,False
126.93162189,2100,126,981621891,map,3.7745606899261475,0.780029296875,2.485504150390625,-0.0018329621525481343,0.0,0.0,0.0,0.0008396162890272904,0.00024456086710947683,-0.9999827789339902,0.005803194803174935,0,0,0,,0.44347047805786133,0.03959331288933754,0.0,False,False,1,False
127.031621892,2101,127,31621892,map,3.7326085567474365,0.8496332168579102,-1.188248872756958,-0.001609611208550632,0.0,0.0,0.0,0.0006232605997379716,0.0002549896368760996,-0.999983247105434,0.005749089926467281,0,0,0,,0.34458979964256287,-0.01503758504986763,0.0,False,False,1,False
127.031621892,2102,127,81621892,map,3.685462713241577,0.9872198104858398,-1.585531234741211,-0.0013284683227539062,0.0,0.0,0.0,0.00048146751252512994,-0.00038039321376189894,-0.9999755141493908,0.006970982118685288,0,0,0,,0.4267267882823944,-0.049627210944890976,0.0,False,False,1,False
127.131621893,2103,127,131621893,map,3.654188871383667,0.7223844528198242,-1.8635294437408447,-0.001244926592335105,0.0,0.0,0.0,0.0003762311344621428,-0.0012231778305389468,-0.9999541161391107,0.009493571644970665,0,0,0,,0.6846346855163574,-0.08106708526611328,0.0,False,False,1,False
127.181621894,2104,127,181621894,map,3.6665613651275635,-0.3690910339355469,2.6044769287109375,-0.0003175735764671117,0.0,0.0,0.0,0.0001735954874467091,-0.0006174955041806504,-0.9999431316686862,0.010645280293626106,0,0,0,,0.708234429359436,0.017670925706624985,0.0,False,False,1,False
127.181621894,2105,127,231621894,map,3.7083306312561035,-0.6366777420043945,-3.718413829803467,-0.0005485534202307463,0.0,0.0,0.0,-0.00010405048184665587,-0.0010562494536858092,-0.9999213452301052,0.012497074209812234,0,0,0,,0.7915232181549072,-0.14932401478290558,0.0,False,False,1,False
127.281621895,2106,127,281621895,map,3.7649409770965576,-0.4081916809082031,-6.119020462036133,-0.0023433684837073088,0.0,0.0,0.0,-0.00033445721477475915,-0.0032535577380892237,-0.999820819174493,0.01864489328643435,0,0,0,,1.0,-0.326842337846756,0.0,False,False,1,False
127.281621895,2107,127,331621896,map,3.8549323081970215,-0.38240909576416016,-7.029036521911621,-0.005337142385542393,0.0,0.0,0.0,-0.0004627348169702703,-0.0061102273189406146,-0.9995433974527947,0.029587963889468445,0,0,0,,1.0,-0.3608163297176361,0.0,False,False,1,False
127.381621897,2108,127,381621897,map,4.0391950607299805,-3.7271547317504883,-0.28508782386779785,0.0009010313078761101,0.0,0.0,0.0,-0.0008531617947109082,-0.006720101756184997,-0.9991332026534938,0.04107256630295898,0,0,0,,1.0,-0.1907203495502472,0.0,False,False,1,False
127.431621897,2109,127,431621897,map,4.2277750968933105,-2.8598976135253906,-3.927251100540161,0.003294372232630849,0.0,0.0,0.0,-0.0013622328864139905,-0.006587196361755068,-0.9986276982261204,0.05193720729164764,0,0,0,,1.0,-0.28016504645347595,0.0,False,False,1,False
127.481621898,2110,127,481621898,map,4.402608394622803,-1.686563491821289,-6.208698749542236,-0.0015867231413722038,0.0,0.0,0.0,-0.0016066884472368953,-0.007593428483621128,-0.9978138270684914,0.06563021337027802,0,0,0,,1.0,-0.3635336458683014,0.0,False,False,1,False
127.531621899,2111,127,531621899,map,4.628115177154541,-4.805488586425781,0.1061105728149414,0.0034706112928688526,0.0,0.0,0.0,-0.0019823819115797397,-0.00715759124650163,-0.9968380633236588,0.07911203801345183,0,0,0,,1.0,-0.1741415411233902,0.0,False,False,1,False
127.5816219,2112,127,581621900,map,4.848262310028076,-3.220367431640625,-4.124166965484619,0.0031450269743800163,0.0,0.0,0.0,-0.0023811400567585175,-0.006457123950736654,-0.995805918402844,0.09123162059386662,0,0,0,,1.0,-0.28607651591300964,0.0,False,False,1,False
127.5816219,2113,127,631621900,map,5.032591819763184,-0.9613895416259766,-7.441151142120361,-0.004109000787138939,0.0,0.0,0.0,-0.0023102677413659304,-0.007696519631455304,-0.9942625984556481,0.1066644812519555,0,0,0,,1.0,-0.39189407229423523,0.0,False,False,1,False
127.681621901,2114,127,681621901,map,5.134212017059326,-2.3691463470458984,0.3469991683959961,0.07920169085264206,0.0,0.0,0.0,-0.0022922127404686886,-0.007610493157730207,-0.9924473348687344,0.12241369885186341,0,0,0,,1.0,-0.1514543741941452,0.0,False,False,1,False
127.681621901,2115,127,731621902,map,5.267271041870117,-1.6995525360107422,-2.745981216430664,-0.037535667419433594,0.0,0.0,0.0,-0.0020544877949789002,-0.006176976716231318,-0.9908214024370653,0.13502063735294198,0,0,0,,1.0,-0.3353988528251648,0.0,False,False,0,False
127.731621902,2116,127,781621903,map,5.159750461578369,3.847665786743164,-3.080453872680664,-0.014986037276685238,0.0,0.0,0.0,-0.001198722463688545,-0.006290810304023248,-0.9888138428899221,0.14901735764480012,0,0,0,,1.0,-0.3048417270183563,0.0,False,False,0,False
127.831621903,2117,127,831621903,map,5.647613048553467,-4.791622161865234,-11.539115905761719,-0.027118680998682976,0.0,0.0,0.0,-0.0009722981207113813,-0.008776159250282483,-0.9859043345643521,0.1670768588177315,0,0,0,,1.0,-0.44707271456718445,0.0,False,False,2,False
127.831621903,2118,127,881621904,map,6.026545524597168,-5.050106048583984,-6.264157295227051,-0.016271399334073067,0.0,0.0,0.0,-0.0014105789356734242,-0.010427719672818112,-0.9821249438284261,0.1879358072308264,0,0,0,,1.0,-0.284917950630188,0.0,False,False,2,False
127.931621905,2119,127,931621905,map,6.450948238372803,-3.463716506958008,-10.111660957336426,-0.003729439340531826,0.0,0.0,0.0,-0.0018037711447533634,-0.011781503191585064,-0.9776780116595707,0.2097704652938362,0,0,0,,0.8573472499847412,-0.49323537945747375,0.0,False,False,2,False
127.981621906,2120,127,981621906,map,6.642411708831787,3.437166213989258,-10.77624797821045,-0.009814642369747162,0.0,0.0,0.0,-0.0010329130494621903,-0.014535034614972023,-0.9716481892239156,0.23598191082635916,0,0,0,,0.9259745478630066,-0.5,0.0,False,False,2,False
127.981621906,2121,128,31621906,map,6.93977689743042,2.0203304290771484,-11.16887092590332,-0.008170317858457565,0.0,0.0,0.0,0.00026271860772419334,-0.017190721552962647,-0.9637905369918617,0.2661056385655145,0,0,0,,0.9518179893493652,-0.5,0.0,False,False,2,False
128.031621906,2122,128,81621907,map,7.123437404632568,4.550600051879883,-9.524688720703125,9.651295840740204e-05,0.0,0.0,0.0,0.0017274610884602075,-0.01901701196750547,-0.9542393320752832,0.29843368820314675,0,0,0,,0.7904360294342041,-0.5,0.0,False,False,2,False
128.131621908,2123,128,131621908,map,7.369733810424805,4.175710678100586,-9.972925186157227,0.006075093988329172,0.0,0.0,0.0,0.003198197813347781,-0.020192053717061797,-0.9430898110006571,0.3319091153978431,0,0,0,,0.841353714466095,-0.5,0.0,False,False,2,False
128.181621909,2124,128,181621909,map,7.507107734680176,6.681861877441406,-8.316354751586914,0.0074998848140239716,0.0,0.0,0.0,0.004748411436638054,-0.0209206941111485,-0.9303729448654688,0.36598628472811834,0,0,0,,0.722191572189331,-0.5,0.0,False,False,2,False
128.181621909,2125,128,231621909,map,7.686807632446289,6.801791191101074,-8.564491271972656,0.006756212096661329,0.0,0.0,0.0,0.00629765863508237,-0.021364050951211182,-0.9161474811797767,0.40022207529148257,0,0,0,,0.7994368076324463,-0.5,0.0,False,False,2,False
128.28162191,2126,128,281621910,map,7.78040885925293,8.751072883605957,-6.856870651245117,0.0048347460106015205,0.0,0.0,0.0,0.007885531899962722,-0.021602870888007258,-0.9004098992818256,0.43443428459473993,0,0,0,,0.6904073357582092,-0.5,0.0,False,False,2,False
128.331621911,2127,128,331621911,map,7.901850700378418,9.050350189208984,-6.759519577026367,0.003098107408732176,0.0,0.0,0.0,0.009442734976302264,-0.02168381110124294,-0.883232080196075,0.4683393423627861,0,0,0,,0.6945762634277344,-0.5,0.0,False,False,2,False
128.381621912,2128,128,381621912,map,7.947501182556152,10.471782684326172,-4.836187362670898,0.0020238873548805714,0.0,0.0,0.0,0.010999391547022492,-0.021598646232428055,-0.8646269229450513,0.5018294491010806,0,0,0,,0.5783883333206177,-0.5,0.0,False,False,2,False
128.431621912,2129,128,431621912,map,7.998685359954834,10.774032592773438,-4.175596237182617,0.0017436977941542864,0.0,0.0,0.0,0.012504676387961754,-0.021336781776414578,-0.8447187121244594,0.534638824065979,0,0,0,,0.49014386534690857,-0.5,0.0,False,False,2,False
128.481621913,2130,128,481621913,map,7.973060131072998,11.62763786315918,-1.9320011138916016,0.0018716813065111637,0.0,0.0,0.0,0.013974968512077078,-0.020856736028730546,-0.8235780509135413,0.5666470602330579,0,0,0,,0.42257729172706604,-0.5,0.0,False,False,2,False
128.481621913,2131,128,531621914,map,7.9469170570373535,11.671820640563965,-1.0517024993896484,0.002276801969856024,0.0,0.0,0.0,0.015356841629057668,-0.02018606208980898,-0.801373149696809,0.5976267775606294,0,0,0,,0.4039646089076996,-0.5,0.0,False,False,2,False
128.581621915,2132,128,581621915,map,7.864495754241943,11.93212890625,0.9311771392822266,0.0021184920333325863,0.0,0.0,0.0,0.0166443097177875,-0.01935329209307838,-0.7781549956123417,0.6275533601557199,0,0,0,,0.44544103741645813,-0.5,0.0,False,False,2,False
128.631621915,2133,128,631621915,map,7.803224086761475,11.724833488464355,1.398162841796875,0.001719474676065147,0.0,0.0,0.0,0.01778652188061301,-0.018444132206710068,-0.7540587253064719,0.6563070107927467,0,0,0,,0.4645231366157532,-0.5,0.0,False,False,2,False
128.681621916,2134,128,681621916,map,7.701544284820557,11.536859512329102,3.0843448638916016,0.001404189970344305,0.0,0.0,0.0,0.01877995223303907,-0.017474372037985707,-0.7290826180215166,0.6839448046552397,0,0,0,,0.4403691589832306,-0.5,0.0,False,False,2,False
128.731621917,2135,128,731621917,map,7.6814351081848145,8.673381805419922,1.7796039581298828,0.010109901428222656,0.0,0.0,0.0,0.018882982122148118,-0.016022950973494078,-0.7044424267783593,0.7093289542820674,0,0,0,,0.5109049677848816,-0.4182800352573395,0.0,False,False,2,False
128.781621918,2136,128,781621918,map,7.664905071258545,2.8366827964782715,0.8982658386230469,0.02658653073012829,0.0,0.0,0.0,0.017096286804719685,-0.013506111963720365,-0.6825785216731487,0.7304874151329459,0,0,0,,0.5116380453109741,-0.22903908789157867,0.0,False,False,2,False
128.831621918,2137,128,831621918,map,7.678697109222412,-3.296935558319092,-0.9282970428466797,0.03743286058306694,0.0,0.0,0.0,0.012810184937155928,-0.009558591815375904,-0.667606964284876,0.7443423095073363,0,0,0,,0.3052050471305847,-0.030625060200691223,0.0,False,False,2,False
128.881621919,2138,128,881621919,map,7.562629222869873,-6.859288215637207,1.2361717224121094,0.013841250911355019,0.0,0.0,0.0,0.007297980469540182,-0.00482471816791516,-0.660971031161029,0.7503604184267667,0,0,0,,0.12705011665821075,0.09832488000392914,0.0,False,False,2,False
128.93162192,2139,128,931621920,map,7.462301731109619,-6.8686604499816895,1.2100601196289062,-0.022199634462594986,0.0,0.0,0.0,0.002441494341847335,-0.0005911227016257275,-0.6616292203317233,0.7498269563589763,0,0,0,,0.08355413377285004,0.15564167499542236,0.0,False,False,2,False
128.981621921,2140,128,981621921,map,7.2718400955200195,-5.410050392150879,3.3988094329833984,-0.034891318529844284,0.0,0.0,0.0,-0.0007054073789880855,0.0023914465066098203,-0.6663951378103802,0.7455945974098257,0,0,0,,0.06748068332672119,0.15985514223575592,0.0,False,False,2,False
128.981621921,2141,129,31621921,map,7.162964344024658,-3.3273255825042725,2.0163345336914062,-0.02574462816119194,0.0,0.0,0.0,-0.0021746736917076875,0.0039468046991353355,-0.6730330871972051,0.7395986459322383,0,0,0,,0.07858164608478546,0.13937252759933472,0.0,False,False,2,False
129.081621922,2142,129,81621922,map,6.960382461547852,-2.548901081085205,3.9783382415771484,-0.012073325924575329,0.0,0.0,0.0,-0.0025224986714507593,0.004591064653278193,-0.6796793891421451,0.7334906182775363,0,0,0,,0.09138579666614532,0.12055325508117676,0.0,False,False,2,False
129.131621923,2143,129,131621923,map,6.846783638000488,-1.1402430534362793,2.253141403198242,-0.0028131487779319286,0.0,0.0,0.0,-0.002192788039043431,0.00452533245184437,-0.6857959439917684,0.727776501579472,0,0,0,,0.11004535853862762,0.08988821506500244,0.0,False,False,2,False
129.131621923,2144,129,181621924,map,6.6399688720703125,-0.14248549938201904,4.134845733642578,0.0016956334002315998,0.0,0.0,0.0,-0.001388605234129365,0.004005639282810366,-0.6903532568867516,0.7234600246974912,0,0,0,,0.14350566267967224,0.054206717759370804,0.0,False,False,2,False
129.231621924,2145,129,231621924,map,6.534987449645996,0.18630623817443848,2.102203369140625,0.0022983551025390625,0.0,0.0,0.0,-0.0005586307859988832,0.003311036697192268,-0.6937439872599918,0.7202138606748991,0,0,0,,0.19142882525920868,0.03323754295706749,0.0,False,False,2,False
129.231621924,2146,129,281621925,map,6.335588455200195,0.6526380777359009,3.999300003051758,0.0017356870230287313,0.0,0.0,0.0,0.0002664948748872056,0.0025980410529368512,-0.695593878781042,0.718430466340003,0,0,0,,0.2505761384963989,0.00873449444770813,0.0,False,False,2,False
129.281621925,2147,129,331621926,map,6.255193710327148,0.45521020889282227,1.6179275512695312,0.0009222030639648438,0.0,0.0,0.0,0.0008257275707815177,0.001983131521427146,-0.6967179576043179,0.717341949780588,0,0,0,,0.29942452907562256,0.0013307444751262665,0.0,False,False,2,False
129.381621927,2148,129,381621927,map,6.075902462005615,0.15999019145965576,3.5907554626464844,0.000621414219494909,0.0,0.0,0.0,0.00113648360069832,0.0016050496501446502,-0.6970299679930229,0.7170392987419109,0,0,0,,0.3457625210285187,-0.0003899671137332916,0.0,False,False,2,False
129.381621927,2149,129,431621927,map,6.02512788772583,0.00011980533599853516,1.0158157348632812,0.00042133324313908815,0.0,0.0,0.0,0.0011812570889919937,0.001347623633840898,-0.6973841673733611,0.7166952711154128,0,0,0,,0.3654906451702118,0.0017842315137386322,0.0,False,False,2,False
129.481621928,2150,129,481621928,map,5.865983963012695,-0.03585547208786011,3.183002471923828,0.0005447387229651213,0.0,0.0,0.0,0.0011549521189447728,0.001198903991032613,-0.6973445858923716,0.7167340910277814,0,0,0,,0.39840763807296753,0.0010107941925525665,0.0,False,False,2,False
129.531621929,2151,129,531621929,map,5.841021537780762,-0.13338595628738403,0.4960346221923828,0.00029201508732512593,0.0,0.0,0.0,0.001005991662490337,0.0010637583254711309,-0.697603052467126,0.7164829639199721,0,0,0,,0.42619386315345764,0.0043453313410282135,0.0,False,False,2,False
129.531621929,2152,129,581621930,map,5.70065450668335,-0.020295381546020508,2.8077125549316406,0.00032005307730287313,0.0,0.0,0.0,0.0009062502725568447,0.0009527267391257938,-0.6975311704603147,0.7165532340715989,0,0,0,,0.429034560918808,0.0013938918709754944,0.0,False,False,2,False
129.58162193,2153,129,631621930,map,5.698012351989746,-0.0680282711982727,0.05116462707519531,0.00016231538029387593,0.0,0.0,0.0,0.0007509820919286555,0.000809503171014048,-0.6977667874581374,0.7163241522180193,0,0,0,,0.4805319011211395,0.003278251737356186,0.0,False,False,2,False
129.681621931,2154,129,681621931,map,5.576406478881836,-0.12524396181106567,2.429790496826172,9.613037400413305e-05,0.0,0.0,0.0,0.00062724579105961,0.0007207571825773143,-0.6977070229116259,0.7163825774344301,0,0,0,,0.4933992922306061,0.0037736818194389343,0.0,False,False,2,False
129.681621931,2155,129,731621932,map,5.59594202041626,-0.5357074737548828,-0.402374267578125,6.103515261202119e-05,0.0,0.0,0.0,0.0003455082827588851,0.0007002550103654705,-0.6981813165255311,0.7159205539175582,0,0,0,,0.5069052577018738,0.01586354896426201,0.0,False,False,2,False
129.781621932,2156,129,781621932,map,5.49141788482666,-0.4196828603744507,2.0834827423095703,-4.673003786592744e-05,0.0,0.0,0.0,0.00012013122878809794,0.0007208570090058429,-0.6985379324648668,0.715572653782528,0,0,0,,0.5155852437019348,0.01687273383140564,0.0,False,False,2,False
129.831621933,2157,129,831621933,map,5.529587268829346,-0.21514207124710083,-0.7666301727294922,4.7683738557680044e-06,0.0,0.0,0.0,-7.204541850822994e-05,0.0006274728614179567,-0.6992925199259545,0.7148353465399389,0,0,0,,0.5257348418235779,0.015513371676206589,0.0,False,False,2,False
129.881621934,2158,129,881621934,map,5.439507007598877,-0.2922840416431427,1.7981147766113281,-1.4686585927847773e-05,0.0,0.0,0.0,-0.00018088400277246092,0.0005582334816673509,-0.6997597439983541,0.7143780206135373,0,0,0,,0.5149560570716858,0.016370143741369247,0.0,False,False,2,False
129.881621934,2159,129,931621935,map,5.49197244644165,-0.07163800299167633,-1.0501480102539062,1.2207030522404239e-05,0.0,0.0,0.0,-0.0002777292318561908,0.000400997031429492,-0.7005160365333176,0.7136364933406265,0,0,0,,0.5566170811653137,0.012960802763700485,0.0,False,False,2,False
129.981621935,2160,129,981621935,map,5.416393280029297,-0.04220247268676758,1.51123046875,-1.201629675051663e-05,0.0,0.0,0.0,-0.0002882491355836531,0.00026141278000403406,-0.7008598743394963,0.7132988750282869,0,0,0,,0.570303201675415,0.009965058416128159,0.0,False,False,2,False
129.981621935,2161,130,31621936,map,5.487002849578857,0.03394126892089844,-1.4119148254394531,-3.5476681659929454e-05,0.0,0.0,0.0,-0.00033864516360613834,6.708201029340176e-05,-0.7014240809128691,0.7127440911961275,0,0,0,,0.6126084923744202,0.007718868553638458,0.0,False,False,2,False
130.081621937,2162,130,81621937,map,5.42985200881958,-0.042411983013153076,1.1426448822021484,-3.604888843256049e-05,0.0,0.0,0.0,-0.00036439216753891585,-6.338516453123724e-05,-0.7016021066686113,0.712568836758131,0,0,0,,0.5941872596740723,0.0071832239627838135,0.0,False,False,2,False
130.131621938,2163,130,131621938,map,5.51636266708374,-0.10899297893047333,-1.7313289642333984,1.182556115963962e-05,0.0,0.0,0.0,-0.00048023748460830146,-0.00019613655355612015,-0.7020922318716941,0.7120858296917826,0,0,0,,0.5776262283325195,0.008995547890663147,0.0,False,False,2,False
130.181621938,2164,130,181621938,map,5.469327926635742,-0.0934205949306488,0.9399318695068359,-9.93728608591482e-05,0.0,0.0,0.0,-0.0005450912577795648,-0.0002658813165483632,-0.7022711129712651,0.7119093454006253,0,0,0,,0.5897234082221985,0.008226927369832993,0.0,False,False,2,False
130.231621939,2165,130,231621939,map,5.564329624176025,-0.27746230363845825,-1.9019794464111328,7.343292236328125e-05,0.0,0.0,0.0,-0.0007006571715345222,-0.0003215127788071358,-0.7028377039970904,0.7113498207978682,0,0,0,,0.5946118235588074,0.01311393454670906,0.0,False,False,2,False
130.231621939,2166,130,281621940,map,5.524503707885742,-0.2521126866340637,0.7954120635986328,-3.7002566386945546e-05,0.0,0.0,0.0,-0.0007993894796114655,-0.00031556066285473626,-0.7031820339628205,0.7110093448822166,0,0,0,,0.5708296298980713,0.013737466186285019,0.0,False,False,2,False
130.331621941,2167,130,331621941,map,5.62352180480957,-0.08427070081233978,-1.9806098937988281,2.1743777324445546e-05,0.0,0.0,0.0,-0.0008872425025836465,-0.00039110245410541115,-0.7038301446526115,0.7103676423640762,0,0,0,,0.5962632894515991,0.011181633919477463,0.0,False,False,2,False
130.381621941,2168,130,381621941,map,5.588407516479492,-0.06694743037223816,0.7021427154541016,-3.089904930675402e-05,0.0,0.0,0.0,-0.0008840346947025595,-0.0004421725118478495,-0.7041277784951421,0.7100725980613704,0,0,0,,0.5829353332519531,0.00942639634013176,0.0,False,False,2,False
130.381621941,2169,130,431621942,map,5.689556121826172,-0.20849186182022095,-2.023172378540039,4.901886131847277e-05,0.0,0.0,0.0,-0.0009551287229107832,-0.0004955917479244892,-0.7047398939034367,0.709464956188052,0,0,0,,0.573994517326355,0.012231767177581787,0.0,False,False,2,False
130.481621943,2170,130,481621943,map,5.655737400054932,-0.018723012879490852,0.6763744354248047,-4.2724612285383046e-05,0.0,0.0,0.0,-0.0009336925755117072,-0.0005259654821610682,-0.7050178928611083,0.709188707132431,0,0,0,,0.582676887512207,0.00829329714179039,0.0,False,False,2,False
130.481621943,2171,130,531621944,map,5.7574334144592285,0.46406692266464233,-2.0330429077148438,7.667541649425402e-05,0.0,0.0,0.0,-0.0008245447864753222,-0.0007256163193601269,-0.7053292334574172,0.7088790207343031,0,0,0,,0.598832368850708,-0.0039586760103702545,0.0,False,False,2,False
130.581621944,2172,130,581621944,map,5.727311611175537,0.1437094509601593,0.6030941009521484,-7.762908353470266e-05,0.0,0.0,0.0,-0.000706606622873318,-0.000834610749418719,-0.7051635285533802,0.7090438647433059,0,0,0,,0.5872257947921753,-0.0023743286728858948,0.0,False,False,2,False
130.581621944,2173,130,631621945,map,5.830745220184326,-0.4492659866809845,-2.0701217651367188,5.9509275160962716e-05,0.0,0.0,0.0,-0.000835069345495129,-0.0007865220314667539,-0.7054456397984283,0.7087631009947317,0,0,0,,0.5968894958496094,0.010376688092947006,0.0,False,False,2,False
130.681621946,2174,130,681621946,map,5.801204681396484,-0.15518900752067566,0.5907249450683594,-5.397796485340223e-05,0.0,0.0,0.0,-0.0009076949732268872,-0.0006938455453307983,-0.7055748334869125,0.7086344960683965,0,0,0,,0.5588805675506592,0.00817359983921051,0.0,False,False,2,False
130.731621947,2175,130,731621947,map,5.90050745010376,0.2885705828666687,-1.9857311248779297,5.3787229262525216e-05,0.0,0.0,0.0,-0.0008769518128568235,-0.0007804339854776757,-0.7058629083706919,0.7083474969707881,0,0,0,,0.5608757734298706,-0.001364048570394516,0.0,False,False,2,False
130.781621947,2176,130,781621947,map,5.867733001708984,-0.003478601574897766,0.6554794311523438,3.204345557605848e-05,0.0,0.0,0.0,-0.0008070899630133029,-0.0007972927122202302,-0.7057793150539027,0.7084308515106936,0,0,0,,0.5785574913024902,0.0013269297778606415,0.0,False,False,2,False
130.831621948,2177,130,831621948,map,5.9638519287109375,-0.4450845718383789,-1.9225692749023438,5.340575626178179e-06,0.0,0.0,0.0,-0.0009221168163509773,-0.0007138018224777023,-0.7061461714625848,0.7080651274538727,0,0,0,,0.5598656535148621,0.01148761436343193,0.0,False,False,2,False
130.881621949,2178,130,881621949,map,5.927052974700928,0.20847219228744507,0.7358646392822266,-1.659393274167087e-05,0.0,0.0,0.0,-0.000867387119188642,-0.0006969024564382281,-0.7061968642168851,0.708014654464715,0,0,0,,0.5195819139480591,0.0006921589374542236,0.0,False,False,2,False
130.93162195,2179,130,931621950,map,6.01563835144043,0.014226196333765984,-1.771707534790039,4.787445141118951e-05,0.0,0.0,0.0,-0.0008318480225071136,-0.0007357677020517256,-0.7064446848380488,0.7077673868855684,0,0,0,,0.5777239203453064,0.0019020475447177887,0.0,False,False,2,False
130.93162195,2180,130,981621950,map,5.977953910827637,0.06107132136821747,0.7537269592285156,3.433226538618328e-06,0.0,0.0,0.0,-0.0007554361124838468,-0.0007295094582795906,-0.7063597243521543,0.7078522705659557,0,0,0,,0.5774821043014526,0.0004181601107120514,0.0,False,False,2,False
131.031621951,2181,131,31621951,map,6.067544460296631,-0.11910790205001831,-1.7918586730957031,1.239776611328125e-05,0.0,0.0,0.0,-0.0007799385804738248,-0.0007230605675012732,-0.7065780417206415,0.7076343263560988,0,0,0,,0.5599834322929382,0.003735356032848358,0.0,False,False,2,False
131.081621952,2182,131,81621952,map,6.029751777648926,0.07920778542757034,0.7558727264404297,-3.623963493737392e-06,0.0,0.0,0.0,-0.0007329158710182028,-0.0007044007799122408,-0.7064968320357817,0.7077154745922063,0,0,0,,0.5636258721351624,0.0003362111747264862,0.0,False,False,2,False
131.081621952,2183,131,131621953,map,6.117502689361572,0.0034728553146123886,-1.7550182342529297,-1.5258774510584772e-06,0.0,0.0,0.0,-0.0007354438325859525,-0.0007288260659147922,-0.7066644838415106,0.7075480444548952,0,0,0,,0.5655139684677124,0.0009653829038143158,0.0,False,False,2,False
131.181621953,2184,131,181621953,map,6.077892780303955,-0.0667371153831482,0.7921791076660156,-1.0871885933738668e-05,0.0,0.0,0.0,-0.0007156836887996797,-0.0006862269446833353,-0.7065766177762801,0.7076358527528622,0,0,0,,0.5263558626174927,0.0024120695888996124,0.0,False,False,2,False
131.231621954,2185,131,231621954,map,6.158628940582275,-0.1895201951265335,-1.6145896911621094,3.6239612200006377e-06,0.0,0.0,0.0,-0.0007732928263570599,-0.0006408670500203818,-0.7068445450983862,0.7073682070691927,0,0,0,,0.5200150012969971,0.005701091140508652,0.0,False,False,2,False
131.281621955,2186,131,281621955,map,6.111494064331055,-0.05710167810320854,0.9427928924560547,3.7384030292741954e-05,0.0,0.0,0.0,-0.0007520950242289941,-0.0005706164925550126,-0.7068752168745897,0.7073376396872958,0,0,0,,0.5256246328353882,0.00420544296503067,0.0,False,False,2,False
131.281621955,2187,131,331621956,map,6.185343265533447,-0.08402738720178604,-1.4767932891845703,2.1934505639364943e-05,0.0,0.0,0.0,-0.0007585785445751961,-0.000550898690515287,-0.7071919146023085,0.7070210159467296,0,0,0,,0.5213407874107361,0.0046396441757678986,0.0,False,False,2,False
131.381621956,2188,131,381621956,map,6.134315490722656,0.0037485361099243164,1.0205459594726562,-3.700255911098793e-05,0.0,0.0,0.0,-0.000693906221808493,-0.000513320904939415,-0.7072123721737414,0.7070006475528812,0,0,0,,0.5364312529563904,0.0028929859399795532,0.0,False,False,2,False
131.431621957,2189,131,431621957,map,6.205699443817139,0.045293308794498444,-1.4277839660644531,1.9073513612966053e-06,0.0,0.0,0.0,-0.0006582003833918255,-0.0005404826349457459,-0.7074524693352947,0.7067604108056498,0,0,0,,0.537507951259613,0.0013017542660236359,0.0,False,False,2,False
131.431621957,2190,131,481621958,map,6.153439998626709,0.05753917619585991,1.045074462890625,-3.280639793956652e-05,0.0,0.0,0.0,-0.0005783963446256048,-0.0005339270298575185,-0.7073632517147191,0.7068497793047503,0,0,0,,0.515489935874939,0.0002790205180644989,0.0,False,False,2,False
131.531621959,2191,131,531621959,map,6.22015380859375,-0.13319262862205505,-1.3339805603027344,-1.296997106692288e-05,0.0,0.0,0.0,-0.0005939012544214504,-0.0005174604088816952,-0.7075763726044944,0.7066364386641064,0,0,0,,0.49486762285232544,0.0037603043019771576,0.0,False,False,2,False
131.581621959,2192,131,581621959,map,6.16118860244751,-0.025183148682117462,1.1793899536132812,6.008148193359375e-05,0.0,0.0,0.0,-0.0005573872303014865,-0.00045921909803825375,-0.7075388212252169,0.7066741079850923,0,0,0,,0.49823370575904846,0.002626236528158188,0.0,False,False,2,False
131.581621959,2193,131,631621960,map,6.2207207679748535,0.15029264986515045,-1.1910152435302734,-1.0681155799829867e-05,0.0,0.0,0.0,-0.0005079146535526808,-0.0004923858510706967,-0.7077003489523539,0.7065123605936381,0,0,0,,0.48187363147735596,-0.0014949627220630646,0.0,False,False,2,False
131.681621961,2194,131,681621961,map,6.153563022613525,0.07727284729480743,1.3430404663085938,-8.964534572442062e-06,0.0,0.0,0.0,-0.0004112380985986567,-0.00047666562941495064,-0.7075186722496666,0.7066943696472845,0,0,0,,0.4466632902622223,-0.001462731510400772,0.0,False,False,2,False
131.681621961,2195,131,731621962,map,6.2039337158203125,0.08615221828222275,-1.0074806213378906,2.8610202207346447e-06,0.0,0.0,0.0,-0.00036299094994350325,-0.00048558954182674984,-0.7075679739443422,0.7066450273572058,0,0,0,,0.4926290810108185,-0.0022351182997226715,0.0,False,False,2,False
131.781621962,2196,131,781621962,map,6.132163047790527,0.04487331211566925,1.435394287109375,2.2888179955771193e-05,0.0,0.0,0.0,-0.00029172214554758566,-0.00043754714200843544,-0.7073227500123481,0.7068905507684041,0,0,0,,0.49043047428131104,-0.0017334483563899994,0.0,False,False,2,False
131.831621963,2197,131,831621963,map,6.181978702545166,0.05786841735243797,-0.9963035583496094,-2.1553038095589727e-05,0.0,0.0,0.0,-0.0002767088835393551,-0.0004323378602864494,-0.7073450612409247,0.7068682344356981,0,0,0,,0.4944474995136261,-0.0020885206758975983,0.0,False,False,2,False
131.831621963,2198,131,881621964,map,6.110533714294434,0.036766234785318375,1.4289188385009766,-1.8119810192729346e-05,0.0,0.0,0.0,-0.00023359117390706928,-0.00038731195313964294,-0.7070874197564374,0.7071259974338364,0,0,0,,0.514046847820282,-0.0017347745597362518,0.0,False,False,2,False
131.931621965,2199,131,931621965,map,6.163536548614502,-0.4352147877216339,-1.0595703125,3.013610876223538e-05,0.0,0.0,0.0,-0.0003615882460246873,-0.0002781779929381825,-0.7073006631435045,0.7069126988445628,0,0,0,,0.5201607942581177,0.008849713951349258,0.0,False,False,2,False
131.981621965,2200,131,981621965,map,6.093839645385742,0.17036142945289612,1.3935661315917969,-2.8038026357535273e-05,0.0,0.0,0.0,-0.00034390863629797305,-0.0002451162209056602,-0.7072458889588729,0.7069675199014888,0,0,0,,0.47037217020988464,-0.00038274750113487244,0.0,False,False,2,False
131.981621965,2201,132,31621966,map,6.146607398986816,0.08108557760715485,-1.055450439453125,6.866457624710165e-06,0.0,0.0,0.0,-0.0003236511433095033,-0.0003030643059828322,-0.707387530587594,0.7068257812015274,0,0,0,,0.5305066704750061,-0.0008859299123287201,0.0,False,False,2,False
132.031621966,2202,132,81621967,map,6.078620433807373,0.011293366551399231,1.3597297668457031,1.0871885933738668e-05,0.0,0.0,0.0,-0.0002850957804184129,-0.00030378300158605156,-0.7072230372606713,0.7069903832472371,0,0,0,,0.5063915848731995,-5.5704265832901e-05,0.0,False,False,2,False
132.131621968,2203,132,131621968,map,6.134037494659424,-0.037106677889823914,-1.1083126068115234,8.583069757150952e-06,0.0,0.0,0.0,-0.00031769087497920907,-0.0003247138496580723,-0.7073541548150785,0.7068591750124417,0,0,0,,0.5022711157798767,0.0010533295571804047,0.0,False,False,2,False
132.131621968,2204,132,181621968,map,6.063775062561035,-0.15871283411979675,1.4055252075195312,-3.261566234868951e-05,0.0,0.0,0.0,-0.00034163656636889013,-0.00026315167915905895,-0.7072777476064741,0.7069356418913696,0,0,0,,0.4534238278865814,0.004296015948057175,0.0,False,False,2,False
132.231621969,2205,132,231621969,map,6.114358901977539,-0.04446201026439667,-1.0115623474121094,1.945495569088962e-05,0.0,0.0,0.0,-0.0003817388984455697,-0.0002551942763784964,-0.7075220805160313,0.7066910886190383,0,0,0,,0.4943561255931854,0.003088872879743576,0.0,False,False,2,False
132.28162197,2206,132,281621970,map,6.040379524230957,-0.018729418516159058,1.479644775390625,1.9073486328125e-05,0.0,0.0,0.0,-0.00035120996213322715,-0.00022360553861466414,-0.7074808735326055,0.7067323681830818,0,0,0,,0.4699946641921997,0.002545814961194992,0.0,False,False,2,False
132.33162197,2207,132,331621970,map,6.087491989135742,-0.06148297339677811,-0.9420585632324219,-6.29425048828125e-05,0.0,0.0,0.0,-0.00036325470242746377,-0.00022752472756364223,-0.7077294594239886,0.7064834241098289,0,0,0,,0.450718492269516,0.0032366104423999786,0.0,False,False,2,False
132.381621971,2208,132,381621971,map,6.008554935455322,-0.011669136583805084,1.5787887573242188,1.7356871467200108e-05,0.0,0.0,0.0,-0.00031790057768120596,-0.000192816434684972,-0.7076883582718406,0.7065246275449655,0,0,0,,0.48232269287109375,0.002487834542989731,0.0,False,False,2,False
132.431621972,2209,132,431621972,map,6.054207801818848,-0.2061695158481598,-0.9121608734130859,3.776550147449598e-05,0.0,0.0,0.0,-0.00035971974918560227,-0.00016020603820995926,-0.7079957979854656,0.7062165354695762,0,0,0,,0.4803338348865509,0.0065488629043102264,0.0,False,False,2,False
132.431621972,2210,132,481621973,map,5.973213195800781,-0.11823020875453949,1.6205978393554688,-4.482269287109375e-05,0.0,0.0,0.0,-0.00035441737166397,-9.054562335309422e-05,-0.7080734818330469,0.7061386623848339,0,0,0,,0.4294043779373169,0.006342988461256027,0.0,False,False,2,False
132.531621973,2211,132,531621973,map,6.014556884765625,0.48965752124786377,-0.8289432525634766,7.286071922862902e-05,0.0,0.0,0.0,-0.00022864273106249975,-0.00022265680533458816,-0.7082232233585841,0.7059885013525545,0,0,0,,0.4747243821620941,-0.007339145988225937,0.0,False,False,2,False
132.581621974,2212,132,581621974,map,5.93125057220459,0.031172875314950943,1.6660594940185547,-8.525847806595266e-05,0.0,0.0,0.0,-0.00011923019332068887,-0.000255283603077897,-0.707964971945662,0.7062474914025684,0,0,0,,0.46838346123695374,-0.0020620860159397125,0.0,False,False,2,False
132.631621975,2213,132,631621975,map,5.97185754776001,0.31686070561408997,-0.8123302459716797,-1.3351439065445447e-06,0.0,0.0,0.0,-4.466100162084052e-05,-0.0003441770819351637,-0.7078812314694618,0.7063313964994118,0,0,0,,0.4262707531452179,-0.008266661316156387,0.0,False,False,2,False
132.681621976,2214,132,681621976,map,5.884016513824463,0.10304446518421173,1.7569446563720703,-2.365112231927924e-05,0.0,0.0,0.0,3.0059739474572916e-05,-0.0003406064010182141,-0.7074447830191722,0.7067685349975958,0,0,0,,0.45960935950279236,-0.00573311373591423,0.0,False,False,2,False
132.681621976,2215,132,731621976,map,5.9231719970703125,-0.4316655397415161,-0.7830142974853516,2.365112231927924e-05,0.0,0.0,0.0,-0.00010247888765725284,-0.00022077106566171945,-0.7075124937893754,0.7067007937523159,0,0,0,,0.46349164843559265,0.006699223071336746,0.0,False,False,2,False
132.731621976,2216,132,781621977,map,5.832405090332031,-0.27810636162757874,1.816244125366211,1.3542176020564511e-05,0.0,0.0,0.0,-0.00020383011696279254,-4.550545258239816e-05,-0.7075064100727515,0.7067068954584387,0,0,0,,0.39154326915740967,0.00839584693312645,0.0,False,False,2,False
132.781621977,2217,132,831621978,map,5.863715648651123,-0.4061374366283417,-0.6237125396728516,1.468658410885837e-05,0.0,0.0,0.0,-0.00033673992879375427,8.953813027173316e-05,-0.7079978794776852,0.7062144725536603,0,0,0,,0.3872579038143158,0.01349036768078804,0.0,False,False,2,False
132.881621979,2218,132,881621979,map,5.763561248779297,0.24209462106227875,2.0014572143554688,-4.711151268566027e-05,0.0,0.0,0.0,-0.00024217120734132286,0.00010188983538120059,-0.708111513787666,0.7061005700414836,0,0,0,,0.4291633367538452,0.0014005117118358612,0.0,False,False,2,False
132.931621979,2219,132,931621979,map,5.792125701904297,-0.186319500207901,-0.5700492858886719,5.9318539570085704e-05,0.0,0.0,0.0,-0.00021969009324608542,9.428804487121741e-05,-0.7084955409384975,0.7057152480400952,0,0,0,,0.44103097915649414,0.007317390292882919,0.0,False,False,2,False
132.98162198,2220,132,981621980,map,5.690414905548096,-0.14546185731887817,2.0354747772216797,-3.7384030292741954e-05,0.0,0.0,0.0,-0.0001874618213649475,0.00015684242563408015,-0.7086206420231399,0.7055896299955322,0,0,0,,0.39187759160995483,0.008147027343511581,0.0,False,False,2,False
133.031621981,2221,133,31621981,map,5.717363357543945,0.6287592649459839,-0.5428409576416016,3.242492311983369e-05,0.0,0.0,0.0,-1.4528027958142095e-05,-1.6750267250551103e-05,-0.7087750101982594,0.7054346067686373,0,0,0,,0.45800861716270447,-0.009908188134431839,0.0,False,False,2,False
133.081621982,2222,133,81621982,map,5.615932464599609,-0.17082862555980682,2.0293521881103516,2.4414061044808477e-05,0.0,0.0,0.0,6.164499035045474e-05,-1.9242742577396827e-05,-0.7085578004477329,0.7056527752756895,0,0,0,,0.4342564046382904,0.0022478513419628143,0.0,False,False,2,False
133.081621982,2223,133,131621982,map,5.644428730010986,-0.1003352552652359,-0.5693912506103516,-1.1062620615120977e-05,0.0,0.0,0.0,1.3678695323058396e-05,2.479929734707649e-06,-0.7087343826329949,0.7054754245759173,0,0,0,,0.3815688490867615,0.0031144283711910248,0.0,False,False,2,False
133.131621982,2224,133,181621983,map,5.538170337677002,0.13987648487091064,2.124462127685547,1.7166121324407868e-06,0.0,0.0,0.0,6.434250768559811e-05,2.1802289569039752e-05,-0.7085652234309251,0.705645321339967,0,0,0,,0.42645108699798584,-0.0012861602008342743,0.0,False,False,2,False
133.231621984,2225,133,231621984,map,5.56583309173584,-0.18746626377105713,-0.5522346496582031,-1.7738339010975324e-05,0.0,0.0,0.0,1.5579352808570493e-05,4.5942085678976014e-05,-0.7087622337215855,0.7054474421929654,0,0,0,,0.4347541332244873,0.004708524793386459,0.0,False,False,2,False
133.281621985,2226,133,281621985,map,5.4589738845825195,-0.05120702087879181,2.1375656127929688,-1.449584942747606e-05,0.0,0.0,0.0,1.3807326921291415e-05,0.00011032176286010381,-0.7086952000644716,0.7055147773392455,0,0,0,,0.38685598969459534,0.003929372876882553,0.0,False,False,2,False
133.281621985,2227,133,331621985,map,5.4837260246276855,-0.1681128889322281,-0.49376487731933594,1.7929078239831142e-05,0.0,0.0,0.0,-4.046722164246047e-05,0.00014042189841360417,-0.7090108728280685,0.7051975332172363,0,0,0,,0.37739259004592896,0.0066726841032505035,0.0,False,False,2,False
133.331621985,2228,133,381621986,map,5.3723225593566895,0.018022209405899048,2.2280025482177734,-2.784729076665826e-05,0.0,0.0,0.0,-4.584878062560997e-06,0.00018024458910360748,-0.709004760079045,0.7052036710597321,0,0,0,,0.44217953085899353,0.0038932450115680695,0.0,False,False,2,False
133.431621987,2229,133,431621987,map,5.399656295776367,0.25412246584892273,-0.5485343933105469,2.6321409677620977e-05,0.0,0.0,0.0,6.12527795408221e-05,8.379948099720131e-05,-0.7091886640417323,0.7050187430277629,0,0,0,,0.44493308663368225,-0.003208097070455551,0.0,False,False,2,False
133.431621987,2230,133,481621988,map,5.290944576263428,-0.21614573895931244,2.1758270263671875,7.629396350239404e-06,0.0,0.0,0.0,6.927929032209137e-05,0.00012635778117506697,-0.7090766981447211,0.705131346191808,0,0,0,,0.3947289288043976,0.0058359019458293915,0.0,False,False,2,False
133.531621988,2231,133,531621988,map,5.3167195320129395,-0.016928762197494507,-0.5153751373291016,-1.7166166799142957e-06,0.0,0.0,0.0,3.1840655244267245e-05,0.00012287343355578016,-0.7093347187241509,0.7048717902575062,0,0,0,,0.3487038314342499,0.003242950886487961,0.0,False,False,2,False
133.531621988,2232,133,581621989,map,5.2014923095703125,0.09510926902294159,2.3038578033447266,2.670290086825844e-06,0.0,0.0,0.0,9.020567337322561e-05,0.00013397864218390928,-0.7092147071931052,0.704992534012707,0,0,0,,0.4257638156414032,0.0006658025085926056,0.0,False,False,2,False
133.63162199,2233,133,631621990,map,5.227120876312256,-0.13940244913101196,-0.5114364624023438,-2.899169885495212e-05,0.0,0.0,0.0,5.8292623453533025e-05,0.0001371108224354993,-0.7094575672023864,0.7047481380903845,0,0,0,,0.42248955368995667,0.0048599205911159515,0.0,False,False,2,False
133.681621991,2234,133,681621991,map,5.1126708984375,0.2001449465751648,2.287473678588867,2.6130674086743966e-05,0.0,0.0,0.0,0.0001275379684315152,0.0001278741970990948,-0.7093005990429226,0.7049061125991228,0,0,0,,0.3755616545677185,-0.0016824640333652496,0.0,False,False,2,False
133.731621991,2235,133,731621991,map,5.138581275939941,0.596255362033844,-0.5207252502441406,-1.7547605239087716e-05,0.0,0.0,0.0,0.0002766882884649475,-5.9195057225462926e-05,-0.7092025134706736,0.7050047622721531,0,0,0,,0.45816293358802795,-0.015023443847894669,0.0,False,False,2,False
133.781621992,2236,133,781621992,map,5.027439594268799,0.004707174375653267,2.2228336334228516,-3.337860107421875e-05,0.0,0.0,0.0,0.00034223913163673714,-8.145625853941881e-05,-0.7086899429477596,0.7055199791656902,0,0,0,,0.448898047208786,-0.005719583481550217,0.0,False,False,2,False
133.781621992,2237,133,831621993,map,5.050475597381592,0.19843828678131104,-0.4607391357421875,-0.09488067775964737,0.0,0.0,0.0,0.0003282873219462964,-0.00012381521663972297,-0.7083308787101479,0.7058804737084998,0,0,0,,0.39810678362846375,-0.008959483355283737,0.0,False,False,2,False
133.881621994,2238,133,881621994,map,5.050345420837402,0.15122735500335693,0.0027751922607421875,0.10311812907457352,0.0,0.0,0.0,0.00017267752501054604,-0.00030272936302202553,-0.7079638718631167,0.706248564369507,0,0,0,,0.37031951546669006,-0.0077153779566287994,0.0,False,False,2,False
133.931621994,2239,133,931621994,map,5.099102973937988,-0.1642441749572754,-0.9753704071044922,-0.003562545869499445,0.0,0.0,0.0,-2.986884783299693e-05,-0.00035239603228377086,-0.7078297781709861,0.7063829556687371,0,0,0,,0.33897799253463745,-0.0017250217497348785,0.0,False,False,2,False
133.931621994,2240,133,981621995,map,5.026468753814697,0.19258376955986023,1.4529800415039062,-0.0023624419700354338,0.0,0.0,0.0,-7.476762762677623e-05,-0.00037288845022633824,-0.7074406257684683,0.7067726765915076,0,0,0,,0.43627479672431946,-0.007325727492570877,0.0,False,False,0,False
133.981621995,2241,134,31621996,map,4.8234758377075195,0.16528603434562683,4.060478210449219,-0.09634436666965485,0.0,0.0,0.0,0.00015382029770199333,-0.00018498139955443633,-0.7072251494624102,0.7069883521594038,0,0,0,,0.43115147948265076,-0.009376663714647293,0.0,False,False,0,False
134.031621996,2242,134,81621997,map,4.48504114151001,0.5362951755523682,6.77281379699707,0.0458679161965847,0.0,0.0,0.0,0.0009482209004037622,0.00040440816620394387,-0.7068189109011992,0.7073937832096081,0,0,0,,0.4443010985851288,-0.020724546164274216,0.0,False,False,1,False
134.131621997,2243,134,131621997,map,4.237381458282471,-0.0423315167427063,4.953012466430664,0.028786849230527878,0.0,0.0,0.0,0.0015840744153708505,0.0010306175503374435,-0.7063694379477395,0.7078408335700237,0,0,0,,0.42085275053977966,-0.01220957562327385,0.0,False,False,1,False
134.131621997,2244,134,181621998,map,4.064388751983643,0.5196284651756287,3.467540740966797,0.016619490459561348,0.0,0.0,0.0,0.0020083024196848966,0.001319390298903406,-0.7057776472686812,0.7084293461923462,0,0,0,,0.5373241305351257,-0.02400251105427742,0.0,False,False,1,False
134.181621998,2245,134,231621999,map,3.9589297771453857,0.528920590877533,2.120823860168457,0.008834647946059704,0.0,0.0,0.0,0.002170175111896509,0.001266272097346226,-0.7049652679922991,0.7092373776243784,0,0,0,,0.5711859464645386,-0.030470211058855057,0.0,False,False,1,False
134.281622,2246,134,281622000,map,3.9048378467559814,1.4591151475906372,1.1324119567871094,0.0036600111052393913,0.0,0.0,0.0,0.002298847034556325,0.0007786313966999794,-0.703584627968712,0.7106073320207079,0,0,0,,0.6100253462791443,-0.05947108194231987,0.0,False,False,1,False
134.331622,2247,134,331622000,map,3.886730194091797,-2.797621250152588,0.2898406982421875,0.0010383606422692537,0.0,0.0,0.0,0.0014017833120721598,0.0010077424991482193,-0.7032416121595181,0.7109488409062099,0,0,0,,0.6034923791885376,0.03400832787156105,0.0,False,False,1,False
134.381622001,2248,134,381622001,map,3.8791449069976807,-0.6291121244430542,0.14924049377441406,-0.0012027740012854338,0.0,0.0,0.0,0.0004919086950324501,0.0011614186428899778,-0.7037757581567848,0.7104210662441074,0,0,0,,0.36114516854286194,0.02225164696574211,0.0,False,False,1,False
134.381622001,2249,134,431622002,map,3.8438000679016113,1.6137666702270508,0.7236289978027344,-0.0018724444089457393,0.0,0.0,0.0,0.0004361614272094921,0.0006328125664362504,-0.7035774589513789,0.7106181594689134,0,0,0,,0.30429115891456604,-0.028051983565092087,0.0,False,False,1,False
134.481622003,2250,134,481622003,map,3.7983694076538086,0.3943517804145813,0.9181642532348633,-0.00214385986328125,0.0,0.0,0.0,0.000523723873854817,0.00019036613600344394,-0.7029273508695071,0.7112614349686165,0,0,0,,0.4393679201602936,-0.02485448494553566,0.0,False,False,1,False
134.531622003,2251,134,531622003,map,3.7570643424987793,0.8867024183273315,0.8552169799804688,-0.0018856045790016651,0.0,0.0,0.0,0.0006907193101341079,-0.00019016151501876998,-0.7019385129368888,0.7122371871795112,0,0,0,,0.4153527319431305,-0.04085593298077583,0.0,False,False,1,False
134.581622004,2252,134,581622004,map,3.7175891399383545,-1.8182772397994995,0.7417535781860352,-0.001292419503442943,0.0,0.0,0.0,0.00026135894377924855,9.32014805147556e-05,-0.7017234498511578,0.7124493827170998,0,0,0,,0.4255150556564331,0.017565902322530746,0.0,False,False,1,False
134.631622005,2253,134,631622005,map,3.681539535522461,2.7961537837982178,0.8147335052490234,-0.001151657197624445,0.0,0.0,0.0,0.0005923508147354225,-0.00032213161466188955,-0.7007850002083633,0.7133722232009732,0,0,0,,0.48120003938674927,-0.07750251889228821,0.0,False,False,1,False
134.681622005,2254,134,681622005,map,3.6531810760498047,4.301076889038086,0.9232997894287109,-0.0016269682673737407,0.0,0.0,0.0,0.001673853255662671,-0.001428180536620606,-0.6978368309945192,0.716253388001174,0,0,0,,0.6971920728683472,-0.189346045255661,0.0,False,False,1,False
134.731622006,2255,134,731622006,map,3.6595351696014404,5.408066749572754,0.6847238540649414,-0.0033332824241369963,0.0,0.0,0.0,0.003224878277290908,-0.002964443727250079,-0.6922229249465172,0.7216704472347284,0,0,0,,0.9545024633407593,-0.276663213968277,0.0,False,False,1,False
134.781622007,2256,134,781622007,map,3.770195960998535,0.2543783187866211,-2.204103469848633,0.00029430375434458256,0.0,0.0,0.0,0.0033726653877224465,-0.003504493936125125,-0.6862523373371603,0.7273472851050716,0,0,0,,1.0,-0.1671869307756424,0.0,False,False,1,False
134.781622007,2257,134,831622008,map,3.912656545639038,3.2121896743774414,-2.250208854675293,0.001114845392294228,0.0,0.0,0.0,0.003164847113882924,-0.003955847415465924,-0.6801008469137366,0.7331010660483243,0,0,0,,0.9929522275924683,-0.22290495038032532,0.0,False,False,1,False
134.881622008,2258,134,881622008,map,4.061434745788574,5.34272575378418,-1.7087888717651367,-0.0014589308993890882,0.0,0.0,0.0,0.0035731582704863437,-0.0049161069378820515,-0.6721613962236058,0.7403797146459932,0,0,0,,1.0,-0.31917804479599,0.0,False,False,1,False
134.931622009,2259,134,931622009,map,4.25752592086792,-1.6150712966918945,-4.495067596435547,0.0027740478981286287,0.0,0.0,0.0,0.002801491418852084,-0.0049049175846357694,-0.664441681326221,0.7473187710379705,0,0,0,,1.0,-0.09447567164897919,0.0,False,False,1,False
134.98162201,2260,134,981622010,map,4.467068672180176,2.514963150024414,-3.6751651763916016,0.00289154052734375,0.0,0.0,0.0,0.0015679631257974995,-0.004536248487478849,-0.6583393147705713,0.752705992116916,0,0,0,,1.0,-0.22572793066501617,0.0,False,False,1,False
135.031622011,2261,135,31622011,map,4.645331859588623,6.770238876342773,-1.657552719116211,-0.003240394638851285,0.0,0.0,0.0,0.0022469022054403777,-0.0054998521632923705,-0.6496740493533398,0.7601896688679051,0,0,0,,1.0,-0.3627777397632599,0.0,False,False,1,False
135.081622011,2262,135,81622011,map,4.822033882141113,7.475624084472656,-0.9276962280273438,-0.006278991233557463,0.0,0.0,0.0,0.004041694115675511,-0.007011908326480588,-0.6374117644590218,0.7704808501056551,0,0,0,,1.0,-0.3863600194454193,0.0,False,False,1,False
135.131622012,2263,135,131622012,map,5.065250873565674,1.487729549407959,-4.651041030883789,0.0016874313587322831,0.0,0.0,0.0,0.004226240343545643,-0.007313851765447377,-0.6249986460365695,0.7805801297223538,0,0,0,,1.0,-0.22283847630023956,0.0,False,False,1,False
135.181622013,2264,135,181622013,map,5.148867607116699,4.191837310791016,0.016222000122070312,0.0712432861328125,0.0,0.0,0.0,0.004107328435655652,-0.007256806642063813,-0.6130874322737627,0.7899710557978981,0,0,0,,0.9943631887435913,-0.37538430094718933,0.0,False,False,1,False
135.231622014,2265,135,231622014,map,5.258673191070557,0.40434837341308594,-2.2307872772216797,-0.035376548767089844,0.0,0.0,0.0,0.003579948221191451,-0.006250962925606291,-0.6016985769654086,0.798690761127884,0,0,0,,1.0,-0.17358684539794922,0.0,False,False,0,False
135.281622014,2266,135,281622014,map,5.117006778717041,1.2339401245117188,3.713970184326172,-0.018943404778838158,0.0,0.0,0.0,0.0032104174186810526,-0.005032797287524832,-0.5915465237804306,0.806248767053165,0,0,0,,0.9848002195358276,-0.3584282398223877,0.0,False,False,0,False
135.281622014,2267,135,331622015,map,5.591195583343506,11.962227821350098,-4.328479766845703,-0.01910552941262722,0.0,0.0,0.0,0.005019751838378754,-0.006381771015875538,-0.5774114469651179,0.8164129445347071,0,0,0,,1.0,-0.41527533531188965,0.0,False,False,2,False
135.381622016,2268,135,381622016,map,6.050909519195557,6.6780900955200195,-6.70928955078125,-0.013032532297074795,0.0,0.0,0.0,0.005889453888938312,-0.007955548223934666,-0.5608258557102301,0.8278746180142466,0,0,0,,1.0,-0.26670214533805847,0.0,False,False,2,False
135.431622017,2269,135,431622017,map,6.41989803314209,9.521489143371582,-2.5929927825927734,-0.0022943480871617794,0.0,0.0,0.0,0.006565380709707081,-0.009258246735557106,-0.5430084906437547,0.8396504985601518,0,0,0,,0.9078415632247925,-0.44884344935417175,0.0,False,False,2,False
135.481622017,2270,135,481622017,map,6.782437801361084,7.753725051879883,-3.3655548095703125,-0.000780296977609396,0.0,0.0,0.0,0.007363026758107023,-0.010151773404053013,-0.5237310012201815,0.8517913862528891,0,0,0,,1.0,-0.3088288903236389,0.0,False,False,2,False
135.531622018,2271,135,531622018,map,7.046443462371826,10.06591796875,1.2310028076171875,0.0010616309009492397,0.0,0.0,0.0,0.008847933649677273,-0.010878119870297872,-0.5024880161776174,0.8644704588221049,0,0,0,,0.8036460876464844,-0.4887409210205078,0.0,False,False,2,False
135.581622019,2272,135,581622019,map,7.268653392791748,10.297441482543945,3.3186912536621094,-0.006149292457848787,0.0,0.0,0.0,0.011429783744285311,-0.011544803172817298,-0.47771733624636975,0.8783633782284714,0,0,0,,1.0,-0.44504448771476746,0.0,False,False,2,False
135.581622019,2273,135,631622020,map,7.549406051635742,7.4999237060546875,-0.4347419738769531,0.006252478342503309,0.0,0.0,0.0,0.012458704922004574,-0.011346958040721451,-0.4521419639256275,0.8917867859933589,0,0,0,,1.0,-0.32418200373649597,0.0,False,False,2,False
135.68162202,2274,135,681622020,map,7.7605061531066895,9.663848876953125,4.382791519165039,0.008052825927734375,0.0,0.0,0.0,0.013650721470411931,-0.01109996184667586,-0.42620010035890293,0.9044578061492977,0,0,0,,0.6887850761413574,-0.5,0.0,False,False,2,False
135.68162202,2275,135,731622021,map,7.8585124015808105,9.186286926269531,8.550252914428711,-0.009360503405332565,0.0,0.0,0.0,0.016356305749688493,-0.010995799172477309,-0.39656683180242025,0.9177942642972728,0,0,0,,0.6120411157608032,-0.5,0.0,False,False,2,False
135.781622022,2276,135,781622022,map,7.947056770324707,7.9055023193359375,8.664712905883789,-0.00720329349860549,0.0,0.0,0.0,0.018912327007817486,-0.010485349235416082,-0.36415620007019495,0.9310868076012015,0,0,0,,0.47820839285850525,-0.4941186010837555,0.0,False,False,2,False
135.781622022,2277,135,831622023,map,7.9753522872924805,6.084146499633789,9.582438468933105,0.0021600723266601562,0.0,0.0,0.0,0.02079805344649019,-0.009509042410200376,-0.3300694683962568,0.9436795881642722,0,0,0,,0.43395620584487915,-0.48758766055107117,0.0,False,False,2,False
135.881622023,2278,135,881622023,map,7.9869160652160645,5.007104873657227,9.953112602233887,0.007716179825365543,0.0,0.0,0.0,0.022099116007144697,-0.008231154753602704,-0.2952693685285078,0.9551229644249484,0,0,0,,0.42197319865226746,-0.48158136010169983,0.0,False,False,2,False
135.931622024,2279,135,931622024,map,7.941641807556152,3.2567214965820312,10.733542442321777,0.008665274828672409,0.0,0.0,0.0,0.022980059263000282,-0.006786468994491805,-0.2600953818417323,0.9652855810895857,0,0,0,,0.42009279131889343,-0.47646427154541016,0.0,False,False,2,False
135.981622025,2280,135,981622025,map,7.901578426361084,2.5551891326904297,10.767908096313477,0.0074214935302734375,0.0,0.0,0.0,0.023545232990451664,-0.005314343762793388,-0.22496579532560104,0.9740676417412273,0,0,0,,0.42776748538017273,-0.4716658890247345,0.0,False,False,2,False
135.981622025,2281,136,31622026,map,7.818044662475586,0.9436702728271484,11.085073471069336,0.005461501888930798,0.0,0.0,0.0,0.02385734816397705,-0.0038694349003481625,-0.18995421751177444,0.9814954149977595,0,0,0,,0.43965908885002136,-0.46606647968292236,0.0,False,False,2,False
136.031622026,2282,136,81622026,map,7.761743545532227,0.6669998168945312,10.786378860473633,0.003942107781767845,0.0,0.0,0.0,0.023948126515680006,-0.002530049655187264,-0.15536812689486723,0.9875630770894139,0,0,0,,0.4599412977695465,-0.4598190486431122,0.0,False,False,2,False
136.081622026,2283,136,131622027,map,7.668867588043213,-0.8191490173339844,10.722932815551758,0.002736091846600175,0.0,0.0,0.0,0.023853428286648774,-0.0012986203077892439,-0.12113491753873887,0.9923485573613501,0,0,0,,0.48822328448295593,-0.45377224683761597,0.0,False,False,2,False
136.131622027,2284,136,181622028,map,7.624608039855957,-0.5827045440673828,10.196799278259277,0.002351760631427169,0.0,0.0,0.0,0.023566275976151938,-0.00022798568161404233,-0.08763321220010738,0.9958739873993273,0,0,0,,0.5354735851287842,-0.4437549114227295,0.0,False,False,2,False
136.231622029,2285,136,231622029,map,7.550141334533691,-1.8404388427734375,9.752985954284668,0.0020620343275368214,0.0,0.0,0.0,0.023105172663914094,0.000695610506700989,-0.054723691407869014,0.9982339328638804,0,0,0,,0.5970479249954224,-0.4326295852661133,0.0,False,False,2,False
136.281622029,2286,136,281622029,map,7.545433044433594,-1.0092926025390625,9.209813117980957,0.0020456314086914062,0.0,0.0,0.0,0.02248323797956246,0.0014174231906123114,-0.022909969247933704,0.9994836808225093,0,0,0,,0.6785399317741394,-0.41661837697029114,0.0,False,False,2,False
136.33162203,2287,136,331622030,map,7.520565509796143,-1.8664836883544922,8.522184371948242,0.001981926616281271,0.0,0.0,0.0,0.021707647059079908,0.0019540703672193895,0.008004218020036613,0.9997304097415693,0,0,0,,0.7633446455001831,-0.39650097489356995,0.0,False,False,2,False
136.33162203,2288,136,381622031,map,7.592978477478027,-0.13545989990234375,7.513546943664551,0.0036207190714776516,0.0,0.0,0.0,0.020610552210356594,0.0022113776452114464,0.037072788723056554,0.9990975544373983,0,0,0,,0.8887119293212891,-0.35691264271736145,0.0,False,False,2,False
136.431622032,2289,136,431622032,map,7.666782379150391,-0.08734703063964844,6.164052486419678,0.005254172720015049,0.0,0.0,0.0,0.019101261036248134,0.002164466197515497,0.06399917293708345,0.9977647832912696,0,0,0,,1.0,-0.3062899112701416,0.0,False,False,2,False
136.431622032,2290,136,481622032,map,7.858760833740234,2.5550079345703125,4.88800048828125,0.00582199078053236,0.0,0.0,0.0,0.01711145008113363,0.001715595773200625,0.08761233492196908,0.9960061916357673,0,0,0,,1.0,-0.24130666255950928,0.0,False,False,2,False
136.531622033,2291,136,531622033,map,8.03030776977539,2.623920440673828,3.0709266662597656,0.00485267722979188,0.0,0.0,0.0,0.014614692050896208,0.0009534433436645757,0.1074407162872548,0.9941036134154877,0,0,0,,1.0,-0.17309966683387756,0.0,False,False,2,False
136.581622034,2292,136,581622034,map,8.277480125427246,4.61735725402832,1.7856216430664062,0.0013101566582918167,0.0,0.0,0.0,0.01172096129297325,-3.835630478352483e-05,0.12268984330326956,0.9923758461114325,0,0,0,,1.0,-0.10710825026035309,0.0,False,False,2,False
136.581622034,2293,136,631622035,map,8.467571258544922,3.8937759399414062,0.31690120697021484,-0.003728102892637253,0.0,0.0,0.0,0.008680971140269948,-0.001049976231078037,0.1332576841046807,0.9910428486786196,0,0,0,,1.0,-0.051990628242492676,0.0,False,False,2,False
136.681622035,2294,136,681622035,map,8.7168550491333,5.522441864013672,-0.9540081024169922,-0.007552336901426315,0.0,0.0,0.0,0.005529369321129098,-0.0020579900896996934,0.13899454584329377,0.9902755712313205,0,0,0,,1.0,0.006074361503124237,0.0,False,False,2,False
136.731622036,2295,136,731622036,map,8.900411605834961,4.858074188232422,-3.5729122161865234,-0.009591292589902878,0.0,0.0,0.0,0.002108278754097537,-0.002962303417520712,0.13969191934845207,0.9901883394526028,0,0,0,,1.0,0.09049496054649353,0.0,False,False,2,False
136.781622037,2296,136,781622037,map,9.107351303100586,5.865669250488281,-6.3182878494262695,-0.011281585320830345,0.0,0.0,0.0,-0.0020202458810203,-0.00378433375348841,0.13416612962345492,0.9909495683870521,0,0,0,,1.0,0.18816030025482178,0.0,False,False,2,False
136.831622038,2297,136,831622038,map,9.25181770324707,4.732513427734375,-8.77593994140625,-0.01546401996165514,0.0,0.0,0.0,-0.006613486795827731,-0.004354888486173601,0.12188904909142316,0.9925121442331388,0,0,0,,1.0,0.25580987334251404,0.0,False,False,2,False
136.881622038,2298,136,881622038,map,9.4497709274292,5.295867919921875,-8.560789108276367,-0.015367125160992146,0.0,0.0,0.0,-0.010596357097165457,-0.004640980392512158,0.10423075852904015,0.9944858608817557,0,0,0,,1.0,0.26802858710289,0.0,False,False,2,False
136.931622039,2299,136,931622039,map,9.653399467468262,4.881877899169922,-7.532443046569824,-0.006412507500499487,0.0,0.0,0.0,-0.013212281993348729,-0.004674645229860861,0.08369876084695071,0.9963925434933705,0,0,0,,1.0,0.24674075841903687,0.0,False,False,2,False
136.98162204,2300,136,981622040,map,9.899216651916504,5.335540771484375,-6.1135663986206055,0.005482675042003393,0.0,0.0,0.0,-0.014383215852898855,-0.004587837484980826,0.06269312724251692,0.99791865732909,0,0,0,,1.0,0.20816001296043396,0.0,False,False,2,False
137.031622041,2301,137,31622041,map,9.960556030273438,1.41082763671875,-4.817383766174316,0.013834379613399506,0.0,0.0,0.0,-0.014267308193333633,-0.004174774107638435,0.04312515437164099,0.9989590763582304,0,0,0,,1.0,0.16610050201416016,0.0,False,False,2,False
137.031622041,2302,137,81622041,map,9.974910736083984,0.3494453430175781,-3.907210350036621,0.016496658325195312,0.0,0.0,0.0,-0.01327289030166936,-0.0032851815883462535,0.026280936597456336,0.9995610788423747,0,0,0,,1.0,0.12763750553131104,0.0,False,False,0,False
137.081622041,2303,137,131622042,map,10.147175788879395,3.4405136108398438,-3.0858025550842285,0.01108455564826727,0.0,0.0,0.0,-0.011902649410397174,-0.0026148698454162636,0.012347958376182822,0.999849497332796,0,0,0,,1.0,0.09291733801364899,0.0,False,False,0,False
137.181622043,2304,137,181622043,map,10.579258918762207,8.61419677734375,-2.0417697429656982,0.003636742476373911,0.0,0.0,0.0,-0.01034766006617117,-0.0031461850067537986,0.0014367650429516524,0.9999404798073082,0,0,0,,1.0,0.055666934698820114,0.0,False,False,3,False
137.231622043,2305,137,231622043,map,10.958624839782715,7.553730010986328,-1.6199371814727783,-0.0004987721331417561,0.0,0.0,0.0,-0.008725965680032987,-0.003980483470291875,-0.006552948017768738,0.9999325337974407,0,0,0,,1.0,0.03460552915930748,0.0,False,False,3,False
137.281622044,2306,137,281622044,map,11.301766395568848,6.838169097900391,-1.0042017698287964,-0.0026239396538585424,0.0,0.0,0.0,-0.007117498650505053,-0.004665142874623921,-0.01198493548736167,0.9998919636522153,0,0,0,,1.0,0.01567969098687172,0.0,False,False,3,False
137.331622045,2307,137,331622045,map,11.6142578125,6.232166290283203,-0.6827080249786377,-0.003343772841617465,0.0,0.0,0.0,-0.005632513717524863,-0.005090264030671332,-0.015338912567306361,0.9998535301545785,0,0,0,,1.0,0.004547947086393833,0.0,False,False,3,False
137.381622046,2308,137,381622046,map,11.902960777282715,5.769672393798828,-0.23063898086547852,-0.0032072067260742188,0.0,0.0,0.0,-0.004270737917814822,-0.005282953857671244,-0.017025721013433283,0.9998319738936877,0,0,0,,1.0,-0.005653508938848972,0.0,False,False,3,False
137.431622046,2309,137,431622046,map,12.173004150390625,5.405006408691406,0.051097869873046875,-0.0025377271231263876,0.0,0.0,0.0,-0.003057118337602083,-0.005308357541398684,-0.017410515729591788,0.9998296601470232,0,0,0,,1.0,-0.011659684590995312,0.0,False,False,3,False
137.481622047,2310,137,481622047,map,12.42852783203125,5.122318267822266,0.3278017044067383,-0.0019968030974268913,0.0,0.0,0.0,-0.00199336840045995,-0.005229938629532275,-0.016814739758650693,0.9998429570443553,0,0,0,,1.0,-0.016057293862104416,0.0,False,False,3,False
137.531622048,2311,137,531622048,map,12.673060417175293,4.901981353759766,0.34540534019470215,-0.0014863967662677169,0.0,0.0,0.0,-0.001140378346644631,-0.005096463650911145,-0.015607495500124267,0.9998645566673994,0,0,0,,1.0,-0.015434976667165756,0.0,False,False,3,False
137.581622049,2312,137,581622049,map,12.909037590026855,4.731731414794922,0.41916728019714355,-0.001018524169921875,0.0,0.0,0.0,-0.00048274768497505335,-0.00494180523789706,-0.014095603911630292,0.9998883234971943,0,0,0,,1.0,-0.01456887274980545,0.0,False,False,3,False
137.631622049,2313,137,631622049,map,13.13830852508545,4.600105285644531,0.583953857421875,-0.0005592346424236894,0.0,0.0,0.0,5.636696577232514e-05,-0.004788077478585942,-0.012410909183436585,0.9999115163203516,0,0,0,,1.0,-0.015043720602989197,0.0,False,False,3,False
137.68162205,2314,137,681622050,map,13.362360000610352,4.497051239013672,0.749911367893219,-0.0003362655988894403,0.0,0.0,0.0,0.0005277460716793096,-0.004646766263909357,-0.01058364878865747,0.9999330554720605,0,0,0,,1.0,-0.01600281335413456,0.0,False,False,3,False
137.731622051,2315,137,731622051,map,13.58258056640625,4.4171142578125,0.7041797041893005,-8.220667950809002e-05,0.0,0.0,0.0,0.0008865487216947603,-0.004522821451964258,-0.008719665268601531,0.9999513615946934,0,0,0,,1.0,-0.013971279375255108,0.0,False,False,3,False
137.781622052,2316,137,781622052,map,13.799856185913086,4.3547821044921875,0.6091752648353577,7.991788152139634e-05,0.0,0.0,0.0,0.0011053255650773392,-0.0044177736189274595,-0.0069744483574552315,0.999965308699135,0,0,0,,1.0,-0.010868020355701447,0.0,False,False,3,False
137.831622052,2317,137,831622052,map,14.014860153198242,4.3054962158203125,0.4104071855545044,0.00018749237642623484,0.0,0.0,0.0,0.001166082201741995,-0.004331046874307237,-0.005519425566380052,0.9999747087935218,0,0,0,,1.0,-0.006112381815910339,0.0,False,False,3,False
137.881622053,2318,137,881622053,map,14.227787017822266,4.2656707763671875,0.6720274686813354,0.0001636505185160786,0.0,0.0,0.0,0.00123728611613483,-0.004260931604030447,-0.004243624711649268,0.9999811524395046,0,0,0,,1.0,-0.008642246946692467,0.0,False,False,3,False
137.881622053,2319,137,931622054,map,14.439447402954102,4.235095977783203,0.2026805281639099,0.00017280576867051423,0.0,0.0,0.0,0.0011656564356188755,-0.004204888391669151,-0.003277780205137642,0.9999851080469221,0,0,0,,1.0,-0.0012074559926986694,0.0,False,False,3,False
137.981622055,2320,137,981622055,map,14.649847984313965,4.210681915283203,0.33786922693252563,8.468628220725805e-05,0.0,0.0,0.0,0.0010642650721814622,-0.004160924818588396,-0.0026131773509140924,0.9999873625944694,0,0,0,,1.0,-0.002090984955430031,0.0,False,False,3,False
138.031622055,2321,138,31622055,map,14.859289169311523,4.1901397705078125,0.1869507133960724,8.79287690622732e-05,0.0,0.0,0.0,0.0009381266984171897,-0.004126516131852817,-0.002189236137636814,0.9999886494496049,0,0,0,,1.0,0.00010599568486213684,0.0,False,False,3,False
138.031622055,2322,138,81622056,map,15.06782341003418,4.173069000244141,0.42593836784362793,4.1770937968976796e-05,0.0,0.0,0.0,0.0008912559089783137,-0.00409944033883473,-0.0018222583297651323,0.9999895397584879,0,0,0,,1.0,-0.003719620406627655,0.0,False,False,3,False
138.131622057,2323,138,131622057,map,15.275727272033691,4.157276153564453,-0.1734250783920288,1.0871890481212176e-05,0.0,0.0,0.0,0.0006992598232784193,-0.004078138814474431,-0.0016958596646381489,0.9999900018897724,0,0,0,,1.0,0.004617832601070404,0.0,False,False,3,False
138.181622058,2324,138,181622058,map,15.393224716186523,2.3508071899414062,0.16940876841545105,5.683898780262098e-05,0.0,0.0,0.0,0.0005552632689968976,-0.003951311727459625,-0.0017260166696370244,0.9999905497977423,0,0,0,,1.0,0.00010461919009685516,0.0,False,False,3,False
138.181622058,2325,138,231622058,map,15.381038665771484,-0.24343490600585938,0.06693616509437561,0.0009719848167151213,0.0,0.0,0.0,0.00045282711253536183,-0.0033369379220056818,-0.0017820521471299288,0.9999927420151886,0,0,0,,1.0,0.0008157622069120407,0.0,False,False,0,False
138.281622059,2326,138,281622059,map,15.437581062316895,1.1308860778808594,0.003047734498977661,0.0006660461658611894,0.0,0.0,0.0,0.0003481741745489556,-0.002673804148832469,-0.0018768465840006193,0.9999946034819478,0,0,0,,1.0,0.0011638561263680458,0.0,False,False,0,False
138.33162206,2327,138,331622060,map,15.750391960144043,6.257686614990234,0.38838183879852295,-0.0007678986294195056,0.0,0.0,0.0,0.0003889798452365333,-0.0028470508734462522,-0.001773790195191213,0.9999942983159191,0,0,0,,1.0,-0.005625192075967789,0.0,False,False,4,False
138.381622061,2328,138,381622061,map,16.029159545898438,5.57586669921875,0.17869144678115845,-0.0013025281950831413,0.0,0.0,0.0,0.00042974994478732064,-0.0033618593065510858,-0.0014813262964458091,0.999993159421299,0,0,0,,1.0,-0.003500737249851227,0.0,False,False,4,False
138.381622061,2329,138,431622061,map,16.28083038330078,5.033836364746094,0.19211751222610474,-0.0008445739513263106,0.0,0.0,0.0,0.0004422150581789828,-0.003814167498051542,-0.0011083844946475536,0.9999920139960875,0,0,0,,1.0,-0.0034619979560375214,0.0,False,False,4,False
138.431622061,2330,138,481622062,map,16.511756896972656,4.618797302246094,0.15444844961166382,-0.00034179689828306437,0.0,0.0,0.0,0.00043370141261974744,-0.004096748569329428,-0.0007158433306292202,0.9999912580230741,0,0,0,,1.0,-0.002526652067899704,0.0,False,False,4,False
138.531622063,2331,138,531622063,map,16.72686004638672,4.302101135253906,0.03497958183288574,0.00016365054761990905,0.0,0.0,0.0,0.0003774783710163562,-0.0042193761560791205,-0.00040899135514408676,0.9999909435094922,0,0,0,,1.0,-0.00017969496548175812,0.0,False,False,4,False
138.531622063,2332,138,581622064,map,16.929922103881836,4.0612030029296875,-0.01392848789691925,0.0004203796561341733,0.0,0.0,0.0,0.00029093346481703436,-0.004227043106426697,-0.0002512387855407941,0.9999909921311131,0,0,0,,1.0,0.0011680377647280693,0.0,False,False,4,False
138.631622064,2333,138,631622064,map,17.123863220214844,3.8788223266601562,-0.012482516467571259,0.0003906249476131052,0.0,0.0,0.0,0.0002087575884982085,-0.004165327264719209,-0.00022750620865027055,0.9999912773169434,0,0,0,,1.0,0.0014308169484138489,0.0,False,False,4,False
138.681622065,2334,138,681622065,map,17.310901641845703,3.7407302856445312,-0.03298163414001465,0.0003704070986714214,0.0,0.0,0.0,0.0001368127524611534,-0.00406941835362866,-0.0003048622645545289,0.9999916640530228,0,0,0,,1.0,0.001667667180299759,0.0,False,False,4,False
138.731622066,2335,138,731622066,map,17.492721557617188,3.636322021484375,-0.056879930198192596,0.00030193329439498484,0.0,0.0,0.0,7.113747282407345e-05,-0.003963433283782269,-0.0004567895486710097,0.9999920387079955,0,0,0,,1.0,0.0017901137471199036,0.0,False,False,4,False
138.781622067,2336,138,781622067,map,17.670595169067383,3.55743408203125,-0.01787658780813217,0.0001245498569915071,0.0,0.0,0.0,3.015495925063229e-05,-0.003861139045456298,-0.0006270077877941453,0.9999923487493212,0,0,0,,1.0,0.0008531343191862106,0.0,False,False,4,False
138.781622067,2337,138,831622067,map,17.845458984375,3.4973526000976562,0.029375851154327393,8.163451275322586e-05,0.0,0.0,0.0,2.3136229773328063e-05,-0.003769705108120752,-0.0007477696219128918,0.999992614787082,0,0,0,,1.0,-0.00034264102578163147,0.0,False,False,4,False
138.881622068,2338,138,881622068,map,18.018035888671875,3.4514999389648438,-0.007000081241130829,-6.732941983500496e-05,0.0,0.0,0.0,1.906601326414828e-05,-0.003691800606393132,-0.0008145331433376894,0.9999928533647269,0,0,0,,1.0,-0.00020405277609825134,0.0,False,False,4,False
138.881622068,2339,138,931622069,map,18.188688278198242,3.4120941162109375,-0.4680548906326294,-1.2207019608467817e-05,0.0,0.0,0.0,-0.0001386995603922428,-0.0036270242536385337,-0.0010879885674240943,0.9999928208434161,0,0,0,,1.0,0.006798155605792999,0.0,False,False,4,False
138.98162207,2340,138,981622070,map,18.357906341552734,3.3854293823242188,0.5247066020965576,-6.12258882028982e-05,0.0,0.0,0.0,-2.617212815875234e-05,-0.003574932026854706,-0.0011379997965017348,0.9999929620414766,0,0,0,,1.0,-0.007866580039262772,0.0,False,False,4,False
139.03162207,2341,139,31622070,map,18.526208877563477,3.3662796020507812,0.31277650594711304,-0.00010089873103424907,0.0,0.0,0.0,0.00016893858603496775,-0.0035340267874253792,-0.0007898373124273055,0.9999934291141316,0,0,0,,1.0,-0.006399819627404213,0.0,False,False,4,False
139.081622071,2342,139,81622071,map,18.693737030029297,3.3505630493164062,0.02071457915008068,-5.8937075664289296e-05,0.0,0.0,0.0,0.0002245237728123209,-0.0035021453272734687,-0.0003632026218181798,0.9999937763061515,0,0,0,,1.0,-0.0016199201345443726,0.0,False,False,4,False
139.081622071,2343,139,131622072,map,18.86055564880371,3.3363723754882812,-0.011704405769705772,-1.3351436791708693e-05,0.0,0.0,0.0,0.00019293937559521911,-0.0034776339993028934,-4.253955285487172e-05,0.9999939334948741,0,0,0,,1.0,0.00012632273137569427,0.0,False,False,4,False
139.181622073,2344,139,181622073,map,19.02678871154785,3.3246612548828125,-0.019740303978323936,-5.168914867681451e-05,0.0,0.0,0.0,0.00014068046174446294,-0.0034586529221568916,0.00013337594693988173,0.9999940000519146,0,0,0,,1.0,0.0010944642126560211,0.0,False,False,4,False
139.181622073,2345,139,231622073,map,19.19253158569336,3.3148574829101562,0.028675626963377,-5.53131121705519e-06,0.0,0.0,0.0,0.00010833320234027941,-0.003443868189090963,0.0002009055659943724,0.9999940438186453,0,0,0,,1.0,0.0007410459220409393,0.0,False,False,4,False
139.231622073,2346,139,281622074,map,19.357839584350586,3.3061981201171875,0.034232400357723236,-4.9781796406023204e-05,0.0,0.0,0.0,9.379761401594364e-05,-0.0034326649311373237,0.00020538174032261447,0.9999940828984034,0,0,0,,1.0,0.0006066411733627319,0.0,False,False,4,False
139.331622075,2347,139,331622075,map,19.52277183532715,3.29864501953125,0.03224490210413933,-5.531310671358369e-05,0.0,0.0,0.0,8.589791630454016e-05,-0.0034237881528497967,0.000175260688494832,0.9999941197726733,0,0,0,,1.0,0.00044381432235240936,0.0,False,False,4,False
139.381622076,2348,139,381622076,map,19.687360763549805,3.291778564453125,0.025660516694188118,6.294249760685489e-05,0.0,0.0,0.0,7.856788065708058e-05,-0.0034168788936976766,0.0001304947633046053,0.999994150851309,0,0,0,,1.0,0.0003006327897310257,0.0,False,False,4,False
139.431622076,2349,139,431622076,map,19.85163688659668,3.2855224609375,0.01856650598347187,-5.4740903578931466e-05,0.0,0.0,0.0,6.973863618435331e-05,-0.003411161119914781,8.439230466278815e-05,0.9999941759801781,0,0,0,,1.0,0.00017315708100795746,0.0,False,False,4,False
139.481622077,2350,139,481622077,map,20.015621185302734,3.2796859741210938,0.013581783510744572,-8.583065209677443e-06,0.0,0.0,0.0,5.9929574614491116e-05,-0.0034067537102142184,4.521080137311998e-05,0.9999941941799398,0,0,0,,1.0,4.92241233587265e-05,0.0,False,False,4,False
139.531622078,2351,139,531622078,map,20.1793212890625,3.2740020751953125,-0.04905758053064346,1.3351436791708693e-05,0.0,0.0,0.0,3.086592991234078e-05,-0.003403120768138103,-1.406437269406464e-05,0.9999942087924936,0,0,0,,1.0,0.0008581951260566711,0.0,False,False,4,False
139.531622078,2352,139,581622079,map,20.34273910522461,3.2683181762695312,-0.14568963646888733,-9.53677954385057e-07,0.0,0.0,0.0,-3.540760066927315e-05,-0.003400015662681752,-0.0001531733909919267,0.9999942075720776,0,0,0,,1.0,0.002310391515493393,0.0,False,False,4,False
139.631622079,2353,139,631622079,map,20.505895614624023,3.2630157470703125,-0.1523779034614563,1.4686588656331878e-05,0.0,0.0,0.0,-0.00011021465601022107,-0.003397297224504835,-0.0003806643210509647,0.999994150642379,0,0,0,,1.0,0.002396702766418457,0.0,False,False,4,False
139.631622079,2354,139,681622080,map,20.668699264526367,3.2555389404296875,-0.40903782844543457,-2.1362306142691523e-05,0.0,0.0,0.0,-0.00025650506828666064,-0.0033946318597849923,-0.0007983562234941619,0.9999938866348267,0,0,0,,1.0,0.006087822839617729,0.0,False,False,4,False
139.68162208,2355,139,731622081,map,20.831310272216797,3.251495361328125,-0.3257339596748352,-5.4740903578931466e-05,0.0,0.0,0.0,-0.0003916204538331149,-0.0033921539743423284,-0.0013765412548970893,0.9999932225065369,0,0,0,,1.0,0.0046907104551792145,0.0,False,False,4,False
139.781622081,2356,139,781622081,map,20.99362564086914,3.2449722290039062,-0.4403857886791229,-1.1634820111794397e-05,0.0,0.0,0.0,-0.0005244640121878234,-0.003389644262331409,-0.002070903399349028,0.9999919732719785,0,0,0,,1.0,0.005646821111440659,0.0,False,False,4,False
139.781622081,2357,139,831622082,map,21.05535316467285,1.234588623046875,0.007659792900085449,0.00020198820857331157,0.0,0.0,0.0,-0.0004987280139207193,-0.003240184948996428,-0.002606691306252868,0.9999912287776821,0,0,0,,1.0,-0.0018577221781015396,0.0,False,False,4,False
139.831622082,2358,139,881622083,map,21.036161422729492,-0.38372039794921875,0.03741607069969177,0.000815009989310056,0.0,0.0,0.0,-0.00038233688692853994,-0.002708378204192082,-0.0028181965489743597,0.9999922881073731,0,0,0,,1.0,-0.003551734611392021,0.0,False,False,0,False
139.931622084,2359,139,931622084,map,21.1140193939209,1.5575408935546875,0.11056721210479736,0.00043716427171602845,0.0,0.0,0.0,-0.0002382839892834477,-0.002236084641815957,-0.0027088554110664877,0.9999938026050846,0,0,0,,1.0,-0.005141120404005051,0.0,False,False,0,False
139.931622084,2360,139,981622084,map,21.338220596313477,4.4853973388671875,0.5160099864006042,-0.00044746388448402286,0.0,0.0,0.0,3.05663850461078e-05,-0.0024117910337463277,-0.0021227017279789938,0.9999948382202177,0,0,0,,1.0,-0.011298402212560177,0.0,False,False,5,False
140.031622085,2361,140,31622085,map,21.53875732421875,4.011383056640625,0.4283091723918915,-0.0008407593122683465,0.0,0.0,0.0,0.0002919598175308831,-0.0027839282357848497,-0.0011425621341860188,0.9999954295169615,0,0,0,,1.0,-0.009313219226896763,0.0,False,False,5,False
140.031622085,2362,140,81622086,map,21.7209529876709,3.6436080932617188,-0.2324032485485077,-0.0005790709983557463,0.0,0.0,0.0,0.00027181357687284385,-0.003097146312688831,-0.0003452093413808781,0.9999951073043348,0,0,0,,1.0,0.0028983857482671738,0.0,False,False,5,False
140.131622087,2363,140,131622087,map,21.885656356811523,3.288116455078125,-1.7194582223892212,-0.0003112792910542339,0.0,0.0,0.0,-0.0003720606099543318,-0.003282118648588801,-0.0008183755519051067,0.9999942097480041,0,0,0,,0.9652751684188843,0.029055599123239517,0.0,False,False,5,False
140.181622087,2364,140,181622087,map,22.031253814697266,2.9010772705078125,-1.5326249599456787,-0.00016021731426008046,0.0,0.0,0.0,-0.0011422475672993124,-0.0033376787977704696,-0.002722762364566115,0.9999900708186278,0,0,0,,0.7153015732765198,0.028439730405807495,0.0,False,False,5,False
140.231622088,2365,140,231622088,map,22.14167594909668,2.19757080078125,-1.088897943496704,4.9591108108870685e-05,0.0,0.0,0.0,-0.001622930391908615,-0.003248251148662735,-0.005330221413437744,0.999979201634265,0,0,0,,0.5921623706817627,0.01898638904094696,0.0,False,False,5,False
140.231622088,2366,140,281622089,map,22.21260643005371,1.404571533203125,-1.1302640438079834,0.0004844664945267141,0.0,0.0,0.0,-0.0019059536897950565,-0.0030110835435547345,-0.008101741839355773,0.9999608304806715,0,0,0,,0.49331042170524597,0.01463654637336731,0.0,False,False,5,False
140.33162209,2367,140,331622090,map,22.24635887145996,0.67413330078125,-0.07155120372772217,0.0008008956210687757,0.0,0.0,0.0,-0.0017483347125172926,-0.0026576902551123578,-0.010182620121247802,0.9999430955087931,0,0,0,,0.40736404061317444,-0.006046917289495468,0.0,False,False,5,False
140.33162209,2368,140,381622090,map,22.246051788330078,0.004730224609375,0.837622880935669,0.001033020089380443,0.0,0.0,0.0,-0.0011048610172934392,-0.002229272415826777,-0.010689119377713196,0.999939774363215,0,0,0,,0.36083656549453735,-0.024922046810388565,0.0,False,False,5,False
140.431622091,2369,140,431622091,map,22.218881607055664,-0.5321502685546875,1.039172649383545,0.000480842572869733,0.0,0.0,0.0,-0.0003083918762330146,-0.0017675906778032975,-0.00948365287448432,0.9999534193380223,0,0,0,,0.3183099627494812,-0.030451972037553787,0.0,False,False,5,False
140.481622092,2370,140,481622092,map,22.169506072998047,-0.982666015625,0.53343266248703,-9.670256986282766e-05,0.0,0.0,0.0,0.00022210777150950608,-0.001304785601500369,-0.007272215087410105,0.9999726811720381,0,0,0,,0.2416767030954361,-0.020402580499649048,0.0,False,False,5,False
140.531622093,2371,140,531622093,map,22.095779418945312,-1.4640426635742188,1.5457643270492554,-0.00023021697415970266,0.0,0.0,0.0,0.0008623683229342637,-0.0008541354108784362,-0.004208172530289938,0.9999904089827715,0,0,0,,0.09968321025371552,-0.030536439269781113,0.0,False,False,5,False
140.531622093,2372,140,581622093,map,21.998018264770508,-1.9505691528320312,1.2885963916778564,-0.0005071640480309725,0.0,0.0,0.0,0.001434855766873395,-0.00041075818026080466,-0.0006385161601537719,0.9999986823810113,0,0,0,,0.051611144095659256,-0.021642286330461502,0.0,False,False,5,False
140.631622094,2373,140,631622094,map,21.88116455078125,-2.3363876342773438,0.39651811122894287,-0.00022125241230241954,0.0,0.0,0.0,0.0015598545764477939,1.551992050413149e-05,0.002421855324797843,0.9999958506062003,0,0,0,,0.005471516400575638,-0.0009090565145015717,0.0,False,False,5,False
140.681622095,2374,140,681622095,map,21.742563247680664,-2.7719497680664062,0.07706053555011749,0.00012054442777298391,0.0,0.0,0.0,0.0013562307921760421,0.00042151290713226126,0.004295629677471506,0.9999897652129154,0,0,0,,0.0,0.011235442012548447,0.0399542860686779,False,False,5,False
140.731622096,2375,140,731622096,map,21.58548927307129,-3.1412506103515625,0.3024963140487671,1.0299700079485774e-05,0.0,0.0,0.0,0.001159997965721675,0.0008093455267954477,0.005055316274613573,0.999986221476027,0,0,0,,0.0,0.011573169380426407,0.07899902760982513,False,False,5,False
140.731622096,2376,140,781622096,map,21.418729782104492,-3.3355331420898438,0.7595641613006592,-0.0002506255987100303,0.0,0.0,0.0,0.0011826110861314413,0.0011620091513395298,0.005241825944558165,0.9999848870990593,0,0,0,,0.0,0.004144404083490372,0.08800680935382843,False,False,5,False
140.831622097,2377,140,831622097,map,21.24574089050293,-3.460845947265625,0.5331615209579468,-0.0001197815072373487,0.0,0.0,0.0,0.0012286016457111477,0.00146144612971697,0.005126351498575004,0.9999850375048213,0,0,0,,0.0,0.005026545375585556,0.10065366327762604,False,False,5,False
140.831622097,2378,140,881622098,map,21.068073272705078,-3.5555648803710938,0.6367484331130981,-0.00016288759070448577,0.0,0.0,0.0,0.0012781236695670615,0.001706943943453413,0.004915839163325968,0.9999856435307357,0,0,0,,0.0,0.0007640384137630463,0.11240017414093018,False,False,5,False
140.931622099,2379,140,931622099,map,20.935523986816406,-2.6510238647460938,0.007818788290023804,7.1334870881401e-05,0.0,0.0,0.0,0.0011208779004661512,0.001840986232673839,0.00448346325439447,0.999987626403282,0,0,0,,0.0,0.007950808852910995,0.12767250835895538,False,False,5,False
140.981622099,2380,140,981622099,map,20.87873649597168,-1.1370086669921875,0.27126774191856384,0.0002582549932412803,0.0,0.0,0.0,0.0009556596440562525,0.001630437628087906,0.003928976587777164,0.9999904957202135,0,0,0,,0.0,0.002489086240530014,0.14529921114444733,False,False,0,False
140.981622099,2381,141,31622100,map,20.76171112060547,-2.3384475708007812,-0.47776415944099426,0.0002225875505246222,0.0,0.0,0.0,0.0006024458681382263,0.0013649046661195507,0.00308630110294301,0.9999941244026038,0,0,0,,0.0,0.011440809816122055,0.1592017114162445,False,False,0,False
141.081622101,2382,141,81622101,map,20.416507720947266,-6.904029846191406,-0.02884402871131897,-0.0006441115401685238,0.0,0.0,0.0,0.00035279497626326253,0.0017962973344522193,0.0021647703958281935,0.9999959813022871,0,0,0,,0.0,0.002962198108434677,0.1683783084154129,False,False,4,False
141.081622101,2383,141,131622102,map,20.1000919342041,-6.3292694091796875,0.22561565041542053,-0.0007753371610306203,0.0,0.0,0.0,0.00030668269190421113,0.0024836124207469504,0.0015731511269635574,0.9999956313957586,0,0,0,,0.0,-0.00426178053021431,0.15915773808956146,False,False,4,False
141.181622102,2384,141,181622102,map,19.80669593811035,-5.869483947753906,0.3108038008213043,-0.00042572023812681437,0.0,0.0,0.0,0.0003702600577153197,0.003065830814719601,0.0014694412367415603,0.9999941521485798,0,0,0,,0.0,-0.008012901991605759,0.15012164413928986,False,False,4,False
141.231622103,2385,141,231622103,map,19.53038787841797,-5.528755187988281,0.43407514691352844,1.5831028576940298e-05,0.0,0.0,0.0,0.0004950410027856924,0.003455261856198175,0.0018880336220375615,0.999992125683474,0,0,0,,0.0,-0.011161413043737411,0.14414067566394806,False,False,4,False
141.231622103,2386,141,281622104,map,19.26583480834961,-5.292472839355469,0.19087374210357666,0.0003328323073219508,0.0,0.0,0.0,0.0005430218863457418,0.0036709827800611152,0.0026115769474025245,0.9999897042862528,0,0,0,,0.0,-0.0070054419338703156,0.14677555859088898,False,False,4,False
141.331622105,2387,141,331622105,map,19.00790786743164,-5.155525207519531,-0.48473119735717773,0.000457763671875,0.0,0.0,0.0,0.0003148363712073564,0.0037632198708658308,0.0030675056317644228,0.9999881646616934,0,0,0,,0.0,0.005974885076284409,0.16021789610385895,False,False,4,False
141.381622105,2388,141,381622105,map,18.75254249572754,-5.103416442871094,-0.8334792852401733,0.0003095626598224044,0.0,0.0,0.0,-0.00012038504214665603,0.003784799964712521,0.0028177492412174,0.9999888604808967,0,0,0,,0.0,0.014736782759428024,0.18149463832378387,False,False,4,False
141.431622106,2389,141,431622106,map,18.500473022460938,-5.040092468261719,-0.44030123949050903,4.310608346713707e-05,0.0,0.0,0.0,-0.0004245505818533515,0.0037704288271882313,0.002061777207189501,0.9999906763055394,0,0,0,,0.0,0.009810838848352432,0.18989123404026031,False,False,4,False
141.481622107,2390,141,481622107,map,18.253751754760742,-4.933815002441406,-0.2864854037761688,5.9509275160962716e-05,0.0,0.0,0.0,-0.000544131678901659,0.003732820533684061,0.0011572860719400735,0.9999922152999627,0,0,0,,0.0,0.006140921264886856,0.18316669762134552,False,False,4,False
141.531622108,2391,141,531622108,map,18.01243782043457,-4.825706481933594,-0.6178016662597656,-2.346039764233865e-05,0.0,0.0,0.0,-0.0006930330927498718,0.003677412064050607,9.762153103948942e-05,0.9999929933832937,0,0,0,,0.0,0.010021548718214035,0.17512716352939606,False,False,4,False
141.581622108,2392,141,581622108,map,17.776165008544922,-4.72564697265625,-0.4085703194141388,6.484988261945546e-06,0.0,0.0,0.0,-0.000790778378625597,0.003610983126362098,-0.001004510096632242,0.9999926631880269,0,0,0,,0.0,0.005820002406835556,0.168150395154953,False,False,4,False
141.581622108,2393,141,631622109,map,17.54544448852539,-4.614906311035156,-0.3179236948490143,-1.8692007870413363e-05,0.0,0.0,0.0,-0.0008077195005287823,0.0035369128607799193,-0.0019586437866579115,0.9999915007394516,0,0,0,,0.0,0.0028061531484127045,0.1559819132089615,False,False,4,False
141.68162211,2394,141,681622110,map,17.31905746459961,-4.5270538330078125,0.5949524641036987,5.1498318498488516e-06,0.0,0.0,0.0,-0.0004935039014830473,0.0034581694334903526,-0.0022251908179532318,0.9999914229851634,0,0,0,,0.0,-0.013729412108659744,0.14960025250911713,False,False,4,False
141.731622111,2395,141,731622111,map,17.09913444519043,-4.3985748291015625,-0.18522050976753235,-2.1171563275856897e-05,0.0,0.0,0.0,-0.0003246458215498387,0.003375897729511509,-0.0020476540259773157,0.9999921524855084,0,0,0,,0.0,-0.0032438896596431732,0.13070516288280487,False,False,4,False
141.781622111,2396,141,781622111,map,16.92099952697754,-3.5626220703125,0.17080605030059814,-0.00011787415132857859,0.0,0.0,0.0,-0.00019309204841946629,0.0032562766126653887,-0.0016308580682515576,0.9999933498179094,0,0,0,,0.0,-0.007263753563165665,0.1246243566274643,False,False,4,False
141.831622112,2397,141,831622112,map,16.871356964111328,-0.9928131103515625,0.2248983383178711,0.0005441665416583419,0.0,0.0,0.0,-3.277105538242509e-05,0.002746015356650509,-0.0009645203440216673,0.9999957640041406,0,0,0,,0.0,-0.007131356745958328,0.13293631374835968,False,False,0,False
141.881622113,2398,141,881622113,map,16.810148239135742,-1.2244415283203125,-0.5198902487754822,0.0003217696794308722,0.0,0.0,0.0,-0.0001388676514954072,0.0021308842204755736,-0.0005695697118014932,0.9999975578162966,0,0,0,,0.0,0.005455810576677322,0.18846942484378815,False,False,0,False
141.881622113,2399,141,931622114,map,16.35549545288086,-9.0972900390625,-1.3001859188079834,-0.0009674071916379035,0.0,0.0,0.0,-0.0006233755032804437,0.0024308400208880483,-0.0011223839397009473,0.9999962213298942,0,0,0,,0.0,0.027183253318071365,0.22660501301288605,False,False,3,False
141.981622114,2400,141,981622114,map,15.937105178833008,-8.36996078491211,-0.3432239592075348,-0.001476287841796875,0.0,0.0,0.0,-0.0008794554675053429,0.003293874772836132,-0.0022358877638027777,0.9999916888419471,0,0,0,,0.0,0.011126328259706497,0.22423605620861053,False,False,3,False
142.031622115,2401,142,31622115,map,15.551437377929688,-7.718162536621094,-0.6096280813217163,-0.0010168073931708932,0.0,0.0,0.0,-0.0010133131027078833,0.004102526691647656,-0.0035702529310566136,0.9999846977655751,0,0,0,,0.0,0.013779643923044205,0.20488224923610687,False,False,3,False
142.081622116,2402,142,81622116,map,15.192317962646484,-7.181034088134766,0.19043251872062683,-5.0735543482005596e-05,0.0,0.0,0.0,-0.000861969613371454,0.004666904418122132,-0.004638477695531785,0.9999779805256742,0,0,0,,0.0,-0.001828458160161972,0.19257865846157074,False,False,3,False
142.131622117,2403,142,131622117,map,14.855940818786621,-6.725196838378906,0.3319413959980011,0.0006902694003656507,0.0,0.0,0.0,-0.0005427662717101612,0.00497782052690735,-0.005076803472465782,0.9999745760638507,0,0,0,,0.0,-0.007908005267381668,0.17167343199253082,False,False,3,False
142.131622117,2404,142,181622117,map,14.538643836975098,-6.344184875488281,0.2794429659843445,0.0009004593593999743,0.0,0.0,0.0,-0.0002536180747283469,0.005086884474144062,-0.004955264372511224,0.999974752000878,0,0,0,,0.0,-0.00900670513510704,0.15292255580425262,False,False,3,False
142.181622117,2405,142,231622118,map,14.237028121948242,-6.030006408691406,0.41697368025779724,0.0007638930110260844,0.0,0.0,0.0,1.063463444777304e-05,0.005057314812678313,-0.004367021179427871,0.9999776760407247,0,0,0,,0.0,-0.011680740863084793,0.13712993264198303,False,False,3,False
142.281622119,2406,142,281622119,map,13.949322700500488,-5.751705169677734,0.599389374256134,0.0005811690934933722,0.0,0.0,0.0,0.00029443828409603153,0.004941261530557848,-0.003343028958910453,0.9999821605398586,0,0,0,,0.0,-0.014713037759065628,0.11826185882091522,False,False,3,False
142.331622119,2407,142,331622119,map,13.672866821289062,-5.527839660644531,0.7284614443778992,0.00025787355843931437,0.0,0.0,0.0,0.0005930249481914722,0.004779731352969881,-0.0019362751287471788,0.9999865265733485,0,0,0,,0.0,-0.01667746528983116,0.10630220174789429,False,False,3,False
142.38162212,2408,142,381622120,map,13.40731143951416,-5.311336517333984,0.48246029019355774,0.00015029909263830632,0.0,0.0,0.0,0.0007722911176351259,0.0045984031140137915,-0.0004132095522934604,0.999989043696528,0,0,0,,0.0,-0.01180049404501915,0.08906067907810211,False,False,3,False
142.431622121,2409,142,431622121,map,13.151318550109863,-5.120391845703125,0.28177744150161743,1.4495817595161498e-05,0.0,0.0,0.0,0.0008002924829439521,0.0044111733407714146,0.0009232229809518382,0.9999895243156434,0,0,0,,0.0,-0.006439585238695145,0.07498443126678467,False,False,3,False
142.481622122,2410,142,481622122,map,12.903676986694336,-4.9542236328125,0.4204028844833374,-6.446840416174382e-05,0.0,0.0,0.0,0.000818339941245388,0.004228364263135639,0.0020556398004307396,0.9999886127353698,0,0,0,,0.0,-0.006855662912130356,0.06253032386302948,False,False,3,False
142.481622122,2411,142,531622122,map,12.809408187866211,-1.8885040283203125,0.5877838134765625,0.00015449528291355819,0.0,0.0,0.0,0.0008991122635009718,0.0038111377900537664,0.0031225191893885984,0.9999874582712498,0,0,0,,0.0,-0.008349601179361343,0.044255707412958145,False,False,3,False
142.581622123,2412,142,581622123,map,12.788908958435059,-0.4105567932128906,0.0842621922492981,0.0008604049799032509,0.0,0.0,0.0,0.000831770661046583,0.0029484635728626203,0.0039187254204888,0.9999876290790831,0,0,0,,0.0,-0.0004422105848789215,0.03155546262860298,False,False,0,False
142.631622124,2413,142,631622124,map,12.548054695129395,-4.816131591796875,-0.1628054678440094,5.3977855714038014e-05,0.0,0.0,0.0,0.000611886679904962,0.002358654196304529,0.004220684655621694,0.9999881240125359,0,0,0,,0.0,0.005058009177446365,0.028073173016309738,False,False,0,False
142.631622124,2414,142,681622125,map,12.010100364685059,-10.75857162475586,-0.11570215225219727,-0.0020622252486646175,0.0,0.0,0.0,0.0004178091156149197,0.003175183636160995,0.0041885492571634726,0.9999860997531614,0,0,0,,0.0,0.0051115043461322784,0.015475209802389145,False,False,2,False
142.681622125,2415,142,731622125,map,11.514867782592773,-9.90499496459961,0.025196075439453125,-0.002292060758918524,0.0,0.0,0.0,0.0003157332092392673,0.0043523791256911476,0.004046504053127394,0.9999822912999182,0,0,0,,0.01751892641186714,0.0017779581248760223,0.0,False,False,2,False
142.781622126,2416,142,781622126,map,11.059435844421387,-9.107284545898438,-0.25368547439575195,-0.0014495849609375,0.0,0.0,0.0,0.00017426054693535752,0.00533498649175757,0.0037670067163084564,0.9999786583786644,0,0,0,,0.055332694202661514,0.006410088390111923,0.0,False,False,2,False
142.831622127,2417,142,831622127,map,10.64212417602539,-8.346633911132812,0.04532374441623688,-9.288778528571129e-05,0.0,0.0,0.0,0.00011851953502795856,0.005967494777967584,0.003488905563522942,0.9999761009629998,0,0,0,,0.07952125370502472,0.0008684657514095306,0.0,False,False,2,False
142.881622128,2418,142,881622128,map,10.260927200317383,-7.620658874511719,-0.8109320402145386,0.0010238646063953638,0.0,0.0,0.0,-0.0001660175672591366,0.00625871125242809,0.0028685582666524716,0.9999762858913689,0,0,0,,0.1236899197101593,0.016347330063581467,0.0,False,False,2,False
142.931622128,2419,142,931622128,map,9.914483070373535,-6.930408477783203,0.43985772132873535,0.0015001296997070312,0.0,0.0,0.0,-0.00011871256513495283,0.00627301968997804,0.0024104945964132183,0.9999774120684409,0,0,0,,0.14439469575881958,-0.004399824887514114,0.0,False,False,2,False
142.981622129,2420,142,981622129,map,9.600013732910156,-6.287441253662109,-0.7005172967910767,0.0015375136863440275,0.0,0.0,0.0,-0.000261973784434458,0.0060858918714454405,0.0018704954307666277,0.9999796970622498,0,0,0,,0.1826855093240738,0.012723322957754135,0.0,False,False,2,False
142.981622129,2421,143,31622130,map,9.31554126739502,-5.690460205078125,0.4431557357311249,0.0012292861938476562,0.0,0.0,0.0,-0.00015542616378257733,0.005764396414251164,0.0015542395181029078,0.9999821657990744,0,0,0,,0.199910506606102,-0.0052892304956912994,0.0,False,False,2,False
143.081622131,2422,143,81622131,map,9.058137893676758,-5.1470184326171875,-0.5105440020561218,0.0007472991710528731,0.0,0.0,0.0,-0.00022044674805125206,0.005363588113844095,0.0012312431426902033,0.9999848335680396,0,0,0,,0.2315785437822342,0.008308406919240952,0.0,False,False,2,False
143.131622131,2423,143,131622131,map,8.82522964477539,-4.658107757568359,-0.09386037290096283,0.0003057479625567794,0.0,0.0,0.0,-0.0002704462438722067,0.004923932733777771,0.0008407293222896047,0.9999874873814517,0,0,0,,0.23687110841274261,0.0037230737507343292,0.0,False,False,2,False
143.131622131,2424,143,181622132,map,8.612884521484375,-4.246921539306641,-0.1085105836391449,-6.198883056640625e-05,0.0,0.0,0.0,-0.00027032078826766533,0.004478191293845284,0.0004797661781613626,0.9999898212251069,0,0,0,,0.2598181664943695,0.0034999437630176544,0.0,False,False,2,False
143.231622133,2425,143,231622133,map,8.420144081115723,-3.8547897338867188,0.08180507272481918,-0.00023021697415970266,0.0,0.0,0.0,-0.00019769586503022796,0.0040460744984957605,0.0002865500681351553,0.9999917540092798,0,0,0,,0.27005454897880554,-9.199604392051697e-05,0.0,False,False,2,False
143.231622133,2426,143,281622134,map,8.242470741271973,-3.5535049438476562,-0.1364477574825287,-0.0003082274633925408,0.0,0.0,0.0,-0.00017784790309948958,0.003641049982560353,6.0034873679874786e-05,0.9999933537383944,0,0,0,,0.2829434275627136,0.002785075455904007,0.0,False,False,2,False
143.281622134,2427,143,331622134,map,8.07983684539795,-3.252716064453125,0.2734847068786621,-0.0003971099795307964,0.0,0.0,0.0,-5.870419554214683e-05,0.0032687060172935404,0.0001168364658696487,0.9999946492176996,0,0,0,,0.28770291805267334,-0.004010725766420364,0.0,False,False,2,False
143.381622135,2428,143,381622135,map,7.930050849914551,-2.996797561645508,-0.7542068362236023,-0.00030860910192131996,0.0,0.0,0.0,-0.0002483664710968129,0.002932203702437244,-0.0003076747560307644,0.9999956229063145,0,0,0,,0.2929430305957794,0.01271745190024376,0.0,False,False,2,False
143.381622135,2429,143,431622136,map,7.7959065437316895,-2.681894302368164,0.8297935128211975,-0.0003103256458416581,0.0,0.0,0.0,-3.444292748366163e-05,0.00261980568026521,-0.00016952191078082747,0.9999965533411623,0,0,0,,0.30506476759910583,-0.011331107467412949,0.0,False,False,2,False
143.431622136,2430,143,481622137,map,7.670536518096924,-2.5072765350341797,-0.32822275161743164,-0.00025081628700718284,0.0,0.0,0.0,-7.328634983243965e-06,0.002335846411202114,-0.00028288690997892336,0.9999972318675839,0,0,0,,0.32178473472595215,0.0034124664962291718,0.0,False,False,2,False
143.481622137,2431,143,531622137,map,7.551771640777588,-2.3752975463867188,-0.0077042728662490845,-0.0001710891810944304,0.0,0.0,0.0,-3.8350202013503185e-05,0.0020895036954261745,-0.00012700653152129446,0.9999978081840528,0,0,0,,0.32224059104919434,0.0006448812782764435,0.0,False,False,2,False
143.581622138,2432,143,581622138,map,7.438634395599365,-2.2628021240234375,0.2760319113731384,-0.0001317977876169607,0.0,0.0,0.0,5.840245837942406e-05,0.0018815263175400504,-0.00021081422219999972,0.9999982060010074,0,0,0,,0.3348948061466217,-0.005115438252687454,0.0,False,False,2,False
143.631622139,2433,143,631622139,map,7.331017971038818,-2.1523475646972656,-0.35168811678886414,-8.716582669876516e-05,0.0,0.0,0.0,-2.686651534376782e-05,0.0017060037556664305,-1.8343566958545152e-05,0.9999985442453853,0,0,0,,0.340015172958374,0.005275499075651169,0.0,False,False,2,False
143.68162214,2434,143,681622140,map,7.229137420654297,-2.0376110076904297,0.0038295239210128784,-7.629398623976158e-07,0.0,0.0,0.0,-7.214172200998698e-05,0.0015560642794089227,-0.0003613704569221143,0.9999987214346443,0,0,0,,0.35787636041641235,0.0014374591410160065,0.0,False,False,2,False
143.73162214,2435,143,731622140,map,7.133007526397705,-1.9224929809570312,0.13754385709762573,-8.277892629848793e-05,0.0,0.0,0.0,-2.3476679855156363e-05,0.0014231832784455055,-0.00015836463432757178,0.9999989744588962,0,0,0,,0.36554256081581116,-0.001876387745141983,0.0,False,False,2,False
143.73162214,2436,143,781622141,map,7.042233467102051,-1.816110610961914,-0.3787752389907837,1.8119808373739943e-05,0.0,0.0,0.0,-0.00012174339545388733,0.001303147684829506,-0.0005845250809952726,0.9999989726570158,0,0,0,,0.3771032989025116,0.0074451155960559845,0.0,False,False,2,False
143.831622142,2437,143,831622142,map,6.957198619842529,-1.7000675201416016,0.3635115921497345,-1.411438006471144e-05,0.0,0.0,0.0,-3.574278884264469e-05,0.0011912128964858837,-0.00039969284741592605,0.999999209989646,0,0,0,,0.3917637765407562,-0.004813108593225479,0.0,False,False,2,False
143.881622143,2438,143,881622143,map,6.877901554107666,-1.5859413146972656,0.009180530905723572,3.852844383800402e-05,0.0,0.0,0.0,3.14944775954546e-05,0.0010844285223017387,-0.0005815981023859008,0.9999992423829757,0,0,0,,0.40462926030158997,-0.0012140832841396332,0.0,False,False,2,False
143.881622143,2439,143,931622143,map,6.804068565368652,-1.4766883850097656,0.14802151918411255,5.4740903578931466e-05,0.0,0.0,0.0,8.98511995543618e-05,0.0009810766330842061,-0.00017416929919929366,0.9999994995401034,0,0,0,,0.4042254090309143,-0.0038126595318317413,0.0,False,False,2,False
143.981622144,2440,143,981622144,map,6.734631538391113,-1.3894081115722656,0.34018123149871826,-4.310607982915826e-05,0.0,0.0,0.0,0.00021775479967134552,0.000883322874714466,-8.169439512093415e-05,0.999999582824699,0,0,0,,0.4161144196987152,-0.008913721889257431,0.0,False,False,2,False
144.031622145,2441,144,31622145,map,6.6691694259643555,-1.308736801147461,-0.20460036396980286,2.002716064453125e-05,0.0,0.0,0.0,0.00016575010890457206,0.0007913273591058968,0.0004568667765811673,0.9999995688002373,0,0,0,,0.4056677222251892,0.00043769553303718567,0.0,False,False,2,False
144.081622146,2442,144,81622146,map,6.606023788452148,-1.2629890441894531,-0.5036008358001709,2.86102294921875e-06,0.0,0.0,0.0,-6.98073476069974e-05,0.0007103052368016873,4.585592071561252e-05,0.999999744245287,0,0,0,,0.397224485874176,0.009856659919023514,0.0,False,False,2,False
144.131622146,2443,144,131622146,map,6.544655799865723,-1.227102279663086,0.19548000395298004,-3.2615658710710704e-05,0.0,0.0,0.0,-9.410965393564598e-05,0.0006412716038234604,0.00015612150978316168,0.999999777770064,0,0,0,,0.41663429141044617,-0.0008280612528324127,0.0,False,False,2,False
144.181622147,2444,144,181622147,map,6.486945152282715,-1.1542701721191406,-0.06030145660042763,2.0217894416418858e-05,0.0,0.0,0.0,-8.10866131681552e-05,0.0005790190617434162,-0.00024136226989064852,0.999999799953051,0,0,0,,0.4323899447917938,0.0018946118652820587,0.0,False,False,2,False
144.181622147,2445,144,231622148,map,6.433150768280029,-1.076364517211914,-0.24052870273590088,-3.5667417250806466e-05,0.0,0.0,0.0,-0.00015143349191077012,0.0005182916662352656,-0.00019354990852897888,0.9999998354900261,0,0,0,,0.4366571009159088,0.0062799714505672455,0.0,False,False,2,False
144.281622149,2446,144,281622149,map,6.382814884185791,-1.0064506530761719,0.6467753052711487,1.1825559340650216e-05,0.0,0.0,0.0,6.0986862984412184e-05,0.0004580982140277245,-0.0003785250941342818,0.9999998215726751,0,0,0,,0.4503476321697235,-0.011494603008031845,0.0,False,False,2,False
144.331622149,2447,144,331622149,map,6.337036609649658,-0.9154224395751953,-0.07750318944454193,1.201629675051663e-05,0.0,0.0,0.0,0.0001336615280588428,0.00039597437837870825,0.00015520931300147582,0.9999999006244735,0,0,0,,0.4478599429130554,-0.0019258074462413788,0.0,False,False,2,False
144.331622149,2448,144,381622150,map,6.293262004852295,-0.8755016326904297,-0.38622909784317017,-1.239776611328125e-05,0.0,0.0,0.0,-1.5118586517795934e-05,0.00033635174879628684,-0.00018263430460917565,0.9999999266418174,0,0,0,,0.4332532584667206,0.006850671023130417,0.0,False,False,2,False
144.38162215,2449,144,431622151,map,6.250924587249756,-0.8465957641601562,0.22574038803577423,3.0517576306010596e-05,0.0,0.0,0.0,-7.747892293918067e-06,0.00028306177785427847,8.735385815257998e-05,0.9999999560926507,0,0,0,,0.4490313231945038,-0.002877194434404373,0.0,False,False,2,False
144.431622151,2450,144,481622152,map,6.211442470550537,-0.7896518707275391,-0.08717309683561325,-3.833770824712701e-05,0.0,0.0,0.0,-1.1664883592935327e-05,0.00023383165506929126,-0.00022676808443632707,0.9999999468814603,0,0,0,,0.46052148938179016,0.0013417713344097137,0.0,False,False,2,False
144.531622152,2451,144,531622152,map,6.174883842468262,-0.7312679290771484,-0.10418212413787842,-2.574920654296875e-05,0.0,0.0,0.0,-5.5125035431644155e-05,0.00018590759155955985,-1.2889477338497638e-05,0.9999999811167294,0,0,0,,0.4626162648200989,0.002764549106359482,0.0,False,False,2,False
144.531622152,2452,144,581622153,map,6.141651153564453,-0.6646060943603516,0.27706897258758545,1.888275073724799e-05,0.0,0.0,0.0,3.090103191973794e-05,0.00013767844129424417,-0.00026834126023532294,0.9999999540413695,0,0,0,,0.48566076159477234,-0.0050627700984478,0.0,False,False,2,False
144.631622154,2453,144,631622154,map,6.112793445587158,-0.5771350860595703,-0.02238525077700615,-8.583069757150952e-06,0.0,0.0,0.0,6.361563329736761e-05,8.54828293110439e-05,0.00015365895487542478,0.9999999825173311,0,0,0,,0.48820236325263977,-0.0011234916746616364,0.0,False,False,2,False
144.681622155,2454,144,681622155,map,6.086881160736084,-0.5182743072509766,-0.2196674793958664,1.2969971976417582e-05,0.0,0.0,0.0,-1.863601800629794e-05,3.141527086387725e-05,-0.00019442506189641743,0.9999999804323372,0,0,0,,0.4789782464504242,0.0040502287447452545,0.0,False,False,2,False
144.731622155,2455,144,731622155,map,6.062318325042725,-0.49155235290527344,-0.17268016934394836,-2.0599363779183477e-05,0.0,0.0,0.0,-0.00011451751617909723,-2.0256594098005424e-05,-7.845712128421649e-05,0.9999999901599445,0,0,0,,0.4720107614994049,0.005293842405080795,0.0,False,False,2,False
144.781622156,2456,144,781622156,map,6.039752960205078,-0.45096397399902344,0.2230215072631836,1.5830992197152227e-05,0.0,0.0,0.0,-5.4626674367069275e-05,-6.655223018411929e-05,-0.00047893620624485335,0.9999998816034118,0,0,0,,0.49421393871307373,-0.002615455538034439,0.0,False,False,2,False
144.831622157,2457,144,831622157,map,6.020119667053223,-0.3927326202392578,0.22163398563861847,2.0980833141948096e-05,0.0,0.0,0.0,6.76273457364329e-05,-0.00011056929029988707,-3.9648764671219665e-05,0.9999999908144748,0,0,0,,0.49245700240135193,-0.005310636013746262,0.0,False,False,2,False
144.881622157,2458,144,881622157,map,6.001475811004639,-0.37299156188964844,-0.3675606846809387,-4.844665454584174e-05,0.0,0.0,0.0,-2.1897186263496218e-05,-0.00015108919210911822,-0.000392247707395762,0.9999999114171487,0,0,0,,0.47514083981513977,0.00622863695025444,0.0,False,False,2,False
144.881622157,2459,144,931622158,map,5.983767032623291,-0.3539848327636719,0.27681368589401245,8.392335075768642e-06,0.0,0.0,0.0,2.0790458701884614e-05,-0.00018572924547071072,-5.6841068543088685e-05,0.9999999809207484,0,0,0,,0.49640217423439026,-0.004378575831651688,0.0,False,False,2,False
144.981622159,2460,144,981622159,map,5.968445301055908,-0.30646324157714844,0.043400831520557404,2.613067590573337e-05,0.0,0.0,0.0,6.797064057846516e-05,-0.0002184089676231219,-0.00025836439211786955,0.9999999404626762,0,0,0,,0.5072130560874939,-0.0022930167615413666,0.0,False,False,2,False
145.03162216,2461,145,31622160,map,5.955516815185547,-0.2585411071777344,-0.15409210324287415,-1.3732913430430926e-05,0.0,0.0,0.0,1.725774427331976e-05,-0.00025224539992976265,8.309496305628007e-05,0.9999999645848271,0,0,0,,0.5006932616233826,0.002301301807165146,0.0,False,False,2,False
145.08162216,2462,145,81622160,map,5.945010662078857,-0.21053314208984375,0.3698222041130066,3.6811830796068534e-05,0.0,0.0,0.0,0.00011324704736925695,-0.0002866450738953464,-5.623667628415411e-05,0.9999999509235709,0,0,0,,0.526863157749176,-0.008004289120435715,0.0,False,False,2,False
145.131622161,2463,145,131622161,map,5.938209533691406,-0.13586044311523438,-0.06832960993051529,-2.937316821771674e-05,0.0,0.0,0.0,0.00012619056740644644,-0.00032555998149611193,0.00047701307867392565,0.9999998252725657,0,0,0,,0.5250115990638733,-0.0015453658998012543,0.0,False,False,2,False
145.131622161,2464,145,181622162,map,5.933475971221924,-0.09446144104003906,-0.14361919462680817,-2.9754637580481358e-05,0.0,0.0,0.0,4.776817273115716e-05,-0.0003667364264440452,0.00022878300807937924,0.9999999054404608,0,0,0,,0.5109769105911255,0.001661200076341629,0.0,False,False,2,False
145.231622163,2465,145,231622163,map,5.92852783203125,-0.09898185729980469,-0.23374983668327332,-2.555847095209174e-05,0.0,0.0,0.0,-7.306466855731794e-05,-0.00040349505008621905,0.00042687509292630576,0.9999998248154617,0,0,0,,0.4968891441822052,0.005493778735399246,0.0,False,False,2,False
145.281622163,2466,145,281622163,map,5.924301624298096,-0.08450508117675781,0.23466390371322632,5.8555600844556466e-05,0.0,0.0,0.0,-2.9797899170501195e-05,-0.0004326721017323637,6.816399982716806e-05,0.9999999036302987,0,0,0,,0.5217010378837585,-0.0032665319740772247,0.0,False,False,2,False
145.331622164,2467,145,331622164,map,5.921788215637207,-0.05023002624511719,-0.05682394281029701,9.536734069115482e-07,0.0,0.0,0.0,-9.40595969422004e-06,-0.00045842303630363454,0.00039574125850676094,0.9999998165743351,0,0,0,,0.5187555551528931,0.0006136186420917511,0.0,False,False,2,False
145.381622165,2468,145,381622165,map,5.919826030731201,-0.03939628601074219,-0.24626651406288147,-2.1171566913835704e-05,0.0,0.0,0.0,-9.377717764960098e-05,-0.0004810624350269613,-7.058538089224358e-05,0.9999998774012319,0,0,0,,0.506668210029602,0.005690637975931168,0.0,False,False,2,False
145.431622166,2469,145,431622166,map,5.918927192687988,-0.017919540405273438,0.35404860973358154,-2.5749210180947557e-05,0.0,0.0,0.0,3.6231563549806708e-06,-0.0005004992203654158,0.00025965990293247876,0.9999998410320563,0,0,0,,0.5401325225830078,-0.005726207047700882,0.0,False,False,2,False
145.481622166,2470,145,481622166,map,5.92075777053833,0.0366973876953125,-0.09299570322036743,3.738403393072076e-05,0.0,0.0,0.0,2.697708980450343e-05,-0.0005233883494051265,-3.4638797531790706e-07,0.9999998626683667,0,0,0,,0.5400874018669128,0.0004544369876384735,0.0,False,False,2,False
145.531622167,2471,145,531622167,map,5.924478530883789,0.07439613342285156,-0.16224734485149384,-2.6702882678364404e-05,0.0,0.0,0.0,-3.634610790089966e-05,-0.0005501600096242731,0.0002529801087117822,0.9999998160019774,0,0,0,,0.5281726121902466,0.0035368166863918304,0.0,False,False,2,False
145.581622168,2472,145,581622168,map,5.930285453796387,0.11582374572753906,0.38970381021499634,1.6021731426008046e-05,0.0,0.0,0.0,7.258872333852066e-05,-0.0005782209259412405,5.037569179669712e-05,0.9999998289268492,0,0,0,,0.5633242130279541,-0.007584858685731888,0.0,False,False,2,False
145.631622169,2473,145,631622169,map,5.940147399902344,0.1973724365234375,-0.060220472514629364,5.245208740234375e-05,0.0,0.0,0.0,0.00010197389082198315,-0.0006126208675877641,0.0005425479586373974,0.9999996599692975,0,0,0,,0.5600947141647339,-0.0012770630419254303,0.0,False,False,2,False
145.631622169,2474,145,681622169,map,5.951779365539551,0.23279190063476562,-0.35316789150238037,-7.629394076502649e-06,0.0,0.0,0.0,-3.9583892654841704e-05,-0.000650530954796859,0.00014937749132403505,0.9999997764644536,0,0,0,,0.5394753813743591,0.006704490631818771,0.0,False,False,2,False
145.681622169,2475,145,731622170,map,5.962376594543457,0.2114391326904297,-0.2452044039964676,-6.0462949477368966e-05,0.0,0.0,0.0,-0.00018125391519638835,-0.0006829784003936257,0.00015700257126782493,0.9999997380188232,0,0,0,,0.5233730673789978,0.007885735481977463,0.0,False,False,2,False
145.781622171,2476,145,781622171,map,5.973540306091309,0.2237987518310547,0.2667025923728943,6.999968900345266e-05,0.0,0.0,0.0,-0.00011235436221433062,-0.0007070524640200392,-0.0003328840447785038,0.999999688320713,0,0,0,,0.5619332790374756,-0.0022796429693698883,0.0,False,False,2,False
145.781622171,2477,145,831622172,map,5.9874162673950195,0.27744293212890625,-0.07339120656251907,-3.871917579090223e-05,0.0,0.0,0.0,-7.172368121877725e-05,-0.000730088847601937,-0.0001159974942259688,0.9999997241852466,0,0,0,,0.5608699321746826,0.0019445009529590607,0.0,False,False,2,False
145.831622172,2478,145,881622172,map,6.00209903717041,0.29277801513671875,-0.31647926568984985,-1.9073468138230965e-07,0.0,0.0,0.0,-0.0001653784226082724,-0.0007532867000310196,-0.0007020584887423833,0.9999994561613538,0,0,0,,0.5416715145111084,0.008123207837343216,0.0,False,False,2,False
145.931622173,2479,145,931622173,map,6.018316745758057,0.32507896423339844,0.23168373107910156,-2.384185791015625e-05,0.0,0.0,0.0,-0.00010403817239905798,-0.0007750395473542219,-0.0005693677716206463,0.9999995321549403,0,0,0,,0.586500346660614,-0.0015123076736927032,0.0,False,False,2,False
145.981622174,2480,145,981622174,map,6.037985324859619,0.39306640625,-0.1149480789899826,-1.5258774510584772e-06,0.0,0.0,0.0,-8.763818714146938e-05,-0.0008026066256351454,-0.0010206415981860262,0.9999991532160819,0,0,0,,0.5781089067459106,0.003079798072576523,0.0,False,False,2,False
146.031622175,2481,146,31622175,map,6.059277534484863,0.42428016662597656,-0.3473323583602905,-4.711150540970266e-05,0.0,0.0,0.0,-0.0001947515674343449,-0.0008339633216295472,-0.0010474714210931683,0.9999990846898947,0,0,0,,0.5617480874061584,0.009357649832963943,0.0,False,False,2,False
146.081622175,2482,146,81622175,map,6.080239295959473,0.41744232177734375,-0.256277471780777,7.64846772653982e-05,0.0,0.0,0.0,-0.00030414848337159076,-0.0008611360002162056,-0.0018733286732147566,0.9999978282867275,0,0,0,,0.5441508293151855,0.010012511163949966,0.0,False,False,2,False
146.131622176,2483,146,131622176,map,6.101941108703613,0.43621063232421875,0.321725070476532,-1.9645689462777227e-05,0.0,0.0,0.0,-0.00018221397963551287,-0.0008816895837092752,-0.0018732007333304387,0.9999978402679459,0,0,0,,0.5986914038658142,-0.0017506368458271027,0.0,False,False,2,False
146.181622177,2484,146,181622177,map,6.126766204833984,0.4920005798339844,-0.5829737186431885,5.531310307560489e-06,0.0,0.0,0.0,-0.0002876231306306078,-0.0009049334545477999,-0.0026498322185016863,0.9999960383709483,0,0,0,,0.5882167816162109,0.01397041603922844,0.0,False,False,2,False
146.231622178,2485,146,231622178,map,6.152535915374756,0.5071735382080078,-0.6486892104148865,-4.5585635234601796e-05,0.0,0.0,0.0,-0.0005311311085510319,-0.0009296593115423104,-0.0032529462092474562,0.9999941359699415,0,0,0,,0.5679088830947876,0.020557444542646408,0.0,False,False,2,False
146.231622178,2486,146,281622178,map,6.181150913238525,0.5772209167480469,0.34998252987861633,3.4904482163256034e-05,0.0,0.0,0.0,-0.00042753315189089045,-0.0009571023327270597,-0.004270527659257806,0.9999903318352833,0,0,0,,0.627988874912262,0.002372872084379196,0.0,False,False,2,False
146.331622179,2487,146,331622179,map,6.215769290924072,0.6859302520751953,-0.45666560530662537,-1.9836428691633046e-05,0.0,0.0,0.0,-0.0004374277748446295,-0.0009946703577898661,-0.004684954444980359,0.9999884351779623,0,0,0,,0.6257020235061646,0.014127951115369797,0.0,False,False,2,False
146.38162218,2488,146,381622180,map,6.2534661293029785,0.7543277740478516,0.018818378448486328,8.697509474586695e-05,0.0,0.0,0.0,-0.00039178847803418636,-0.0010425529390832424,-0.005650379234643519,0.999983416262321,0,0,0,,0.608552098274231,0.0067374370992183685,0.0,False,False,2,False
146.431622181,2489,146,431622181,map,6.291162967681885,0.7252788543701172,-1.361541986465454,-0.00014209747314453125,0.0,0.0,0.0,-0.0007627537416955521,-0.0010839345010117878,-0.006642088997226265,0.9999770627101805,0,0,0,,0.6004355549812317,0.03477935120463371,0.0,False,False,2,False
146.481622181,2490,146,481622181,map,6.333790302276611,0.8557510375976562,0.11229097843170166,3.4523007343523204e-05,0.0,0.0,0.0,-0.0007920634130050556,-0.00112769895607903,-0.008277809921681352,0.9999647887768421,0,0,0,,0.6702636480331421,0.012895341962575912,0.0,False,False,2,False
146.531622182,2491,146,531622182,map,6.386706829071045,1.0974502563476562,2.520388126373291,0.0001892089785542339,0.0,0.0,0.0,0.0002316474068297985,-0.0011936492638492293,-0.007600304386166356,0.9999703780183449,0,0,0,,0.7832545042037964,-0.04499107971787453,0.0,False,False,2,False
146.531622182,2492,146,581622183,map,6.4624104499816895,1.5151309967041016,0.2261638343334198,-0.00022029876708984375,0.0,0.0,0.0,0.0007549871360437017,-0.0013116186978178739,-0.006618092253183517,0.9999769549873357,0,0,0,,0.8398358821868896,-0.018894363194704056,0.0,False,False,2,False
146.631622184,2493,146,631622184,map,6.570066452026367,2.153615951538086,0.15949147939682007,-0.00010204313730355352,0.0,0.0,0.0,0.0008151336192673774,-0.0015089504131838138,-0.005166211900134085,0.999985184330466,0,0,0,,0.9532945156097412,-0.01432948186993599,0.0,False,False,2,False
146.681622184,2494,146,681622184,map,6.712429523468018,2.81280517578125,-2.7392876148223877,7.400513277389109e-05,0.0,0.0,0.0,-0.0002335746397035644,-0.00179357606432865,-0.005946223972075003,0.9999806852876025,0,0,0,,0.8920270204544067,0.0460292212665081,0.0,False,False,2,False
146.731622185,2495,146,731622185,map,6.879936218261719,3.3666515350341797,0.812610387802124,-0.0003467559872660786,0.0,0.0,0.0,-0.0004149210652092803,-0.0021519128904181626,-0.0065566015151479725,0.9999761037584814,0,0,0,,0.852480411529541,-0.0017337016761302948,0.0,False,False,2,False
146.781622186,2496,146,781622186,map,7.074984073638916,3.8456153869628906,-2.3196210861206055,-0.00039558406569994986,0.0,0.0,0.0,-0.00106976386757085,-0.0025304409431684918,-0.008397646504383731,0.999960965241688,0,0,0,,0.953933835029602,0.045044299215078354,0.0,False,False,2,False
146.831622187,2497,146,831622187,map,7.262187957763672,3.4543609619140625,-5.702267169952393,-0.0014928816817700863,0.0,0.0,0.0,-0.002981030373413961,-0.002850450064107918,-0.012967343936470154,0.9999074139056966,0,0,0,,0.8627804517745972,0.1546100527048111,0.0,False,False,2,False
146.881622187,2498,146,881622187,map,7.401008129119873,1.886749267578125,-8.951499938964844,-0.005851173307746649,0.0,0.0,0.0,-0.006438254869838622,-0.0028676541567917886,-0.023411525142070365,0.9997010682821091,0,0,0,,0.8757269382476807,0.3374249041080475,0.0,False,False,2,False
146.931622188,2499,146,931622188,map,7.578725337982178,2.8301334381103516,-5.183408260345459,-0.006013298407196999,0.0,0.0,0.0,-0.008822361131222855,-0.0027462108125912306,-0.03743660905365404,0.9992562857309466,0,0,0,,0.7205772995948792,0.19103245437145233,0.0,False,False,2,False
146.931622188,2500,146,981622189,map,7.694858551025391,0.6960773468017578,-8.707003593444824,-0.0018909457139670849,0.0,0.0,0.0,-0.010881364846271377,-0.0024138310377350386,-0.0540928719487909,0.9984737004664347,0,0,0,,0.9697343111038208,0.3208504617214203,0.0,False,False,2,False
147.03162219,2501,147,31622190,map,7.7811808586120605,-1.0689449310302734,-11.058049201965332,-0.009473990648984909,0.0,0.0,0.0,-0.014006600699276759,-0.0016348813374256878,-0.07564239405994894,0.997035290509189,0,0,0,,0.8388270139694214,0.38248392939567566,0.0,False,False,2,False
147.08162219,2502,147,81622190,map,7.9630045890808105,2.4706268310546875,-4.333786964416504,0.0034111016429960728,0.0,0.0,0.0,-0.014777487347015592,-0.0011375462921513228,-0.09833025873304001,0.9950434624043493,0,0,0,,0.9382460713386536,0.18980346620082855,0.0,False,False,2,False
147.131622191,2503,147,131622191,map,8.133841514587402,0.7420444488525391,-8.302483558654785,0.014674758538603783,0.0,0.0,0.0,-0.014716703451604248,-0.0008706837703498405,-0.11939490125699306,0.9927373862724838,0,0,0,,1.0,0.32234516739845276,0.0,False,False,2,False
147.181622192,2504,147,181622192,map,8.243573188781738,-2.352571487426758,-11.439981460571289,-0.007409476675093174,0.0,0.0,0.0,-0.016686593354047454,-7.800944499600096e-05,-0.14390138985066991,0.9894513335762445,0,0,0,,1.0,0.39566570520401,0.0,False,False,2,False
147.181622192,2505,147,231622193,map,8.480961799621582,2.4481201171875,-5.948238372802734,0.0009944918565452099,0.0,0.0,0.0,-0.01709840112814603,0.00033945108952450776,-0.1688684984596723,0.9854902128787452,0,0,0,,1.0,0.20328989624977112,0.0,False,False,2,False
147.231622193,2506,147,281622193,map,8.667381286621094,-0.5669593811035156,-9.209451675415039,0.012330054305493832,0.0,0.0,0.0,-0.01693069950542911,0.0005279228401400974,-0.19217552471999194,0.9812143702628532,0,0,0,,1.0,0.3200501501560211,0.0,False,False,2,False
147.331622194,2507,147,331622194,map,8.80748176574707,-3.9772796630859375,-12.13958740234375,-0.011328315362334251,0.0,0.0,0.0,-0.01878230228892149,0.0014553099736899344,-0.2183685358071283,0.9756845236873746,0,0,0,,1.0,0.4251973330974579,0.0,False,False,2,False
147.381622195,2508,147,381622195,map,9.037248611450195,0.310211181640625,-7.784786224365234,-0.004465864971280098,0.0,0.0,0.0,-0.01950147032378297,0.0021126830474175883,-0.24561646233311235,0.9691686038334705,0,0,0,,1.0,0.22828233242034912,0.0,False,False,2,False
147.431622195,2509,147,431622195,map,9.246604919433594,-2.456064224243164,-10.383405685424805,0.010963058099150658,0.0,0.0,0.0,-0.0195696770170774,0.0025012959359087205,-0.27138711149433586,0.9622680535977743,0,0,0,,1.0,0.34549716114997864,0.0,False,False,2,False
147.481622196,2510,147,481622196,map,9.366389274597168,-6.918249130249023,-11.955738067626953,-0.012684440240263939,0.0,0.0,0.0,-0.021356433148993735,0.0037903234515343546,-0.2998589615836882,0.9537369340490267,0,0,0,,1.0,0.43664562702178955,0.0,False,False,2,False
147.531622197,2511,147,531622197,map,9.599784851074219,-2.9104042053222656,-9.843378067016602,-0.005660057067871094,0.0,0.0,0.0,-0.022305539178843117,0.004836806002732633,-0.329429811616394,0.9439041622156458,0,0,0,,1.0,0.29939141869544983,0.0,False,False,2,False
147.531622197,2512,147,581622198,map,9.772334098815918,-6.619901657104492,-10.972146987915039,0.004525184631347656,0.0,0.0,0.0,-0.02301152897646669,0.00584577951018402,-0.35891774962195133,0.9330671708952136,0,0,0,,1.0,0.38445910811424255,0.0,False,False,2,False
147.631622198,2513,147,631622198,map,9.638680458068848,-11.762733459472656,-6.2430572509765625,-0.0034280773252248764,0.0,0.0,0.0,-0.02373934036857085,0.007736820004578525,-0.38946741165366566,0.920701754421526,0,0,0,,1.0,0.42153117060661316,0.0,False,False,0,False
147.681622199,2514,147,681622199,map,9.605093002319336,-7.3197174072265625,-4.548234939575195,0.012502097524702549,0.0,0.0,0.0,-0.022952877748408654,0.009181903909647907,-0.41886125139189917,0.9077136718845171,0,0,0,,1.0,0.27266961336135864,0.0,False,False,0,False
147.681622199,2515,147,731622200,map,9.935018539428711,-4.980993270874023,-11.213340759277344,0.01622028276324272,0.0,0.0,0.0,-0.02223202666914467,0.009656507394391991,-0.44606887231530545,0.8946703582920786,0,0,0,,0.9928568005561829,0.2855111062526703,0.0,False,False,0,False
147.7316222,2516,147,781622201,map,10.356917381286621,0.4769134521484375,-9.590682983398438,0.016356851905584335,0.0,0.0,0.0,-0.02087792218558708,0.008519821594574671,-0.4697315508655289,0.8825212717700771,0,0,0,,0.7212826609611511,0.13315382599830627,0.0,False,False,3,False
147.831622201,2517,147,831622201,map,10.649221420288086,-5.441217422485352,-9.777584075927734,0.01014404185116291,0.0,0.0,0.0,-0.01997202204669692,0.007543022022118602,-0.4899115982727153,0.8715106694883396,0,0,0,,0.6440638899803162,0.24639633297920227,0.0,False,False,3,False
147.881622202,2518,147,881622202,map,10.793426513671875,-10.808067321777344,-8.560619354248047,-0.024196242913603783,0.0,0.0,0.0,-0.020992945309578934,0.008424465651760084,-0.5114904024141186,0.8589912065114256,0,0,0,,0.5673502683639526,0.34874698519706726,0.0,False,False,3,False
147.931622203,2519,147,931622203,map,10.919981956481934,-9.436025619506836,-6.757698059082031,-0.021385764703154564,0.0,0.0,0.0,-0.021836795895266266,0.00982164763129213,-0.5345651981252237,0.8447879843701468,0,0,0,,0.4893868565559387,0.28548845648765564,0.0,False,False,3,False
147.981622204,2520,147,981622204,map,10.948238372802734,-12.430410385131836,-5.066852569580078,-0.010305595584213734,0.0,0.0,0.0,-0.02245461644678588,0.011616853128143093,-0.5587309186294191,0.8289635694595706,0,0,0,,0.4595384895801544,0.3453925549983978,0.0,False,False,3,False
148.031622204,2521,148,31622204,map,10.98086929321289,-9.963183403015137,-3.655529022216797,0.0021987920626997948,0.0,0.0,0.0,-0.02219029797489513,0.013036340374087688,-0.5829251984084983,0.8121181303023894,0,0,0,,0.37068918347358704,0.2650890350341797,0.0,False,False,3,False
148.031622204,2522,148,81622205,map,10.933125495910645,-12.736783027648926,-2.089385986328125,0.00593643169850111,0.0,0.0,0.0,-0.021807335369882826,0.014552248507550831,-0.6067934342034278,0.794427089414158,0,0,0,,0.3744196593761444,0.3167535364627838,0.0,False,False,3,False
148.131622206,2523,148,131622206,map,10.845684051513672,-13.265643119812012,-0.5972671508789062,-0.0015645974781364202,0.0,0.0,0.0,-0.02153609452770116,0.01633015192912333,-0.6308809660477949,0.7754087499177882,0,0,0,,0.3091930150985718,0.32456323504447937,0.0,False,False,3,False
148.181622207,2524,148,181622207,map,10.752727508544922,-12.112619400024414,0.42270660400390625,0.003892707172781229,0.0,0.0,0.0,-0.020856334178864313,0.017736341328412265,-0.6543999755384731,0.7556527691579958,0,0,0,,0.287381649017334,0.2912012040615082,0.0,False,False,3,False
148.231622207,2525,148,231622207,map,10.676400184631348,-9.560096740722656,0.8670806884765625,0.01678466796875,0.0,0.0,0.0,-0.019413118450909296,0.018168820934504476,-0.6758923580939625,0.7365205666157896,0,0,0,,0.306211918592453,0.21742647886276245,0.0,False,False,3,False
148.281622208,2526,148,281622208,map,10.623644828796387,-4.586671829223633,0.8886528015136719,0.03261508792638779,0.0,0.0,0.0,-0.01676386776257258,0.016894554362620842,-0.6931404376872761,0.7204095227113665,0,0,0,,0.34195592999458313,0.08919687569141388,0.0,False,False,3,False
148.331622209,2527,148,331622209,map,10.57420825958252,-1.956019639968872,0.9475326538085938,0.03306732326745987,0.0,0.0,0.0,-0.01333051393396318,0.014194179625599882,-0.704458241526696,0.7094782650709801,0,0,0,,0.61931973695755,0.021413128823041916,0.0,False,False,3,False
148.38162221,2528,148,381622210,map,10.545863151550293,1.1603810787200928,0.5895042419433594,0.012992476113140583,0.0,0.0,0.0,-0.009695140793531141,0.010710133228749063,-0.7098135780725354,0.7042414228622742,0,0,0,,0.9523791074752808,-0.059249456971883774,0.0,False,False,3,False
148.43162221,2529,148,431622210,map,10.56737995147705,1.5286952257156372,-0.39112091064453125,-0.00837154220789671,0.0,0.0,0.0,-0.006540436690476461,0.007211016790128504,-0.710130342120197,0.7040029269292866,0,0,0,,0.9634011387825012,-0.08188851177692413,0.0,False,False,3,False
148.481622211,2530,148,481622211,map,10.638692855834961,0.38452625274658203,-1.4153099060058594,-0.02308082766830921,0.0,0.0,0.0,-0.004539031786415026,0.004529364873192839,-0.7077381917579443,0.706445704899876,0,0,0,,0.9455682039260864,-0.06385961174964905,0.0,False,False,3,False
148.531622212,2531,148,531622212,map,10.736804008483887,-0.8314740657806396,-1.9870567321777344,-0.023977849632501602,0.0,0.0,0.0,-0.003664042147665459,0.0028532110534069738,-0.7048643646679826,0.7093269072881884,0,0,0,,0.8654063940048218,-0.030619006603956223,0.0,False,False,3,False
148.531622212,2532,148,581622213,map,10.837457656860352,-2.6274168491363525,-2.0676231384277344,-0.01832141913473606,0.0,0.0,0.0,-0.0037626618668378225,0.002227353405010762,-0.7033048691199804,0.7108749132896817,0,0,0,,0.7856829166412354,0.01776770129799843,0.0,False,False,3,False
148.631622213,2533,148,631622213,map,10.930845260620117,-2.7615489959716797,-1.8899726867675781,-0.011193465441465378,0.0,0.0,0.0,-0.004221220261019284,0.0021510616603678807,-0.7036450524227755,0.710535850210382,0,0,0,,0.6894571185112,0.04121927544474602,0.0,False,False,3,False
148.631622213,2534,148,681622214,map,11.008219718933105,-3.017568588256836,-1.5317916870117188,-0.005438614170998335,0.0,0.0,0.0,-0.004700639595330767,0.0023327464787832202,-0.7057177553452576,0.7084736495253098,0,0,0,,0.6225831508636475,0.0587279312312603,0.0,False,False,3,False
148.681622214,2535,148,731622215,map,11.071036338806152,-1.974567174911499,-1.2239646911621094,-0.0006784434663131833,0.0,0.0,0.0,-0.004816886831586982,0.002359341401162747,-0.7087216621959955,0.7054678140379966,0,0,0,,0.5644346475601196,0.04867429658770561,0.0,False,False,3,False
148.731622215,2536,148,781622216,map,11.117684364318848,-0.9837135672569275,-0.910491943359375,0.002399062504991889,0.0,0.0,0.0,-0.004470232759736585,0.002075072807403049,-0.7116949460686004,0.7024713622862712,0,0,0,,0.5514978170394897,0.031217459589242935,0.0,False,False,3,False
148.831622216,2537,148,831622216,map,11.15036678314209,-0.12202024459838867,-0.6507492065429688,0.0032976153306663036,0.0,0.0,0.0,-0.0037742221108400848,0.0015323436068978768,-0.7139683066647174,0.7001661690262135,0,0,0,,0.5450693368911743,0.011860903352499008,0.0,False,False,3,False
148.881622217,2538,148,881622217,map,11.172845840454102,0.5013573169708252,-0.4620361328125,0.002660369733348489,0.0,0.0,0.0,-0.002899423095970026,0.0008508029887941046,-0.7152151793483243,0.6988977870259206,0,0,0,,0.5592164397239685,-0.004982639104127884,0.0,False,False,3,False
148.931622218,2539,148,931622218,map,11.189111709594727,0.7039287686347961,-0.34076690673828125,0.0012483596801757812,0.0,0.0,0.0,-0.0020454702633799704,0.0001939238063476701,-0.7154701029768322,0.6986403296341259,0,0,0,,0.5559373497962952,-0.014334846287965775,0.0,False,False,3,False
148.981622219,2540,148,981622219,map,11.200176239013672,0.20235270261764526,-0.22533416748046875,0.00014820098294876516,0.0,0.0,0.0,-0.0014543509472462147,-0.00020923710188765514,-0.7151824425686131,0.6989362738653285,0,0,0,,0.5333319306373596,-0.009686458855867386,0.0,False,False,3,False
149.031622219,2541,149,31622219,map,11.20455551147461,0.7528969645500183,-0.10087966918945312,-0.00016345977201126516,0.0,0.0,0.0,-0.0009339493900171354,-0.0005533814466928951,-0.7144817468983283,0.6996532390096,0,0,0,,0.5199893116950989,-0.017378050833940506,0.0,False,False,3,False
149.08162222,2542,149,81622220,map,11.20293140411377,0.4923000931739807,0.025177001953125,-0.00015125275240279734,0.0,0.0,0.0,-0.0005394189238549135,-0.0007799225855752365,-0.713538299771383,0.7006155832604276,0,0,0,,0.5014923810958862,-0.014169801026582718,0.0,False,False,3,False
149.131622221,2543,149,131622221,map,11.19471549987793,0.653152585029602,0.15628814697265625,-0.00014381408982444555,0.0,0.0,0.0,-0.00021845424906519358,-0.0009376696815931711,-0.7124750166780729,0.7016968174809466,0,0,0,,0.4851504862308502,-0.015472669154405594,0.0,False,False,3,False
149.181622222,2544,149,181622222,map,11.180207252502441,0.45332565903663635,0.2857208251953125,-4.7111498133745044e-05,0.0,0.0,0.0,1.4759034282671142e-06,-0.0009969602471274687,-0.7114207314917038,0.7027656429222309,0,0,0,,0.46898674964904785,-0.011765826493501663,0.0,False,False,3,False
149.231622222,2545,149,231622222,map,11.159415245056152,0.23930445313453674,0.4138755798339844,7.610320608364418e-05,0.0,0.0,0.0,0.00010385210562617023,-0.0009407541265155728,-0.710537986795934,0.7036582078796457,0,0,0,,0.4526534378528595,-0.006873045116662979,0.0,False,False,3,False
149.281622223,2546,149,281622223,map,11.127607345581055,-0.07623225450515747,0.6367874145507812,0.00016307829355355352,0.0,0.0,0.0,8.80844659135953e-05,-0.0007575365546101656,-0.7099788877789134,0.7042225481250317,0,0,0,,0.35505056381225586,2.935156226158142e-05,0.0,False,False,3,False
149.331622224,2547,149,331622224,map,11.075165748596191,-0.33460408449172974,1.0518455505371094,5.588531348621473e-05,0.0,0.0,0.0,2.1934027875325187e-06,-0.0004562915802080501,-0.7098386600426563,0.7043641590129561,0,0,0,,0.22028253972530365,0.006574627012014389,0.0,False,False,3,False
149.381622225,2548,149,381622225,map,10.99619197845459,-0.5972384214401245,1.5861892700195312,8.010864985408261e-05,0.0,0.0,0.0,-0.00010640307940659093,-4.548487639112338e-05,-0.7101596405558027,0.7040406746312061,0,0,0,,0.14788052439689636,0.01319776102900505,0.0,False,False,3,False
149.431622225,2549,149,431622225,map,10.927940368652344,-1.2567341327667236,1.3845252990722656,-0.00023880005755927414,0.0,0.0,0.0,-0.00032994381785232847,0.000525039935600307,-0.7110999095760172,0.703090701169574,0,0,0,,0.07200910151004791,0.026102829724550247,0.0,False,False,3,False
149.481622226,2550,149,481622226,map,10.910599708557129,-0.10970532894134521,0.3489112854003906,-2.346038854739163e-05,0.0,0.0,0.0,-0.0004456630893400135,0.0006687107195121267,-0.7121700018586234,0.7020065830624901,0,0,0,,0.06114097312092781,0.010135840624570847,0.0,False,False,0,False
149.531622227,2551,149,531622227,map,10.907103538513184,-0.28548866510391235,0.07551193237304688,0.00012493133544921875,0.0,0.0,0.0,-0.0005183140414154106,0.0005891636925497563,-0.713080927883697,0.7010812895272726,0,0,0,,0.06900684535503387,0.008953791111707687,0.0,False,False,0,False
149.531622227,2552,149,581622228,map,10.441676139831543,0.7143524289131165,9.296703338623047,1.0681151252356358e-05,0.0,0.0,0.0,0.00028246397313691507,0.0009461697344553661,-0.7135447706153101,0.7006089389270466,0,0,0,,0.07033461332321167,-0.009010639041662216,0.0,False,False,2,False
149.581622228,2553,149,631622228,map,10.031862258911133,0.3978702425956726,8.190689086914062,-0.0007398604648187757,0.0,0.0,0.0,0.001431815261464017,0.0016401180299963646,-0.7135725217238508,0.7005779872066843,0,0,0,,0.11121918261051178,-0.007296394556760788,0.0,False,False,2,False
149.681622229,2554,149,681622229,map,9.661601066589355,0.8247547149658203,7.394008636474609,-0.0010583876864984632,0.0,0.0,0.0,0.0024913561338062214,0.0021710261575810567,-0.7131785975017222,0.7009745843149481,0,0,0,,0.13813935220241547,-0.01713741198182106,0.0,False,False,2,False
149.73162223,2555,149,731622230,map,9.332768440246582,0.40956541895866394,6.572265625,-0.00045013424823991954,0.0,0.0,0.0,0.00318124892577191,0.002545199355405905,-0.7125499129789986,0.7016095945247149,0,0,0,,0.18372078239917755,-0.012266855686903,0.0,False,False,2,False
149.73162223,2556,149,781622231,map,9.037162780761719,0.6476993560791016,5.9062957763671875,0.00033912656363099813,0.0,0.0,0.0,0.0035852593197118155,0.0026831158694514143,-0.7117675873613649,0.7024007747622601,0,0,0,,0.2137994021177292,-0.01644832268357277,0.0,False,False,2,False
149.831622231,2557,149,831622231,map,8.781208992004395,0.6142613887786865,5.115394592285156,0.0008220672607421875,0.0,0.0,0.0,0.0037585696570320935,0.0026253523710769093,-0.7108532813954205,0.7033253820305534,0,0,0,,0.24474617838859558,-0.017226386815309525,0.0,False,False,2,False
149.881622232,2558,149,881622232,map,8.540351867675781,0.2463310956954956,4.816246032714844,0.0010559081565588713,0.0,0.0,0.0,0.0036727452307486023,0.002536590729864594,-0.7099943425597297,0.7041932335539133,0,0,0,,0.2647341787815094,-0.01112942025065422,0.0,False,False,2,False
149.931622233,2559,149,931622233,map,8.353692054748535,0.17174415290355682,3.732738494873047,0.0008335113525390625,0.0,0.0,0.0,0.0034161821374919573,0.0024089385521499965,-0.7092921749548948,0.7049022182277555,0,0,0,,0.28527113795280457,-0.008332226425409317,0.0,False,False,2,False
149.981622233,2560,149,981622233,map,8.144694328308105,0.34139174222946167,4.179553985595703,0.0004938125493936241,0.0,0.0,0.0,0.0031579298971856724,0.002208399985029182,-0.7086514195011034,0.7055482379592072,0,0,0,,0.30161410570144653,-0.010250817984342575,0.0,False,False,2,False
149.981622233,2561,150,31622234,map,8.012314796447754,-0.0021582655608654022,2.6475906372070312,0.00021114348783157766,0.0,0.0,0.0,0.0028059251173984698,0.002021676272019856,-0.7081470653643925,0.7060564944996153,0,0,0,,0.3146688640117645,-0.004536684602499008,0.0,False,False,2,False
150.081622235,2562,150,81622235,map,7.83052396774292,0.3432043194770813,3.6361312866210938,-9.918207069858909e-05,0.0,0.0,0.0,0.0025402441023754533,0.0017915118477374243,-0.7076678077642622,0.7065384713512232,0,0,0,,0.3243267238140106,-0.009027618914842606,0.0,False,False,2,False
150.131622236,2563,150,131622236,map,7.7339630126953125,0.03200031816959381,1.9312858581542969,-0.00015659345081076026,0.0,0.0,0.0,0.0022340964103435834,0.001582909800716329,-0.7072619027303592,0.7069463233909797,0,0,0,,0.3307804763317108,-0.00468863919377327,0.0,False,False,2,False
150.181622236,2564,150,181622236,map,7.573788166046143,-0.18193784356117249,3.2032012939453125,-0.00024242392100859433,0.0,0.0,0.0,0.0019017492090775611,0.0014894419858656805,-0.707003281200438,0.7072061405872625,0,0,0,,0.3340872824192047,0.0005046986043453217,0.0,False,False,2,False
150.231622237,2565,150,231622237,map,7.5058274269104,-0.1039663627743721,1.3591384887695312,-0.00028228759765625,0.0,0.0,0.0,0.001574754956025573,0.0013735284832263877,-0.7070024326522328,0.7072080272382087,0,0,0,,0.3373641073703766,0.0014439038932323456,0.0,False,False,2,False
150.281622238,2566,150,281622238,map,7.358433246612549,0.15140360593795776,2.948026657104492,-0.0002454757923260331,0.0,0.0,0.0,0.00139500514434983,0.001225582851790982,-0.706826207490949,0.7073848063899044,0,0,0,,0.3381020724773407,-0.0027121491730213165,0.0,False,False,2,False
150.331622239,2567,150,331622239,map,7.302294731140137,-0.03593487665057182,1.1227226257324219,-0.00022907258244231343,0.0,0.0,0.0,0.001216982106748779,0.0010824302231450353,-0.7068443844564072,0.7073672055317569,0,0,0,,0.36185964941978455,-0.0001834370195865631,0.0,False,False,2,False
150.331622239,2568,150,381622239,map,7.1620259284973145,-0.08049770444631577,2.805299758911133,-0.00010852812556549907,0.0,0.0,0.0,0.001071185469506964,0.0010167986334343208,-0.7067185364792878,0.7074932712604427,0,0,0,,0.36418792605400085,0.001315530389547348,0.0,False,False,2,False
150.43162224,2569,150,431622240,map,7.119034767150879,0.21780219674110413,0.860137939453125,-0.00014953613572288305,0.0,0.0,0.0,0.000987292648301948,0.0008657145471083927,-0.7067365895890926,0.7074755605160706,0,0,0,,0.3782055079936981,-0.0039872340857982635,0.0,False,False,2,False
150.43162224,2570,150,481622241,map,6.986135959625244,-0.13145340979099274,2.657747268676758,-5.531310307560489e-06,0.0,0.0,0.0,0.0008940764008588159,0.0008151232634674114,-0.7065622528845455,0.707649856214336,0,0,0,,0.38364335894584656,0.00134224072098732,0.0,False,False,2,False
150.531622242,2571,150,531622242,map,6.955097675323486,-0.04574146866798401,0.6207180023193359,-3.089904930675402e-05,0.0,0.0,0.0,0.000767697726177185,0.0007523799585167772,-0.7066673328002329,0.7075451401271895,0,0,0,,0.3876446783542633,0.0011932887136936188,0.0,False,False,2,False
150.581622242,2572,150,581622242,map,6.828274250030518,0.05554690212011337,2.5365352630615234,-3.890991138177924e-05,0.0,0.0,0.0,0.0007165916380707178,0.0006987140932913671,-0.7065349087432561,0.7076774837609283,0,0,0,,0.39274466037750244,-0.0006315745413303375,0.0,False,False,2,False
150.581622242,2573,150,631622243,map,6.806621074676514,0.10628940165042877,0.4332542419433594,3.852844383800402e-05,0.0,0.0,0.0,0.0006665003892692183,0.0005903749459063931,-0.7065839125170639,0.7076287033513641,0,0,0,,0.3890795111656189,-0.002208549529314041,0.0,False,False,2,False
150.681622244,2574,150,681622244,map,6.683322906494141,-0.21866962313652039,2.465658187866211,1.831054760259576e-05,0.0,0.0,0.0,0.0005841540083395286,0.0006006636029239213,-0.7064689853372683,0.707743506309921,0,0,0,,0.3860551714897156,0.003871496766805649,0.0,False,False,2,False
150.681622244,2575,150,731622245,map,6.66814661026001,0.47139519453048706,0.3046417236328125,-3.814693627646193e-07,0.0,0.0,0.0,0.0006106525550740038,0.0004455315809158437,-0.7064537384564998,0.7077588176956204,0,0,0,,0.39965561032295227,-0.008684713393449783,0.0,False,False,2,False
150.781622245,2576,150,781622245,map,6.548341751098633,0.033715441823005676,2.396259307861328,-2.4414061044808477e-05,0.0,0.0,0.0,0.0006336530364021466,0.00037688816621205717,-0.7061015963357001,0.7081101553369472,0,0,0,,0.4028521478176117,-0.003696281462907791,0.0,False,False,2,False
150.831622246,2577,150,831622246,map,6.540695667266846,-0.2690841555595398,0.1520061492919922,1.7738344467943534e-05,0.0,0.0,0.0,0.0004992878096278661,0.0003961364686511251,-0.7061448636217099,0.7080671051307623,0,0,0,,0.40819934010505676,0.003724377602338791,0.0,False,False,2,False
150.881622247,2578,150,881622247,map,6.424626350402832,-0.10274041444063187,2.321176528930664,-2.365112231927924e-05,0.0,0.0,0.0,0.000411361377346272,0.0004495581965431564,-0.7060485602565845,0.7081631586286097,0,0,0,,0.41433337330818176,0.003051493316888809,0.0,False,False,2,False
150.931622248,2579,150,931622248,map,6.424283027648926,-0.1542631834745407,0.0067043304443359375,4.329681542003527e-05,0.0,0.0,0.0,0.0003000411578356829,0.0004504223156491777,-0.7062960476081493,0.7079163794037742,0,0,0,,0.4217219650745392,0.004930097609758377,0.0,False,False,2,False
150.981622248,2580,150,981622248,map,6.3127360343933105,-0.11263635009527206,2.2309398651123047,-1.583099401614163e-05,0.0,0.0,0.0,0.00024921257403806866,0.0004703291334952061,-0.7063306760450855,0.7078818353096028,0,0,0,,0.4272100627422333,0.00494224950671196,0.0,False,False,2,False
151.031622249,2581,151,31622249,map,6.320249080657959,0.3588309586048126,-0.14990806579589844,3.4332288123550825e-06,0.0,0.0,0.0,0.0002870643463636287,0.0003207477568255191,-0.7064780258871347,0.7077348469967794,0,0,0,,0.44799157977104187,-0.0050578974187374115,0.0,False,False,2,False
151.08162225,2582,151,81622250,map,6.214992046356201,-0.198303684592247,2.104825973510742,1.201629675051663e-05,0.0,0.0,0.0,0.0002708485318786231,0.00030046262942879515,-0.70634669836748,0.7078659322701167,0,0,0,,0.44739124178886414,0.0034431181848049164,0.0,False,False,2,False
151.131622251,2583,151,131622251,map,6.231013298034668,-0.14738313853740692,-0.3204631805419922,1.7166144061775412e-06,0.0,0.0,0.0,0.00016528688524433625,0.00028576414554661305,-0.7065845717832279,0.707628528210255,0,0,0,,0.44668591022491455,0.004713330417871475,0.0,False,False,2,False
151.181622251,2584,151,181622251,map,6.1304030418396,0.20957307517528534,2.012310028076172,-1.201629675051663e-05,0.0,0.0,0.0,0.00018924839645724956,0.0002250231709415978,-0.7064718899518315,0.707741041806609,0,0,0,,0.4542630612850189,-0.002275664359331131,0.0,False,False,2,False
151.231622252,2585,151,231622252,map,6.153280735015869,-0.06647692620754242,-0.4576301574707031,6.484985988208791e-06,0.0,0.0,0.0,0.00014243199246044645,0.00015393671219469517,-0.706615377003402,0.7075978130258433,0,0,0,,0.46383538842201233,0.001557622104883194,0.0,False,False,2,False
151.281622253,2586,151,281622253,map,6.057329177856445,-0.11176318675279617,1.9189929962158203,-8.964539119915571e-06,0.0,0.0,0.0,9.872590938535981e-05,0.0001652277700814171,-0.7065296269221427,0.7076834385756365,0,0,0,,0.4554080665111542,0.003410305827856064,0.0,False,False,2,False
151.331622254,2587,151,331622254,map,6.086117267608643,0.2191808521747589,-0.5755805969238281,-4.005432856502011e-06,0.0,0.0,0.0,8.836885578726482e-05,6.3038868459626e-05,-0.7066536441679466,0.7075596196796475,0,0,0,,0.47227123379707336,-0.0031024031341075897,0.0,False,False,2,False
151.381622254,2588,151,381622254,map,5.994495868682861,0.03756428137421608,1.8324947357177734,1.9645689462777227e-05,0.0,0.0,0.0,0.00010833221386167683,1.760484382123137e-05,-0.7064321544748439,0.7077807563633185,0,0,0,,0.47127199172973633,-0.001383114606142044,0.0,False,False,2,False
151.431622255,2589,151,431622255,map,6.029064178466797,-0.12419489026069641,-0.6915569305419922,-2.1362302504712716e-05,0.0,0.0,0.0,2.514486813438972e-05,-7.754644862292182e-06,-0.7065538167044192,0.7076593130935387,0,0,0,,0.4709724485874176,0.0023908577859401703,0.0,False,False,2,False
151.431622255,2590,151,481622256,map,5.940130710601807,-0.1490447074174881,1.7786121368408203,4.76837158203125e-06,0.0,0.0,0.0,-3.710683944067536e-05,3.821974829377096e-05,-0.7064756471722738,0.7077373503743108,0,0,0,,0.4626777768135071,0.004410792142152786,0.0,False,False,2,False
151.531622257,2591,151,531622257,map,5.978116989135742,0.20287981629371643,-0.7595920562744141,-5.722044988942798e-06,0.0,0.0,0.0,-5.1236152005344864e-05,-4.376791715329101e-05,-0.7066278767280922,0.7075853583066668,0,0,0,,0.4797646105289459,-0.0023779310286045074,0.0,False,False,2,False
151.531622257,2592,151,581622257,map,5.892009258270264,-0.0007729046046733856,1.7221546173095703,-1.888275073724799e-05,0.0,0.0,0.0,-3.081635506321116e-05,-6.903583617018533e-05,-0.7064427539925138,0.7077701813554159,0,0,0,,0.47638869285583496,-0.00011344626545906067,0.0,False,False,2,False
151.581622257,2593,151,631622258,map,5.933941841125488,-0.13341517746448517,-0.838775634765625,1.430511474609375e-05,0.0,0.0,0.0,-0.00010665583936861132,-8.268468043119837e-05,-0.7066097826559367,0.7076034177720637,0,0,0,,0.4774206578731537,0.003269631415605545,0.0,False,False,2,False
151.681622259,2594,151,681622259,map,5.850286483764648,0.21411296725273132,1.6733741760253906,-3.280640157754533e-05,0.0,0.0,0.0,-6.702083875382894e-05,-0.00012031236651522691,-0.7064197037874854,0.7077931782194169,0,0,0,,0.48906370997428894,-0.0033840052783489227,0.0,False,False,2,False
151.73162226,2595,151,731622260,map,5.896383762359619,0.00029498711228370667,-0.9219455718994141,4.386902219266631e-05,0.0,0.0,0.0,-9.231861435927318e-05,-0.00018189499517438202,-0.7064894781181262,0.707723516424219,0,0,0,,0.4891507923603058,-0.0007074885070323944,0.0,False,False,2,False
151.73162226,2596,151,781622260,map,5.815616130828857,-0.0548485666513443,1.6152477264404297,-9.15527380129788e-06,0.0,0.0,0.0,-0.00010797686767779685,-0.0001633014040892863,-0.7062971617346481,0.7079154476342693,0,0,0,,0.4821396470069885,0.0009633786976337433,0.0,False,False,2,False
151.831622261,2597,151,831622261,map,5.865015506744385,0.21046191453933716,-0.9874343872070312,-5.645752025884576e-05,0.0,0.0,0.0,-0.00011264113739771669,-0.00024276866669062927,-0.7063391325870978,0.7078735467238868,0,0,0,,0.5023741126060486,-0.004368919879198074,0.0,False,False,2,False
151.831622261,2598,151,881622262,map,5.787299633026123,-0.2291482836008072,1.5537357330322266,5.4931642807787284e-05,0.0,0.0,0.0,-0.0001546900595817696,-0.0001960847120947148,-0.7061514996243324,0.7080607298813271,0,0,0,,0.4932040870189667,0.003787171095609665,0.0,False,False,2,False
151.931622263,2599,151,931622263,map,5.840019226074219,-0.1741969734430313,-1.054534912109375,1.8882748918258585e-05,0.0,0.0,0.0,-0.00026924010526459686,-0.00016497850972392963,-0.7063883094792893,0.7078244531823189,0,0,0,,0.48852428793907166,0.0053783319890499115,0.0,False,False,2,False
151.931622263,2600,151,981622263,map,5.762988567352295,0.06442774087190628,1.5406322479248047,-2.593994213384576e-05,0.0,0.0,0.0,-0.00026466837259344126,-0.0001566674151108283,-0.7063210118720961,0.7078916114730783,0,0,0,,0.4797329902648926,0.001192394644021988,0.0,False,False,2,False
152.031622264,2601,152,31622264,map,5.816044807434082,0.21268802881240845,-1.060791015625,3.128051685052924e-05,0.0,0.0,0.0,-0.0002338540388101618,-0.00025730338304099943,-0.7064385167337921,0.7077743292760886,0,0,0,,0.4923143982887268,-0.003422204405069351,0.0,False,False,2,False
152.081622265,2602,152,81622265,map,5.739337921142578,-0.34451162815093994,1.533803939819336,3.623963493737392e-06,0.0,0.0,0.0,-0.00027609545777191664,-0.0001892143951840088,-0.7063516382465798,0.7078610394106907,0,0,0,,0.48430579900741577,0.0073479898273944855,0.0,False,False,2,False
152.131622266,2603,152,131622266,map,5.7930755615234375,-0.15749551355838776,-1.0745716094970703,-2.269744800287299e-05,0.0,0.0,0.0,-0.00037241748561737443,-0.00015277827099223034,-0.7066873124413586,0.707525886733783,0,0,0,,0.4796701669692993,0.00681513175368309,0.0,False,False,2,False
152.131622266,2604,152,181622266,map,5.715428352355957,0.016884207725524902,1.5529155731201172,-4.196167537884321e-06,0.0,0.0,0.0,-0.00035317489968289095,-0.0001342488384038048,-0.7067130829102805,0.7075001594969337,0,0,0,,0.47613999247550964,0.003562789410352707,0.0,False,False,2,False
152.181622266,2605,152,231622267,map,5.768908500671387,0.4805888235569,-1.0694313049316406,-3.051759449590463e-06,0.0,0.0,0.0,-0.0002387709925321645,-0.00029798634066171035,-0.7068089785690783,0.7074043553772413,0,0,0,,0.5018687844276428,-0.008310634642839432,0.0,False,False,2,False
152.281622268,2606,152,281622268,map,5.693244934082031,0.07698117196559906,1.5134906768798828,-1.2969967428944074e-05,0.0,0.0,0.0,-0.00014144104838360763,-0.0003578911243877791,-0.7064777252500043,0.7077351733762794,0,0,0,,0.4980598986148834,-0.003997620195150375,0.0,False,False,2,False
152.331622269,2607,152,331622269,map,5.749362468719482,-0.5166468024253845,-1.1227989196777344,7.438657121383585e-06,0.0,0.0,0.0,-0.00029401723896222077,-0.00026309882037193165,-0.7066729124029906,0.7075402739129052,0,0,0,,0.48435547947883606,0.010203611105680466,0.0,False,False,2,False
152.381622269,2608,152,381622269,map,5.673691749572754,0.08535310626029968,1.5133190155029297,-3.623963493737392e-06,0.0,0.0,0.0,-0.0003161794855137126,-0.00020617817456758917,-0.7066318996079876,0.7075812433759816,0,0,0,,0.49247363209724426,0.0018352754414081573,0.0,False,False,2,False
152.381622269,2609,152,431622270,map,5.731143474578857,-0.03515167534351349,-1.1490058898925781,9.91821252682712e-06,0.0,0.0,0.0,-0.0003467672654517062,-0.00023396886929998034,-0.7068754552326069,0.7073379077928219,0,0,0,,0.5050824284553528,0.0028541497886180878,0.0,False,False,2,False
152.481622271,2610,152,481622271,map,5.657708644866943,0.2147802710533142,1.4686965942382812,1.2779237295035273e-05,0.0,0.0,0.0,-0.00027047728987189095,-0.0002799553268889958,-0.7067153012572723,0.7074979374075188,0,0,0,,0.4991644024848938,-0.0029647164046764374,0.0,False,False,2,False
152.531622271,2611,152,531622271,map,5.716940879821777,-0.4042520523071289,-1.1843013763427734,-6.484983714472037e-06,0.0,0.0,0.0,-0.0003725683663923599,-0.0002408609601957064,-0.706977215442648,0.7072361840458742,0,0,0,,0.49237748980522156,0.009208183735609055,0.0,False,False,2,False
152.581622272,2612,152,581622272,map,5.643986701965332,0.08586587011814117,1.458892822265625,-1.9073486328125e-05,0.0,0.0,0.0,-0.0003666198160304209,-0.00021571210356177993,-0.706960978325995,0.7072524260704597,0,0,0,,0.5022130012512207,0.0020601414144039154,0.0,False,False,2,False
152.631622273,2613,152,631622273,map,5.704546928405762,0.278545081615448,-1.211385726928711,5.302429053699598e-05,0.0,0.0,0.0,-0.00031188701866136136,-0.0003325379459214415,-0.7070962985758054,0.7071171166683761,0,0,0,,0.5015155076980591,-0.004284646362066269,0.0,False,False,2,False
152.681622274,2614,152,681622274,map,5.632887840270996,-0.1443432867527008,1.4331912994384766,3.623962356869015e-06,0.0,0.0,0.0,-0.00029422654164008865,-0.00031950942465191253,-0.7069268463825619,0.7072865368491581,0,0,0,,0.4979878067970276,0.0026963166892528534,0.0,False,False,2,False
152.681622274,2615,152,731622274,map,5.695197582244873,0.3050166368484497,-1.2459945678710938,-9.5367431640625e-06,0.0,0.0,0.0,-0.00026344218389335173,-0.0004121433916615909,-0.7069717684012871,0.7072415990449074,0,0,0,,0.5204064846038818,-0.00598689541220665,0.0,False,False,2,False
152.781622275,2616,152,781622275,map,5.626076698303223,-0.2273939698934555,1.3821887969970703,-4.806518700206652e-05,0.0,0.0,0.0,-0.0002844028894142922,-0.00036487225176166314,-0.7067618002945059,0.7074514425935573,0,0,0,,0.509389340877533,0.003488358110189438,0.0,False,False,2,False
152.831622276,2617,152,831622276,map,5.691182613372803,-0.1810128092765808,-1.3019752502441406,3.6621091567212716e-05,0.0,0.0,0.0,-0.00039471261054611787,-0.00032365008091998754,-0.7069884361314482,0.7072249222340722,0,0,0,,0.5115557909011841,0.005369376391172409,0.0,False,False,2,False
152.881622277,2618,152,881622277,map,5.623030662536621,0.03912665694952011,1.3629817962646484,-3.700255911098793e-05,0.0,0.0,0.0,-0.00039503776092725046,-0.00029805055259066003,-0.7069202159917513,0.707293124053395,0,0,0,,0.5000145435333252,0.0018255747854709625,0.0,False,False,2,False
152.931622277,2619,152,931622277,map,5.689070224761963,0.08337932825088501,-1.3208580017089844,2.2125241230241954e-05,0.0,0.0,0.0,-0.00039863037525078327,-0.0003598446015134385,-0.7071002398460753,0.7071131185427899,0,0,0,,0.5278891324996948,-0.00021607056260108948,0.0,False,False,2,False
152.981622278,2620,152,981622278,map,5.623412609100342,0.23869208991527557,1.3132762908935547,-1.9073468138230965e-06,0.0,0.0,0.0,-0.0003112799356926435,-0.00042195150715130993,-0.7068547877476345,0.7073584905123949,0,0,0,,0.5175904631614685,-0.0048708803951740265,0.0,False,False,2,False
153.031622279,2621,153,31622279,map,5.691598415374756,-0.35185202956199646,-1.3637256622314453,4.4250486098462716e-05,0.0,0.0,0.0,-0.0004087209023609751,-0.0003929982396995013,-0.7070222552610236,0.7071910697012679,0,0,0,,0.5082379579544067,0.006729733198881149,0.0,False,False,2,False
153.08162228,2622,153,81622280,map,5.627041339874268,0.2362104058265686,1.2910270690917969,-2.822876012942288e-05,0.0,0.0,0.0,-0.00037452799008359637,-0.0004004591999680213,-0.7068602161964584,0.7073530477208039,0,0,0,,0.5353186130523682,-0.0029244236648082733,0.0,False,False,2,False
153.13162228,2623,153,131622280,map,5.698241233825684,-0.11939353495836258,-1.4240074157714844,-3.299712989246473e-05,0.0,0.0,0.0,-0.0004212373348041473,-0.00042490218448713624,-0.7070066518126837,0.70720664328742,0,0,0,,0.531534731388092,0.002493511885404587,0.0,False,False,2,False
153.13162228,2624,153,181622281,map,5.637321472167969,-0.09948313236236572,1.2184906005859375,2.2888207240612246e-06,0.0,0.0,0.0,-0.0004465024780637812,-0.00038119512524054566,-0.7069136775152093,0.7072995884826571,0,0,0,,0.5326922535896301,0.0035896562039852142,0.0,False,False,2,False
153.181622281,2625,153,231622282,map,5.7110443115234375,-0.15844492614269257,-1.4741325378417969,-5.531310307560489e-06,0.0,0.0,0.0,-0.0005322326716742466,-0.00037204930381432347,-0.7071978683849457,0.7070153840331113,0,0,0,,0.5269172191619873,0.005747679620981216,0.0,False,False,2,False
153.281622283,2626,153,281622283,map,5.652662754058838,0.45751306414604187,1.16729736328125,-1.373291524942033e-05,0.0,0.0,0.0,-0.00041788493361300005,-0.0004689615790905542,-0.707004269708221,0.707208998855052,0,0,0,,0.5521432757377625,-0.007441390305757523,0.0,False,False,2,False
153.331622283,2627,153,331622283,map,5.73018741607666,-0.16618844866752625,-1.550588607788086,5.645752025884576e-05,0.0,0.0,0.0,-0.0004486375678832656,-0.0005193052076424725,-0.7070907719592382,0.7071224570444095,0,0,0,,0.5507646799087524,0.001988660544157028,0.0,False,False,2,False
153.381622284,2628,153,381622284,map,5.675732612609863,-0.16819244623184204,1.0892581939697266,-1.449584942747606e-05,0.0,0.0,0.0,-0.0005003308009339061,-0.00045868546090593686,-0.7069884085521405,0.7072248082820972,0,0,0,,0.5332363247871399,0.004576530307531357,0.0,False,False,2,False
153.431622285,2629,153,431622285,map,5.755627155303955,0.2888186275959015,-1.5980148315429688,2.231597864010837e-05,0.0,0.0,0.0,-0.0004925543969472759,-0.0005489777431750574,-0.707098470542239,0.7071147070811282,0,0,0,,0.5649077296257019,-0.004473570734262466,0.0,False,False,2,False
153.431622285,2630,153,481622286,map,5.705318450927734,-0.013387063518166542,1.00616455078125,-1.983642505365424e-05,0.0,0.0,0.0,-0.000465720391640957,-0.0005682753533909607,-0.7068653288269691,0.7073477695377152,0,0,0,,0.5581027865409851,-0.0006478913128376007,0.0,False,False,2,False
153.531622286,2631,153,531622286,map,5.788819789886475,-0.20347920060157776,-1.6699981689453125,7.05719003235572e-06,0.0,0.0,0.0,-0.0005648005668628007,-0.0005558849868754563,-0.7070286435789291,0.7071844661410066,0,0,0,,0.5490362644195557,0.004370313137769699,0.0,False,False,2,False
153.581622287,2632,153,581622287,map,5.739337921142578,-0.283586710691452,0.9902858734130859,-5.111694918014109e-05,0.0,0.0,0.0,-0.0006522844087275888,-0.00045577145929471435,-0.7070513149777198,0.707161795338029,0,0,0,,0.5307563543319702,0.008490119129419327,0.0,False,False,2,False
153.631622288,2633,153,631622288,map,5.821867942810059,0.24147017300128937,-1.6511917114257812,7.362366159213707e-05,0.0,0.0,0.0,-0.0006511209960332908,-0.0005265120662267296,-0.707299768641507,0.7069132451059065,0,0,0,,0.5612970590591431,-0.0013593174517154694,0.0,False,False,2,False
153.631622288,2634,153,681622289,map,5.774380683898926,0.22694991528987885,0.9496498107910156,-1.945495569088962e-05,0.0,0.0,0.0,-0.0005454804228198463,-0.0006068974026288487,-0.707093621132524,0.7071194701606974,0,0,0,,0.5577141046524048,-0.004256840795278549,0.0,False,False,2,False
153.731622289,2635,153,731622289,map,5.858553886413574,-0.365628182888031,-1.6831016540527344,2.117157055181451e-05,0.0,0.0,0.0,-0.00063655978134804,-0.0005816385697909126,-0.707286546958126,0.7069264438258548,0,0,0,,0.5487536787986755,0.007195081561803818,0.0,False,False,2,False
153.78162229,2636,153,781622290,map,5.812687397003174,0.5143932104110718,0.9171485900878906,-9.078979928744957e-05,0.0,0.0,0.0,-0.0005302398925492556,-0.0006598921406988101,-0.7070494119055479,0.7071636391331483,0,0,0,,0.5739057660102844,-0.00884329155087471,0.0,False,False,2,False
153.831622291,2637,153,831622291,map,5.899676322937012,-0.23100855946540833,-1.7399787902832031,7.171631295932457e-05,0.0,0.0,0.0,-0.0005777575222734359,-0.0006815902997538616,-0.7071082416672051,0.7071047561692839,0,0,0,,0.572911262512207,0.002629939466714859,0.0,False,False,2,False
153.881622292,2638,153,881622292,map,5.857168674468994,-0.3255849778652191,0.8506488800048828,-1.7166144061775412e-06,0.0,0.0,0.0,-0.0006750673542753217,-0.0005651507724659042,-0.7070730817879509,0.7071399309185993,0,0,0,,0.5522775650024414,0.008017253130674362,0.0,False,False,2,False
153.881622292,2639,153,931622292,map,5.943270206451416,-0.09182915091514587,-1.7217350006103516,-1.392364538332913e-05,0.0,0.0,0.0,-0.0007672283502186062,-0.0005388035055917965,-0.7074124723219922,0.7068003360601406,0,0,0,,0.5367710590362549,0.005615513771772385,0.0,False,False,2,False
153.981622293,2640,153,981622293,map,5.899055004119873,0.316298246383667,0.8835697174072266,-3.4523007343523204e-05,0.0,0.0,0.0,-0.0006685353950288045,-0.0005999793624905415,-0.7073219246880125,0.7068910014569686,0,0,0,,0.5637502670288086,-0.0036117173731327057,0.0,False,False,2,False
154.031622294,2641,154,31622294,map,5.9842848777771,-0.0704299584031105,-1.7045116424560547,1.6784670151537284e-05,0.0,0.0,0.0,-0.0006642575188427802,-0.0006541750192047569,-0.7074640428739738,0.7067487239871076,0,0,0,,0.5619563460350037,0.0013779066503047943,0.0,False,False,2,False
154.081622295,2642,154,81622295,map,5.941033363342285,-0.24894991517066956,0.8656883239746094,3.395080420887098e-05,0.0,0.0,0.0,-0.0006998249170295399,-0.0005768303942746569,-0.7074335240495315,0.7067793054148112,0,0,0,,0.5449612140655518,0.006507109850645065,0.0,False,False,2,False
154.081622295,2643,154,131622295,map,6.0260515213012695,0.33616745471954346,-1.7011260986328125,-3.547668529790826e-05,0.0,0.0,0.0,-0.0006603050356101916,-0.0006629392623602564,-0.7075811438999212,0.7066314805512655,0,0,0,,0.585839033126831,-0.004471782594919205,0.0,False,False,2,False
154.181622296,2644,154,181622296,map,5.986738204956055,-0.19246941804885864,0.7865810394287109,2.307891918462701e-05,0.0,0.0,0.0,-0.0006519410407004855,-0.0006377454144761018,-0.7074556821328337,0.7067571195761898,0,0,0,,0.5845779180526733,0.0036714039742946625,0.0,False,False,2,False
154.231622297,2645,154,231622297,map,6.075841903686523,-0.2769756615161896,-1.7810916900634766,-2.0980833141948096e-05,0.0,0.0,0.0,-0.0007660578070715862,-0.0005893074782791812,-0.7077540377389211,0.7064582704848079,0,0,0,,0.5712777376174927,0.007674086838960648,0.0,False,False,2,False
154.231622297,2646,154,281622298,map,6.037647724151611,-0.4687764048576355,0.7670116424560547,-1.6975405742414296e-05,0.0,0.0,0.0,-0.0008869699291138943,-0.00044389469870080713,-0.7079919140801343,0.7062198424279719,0,0,0,,0.5503712296485901,0.014285143464803696,0.0,False,False,2,False
154.331622298,2647,154,331622298,map,6.1253838539123535,0.10678589344024658,-1.7556476593017578,5.53131103515625e-05,0.0,0.0,0.0,-0.0009097590774029434,-0.00047957568644270193,-0.7084846224218196,0.705725500557684,0,0,0,,0.5880287289619446,0.004592675715684891,0.0,False,False,2,False
154.331622298,2648,154,381622299,map,6.0903520584106445,-0.11038079857826233,0.7015514373779297,-6.523132469737902e-05,0.0,0.0,0.0,-0.0008712619264485459,-0.0004912759353451488,-0.7086518664743114,0.7055576033840792,0,0,0,,0.5917753577232361,0.006762068718671799,0.0,False,False,2,False
154.4316223,2649,154,431622300,map,6.181277275085449,-0.4846099615097046,-1.8135356903076172,1.1634829206741415e-05,0.0,0.0,0.0,-0.0009852126912156967,-0.0004434556190962866,-0.7092351353874,0.7049711734780958,0,0,0,,0.5802263021469116,0.014916691929101944,0.0,False,False,2,False
154.481622301,2650,154,481622301,map,6.147467613220215,-0.7052963972091675,0.6870269775390625,-3.662109520519152e-05,0.0,0.0,0.0,-0.0011415715032413384,-0.00026198055505384385,-0.7098379093879483,0.704364089499485,0,0,0,,0.5625348687171936,0.023436006158590317,0.0,False,False,2,False
154.531622301,2651,154,531622301,map,6.23825216293335,0.20822674036026,-1.8195343017578125,7.686614117119461e-05,0.0,0.0,0.0,-0.0011208530904697463,-0.0003433552273134292,-0.7106160051871744,0.7035790779772798,0,0,0,,0.6120944023132324,0.0071492306888103485,0.0,False,False,2,False
154.581622302,2652,154,581622302,map,6.209979057312012,-0.32728344202041626,0.5712985992431641,-2.9754637580481358e-05,0.0,0.0,0.0,-0.0010882346032158076,-0.0003584565370452405,-0.7110779096764822,0.7031122909069958,0,0,0,,0.605779767036438,0.014200735837221146,0.0,False,False,2,False
154.631622303,2653,154,631622303,map,6.306083679199219,0.22183775901794434,-1.9263744354248047,7.171630568336695e-05,0.0,0.0,0.0,-0.001017178090879159,-0.0005101979672313003,-0.7116387776386327,0.7025446286235192,0,0,0,,0.6111517548561096,0.00309787318110466,0.0,False,False,2,False
154.681622304,2654,154,681622304,map,6.28710412979126,0.6138700246810913,0.37075042724609375,-1.430511474609375e-05,0.0,0.0,0.0,-0.000783136017051054,-0.0007560950248217442,-0.7115555286757005,0.7026290234749321,0,0,0,,0.6987531185150146,-0.008795592933893204,0.0,False,False,2,False
154.681622304,2655,154,731622304,map,6.400558948516846,-0.43418511748313904,-2.2633838653564453,-1.544952465337701e-05,0.0,0.0,0.0,-0.0008509464071802663,-0.0008237418809023782,-0.7117393205806307,0.7024426929500712,0,0,0,,0.7106679081916809,0.0070272572338581085,0.0,False,False,2,False
154.781622305,2656,154,781622305,map,6.407296657562256,1.7591359615325928,-0.14945030212402344,-9.670257713878527e-05,0.0,0.0,0.0,-0.0005030562781359175,-0.001274323866144715,-0.711054664565135,0.7031353973689767,0,0,0,,0.7785771489143372,-0.03448360040783882,0.0,False,False,2,False
154.781622305,2657,154,831622306,map,6.555386066436768,0.9698655605316162,-2.959613800048828,-0.0002086639142362401,0.0,0.0,0.0,-0.0002551036486027814,-0.0017799415517992844,-0.7099579202841653,0.7042418037549201,0,0,0,,0.8830512762069702,-0.03303257003426552,0.0,False,False,2,False
154.831622306,2658,154,881622307,map,6.616943359375,-1.0055943727493286,-1.2332725524902344,5.5503842304460704e-05,0.0,0.0,0.0,-0.0006289852865722751,-0.0016867613502959526,-0.7090894338611505,0.7051162556629436,0,0,0,,0.8898568749427795,0.004083435982465744,0.0,False,False,2,False
154.931622307,2659,154,931622307,map,6.818188667297363,-2.6164965629577637,-3.9954757690429688,4.348754373495467e-05,0.0,0.0,0.0,-0.0016867886430273558,-0.0010755723211133457,-0.7097865251991213,0.7044140022273924,0,0,0,,0.8449268341064453,0.05078572407364845,0.0,False,False,2,False
154.981622308,2660,154,981622308,map,6.934988021850586,0.43539851903915405,-2.3447227478027344,-0.00039558406569994986,0.0,0.0,0.0,-0.0021296608358201572,-0.0010676970950916644,-0.7106482345349667,0.7035434679676674,0,0,0,,0.9590722322463989,0.008498121052980423,0.0,False,False,2,False
155.031622309,2661,155,31622309,map,7.192968845367432,-3.563990831375122,-5.056543350219727,-0.0005739211919717491,0.0,0.0,0.0,-0.0031169310792865217,-0.0006521598743324719,-0.7125364162531437,0.7016279034796664,0,0,0,,0.9206491708755493,0.08355343341827393,0.0,False,False,2,False
155.081622309,2662,155,81622309,map,7.3115234375,-6.844065189361572,-1.9324493408203125,-0.0028295516967773438,0.0,0.0,0.0,-0.005022812581354712,0.0009521724122635196,-0.7172311976093847,0.6968165281458797,0,0,0,,0.8139581680297852,0.19462090730667114,0.0,False,False,2,False
155.13162231,2663,155,131622310,map,7.547143936157227,-3.780837059020996,-4.359912872314453,-0.0034437179565429688,0.0,0.0,0.0,-0.00642321486520148,0.0021734313627305986,-0.7239965443564246,0.6897702677463436,0,0,0,,0.8388630747795105,0.13729041814804077,0.0,False,False,2,False
155.181622311,2664,155,181622311,map,7.649827003479004,-6.9982147216796875,-1.1385726928710938,-0.002340317005291581,0.0,0.0,0.0,-0.007664215709732266,0.003585127571141968,-0.7323687945807233,0.680855605383573,0,0,0,,0.8279252052307129,0.22013267874717712,0.0,False,False,2,False
155.181622311,2665,155,231622312,map,7.7945733070373535,-9.809823036193848,-1.1042499542236328,-0.0067441933788359165,0.0,0.0,0.0,-0.00936859461677822,0.005903113150240561,-0.7436130001634262,0.6685185776610777,0,0,0,,0.8615567684173584,0.32695266604423523,0.0,False,False,2,False
155.281622312,2666,155,281622312,map,7.853062152862549,-9.948633193969727,1.3109970092773438,-0.009942244738340378,0.0,0.0,0.0,-0.010987289523334524,0.008641146948863703,-0.7578454716512157,0.6522843330527608,0,0,0,,0.7448403239250183,0.3462284505367279,0.0,False,False,2,False
155.331622313,2667,155,331622313,map,8.036508560180664,-4.970841407775879,-2.3343849182128906,0.005503844004124403,0.0,0.0,0.0,-0.011113348863181542,0.009479297982071203,-0.7720866843920793,0.6353493434097954,0,0,0,,0.6096826195716858,0.22282223403453827,0.0,False,False,2,False
155.381622314,2668,155,381622314,map,8.100847244262695,-7.172293663024902,1.0779094696044922,0.011697006411850452,0.0,0.0,0.0,-0.010827979151242107,0.009917045580124108,-0.7855273991649623,0.6186526587961875,0,0,0,,0.6831756830215454,0.2684321999549866,0.0,False,False,2,False
155.431622315,2669,155,431622315,map,8.205910682678223,-7.855534553527832,0.8178424835205078,0.00299053150229156,0.0,0.0,0.0,-0.010753204523573041,0.010758719203470352,-0.7990631975735909,0.6010545938906411,0,0,0,,0.6695813536643982,0.28217193484306335,0.0,False,False,2,False
155.431622315,2670,155,481622315,map,8.279281616210938,-2.0792388916015625,-0.7118320465087891,0.011706543155014515,0.0,0.0,0.0,-0.009646582216971705,0.010020515954181564,-0.8108947550565404,0.5850266907871269,0,0,0,,0.5921459197998047,0.14312443137168884,0.0,False,False,2,False
155.481622315,2671,155,531622316,map,8.37334156036377,-5.744671821594238,0.5209636688232422,0.009071540087461472,0.0,0.0,0.0,-0.008712108990258934,0.009344898829747534,-0.8209327819117643,0.5708818963721086,0,0,0,,0.7206640243530273,0.1972113698720932,0.0,False,False,2,False
155.581622317,2672,155,581622317,map,8.388406753540039,-7.437229156494141,3.37890625,-0.007110405247658491,0.0,0.0,0.0,-0.008650980367488337,0.010109399280768362,-0.8313414712208061,0.555602662712562,0,0,0,,0.7215595245361328,0.25863054394721985,0.0,False,False,2,False
155.581622317,2673,155,631622318,map,8.502091407775879,-3.314504623413086,-0.7939338684082031,-0.0011745450319722295,0.0,0.0,0.0,-0.008078870754637877,0.00980159893462849,-0.8409852373054858,0.5409089490292154,0,0,0,,0.7154188752174377,0.1455734372138977,0.0,False,False,2,False
155.681622318,2674,155,681622318,map,8.540922164916992,-6.421680450439453,2.8073596954345703,-6.427755579352379e-05,0.0,0.0,0.0,-0.007777570899720264,0.00984759994313898,-0.8499540377119481,0.5267073836044222,0,0,0,,0.7901308536529541,0.22356611490249634,0.0,False,False,2,False
155.731622319,2675,155,731622319,map,8.608749389648438,-8.544273376464844,3.8730812072753906,-0.011078452691435814,0.0,0.0,0.0,-0.008219326235956193,0.01127854993830906,-0.8599415178115543,0.5102017472838334,0,0,0,,0.8178132176399231,0.28693723678588867,0.0,False,False,2,False
155.731622319,2676,155,781622320,map,8.70030689239502,-4.594230651855469,0.9782218933105469,-0.001847267267294228,0.0,0.0,0.0,-0.008109381284985876,0.011576473769260727,-0.8697548444877382,0.4932815967379634,0,0,0,,0.8040149807929993,0.18232521414756775,0.0,False,False,2,False
155.831622321,2677,155,831622321,map,8.815677642822266,-7.248716354370117,2.554140090942383,0.002819824032485485,0.0,0.0,0.0,-0.008053070925879837,0.011820023503571874,-0.8790429728014348,0.47652794992681563,0,0,0,,0.8609253764152527,0.2332276701927185,0.0,False,False,2,False
155.831622321,2678,155,881622321,map,8.943556785583496,-4.285697937011719,0.15127182006835938,0.005196570884436369,0.0,0.0,0.0,-0.007681928911625857,0.011241908565625161,-0.8874588885354323,0.4606857156668244,0,0,0,,0.9293694496154785,0.15130439400672913,0.0,False,False,2,False
155.931622322,2679,155,931622322,map,9.0940523147583,-7.477598190307617,2.4023056030273438,0.0014793395530432463,0.0,0.0,0.0,-0.007663885737729544,0.011244885508226544,-0.8953501174970454,0.4451550117693082,0,0,0,,1.0,0.21505534648895264,0.0,False,False,2,False
155.931622322,2680,155,981622323,map,9.196969985961914,-8.837862014770508,5.449008941650391,-0.010474967770278454,0.0,0.0,0.0,-0.008197437382597098,0.01274532285463783,-0.9040574458065955,0.4271422402986434,0,0,0,,0.9792598485946655,0.298976868391037,0.0,False,False,2,False
156.031622324,2681,156,31622324,map,9.353866577148438,-8.866739273071289,4.702615737915039,-0.011722946539521217,0.0,0.0,0.0,-0.008752680246834415,0.014583051775338817,-0.9135929947760012,0.40627400247324724,0,0,0,,0.993563711643219,0.2898869812488556,0.0,False,False,2,False
156.081622324,2682,156,81622324,map,9.50597858428955,-8.719263076782227,5.424833297729492,-0.004863739013671875,0.0,0.0,0.0,-0.00908866259395213,0.016149014823567835,-0.9234011830663111,0.38338865481938594,0,0,0,,0.9850273728370667,0.2983301281929016,0.0,False,False,2,False
156.131622325,2683,156,131622325,map,9.73202896118164,-7.27534294128418,1.8846416473388672,0.009282493032515049,0.0,0.0,0.0,-0.008940621279618383,0.016243605251549303,-0.9324229266706884,0.3608929154173498,0,0,0,,1.0,0.2088746726512909,0.0,False,False,2,False
156.181622326,2684,156,181622326,map,9.944101333618164,-7.657375335693359,3.204784393310547,0.013008498586714268,0.0,0.0,0.0,-0.008682562147961861,0.015869567149924553,-0.9403501580447122,0.33972687591402806,0,0,0,,1.0,0.20996695756912231,0.0,False,False,2,False
156.231622327,2685,156,231622327,map,10.148151397705078,-8.267059326171875,4.881734848022461,0.0022447584196925163,0.0,0.0,0.0,-0.008580766911413885,0.016133588305935462,-0.9477206940592721,0.3185774063228565,0,0,0,,1.0,0.2315317690372467,0.0,False,False,2,False
156.231622327,2686,156,281622327,map,10.119730949401855,-1.41754150390625,3.2770538330078125,0.010433959774672985,0.0,0.0,0.0,-0.007590851581258353,0.015111962352043335,-0.9539001119645566,0.29964743276081685,0,0,0,,1.0,0.12626144289970398,0.0,False,False,0,False
156.331622328,2687,156,331622328,map,10.117385864257812,-2.895183563232422,4.860992431640625,0.009685708209872246,0.0,0.0,0.0,-0.0063946046970596165,0.014062414231136732,-0.9588895654540452,0.283358710471573,0,0,0,,1.0,0.14223216474056244,0.0,False,False,0,False
156.381622329,2688,156,381622329,map,10.4680757522583,-7.828083038330078,-0.4639720916748047,0.002296066377311945,0.0,0.0,0.0,-0.0058841895899271295,0.012680279060198644,-0.9629228486076712,0.26941450307122167,0,0,0,,1.0,0.09297288954257965,0.0,False,False,0,False
156.43162233,2689,156,431622330,map,10.842496871948242,-9.943561553955078,2.6149368286132812,-0.008097267709672451,0.0,0.0,0.0,-0.006474391928077607,0.012293178399903718,-0.9665788187844963,0.25599286531299587,0,0,0,,1.0,0.15023767948150635,0.0,False,False,3,False
156.48162233,2690,156,481622330,map,11.196028709411621,-8.352890014648438,0.8211135864257812,-0.008018303662538528,0.0,0.0,0.0,-0.007067727308684877,0.011847926834781027,-0.9699552616817128,0.242891877584179,0,0,0,,1.0,0.1058194637298584,0.0,False,False,3,False
156.48162233,2691,156,531622331,map,11.464916229248047,-8.791141510009766,6.039152145385742,-0.00880737230181694,0.0,0.0,0.0,-0.007583624295995207,0.012578195169156127,-0.9733831282063975,0.22871284041774242,0,0,0,,1.0,0.23425419628620148,0.0,False,False,3,False
156.581622332,2692,156,581622332,map,11.652372360229492,-8.264999389648438,10.147781372070312,-0.020454786717891693,0.0,0.0,0.0,-0.007969866597221719,0.015456096988978757,-0.9776146920371624,0.2096833426988749,0,0,0,,1.0,0.3023061454296112,0.0,False,False,3,False
156.581622332,2693,156,631622333,map,11.862381935119629,-7.701263427734375,9.105901718139648,-0.015139961615204811,0.0,0.0,0.0,-0.007960283717447086,0.018220639249456144,-0.9822291511512097,0.18662941037589176,0,0,0,,1.0,0.2707878649234772,0.0,False,False,3,False
156.631622333,2694,156,681622333,map,12.038084030151367,-6.992034912109375,11.052751541137695,-0.006165886297821999,0.0,0.0,0.0,-0.007625000709308634,0.02075790660662926,-0.986784445650693,0.16052235513892704,0,0,0,,1.0,0.30098602175712585,0.0,False,False,3,False
156.681622333,2695,156,731622334,map,12.25349235534668,-6.682262420654297,8.991646766662598,0.005670739337801933,0.0,0.0,0.0,-0.007055488324729118,0.02220869987278321,-0.9908084027047911,0.1332505266932957,0,0,0,,1.0,0.23690026998519897,0.0,False,False,3,False
156.781622335,2696,156,781622335,map,12.47900676727295,-6.268825531005859,8.008580207824707,0.018158338963985443,0.0,0.0,0.0,-0.006410355502952292,0.02244209354646377,-0.9939740702339174,0.1071018556431075,0,0,0,,1.0,0.18876996636390686,0.0,False,False,3,False
156.831622336,2697,156,831622336,map,12.661856651306152,-5.482234954833984,10.777246475219727,0.009830474853515625,0.0,0.0,0.0,-0.005766107110611839,0.023019541479746906,-0.9963868207044954,0.08154849014690042,0,0,0,,1.0,0.21859443187713623,0.0,False,False,3,False
156.881622336,2698,156,881622336,map,12.84167194366455,-4.915943145751953,10.91865348815918,0.0010686874156817794,0.0,0.0,0.0,-0.005099583829889351,0.023812006144612295,-0.9981275280628249,0.05611078622979415,0,0,0,,1.0,0.2093397080898285,0.0,False,False,3,False
156.931622337,2699,156,931622337,map,13.031110763549805,-4.571495056152344,10.245828628540039,0.0035196305252611637,0.0,0.0,0.0,-0.004448508832674765,0.024200399974254133,-0.9992009063118068,0.03149762270260162,0,0,0,,1.0,0.18047761917114258,0.0,False,False,3,False
156.931622337,2700,156,981622338,map,13.234541893005371,-4.4072723388671875,8.9688081741333,0.009909248910844326,0.0,0.0,0.0,-0.003889503398573915,0.023823727595257332,-0.9996692197248593,0.008874283152462196,0,0,0,,1.0,0.13805177807807922,0.0,False,False,3,False
157.031622339,2701,157,31622339,map,13.447879791259766,-4.311580657958984,7.4893622398376465,0.014257621951401234,0.0,0.0,0.0,0.0034863080299976867,-0.02261272002477218,0.9996822466560346,0.01057904864079792,0,0,0,,1.0,0.09315918385982513,0.0,False,False,3,False
157.031622339,2702,157,81622339,map,13.666784286499023,-4.270896911621094,5.793263912200928,0.014604758471250534,0.0,0.0,0.0,0.0032693848512141107,-0.02063230673558423,0.999446159038735,0.02590355620726646,0,0,0,,1.0,0.04865255951881409,0.0,False,False,3,False
157.13162234,2703,157,131622340,map,13.88723087310791,-4.278507232666016,3.7359750270843506,0.01158447191119194,0.0,0.0,0.0,0.003237690779516756,-0.017924202253873117,0.9991736391492892,0.03633564587487561,0,0,0,,1.0,0.0038963034749031067,0.0,False,False,3,False
157.181622341,2704,157,181622341,map,14.104437828063965,-4.263629913330078,1.8802833557128906,0.005668639205396175,0.0,0.0,0.0,0.0033512134328290318,-0.014694234226855478,0.9990212185240662,0.04158670205370863,0,0,0,,1.0,-0.032551415264606476,0.0,False,False,3,False
157.231622342,2705,157,231622342,map,14.317031860351562,-4.245090484619141,0.24334192276000977,-0.0020759552717208862,0.0,0.0,0.0,0.0035458662907079676,-0.0112102805144636,0.9990502655320557,0.04195620792403235,0,0,0,,1.0,-0.059900280088186264,0.0,False,False,3,False
157.281622342,2706,157,281622342,map,14.525933265686035,-4.230766296386719,-1.0463500022888184,-0.008541871793568134,0.0,0.0,0.0,0.0037566613350921,-0.007740154115336389,0.9992313680695304,0.03824461499059575,0,0,0,,1.0,-0.07573211193084717,0.0,False,False,3,False
157.281622342,2707,157,331622343,map,14.730985641479492,-4.1985321044921875,-2.377837896347046,-0.012071037665009499,0.0,0.0,0.0,0.003935989840893848,-0.004379897627087327,0.9994905873770762,0.03136702449031443,0,0,0,,1.0,-0.08725118637084961,0.0,False,False,3,False
157.381622344,2708,157,381622344,map,14.938094139099121,-4.21966552734375,-2.4396169185638428,-0.01311111357063055,0.0,0.0,0.0,0.00405604706549164,-0.0015517887925456575,0.9997317382294864,0.02275064857088373,0,0,0,,1.0,-0.07525385916233063,0.0,False,False,3,False
157.431622345,2709,157,431622345,map,15.145419120788574,-4.205875396728516,-2.6447229385375977,-0.011042593978345394,0.0,0.0,0.0,0.004114732480992536,0.0006494202115949406,0.9998972563741143,0.01371582755494995,0,0,0,,1.0,-0.0626605749130249,0.0,False,False,3,False
157.431622345,2710,157,481622345,map,15.30693531036377,-3.2588768005371094,-1.9913244247436523,-0.007124900817871094,0.0,0.0,0.0,0.00408623476187255,0.002051734260448973,0.9999743694704322,0.005509398715581635,0,0,0,,1.0,-0.03734701871871948,0.0,False,False,3,False
157.481622345,2711,157,531622346,map,15.29526138305664,0.21923065185546875,-1.8070921897888184,-0.0020816803444176912,0.0,0.0,0.0,-0.0035360226636443506,-0.002821337470685964,-0.999989152509786,0.0011097122863860912,0,0,0,,1.0,-0.020884083583950996,0.0,False,False,0,False
157.581622347,2712,157,581622347,map,15.282086372375488,0.25989532470703125,-1.8008923530578613,0.0007478718180209398,0.0,0.0,0.0,-0.002790767480937153,-0.003259971620919931,-0.9999720618045608,0.0061204421599961745,0,0,0,,1.0,-0.011721517890691757,0.0,False,False,0,False
157.581622347,2713,157,631622347,map,15.602452278137207,-6.401214599609375,-1.6844940185546875,0.0005517955287359655,0.0,0.0,0.0,-0.0027804988530848356,-0.0034609729530939446,-0.999943579247586,0.0096503271381028,0,0,0,,1.0,-0.004424195736646652,0.0,False,False,4,False
157.681622348,2714,157,681622348,map,15.888256072998047,-5.714817047119141,-0.2101007103919983,0.0007822038605809212,0.0,0.0,0.0,-0.0032651502976009618,-0.0030485177157004847,-0.9999276061981567,0.011172631565365567,0,0,0,,1.0,0.020507540553808212,0.0,False,False,4,False
157.681622348,2715,157,731622349,map,16.14546775817871,-5.137577056884766,-0.8383709192276001,0.000928688095882535,0.0,0.0,0.0,-0.0037423543554277634,-0.002612831358915178,-0.9999269289528239,0.011193956009512281,0,0,0,,1.0,0.011718515306711197,0.0,False,False,4,False
157.731622349,2716,157,781622350,map,16.38028335571289,-4.699249267578125,0.3135061264038086,0.0008640288142487407,0.0,0.0,0.0,-0.004062634778619248,-0.0019483566286938856,-0.9999399238574975,0.009992376142097525,0,0,0,,1.0,0.02502669021487236,0.0,False,False,4,False
157.78162235,2717,157,831622350,map,16.598600387573242,-4.368438720703125,0.2473500370979309,0.0008209227817133069,0.0,0.0,0.0,-0.004218095000736811,-0.0012568670001272605,-0.9999588893123182,0.007927650672401886,0,0,0,,1.0,0.02033054083585739,0.0,False,False,4,False
157.83162235,2718,157,881622351,map,16.804031372070312,-4.1123199462890625,0.5537503957748413,0.0006032943492755294,0.0,0.0,0.0,-0.004247621417542607,-0.0006071422201864623,-0.9999759006970825,0.005457757385226451,0,0,0,,1.0,0.01928795874118805,0.0,False,False,4,False
157.931622352,2719,157,931622352,map,16.999189376831055,-3.9076614379882812,1.125091314315796,0.0003131866396870464,0.0,0.0,0.0,-0.004196129587948353,0.0001201913544008745,-0.9999876905664071,0.002645140106519612,0,0,0,,1.0,0.022949950769543648,0.0,False,False,4,False
157.981622353,2720,157,981622353,map,17.187767028808594,-3.772430419921875,0.5945462584495544,0.0001350402890238911,0.0,0.0,0.0,0.004102737297507524,-0.0006041139945471395,0.9999914008002178,3.0307878114421078e-05,0,0,0,,1.0,0.010575266554951668,0.0,False,False,4,False
157.981622353,2721,158,31622353,map,17.370197296142578,-3.6472702026367188,1.166933298110962,8.831024751998484e-05,0.0,0.0,0.0,0.003992675123746274,-0.0010567954046555202,0.9999883788150797,0.0024867576515151457,0,0,0,,1.0,0.014332180842757225,0.0,False,False,4,False
158.081622354,2722,158,81622354,map,17.54899787902832,-3.574066162109375,0.5509647727012634,5.054473876953125e-05,0.0,0.0,0.0,0.0038844819523650505,-0.0012671157541916645,0.9999817232092879,0.004456283766800778,0,0,0,,1.0,0.002391694113612175,0.0,False,False,4,False
158.131622355,2723,158,131622355,map,17.724498748779297,-3.5098648071289062,0.036141276359558105,0.00021495818509720266,0.0,0.0,0.0,0.003788202659981292,-0.0011347548720002103,0.9999771617324059,0.0054806811245783375,0,0,0,,1.0,-0.008596140891313553,0.0,False,False,4,False
158.181622356,2724,158,181622356,map,17.897336959838867,-3.4579849243164062,-0.29840558767318726,0.0001960754452738911,0.0,0.0,0.0,0.003706889447824624,-0.0007769139366185998,0.9999782026234773,0.005408294858525293,0,0,0,,1.0,-0.015609713271260262,0.0,False,False,4,False
158.181622356,2725,158,231622356,map,18.0679931640625,-3.4149169921875,-0.6886298656463623,8.277893357444555e-05,0.0,0.0,0.0,0.0036400641465661444,-0.0002695777421156204,0.9999842552985259,0.004262207867098011,0,0,0,,1.0,-0.021412581205368042,0.0,False,False,4,False
158.231622356,2726,158,281622357,map,18.23743438720703,-3.3892440795898438,-0.7000502347946167,-8.945466106524691e-05,0.0,0.0,0.0,0.0035857381131735836,0.0002202966560624993,0.9999907974017372,0.0023450081885847923,0,0,0,,1.0,-0.019623469561338425,0.0,False,False,4,False
158.281622357,2727,158,331622358,map,18.406225204467773,-3.3756637573242188,-0.23777800798416138,-0.0001852035493357107,0.0,0.0,0.0,0.003542448587248202,0.00045681412147192865,0.9999935661220302,0.00033180327039606457,0,0,0,,1.0,-0.00861474871635437,0.0,False,False,4,False
158.331622358,2728,158,381622359,map,18.574018478393555,-3.3551788330078125,-0.4539756774902344,-0.00016345977201126516,0.0,0.0,0.0,-0.003508403414941732,-0.0006035498055394031,-0.9999926083932228,0.0014525811607556138,0,0,0,,1.0,-0.006931735202670097,0.0,False,False,4,False
158.381622359,2729,158,431622359,map,18.741050720214844,-3.3408737182617188,0.10817907750606537,-5.8555600844556466e-05,0.0,0.0,0.0,-0.003482191418722959,-0.0005364614957162141,-0.9999903520277632,0.0026234335092231442,0,0,0,,1.0,0.004974395036697388,0.0,False,False,4,False
158.48162236,2730,158,481622360,map,18.907520294189453,-3.3289718627929688,-0.19609317183494568,3.490447852527723e-05,0.0,0.0,0.0,-0.0034619756526881257,-0.00046569471545716417,-0.9999888332399289,0.0031829622143130314,0,0,0,,1.0,0.0033129025250673294,0.0,False,False,4,False
158.48162236,2731,158,531622361,map,19.073474884033203,-3.3185577392578125,-0.2032174915075302,-5.702972339349799e-05,0.0,0.0,0.0,-0.003446602300190482,-0.0004418072791620026,-0.9999883574070042,0.0033482516862044696,0,0,0,,1.0,0.003437584266066551,0.0,False,False,4,False
158.581622362,2732,158,581622362,map,19.238988876342773,-3.3098220825195312,-0.1590871810913086,-5.798339770990424e-05,0.0,0.0,0.0,-0.0034347454027223298,-0.00041759699121129285,-0.9999887525507719,0.003243903315857218,0,0,0,,1.0,0.0034255702048540115,0.0,False,False,4,False
158.631622362,2733,158,631622362,map,19.404123306274414,-3.3023452758789062,-0.09734839200973511,-1.430511474609375e-05,0.0,0.0,0.0,-0.0034254578367380055,-0.00037175381639072917,-0.9999896682074456,0.0029650490841461354,0,0,0,,1.0,0.0032360460609197617,0.0,False,False,4,False
158.681622363,2734,158,681622363,map,19.568906784057617,-3.2955551147460938,-0.043201595544815063,-4.02450496039819e-05,0.0,0.0,0.0,-0.0034185538209830922,-0.00030500152867490973,-0.9999907509989325,0.0025919838794463486,0,0,0,,1.0,0.0027659237384796143,0.0,False,False,4,False
158.731622364,2735,158,731622364,map,19.73337173461914,-3.2894515991210938,0.039081573486328125,9.517669241176918e-05,0.0,0.0,0.0,-0.0034130355084098984,-0.00021386745791761243,-0.9999917980209889,0.0021701013982081815,0,0,0,,1.0,0.0027379393577575684,0.0,False,False,4,False
158.781622365,2736,158,781622365,map,19.897533416748047,-3.2836151123046875,0.10356128215789795,-3.719329833984375e-05,0.0,0.0,0.0,-0.0034085466470949186,-0.00010543451653888105,-0.9999926991294114,0.0017240595093937186,0,0,0,,1.0,0.002624019980430603,0.0,False,False,4,False
158.781622365,2737,158,831622365,map,20.0614070892334,-3.2779312133789062,0.15917718410491943,-4.940032886224799e-05,0.0,0.0,0.0,-0.003404864561053841,1.0054339377393046e-05,-0.9999933960743709,0.0012706706409020925,0,0,0,,1.0,0.0025453921407461166,0.0,False,False,4,False
158.831622365,2738,158,881622366,map,20.225017547607422,-3.2725143432617188,0.10488398373126984,6.809234764659777e-05,0.0,0.0,0.0,-0.003401771080326835,9.157470779916525e-05,-0.9999938296961425,0.000871858493158367,0,0,0,,1.0,0.0009511876851320267,0.0,False,False,4,False
158.931622367,2739,158,931622367,map,20.38835906982422,-3.2671356201171875,0.14084435999393463,-5.550384594243951e-05,0.0,0.0,0.0,-0.003398974000581657,0.00015391483221820164,-0.9999940590858836,0.0005523394844785069,0,0,0,,1.0,0.0007884372025728226,0.0,False,False,4,False
158.981622368,2740,158,981622368,map,20.551437377929688,-3.2619094848632812,0.16540713608264923,3.4332333598285913e-06,0.0,0.0,0.0,-0.003396566146826836,0.00021045737268676916,-0.999994166690675,0.00029262728359361463,0,0,0,,1.0,0.0008162073791027069,0.0,False,False,4,False
159.031622368,2741,159,31622368,map,20.714271545410156,-3.2568740844726562,0.11930827051401138,3.3569333027116954e-05,0.0,0.0,0.0,-0.003394383513452657,0.00024119386251053807,-0.9999942046398645,0.00010330909261883054,0,0,0,,1.0,-1.2051314115524292e-05,0.0,False,False,4,False
159.031622368,2742,159,81622369,map,20.876853942871094,-3.251800537109375,0.13468489050865173,-1.5068053471622989e-05,0.0,0.0,0.0,0.0033924448041950167,-0.0002589421255512035,0.9999942117845937,2.577857911508965e-05,0,0,0,,1.0,0.0001668538898229599,0.0,False,False,4,False
159.13162237,2743,159,131622370,map,21.039331436157227,-3.249664306640625,0.133763387799263,-8.392335075768642e-06,0.0,0.0,0.0,0.0033908092786547476,-0.00027098424592273323,0.9999942071012141,0.00012142482629962221,0,0,0,,1.0,0.00029999203979969025,0.0,False,False,4,False
159.13162237,2744,159,181622371,map,21.02837371826172,0.21907806396484375,0.13242454826831818,0.00046672820462845266,0.0,0.0,0.0,0.003053126690135993,-0.00027891817962095506,0.9999952795635417,0.00020364846432859075,0,0,0,,1.0,0.0004407651722431183,0.0,False,False,0,False
159.181622371,2745,159,231622371,map,21.009109497070312,0.385284423828125,0.023222342133522034,0.0007102965610101819,0.0,0.0,0.0,0.0024689427532204864,-0.00024798290223539756,0.999996894052941,0.00023390304081588237,0,0,0,,1.0,-0.0009819045662879944,0.0,False,False,0,False
159.281622372,2746,159,281622372,map,21.18752098083496,-3.5682296752929688,0.003913901746273041,0.0001543045073049143,0.0,0.0,0.0,0.0022533145152340184,-0.00019510355055729254,0.9999974242156304,0.00018992210164013102,0,0,0,,1.0,-0.0012011639773845673,0.0,False,False,0,False
159.331622373,2747,159,331622373,map,21.402009963989258,-4.2897796630859375,0.003133714199066162,-0.0007293700473383069,0.0,0.0,0.0,0.0025584533455991912,-0.00014484896305302857,0.9999967122336005,9.411294131646956e-05,0,0,0,,1.0,-0.0009792298078536987,0.0,False,False,5,False
159.331622373,2748,159,381622374,map,21.594600677490234,-3.8518524169921875,0.09016207605600357,-0.0007526397239416838,0.0,0.0,0.0,0.0029231232752953687,-0.00013376443515752926,0.9999957183860942,2.582387426457444e-05,0,0,0,,1.0,0.0007305443286895752,0.0,False,False,5,False
159.431622374,2749,159,431622374,map,21.770816802978516,-3.524322509765625,0.08031293004751205,-0.0004854201979469508,0.0,0.0,0.0,0.00318949503858797,-0.00014095865073387176,0.999994903301782,2.4950297606182597e-05,0,0,0,,1.0,0.001033499836921692,0.0,False,False,5,False
159.481622375,2750,159,481622375,map,21.93483543395996,-3.28033447265625,0.1349656879901886,-0.00013904573279432952,0.0,0.0,0.0,0.003334973543214944,-0.0001673602752439281,0.9999944183652331,0.00011480585125617824,0,0,0,,1.0,0.00206197053194046,0.0,False,False,5,False
159.481622375,2751,159,531622376,map,22.089799880981445,-3.099212646484375,0.1450677514076233,5.7983415899798274e-05,0.0,0.0,0.0,0.003383569523224531,-0.00020287567738093825,0.9999942104454546,0.00029895536932551006,0,0,0,,1.0,0.0022658035159111023,0.0,False,False,5,False
159.531622376,2752,159,581622377,map,22.237855911254883,-2.9604721069335938,0.5218203067779541,0.00016613004845567048,0.0,0.0,0.0,0.0033685222265760054,-0.00035751196644174843,0.9999939830940846,0.0007476756186419414,0,0,0,,1.0,0.007876170799136162,0.0,False,False,5,False
159.631622377,2753,159,631622377,map,22.380210876464844,-2.8463363647460938,0.3380456566810608,0.00023555755615234375,0.0,0.0,0.0,0.003317259452860038,-0.0004917403058426303,0.9999933920685352,0.0014034957993846325,0,0,0,,0.9776772856712341,0.005006849765777588,0.0,False,False,5,False
159.631622377,2754,159,681622378,map,22.516630172729492,-2.7268218994140625,0.5030859708786011,0.0002914428769145161,0.0,0.0,0.0,0.0032456474955029945,-0.0006268429327975638,0.9999921209894341,0.0021979079429060486,0,0,0,,0.9737311601638794,0.006438523530960083,0.0,False,False,5,False
159.731622379,2755,159,731622379,map,22.647668838500977,-2.619781494140625,0.2534984052181244,0.00016803739708848298,0.0,0.0,0.0,0.0031649384922469723,-0.0006719350433291743,0.9999904041271712,0.0029535269110900924,0,0,0,,0.9501975774765015,0.0016327891498804092,0.0,False,False,5,False
159.731622379,2756,159,781622380,map,22.772016525268555,-2.48779296875,-0.21125733852386475,0.0001760482700774446,0.0,0.0,0.0,0.0030783593357525136,-0.0005059941935572478,0.9999897323196814,0.003286780930961994,0,0,0,,0.921937108039856,-0.006871623918414116,0.0,False,False,5,False
159.83162238,2757,159,831622380,map,22.88884162902832,-2.336578369140625,-0.017701685428619385,5.817413693876006e-05,0.0,0.0,0.0,0.002984660511941988,-0.0003333825293783068,0.9999903768764127,0.003197938756083562,0,0,0,,0.8965291976928711,-0.005012447014451027,0.0,False,False,5,False
159.881622381,2758,159,881622381,map,22.99708366394043,-2.1630096435546875,0.44934675097465515,9.28878944250755e-05,0.0,0.0,0.0,0.002881225978983941,-0.00036822097512533784,0.9999909425108008,0.0031109237425293577,0,0,0,,0.8619524836540222,0.002805182710289955,0.0,False,False,5,False
159.931622382,2759,159,931622382,map,23.093032836914062,-1.9145965576171875,0.7984049320220947,-1.2969976523891091e-05,0.0,0.0,0.0,0.002761783682770052,-0.0006113437680585631,0.9999901171449759,0.0034299303293720816,0,0,0,,0.7681151628494263,0.009770870208740234,0.0,False,False,5,False
159.981622382,2760,159,981622382,map,23.169349670410156,-1.5203094482421875,0.8341994881629944,2.498625690350309e-05,0.0,0.0,0.0,0.002607985424840966,-0.0009066991617582128,0.9999871645214926,0.004248187957140667,0,0,0,,0.6157287359237671,0.011340433731675148,0.0,False,False,5,False
160.031622383,2761,160,31622383,map,23.216379165649414,-0.9326934814453125,0.8739322423934937,-5.264282663119957e-05,0.0,0.0,0.0,0.0023925156651518524,-0.001173978117084115,0.9999814615588652,0.005474868287773248,0,0,0,,0.46355268359184265,0.011543478816747665,0.0,False,False,5,False
160.081622384,2762,160,81622384,map,23.226844787597656,-0.19359588623046875,1.3682434558868408,5.989073542878032e-05,0.0,0.0,0.0,0.0020912868248644145,-0.001550980198825212,0.9999705224736353,0.007223237753521113,0,0,0,,0.31031307578086853,0.017904795706272125,0.0,False,False,5,False
160.13162238500001,2763,160,131622385,map,23.19965934753418,0.5591201782226562,1.0850697755813599,0.0001354217529296875,0.0,0.0,0.0,0.001702209561338802,-0.0018473397058765726,0.9999536921472659,0.009289961230869757,0,0,0,,0.21564462780952454,0.012236632406711578,0.0,False,False,5,False
160.181622385,2764,160,181622385,map,23.140884399414062,1.1719512939453125,-0.24454772472381592,0.0004302978341002017,0.0,0.0,0.0,0.001256050753787491,-0.0016028751058604414,0.9999409006320275,0.010679343196492812,0,0,0,,0.1843593418598175,-0.010920431464910507,0.0,False,False,5,False
160.231622386,2765,160,231622386,map,23.057600021362305,1.6465377807617188,-1.453160047531128,0.0006944655906409025,0.0,0.0,0.0,0.0007959425083242961,-0.000738764474070573,0.9999460709503362,0.010328402275304918,0,0,0,,0.16518020629882812,-0.03421681001782417,0.0,False,False,5,False
160.281622387,2766,160,281622387,map,22.95645523071289,2.0075225830078125,-1.5337190628051758,2.651227987371385e-05,0.0,0.0,0.0,0.00035307853129805855,0.00025966110617870396,0.9999667407905517,0.008144029984125636,0,0,0,,0.12448316812515259,-0.03717746585607529,0.0,False,False,5,False
160.331622388,2767,160,331622388,map,22.84071922302246,2.3065948486328125,-1.1337465047836304,-0.00048389440053142607,0.0,0.0,0.0,-5.676387607140587e-05,0.0009704682127500183,0.9999875550678553,0.0048933300239558,0,0,0,,0.06778581440448761,-0.027017846703529358,0.0,False,False,5,False
160.381622388,2768,160,381622388,map,22.71137809753418,2.5796890258789062,-1.7404148578643799,-0.0005811691517010331,0.0,0.0,0.0,-0.0004282072532806171,0.0016327165984922581,0.9999980937231172,0.0009815422501840076,0,0,0,,0.04851754382252693,-0.02972181886434555,0.0,False,False,5,False
160.381622388,2769,160,431622389,map,22.563121795654297,2.9645156860351562,-0.33300572633743286,-0.00022220607206691056,0.0,0.0,0.0,0.0007724833145389549,-0.001766772497533651,-0.9999950195197924,0.0024985435919067335,0,0,0,,0.0,-0.0004144497215747833,0.053466808050870895,False,False,5,False
160.431622389,2770,160,481622390,map,22.39531135559082,3.3563995361328125,-1.457430362701416,-0.00012321471876930445,0.0,0.0,0.0,0.001109472384415016,-0.0019695517380485627,-0.9999828453386433,0.005403606703882206,0,0,0,,0.0,-0.010024409741163254,0.09605087339878082,False,False,5,False
160.531622391,2771,160,531622391,map,22.21923065185547,3.5221481323242188,-0.2522859573364258,0.00011444090341683477,0.0,0.0,0.0,0.0014206148192873523,-0.0018882137952302015,-0.9999703248803927,0.007332520767144539,0,0,0,,0.0,0.01252710446715355,0.09910552203655243,False,False,5,False
160.581622391,2772,160,581622391,map,22.03197479248047,3.7470626831054688,-0.6248522400856018,5.64575384487398e-05,0.0,0.0,0.0,0.0016950963326678508,-0.001747908345565841,-0.999963540582911,0.008184678963002923,0,0,0,,0.0,0.010072220116853714,0.14362840354442596,False,False,5,False
160.631622392,2773,160,631622392,map,21.838584899902344,3.8714981079101562,-0.7821950316429138,-5.7792676670942456e-05,0.0,0.0,0.0,0.0019359956936057516,-0.0017202143280043319,-0.9999613611022798,0.008400540804973896,0,0,0,,0.0,0.0066705383360385895,0.15448620915412903,False,False,5,False
160.681622393,2774,160,681622393,map,21.641834259033203,3.9337921142578125,0.23831501603126526,0.00013942716759629548,0.0,0.0,0.0,0.002132198513054401,-0.001406620413289007,-0.999966582792411,0.007765851336597417,0,0,0,,0.0,0.02050948515534401,0.1653633415699005,False,False,5,False
160.731622394,2775,160,731622394,map,21.44521141052246,3.9297866821289062,0.6164458394050598,0.0002014160418184474,0.0,0.0,0.0,0.0022816956632233073,-0.000847112096759737,-0.9999783836137075,0.006108074272051065,0,0,0,,0.0,0.024687256664037704,0.15956471860408783,False,False,5,False
160.781622394,2776,160,781622394,map,21.245576858520508,3.9927291870117188,-0.0023730099201202393,-0.00013160708476789296,0.0,0.0,0.0,0.0023951844233714124,-0.0005000975043032225,-0.9999886862857525,0.004079251715573561,0,0,0,,0.0,0.010658163577318192,0.18321649730205536,False,False,5,False
160.831622395,2777,160,831622395,map,21.12174415588379,2.4794387817382812,-0.6182892322540283,-9.07897629076615e-05,0.0,0.0,0.0,0.002364410772689106,-0.0005348681786716847,-0.9999937390649624,0.002577849608749794,0,0,0,,0.0,-0.005284372717142105,0.1809941679239273,False,False,5,False
160.881622396,2778,160,881622396,map,21.05095672607422,1.4154815673828125,0.0586836040019989,0.00020484920241869986,0.0,0.0,0.0,0.0020221162513442783,-0.0004933993619685518,-0.9999965124254643,0.001625650591031403,0,0,0,,0.0,-0.0006210543215274811,0.1976473480463028,False,False,0,False
160.931622397,2779,160,931622397,map,20.861209869384766,3.7942123413085938,0.15572741627693176,-4.76837158203125e-06,0.0,0.0,0.0,0.0017772034079431849,-0.000329814253556554,-0.9999978676220544,0.0009987602059470181,0,0,0,,0.0,-0.001284029334783554,0.21207620203495026,False,False,0,False
160.931622397,2780,160,981622397,map,20.506927490234375,7.086639404296875,-0.18416672945022583,-0.0008518218528479338,0.0,0.0,0.0,0.0022631143140906854,-0.00027167910088364674,-0.9999970591072213,0.0008284207724159182,0,0,0,,0.0,-0.00860292837023735,0.21836073696613312,False,False,4,False
161.031622398,2781,161,31622398,map,20.18130111694336,6.509742736816406,0.6235741376876831,-0.0008167267078533769,0.0,0.0,0.0,0.002914561263307321,-2.4006213995212352e-05,-0.9999955009419433,0.0007091207345986597,0,0,0,,0.0,0.004981640726327896,0.20656223595142365,False,False,4,False
161.081622399,2782,161,81622399,map,19.876548767089844,6.096839904785156,-0.3954678773880005,-0.0002670288668014109,0.0,0.0,0.0,0.0034405739397188623,-2.406524694346494e-05,-0.9999937066628041,0.0008651627679328234,0,0,0,,0.0,-0.010809917002916336,0.20649965107440948,False,False,4,False
161.081622399,2783,161,131622400,map,19.586463928222656,5.803070068359375,-0.2434198558330536,0.00014991768694017082,0.0,0.0,0.0,0.0037829595400870305,-0.0001483969958938512,-0.9999917795643866,0.0014518950034111957,0,0,0,,0.0,-0.009030897170305252,0.209932342171669,False,False,4,False
161.1316224,2784,161,181622400,map,19.306974411010742,5.586128234863281,0.8045625686645508,0.00039653771091252565,0.0,0.0,0.0,0.003966892620561112,8.648379862242025e-05,-0.9999906341383715,0.0017285598130108053,0,0,0,,0.0,0.009902890771627426,0.21312884986400604,False,False,4,False
161.231622401,2785,161,231622401,map,19.034069061279297,5.4584503173828125,-0.08181676268577576,0.00040149688720703125,0.0,0.0,0.0,0.004040507182221641,0.00018115693784370905,-0.9999902080225624,0.0017959239590484594,0,0,0,,0.0,-0.001631859689950943,0.22649256885051727,False,False,4,False
161.231622401,2786,161,281622402,map,18.769193649291992,5.2977752685546875,-0.05800560116767883,0.0003448486386332661,0.0,0.0,0.0,0.004042131894451033,0.00013055123779211574,-0.9999899686630624,0.001925279036852009,0,0,0,,0.0,-0.001672539860010147,0.21599183976650238,False,False,4,False
161.281622402,2787,161,331622403,map,18.51239585876465,5.133323669433594,0.9289783239364624,0.00017108916654251516,0.0,0.0,0.0,0.003993851737984909,0.0003863053560626072,-0.999990713322153,0.001572636613648806,0,0,0,,0.0,0.015109684318304062,0.2015690952539444,False,False,4,False
161.381622403,2788,161,381622403,map,18.261016845703125,5.027427673339844,0.09244654327630997,9.689333091955632e-05,0.0,0.0,0.0,0.003918109330059243,0.000496389956398095,-0.9999917511065399,0.0009485437073383261,0,0,0,,0.0,0.0031604208052158356,0.20259161293506622,False,False,4,False
161.431622404,2789,161,431622404,map,18.01641082763672,4.8918914794921875,0.22569872438907623,6.2179533415474e-05,0.0,0.0,0.0,0.0038288827474141883,0.0005019629532613276,-0.9999924861967954,0.0003394702522898166,0,0,0,,0.0,0.0036529190838336945,0.1863761991262436,False,False,4,False
161.431622404,2790,161,481622405,map,17.777177810668945,4.784584045410156,0.11944659054279327,-4.1007988329511136e-05,0.0,0.0,0.0,-0.0037328169488114607,-0.00046509904637259116,0.9999929083624327,0.00018161868573557646,0,0,0,,0.0,0.001014064997434616,0.18001583218574524,False,False,4,False
161.531622406,2791,161,531622406,map,17.543012619018555,4.683265686035156,0.06246907636523247,-3.070828825002536e-05,0.0,0.0,0.0,-0.0036362064170322034,-0.0003972665570426206,0.9999931687101302,0.0005317097408919616,0,0,0,,0.0,-0.0008400939404964447,0.17099153995513916,False,False,4,False
161.581622406,2792,161,581622406,map,17.313749313354492,4.5853424072265625,-0.1290702521800995,-0.00010910035052802414,0.0,0.0,0.0,-0.0035418639412587425,-0.00026788704455193914,0.9999935070443083,0.0006077051733883001,0,0,0,,0.0,-0.004599090665578842,0.16208627820014954,False,False,4,False
161.631622407,2793,161,631622407,map,17.085189819335938,4.571266174316406,0.5712866187095642,-3.280640157754533e-05,0.0,0.0,0.0,-0.003458122308087849,-0.000361598358993845,0.9999936469501138,0.0007853000319023273,0,0,0,,0.0,0.006648208945989609,0.17586155235767365,False,False,4,False
161.681622408,2794,161,681622408,map,16.921920776367188,3.2668685913085938,0.7119372487068176,-0.00010051727440441027,0.0,0.0,0.0,-0.0033087093698235138,-0.0006093264357182876,0.9999934064533208,0.0013668260622066886,0,0,0,,0.0,0.010438721626996994,0.20415863394737244,False,False,4,False
161.731622409,2795,161,731622409,map,16.850492477416992,1.4300537109375,0.4075579345226288,0.0004673004150390625,0.0,0.0,0.0,-0.0027961683428022865,-0.0007624918848319212,0.9999934289477147,0.00217763865606649,0,0,0,,0.0,0.006191801279783249,0.21986572444438934,False,False,0,False
161.731622409,2796,161,781622409,map,16.693866729736328,3.1414794921875,1.3845548629760742,0.000107383712020237,0.0,0.0,0.0,-0.0023005802502494826,-0.0011667468761456523,0.9999902622674451,0.0035806986085940495,0,0,0,,0.0,0.022062998265028,0.2380322366952896,False,False,0,False
161.781622409,2797,161,831622410,map,16.24477767944336,8.983879089355469,0.194244384765625,-0.0011245727073401213,0.0,0.0,0.0,-0.0027872396942317944,-0.0012532756537789055,0.9999824917745179,0.005067222064284891,0,0,0,,0.0,0.005431819707155228,0.24147887527942657,False,False,3,False
161.881622411,2798,161,881622411,map,15.833463668823242,8.227787017822266,0.11734932661056519,-0.00122661585919559,0.0,0.0,0.0,-0.003634117406249427,-0.0011117740159189056,0.9999736717722025,0.006181659294613211,0,0,0,,0.0,0.000656377524137497,0.22058893740177155,False,False,3,False
161.931622412,2799,161,931622412,map,15.453570365905762,7.5927734375,-0.5925643444061279,-0.0005880356184206903,0.0,0.0,0.0,-0.0043576130496582955,-0.0007057901454938885,0.9999689628052473,0.006525832895352256,0,0,0,,0.0,-0.01443484053015709,0.20457611978054047,False,False,3,False
161.931622412,2800,161,981622412,map,15.100373268127441,7.060737609863281,-0.44620826840400696,0.00015296944184228778,0.0,0.0,0.0,-0.0048301098912416855,-0.0002899040229108989,0.999969764315036,0.006087400909050693,0,0,0,,0.0,-0.014503974467515945,0.18314267694950104,False,False,3,False
162.031622413,2801,162,31622413,map,14.768865585327148,6.626415252685547,-0.6423889398574829,0.0005739211337640882,0.0,0.0,0.0,-0.0050653598021315705,9.576507603794809e-05,0.9999745609595647,0.005020995205228737,0,0,0,,0.0,-0.017864052206277847,0.16561169922351837,False,False,3,False
162.081622414,2802,162,81622414,map,14.455384254455566,6.266937255859375,-0.7189463973045349,0.0007312774541787803,0.0,0.0,0.0,-0.005120754724336183,0.0004492001643987584,0.9999807739033995,0.0034681282882640554,0,0,0,,0.0,-0.018515828996896744,0.14866290986537933,False,False,3,False
162.081622414,2803,162,131622415,map,14.157124519348145,5.964527130126953,-0.33422115445137024,0.0006792068597860634,0.0,0.0,0.0,-0.005057029874637519,0.0006110869101946668,0.9999853258748286,0.0018441953931218264,0,0,0,,0.0,-0.010250423103570938,0.13391052186489105,False,False,3,False
162.181622415,2804,162,181622415,map,13.8717622756958,5.707149505615234,-0.762404203414917,0.0004892349243164062,0.0,0.0,0.0,-0.004922396824344082,0.0008046792604634123,0.9999875429244123,0.00019104132586957902,0,0,0,,0.0,-0.0147470124065876,0.1181817352771759,False,False,3,False
162.181622415,2805,162,231622416,map,13.598275184631348,5.470733642578125,-0.4638141095638275,0.00028743743314407766,0.0,0.0,0.0,0.004750486067671828,-0.0009214617264912932,-0.9999873578742815,0.001366704803931091,0,0,0,,0.0,-0.008817095309495926,0.10135774314403534,False,False,3,False
162.231622416,2806,162,281622417,map,13.334306716918945,5.281467437744141,-0.5187844634056091,0.00019054416043218225,0.0,0.0,0.0,0.004564423676807667,-0.0009894401648278752,-0.9999853747858113,0.0027271338690071987,0,0,0,,0.0,-0.008005712181329727,0.09106893837451935,False,False,3,False
162.281622417,2807,162,331622418,map,13.0805082321167,5.078296661376953,-0.38915857672691345,2.0599327399395406e-05,0.0,0.0,0.0,0.004376531017212371,-0.001000975418560195,-0.9999825094793673,0.003850293471145639,0,0,0,,0.0,-0.005028989166021347,0.07071271538734436,False,False,3,False
162.331622418,2808,162,381622418,map,12.834969520568848,4.914379119873047,-0.46089261770248413,-0.0001274108944926411,0.0,0.0,0.0,0.004193241257289271,-0.0010116654943284772,-0.9999792308785933,0.004788639905302044,0,0,0,,0.0,-0.005662892013788223,0.05930538848042488,False,False,3,False
162.431622419,2809,162,431622419,map,12.783038139343262,1.0389900207519531,-0.03858521580696106,0.0005287170642986894,0.0,0.0,0.0,0.0036535328113269237,-0.0008788947953638851,-0.9999784651945542,0.0053803707194883124,0,0,0,,0.0,0.0018420107662677765,0.03833663836121559,False,False,3,False
162.431622419,2810,162,481622420,map,12.765430450439453,0.3546333312988281,-0.26688292622566223,0.000749778700992465,0.0,0.0,0.0,0.0027629262433308197,-0.0007679735451806387,-0.999979615621376,0.005704804723445917,0,0,0,,0.0,-0.0004888288676738739,0.03488878533244133,False,False,0,False
162.53162242,2811,162,531622420,map,12.4154052734375,6.997509002685547,0.35847678780555725,-0.0003973007551394403,0.0,0.0,0.0,0.002443209291563635,-0.0005150708576244487,-0.9999810443003744,0.005628185347154601,0,0,0,,0.0,0.00897480919957161,0.03164629265666008,False,False,0,False
162.53162242,2812,162,581622421,map,11.886576652526855,10.575714111328125,0.14720037579536438,-0.002227401826530695,0.0,0.0,0.0,0.0034103177502952356,-0.0003136407372789859,-0.9999800362553676,0.005310221562570892,0,0,0,,0.0,0.005531828850507736,0.014377739280462265,False,False,2,False
162.631622422,2813,162,631622422,map,11.399225234985352,9.743213653564453,0.5603000521659851,-0.002246665768325329,0.0,0.0,0.0,0.0045749969860791415,-3.981398743235086e-05,-0.999978507448244,0.0046960045790021485,0,0,0,,0.01736060157418251,0.013384547084569931,0.0,False,False,2,False
162.631622422,2814,162,681622423,map,10.951010704040527,8.965816497802734,-0.19546747207641602,-0.0011835098266601562,0.0,0.0,0.0,0.0054941606407595345,-5.5413214260230895e-06,-0.9999762200704364,0.004168148484551796,0,0,0,,0.050898510962724686,-0.0010007508099079132,0.0,False,False,2,False
162.731622423,2815,162,731622423,map,10.54040813446045,8.208274841308594,0.6585389971733093,0.00012435921235010028,0.0,0.0,0.0,0.0060566971491474225,0.00017717254760976994,-0.9999754090848842,0.0035307584242414407,0,0,0,,0.09399905800819397,0.012861456722021103,0.0,False,False,2,False
162.731622423,2816,162,781622424,map,10.16586971282959,7.489662170410156,0.30042535066604614,0.0011331558926030993,0.0,0.0,0.0,0.006287591456298987,0.0003336876250038403,-0.9999763825693871,0.002754841137057975,0,0,0,,0.11259353160858154,0.008284743875265121,0.0,False,False,2,False
162.781622424,2817,162,831622425,map,9.824207305908203,6.832256317138672,0.5061410665512085,0.00152244558557868,0.0,0.0,0.0,0.006259328544693683,0.0004892216566945202,-0.9999785304052419,0.001876218780758936,0,0,0,,0.14192280173301697,0.011832688003778458,0.0,False,False,2,False
162.881622426,2818,162,881622426,map,9.513571739196777,6.2127685546875,-0.05395861342549324,0.0014919281238690019,0.0,0.0,0.0,0.0060471640183534315,0.0004499699475269133,-0.9999809232570505,0.0011757790432413942,0,0,0,,0.1717507690191269,0.0020935721695423126,0.0,False,False,2,False
162.931622426,2819,162,931622426,map,9.231945991516113,5.632514953613281,0.4023469090461731,0.0010696409735828638,0.0,0.0,0.0,0.005714308167329621,0.000474453504960545,-0.9999834137820421,0.0005419749566634922,0,0,0,,0.20399202406406403,0.008375536650419235,0.0,False,False,2,False
162.981622427,2820,162,981622427,map,8.976374626159668,5.111427307128906,-0.0010189041495323181,0.00071125035174191,0.0,0.0,0.0,0.00531085402295033,0.0004222754986302467,-0.9999858075664052,3.4332411625579436e-05,0,0,0,,0.20698539912700653,0.0022590123116970062,0.0,False,False,2,False
162.981622427,2821,163,31622428,map,8.742718696594238,4.6732330322265625,-0.47992682456970215,0.0003332138294354081,0.0,0.0,0.0,-0.004879456811002861,-0.00016079846867661396,0.9999880823974437,1.0400258718049517e-05,0,0,0,,0.22778581082820892,-0.008037690073251724,0.0,False,False,2,False
163.031622428,2822,163,81622429,map,8.529644966125488,4.261283874511719,0.1780003011226654,-7.877344614826143e-05,0.0,0.0,0.0,0.004447200443902647,8.051624866830922e-05,-0.999990104682945,8.038369220318718e-05,0,0,0,,0.24077366292476654,0.0006350241601467133,0.0,False,False,2,False
163.131622429,2823,163,131622429,map,8.33205509185791,3.9518165588378906,-0.04229133948683739,-0.0003536224539857358,0.0,0.0,0.0,0.004034143721488324,4.9022965080090684e-05,-0.999991852156972,0.0001374803698391556,0,0,0,,0.24424920976161957,-0.0014132000505924225,0.0,False,False,2,False
163.18162243,2824,163,181622430,map,8.151703834533691,3.6070632934570312,-0.03332633525133133,-0.00034713753848336637,0.0,0.0,0.0,0.00365011599319851,1.6973787357857015e-05,-0.9999933009962821,0.00027263104349006594,0,0,0,,0.2699318528175354,-0.0014282576739788055,0.0,False,False,2,False
163.231622431,2825,163,231622431,map,7.983953952789307,3.354959487915039,0.30785053968429565,-0.0003890990628860891,0.0,0.0,0.0,0.003297785976235433,0.00010615242674909233,-0.9999945482854489,0.00012937812016865287,0,0,0,,0.2756444811820984,0.004894804209470749,0.0,False,False,2,False
163.231622431,2826,163,281622432,map,7.831513404846191,3.0491065979003906,0.2004530280828476,-0.00034618371864780784,0.0,0.0,0.0,-0.002973144114324795,-0.00020625628222948125,0.9999955578809495,4.572515713604613e-05,0,0,0,,0.2962980568408966,0.005291324108839035,0.0,False,False,2,False
163.331622432,2827,163,331622432,map,7.696998596191406,2.6900100708007812,-0.1851571947336197,-0.00015468598576262593,0.0,0.0,0.0,-0.002660859769795838,-0.00014096523281164426,0.9999963821839648,0.0003682024858192136,0,0,0,,0.30699965357780457,-0.001116681843996048,0.0,False,False,2,False
163.381622433,2828,163,381622433,map,7.572360992431641,2.492971420288086,-0.43855220079421997,-0.00019149779109284282,0.0,0.0,0.0,-0.0023691626331532266,6.646571137848351e-05,0.9999971913008374,6.415844405182685e-06,0,0,0,,0.32744523882865906,-0.008417438715696335,0.0,False,False,2,False
163.381622433,2829,163,431622434,map,7.455691337585449,2.3334503173828125,-0.0273272767663002,-0.00019168853759765625,0.0,0.0,0.0,0.0021097796813933025,-0.00015652896557357042,-0.9999977573394596,9.82060611100017e-05,0,0,0,,0.3411211669445038,-0.003524351865053177,0.0,False,False,2,False
163.481622435,2830,163,481622435,map,7.345338344573975,2.20672607421875,0.38304781913757324,-0.0001222610444528982,0.0,0.0,0.0,0.0018852393723813076,-1.4873005530986827e-05,-0.9999981627649345,0.0003465805219059917,0,0,0,,0.33145445585250854,0.005567554384469986,0.0,False,False,2,False
163.481622435,2831,163,531622435,map,7.2407426834106445,2.0919132232666016,-0.00425396952778101,-4.196166628389619e-05,0.0,0.0,0.0,0.0016950343213623757,5.384678256141937e-05,-0.9999985615229892,3.018486293722984e-05,0,0,0,,0.35045894980430603,0.0013797320425510406,0.0,False,False,2,False
163.581622436,2832,163,581622436,map,7.14166784286499,1.9815254211425781,-0.1579221487045288,-9.288787259720266e-05,0.0,0.0,0.0,0.001532909771985372,7.053681407190676e-06,-0.9999987917337189,0.00025820336742877836,0,0,0,,0.3566165566444397,-0.0023726634681224823,0.0,False,False,2,False
163.631622437,2833,163,631622437,map,7.047388076782227,1.8856525421142578,0.2644815444946289,-1.468658410885837e-05,0.0,0.0,0.0,-0.0013931439259940522,-6.700455211825798e-05,0.9999990243853113,7.673862679158568e-05,0,0,0,,0.35836905241012573,0.004830051213502884,0.0,False,False,2,False
163.681622438,2834,163,681622438,map,6.957810401916504,1.7916107177734375,0.03779228776693344,5.722045443690149e-06,0.0,0.0,0.0,-0.0012717255643107353,-0.0001086411194838923,0.9999991853802901,1.2245507298227037e-05,0,0,0,,0.3736703097820282,0.0024707503616809845,0.0,False,False,2,False
163.681622438,2835,163,731622438,map,6.872502326965332,1.7060184478759766,-0.14389388263225555,-3.9482114516431466e-05,0.0,0.0,0.0,-0.001163796845287542,-4.8876688119669804e-05,0.9999992649553834,0.0003365659893762521,0,0,0,,0.36836138367652893,-0.001588728278875351,0.0,False,False,2,False
163.781622439,2836,163,781622439,map,6.790859699249268,1.6331100463867188,0.2089749425649643,-9.13620024221018e-05,0.0,0.0,0.0,-0.0010687287059596956,-8.526568079911792e-05,0.9999994037732779,0.00020736876682390224,0,0,0,,0.3767637312412262,0.004282902926206589,0.0,False,False,2,False
163.781622439,2837,163,831622440,map,6.713074684143066,1.5557575225830078,-0.5624064803123474,6.752014451194555e-05,0.0,0.0,0.0,-0.0009832076800970896,9.700946074824596e-05,0.9999994629144594,0.0003131495090247802,0,0,0,,0.39766207337379456,-0.010364118963479996,0.0,False,False,2,False
163.881622441,2838,163,881622441,map,6.640769004821777,1.4458847045898438,0.13755393028259277,4.215240551275201e-05,0.0,0.0,0.0,0.000900708112798903,-0.0001258105851166831,-0.99999957052575,0.00017845141560347423,0,0,0,,0.4065079987049103,-0.0005492307245731354,0.0,False,False,2,False
163.931622441,2839,163,931622441,map,6.572972774505615,1.35650634765625,-0.2668185234069824,-1.0108947208209429e-05,0.0,0.0,0.0,0.0008197193759369712,-0.00018699700473774958,-0.999999627574508,0.00019478991237447998,0,0,0,,0.41366496682167053,-0.00698595866560936,0.0,False,False,2,False
163.981622442,2840,163,981622442,map,6.509110927581787,1.2765789031982422,0.35272443294525146,-4.0626528061693534e-05,0.0,0.0,0.0,0.0007403888451338543,-6.799070813547588e-05,-0.9999995543260883,0.0005818498486790022,0,0,0,,0.4140010476112366,0.004536081105470657,0.0,False,False,2,False
164.031622443,2841,164,31622443,map,6.448940753936768,1.2034416198730469,0.1963154673576355,1.3732910701946821e-05,0.0,0.0,0.0,0.0006646994135219641,7.280935213545068e-05,-0.9999997639378199,0.00015810690204707197,0,0,0,,0.41242697834968567,0.005081098526716232,0.0,False,False,2,False
164.081622444,2842,164,81622444,map,6.39262580871582,1.1264801025390625,-0.37024354934692383,7.400512549793348e-05,0.0,0.0,0.0,0.0005933715781945179,-1.5471334597958367e-05,-0.9999997107862055,0.0004754979633927483,0,0,0,,0.4529934227466583,-0.006057705730199814,0.0,False,False,2,False
164.131622444,2843,164,131622444,map,6.342081546783447,1.0107231140136719,0.10574378818273544,-6.980895705055445e-05,0.0,0.0,0.0,0.0005188076659975284,-3.4399956124289646e-05,-0.999999831569033,0.00025790919777053125,0,0,0,,0.45867037773132324,0.000507894903421402,0.0,False,False,2,False
164.181622445,2844,164,181622445,map,6.296196937561035,0.9176158905029297,0.13182291388511658,5.798339770990424e-05,0.0,0.0,0.0,0.0004412407352497452,2.4195710014127493e-05,-0.9999997697141451,0.0005150658579096062,0,0,0,,0.4520416557788849,0.0026534907519817352,0.0,False,False,2,False
164.231622446,2845,164,231622446,map,6.253661632537842,0.8508205413818359,0.17955368757247925,-5.340575626178179e-06,0.0,0.0,0.0,0.0003653721386571275,0.00010627482940821779,-0.9999999267889249,4.038571251662354e-05,0,0,0,,0.4487883746623993,0.004928413778543472,0.0,False,False,2,False
164.281622447,2846,164,281622447,map,6.214156150817871,0.7900142669677734,-0.23266001045703888,1.354217511106981e-05,0.0,0.0,0.0,0.0002947927013117591,4.269245705010849e-05,-0.9999999170563723,0.00027778024759123824,0,0,0,,0.4678323268890381,-0.0029829926788806915,0.0,False,False,2,False
164.281622447,2847,164,331622447,map,6.178077697753906,0.7215690612792969,0.13389188051223755,-3.585815284168348e-05,0.0,0.0,0.0,-0.00022745477713240954,-4.179278125161368e-05,0.9999999698296982,8.281479748376889e-05,0,0,0,,0.4678764045238495,0.0024722181260585785,0.0,False,False,2,False
164.381622448,2848,164,381622448,map,6.144530296325684,0.6712532043457031,0.20988556742668152,1.659393274167087e-05,0.0,0.0,0.0,0.0001650420189071988,0.00011878146600586176,-0.9999999789565667,2.71838461306761e-05,0,0,0,,0.4594005048274994,0.005687963217496872,0.0,False,False,2,False
164.431622449,2849,164,431622449,map,6.113422393798828,0.6218433380126953,-0.3214116394519806,-1.296997106692288e-05,0.0,0.0,0.0,-0.00010813029927355332,-2.313456589080317e-05,0.9999999417092391,0.00032303892748215086,0,0,0,,0.48236194252967834,-0.004723343998193741,0.0,False,False,2,False
164.431622449,2850,164,481622450,map,6.08598518371582,0.5487346649169922,0.04690138250589371,-8.58306884765625e-06,0.0,0.0,0.0,5.352547190041207e-05,-1.8613583232485043e-05,-0.9999999980253581,2.7163246702745157e-05,0,0,0,,0.4836612939834595,6.083399057388306e-06,0.0,False,False,2,False
164.48162245,2851,164,531622450,map,6.060688495635986,0.5062294006347656,0.25725412368774414,-2.9754637580481358e-05,0.0,0.0,0.0,-1.3986772078557422e-06,-6.791003333667896e-05,0.9999999140819628,0.00040892827994227387,0,0,0,,0.47393059730529785,0.005609374493360519,0.0,False,False,2,False
164.581622451,2852,164,581622451,map,6.037563800811768,0.4622936248779297,-0.41571247577667236,-2.5367738999193534e-05,0.0,0.0,0.0,4.649324185117735e-05,4.2537920293452904e-05,0.999999997289362,3.808122576401785e-05,0,0,0,,0.49681052565574646,-0.0072348229587078094,0.0,False,False,2,False
164.631622452,2853,164,631622452,map,6.017553806304932,0.4001331329345703,0.06987418979406357,3.814697629422881e-05,0.0,0.0,0.0,9.389436877633483e-05,7.613692656604694e-05,0.9999999676134153,0.0002239646946625529,0,0,0,,0.5008028745651245,-0.0007032640278339386,0.0,False,False,2,False
164.681622453,2854,164,681622453,map,6.000043869018555,0.35017967224121094,0.11953772604465485,6.294249033089727e-06,0.0,0.0,0.0,-0.0001412010150348182,-2.119985370373417e-05,-0.9999999835356613,0.00011198891372071729,0,0,0,,0.4895413815975189,0.0018763206899166107,0.0,False,False,2,False
164.681622453,2855,164,731622453,map,5.984806060791016,0.30510902404785156,-0.3346118628978729,-8.010865713004023e-06,0.0,0.0,0.0,0.00018591112392165023,0.00010695545294012578,0.9999999762122862,3.966121419263067e-05,0,0,0,,0.5153942108154297,-0.007246393710374832,0.0,False,False,2,False
164.781622454,2856,164,781622454,map,5.972896099090576,0.23813247680664062,0.028649140149354935,-1.3160702110326383e-05,0.0,0.0,0.0,-0.00023138143079649197,-0.0001287512266448435,-0.999999843624658,0.0004925813788476599,0,0,0,,0.5097986459732056,-0.002164173871278763,0.0,False,False,2,False
164.781622454,2857,164,831622455,map,5.9627509117126465,0.20273208618164062,0.0923941433429718,1.7738339010975324e-05,0.0,0.0,0.0,-0.00027559076408258495,-7.34995842997545e-05,-0.9999999181462049,0.0002869758274047812,0,0,0,,0.5010916590690613,0.0003244541585445404,0.0,False,False,2,False
164.881622456,2858,164,881622456,map,5.952722549438477,0.20048141479492188,0.26681438088417053,3.585815284168348e-05,0.0,0.0,0.0,-0.0003140844509968842,5.363441400981972e-05,-0.9999998171529391,0.0005139731467109436,0,0,0,,0.4913392961025238,0.0056581757962703705,0.0,False,False,2,False
164.931622456,2859,164,931622456,map,5.943871974945068,0.1772308349609375,-0.34077441692352295,-6.484984623966739e-06,0.0,0.0,0.0,-0.0003454048036964621,-1.7823615073073394e-05,-0.9999999136845189,0.00023023638940062826,0,0,0,,0.5167780518531799,-0.005814064294099808,0.0,False,False,2,False
164.931622456,2860,164,981622457,map,5.937285900115967,0.13154029846191406,0.1116565614938736,-3.604888479458168e-05,0.0,0.0,0.0,-0.00037465851856291563,-2.6493738200913028e-05,-0.999999739737171,0.0006159989177935554,0,0,0,,0.5149955153465271,0.0007768608629703522,0.0,False,False,2,False
165.031622458,2861,165,31622458,map,5.931611061096191,0.11351585388183594,0.2872690260410309,-3.1089784897631034e-05,0.0,0.0,0.0,-0.00040204703465868217,8.675533789750046e-05,-0.9999999028668919,0.00015842316664567614,0,0,0,,0.4990442097187042,0.006358277052640915,0.0,False,False,2,False
165.031622458,2862,165,81622458,map,5.927020072937012,0.09198188781738281,-0.3989109694957733,5.569458153331652e-05,0.0,0.0,0.0,-0.00042598738983518964,-1.386009251640808e-05,-0.9999997810152896,0.0005062726680628369,0,0,0,,0.5351895689964294,-0.006622228771448135,0.0,False,False,2,False
165.131622459,2863,165,131622459,map,5.925184726715088,0.03659248352050781,0.0656718909740448,2.3078917365637608e-05,0.0,0.0,0.0,-0.0004528616795075545,-4.985775985726741e-05,-0.9999998545387548,0.0002887091483726494,0,0,0,,0.5286530256271362,-0.0005195178091526031,0.0,False,False,2,False
165.131622459,2864,165,181622460,map,5.924810409545898,0.0073528289794921875,0.1354890763759613,-2.231597864010837e-05,0.0,0.0,0.0,-0.00048160763944362045,3.439135334906524e-06,-0.9999997036164063,0.0006006740824500404,0,0,0,,0.5148724317550659,0.0024151690304279327,0.0,False,False,2,False
165.18162246,2865,165,231622461,map,5.926236629486084,-0.028123855590820312,-0.2661265730857849,1.316070574830519e-05,0.0,0.0,0.0,-0.0005096556554772927,-6.189006299271579e-05,-0.9999997951738359,0.00038219500156923204,0,0,0,,0.5526003837585449,-0.005400750786066055,0.0,False,False,2,False
165.231622461,2866,165,281622461,map,5.931243419647217,-0.10007858276367188,-0.022209882736206055,-3.337860107421875e-05,0.0,0.0,0.0,-0.0005420176866010092,-9.935981191824827e-05,-0.9999994673072559,0.0008727712528410772,0,0,0,,0.5459585785865784,-0.002480465918779373,0.0,False,False,2,False
165.331622462,2867,165,331622462,map,5.937469482421875,-0.12480735778808594,0.12932270765304565,1.0681151252356358e-05,0.0,0.0,0.0,-0.000576527542208682,-4.5116709669375816e-05,-0.9999996366843749,0.0006262679888114751,0,0,0,,0.5223870277404785,0.0012986622750759125,0.0,False,False,2,False
165.331622462,2868,165,381622463,map,5.941818714141846,-0.08681297302246094,0.49663275480270386,5.722040441469289e-07,0.0,0.0,0.0,-0.000603485200751653,0.00015778122214023444,-0.9999995741132076,0.0006802088662675775,0,0,0,,0.5014574527740479,0.011378612369298935,0.0,False,False,2,False
165.431622464,2869,165,431622464,map,5.9458909034729,-0.08179664611816406,-0.26181426644325256,-5.741119457525201e-05,0.0,0.0,0.0,-0.0006191924992404959,0.00013333355998132977,-0.9999997886766867,0.000146524375320852,0,0,0,,0.5338073968887329,-0.0014724992215633392,0.0,False,False,2,False
165.431622464,2870,165,481622464,map,5.951155185699463,-0.10526657104492188,0.04101257398724556,5.073547436040826e-05,0.0,0.0,0.0,-0.0006305880904450826,8.873202336238497e-05,-0.9999997377451664,0.00034495635459454236,0,0,0,,0.5331043601036072,0.0016944520175457,0.0,False,False,2,False
165.531622465,2871,165,531622465,map,5.956592082977295,-0.10782241821289062,0.4016646146774292,-8.201600394386332e-06,0.0,0.0,0.0,0.0006400927366821095,-0.00020365743544688468,0.9999997294017974,0.00030000211581799604,0,0,0,,0.5224430561065674,0.010168138891458511,0.0,False,False,2,False
165.581622466,2872,165,581622466,map,5.963764667510986,-0.14438629150390625,-0.4474347233772278,-9.536734069115482e-07,0.0,0.0,0.0,0.0006499803783412667,-7.463980432395671e-05,0.9999997799523782,0.00010977068188173921,0,0,0,,0.5712320804595947,-0.0055988989770412445,0.0,False,False,2,False
165.631622467,2873,165,631622467,map,5.9750189781188965,-0.225067138671875,0.03803194314241409,6.12258882028982e-05,0.0,0.0,0.0,0.0006700750580992336,-8.108383935660103e-07,0.9999996893091814,0.00041518706570890915,0,0,0,,0.5727943181991577,-2.316012978553772e-05,0.0,False,False,2,False
165.631622467,2874,165,681622467,map,5.989058017730713,-0.28014183044433594,0.3345128297805786,-3.871917579090223e-05,0.0,0.0,0.0,0.0007000874939403459,-0.00010033432391983768,0.9999997092846634,0.000285028267528339,0,0,0,,0.5489032864570618,0.007533710449934006,0.0,False,False,2,False
165.731622468,2875,165,731622468,map,6.002987861633301,-0.27626991271972656,0.44920194149017334,-7.45773286325857e-05,0.0,0.0,0.0,0.0007291803149616782,-0.0002913548622360713,0.9999990836638839,0.0011027600850167692,0,0,0,,0.527946949005127,0.013231348246335983,0.0,False,False,2,False
165.781622469,2876,165,781622469,map,6.01720666885376,-0.2859783172607422,-0.269046425819397,5.531310671358369e-05,0.0,0.0,0.0,0.0007521212302910184,-0.0002280534518529297,0.9999989975220231,0.001177820116482396,0,0,0,,0.577903151512146,0.00026230141520500183,0.0,False,False,2,False
165.83162247,2877,165,831622470,map,6.034496307373047,-0.34676551818847656,-0.26336193084716797,-1.6403200788772665e-05,0.0,0.0,0.0,0.0007781749026320597,-5.3418222588648525e-05,0.9999984663114495,0.0015681087536191837,0,0,0,,0.5786468386650085,-0.003864910453557968,0.0,False,False,2,False
165.88162247,2878,165,881622470,map,6.054040908813477,-0.38819313049316406,0.5537638664245605,-1.6212461559916846e-05,0.0,0.0,0.0,0.0008074493991336615,-0.0001644985008660842,0.9999984685674054,0.0015439652051986764,0,0,0,,0.5563125610351562,0.011754173785448074,0.0,False,False,2,False
165.931622471,2879,165,931622471,map,6.075831413269043,-0.4378318786621094,-0.35309258103370667,1.831054760259576e-05,0.0,0.0,0.0,0.0008377949641852326,-9.225782978055669e-05,0.9999975611612222,0.0020413867097321555,0,0,0,,0.6071248650550842,-0.0032042451202869415,0.0,False,False,2,False
165.981622472,2880,165,981622472,map,6.102689743041992,-0.5362129211425781,0.19131097197532654,-3.9482114516431466e-05,0.0,0.0,0.0,0.0008764441342794437,-8.607990468041266e-05,0.9999978236775056,0.001891315992129538,0,0,0,,0.6032180190086365,0.004408922046422958,0.0,False,False,2,False
166.031622473,2881,166,31622473,map,6.131778240203857,-0.5756950378417969,0.7049500346183777,7.057187758618966e-06,0.0,0.0,0.0,0.0009195675593020868,-0.00032878431413056194,0.9999956896862745,0.0027689177038703475,0,0,0,,0.5805177688598633,0.017584215849637985,0.0,False,False,2,False
166.081622473,2882,166,81622473,map,6.1584248542785645,-0.5147457122802734,1.133873701095581,-6.675719487247989e-05,0.0,0.0,0.0,0.0009530247652384074,-0.0007737886425101414,0.9999921193079472,0.003775488966181474,0,0,0,,0.5509477853775024,0.03294936195015907,0.0,False,False,2,False
166.131622474,2883,166,131622474,map,6.1861443519592285,-0.5556011199951172,-0.05345359444618225,7.495879253838211e-05,0.0,0.0,0.0,0.0009776237433450562,-0.0008175801087055051,0.9999844625761394,0.005426824199453432,0,0,0,,0.5931477546691895,0.014215614646673203,0.0,False,False,2,False
166.181622475,2884,166,181622475,map,6.217068672180176,-0.6121826171875,0.302305668592453,2.212524486822076e-05,0.0,0.0,0.0,0.0010003082137686444,-0.0007605672361613653,0.9999790864780923,0.006344093898798764,0,0,0,,0.6157371997833252,0.01706787571310997,0.0,False,False,2,False
166.181622475,2885,166,231622476,map,6.250317573547363,-0.6453037261962891,0.7790347933769226,-2.822875467245467e-05,0.0,0.0,0.0,0.0010259814869286528,-0.0008933105452759494,0.9999662376312994,0.00810388522633249,0,0,0,,0.6033362150192261,0.02747289463877678,0.0,False,False,2,False
166.281622476,2886,166,281622476,map,6.286057949066162,-0.7099628448486328,0.1760643720626831,2.822875467245467e-05,0.0,0.0,0.0,0.001056313010490977,-0.0008785609786313525,0.9999560030885063,0.00927923599708993,0,0,0,,0.5996731519699097,0.01822255179286003,0.0,False,False,2,False
166.331622477,2887,166,331622477,map,6.326419353485107,-0.8166217803955078,-0.31814128160476685,0.0001546859712107107,0.0,0.0,0.0,0.0010961864202911158,-0.0006087136165226125,0.999943220230491,0.010582256760295363,0,0,0,,0.7252039909362793,0.0049115680158138275,0.0,False,False,2,False
166.331622477,2888,166,381622478,map,6.383376121520996,-1.1222553253173828,0.5919763445854187,-0.0001165389985544607,0.0,0.0,0.0,0.0011675834671844147,-0.000587938278173555,0.9999353155515488,0.011298486192966764,0,0,0,,0.7432941794395447,0.018364738672971725,0.0,False,False,2,False
166.431622479,2889,166,431622479,map,6.449102878570557,-1.3768196105957031,-3.485856056213379,2.422332727292087e-05,0.0,0.0,0.0,0.0012863371908548922,0.0006192811145552581,0.9999419823351173,0.010676787496643877,0,0,0,,0.7893962264060974,-0.07160942256450653,0.0,False,False,2,False
166.481622479,2890,166,481622479,map,6.546806812286377,-1.9501304626464844,-1.6888283491134644,-0.000757789530325681,0.0,0.0,0.0,0.0014588038816435941,0.0017647569265061315,0.9999690281309747,0.007529960359716748,0,0,0,,0.9241519570350647,-0.05829763785004616,0.0,False,False,2,False
166.53162248,2891,166,531622480,map,6.676966190338135,-2.6050662994384766,2.07354998588562,0.0004018783220089972,0.0,0.0,0.0,0.001709384825849124,0.0011771467509886441,0.9999796342458749,0.0060351820627295195,0,0,0,,0.9032831788063049,0.01561422273516655,0.0,False,False,2,False
166.53162248,2892,166,581622481,map,6.813350200653076,-2.5917720794677734,5.233598232269287,0.00035381317138671875,0.0,0.0,0.0,0.001991264152212794,-0.0009795103284600314,0.9999685663195302,0.007611951093860572,0,0,0,,0.8027527928352356,0.15371641516685486,0.0,False,False,2,False
166.581622481,2893,166,631622482,map,6.99570894241333,-3.7432003021240234,-2.683936595916748,-0.0009414672967977822,0.0,0.0,0.0,0.002332254500782632,-0.001407255518616062,0.9999400194528194,0.010608379590868149,0,0,0,,0.894558310508728,-0.05495358631014824,0.0,False,False,2,False
166.631622482,2894,166,681622482,map,7.202334880828857,-4.057197570800781,2.3675384521484375,0.00024967192439362407,0.0,0.0,0.0,0.002719565803442151,-0.001293979387468497,0.9999223198895743,0.012094782587454323,0,0,0,,1.0,0.054950978606939316,0.0,False,False,2,False
166.731622483,2895,166,731622483,map,7.388030052185059,-3.3240699768066406,6.4057440757751465,-0.0017669678200036287,0.0,0.0,0.0,0.0029854257015330637,-0.0033105079276645666,0.9998401898076131,0.017312498840935744,0,0,0,,1.0,0.2682700455188751,0.0,False,False,2,False
166.781622484,2896,166,781622484,map,7.531583786010742,-1.7543315887451172,9.821208953857422,-0.00732421875,0.0,0.0,0.0,0.0029263284536607138,-0.0071154937483261715,0.9995597901337955,0.028653661165406706,0,0,0,,1.0,0.4643481373786926,0.0,False,False,2,False
166.781622484,2897,166,831622485,map,7.763969421386719,-4.214210510253906,3.1340742111206055,-0.005057333968579769,0.0,0.0,0.0,0.0028878823100979955,-0.009002840351091982,0.9990216076126088,0.04320227452917792,0,0,0,,1.0,0.1246694028377533,0.0,False,False,2,False
166.881622485,2898,166,881622485,map,7.977456569671631,-3.0284786224365234,7.080841064453125,0.004200744442641735,0.0,0.0,0.0,0.0029008314013541873,-0.009835932404065757,0.9982881769632473,0.05758085920094937,0,0,0,,1.0,0.4215030074119568,0.0,False,False,2,False
166.931622486,2899,166,931622486,map,8.12175178527832,-0.2630615234375,11.181734085083008,-0.0073556904681026936,0.0,0.0,0.0,0.0024435732441461418,-0.012614890201456973,0.9969790249698142,0.07660102652865797,0,0,0,,1.0,0.5,0.0,False,False,2,False
166.981622487,2900,166,981622487,map,8.37222671508789,-3.935556411743164,4.4342803955078125,-0.002559853019192815,0.0,0.0,0.0,0.0020915273816673107,-0.013808331233750228,0.9951376201040207,0.09749909002373541,0,0,0,,1.0,0.08327075839042664,0.0,False,False,2,False
167.031622488,2901,167,31622488,map,8.600560188293457,-2.5853347778320312,6.948227882385254,0.015732765197753906,0.0,0.0,0.0,0.0020634113410908615,-0.013312683796324295,0.9931645218592315,0.11594286223783032,0,0,0,,1.0,0.5,0.0,False,False,2,False
167.031622488,2902,167,81622488,map,8.769257545471191,0.7315826416015625,11.623635292053223,-0.005994605831801891,0.0,0.0,0.0,0.0014573248095817097,-0.015192159397805403,0.9904131618900217,0.1372910894859554,0,0,0,,1.0,0.5,0.0,False,False,2,False
167.131622489,2903,167,131622489,map,8.853998184204102,4.346475601196289,13.57778549194336,-0.02017688751220703,0.0,0.0,0.0,9.569170957354463e-05,-0.018678738415701345,0.9862487451758297,0.16420873366966723,0,0,0,,1.0,0.5,0.0,False,False,2,False
167.18162249,2904,167,181622490,map,8.967007637023926,5.04638671875,13.664541244506836,-0.021958349272608757,0.0,0.0,0.0,-0.0017270261805077116,-0.02228972842053647,0.9802630940117791,0.19642925420100946,0,0,0,,1.0,0.5,0.0,False,False,2,False
167.231622491,2905,167,231622491,map,9.08769702911377,5.849409103393555,13.097209930419922,-0.009474754333496094,0.0,0.0,0.0,-0.003599229983162305,-0.02502274508169063,0.9723404216151185,0.23219606427637543,0,0,0,,0.8555101156234741,0.5,0.0,False,False,2,False
167.281622491,2906,167,281622491,map,9.213212966918945,6.779289245605469,12.668895721435547,0.002362821251153946,0.0,0.0,0.0,-0.005458356738514337,-0.026903966806467686,0.9624600197982084,0.2700316522221494,0,0,0,,0.7300959825515747,0.5,0.0,False,False,2,False
167.331622492,2907,167,331622492,map,9.309549331665039,8.338308334350586,11.894187927246094,0.008891676552593708,0.0,0.0,0.0,-0.007352865431225072,-0.028137169015487358,0.9506140583568794,0.30900994667487297,0,0,0,,0.8065425157546997,0.5,0.0,False,False,2,False
167.381622493,2908,167,381622493,map,9.395380020141602,9.580755233764648,11.236600875854492,0.009987642988562584,0.0,0.0,0.0,-0.009279822431577841,-0.028931257315304455,0.9368138216981774,0.34850642852184155,0,0,0,,0.748822033405304,0.5,0.0,False,False,2,False
167.431622494,2909,167,431622494,map,9.4585542678833,10.955400466918945,10.279169082641602,0.008581732399761677,0.0,0.0,0.0,-0.01123811867426934,-0.029401433389654386,0.921076947316056,0.3881063224507329,0,0,0,,0.7432378530502319,0.5,0.0,False,False,2,False
167.431622494,2910,167,481622494,map,9.510631561279297,12.124738693237305,9.360055923461914,0.0063037872314453125,0.0,0.0,0.0,-0.013209139311852695,-0.029635258184860007,0.9034310818902008,0.4275038600827576,0,0,0,,0.8556572198867798,0.5,0.0,False,False,2,False
167.531622495,2911,167,531622495,map,9.555634498596191,13.17291259765625,8.367805480957031,0.0036146165803074837,0.0,0.0,0.0,-0.015166222923376823,-0.029705024598581025,0.8838961515284712,0.4664924334959721,0,0,0,,0.7474066019058228,0.5,0.0,False,False,2,False
167.531622495,2912,167,581622496,map,9.579787254333496,14.183063507080078,6.968059539794922,0.0024589523673057556,0.0,0.0,0.0,-0.01710363542074631,-0.029589864926225312,0.8625322018185927,0.5048466166817526,0,0,0,,0.6236172914505005,0.5,0.0,False,False,2,False
167.631622496,2913,167,631622496,map,9.580327987670898,15.046663284301758,5.386753082275391,0.0021448137704283,0.0,0.0,0.0,-0.01902290300169305,-0.029261013203696083,0.839425721544515,0.5423526346180608,0,0,0,,0.6868030428886414,0.5,0.0,False,False,2,False
167.631622496,2914,167,681622497,map,9.568843841552734,15.69089412689209,3.9224815368652344,0.0017360690981149673,0.0,0.0,0.0,-0.020905534354098174,-0.02875729361043274,0.8146387678849825,0.5788779271628955,0,0,0,,0.7152981758117676,0.5,0.0,False,False,2,False
167.731622498,2915,167,731622498,map,9.551599502563477,16.149005889892578,2.49176025390625,0.0011600495781749487,0.0,0.0,0.0,-0.022725389041538414,-0.02811567971123107,0.7882280069915396,0.6143204979824713,0,0,0,,0.7340703010559082,0.5,0.0,False,False,2,False
167.781622499,2916,167,781622499,map,9.528136253356934,16.426227569580078,0.984039306640625,0.0011192320380359888,0.0,0.0,0.0,-0.02446041571064942,-0.027347873717511056,0.7602635709530277,0.6485777397877174,0,0,0,,0.6724850535392761,0.5,0.0,False,False,2,False
167.781622499,2917,167,831622499,map,9.547396659851074,14.971189498901367,0.4739952087402344,0.00941543560475111,0.0,0.0,0.0,-0.025633868406654922,-0.026160708562393713,0.7314170897016989,0.6809460793706946,0,0,0,,0.8897618651390076,0.44270846247673035,0.0,False,False,2,False
167.8816225,2918,167,881622500,map,9.6719970703125,11.154205322265625,1.8035125732421875,0.028952406719326973,0.0,0.0,0.0,-0.025362409789957508,-0.02418613814848788,0.7035199959434398,0.7098108157804097,0,0,0,,1.0,0.2952407896518707,0.0,False,False,2,False
167.931622501,2919,167,931622501,map,9.875848770141602,4.889348983764648,3.5968589782714844,0.056915849447250366,0.0,0.0,0.0,-0.022530195712340245,-0.020903672845166584,0.6803177300537481,0.7322726356469028,0,0,0,,1.0,0.1097400039434433,0.0,False,False,2,False
167.931622501,2920,167,981622502,map,10.079601287841797,0.06419658660888672,4.093761444091797,0.05939235910773277,0.0,0.0,0.0,-0.01729839567374657,-0.016464185832087492,0.6655934724621728,0.745932319656246,0,0,0,,1.0,-0.0077307745814323425,0.0,False,False,2,False
168.031622502,2921,168,31622502,map,10.281765937805176,-0.9834074974060059,4.173831939697266,0.00981864519417286,0.0,0.0,0.0,-0.011758806952540111,-0.01232310466686112,0.6590850711725923,0.7518754820499478,0,0,0,,1.0,-0.06696370244026184,0.0,False,False,2,False
168.081622503,2922,168,81622503,map,10.388724327087402,-2.172403335571289,2.365131378173828,-0.0295907910913229,0.0,0.0,0.0,-0.006907694632588725,-0.008779076869783868,0.6589596219693088,0.7520953584341836,0,0,0,,1.0,-0.10149848461151123,0.0,False,False,2,False
168.131622504,2923,168,131622504,map,10.352009773254395,-3.389805555343628,-0.447998046875,-0.04271450638771057,0.0,0.0,0.0,-0.0032415794897881723,-0.005481141272336447,0.6631053624241621,0.7484989830167338,0,0,0,,1.0,-0.12282589077949524,0.0,False,False,0,False
168.181622505,2924,168,181622505,map,10.430790901184082,-3.632175922393799,1.8264389038085938,-0.03942355886101723,0.0,0.0,0.0,-0.00041460332083173915,-0.0026988702089607713,0.66981483061831,0.7425231557920912,0,0,0,,1.0,-0.126265749335289,0.0,False,False,0,False
168.231622505,2925,168,231622505,map,10.834931373596191,-3.665104389190674,8.27341079711914,-0.03038806840777397,0.0,0.0,0.0,0.002500330863226357,-0.0010548590984353922,0.6780367895898873,0.735022957179227,0,0,0,,1.0,-0.12346188724040985,0.0,False,False,3,False
168.281622506,2926,168,281622506,map,11.206727027893066,-2.84687876701355,7.533111572265625,-0.019740676507353783,0.0,0.0,0.0,0.004783897562589798,-0.00034257618973732723,0.6864280006780679,0.7271819558066437,0,0,0,,1.0,-0.09670867025852203,0.0,False,False,3,False
168.331622507,2927,168,331622507,map,11.545621871948242,-2.0606210231781006,6.822452545166016,-0.008611489087343216,0.0,0.0,0.0,0.006115213306221109,-0.00021869412102240625,0.6938858434862235,0.7200590201841187,0,0,0,,1.0,-0.06661020964384079,0.0,False,False,3,False
168.381622508,2928,168,381622508,map,11.857588768005371,-0.9146407246589661,6.252689361572266,0.00015888363122940063,0.0,0.0,0.0,0.006519642203789007,-0.0005445164205570624,0.6996502432542999,0.7144555513687336,0,0,0,,1.0,-0.031623370945453644,0.0,False,False,3,False
168.381622508,2929,168,431622508,map,12.145517349243164,0.06650000810623169,5.758190155029297,0.0047258371487259865,0.0,0.0,0.0,0.006212230106384241,-0.0011870514836625646,0.7033183360095748,0.7108469014764033,0,0,0,,1.0,-0.0014494508504867554,0.0,False,False,3,False
168.481622509,2930,168,481622509,map,12.414329528808594,0.5910149216651917,5.369091033935547,0.005411147605627775,0.0,0.0,0.0,0.005523678326474747,-0.001938902018732037,0.7049560416392378,0.7092268388837555,0,0,0,,1.0,0.01758362352848053,0.0,False,False,3,False
168.53162251,2931,168,531622510,map,12.66895580291748,0.7578960061073303,5.081520080566406,0.004190254025161266,0.0,0.0,0.0,0.004745249377788941,-0.0026169054532346886,0.7049861919365706,0.7092003268421162,0,0,0,,1.0,0.025754138827323914,0.0,False,False,3,False
168.53162251,2932,168,581622511,map,12.9130220413208,0.7414773106575012,4.868812561035156,0.0025621415115892887,0.0,0.0,0.0,0.004050369987004417,-0.0031267161451889085,0.7039719584688973,0.7102093352234825,0,0,0,,1.0,0.02613138034939766,0.0,False,False,3,False
168.631622511,2933,168,631622511,map,13.148998260498047,0.6369107961654663,4.707603454589844,0.0015855788951739669,0.0,0.0,0.0,0.0035116669367604584,-0.0034482410371516285,0.702452206247706,0.7117139002203099,0,0,0,,1.0,0.021814173087477684,0.0,False,False,3,False
168.681622512,2934,168,681622512,map,13.37867259979248,0.3408515453338623,4.587154388427734,0.0008731841808184981,0.0,0.0,0.0,0.003177933511159296,-0.003566204897884986,0.7009154806733818,0.7132283448332849,0,0,0,,1.0,0.012871704995632172,0.0,False,False,3,False
168.731622513,2935,168,731622513,map,13.603203773498535,0.17469584941864014,4.4878387451171875,0.0004943847307004035,0.0,0.0,0.0,0.0030110923780970957,-0.0035359118891596627,0.6996804794890351,0.7144408003969234,0,0,0,,1.0,0.005353317596018314,0.0,False,False,3,False
168.731622513,2936,168,781622514,map,13.82327938079834,-0.47929346561431885,4.412784576416016,0.00026798248291015625,0.0,0.0,0.0,0.0030778437687264473,-0.003299638867527981,0.6990841365346352,0.7150251808899478,0,0,0,,1.0,-0.008930048905313015,0.0,False,False,3,False
168.831622514,2937,168,831622514,map,14.040258407592773,-0.499991774559021,4.3500518798828125,0.00011730195546988398,0.0,0.0,0.0,0.0032382445031955143,-0.0029975619769494,0.6991824940904751,0.7149296247548808,0,0,0,,1.0,-0.013246381655335426,0.0,False,False,3,False
168.881622515,2938,168,881622515,map,14.254091262817383,-1.0440585613250732,4.294242858886719,-2.2315980459097773e-05,0.0,0.0,0.0,0.0035139468622517977,-0.0026047748360152733,0.7000027642513903,0.7141267376074887,0,0,0,,1.0,-0.02309470623731613,0.0,False,False,3,False
168.931622516,2939,168,931622516,map,14.466479301452637,-0.927356481552124,4.259815216064453,-0.00019912721472792327,0.0,0.0,0.0,0.003772627191993099,-0.002249813049648821,0.7013716617439067,0.7127822232126043,0,0,0,,1.0,-0.02194184809923172,0.0,False,False,3,False
168.931622516,2940,168,981622517,map,14.677319526672363,-1.0675179958343506,4.2266082763671875,-0.0001911163271870464,0.0,0.0,0.0,0.003994225785041159,-0.0019488968751471885,0.7030684768122082,0.7111082652271098,0,0,0,,1.0,-0.022336702793836594,0.0,False,False,3,False
168.981622517,2941,169,31622517,map,14.887580871582031,-0.654649019241333,4.2092132568359375,-0.00010643005225574598,0.0,0.0,0.0,0.004072232209475038,-0.0018069270492030612,0.7047578081874069,0.7094339882880952,0,0,0,,1.0,-0.013518927618861198,0.0,False,False,3,False
169.081622518,2942,169,81622518,map,15.096711158752441,-0.7908552885055542,4.185390472412109,3.070831735385582e-05,0.0,0.0,0.0,0.004095199373540621,-0.001733318028289593,0.7062814602326889,0.7079171730381207,0,0,0,,1.0,-0.012018529698252678,0.0,False,False,3,False
169.131622519,2943,169,131622519,map,15.305241584777832,-0.328275591135025,4.171123504638672,0.00017051695613190532,0.0,0.0,0.0,0.003998040734070553,-0.0017909942963525323,0.7074492683483707,0.7067505505643938,0,0,0,,1.0,-0.002538466826081276,0.0,False,False,3,False
169.18162252,2944,169,181622520,map,15.378700256347656,-0.23437786102294922,1.4693260192871094,0.00039062497671693563,0.0,0.0,0.0,0.0036868408781044267,-0.0017844879517334281,0.7081666396893938,0.706033450509338,0,0,0,,1.0,0.0014276280999183655,0.0,False,False,3,False
169.18162252,2945,169,231622520,map,15.366678237915039,0.25885817408561707,-0.24061203002929688,0.0011711119441315532,0.0,0.0,0.0,0.0029508330925243115,-0.00157526583438906,0.7083418486719126,0.7058616270499966,0,0,0,,1.0,0.01002243161201477,0.0,False,False,0,False
169.23162252,2946,169,281622521,map,15.490803718566895,-0.2908584773540497,2.4827003479003906,0.0005023956764489412,0.0,0.0,0.0,0.0024124089626289917,-0.0013349895404273743,0.7082409268242215,0.7059654295056464,0,0,0,,1.0,0.002537202090024948,0.0,False,False,0,False
169.331622522,2947,169,331622522,map,15.797213554382324,0.23213621973991394,6.128063201904297,-0.0010782241588458419,0.0,0.0,0.0,0.0024443178781290748,-0.0017232607971937133,0.7079132033652706,0.706293106424986,0,0,0,,1.0,0.008506916463375092,0.0,False,False,4,False
169.381622523,2948,169,381622523,map,16.070234298706055,-0.07322520017623901,5.460472106933594,-0.0013507843250408769,0.0,0.0,0.0,0.0026946967453252944,-0.0022098230175465867,0.7074937758682963,0.706710982226329,0,0,0,,1.0,0.0028785783797502518,0.0,False,False,4,False
169.431622523,2949,169,431622523,map,16.317493438720703,0.08077315986156464,4.9451446533203125,-0.0008874892955645919,0.0,0.0,0.0,0.0029012297341161003,-0.002599007143131675,0.7070948019034446,0.7071080321627158,0,0,0,,1.0,0.0031668394804000854,0.0,False,False,4,False
169.431622523,2950,169,481622524,map,16.54499626159668,0.28596988320350647,4.549674987792969,-0.00025329587515443563,0.0,0.0,0.0,0.00295048696997571,-0.0028997638354782557,0.7066647184184031,0.7075364737870252,0,0,0,,1.0,0.005114717409014702,0.0,False,False,4,False
169.531622525,2951,169,531622525,map,16.75733184814453,-0.44219061732292175,4.247169494628906,0.00020103456336073577,0.0,0.0,0.0,0.0030629456909338874,-0.0029215087369576344,0.7064816925009777,0.7077186597168031,0,0,0,,1.0,-0.006979336962103844,0.0,False,False,4,False
169.581622526,2952,169,581622526,map,16.958459854125977,0.06844032555818558,4.02252197265625,0.0004171370528638363,0.0,0.0,0.0,0.003071627956976336,-0.0028981856267950015,0.7064904110661205,0.7077100145493141,0,0,0,,1.0,-0.0010691937059164047,0.0,False,False,4,False
169.631622526,2953,169,631622526,map,17.15093231201172,0.07060380280017853,3.8494110107421875,0.0004999160883016884,0.0,0.0,0.0,0.002986648605211656,-0.0028819479785864473,0.7065293950407044,0.7076715256737224,0,0,0,,1.0,-0.0004638060927391052,0.0,False,False,4,False
169.681622527,2954,169,681622527,map,17.336755752563477,-0.3632739782333374,3.716583251953125,0.0003078460576944053,0.0,0.0,0.0,0.002977811060316363,-0.0027496289869344465,0.7067291911978887,0.7074725595318175,0,0,0,,1.0,-0.006730189546942711,0.0,False,False,4,False
169.731622528,2955,169,731622528,map,17.517608642578125,-0.4341397285461426,3.6166763305664062,0.0002399444638285786,0.0,0.0,0.0,0.003024648891576383,-0.0025514102424877413,0.707159421831653,0.70704306369526,0,0,0,,1.0,-0.008178791962563992,0.0,False,False,4,False
169.731622528,2956,169,781622529,map,17.694869995117188,-0.04104960709810257,3.5451507568359375,0.00013237001257948577,0.0,0.0,0.0,0.002979299073936444,-0.002453803101497478,0.7076037668754945,0.7065989044224296,0,0,0,,1.0,-0.0016472861170768738,0.0,False,False,4,False
169.781622529,2957,169,831622529,map,17.869266510009766,-0.1313731074333191,3.487701416015625,3.0517549021169543e-05,0.0,0.0,0.0,0.0029040280850280925,-0.00240316295711494,0.7079567773973418,0.7062457028300092,0,0,0,,1.0,-0.0013754740357398987,0.0,False,False,4,False
169.88162253,2958,169,881622530,map,18.041479110717773,-0.11952981352806091,3.4440231323242188,-1.7165803001262248e-06,0.0,0.0,0.0,0.0028356553908319856,-0.002365107784966035,0.7082172581265103,0.7059849011242647,0,0,0,,1.0,-0.00038737058639526367,0.0,False,False,4,False
169.931622531,2959,169,931622531,map,18.21194839477539,0.21523654460906982,3.4098052978515625,-3.833771188510582e-05,0.0,0.0,0.0,0.0026999119206108906,-0.002413965035445666,0.7082640959235399,0.7059382789408993,0,0,0,,1.0,0.00524541363120079,0.0,False,False,4,False
169.981622532,2960,169,981622532,map,18.38105010986328,0.3483346104621887,3.3824539184570312,-4.978181095793843e-05,0.0,0.0,0.0,0.0025152227041568957,-0.002529007531659557,0.7080202395306219,0.7061831336067537,0,0,0,,1.0,0.007944861426949501,0.0,False,False,4,False
170.031622532,2961,170,31622532,map,18.54911994934082,0.41055136919021606,3.3614349365234375,-6.141663470771164e-05,0.0,0.0,0.0,0.002328834553326303,-0.0026599374431377056,0.7075217742558847,0.7066827012289368,0,0,0,,1.0,0.008727511391043663,0.0,False,False,4,False
170.031622532,2962,170,81622533,map,18.716459274291992,0.2950873374938965,3.3465576171875,-0.00014228819054551423,0.0,0.0,0.0,0.0022000327651653918,-0.002745234422040826,0.7069077480707895,0.7072970092268773,0,0,0,,1.0,0.005982974544167519,0.0,False,False,4,False
170.081622533,2963,170,131622534,map,18.88299560546875,0.5569247603416443,3.329620361328125,-9.15527380129788e-06,0.0,0.0,0.0,0.002058511274919358,-0.00285268290464321,0.7061976883054318,0.7080059673220562,0,0,0,,1.0,0.008398888632655144,0.0,False,False,4,False
170.181622534,2964,170,181622534,map,19.048513412475586,1.0212945938110352,3.3063125610351562,-0.00014171600923873484,0.0,0.0,0.0,0.0018126710261601475,-0.003069108400596147,0.7052414556833791,0.7089582385324009,0,0,0,,1.0,0.01453627273440361,0.0,False,False,4,False
170.231622535,2965,170,231622535,map,19.214250564575195,0.15732377767562866,3.31390380859375,-3.4523007343523204e-05,0.0,0.0,0.0,0.0017568458817561984,-0.0031031735417507804,0.7043721798730129,0.7098218903552195,0,0,0,,1.0,0.00047623366117477417,0.0,False,False,4,False
170.231622535,2966,170,281622536,map,19.379016876220703,-0.6055487394332886,3.29833984375,0.00016956328181549907,0.0,0.0,0.0,0.002004104969220188,-0.002840985668286883,0.704125040139343,0.7100674898997092,0,0,0,,1.0,-0.014173347502946854,0.0,False,False,4,False
170.281622536,2967,170,331622537,map,19.543899536132812,-0.08158862590789795,3.2979965209960938,5.1307681133039296e-05,0.0,0.0,0.0,0.0022131200508569223,-0.0026215178447276787,0.7043782006273845,0.7098165821004453,0,0,0,,1.0,-0.008212724700570107,0.0,False,False,4,False
170.381622537,2968,170,381622537,map,19.708480834960938,0.12400299310684204,3.291168212890625,-3.871917579090223e-05,0.0,0.0,0.0,0.002282900490222678,-0.002543927733281601,0.7047775646361849,0.7094201161388982,0,0,0,,1.0,-0.0035201366990804672,0.0,False,False,4,False
170.381622537,2969,170,431622538,map,19.87217903137207,-0.821298360824585,3.276519775390625,-6.160735938465223e-05,0.0,0.0,0.0,0.0025086057356614806,-0.002311334526170893,0.7055043283089921,0.7086974018346961,0,0,0,,1.0,-0.015843715518712997,0.0,False,False,4,False
170.481622539,2970,170,481622539,map,20.029361724853516,1.0250310897827148,3.1402587890625,-5.283355858409777e-05,0.0,0.0,0.0,0.002365407167636709,-0.002433316590492328,0.7059190147880261,0.7082844261876751,0,0,0,,0.8481532335281372,0.013419996947050095,0.0,False,False,4,False
170.53162254,2971,170,531622540,map,20.163602828979492,-0.38599833846092224,2.6864242553710938,7.114410254871473e-05,0.0,0.0,0.0,0.0023059747951500223,-0.002400342736790727,0.7061082928469575,0.7080960384070407,0,0,0,,0.6288634538650513,-0.0037809163331985474,0.0,False,False,4,False
170.58162254,2972,170,581622540,map,20.25576400756836,-0.3931806981563568,1.8444442749023438,0.00017051695613190532,0.0,0.0,0.0,0.0023125547156074076,-0.0021440452153070294,0.7064049757532785,0.7078008656336979,0,0,0,,0.465791791677475,-0.00466776080429554,0.0,False,False,4,False
170.631622541,2973,170,631622541,map,20.29869842529297,-0.33628925681114197,0.8594131469726562,0.00040264130802825093,0.0,0.0,0.0,0.0022092255635320747,-0.001791460753434479,0.7067709335120101,0.7074367516134147,0,0,0,,0.3671286404132843,-0.0037926556542515755,0.0,False,False,4,False
170.631622541,2974,170,681622542,map,20.293781280517578,-0.16087156534194946,-0.09807586669921875,0.0003932952240575105,0.0,0.0,0.0,0.001939105513979629,-0.001416376361024602,0.7070969827008089,0.707112502225227,0,0,0,,0.26511549949645996,-0.0006806217133998871,0.0,False,False,4,False
170.731622543,2975,170,731622543,map,20.24561882019043,-0.4422299563884735,-0.9628677368164062,0.0003459930303506553,0.0,0.0,0.0,0.0016242294899586735,-0.0009480939488263763,0.7074393336976718,0.7067715699812935,0,0,0,,0.20013047754764557,-0.004274694249033928,0.0,False,False,4,False
170.731622543,2976,170,781622543,map,20.160324096679688,0.10691484808921814,-1.7059707641601562,0.0001272201188839972,0.0,0.0,0.0,0.0011592035436118454,-0.0005593434389493971,0.7076417323096207,0.7065702527533274,0,0,0,,0.1108034998178482,0.004038209095597267,0.0,False,False,4,False
170.781622543,2977,170,831622544,map,20.043014526367188,0.1465352475643158,-2.3462677001953125,9.72751877270639e-06,0.0,0.0,0.0,0.0006140819765850787,-0.0002339901093710882,0.7075897905423707,0.7066231361002545,0,0,0,,0.06850825250148773,0.005711009725928307,0.0,False,False,4,False
170.881622545,2978,170,881622545,map,19.899927139282227,0.4018389582633972,-2.8623199462890625,-0.00020103456336073577,0.0,0.0,0.0,2.6479706141520862e-05,1.9070522443155783e-05,0.7072412242888226,0.7069723117644618,0,0,0,,0.01941203698515892,0.009823882952332497,0.0,False,False,4,False
170.881622545,2979,170,931622546,map,19.734764099121094,0.38491934537887573,-3.3042144775390625,-0.0002225875505246222,0.0,0.0,0.0,-0.0005297471388649507,0.00024627760207861894,0.7066438527781994,0.7075691655563391,0,0,0,,0.0,0.009241849184036255,0.01007465273141861,False,False,4,False
170.931622546,2980,170,981622546,map,19.553442001342773,-0.23833565413951874,-3.6258316040039062,-0.0003179549821652472,0.0,0.0,0.0,-0.0008680557024009722,0.0006128256609422137,0.7061475386888344,0.7080639268651583,0,0,0,,0.0,-0.002270882949233055,0.018737591803073883,False,False,4,False
171.031622547,2981,171,31622547,map,19.357946395874023,0.051417723298072815,-3.910064697265625,-0.0002330779971089214,0.0,0.0,0.0,-0.0011441369978804495,0.0009546974455525952,0.7058346349242783,0.7083750755388195,0,0,0,,0.0,-0.00029129721224308014,0.04655350372195244,False,False,4,False
171.081622548,2982,171,81622548,map,19.1516056060791,0.32853686809539795,-4.127769470214844,-0.00019779207650572062,0.0,0.0,0.0,-0.0014689236388184847,0.001162902056489168,0.7055386484134123,0.7086689675138356,0,0,0,,0.0,0.0035262741148471832,0.06988631188869476,False,False,4,False
171.131622549,2983,171,131622549,map,18.94033432006836,-0.9020072221755981,-4.223442077636719,-0.00011959075345657766,0.0,0.0,0.0,-0.0014928515721714765,0.001579817644195999,0.7056642792408354,0.7085430125079965,0,0,0,,0.0,-0.016777757555246353,0.07129000127315521,False,False,4,False
171.181622549,2984,171,181622549,map,18.72327423095703,0.6415088176727295,-4.3424224853515625,8.773804438533261e-06,0.0,0.0,0.0,-0.0017167764333472619,0.0017112917587576327,0.7058265654647439,0.7083805359010354,0,0,0,,0.0,0.006562411785125732,0.09665842354297638,False,False,4,False
171.23162255,2985,171,231622550,map,18.496170043945312,0.2611120939254761,-4.5429229736328125,-0.0001089096040232107,0.0,0.0,0.0,-0.0019945776537484915,0.0017345604433973126,0.705773922826162,0.7084322005800006,0,0,0,,0.0,0.0035760365426540375,0.14765159785747528,False,False,4,False
171.23162255,2986,171,281622551,map,18.26231575012207,0.1950150728225708,-4.677886962890625,-6.12258882028982e-05,0.0,0.0,0.0,-0.00220082286050051,0.0017930282529965286,0.705619576034195,0.7085851786099845,0,0,0,,0.0,0.0031017661094665527,0.17594638466835022,False,False,4,False
171.281622551,2987,171,331622552,map,18.023447036743164,0.17753392457962036,-4.778175354003906,-3.890991138177924e-05,0.0,0.0,0.0,-0.0023535540007195185,0.0018695461534244612,0.7054066297755224,0.7087964815442336,0,0,0,,0.0,0.0028705261647701263,0.2025594264268875,False,False,4,False
171.331622552,2988,171,381622552,map,17.78196144104004,-1.365013599395752,-4.8259735107421875,1.1062620615120977e-05,0.0,0.0,0.0,-0.002109240606921034,0.0023040880610787078,0.7057428212362289,0.7084612286891904,0,0,0,,0.0,-0.023311257362365723,0.21294857561588287,False,False,4,False
171.381622552,2989,171,431622553,map,17.544527053833008,0.28815174102783203,-4.7490692138671875,-0.0001375198335153982,0.0,0.0,0.0,-0.0020846986667169025,0.002467876469887271,0.7062540011614643,0.7079511631889737,0,0,0,,0.0,0.0010055415332317352,0.1990695744752884,False,False,4,False
171.481622554,2990,171,481622554,map,17.308238983154297,-0.6580955982208252,-4.7252655029296875,4.501342118601315e-05,0.0,0.0,0.0,-0.0020173125519391518,0.0026210564596988247,0.7068440784124497,0.7073616538421895,0,0,0,,0.0,-0.011209554970264435,0.20602698624134064,False,False,4,False
171.481622554,2991,171,531622555,map,17.07419776916504,-0.05793333798646927,-4.6808624267578125,7.07626313669607e-05,0.0,0.0,0.0,-0.0020122016741040494,0.0026737245323867464,0.7074238531406489,0.7067816453822108,0,0,0,,0.0,-0.0014073997735977173,0.2038733810186386,False,False,4,False
171.581622555,2992,171,581622555,map,16.909666061401367,0.6096755862236023,-3.2909393310546875,0.00015239714412018657,0.0,0.0,0.0,-0.002153817861629908,0.0024235021187785292,0.7075728726740587,0.7066329440111602,0,0,0,,0.0,0.01142149418592453,0.2069447785615921,False,False,4,False
171.631622556,2993,171,631622556,map,16.838064193725586,0.5674105882644653,-1.4333343505859375,0.0006305694696493447,0.0,0.0,0.0,-0.0020733926084974975,0.001833329526707068,0.707200107464434,0.7070080253775274,0,0,0,,0.0,0.012891288846731186,0.21917320787906647,False,False,0,False
171.681622557,2994,171,681622557,map,16.68435287475586,0.5855628848075867,-3.0765914916992188,0.0002668380329851061,0.0,0.0,0.0,-0.0019519755839463861,0.001270713645025188,0.7064318670370465,0.7077772194078478,0,0,0,,0.0,0.014064747840166092,0.22775159776210785,False,False,0,False
171.731622558,2995,171,731622558,map,16.229534149169922,-0.49643561244010925,-9.094390869140625,-0.0010368346702307463,0.0,0.0,0.0,-0.0022171396234617184,0.0017116018438814284,0.70583449272834,0.7083712470067831,0,0,0,,0.0,-0.005868449807167053,0.2833240330219269,False,False,3,False
171.781622558,2996,171,781622558,map,15.800182342529297,0.2697065472602844,-8.58816146850586,-0.0014896392822265625,0.0,0.0,0.0,-0.002807106045254754,0.002383457262069526,0.7053999994648554,0.7087998871628806,0,0,0,,0.0,0.004563566297292709,0.3272171914577484,False,False,3,False
171.831622559,2997,171,831622559,map,15.39151382446289,0.2666151523590088,-8.174800872802734,-0.0009637832408770919,0.0,0.0,0.0,-0.003419629422032651,0.002911862780438899,0.7049608770836512,0.7092319711992777,0,0,0,,0.0,0.004448093473911285,0.3623478412628174,False,False,3,False
171.88162256,2998,171,881622560,map,15.005599975585938,-0.18520161509513855,-7.717399597167969,-0.0001399993197992444,0.0,0.0,0.0,-0.0037718131025353133,0.0033693227002785423,0.7046959950539781,0.7094913499439897,0,0,0,,0.0,-0.004035420715808868,0.3507343828678131,False,False,3,False
171.931622561,2999,171,931622561,map,14.640439987182617,-0.9621114730834961,-7.299976348876953,0.000503921473864466,0.0,0.0,0.0,-0.003720947405540217,0.003881524606619182,0.704982448776916,0.7092043677485613,0,0,0,,0.0,-0.019724790006875992,0.3327641487121582,False,False,3,False
171.981622561,3000,171,981622561,map,14.294631958007812,-0.13679388165473938,-6.915950775146484,0.0008588790660724044,0.0,0.0,0.0,-0.00366626254988142,0.004115668897462397,0.7055699592647787,0.708618834333057,0,0,0,,0.0,-0.0077949389815330505,0.3097369968891144,False,False,3,False
172.031622562,3001,172,31622562,map,13.964099884033203,-0.5518395900726318,-6.61041259765625,0.0008676528232172132,0.0,0.0,0.0,-0.0035366637752705203,0.004224899528648562,0.7063185732337224,0.7078726688737124,0,0,0,,0.0,-0.012966841459274292,0.2950783371925354,False,False,3,False
172.081622563,3002,172,81622563,map,13.648459434509277,0.2230241894721985,-6.312770843505859,0.0007164000999182463,0.0,0.0,0.0,-0.003519981102785532,0.004093335609672663,0.7069260024286977,0.7072669096082493,0,0,0,,0.0,0.0011015310883522034,0.2707536518573761,False,False,3,False
172.081622563,3003,172,131622564,map,13.34296703338623,-0.6342552900314331,-6.1104583740234375,0.0004167556471657008,0.0,0.0,0.0,-0.003351955144704102,0.00404427250919623,0.7075208017617307,0.7066729960391985,0,0,0,,0.0,-0.010566331446170807,0.26656562089920044,False,False,3,False
172.131622564,3004,172,181622564,map,13.048294067382812,0.13624277710914612,-5.893211364746094,0.0001569747837493196,0.0,0.0,0.0,-0.003267072504997947,0.0038820273640083718,0.7079783575005709,0.7062159028311286,0,0,0,,0.0,0.0017395205795764923,0.24934424459934235,False,False,3,False
172.231622565,3005,172,231622565,map,12.761478424072266,-0.3990401327610016,-5.7373046875,2.0599400158971548e-05,0.0,0.0,0.0,-0.0031242331206716824,0.003771448846404867,0.7083516192170907,0.7058427579096724,0,0,0,,0.0,-0.005297381430864334,0.24610279500484467,False,False,3,False
172.281622566,3006,172,281622566,map,12.48539924621582,0.4674532413482666,-5.520496368408203,-6.103517080191523e-05,0.0,0.0,0.0,-0.0031353652193711595,0.0035086054851856965,0.7084474713122024,0.7057478583487425,0,0,0,,0.0,0.008890155702829361,0.21937741339206696,False,False,3,False
172.331622567,3007,172,331622567,map,12.431329727172852,-0.2787383794784546,-1.0819625854492188,0.0006971358088776469,0.0,0.0,0.0,-0.002716830355624111,0.0030178068045695326,0.7084250783743445,0.7057743407104092,0,0,0,,0.0,-0.0009404346346855164,0.2216102033853531,False,False,0,False
172.381622567,3008,172,381622567,map,12.365301132202148,0.23826497793197632,-1.3200569152832031,0.0007114410982467234,0.0,0.0,0.0,-0.002184389305713473,0.002340674897598004,0.7082978589512365,0.705906433381563,0,0,0,,0.0,0.005277134478092194,0.21135298907756805,False,False,0,False
172.381622567,3009,172,431622568,map,11.881599426269531,0.22504925727844238,-9.673786163330078,-0.0009788513416424394,0.0,0.0,0.0,-0.00229032142421049,0.0022494272800249143,0.7080166267894418,0.7061884668375616,0,0,0,,0.0,0.00694521889090538,0.21165117621421814,False,False,0,False
172.481622569,3010,172,481622569,map,11.338953971862793,0.21860091388225555,-10.852832794189453,-0.0027418136596679688,0.0,0.0,0.0,-0.0031004148541197095,0.0029032319925025377,0.7076574307297008,0.7065429352875655,0,0,0,,0.0,0.0068807415664196014,0.18572990596294403,False,False,2,False
172.481622569,3011,172,531622570,map,10.842253684997559,-0.15296129882335663,-9.934043884277344,-0.00218276958912611,0.0,0.0,0.0,-0.0038357884713618364,0.003690614550712966,0.7073964927393368,0.7067969072874658,0,0,0,,0.0,-0.0011793822050094604,0.1471148580312729,False,False,2,False
172.58162257,3012,172,581622570,map,10.386455535888672,-0.3233151435852051,-9.116382598876953,-0.0007858278695493937,0.0,0.0,0.0,-0.004276460520334642,0.004355446201850497,0.7073838598530221,0.7068032376788046,0,0,0,,0.0,-0.006691399961709976,0.11998729407787323,False,False,2,False
172.58162257,3013,172,631622571,map,9.96713924407959,0.1786893755197525,-8.386039733886719,0.0005599975702352822,0.0,0.0,0.0,-0.004580989397446682,0.004662882705745917,0.7074201525437296,0.7067630436263764,0,0,0,,0.0,0.0013395659625530243,0.09235091507434845,False,False,2,False
172.681622572,3014,172,681622572,map,9.579008102416992,-0.4974377155303955,-7.763938903808594,0.0013502122601494193,0.0,0.0,0.0,-0.004579549359383204,0.004860649067424471,0.7076315169723549,0.706550095892508,0,0,0,,0.0,-0.010521560907363892,0.07315303385257721,False,False,2,False
172.731622572,3015,172,731622572,map,9.220484733581543,-0.23469001054763794,-7.171649932861328,0.0016031262930482626,0.0,0.0,0.0,-0.004434112755056804,0.004895129986992104,0.7080154879256603,0.7061660181599474,0,0,0,,0.0,-0.008287206292152405,0.03533124551177025,False,False,2,False
172.781622573,3016,172,781622573,map,8.888309478759766,0.03669075667858124,-6.643409729003906,0.001406860421411693,0.0,0.0,0.0,-0.004290620185464299,0.0047235508631085325,0.7083602472361604,0.7058222430479175,0,0,0,,0.0,-0.0031590573489665985,0.016965311020612717,False,False,2,False
172.831622574,3017,172,831622574,map,8.572928428649902,0.5665616989135742,-6.305484771728516,0.0009300232632085681,0.0,0.0,0.0,-0.004258403572325984,0.004329192166942338,0.7083897021268833,0.7057954052094576,0,0,0,,0.024294216185808182,0.008752789348363876,0.0,False,False,2,False
172.881622575,3018,172,881622575,map,8.289776802062988,-0.5940617918968201,-5.6655120849609375,0.0005001068348065019,0.0,0.0,0.0,-0.003954855676546724,0.004144095872299554,0.7085088950122024,0.7056786317259203,0,0,0,,0.01944487914443016,-0.00969218835234642,0.0,False,False,2,False
172.931622575,3019,172,931622575,map,7.990703105926514,0.4051995873451233,-5.979595184326172,0.00016727441106922925,0.0,0.0,0.0,-0.003771374102311661,0.0038505221850493546,0.7085686293785314,0.7056213203106269,0,0,0,,0.054799098521471024,0.0047526247799396515,0.0,False,False,2,False
172.981622576,3020,172,981622576,map,7.7619123458862305,-0.2012508362531662,-4.576730728149414,-0.00017929080058820546,0.0,0.0,0.0,-0.0035134339157392187,0.0036016360282935082,0.7086175837205575,0.7055748040017287,0,0,0,,0.06971409916877747,-0.0032883845269680023,0.0,False,False,2,False
173.031622577,3021,173,31622577,map,7.481789588928223,0.3283405601978302,-5.601177215576172,-0.00018539431039243937,0.0,0.0,0.0,-0.003353970434342544,0.003307315438055245,0.7085717220898006,0.7056230772881605,0,0,0,,0.09162180125713348,0.005020406097173691,0.0,False,False,2,False
173.081622578,3022,173,81622578,map,7.296728610992432,-0.6562232971191406,-3.7047386169433594,-0.00029468530556187034,0.0,0.0,0.0,-0.0029778123402782936,0.0031917993613476917,0.7087382180557847,0.7054580663070015,0,0,0,,0.13956961035728455,-0.0115143321454525,0.0,False,False,2,False
173.081622578,3023,173,131622578,map,7.044367790222168,-0.04953950643539429,-5.047760009765625,-0.00023345943191088736,0.0,0.0,0.0,-0.002689004467324086,0.0030464782791764207,0.7090305238398952,0.705166082911248,0,0,0,,0.14620748162269592,-0.0056574903428554535,0.0,False,False,2,False
173.181622579,3024,173,181622579,map,6.9035162925720215,0.25865375995635986,-2.8152084350585938,-0.00022487642127089202,0.0,0.0,0.0,-0.0025194987149457916,0.002724198753112318,0.7092331796551996,0.704964203164639,0,0,0,,0.1570056974887848,0.0014072135090827942,0.0,False,False,2,False
173.181622579,3025,173,231622580,map,6.687570095062256,-0.1165558397769928,-4.319849014282227,-5.1879906095564365e-05,0.0,0.0,0.0,-0.002311404401571167,0.002480205765940568,0.7092460998708876,0.7049528181424526,0,0,0,,0.1546606868505478,-0.0033524520695209503,0.0,False,False,2,False
173.23162258,3026,173,281622581,map,6.580056190490723,0.29501020908355713,-2.1483993530273438,-0.00018177030142396688,0.0,0.0,0.0,-0.002150906761012332,0.002153150901338291,0.7093311387381939,0.7048688340093344,0,0,0,,0.18373721837997437,0.004473291337490082,0.0,False,False,2,False
173.331622581,3027,173,331622581,map,6.373560428619385,0.04945330321788788,-4.129705429077148,-0.00013427736121229827,0.0,0.0,0.0,-0.0020140665229362023,0.0019316665405343916,0.7091115099505568,0.7050908300751461,0,0,0,,0.18434451520442963,0.0016868561506271362,0.0,False,False,2,False
173.331622581,3028,173,381622582,map,6.375931262969971,-0.2575523257255554,0.04580497741699219,-0.0001222610444528982,0.0,0.0,0.0,-0.0016639854529343404,0.0016941276387421188,0.7092757067942903,0.7049271826475526,0,0,0,,0.2087593972682953,-0.004804451018571854,0.0,False,False,2,False
173.431622583,3029,173,431622583,map,6.313054084777832,0.08252695202827454,-1.2569999694824219,0.0002798080677166581,0.0,0.0,0.0,-0.0012201964954259162,0.001272449766711168,0.7092176019966346,0.7049874360655279,0,0,0,,0.2215903252363205,-5.6881457567214966e-05,0.0,False,False,0,False
173.481622584,3030,173,481622584,map,6.144503593444824,0.09576380252838135,-3.3704662322998047,-0.0001955032639671117,0.0,0.0,0.0,-0.0009948692421155412,0.0009906644838980035,0.7092824514005193,0.7049229978900828,0,0,0,,0.21342255175113678,0.0014398172497749329,0.0,False,False,0,False
173.531622584,3031,173,531622584,map,5.566549777984619,0.3539392948150635,-11.557493209838867,-0.0012655258178710938,0.0,0.0,0.0,-0.0018091193766034686,0.0016582147053382978,0.7083076912239102,0.7058995622353977,0,0,0,,0.23322556912899017,0.007676929235458374,0.0,False,False,1,False
173.581622585,3032,173,581622585,map,5.184309482574463,-0.2686809003353119,-7.646236419677734,-0.0017410278087481856,0.0,0.0,0.0,-0.0026259271788811153,0.0025771248014995855,0.7078478226853963,0.7063553799991564,0,0,0,,0.3024974763393402,-0.007006507366895676,0.0,False,False,1,False
173.581622585,3033,173,631622586,map,4.819543838500977,-0.29323816299438477,-7.2979736328125,-0.08455505967140198,0.0,0.0,0.0,-0.0030905148224206107,0.0032501714122619495,0.7080488767239207,0.7061491862729273,0,0,0,,0.38307276368141174,-0.013793837279081345,0.0,False,False,1,False
173.631622586,3034,173,681622587,map,4.546899318695068,-0.1990903913974762,-5.455455780029297,0.04362869635224342,0.0,0.0,0.0,-0.0032171497076650814,0.003525064932579718,0.708445367389771,0.7057495202187187,0,0,0,,0.4684658348560333,-0.015467081218957901,0.0,False,False,1,False
173.731622587,3035,173,731622587,map,4.357266426086426,-0.015360116958618164,-3.793182373046875,0.028142355382442474,0.0,0.0,0.0,-0.003107666232321683,0.0034386514076470446,0.708871088474472,0.7053228324760955,0,0,0,,0.551643967628479,-0.012236338108778,0.0,False,False,1,False
173.781622588,3036,173,781622588,map,4.239767074584961,-0.2946450710296631,-2.3547840118408203,0.016632460057735443,0.0,0.0,0.0,-0.002712321251143924,0.0031289842378466556,0.7093714414134704,0.704822680450938,0,0,0,,0.5834026336669922,-0.017594270408153534,0.0,False,False,1,False
173.781622588,3037,173,831622589,map,4.176595687866211,0.4807889461517334,-1.256561279296875,0.008509445935487747,0.0,0.0,0.0,-0.0023108060471730262,0.002495636060863622,0.7096536470731262,0.7045424991949564,0,0,0,,0.5927960872650146,-0.0017903409898281097,0.0,False,False,1,False
173.88162259,3038,173,881622590,map,4.146310329437256,0.19521959125995636,-0.6036663055419922,0.002919959370046854,0.0,0.0,0.0,-0.0018523968707730455,0.0017973355877842201,0.7097405877792552,0.7044583992468082,0,0,0,,0.5482498407363892,-0.00027338042855262756,0.0,False,False,1,False
173.93162259,3039,173,931622590,map,4.134405136108398,-0.41947320103645325,-0.24318695068359375,-0.000434493413195014,0.0,0.0,0.0,-0.0012467316447742117,0.0013006942785353322,0.7099755512815987,0.7042240200653408,0,0,0,,0.5595213174819946,-0.011952448636293411,0.0,False,False,1,False
173.981622591,3040,173,981622591,map,4.135617256164551,0.48194095492362976,0.029888153076171875,-0.002102089347317815,0.0,0.0,0.0,-0.0008403654574699747,0.0007444741262016191,0.7100581760004026,0.7041421207676434,0,0,0,,0.5635623931884766,0.003386836498975754,0.0,False,False,1,False
173.981622591,3041,174,31622592,map,4.14220666885376,0.2438708394765854,0.13358116149902344,-0.002561568981036544,0.0,0.0,0.0,-0.0005422604571901264,0.00025806326974532655,0.709955238186042,0.7042465471190794,0,0,0,,0.531072199344635,0.005536280572414398,0.0,False,False,1,False
174.081622593,3042,174,81622593,map,4.149420261383057,0.19063135981559753,0.14516830444335938,-0.002459907438606024,0.0,0.0,0.0,-0.0003045089716860432,-9.663154522769234e-05,0.7097627313036105,0.7044407449807751,0,0,0,,0.5341988205909729,0.007188688963651657,0.0,False,False,1,False
174.081622593,3043,174,131622593,map,4.155657768249512,0.05327004939317703,0.12492179870605469,-0.0019594193436205387,0.0,0.0,0.0,-9.76224493609667e-05,-0.000310281876936854,0.7095608259889495,0.7046441147252236,0,0,0,,0.5178662538528442,0.005847323685884476,0.0,False,False,1,False
174.181622594,3044,174,181622594,map,4.160897254943848,-0.01477167010307312,0.10474205017089844,-0.0014366148971021175,0.0,0.0,0.0,7.828838803346835e-05,-0.0004141514662648594,0.7093963647087208,0.7048096339349675,0,0,0,,0.5304468870162964,0.004155706614255905,0.0,False,False,1,False
174.231622595,3045,174,231622595,map,4.165687561035156,0.12729468941688538,0.09610176086425781,-0.0009468078496865928,0.0,0.0,0.0,0.00018037430698421565,-0.0004906026952905965,0.7092084473918343,0.7049986559718879,0,0,0,,0.5223057866096497,0.006640151143074036,0.0,False,False,1,False
174.281622596,3046,174,281622596,map,4.169533729553223,0.06144173443317413,0.07699012756347656,-0.0006252288585528731,0.0,0.0,0.0,0.0002444967088732662,-0.0005327928259551333,0.7090007316627003,0.7052075005662658,0,0,0,,0.5238520503044128,0.006422124803066254,0.0,False,False,1,False
174.331622596,3047,174,331622596,map,4.172085285186768,0.08610114455223083,0.051059722900390625,-0.00030498503474518657,0.0,0.0,0.0,0.0002793156213598811,-0.0005549186000261845,0.7087764358574697,0.7054329011474534,0,0,0,,0.5160197019577026,0.007159188389778137,0.0,False,False,1,False
174.381622597,3048,174,381622597,map,4.174442291259766,-0.16102240979671478,0.04702568054199219,-0.0002017974911723286,0.0,0.0,0.0,0.00035016972326041174,-0.000509129168886062,0.7086362596128782,0.7055737167231527,0,0,0,,0.5301642417907715,0.0019218213856220245,0.0,False,False,1,False
174.431622598,3049,174,431622598,map,4.1771979331970215,0.16335682570934296,0.05522727966308594,-4.329682269599289e-05,0.0,0.0,0.0,0.0003586932941389063,-0.0005114299592945238,0.7084713044477914,0.70573934320864,0,0,0,,0.5234134793281555,0.0065680742263793945,0.0,False,False,1,False
174.481622599,3050,174,481622599,map,4.179980754852295,-0.35992199182510376,0.05497932434082031,1.831054760259576e-05,0.0,0.0,0.0,0.0004473489378268067,-0.0004258945281846001,0.7084472560637773,0.7057634900364878,0,0,0,,0.5283848643302917,-0.003534305840730667,0.0,False,False,1,False
174.481622599,3051,174,531622599,map,4.182828426361084,0.40765002369880676,0.0576019287109375,2.5177014322252944e-05,0.0,0.0,0.0,0.00039895282730197177,-0.00047505061468113534,0.7083091574809415,0.7059020842809532,0,0,0,,0.5247184038162231,0.008839692920446396,0.0,False,False,1,False
174.5816226,3052,174,581622600,map,4.183315753936768,-0.17546653747558594,0.009708404541015625,4.8637382860761136e-05,0.0,0.0,0.0,0.0004061138337723137,-0.00046202932482274886,0.7081907205321305,0.7060209097134722,0,0,0,,0.5014261603355408,0.0011711232364177704,0.0,False,False,1,False
174.631622601,3053,174,631622601,map,4.182002067565918,0.08640022575855255,-0.02620697021484375,5.3596493671648204e-05,0.0,0.0,0.0,0.0003951958308874639,-0.0004554114366473451,0.7080825553467307,0.7061294011966381,0,0,0,,0.519920825958252,0.003978785127401352,0.0,False,False,1,False
174.681622602,3054,174,681622602,map,4.184581756591797,-0.12628065049648285,0.05146980285644531,9.91821252682712e-06,0.0,0.0,0.0,0.0004182369641538707,-0.00042091086224209216,0.7080265345222825,0.7061855806544446,0,0,0,,0.555531919002533,6.0107558965682983e-05,0.0,False,False,1,False
174.731622602,3055,174,731622602,map,4.193070411682129,-0.0013964250683784485,0.16977310180664062,1.9073468138230965e-07,0.0,0.0,0.0,0.00044153982240552786,-0.00041290993186301675,0.7079970118325133,0.7062151696078226,0,0,0,,0.5608168840408325,0.0008703731000423431,0.0,False,False,1,False
174.781622603,3056,174,781622603,map,4.2038140296936035,0.056197524070739746,0.2149486541748047,2.6512143449508585e-05,0.0,0.0,0.0,0.00044961479040944946,-0.0004421198433192364,0.7079437194819963,0.7062685696125665,0,0,0,,0.5428054928779602,0.002198491245508194,0.0,False,False,1,False
174.831622604,3057,174,831622604,map,4.212542533874512,0.015367884188890457,0.1745891571044922,7.629396350239404e-06,0.0,0.0,0.0,0.00045752273035837597,-0.00047081872789600423,0.7078799823451684,0.7063324285332516,0,0,0,,0.5240687131881714,0.0019363872706890106,0.0,False,False,1,False
174.881622605,3058,174,881622605,map,4.221541881561279,-0.09305796027183533,0.1798534393310547,-2.384185791015625e-05,0.0,0.0,0.0,0.0004887041319890058,-0.00046547614356020717,0.7078609396876161,0.706351495053841,0,0,0,,0.5577878355979919,-0.000588979572057724,0.0,False,False,1,False
174.931622605,3059,174,931622605,map,4.232691287994385,0.19431838393211365,0.22315025329589844,4.0435788832837716e-05,0.0,0.0,0.0,0.0004663020770151496,-0.0005143324022568155,0.7077778491882625,0.7064347345813272,0,0,0,,0.5486069321632385,0.004580620676279068,0.0,False,False,1,False
174.981622606,3060,174,981622606,map,4.242568016052246,0.06299526989459991,0.19748687744140625,-2.5176999770337716e-05,0.0,0.0,0.0,0.00044614587882080693,-0.0005561063318806594,0.7076482748220561,0.7065645128655771,0,0,0,,0.5302453637123108,0.004175614565610886,0.0,False,False,1,False
174.981622606,3061,175,31622607,map,4.245284080505371,0.08033721148967743,0.05419731140136719,-3.376007225597277e-05,0.0,0.0,0.0,0.00042376389694717974,-0.0005753688987286177,0.70749756667011,0.7067154183479113,0,0,0,,0.4805879592895508,0.0048987977206707,0.0,False,False,1,False
175.081622608,3062,175,81622608,map,4.240758895874023,0.09304087609052658,-0.09074211120605469,8.087157766567543e-05,0.0,0.0,0.0,0.00038368610289618474,-0.0005713339946885627,0.7073207719525995,0.7068923906273286,0,0,0,,0.4962444603443146,0.005766693502664566,0.0,False,False,1,False
175.131622608,3063,175,131622608,map,4.236110687255859,-0.05513157695531845,-0.09281158447265625,-3.681182715808973e-05,0.0,0.0,0.0,0.0003715475855040662,-0.0005217283278760142,0.7071807804670649,0.7070324840415303,0,0,0,,0.5264838337898254,0.003032837063074112,0.0,False,False,1,False
175.181622609,3064,175,181622609,map,4.233317852020264,0.1888483166694641,-0.05652427673339844,4.6539309551008046e-05,0.0,0.0,0.0,0.00032513184053726684,-0.000516594130767766,0.7069928417723991,0.7072204388324603,0,0,0,,0.5195387601852417,0.007303595542907715,0.0,False,False,1,False
175.23162261,3065,175,231622610,map,4.229128837585449,0.0007148087024688721,-0.08378982543945312,7.114410254871473e-05,0.0,0.0,0.0,0.00030550342331272997,-0.0004960471632826239,0.7068006722754913,0.7074125177545163,0,0,0,,0.4987615644931793,0.005146067589521408,0.0,False,False,1,False
175.28162261,3066,175,281622610,map,4.228456497192383,-0.5389979481697083,-0.01262664794921875,-5.8746340073412284e-05,0.0,0.0,0.0,0.00043085048203987577,-0.0003445128435166801,0.7068616114276691,0.7073516508559528,0,0,0,,0.56963050365448,-0.00809849426150322,0.0,False,False,1,False
175.331622611,3067,175,331622611,map,4.24757719039917,0.09324401617050171,0.3825187683105469,-9.72747784544481e-06,0.0,0.0,0.0,0.0004909419103414259,-0.0003221066722771026,0.7069560407177793,0.7072572457854174,0,0,0,,0.7346467971801758,-0.0011232756078243256,0.0,False,False,1,False
175.331622611,3068,175,381622612,map,4.3024582862854,0.38764938712120056,1.096963882446289,-1.3351433381103561e-06,0.0,0.0,0.0,0.0004862608046022841,-0.0005069641309396217,0.7068464431953188,0.7073666745613104,0,0,0,,0.8061891794204712,0.007739316672086716,0.0,False,False,1,False
175.431622613,3069,175,431622613,map,4.375695705413818,0.12104615569114685,1.4642047882080078,-8.468628220725805e-05,0.0,0.0,0.0,0.0005661668759004085,-0.0007353840180060361,0.70663658846339,0.7075760528100399,0,0,0,,0.67796790599823,0.006705973297357559,0.0,False,False,1,False
175.481622613,3070,175,481622613,map,4.436468601226807,-0.06696172058582306,1.2158012390136719,-4.1389463149243966e-05,0.0,0.0,0.0,0.0007148863379765392,-0.0008808980438052885,0.7064742995753052,0.7077377883056281,0,0,0,,0.5304307341575623,0.0030324794352054596,0.0,False,False,1,False
175.531622614,3071,175,531622614,map,4.473785400390625,-0.4096328616142273,0.7472038269042969,-3.528594970703125e-05,0.0,0.0,0.0,0.0009034873574554147,-0.0008477600381357762,0.7065248988400679,0.707687100583686,0,0,0,,0.5206811428070068,-0.006296258419752121,0.0,False,False,1,False
175.531622614,3072,175,581622615,map,4.504159450531006,-0.007658284157514572,0.6074810028076172,2.7084352041129023e-05,0.0,0.0,0.0,0.0009680182554521234,-0.0008077347475477593,0.7066363217123511,0.7075758046612909,0,0,0,,0.6347076296806335,-0.00268704816699028,0.0,False,False,1,False
175.631622616,3073,175,631622616,map,4.545629978179932,0.6960573196411133,0.8269309997558594,6.732939800713211e-05,0.0,0.0,0.0,0.0008116754848522947,-0.0009591111358959376,0.7064346629661372,0.7077771458931523,0,0,0,,0.6857742667198181,0.013620775192975998,0.0,False,False,1,False
175.681622616,3074,175,681622616,map,4.587672233581543,-0.08279729634523392,0.8414363861083984,2.7465821403893642e-05,0.0,0.0,0.0,0.0007641706852817275,-0.0010162047403683787,0.7061801202177307,0.7080310877216911,0,0,0,,0.5490965843200684,0.005007531493902206,0.0,False,False,1,False
175.731622617,3075,175,731622617,map,4.618185520172119,-0.5735326409339905,0.6121540069580078,1.8692015146370977e-05,0.0,0.0,0.0,0.0008908969505940523,-0.0008632056739705499,0.7062281220129779,0.7079832631189882,0,0,0,,0.5718051195144653,-0.008382540196180344,0.0,False,False,1,False
175.781622618,3076,175,781622618,map,4.651708602905273,0.037219732999801636,0.6704425811767578,5.8174126024823636e-05,0.0,0.0,0.0,0.0009312777884644119,-0.000778109049423699,0.7063533107101182,0.7078584093707182,0,0,0,,0.6731105446815491,-0.0024238117039203644,0.0,False,False,1,False
175.781622618,3077,175,831622619,map,4.701976776123047,0.5922613143920898,1.0031700134277344,-6.828307959949598e-05,0.0,0.0,0.0,0.0008055103367513493,-0.0009101544545043116,0.7061983661621045,0.7080129874528717,0,0,0,,0.7328500747680664,0.011089053004980087,0.0,False,False,1,False
175.831622619,3078,175,881622619,map,4.753467559814453,0.1598101109266281,1.0286235809326172,2.28881845032447e-06,0.0,0.0,0.0,0.0007388819653883533,-0.001037942574413015,0.7058988431029172,0.7083115134138487,0,0,0,,0.5350940227508545,0.008801382035017014,0.0,False,False,1,False
175.93162262,3079,175,931622620,map,4.783487796783447,-0.6112858057022095,0.6036090850830078,1.3160704838810489e-05,0.0,0.0,0.0,0.0008673525832107505,-0.0009156305330443653,0.7058826481516779,0.7083276758383776,0,0,0,,0.5223867297172546,-0.007389415055513382,0.0,False,False,1,False
175.93162262,3080,175,981622621,map,4.804688930511475,0.10564962029457092,0.4237556457519531,-7.62939453125e-06,0.0,0.0,0.0,0.0008850878694322109,-0.000828529545769628,0.7059378358542167,0.7082727596538783,0,0,0,,0.5899236798286438,1.9665807485580444e-05,0.0,False,False,1,False
176.031622622,3081,176,31622622,map,4.8303542137146,0.702613890171051,0.508575439453125,7.133484177757055e-05,0.0,0.0,0.0,0.0006909583602584518,-0.0009379407607288581,0.7056705093231985,0.7085391838954366,0,0,0,,0.6399314403533936,0.014946423470973969,0.0,False,False,1,False
176.081622622,3082,176,81622622,map,4.853926181793213,-0.011277496814727783,0.47158241271972656,7.629387255292386e-07,0.0,0.0,0.0,0.0005970697710952016,-0.0009640596998424268,0.7053284759543791,0.7088797183616249,0,0,0,,0.530342698097229,0.00752340629696846,0.0,False,False,1,False
176.081622622,3083,176,131622623,map,4.865774631500244,-0.7803183794021606,0.24179458618164062,2.88009596260963e-05,0.0,0.0,0.0,0.0007413540088072338,-0.0007294355614739337,0.7053762823800425,0.7088322922763226,0,0,0,,0.5377901196479797,-0.010963823646306992,0.0,False,False,1,False
176.131622623,3084,176,181622624,map,4.874319553375244,-0.062131769955158234,0.17101287841796875,-3.852843656204641e-05,0.0,0.0,0.0,0.0008002654312284905,-0.0005622681042614564,0.7055802808607917,0.7086293182547734,0,0,0,,0.5674967169761658,-0.0052591003477573395,0.0,False,False,1,False
176.231622625,3085,176,231622625,map,4.885532855987549,0.8663188219070435,0.2191162109375,3.223418752895668e-05,0.0,0.0,0.0,0.0005754259293922842,-0.000691483507195995,0.7053914685402787,0.7088173719979978,0,0,0,,0.6002646684646606,0.015351373702287674,0.0,False,False,1,False
176.281622625,3086,176,281622625,map,4.889614582061768,0.19810914993286133,0.07937431335449219,8.392335075768642e-06,0.0,0.0,0.0,0.00039944240312946564,-0.0007867677486035872,0.7049929535859676,0.7092137596214629,0,0,0,,0.44933152198791504,0.0114368237555027,0.0,False,False,1,False
176.331622626,3087,176,331622626,map,4.874217510223389,-0.7872581481933594,-0.3013420104980469,-4.005432856502011e-06,0.0,0.0,0.0,0.0004922252728095495,-0.0005635946097657644,0.7049606322500124,0.7092460412671044,0,0,0,,0.4575525224208832,-0.009364765137434006,0.0,False,False,1,False
176.381622627,3088,176,381622627,map,4.853786468505859,-0.38326409459114075,-0.40770530700683594,-4.8828122089616954e-05,0.0,0.0,0.0,0.00059051260613379,-0.00029695131694029757,0.7052360861668077,0.7089722320957997,0,0,0,,0.52644944190979,-0.011019762605428696,0.0,False,False,1,False
176.431622628,3089,176,431622628,map,4.842001914978027,1.0520498752593994,-0.24186134338378906,1.239776611328125e-05,0.0,0.0,0.0,0.0003356562469910105,-0.0004127392560631755,0.7050877484476182,0.709119865728114,0,0,0,,0.5914703011512756,0.016943130642175674,0.0,False,False,1,False
176.481622628,3090,176,481622628,map,4.834930896759033,-0.5226116180419922,-0.13692855834960938,1.811981201171875e-05,0.0,0.0,0.0,0.0003079357253265393,-0.00036834287350139553,0.7049814423531062,0.7092255885378435,0,0,0,,0.5101293921470642,-0.0038923509418964386,0.0,False,False,1,False
176.531622629,3091,176,531622629,map,4.831658840179443,-0.26005038619041443,-0.06425857543945312,-7.07626313669607e-05,0.0,0.0,0.0,0.00038809469120137144,-0.0002583870597960885,0.7050975945378528,0.7091101217692296,0,0,0,,0.6136227250099182,-0.006006669253110886,0.0,False,False,1,False
176.58162263,3092,176,581622630,map,4.847634792327881,0.04033753648400307,0.3193855285644531,4.062652442371473e-05,0.0,0.0,0.0,0.0004354847083796194,-0.0002613313298418718,0.705222646810982,0.7089857265727696,0,0,0,,0.6820148229598999,-0.002248372882604599,0.0,False,False,1,False
176.631622631,3093,176,631622631,map,4.880472183227539,-0.008824989199638367,0.6567859649658203,-4.4059750507585704e-05,0.0,0.0,0.0,0.0004998280830619066,-0.0003430861896741644,0.7053173434515229,0.7088914426696379,0,0,0,,0.6646690368652344,-0.0021248124539852142,0.0,False,False,1,False
176.681622631,3094,176,681622631,map,4.914363861083984,0.8573439717292786,0.6711006164550781,-4.8828122089616954e-05,0.0,0.0,0.0,0.0003850630570391559,-0.0006411456813642687,0.705044850169256,0.7091623226797013,0,0,0,,0.5850778222084045,0.01668863371014595,0.0,False,False,1,False
176.681622631,3095,176,731622632,map,4.9365715980529785,-0.627597451210022,0.4498291015625,-1.2779232747561764e-05,0.0,0.0,0.0,0.0005074296038940587,-0.0006571390326031168,0.704931132563723,0.7092752702765799,0,0,0,,0.520774781703949,-0.005441199988126755,0.0,False,False,1,False
176.781622633,3096,176,781622633,map,4.946554183959961,0.10136794298887253,0.19901275634765625,1.0871885933738668e-05,0.0,0.0,0.0,0.0005729243939058977,-0.0006384321843153724,0.7049196747575828,0.7092866249279263,0,0,0,,0.5336024761199951,0.0012414045631885529,0.0,False,False,1,False
176.831622634,3097,176,831622634,map,4.9441118240356445,-0.2924516797065735,-0.047283172607421875,3.604888843256049e-05,0.0,0.0,0.0,0.0006306300288380567,-0.0005409010820651258,0.7050130166044402,0.7091938776879658,0,0,0,,0.4771820902824402,-0.005578991025686264,0.0,False,False,1,False
176.881622634,3098,176,881622634,map,4.92930793762207,-0.15486547350883484,-0.29560089111328125,-2.3841856091166846e-05,0.0,0.0,0.0,0.0006367214613323521,-0.00041594646523985645,0.7051994436279001,0.709008579836111,0,0,0,,0.4833369553089142,-0.00593523308634758,0.0,False,False,1,False
176.931622635,3099,176,931622635,map,4.9131059646606445,-0.3659369945526123,-0.32387733459472656,4.100799196748994e-05,0.0,0.0,0.0,0.000650669685398289,-0.0002509057324992939,0.7055216229875719,0.7086880506769224,0,0,0,,0.547877311706543,-0.011559788137674332,0.0,False,False,1,False
176.981622636,3100,176,981622636,map,4.901540756225586,0.13339805603027344,-0.23120880126953125,4.9781796406023204e-05,0.0,0.0,0.0,0.0005700303305090088,-0.0002074971726032216,0.7057878920527908,0.7084229551913346,0,0,0,,0.541650652885437,-0.004139881581068039,0.0,False,False,1,False
177.031622637,3101,177,31622637,map,4.887540817260742,0.22622492909431458,-0.2802467346191406,1.0871885933738668e-05,0.0,0.0,0.0,0.0004275734855847034,-0.000257355115035084,0.7058832860892924,0.7083279871422853,0,0,0,,0.49099278450012207,0.0007669888436794281,0.0,False,False,1,False
177.081622637,3102,177,81622637,map,4.860903263092041,0.7095670700073242,-0.536956787109375,-4.95910626341356e-06,0.0,0.0,0.0,0.0001609237763054146,-0.00042125730717420043,0.7056318010282244,0.7085785475326528,0,0,0,,0.42190268635749817,0.014530230313539505,0.0,False,False,1,False
177.131622638,3103,177,131622638,map,4.813772678375244,-0.5821821689605713,-0.9387874603271484,4.4250486098462716e-05,0.0,0.0,0.0,0.000130147617879218,-0.00029340699829169883,0.7055484054710796,0.7086616572886866,0,0,0,,0.34385913610458374,-0.005701851099729538,0.0,False,False,1,False
177.131622638,3104,177,181622639,map,4.755488395690918,-0.2180408090353012,-1.1651420593261719,-1.831054760259576e-05,0.0,0.0,0.0,0.00012981810182623448,-7.470522939348127e-05,0.7056847108894245,0.7085259814454924,0,0,0,,0.4496699571609497,-0.006183106452226639,0.0,False,False,1,False
177.23162264,3105,177,231622640,map,4.698938846588135,0.21097847819328308,-1.1315250396728516,-4.940032522426918e-05,0.0,0.0,0.0,1.6983004516129112e-05,2.0703841189996695e-05,0.7057473102592886,0.7084636429236917,0,0,0,,0.42645496129989624,0.0013257674872875214,0.0,False,False,1,False
177.28162264,3106,177,281622640,map,4.637826442718506,-0.2387961745262146,-1.2216854095458984,1.3732907973462716e-05,0.0,0.0,0.0,-3.8117443360849174e-05,0.0001451163442962818,0.7058528516726065,0.7083584751197353,0,0,0,,0.3791515529155731,-0.005379531532526016,0.0,False,False,1,False
177.331622641,3107,177,331622641,map,4.562958717346191,-0.622277021408081,-1.4987754821777344,-3.795623706537299e-05,0.0,0.0,0.0,2.351141523654465e-05,0.00038833243458954796,0.7062337723724584,0.707978606601711,0,0,0,,0.2971033751964569,-0.01726025715470314,0.0,False,False,1,False
177.381622642,3108,177,381622642,map,4.480899333953857,0.02363394945859909,-1.641082763671875,-2.5367735361214727e-05,0.0,0.0,0.0,-3.90164767589142e-05,0.0005237455357760077,0.706639744278785,0.707573314910859,0,0,0,,0.3881634771823883,-0.009662870317697525,0.0,False,False,1,False
177.381622642,3109,177,431622643,map,4.4048919677734375,0.28793877363204956,-1.519021987915039,1.5258774510584772e-06,0.0,0.0,0.0,-0.00021783950906455621,0.0005043661709965248,0.7068425830681218,0.7073706672758626,0,0,0,,0.4036495089530945,-0.0013055242598056793,0.0,False,False,1,False
177.481622643,3110,177,481622643,map,4.336594104766846,-0.13664653897285461,-1.3663959503173828,7.2479260779800825e-06,0.0,0.0,0.0,-0.00030355352502979706,0.000509517431757164,0.7070174724701348,0.707195829929155,0,0,0,,0.42272284626960754,-0.006360050290822983,0.0,False,False,1,False
177.481622643,3111,177,531622644,map,4.2684550285339355,-0.5924841165542603,-1.3672447204589844,-1.373290979245212e-05,0.0,0.0,0.0,-0.0002111667863740837,0.0006383792192050291,0.7074419886920886,0.7067710948503366,0,0,0,,0.34622320532798767,-0.01898903027176857,0.0,False,False,1,False
177.531622644,3112,177,581622645,map,4.190191745758057,-0.8024897575378418,-1.5781879425048828,-5.91278076171875e-05,0.0,0.0,0.0,-2.3035132913422644e-05,0.0008667704868296731,0.7082360293140584,0.7059751942949286,0,0,0,,0.2947945296764374,-0.031954679638147354,0.0,False,False,1,False
177.581622645,3113,177,631622646,map,4.104798793792725,0.5374693274497986,-1.698598861694336,6.809234764659777e-05,0.0,0.0,0.0,-0.00014749165854026537,0.0008099961513872362,0.708806342071006,0.7054026450137293,0,0,0,,0.31057342886924744,-0.008818518370389938,0.0,False,False,1,False
177.681622646,3114,177,681622646,map,4.014861583709717,-0.47396326065063477,-1.8074417114257812,-4.177093069301918e-05,0.0,0.0,0.0,-0.00019673339801376522,0.0008482634386563664,0.7093925040123341,0.7048131078493214,0,0,0,,0.2900289297103882,-0.02300957962870598,0.0,False,False,1,False
177.731622647,3115,177,731622647,map,3.922980785369873,-0.4858309030532837,-1.8499135971069336,1.9073468138230965e-07,0.0,0.0,0.0,-0.00016640991731846436,0.0009745857957375054,0.7101845154471037,0.7040148979314493,0,0,0,,0.30847200751304626,-0.02999952808022499,0.0,False,False,1,False
177.781622648,3116,177,781622648,map,3.8338353633880615,-0.8038690686225891,-1.8105030059814453,-5.5122378398664296e-05,0.0,0.0,0.0,-4.434101782086516e-05,0.0011781674768482657,0.7112840476902583,0.7029037014105366,0,0,0,,0.3309001624584198,-0.0440591536462307,0.0,False,False,1,False
177.781622648,3117,177,831622648,map,3.7517526149749756,-0.7064184546470642,-1.6741943359375,-3.318786184536293e-05,0.0,0.0,0.0,8.882165716013468e-05,0.00135366433889133,0.7126508256461903,0.7015176123301353,0,0,0,,0.3586830198764801,-0.05187283828854561,0.0,False,False,1,False
177.881622649,3118,177,881622649,map,3.678884267807007,-0.8132413029670715,-1.5043115615844727,-5.111694918014109e-05,0.0,0.0,0.0,0.00023819724155958602,0.001492734587235088,0.7142714068615279,0.6998671819321005,0,0,0,,0.383213073015213,-0.06244838237762451,0.0,False,False,1,False
177.93162265,3119,177,931622650,map,3.6166467666625977,-0.7499527931213379,-1.2976264953613281,-3.6239616747479886e-05,0.0,0.0,0.0,0.00037841946577367,0.0015668541235098093,0.7161043211343286,0.697991406121598,0,0,0,,0.4080047011375427,-0.06979091465473175,0.0,False,False,1,False
177.981622651,3120,177,981622651,map,3.5666422843933105,2.1450650691986084,-0.8773279190063477,0.0005308151012286544,0.0,0.0,0.0,-0.00011277902560794385,0.0009181585450021394,0.7169612422477215,0.6971124166017857,0,0,0,,0.44291841983795166,0.0023023150861263275,0.0,False,False,1,False
178.031622651,3121,178,31622651,map,3.5214667320251465,-1.4534062147140503,-0.983271598815918,-5.7220458984375e-05,0.0,0.0,0.0,-6.205629306730085e-05,0.000800333628615414,0.7179654841640278,0.696078242128148,0,0,0,,0.3836936354637146,-0.05459778010845184,0.0,False,False,1,False
178.031622651,3122,178,81622652,map,3.4815609455108643,-1.490810513496399,-0.91339111328125,-0.00021152495173737407,0.0,0.0,0.0,0.0003557281919010086,0.0010769734014240626,0.7197605143147272,0.6942215176866426,0,0,0,,0.48762616515159607,-0.08206385374069214,0.0,False,False,1,False
178.131622653,3123,178,131622653,map,3.461031913757324,-1.0427767038345337,-0.5113601684570312,-0.0002456665097270161,0.0,0.0,0.0,0.0007365443667866616,0.001285886273658404,0.7219917628455254,0.6919000638691237,0,0,0,,0.5376483798027039,-0.090377077460289,0.0,False,False,1,False
178.131622653,3124,178,181622654,map,3.4578001499176025,-1.8467992544174194,-0.2801179885864258,-0.00028209685115143657,0.0,0.0,0.0,0.0012178045952950817,0.0015629853729458804,0.7248111177953901,0.6889447855589653,0,0,0,,0.5918761491775513,-0.1231350302696228,0.0,False,False,1,False
178.231622654,3125,178,231622654,map,3.4793453216552734,0.16395330429077148,0.4555177688598633,0.0003002166631631553,0.0,0.0,0.0,0.0012966302554531866,0.0013299495523696405,0.7274348039007814,0.6861742898549903,0,0,0,,0.6164233088493347,-0.08800390362739563,0.0,False,False,1,False
178.281622655,3126,178,281622655,map,3.5042288303375244,-2.2164769172668457,0.1863384246826172,-0.00019168853759765625,0.0,0.0,0.0,0.0016596430738758886,0.001402330047582911,0.7305142731779989,0.6828939710808151,0,0,0,,0.5892642140388489,-0.14113129675388336,0.0,False,False,1,False
178.331622656,3127,178,331622656,map,3.53912091255188,-2.7771317958831787,0.213623046875,-0.0007326125632971525,0.0,0.0,0.0,0.002302943787254017,0.0018409637807051344,0.7346610874836194,0.678427884037542,0,0,0,,0.7340047955513,-0.1846623569726944,0.0,False,False,1,False
178.381622657,3128,178,381622657,map,3.6012344360351562,-3.461930751800537,0.5036020278930664,-0.0011371612781658769,0.0,0.0,0.0,0.0030925798412811726,0.002459893352032076,0.7399825313736798,0.6726144795768398,0,0,0,,0.8441891670227051,-0.2348371297121048,0.0,False,False,1,False
178.381622657,3129,178,431622657,map,3.719372034072876,-0.6512832641601562,2.2729063034057617,0.0007556915516033769,0.0,0.0,0.0,0.0033208767453958734,0.002273188031869035,0.7452252860281885,0.6668006279676245,0,0,0,,0.9444494247436523,-0.17879335582256317,0.0,False,False,1,False
178.481622658,3130,178,481622658,map,3.8569445610046387,-2.4507081508636475,2.205185890197754,0.0005350111750885844,0.0,0.0,0.0,0.003613152764976575,0.002058711504559261,0.7506134458918668,0.6607285083000245,0,0,0,,0.8828463554382324,-0.20346038043498993,0.0,False,False,1,False
178.531622659,3131,178,531622659,map,3.9998645782470703,-3.873476982116699,1.8368339538574219,-0.0008384704124182463,0.0,0.0,0.0,0.004234461976158612,0.002299808919431415,0.7569197660255884,0.6534900519598402,0,0,0,,0.9316665530204773,-0.2541772723197937,0.0,False,False,1,False
178.531622659,3132,178,581622660,map,4.155997276306152,-4.714014530181885,1.6801786422729492,-0.0016880035400390625,0.0,0.0,0.0,0.0050855241075866905,0.002953934404516954,0.7645312328743614,0.644559854222782,0,0,0,,1.0,-0.3010464012622833,0.0,False,False,1,False
178.63162266,3133,178,631622660,map,4.343573570251465,-3.8093209266662598,2.5440216064453125,-0.0006813049549236894,0.0,0.0,0.0,0.005727046195076507,0.003387418022766721,0.7728744668793142,0.6345240616296867,0,0,0,,1.0,-0.29331174492836,0.0,False,False,1,False
178.681622661,3134,178,681622661,map,4.531606674194336,-5.289428234100342,1.8031024932861328,-0.0008680342580191791,0.0,0.0,0.0,0.0063907820395879035,0.003970850377826925,0.7820671570516695,0.6231487399596654,0,0,0,,1.0,-0.3389081656932831,0.0,False,False,1,False
178.681622661,3135,178,731622662,map,4.7281975746154785,-5.631833076477051,1.614999771118164,-0.001153182820416987,0.0,0.0,0.0,0.007062579603519294,0.004735887618223184,0.7922915482734821,0.6100834318945401,0,0,0,,1.0,-0.3630482256412506,0.0,False,False,1,False
178.781622663,3136,178,781622663,map,4.955014228820801,-3.809657096862793,3.110227584838867,0.0020399093627929688,0.0,0.0,0.0,0.007260242743153589,0.004832987172758786,0.802450967459047,0.5966543186253981,0,0,0,,1.0,-0.3151094615459442,0.0,False,False,1,False
178.781622663,3137,178,831622663,map,5.163287162780762,-6.265144348144531,1.1938858032226562,0.10513840615749359,0.0,0.0,0.0,0.007615192375325185,0.005306632897025438,0.8130437622308868,0.5821285847558324,0,0,0,,1.0,-0.37116044759750366,0.0,False,False,1,False
178.831622663,3138,178,881622664,map,5.089266777038574,-3.8199806213378906,-4.231367111206055,-0.058089639991521835,0.0,0.0,0.0,0.007774867341843751,0.0064165727146884835,0.8245594850870059,0.5656854555187587,0,0,0,,1.0,-0.44298791885375977,0.0,False,False,1,False
178.931622665,3139,178,931622665,map,5.179265022277832,-5.73026180267334,-1.9429588317871094,-0.022154618054628372,0.0,0.0,0.0,0.007451467823753077,0.007534000794374855,0.8363923413927974,0.5480288000815067,0,0,0,,1.0,-0.4347136318683624,0.0,False,False,0,False
178.931622665,3140,178,981622666,map,5.402239799499512,-7.8508710861206055,-0.6805992126464844,-0.0009468081407248974,0.0,0.0,0.0,0.007442113656631291,0.008740093595815731,0.8486721226692998,0.5287947181205985,0,0,0,,1.0,-0.46125108003616333,0.0,False,False,0,False
178.981622666,3141,179,31622666,map,5.842406749725342,-11.344094276428223,1.4482688903808594,-0.028882408514618874,0.0,0.0,0.0,0.008810471043262054,0.010440954314568575,0.8624732323423601,0.5059182597672456,0,0,0,,1.0,-0.5,0.0,False,False,2,False
179.031622666,3142,179,81622667,map,6.187158584594727,-9.351673126220703,0.17627716064453125,-0.014258764684200287,0.0,0.0,0.0,0.009915619196394632,0.011570214271855289,0.8770383232539115,0.48017870650584105,0,0,0,,1.0,-0.47955238819122314,0.0,False,False,2,False
179.081622667,3143,179,131622668,map,6.589516639709473,-10.76970100402832,-0.2242279052734375,-0.004288291092962027,0.0,0.0,0.0,0.010668083058451776,0.012677996295966058,0.891864007405317,0.4520000583060873,0,0,0,,1.0,-0.5,0.0,False,False,2,False
179.131622668,3144,179,181622669,map,6.849111080169678,-9.126577377319336,-3.4575557708740234,-0.0003852858208119869,0.0,0.0,0.0,0.010970168163907845,0.013961037550905005,0.9065997688931584,0.42161784104071015,0,0,0,,1.0,-0.5,0.0,False,False,2,False
179.231622669,3145,179,231622669,map,7.189252853393555,-10.283269882202148,-3.1731510162353516,0.0019853608682751656,0.0,0.0,0.0,0.010987106223870426,0.015330391448134247,0.9208485697981149,0.389463957376852,0,0,0,,1.0,-0.5,0.0,False,False,2,False
179.28162267,3146,179,281622670,map,7.482594013214111,-6.841421127319336,0.036787986755371094,0.013779829256236553,0.0,0.0,0.0,0.010357408812441389,0.015121162345890898,0.933405618801168,0.3583546083454343,0,0,0,,1.0,-0.33087393641471863,0.0,False,False,2,False
179.331622671,3147,179,331622671,map,7.835674285888672,-4.329929351806641,6.480917930603027,0.032135773450136185,0.0,0.0,0.0,0.00900684278397601,0.011897927668987158,0.9425654037985814,0.33368814132699637,0,0,0,,0.9621023535728455,-0.07581672072410583,0.0,False,False,2,False
179.381622672,3148,179,381622672,map,8.093744277954102,-5.2152252197265625,1.3698196411132812,0.019281387329101562,0.0,0.0,0.0,0.007754910100856601,0.008536746886539215,0.9486825327685218,0.31601967872559045,0,0,0,,0.8720144033432007,-0.17730309069156647,0.0,False,False,2,False
179.431622672,3149,179,431622672,map,8.401227951049805,-5.23594856262207,3.2256507873535156,-0.005664064083248377,0.0,0.0,0.0,0.006992544042305889,0.006392915310855627,0.9532887387924955,0.3019119332736918,0,0,0,,0.9471185207366943,-0.09946849942207336,0.0,False,False,2,False
179.481622673,3150,179,481622673,map,8.596924781799316,-6.484861373901367,-3.355073928833008,-0.013376615941524506,0.0,0.0,0.0,0.006765538631131579,0.006353590649583582,0.9573882954799446,0.28865465707466814,0,0,0,,0.9135458469390869,-0.2504655718803406,0.0,False,False,2,False
179.481622673,3151,179,531622674,map,8.774520874023438,-8.06570053100586,-7.830977439880371,-0.02171173319220543,0.0,0.0,0.0,0.007093783975374452,0.009224020427481163,0.9624615291941454,0.2711685831679835,0,0,0,,1.0,-0.36784932017326355,0.0,False,False,2,False
179.531622674,3152,179,581622675,map,8.88988971710205,-6.937685012817383,-10.050773620605469,-0.02483806572854519,0.0,0.0,0.0,0.0073643899247111165,0.013295729901877816,0.9686459842434605,0.2479797300918581,0,0,0,,0.9693852663040161,-0.3787696063518524,0.0,False,False,2,False
179.631622675,3153,179,631622675,map,9.078569412231445,-7.158756256103516,-8.581476211547852,-0.014468573033809662,0.0,0.0,0.0,0.007316790473401107,0.016484651461958398,0.9750691203711835,0.22116720222924632,0,0,0,,0.8734074831008911,-0.3589232265949249,0.0,False,False,2,False
179.631622675,3154,179,681622676,map,9.249309539794922,-6.005992889404297,-7.989659309387207,0.001385686919093132,0.0,0.0,0.0,0.006943906776967681,0.018359722521035033,0.9810144174775187,0.19293889045204918,0,0,0,,0.7482786178588867,-0.325715035200119,0.0,False,False,2,False
179.731622677,3155,179,731622677,map,9.421526908874512,-5.4177093505859375,-7.377495765686035,0.012328719720244408,0.0,0.0,0.0,0.006351905817279405,0.019155370152968344,0.9860923570688841,0.16496844673186276,0,0,0,,0.6315199732780457,-0.29184433817863464,0.0,False,False,2,False
179.731622677,3156,179,781622678,map,9.542488098144531,-3.988628387451172,-7.34480619430542,0.01533203013241291,0.0,0.0,0.0,0.005594592262558407,0.019267947855153213,0.9902096693661493,0.13813854428307903,0,0,0,,0.5477284789085388,-0.26329734921455383,0.0,False,False,2,False
179.831622678,3157,179,831622678,map,9.630228042602539,-2.893695831298828,-6.728065013885498,0.01436767540872097,0.0,0.0,0.0,0.004731425237290926,0.01882672882471412,0.9933851357268533,0.11317747131795272,0,0,0,,0.4144471287727356,-0.22874313592910767,0.0,False,False,2,False
179.881622679,3158,179,881622679,map,9.663856506347656,-1.4699363708496094,-6.074011325836182,0.011850738897919655,0.0,0.0,0.0,0.003796617810188664,0.017913114401445003,0.9957157740223936,0.09063555256426595,0,0,0,,0.3916092813014984,-0.1938488483428955,0.0,False,False,2,False
179.93162268,3159,179,931622680,map,9.664778709411621,-0.570220947265625,-5.549563407897949,0.007524681277573109,0.0,0.0,0.0,0.002868660781832129,0.016731750646657304,0.9973515506274384,0.07072272454212487,0,0,0,,0.4396374523639679,-0.16569006443023682,0.0,False,False,2,False
179.93162268,3160,179,981622681,map,9.644370079040527,0.10473251342773438,-4.103364944458008,0.004896544851362705,0.0,0.0,0.0,0.0020272574295669148,0.015128421331409231,0.9984322395649315,0.053852428846697636,0,0,0,,0.44344016909599304,-0.12447036802768707,0.0,False,False,2,False
180.031622681,3161,180,31622681,map,9.603665351867676,0.5849647521972656,-4.410968780517578,-0.0003229151479899883,0.0,0.0,0.0,0.0013194589028654113,0.013671803538762574,0.9991235853987304,0.03953987754390476,0,0,0,,0.41732659935951233,-0.11520211398601532,0.0,False,False,2,False
180.081622682,3162,180,81622682,map,9.542156219482422,1.1107826232910156,-3.9099998474121094,-0.00395564828068018,0.0,0.0,0.0,0.0007256415853426732,0.012382537634242203,0.9995532945193257,0.02719113130394296,0,0,0,,0.362469345331192,-0.10096944868564606,0.0,False,False,2,False
180.131622683,3163,180,131622683,map,9.458024024963379,1.64337158203125,-3.3046674728393555,-0.004270554054528475,0.0,0.0,0.0,0.0002116712612585709,0.011124952356106225,0.9998005419328693,0.0165851433847452,0,0,0,,0.26619014143943787,-0.08674736320972443,0.0,False,False,2,False
180.181622684,3164,180,181622684,map,9.348074913024902,2.2059249877929688,-2.3379805088043213,-0.0032224657479673624,0.0,0.0,0.0,-0.0002539670537381844,0.009734253485472221,0.9999223279416849,0.007779324745594495,0,0,0,,0.2521175444126129,-0.06664225459098816,0.0,False,False,2,False
180.181622684,3165,180,231622684,map,9.221026420593262,2.5780868530273438,-2.35331654548645,-0.0034015660639852285,0.0,0.0,0.0,-0.0006755337457496582,0.008503073518650211,0.9999635434423013,0.00039138371381261603,0,0,0,,0.24888281524181366,-0.06271833181381226,0.0,False,False,2,False
180.281622685,3166,180,281622685,map,9.079702377319336,2.8743934631347656,-1.7334556579589844,-0.003232764545828104,0.0,0.0,0.0,0.0010453496070771224,-0.007354708411845226,-0.9999553691375614,0.005837400220880408,0,0,0,,0.2604120969772339,-0.05161089822649956,0.0,False,False,2,False
180.331622686,3167,180,331622686,map,8.93862247467041,2.840442657470703,-0.5122989416122437,-0.0017335894517600536,0.0,0.0,0.0,0.0013361810197565177,-0.00598677753339872,-0.9999256272916265,0.010541015154872973,0,0,0,,0.26546603441238403,-0.028088856488466263,0.0,False,False,2,False
180.331622686,3168,180,381622686,map,8.783707618713379,3.119525909423828,-0.5133843421936035,-0.0016798014985397458,0.0,0.0,0.0,0.0015590947954089783,-0.004728403961911509,-0.9998905094826613,0.013934865119395696,0,0,0,,0.2652965188026428,-0.021950718015432358,0.0,False,False,2,False
180.38162268600001,3169,180,431622687,map,8.646612167358398,2.7387428283691406,0.1347285509109497,-0.0016880037728697062,0.0,0.0,0.0,0.001706156168832013,-0.0035294887348010294,-0.999862347777288,0.016121948941990705,0,0,0,,0.27365225553512573,-0.007834333926439285,0.0,False,False,2,False
180.431622687,3170,180,481622688,map,8.480792045593262,3.312397003173828,0.1675933599472046,-0.00151309953071177,0.0,0.0,0.0,0.0018128839050295137,-0.0025162694652606445,-0.9998438400580942,0.017397624487534204,0,0,0,,0.2786727845668793,-0.0031062625348567963,0.0,False,False,2,False
180.481622688,3171,180,531622689,map,8.360160827636719,2.3863983154296875,0.7615208625793457,-0.001187133719213307,0.0,0.0,0.0,0.001850700189161329,-0.001536893751183274,-0.9998402331082941,0.017712174467284358,0,0,0,,0.29145413637161255,0.010462116450071335,0.0,False,False,2,False
180.581622689,3172,180,581622689,map,8.1907377243042,3.3516311645507812,1.2355372905731201,-0.0007610321044921875,0.0,0.0,0.0,0.0018735465783693774,-0.0005485651234337733,-0.999853740670111,0.01699076712543369,0,0,0,,0.2923652231693268,0.02385323867201805,0.0,False,False,2,False
180.581622689,3173,180,631622690,map,8.086216926574707,2.0638656616210938,1.1114692687988281,-0.0006736755603924394,0.0,0.0,0.0,0.0018401967467371212,0.0002605683026095953,-0.9998799205197225,0.015384743142682962,0,0,0,,0.3013782203197479,0.02860834077000618,0.0,False,False,2,False
180.681622691,3174,180,681622691,map,7.9272027015686035,3.1834888458251953,-0.11261403560638428,-0.00029144284781068563,0.0,0.0,0.0,0.0018130113167214013,0.00043238616093928153,-0.9999000067205668,0.01401793823583064,0,0,0,,0.3128097355365753,0.00893418863415718,0.0,False,False,2,False
180.731622692,3175,180,731622692,map,7.8436808586120605,1.6518497467041016,0.9777098894119263,4.425048246048391e-05,0.0,0.0,0.0,0.001722180357238201,0.0006871738655048612,-0.9999215502002561,0.012387708908916183,0,0,0,,0.33188915252685547,0.02444259449839592,0.0,False,False,2,False
180.781622692,3176,180,781622692,map,7.6924872398376465,3.015012741088867,0.6362578272819519,0.00017585756722837687,0.0,0.0,0.0,0.0016538482557049905,0.0008978147704066338,-0.9999399325008075,0.01079768979300527,0,0,0,,0.3162005841732025,0.021512899547815323,0.0,False,False,2,False
180.831622693,3177,180,831622693,map,7.619472980499268,1.4551258087158203,0.47763779759407043,0.0002149581996491179,0.0,0.0,0.0,0.001552911776018937,0.0009767479401690954,-0.9999577966527207,0.009002185396536954,0,0,0,,0.32477816939353943,0.01942121610045433,0.0,False,False,2,False
180.881622694,3178,180,881622694,map,7.47062873840332,2.9726409912109375,0.5625626444816589,0.0002759933122433722,0.0,0.0,0.0,0.0014962698265572783,0.0010224329269895678,-0.9999703145357484,0.007489048991189263,0,0,0,,0.3273601233959198,0.020168419927358627,0.0,False,False,2,False
180.881622694,3179,180,931622695,map,7.4072651863098145,1.2655448913574219,0.37110981345176697,0.0001548767031636089,0.0,0.0,0.0,0.001406779158988953,0.001000220075634284,-0.9999816089426543,0.005813975288796815,0,0,0,,0.3348231017589569,0.017382394522428513,0.0,False,False,2,False
180.981622695,3180,180,981622695,map,7.262831211090088,2.8888416290283203,-0.03909021615982056,0.0002208709775004536,0.0,0.0,0.0,0.0013612877461001037,0.0008086366854337527,-0.9999873960291075,0.004764534112415458,0,0,0,,0.35366931557655334,0.007988858968019485,0.0,False,False,2,False
181.031622696,3181,181,31622696,map,7.211848258972168,1.0190391540527344,0.1972847431898117,9.479523578193039e-05,0.0,0.0,0.0,0.0012705467121533216,0.0006598351753095627,-0.9999921480340325,0.0036951588430713706,0,0,0,,0.3656480014324188,0.009684566408395767,0.0,False,False,2,False
181.081622697,3182,181,81622697,map,7.073901176452637,2.7585697174072266,0.47866714000701904,5.226135181146674e-05,0.0,0.0,0.0,0.0012208025247827635,0.0006716996219459725,-0.9999948924984232,0.002876358440901135,0,0,0,,0.36194196343421936,0.015032310038805008,0.0,False,False,2,False
181.131622698,3183,181,131622698,map,7.033809661865234,0.8026885986328125,0.3828243911266327,-4.291534423828125e-05,0.0,0.0,0.0,0.001125820000006583,0.0007142645850086141,-0.9999977323527537,0.001660615783544452,0,0,0,,0.3673427700996399,0.01542649045586586,0.0,False,False,2,False
181.181622698,3184,181,181622698,map,6.900387287139893,2.6678848266601562,-0.19734276831150055,4.348754373495467e-05,0.0,0.0,0.0,0.0010796528569425095,0.0005502469394295195,-0.9999987430891043,0.001022447175000602,0,0,0,,0.3665040135383606,0.0039957426488399506,0.0,False,False,2,False
181.231622699,3185,181,231622699,map,6.869549751281738,0.6169033050537109,0.06078643724322319,-4.196162990410812e-06,0.0,0.0,0.0,0.0009887183150501099,0.0004019057665219413,-0.9999993838815172,0.00030519573144262546,0,0,0,,0.3858300745487213,0.005511682480573654,0.0,False,False,2,False
181.2816227,3186,181,281622700,map,6.741468906402588,2.5615978240966797,-0.009607747197151184,2.307891918462701e-05,0.0,0.0,0.0,0.0009467411357150007,0.0002908783253857088,-0.9999995074235319,6.499011678227818e-05,0,0,0,,0.39088666439056396,0.0035256557166576385,0.0,False,False,2,False
181.2816227,3187,181,331622701,map,6.72089958190918,0.41194915771484375,0.16948334872722626,-5.950927879894152e-05,0.0,0.0,0.0,-0.0008547408397191734,-0.00026323220166544554,0.9999994790674112,0.0004919266320267124,0,0,0,,0.3962952792644501,0.0064403824508190155,0.0,False,False,2,False
181.331622701,3188,181,381622701,map,6.598881721496582,2.4395084381103516,-0.3027217984199524,-2.9182430807850324e-05,0.0,0.0,0.0,-0.0008136612788933431,-0.00011918065445522494,0.9999995439412143,0.00048566311212450337,0,0,0,,0.41900569200515747,-0.002801608294248581,0.0,False,False,2,False
181.431622702,3189,181,431622702,map,6.5898756980896,0.1801013946533203,-0.008523110300302505,-2.880096508306451e-05,0.0,0.0,0.0,-0.0007161698451878264,-2.9069006230148076e-05,0.9999995070923003,0.0006870741605251487,0,0,0,,0.4294951260089874,9.49464738368988e-05,0.0,False,False,2,False
181.481622703,3190,181,481622703,map,6.475637912750244,2.285165786743164,0.17281390726566315,4.634857032215223e-05,0.0,0.0,0.0,-0.0006689810185114055,-6.271095233814034e-05,0.9999995901876264,0.000606758858574271,0,0,0,,0.4242301881313324,0.004270192235708237,0.0,False,False,2,False
181.481622703,3191,181,531622704,map,6.476053237915039,-0.0077724456787109375,0.14717358350753784,-7.629394076502649e-06,0.0,0.0,0.0,-0.0005689326741900171,-0.00012459648957920564,0.9999993248420096,0.001005538090835677,0,0,0,,0.42483624815940857,0.005265641957521439,0.0,False,False,2,False
181.581622704,3192,181,581622704,map,6.366414546966553,2.1916961669921875,-0.6488379836082458,1.277923547604587e-05,0.0,0.0,0.0,-0.0005285128251361872,9.134795709824716e-05,0.9999996315590435,0.0006702324386659293,0,0,0,,0.436352014541626,-0.011338900774717331,0.0,False,False,2,False
181.631622705,3193,181,631622705,map,6.374602794647217,-0.1636219024658203,-0.1138385683298111,1.9645689462777227e-05,0.0,0.0,0.0,-0.0004355430388791467,0.00022583282923172834,0.9999997666771376,0.00047533931539894055,0,0,0,,0.4394494295120239,-0.005923699587583542,0.0,False,False,2,False
181.681622706,3194,181,681622706,map,6.268968105316162,2.112855911254883,0.519951581954956,-1.1634824659267906e-05,0.0,0.0,0.0,-0.00040399021432102774,4.397610565191593e-05,0.9999998912885673,0.0002286500877560318,0,0,0,,0.4227101504802704,0.008541081100702286,0.0,False,False,2,False
181.681622706,3195,181,731622707,map,6.2818779945373535,-0.25848388671875,-0.4239846467971802,-4.57763690064894e-06,0.0,0.0,0.0,-0.0003235669751526814,8.791216606683428e-05,0.9999998978542955,0.00030309612645669514,0,0,0,,0.4344424307346344,-0.0068636201322078705,0.0,False,False,2,False
181.781622707,3196,181,781622707,map,6.178502082824707,2.0675277709960938,0.264360636472702,3.814693627646193e-07,0.0,0.0,0.0,-0.00030702210926961804,3.0596034214820575e-05,0.9999999513813926,4.514996775950513e-05,0,0,0,,0.4383460283279419,0.004023361951112747,0.0,False,False,2,False
181.831622708,3197,181,831622708,map,6.19624137878418,-0.35439491271972656,0.20318734645843506,-2.7275087632006034e-05,0.0,0.0,0.0,-0.00023725861022252817,-8.379861396673199e-05,0.9999998948674774,0.0003833421165665951,0,0,0,,0.4390012323856354,0.005784321576356888,0.0,False,False,2,False
181.881622709,3198,181,881622709,map,6.09557580947876,2.012948989868164,-0.5033196210861206,-7.820128303137608e-06,0.0,0.0,0.0,-0.00022977134215205477,5.8211372616426675e-05,0.9999999688524495,7.817714716217365e-05,0,0,0,,0.4535638391971588,-0.008564945310354233,0.0,False,False,2,False
181.881622709,3199,181,931622710,map,6.119195461273193,-0.47249794006347656,0.13309794664382935,-3.681182715808973e-05,0.0,0.0,0.0,-0.00016247257624649866,8.319336191320598e-05,0.9999999765825118,0.00011626049375907394,0,0,0,,0.46315309405326843,0.0005580298602581024,0.0,False,False,2,False
181.93162271,3200,181,981622710,map,6.022663116455078,1.9308090209960938,0.22713986039161682,-1.0871885933738668e-05,0.0,0.0,0.0,0.00015342130848577818,1.8650666879233895e-05,-0.9999999865078466,5.566292620823629e-05,0,0,0,,0.4459284842014313,0.004971858114004135,0.0,False,False,2,False
181.98162271,3201,182,31622711,map,6.050929069519043,-0.5654716491699219,-0.23756209015846252,-2.0599363779183477e-05,0.0,0.0,0.0,-8.630519558582161e-05,2.0939897608959126e-05,0.9999999899045702,0.0001109224651811951,0,0,0,,0.4629512429237366,-0.0033602453768253326,0.0,False,False,2,False
182.081622712,3202,182,81622712,map,5.957652568817139,1.8655204772949219,0.06092734634876251,5.722044988942798e-06,0.0,0.0,0.0,8.017267023626015e-05,-2.7927781987610247e-05,-0.9999999838420636,0.00015845584368594533,0,0,0,,0.47081074118614197,0.0008154101669788361,0.0,False,False,2,False
182.131622713,3203,182,131622713,map,5.991657257080078,-0.6800746917724609,0.043181162327528,2.098081495205406e-06,0.0,0.0,0.0,-1.2278436895916412e-05,3.385327422788203e-06,0.999999999300996,3.515376794056058e-05,0,0,0,,0.47140732407569885,0.0013496242463588715,0.0,False,False,2,False
182.131622713,3204,182,181622713,map,5.902692794799805,1.7796039581298828,-0.34369975328445435,-1.3160702110326383e-05,0.0,0.0,0.0,4.868117281472292e-06,-0.00011062497540939115,-0.9999999280372741,0.00036285515423309904,0,0,0,,0.4882228970527649,-0.0070756785571575165,0.0,False,False,2,False
182.231622714,3205,182,231622714,map,5.943353176116943,-0.813140869140625,-0.028987284749746323,-1.0681155799829867e-05,0.0,0.0,0.0,-6.794190714623968e-05,-0.00015673349041643155,-0.9999998940533561,0.0004274479930001448,0,0,0,,0.4931301474571228,-0.003131803125143051,0.0,False,False,2,False
182.281622715,3206,182,281622715,map,5.8594136238098145,1.678457260131836,0.18735498189926147,7.705688767600805e-05,0.0,0.0,0.0,-8.064730118841628e-05,-7.553249039373893e-05,-0.9999997050405187,0.0007600721881625819,0,0,0,,0.4795278310775757,0.002508249133825302,0.0,False,False,2,False
182.331622716,3207,182,331622716,map,5.9052324295043945,-0.9159183502197266,-0.22998236119747162,-1.5258788153005298e-06,0.0,0.0,0.0,-0.00015460046608744256,-0.00010208891470888965,-0.9999997227737171,0.0007211997215538176,0,0,0,,0.5032387971878052,-0.0047239623963832855,0.0,False,False,2,False
182.381622716,3208,182,381622716,map,5.825777053833008,1.5890979766845703,0.0036686286330223083,-4.138946678722277e-05,0.0,0.0,0.0,-0.00016605351882080968,-0.00011003838887722408,-0.9999993418622497,0.0011298640843944387,0,0,0,,0.4979619085788727,-0.0016402117908000946,0.0,False,False,2,False
182.431622717,3209,182,431622717,map,5.876618385314941,-1.0170173645019531,0.07298706471920013,1.831054760259576e-05,0.0,0.0,0.0,-0.00023942494364737315,-6.413806962358118e-05,-0.9999994297477888,0.0010387810654043236,0,0,0,,0.49280256032943726,0.0006718374788761139,0.0,False,False,2,False
182.481622718,3210,182,481622718,map,5.798896789550781,1.554107666015625,0.2818889319896698,-2.384185791015625e-05,0.0,0.0,0.0,-0.00024451028783426134,6.150116967911671e-05,-0.9999992927205609,0.0011623212563845722,0,0,0,,0.47938427329063416,0.006576057523488998,0.0,False,False,2,False
182.531622719,3211,182,531622719,map,5.8512396812438965,-1.0464000701904297,-0.33633413910865784,9.91821252682712e-06,0.0,0.0,0.0,-0.00030588248805751275,-8.809389908174752e-06,-0.999999466649769,0.0009864372640173895,0,0,0,,0.5038247108459473,-0.004953641444444656,0.0,False,False,2,False
182.531622719,3212,182,581622719,map,5.776206970214844,1.501617431640625,-0.24423465132713318,-1.2397763384797145e-05,0.0,0.0,0.0,-0.00030097603243700415,-0.0001410856177970339,-0.999998873132723,0.0014639814071318198,0,0,0,,0.5068553686141968,-0.006799023598432541,0.0,False,False,2,False
182.63162272,3213,182,631622720,map,5.832269668579102,-1.1226272583007812,0.4682769775390625,4.386902219266631e-06,0.0,0.0,0.0,-0.00035970650039826574,-6.087625082750048e-06,-0.9999991172154422,0.0012791178642818904,0,0,0,,0.4979693591594696,0.008063297718763351,0.0,False,False,2,False
182.63162272,3214,182,681622721,map,5.758927822113037,1.4681434631347656,-0.45282885432243347,5.0735470722429454e-05,0.0,0.0,0.0,-0.00035158854642293333,-8.51464586170425e-05,-0.9999986039182694,0.0016313482419373312,0,0,0,,0.5003655552864075,-0.007977653294801712,0.0,False,False,2,False
182.731622721,3215,182,731622721,map,5.816669464111328,-1.156005859375,0.3537401556968689,-5.626678102998994e-05,0.0,0.0,0.0,-0.00040530003491451235,-8.189512856521744e-06,-0.999998853274718,0.0014591484031800325,0,0,0,,0.4979496896266937,0.005855735391378403,0.0,False,False,2,False
182.781622722,3216,182,781622722,map,5.743269443511963,1.4679527282714844,0.38026154041290283,8.201595846912824e-06,0.0,0.0,0.0,-0.000389818242447255,0.0001741619550387172,-0.999998943958378,0.0013891693489973176,0,0,0,,0.4770219624042511,0.010759245604276657,0.0,False,False,2,False
182.831622723,3217,182,831622723,map,5.799432277679443,-1.1226558685302734,0.23537877202033997,-2.9754632123513147e-05,0.0,0.0,0.0,-0.00043055505519175964,0.00030010401305954735,-0.99999961875809,0.0006978850912058645,0,0,0,,0.4790310263633728,0.010683950036764145,0.0,False,False,2,False
182.881622724,3218,182,881622724,map,5.7248334884643555,1.4912605285644531,-0.4699718952178955,2.937316457973793e-05,0.0,0.0,0.0,-0.0004002203007480543,0.00013047207547811518,-0.9999996504238072,0.0007224631559213857,0,0,0,,0.5076143741607666,-0.004840802401304245,0.0,False,False,2,False
182.931622724,3219,182,931622724,map,5.782790184020996,-1.159048080444336,0.2135937213897705,-7.820126484148204e-06,0.0,0.0,0.0,-0.0004367590905434772,9.384266267224008e-05,-0.9999998272087035,0.000382122512830102,0,0,0,,0.5082715153694153,0.005224835127592087,0.0,False,False,2,False
182.981622725,3220,182,981622725,map,5.710566520690918,1.4443778991699219,-0.1107059046626091,2.7847287128679454e-05,0.0,0.0,0.0,-0.0004122501455499186,4.852857263735414e-05,-0.9999997874511684,0.0005027846591352988,0,0,0,,0.4898633658885956,0.00015145912766456604,0.0,False,False,2,False
182.981622725,3221,183,31622726,map,5.769731521606445,-1.1828899383544922,-0.35439983010292053,-2.1934505639364943e-05,0.0,0.0,0.0,-0.00045282999284096355,-0.00010316998668407002,-0.9999997922794766,0.0004469249994140862,0,0,0,,0.5085124969482422,-0.007084991782903671,0.0,False,False,2,False
183.081622727,3222,183,81622727,map,5.698505878448486,1.4243125915527344,0.08529485762119293,8.163451275322586e-05,0.0,0.0,0.0,-0.000429764093224575,-0.0001240232896016516,-0.9999995435602493,0.0008442750385458794,0,0,0,,0.4967740774154663,-0.00023301318287849426,0.0,False,False,2,False
183.131622727,3223,183,131622727,map,5.758340835571289,-1.196603775024414,0.4920077919960022,1.9073468138230965e-07,0.0,0.0,0.0,-0.0004700771386585557,7.354653785734998e-05,-0.9999997742779784,0.0004744074018930344,0,0,0,,0.4858127534389496,0.01107240840792656,0.0,False,False,2,False
183.181622728,3224,183,181622728,map,5.684961795806885,1.4687156677246094,0.3063710629940033,-3.795623706537299e-05,0.0,0.0,0.0,-0.0004400030483397713,0.0002563572595984006,-0.9999998418647112,0.0002386395299937463,0,0,0,,0.4803198575973511,0.01185506209731102,0.0,False,False,2,False
183.231622729,3225,183,231622729,map,5.74425745010376,-1.1873435974121094,-0.5095556974411011,4.653930227505043e-05,0.0,0.0,0.0,0.0004725305384236422,-0.00010339934154184943,0.9999998724327965,0.00014545740643163188,0,0,0,,0.5277917981147766,-0.0055305249989032745,0.0,False,False,2,False
183.231622729,3226,183,281622730,map,5.6753387451171875,1.3783740997314453,-0.12970095872879028,-1.71661376953125e-05,0.0,0.0,0.0,-0.00044768300524436835,-4.671177584759598e-05,-0.999999886035438,0.00015914473886587853,0,0,0,,0.5328433513641357,-0.0030458681285381317,0.0,False,False,2,False
183.33162273,3227,183,331622730,map,5.741286277770996,-1.3189697265625,0.08422195166349411,-3.2424918572360184e-06,0.0,0.0,0.0,-0.0004988301751388728,-5.535029810622561e-05,-0.9999998738756183,1.8802889107301984e-05,0,0,0,,0.5300383567810059,0.001130964607000351,0.0,False,False,2,False
183.33162273,3228,183,381622731,map,5.677948474884033,1.2676429748535156,-0.4685816466808319,1.3351441339182202e-05,0.0,0.0,0.0,-0.0004930627162420731,-0.00019974290818838318,-0.9999997173035208,0.0005313989150514659,0,0,0,,0.5539543628692627,-0.010426703840494156,0.0,False,False,2,False
183.431622732,3229,183,431622732,map,5.7508440017700195,-1.457967758178711,0.012684129178524017,-2.8038026357535273e-05,0.0,0.0,0.0,-0.0005625077084828041,-0.00023363954004804768,-0.9999995793640509,0.0006857618861328564,0,0,0,,0.5485310554504395,-0.003666970878839493,0.0,False,False,2,False
183.481622733,3230,183,481622733,map,5.6923041343688965,1.1699962615966797,0.5130855441093445,-1.0108947208209429e-05,0.0,0.0,0.0,-0.0005698626682449841,-1.9499323831138948e-05,-0.9999994333729361,0.0008989605790759881,0,0,0,,0.5194745659828186,0.009476203471422195,0.0,False,False,2,False
183.531622733,3231,183,531622733,map,5.765782356262207,-1.4688873291015625,0.3274129033088684,1.7356871467200108e-05,0.0,0.0,0.0,-0.0006356318112116435,0.00019685585983218008,-0.9999997198232344,0.0003428898126028082,0,0,0,,0.5106540322303772,0.010867234319448471,0.0,False,False,2,False
183.581622734,3232,183,581622734,map,5.706040382385254,1.1942291259765625,-0.5513190031051636,-5.054473876953125e-05,0.0,0.0,0.0,-0.0006245021148100624,4.976339272058258e-05,-0.9999996852758807,0.00048679446651293183,0,0,0,,0.5311560034751892,-0.007361706346273422,0.0,False,False,2,False
183.631622735,3233,183,631622735,map,5.779690742492676,-1.4729022979736328,0.36046239733695984,2.880096508306451e-05,0.0,0.0,0.0,-0.0006737848834099553,7.710861682026133e-05,-0.9999997533795512,0.00018250761330631791,0,0,0,,0.5409189462661743,0.007172580808401108,0.0,False,False,2,False
183.681622736,3234,183,681622736,map,5.721874713897705,1.1573219299316406,0.3118571937084198,-6.12258882028982e-05,0.0,0.0,0.0,-0.0006558392995968031,0.00020876200363114655,-0.9999997621219068,4.526995390579381e-05,0,0,0,,0.5183572173118591,0.01030699536204338,0.0,False,False,2,False
183.731622736,3235,183,731622736,map,5.796832084655762,-1.5003395080566406,-0.5783059000968933,3.147124880342744e-05,0.0,0.0,0.0,0.0007011228173423403,-3.0774605672724404e-05,0.9999997313786873,0.00021147640993939067,0,0,0,,0.5620661973953247,-0.00804007425904274,0.0,False,False,2,False
183.781622737,3236,183,781622737,map,5.744051933288574,1.0556888580322266,-0.09257999062538147,6.484985988208791e-06,0.0,0.0,0.0,-0.000687401029845622,-0.00010515350238252585,-0.9999997414366361,0.00018316447779719578,0,0,0,,0.5677906274795532,-0.003516022115945816,0.0,False,False,2,False
183.781622737,3237,183,831622738,map,5.825528144836426,-1.62933349609375,-0.11030861735343933,-1.6021729607018642e-05,0.0,0.0,0.0,-0.0007474065127841615,-0.0001616116132936206,-0.9999996832642835,0.00022076350211491322,0,0,0,,0.5614020824432373,-0.0040152408182621,0.0,False,False,2,False
183.881622739,3238,183,881622739,map,5.776343822479248,0.9837913513183594,0.5559270977973938,7.629396350239404e-06,0.0,0.0,0.0,-0.0007448913049421568,3.569952612651452e-05,-0.9999996642017248,0.00033979247367429006,0,0,0,,0.5408622026443481,0.0109737329185009,0.0,False,False,2,False
183.931622739,3239,183,931622739,map,5.859134674072266,-1.656179428100586,-0.38103076815605164,-1.468658410885837e-05,0.0,0.0,0.0,-0.000804364432289973,-1.1165975618839852e-06,-0.999999670667119,0.00010799197533865594,0,0,0,,0.5630691051483154,-0.004636626690626144,0.0,False,False,2,False
183.98162274,3240,183,981622740,map,5.811969757080078,0.9434604644775391,-0.1262459009885788,-8.964539119915571e-06,0.0,0.0,0.0,-0.0007959772850980805,-9.083061971836435e-05,-0.9999995687037531,0.0004698534535753195,0,0,0,,0.5436393618583679,-0.003483172506093979,0.0,False,False,2,False
184.031622741,3241,184,31622741,map,5.893451690673828,-1.6286277770996094,0.7397812008857727,-1.1253359843976796e-05,0.0,0.0,0.0,-0.0008442420133357929,0.0001488594095831784,-0.9999996324610925,1.3190117947546516e-05,0,0,0,,0.5229212641716003,0.015579771250486374,0.0,False,False,2,False
184.081622742,3242,184,81622742,map,5.843369960784912,1.0008811950683594,-0.20848825573921204,7.247926987474784e-06,0.0,0.0,0.0,0.0008169261786045635,-0.00017397461673745505,0.9999996474702063,8.616214276044365e-05,0,0,0,,0.5437242984771729,0.0014376528561115265,0.0,False,False,2,False
184.081622742,3243,184,131622742,map,5.924417972564697,-1.6209983825683594,-0.009703896939754486,6.771087646484375e-05,0.0,0.0,0.0,0.0008512154940800845,-0.00012290672173371253,0.9999995189517581,0.00047161676471038004,0,0,0,,0.5750107169151306,0.002289962023496628,0.0,False,False,2,False
184.181622743,3244,184,181622743,map,5.878680229187012,0.9157085418701172,0.2534072995185852,-8.029936725506559e-05,0.0,0.0,0.0,0.0008268610196098617,-0.000171427416255809,0.9999994936218696,0.0005474207700638922,0,0,0,,0.5637016892433167,0.007867883890867233,0.0,False,False,2,False
184.181622743,3245,184,231622744,map,5.962596893310547,-1.6739368438720703,0.6054433584213257,3.45230037055444e-05,0.0,0.0,0.0,0.0008702361555376615,-0.00038124011484974937,0.999998586549833,0.00138717098596778,0,0,0,,0.5539342164993286,0.017848696559667587,0.0,False,False,2,False
184.231622744,3246,184,281622745,map,5.919792175292969,0.8541393280029297,-0.22298648953437805,-8.201595846912824e-06,0.0,0.0,0.0,0.0008527715035951879,-0.0003365193277647468,0.9999980459845769,0.0017514458407278043,0,0,0,,0.5941354036331177,0.0038617663085460663,0.0,False,False,2,False
184.331622745,3247,184,331622745,map,6.009055137634277,-1.7849159240722656,0.04934854805469513,4.711150540970266e-05,0.0,0.0,0.0,0.0009089091824702608,-0.00025434748455601075,0.9999967677791267,0.00236085212458356,0,0,0,,0.5951110124588013,0.00550210103392601,0.0,False,False,2,False
184.331622745,3248,184,381622746,map,5.972672939300537,0.7326698303222656,0.48204049468040466,-4.4250486098462716e-05,0.0,0.0,0.0,0.0009077541743544366,-0.00035458384364712357,0.9999956930846969,0.002768404723583981,0,0,0,,0.572144627571106,0.015094306319952011,0.0,False,False,2,False
184.431622747,3249,184,431622747,map,6.0624775886535645,-1.7814826965332031,0.9207533597946167,-5.435943603515625e-05,0.0,0.0,0.0,0.0009645287716215322,-0.0006681574071473342,0.999990881319828,0.0041061572207490024,0,0,0,,0.5529804825782776,0.028319593518972397,0.0,False,False,2,False
184.431622747,3250,184,481622748,map,6.026289463043213,0.7167243957519531,-0.39241090416908264,2.0408633645274676e-05,0.0,0.0,0.0,0.0009531392688417224,-0.0005644489571271438,0.9999875034260927,0.004875029698301662,0,0,0,,0.5995876789093018,0.005594354122877121,0.0,False,False,2,False
184.481622748,3251,184,531622748,map,6.1196184158325195,-1.8674182891845703,-0.035997629165649414,0.00014228820509742945,0.0,0.0,0.0,0.0010090141726037717,-0.0003753914189539487,0.9999832441297619,0.005687919777826719,0,0,0,,0.610842227935791,0.005790051072835922,0.0,False,False,2,False
184.581622749,3252,184,581622749,map,6.089423656463623,0.6229019165039062,0.9427842497825623,-4.100799560546875e-05,0.0,0.0,0.0,0.0010037752821161201,-0.0005764456907430263,0.9999782474280368,0.006493444101625416,0,0,0,,0.5812034606933594,0.02635708823800087,0.0,False,False,2,False
184.63162275,3253,184,631622750,map,6.184445381164551,-1.9144821166992188,-0.6442432403564453,2.460479663568549e-05,0.0,0.0,0.0,0.001063046489078247,-0.0003759001075835231,0.9999721567323333,0.007376611102450551,0,0,0,,0.58754563331604,-0.0019162409007549286,0.0,False,False,2,False
184.681622751,3254,184,681622751,map,6.1601715087890625,0.4756641387939453,-0.6216809153556824,4.0245053241960704e-05,0.0,0.0,0.0,0.001063815394579694,1.9902130981925742e-05,0.999973539286717,0.007196431553786315,0,0,0,,0.6960018277168274,-0.009875934571027756,0.0,False,False,2,False
184.731622751,3255,184,731622751,map,6.272968769073486,-2.2469139099121094,0.5947083234786987,-6.179809133755043e-05,0.0,0.0,0.0,0.0011525176025802574,-2.7821626314165133e-05,0.9999711955099804,0.007501938381079469,0,0,0,,0.7392527461051941,0.009982217103242874,0.0,False,False,2,False
184.731622751,3256,184,781622752,map,6.276205062866211,-0.031032562255859375,1.4291198253631592,-0.00020904540724586695,0.0,0.0,0.0,0.0012165609577630232,-0.0005764230642117181,0.9999638339310456,0.008397532126252927,0,0,0,,0.7295930981636047,0.03461025282740593,0.0,False,False,2,False
184.781622752,3257,184,831622753,map,6.417472839355469,-2.8695201873779297,-2.1027538776397705,0.0001274108944926411,0.0,0.0,0.0,0.001390798323386733,-1.4743898306396377e-05,0.9999613105438344,0.008685785980444543,0,0,0,,0.8586132526397705,-0.03196628764271736,0.0,False,False,2,False
184.831622753,3258,184,881622754,map,6.469512462615967,-1.045989990234375,-0.5018898248672485,-0.00021858215040992945,0.0,0.0,0.0,0.0015709693418771915,0.0005196118678501513,0.9999693350926062,0.007654471456925945,0,0,0,,0.9118655920028687,-0.01802266761660576,0.0,False,False,2,False
184.931622754,3259,184,931622754,map,6.666606426239014,-3.8647842407226562,3.5923397541046143,-6.656648474745452e-05,0.0,0.0,0.0,0.0018655593070289439,-0.0005724613559727665,0.9999595765011495,0.008777091779695722,0,0,0,,0.8663568496704102,0.06752799451351166,0.0,False,False,2,False
184.931622754,3260,184,981622755,map,6.768608570098877,-1.7897319793701172,4.8110671043396,-0.00151481619104743,0.0,0.0,0.0,0.0021130264115462906,-0.0026966536345549336,0.9999066284604919,0.013228663550457103,0,0,0,,0.9102597832679749,0.12283244729042053,0.0,False,False,2,False
184.981622755,3261,185,31622756,map,7.037632942199707,-5.345134735107422,0.6874650716781616,-0.0009578706230968237,0.0,0.0,0.0,0.0025260447958244726,-0.0033758352167531083,0.9998150831115303,0.018762260443838486,0,0,0,,0.8556087017059326,0.05917554721236229,0.0,False,False,2,False
185.081622757,3262,185,81622757,map,7.163536548614502,-2.0528507232666016,5.26145076751709,-0.0008615493425168097,0.0,0.0,0.0,0.0027804384968893995,-0.004538395181450376,0.9996562383308668,0.025672500796050227,0,0,0,,0.8169722557067871,0.16021379828453064,0.0,False,False,2,False
185.081622757,3263,185,131622757,map,7.339433193206787,-2.350749969482422,8.724571228027344,-0.005326271057128906,0.0,0.0,0.0,0.0027233343059895766,-0.0073525129365335125,0.9992728007440711,0.03731479193129519,0,0,0,,0.8331732749938965,0.2805560231208801,0.0,False,False,2,False
185.131622757,3264,185,181622758,map,7.470764636993408,-2.0326805114746094,3.5721683502197266,-0.0031780246645212173,0.0,0.0,0.0,0.0025496887312480366,-0.008871580155943382,0.998631275077313,0.05148175007097549,0,0,0,,0.8545252680778503,0.1596534550189972,0.0,False,False,2,False
185.181622758,3265,185,231622759,map,7.666572570800781,-2.440509796142578,7.3717546463012695,0.0016069412231445312,0.0,0.0,0.0,0.0023572444157952685,-0.010043091082025493,0.9977204513333904,0.06668943478076801,0,0,0,,1.0,0.24739375710487366,0.0,False,False,2,False
185.281622759,3266,185,281622759,map,7.7547173500061035,0.8082103729248047,9.805973052978516,-0.006037712097167969,0.0,0.0,0.0,0.0018060018690738034,-0.012427328082809165,0.9962369041692917,0.08575739411360889,0,0,0,,0.9928267598152161,0.3345009982585907,0.0,False,False,2,False
185.281622759,3267,185,331622760,map,7.904786109924316,0.6223201751708984,11.140055656433105,-0.010677527636289597,0.0,0.0,0.0,0.0009706759859326075,-0.015369888666705205,0.9938733695271481,0.10944656072831294,0,0,0,,0.7952420711517334,0.38870665431022644,0.0,False,False,2,False
185.381622761,3268,185,381622761,map,8.048256874084473,-0.7062435150146484,5.982069969177246,0.003581237979233265,0.0,0.0,0.0,0.00038234905386861327,-0.016254277145224878,0.9908346263861768,0.1340984542709296,0,0,0,,0.6260886192321777,0.25727468729019165,0.0,False,False,2,False
185.431622762,3269,185,431622762,map,8.209867477416992,-0.09640693664550781,7.757177352905273,0.013368414714932442,0.0,0.0,0.0,-6.149889019000168e-05,-0.01625685116825397,0.9873534079676471,0.15769894984638527,0,0,0,,0.8534832000732422,0.2835090458393097,0.0,False,False,2,False
185.481622762,3270,185,481622762,map,8.280105590820312,3.2006359100341797,9.427533149719238,0.0015365600120276213,0.0,0.0,0.0,-0.0008502339293212781,-0.017107351055736502,0.9830741190344797,0.18240584455192912,0,0,0,,0.8720406293869019,0.34945061802864075,0.0,False,False,2,False
185.531622763,3271,185,531622763,map,8.475706100463867,-2.812957763671875,3.003969192504883,0.009689330123364925,0.0,0.0,0.0,-0.00105536219011055,-0.016062090559566592,0.9785484689027915,0.20538692622829408,0,0,0,,0.844789981842041,0.05346348509192467,0.0,False,False,2,False
185.581622764,3272,185,581622764,map,8.631105422973633,-1.0980796813964844,4.364185333251953,0.022142216563224792,0.0,0.0,0.0,-0.0006579882944813768,-0.013613830941260611,0.9747347126484665,0.22294947996489858,0,0,0,,1.0,0.15624064207077026,0.0,False,False,2,False
185.631622765,3273,185,631622765,map,8.797163963317871,1.6009998321533203,8.968639373779297,-0.00509185716509819,0.0,0.0,0.0,-0.0007959804175939477,-0.01356311542677857,0.9705949958911692,0.24033468802092606,0,0,0,,1.0,0.3319603204727173,0.0,False,False,2,False
185.681622765,3274,185,681622765,map,8.984580039978027,-2.812328338623047,2.5518226623535156,-0.006744384299963713,0.0,0.0,0.0,-0.0006635164387336109,-0.012805804137525785,0.9663085742637622,0.2570667431439974,0,0,0,,0.996586263179779,0.01869017630815506,0.0,False,False,2,False
185.731622766,3275,185,731622766,map,9.213871955871582,-1.7751121520996094,5.6070709228515625,0.00775833148509264,0.0,0.0,0.0,-2.401038024184548e-05,-0.010994581202188023,0.9629663456585003,0.2693973565883751,0,0,0,,1.0,0.2530032694339752,0.0,False,False,2,False
185.781622767,3276,185,781622767,map,9.359177589416504,3.316192626953125,9.580841064453125,-0.013989066705107689,0.0,0.0,0.0,-0.0004334853635857708,-0.012219474919980376,0.95872794984588,0.28406199095872614,0,0,0,,1.0,0.5,0.0,False,False,2,False
185.831622768,3277,185,831622768,map,9.597286224365234,-0.8563041687011719,6.644573211669922,-0.011794853955507278,0.0,0.0,0.0,-0.0007893967022379969,-0.013173274932150935,0.9536885249217193,0.30050630461446826,0,0,0,,1.0,0.15145343542099,0.0,False,False,2,False
185.881622768,3278,185,881622768,map,9.774312973022461,3.078765869140625,9.176130294799805,-0.003506278619170189,0.0,0.0,0.0,-0.0012373486837554092,-0.014166580150796897,0.9481140398771679,0.31761225474288907,0,0,0,,1.0,0.5,0.0,False,False,2,False
185.931622769,3279,185,931622769,map,9.89155101776123,7.254657745361328,11.136503219604492,-0.016252899542450905,0.0,0.0,0.0,-0.002702337989012508,-0.01689232736263991,0.9406056067559625,0.33906996207997286,0,0,0,,1.0,0.5,0.0,False,False,2,False
185.931622769,3280,185,981622770,map,9.784512519836426,12.302169799804688,8.443470001220703,-0.02259216271340847,0.0,0.0,0.0,-0.005202285189579979,-0.0201487764793651,0.9304648895204183,0.36578962861861863,0,0,0,,1.0,0.5,0.0,False,False,2,False
185.98162277,3281,186,31622771,map,9.597115516662598,13.886871337890625,6.219587326049805,-0.012741661630570889,0.0,0.0,0.0,-0.00831214601088572,-0.022471096109705612,0.9177969697765805,0.396326482003472,0,0,0,,1.0,0.5,0.0,False,False,0,False
186.081622771,3282,186,81622771,map,9.601241111755371,12.789897918701172,8.689603805541992,-0.002779006026685238,0.0,0.0,0.0,-0.011231414885105817,-0.024179602198581146,0.9026072368736267,0.42963865992314293,0,0,0,,0.8776160478591919,0.5,0.0,False,False,0,False
186.131622772,3283,186,131622772,map,9.860671043395996,11.329183578491211,12.28342056274414,-0.006788824684917927,0.0,0.0,0.0,-0.013364971633330587,-0.02633990682561996,0.8845315208215245,0.465544386191928,0,0,0,,0.8076311945915222,0.5,0.0,False,False,3,False
186.181622773,3284,186,181622773,map,10.068999290466309,12.731423377990723,10.411834716796875,0.001786230131983757,0.0,0.0,0.0,-0.015145070236485342,-0.02800942321651987,0.8640618938223721,0.5023774902428504,0,0,0,,0.6466600894927979,0.5,0.0,False,False,3,False
186.231622774,3285,186,231622774,map,10.209728240966797,14.22656536102295,8.183155059814453,0.009126854129135609,0.0,0.0,0.0,-0.01697851898198803,-0.02899218520394795,0.8414402741303685,0.5393045968297403,0,0,0,,0.5410516858100891,0.5,0.0,False,False,3,False
186.281622774,3286,186,281622774,map,10.27535629272461,15.483231544494629,5.64239501953125,0.012019732967019081,0.0,0.0,0.0,-0.019006121497602516,-0.029320753590198655,0.8167886557443091,0.5758778973028271,0,0,0,,0.43076473474502563,0.5,0.0,False,False,3,False
186.331622775,3287,186,331622775,map,10.267130851745605,16.36423110961914,2.9662322998046875,0.011779209598898888,0.0,0.0,0.0,-0.02120584745038083,-0.029072740172657405,0.7902190995063321,0.6117670002445098,0,0,0,,0.3669736683368683,0.5,0.0,False,False,3,False
186.381622776,3288,186,381622776,map,10.194737434387207,16.84386444091797,0.3657722473144531,0.009818077087402344,0.0,0.0,0.0,-0.023487519824288917,-0.028350184425273022,0.7618580236055323,0.6466969578739554,0,0,0,,0.33336928486824036,0.5,0.0,False,False,3,False
186.381622776,3289,186,431622777,map,10.070714950561523,16.957902908325195,-2.0560073852539062,0.007412147242575884,0.0,0.0,0.0,-0.02574934371799994,-0.02726398702435185,0.7318474151512964,0.6804358950305269,0,0,0,,0.3095588684082031,0.5,0.0,False,False,3,False
186.431622777,3290,186,481622777,map,9.907981872558594,16.725826263427734,-4.248714447021484,0.005227471701800823,0.0,0.0,0.0,-0.027895073410326977,-0.025907128160663227,0.7003578991652616,0.7127759105544468,0,0,0,,0.2915821969509125,0.4987269341945648,0.0,False,False,3,False
186.531622778,3291,186,531622778,map,9.761178970336914,14.97500228881836,-5.090999603271484,0.011640357784926891,0.0,0.0,0.0,-0.02940118135463394,-0.02412450843818839,0.6681497836700301,0.7430541334312458,0,0,0,,0.2804512679576874,0.43845903873443604,0.0,False,False,3,False
186.581622779,3292,186,581622779,map,9.634285926818848,13.25221061706543,-5.5202484130859375,0.02085247077047825,0.0,0.0,0.0,-0.029992472910642554,-0.02198677430038251,0.6364227021494832,0.770443494043086,0,0,0,,0.3168838918209076,0.37552037835121155,0.0,False,False,3,False
186.63162278,3293,186,631622780,map,9.558456420898438,9.903764724731445,-4.442481994628906,0.03182163089513779,0.0,0.0,0.0,-0.029146366745444918,-0.019404223876353436,0.607098917046968,0.7938544390010648,0,0,0,,0.35053637623786926,0.25460606813430786,0.0,False,False,3,False
186.68162278,3294,186,681622780,map,9.538405418395996,4.740447998046875,-2.0095062255859375,0.04784126207232475,0.0,0.0,0.0,-0.026052672626137443,-0.016110940681717277,0.5834975159430789,0.811537026097788,0,0,0,,0.8003475666046143,0.09513463079929352,0.0,False,False,3,False
186.731622781,3295,186,731622781,map,9.512645721435547,-1.7206716537475586,0.048427581787109375,0.04948234185576439,0.0,0.0,0.0,-0.02037326566644849,-0.011966625437954431,0.5694715063965847,0.8216714266202255,0,0,0,,1.0,-0.10742494463920593,0.0,False,False,0,False
186.731622781,3296,186,781622782,map,9.442647933959961,-5.963878631591797,0.4555511474609375,0.01794242300093174,0.0,0.0,0.0,-0.013195001034383097,-0.007281032666647474,0.5669669388751365,0.823602676497331,0,0,0,,1.0,-0.2620060443878174,0.0,False,False,0,False
186.781622782,3297,186,831622783,map,9.030834197998047,-9.514484405517578,-5.858345031738281,-0.03363589942455292,0.0,0.0,0.0,-0.006951542208439471,-0.0024364358945188807,0.5737617330854097,0.8189891412515085,0,0,0,,1.0,-0.34028998017311096,0.0,False,False,2,False
186.881622783,3298,186,881622783,map,8.757835388183594,-10.394508361816406,-3.1736183166503906,-0.056741707026958466,0.0,0.0,0.0,-0.0016043263078755594,0.0021427213943345865,0.5874968035110996,0.8092220589840371,0,0,0,,1.0,-0.3574637174606323,0.0,False,False,2,False
186.881622783,3299,186,931622784,map,8.6074857711792,-9.47906494140625,-1.3561248779296875,-0.055388256907463074,0.0,0.0,0.0,0.002614147787131014,0.0056200510778232245,0.605250927936146,0.796010612674017,0,0,0,,1.0,-0.344743549823761,0.0,False,False,2,False
186.981622785,3300,186,981622785,map,8.606886863708496,-7.229861259460449,0.9321212768554688,-0.03650665283203125,0.0,0.0,0.0,0.005490581177552224,0.007598099546462318,0.6242023529787125,0.7812064675471226,0,0,0,,1.0,-0.2947106659412384,0.0,False,False,2,False
187.031622786,3301,187,31622786,map,8.659380912780762,-6.241443157196045,1.6188812255859375,-0.014480971731245518,0.0,0.0,0.0,0.007299814337593451,0.008387176741477447,0.6425211862644108,0.7661872442023022,0,0,0,,1.0,-0.25467514991760254,0.0,False,False,2,False
187.081622786,3302,187,81622786,map,8.796844482421875,-5.5352935791015625,3.0607986450195312,6.446847692131996e-05,0.0,0.0,0.0,0.0084465976388147,0.00844548710674316,0.6593530065564731,0.7517386124716472,0,0,0,,1.0,-0.22236394882202148,0.0,False,False,2,False
187.081622786,3303,187,131622787,map,8.937755584716797,-5.487759113311768,2.947845458984375,0.006084060296416283,0.0,0.0,0.0,0.009210415538645808,0.008200335296664744,0.6746484073208845,0.7380362113379138,0,0,0,,1.0,-0.20041784644126892,0.0,False,False,2,False
187.181622788,3304,187,181622788,map,9.13070297241211,-5.251873970031738,3.824024200439453,0.007454680744558573,0.0,0.0,0.0,0.009723458002047405,0.007818135261128853,0.688482233292892,0.7251458788171885,0,0,0,,1.0,-0.18086889386177063,0.0,False,False,2,False
187.181622788,3305,187,231622789,map,9.317290306091309,-4.95318603515625,3.564434051513672,0.007159614469856024,0.0,0.0,0.0,0.009983211266847382,0.007353109208711373,0.7009886867017077,0.713064603240114,0,0,0,,1.0,-0.16055963933467865,0.0,False,False,2,False
187.281622789,3306,187,281622789,map,9.53726577758789,-4.704966068267822,4.1287994384765625,0.006099129095673561,0.0,0.0,0.0,0.010051170252841104,0.006828663720087456,0.7122164139511578,0.7018547734587971,0,0,0,,1.0,-0.14266005158424377,0.0,False,False,2,False
187.33162279,3307,187,331622790,map,9.752878189086914,-3.812044858932495,4.0207672119140625,0.005496025085449219,0.0,0.0,0.0,0.009821463607535491,0.006118059609368223,0.7220500784798609,0.6917440222845792,0,0,0,,1.0,-0.1141653060913086,0.0,False,False,2,False
187.33162279,3308,187,381622791,map,9.989933967590332,-2.468111515045166,4.529323577880859,0.005675316322594881,0.0,0.0,0.0,0.00919632936183322,0.005041883335030388,0.7300569154112236,0.6833058665041257,0,0,0,,1.0,-0.07618112862110138,0.0,False,False,2,False
187.381622791,3309,187,431622792,map,10.221367835998535,-0.499957799911499,4.601783752441406,0.005341339390724897,0.0,0.0,0.0,0.008061556881200025,0.003452797969500126,0.7356682603736036,0.6772852428376901,0,0,0,,1.0,-0.026934418827295303,0.0,False,False,2,False
187.481622792,3310,187,481622792,map,10.251378059387207,2.034968137741089,0.7952308654785156,0.0037849415093660355,0.0,0.0,0.0,0.006123177135693472,0.0015852410744740457,0.738303870564357,0.6744385727567708,0,0,0,,1.0,0.02726946398615837,0.0,False,False,2,False
187.531622793,3311,187,531622793,map,10.221305847167969,3.156876564025879,-0.3455543518066406,-0.0004581443499773741,0.0,0.0,0.0,0.0037056192642601782,-0.00015627449437730762,0.7380016670252433,0.674788695394427,0,0,0,,1.0,0.06557358801364899,0.0,False,False,0,False
187.581622794,3312,187,581622794,map,10.475807189941406,4.24795389175415,5.367031097412109,-0.005280495621263981,0.0,0.0,0.0,0.0014754349753821718,-0.002223506082120154,0.7348561757627474,0.6782177231949091,0,0,0,,1.0,0.10555711388587952,0.0,False,False,0,False
187.581622794,3313,187,631622795,map,10.852049827575684,5.108991622924805,7.729854583740234,-0.009316443465650082,0.0,0.0,0.0,-7.98082750116942e-05,-0.004876187190528663,0.7290356103876052,0.6844583955332084,0,0,0,,1.0,0.13131222128868103,0.0,False,False,3,False
187.681622795,3314,187,681622795,map,11.201431274414062,4.668085098266602,7.060832977294922,-0.008576011285185814,0.0,0.0,0.0,-0.0011060852573377307,-0.007057730735954863,0.7215187149105323,0.6923580786313656,0,0,0,,1.0,0.12426668405532837,0.0,False,False,3,False
187.731622796,3315,187,731622796,map,11.530390739440918,2.7727584838867188,6.575412750244141,-0.00254669226706028,0.0,0.0,0.0,-0.0013554302185883635,-0.00812357292956978,0.7138978721550162,0.7002013985306803,0,0,0,,1.0,0.08246548473834991,0.0,False,False,3,False
187.781622797,3316,187,781622797,map,11.83566665649414,-0.012982934713363647,6.105766296386719,0.004628372844308615,0.0,0.0,0.0,-0.0006072397087491348,-0.007835213368160223,0.7080463055579965,0.7061222768593863,0,0,0,,1.0,0.019096028059720993,0.0,False,False,3,False
187.831622797,3317,187,831622797,map,12.117039680480957,-0.6701762676239014,5.631370544433594,0.006066512316465378,0.0,0.0,0.0,0.0005772774331441245,-0.006834145096742503,0.7047320908257291,0.7094403719636755,0,0,0,,1.0,-0.010541770607233047,0.0,False,False,3,False
187.831622797,3318,187,881622798,map,12.38077449798584,-0.9525195360183716,5.276832580566406,0.0029369352851063013,0.0,0.0,0.0,0.0017139347980887091,-0.005689147172823683,0.7036659635213525,0.7105060927349748,0,0,0,,1.0,-0.026907820254564285,0.0,False,False,3,False
187.881622798,3319,187,931622799,map,12.632959365844727,-0.3059580326080322,5.043601989746094,0.0003307341830804944,0.0,0.0,0.0,0.0024602237646662037,-0.004818583880062538,0.7039808568162307,0.7101983397507378,0,0,0,,1.0,-0.021116863936185837,0.0,False,False,3,False
187.9816228,3320,187,981622800,map,12.875027656555176,-0.33748483657836914,4.840850830078125,-0.0007579801604151726,0.0,0.0,0.0,0.002901906777455535,-0.004191738096715218,0.704962100188474,0.7092266531699437,0,0,0,,1.0,-0.019142378121614456,0.0,False,False,3,False
188.0316228,3321,188,31622800,map,13.109270095825195,-0.3042535185813904,4.684009552001953,-0.0009391785715706646,0.0,0.0,0.0,0.0031579910000755014,-0.00372872584694741,0.7061915531916136,0.708003964605579,0,0,0,,1.0,-0.01499972864985466,0.0,False,False,3,False
188.081622801,3322,188,81622801,map,13.336853981018066,0.7947719097137451,4.553127288818359,-0.0007291793590411544,0.0,0.0,0.0,0.003040935095609836,-0.0036400631118410714,0.7069863014602683,0.7072113348934792,0,0,0,,1.0,0.006382357329130173,0.0,False,False,3,False
188.131622802,3323,188,131622802,map,13.556906700134277,0.940520703792572,4.39971923828125,-0.0005132675287313759,0.0,0.0,0.0,0.0027233536667245354,-0.0037624765428435334,0.7070127334123512,0.7071855639843522,0,0,0,,0.9535185098648071,0.015117514878511429,0.0,False,False,3,False
188.131622802,3324,188,181622803,map,13.755928993225098,2.6047558784484863,3.9599990844726562,-0.000583648681640625,0.0,0.0,0.0,0.0019841679695688673,-0.004275876163173302,0.7057371937237013,0.7084580392341528,0,0,0,,0.7981526851654053,0.04567939415574074,0.0,False,False,3,False
188.231622803,3325,188,231622803,map,13.923279762268066,2.3792707920074463,3.307514190673828,-0.00066375732421875,0.0,0.0,0.0,0.0011504675880300496,-0.0047925970063833236,0.7032120129629463,0.7109631300305693,0,0,0,,0.6196345090866089,0.04717421159148216,0.0,False,False,3,False
188.281622804,3326,188,281622804,map,14.041267395019531,1.9939279556274414,2.311687469482422,-0.00011806485417764634,0.0,0.0,0.0,0.0004664259608005996,-0.005000759032384878,0.7000490811914646,0.7140770678147487,0,0,0,,0.37852612137794495,0.04034383222460747,0.0,False,False,3,False
188.281622804,3327,188,331622805,map,14.093823432922363,0.7367426156997681,1.0300636291503906,0.0010986328125,0.0,0.0,0.0,0.00013825639600098657,-0.004638642895728575,0.6971501058534415,0.7169101713504908,0,0,0,,0.25922590494155884,0.016915928572416306,0.0,False,False,3,False
188.331622805,3328,188,381622806,map,14.0836181640625,0.03677845001220703,-0.20532608032226562,0.001625442411750555,0.0,0.0,0.0,6.561133142366383e-05,-0.003814047087952736,0.6951713804655606,0.7188339172031123,0,0,0,,0.2236875295639038,-0.0007230378687381744,0.0,False,False,3,False
188.431622806,3329,188,431622806,map,14.026878356933594,-1.4843952655792236,-1.0936737060546875,0.0013446807861328125,0.0,0.0,0.0,0.00035188812004597215,-0.002521323102075294,0.6947328243818373,0.7192633883571451,0,0,0,,0.2395697683095932,-0.031065721064805984,0.0,False,False,3,False
188.431622806,3330,188,481622807,map,13.943899154663086,-1.341688632965088,-1.6290664672851562,-8.39238055050373e-06,0.0,0.0,0.0,0.0006622647016167884,-0.001210418894826812,0.6957467948065945,0.7182858023154255,0,0,0,,0.2921220362186432,-0.03549555316567421,0.0,False,False,3,False
188.481622807,3331,188,531622808,map,13.848316192626953,-1.425851821899414,-1.8859481811523438,-0.0009782789275050163,0.0,0.0,0.0,0.0008785685960883213,-9.854828887658824e-05,0.6977372369656976,0.7163532414646636,0,0,0,,0.32191893458366394,-0.03728075698018074,0.0,False,False,3,False
188.581622809,3332,188,581622809,map,13.747568130493164,-1.3994264602661133,-1.9965934753417969,-0.0011234283447265625,0.0,0.0,0.0,0.0010114428123566054,0.000772317011747441,0.7002673315894609,0.7138795730502776,0,0,0,,0.34206801652908325,-0.03455478325486183,0.0,False,False,3,False
188.631622809,3333,188,631622809,map,13.64454174041748,-1.2067146301269531,-2.0502281188964844,-0.0008554458618164062,0.0,0.0,0.0,0.0010466630604148046,0.0013788632798534548,0.7029136154657759,0.7112731208370838,0,0,0,,0.3316774070262909,-0.027614016085863113,0.0,False,False,3,False
188.68162281,3334,188,681622810,map,13.538256645202637,-0.4653811454772949,-2.123126983642578,-0.0002719879266805947,0.0,0.0,0.0,0.0008617772252421484,0.001622375634310912,0.7051388789658845,0.7090668421298876,0,0,0,,0.30190446972846985,-0.011037696152925491,0.0,False,False,3,False
188.68162281,3335,188,731622811,map,13.427338600158691,-0.5022766590118408,-2.2164535522460938,3.414153979974799e-05,0.0,0.0,0.0,0.0006118224028088096,0.0016953811950151051,0.70675802433383,0.707453070101256,0,0,0,,0.29470086097717285,-0.0057123638689517975,0.0,False,False,3,False
188.781622812,3336,188,781622812,map,13.312238693237305,-0.038239285349845886,-2.3019027709960938,0.0001758575381245464,0.0,0.0,0.0,0.00028600630319726796,0.0016166397254278348,0.7076903003110991,0.706520872672548,0,0,0,,0.27775341272354126,0.004754688590764999,0.0,False,False,3,False
188.781622812,3337,188,831622812,map,13.192439079284668,-0.17472229897975922,-2.3955535888671875,6.237030902411789e-05,0.0,0.0,0.0,-2.215320862388598e-06,0.0015248022516817302,0.7080612655348586,0.7061493604205561,0,0,0,,0.2564551830291748,0.005096655339002609,0.0,False,False,3,False
188.831622812,3338,188,881622813,map,13.068869590759277,-0.046178437769412994,-2.4713134765625,-1.3351454981602728e-05,0.0,0.0,0.0,-0.00025254966096837717,0.0014374356590924637,0.7080488947491175,0.7061619025704712,0,0,0,,0.2633022665977478,0.006924431771039963,0.0,False,False,3,False
188.931622814,3339,188,931622814,map,12.938257217407227,0.3587439954280853,-2.61322021484375,8.39234417071566e-06,0.0,0.0,0.0,-0.0005612395610306995,0.0012737924986089399,0.7076498388528891,0.7065619350306849,0,0,0,,0.16273148357868195,0.012771721929311752,0.0,False,False,3,False
188.981622815,3340,188,981622815,map,12.791943550109863,0.5233924984931946,-2.928638458251953,-9.93728608591482e-05,0.0,0.0,0.0,-0.0009220098345612166,0.001084213765722459,0.7068881790908559,0.7073238838325687,0,0,0,,0.062202829867601395,0.015514064580202103,0.0,False,False,3,False
189.031622815,3341,189,31622815,map,12.624853134155273,0.7727046012878418,-3.3473587036132812,-0.00015373228234238923,0.0,0.0,0.0,-0.0013425526903294385,0.0008996377351943517,0.7057986275915125,0.7084106757341794,0,0,0,,0.0,0.01935170218348503,0.009132575243711472,False,False,3,False
189.081622816,3342,189,81622816,map,12.43833065032959,0.7883875370025635,-3.7387466430664062,-0.00020961760310456157,0.0,0.0,0.0,-0.0017695223359113514,0.0007786658202619052,0.7044730028465033,0.7097281526969842,0,0,0,,0.0,0.019541244953870773,0.029346581548452377,False,False,3,False
189.131622817,3343,189,131622817,map,12.243189811706543,0.7969605922698975,-3.914051055908203,-0.00020008085994049907,0.0,0.0,0.0,-0.0021550573704206496,0.0007245934904127275,0.7030283202784053,0.7111582183864065,0,0,0,,0.0,0.018967408686876297,0.01992577686905861,False,False,3,False
189.181622818,3344,189,181622818,map,12.204151153564453,-0.1448744535446167,-0.7786750793457031,0.00022735593665856868,0.0,0.0,0.0,-0.002022562403601899,0.0007198070473361525,0.7019324218702307,0.7122403149545318,0,0,0,,0.0,0.0011834017932415009,0.014761772006750107,False,False,3,False
189.181622818,3345,189,231622818,map,12.195578575134277,0.30872344970703125,-0.17625808715820312,0.000579452549573034,0.0,0.0,0.0,-0.001619120530527473,0.00047913136949084736,0.7012097076623577,0.7129530803369246,0,0,0,,0.0,0.003486674278974533,0.004623454064130783,False,False,0,False
189.281622819,3346,189,281622819,map,11.864392280578613,-0.6403499841690063,-6.614856719970703,7.45773286325857e-05,0.0,0.0,0.0,-0.0013848889822811303,0.0007310777195249521,0.7010266223016457,0.7131333833387837,0,0,0,,0.0,-0.012819718569517136,0.007064100354909897,False,False,0,False
189.33162282,3347,189,331622820,map,11.364906311035156,-0.13184458017349243,-9.988861083984375,-0.0012142180930823088,0.0,0.0,0.0,-0.0020474476882504458,0.001698081387232108,0.701149105464741,0.7130097168928063,0,0,0,,0.028022516518831253,-0.005297351628541946,0.0,False,False,2,False
189.33162282,3348,189,381622821,map,10.906248092651367,-0.8145154714584351,-9.163818359375,-0.0016202926635742188,0.0,0.0,0.0,-0.0027096833657602962,0.0028255607482528316,0.7016194069787081,0.7125411437758251,0,0,0,,0.05589115992188454,-0.018447089940309525,0.0,False,False,2,False
189.431622821,3349,189,431622821,map,10.488629341125488,-0.5390549898147583,-8.347549438476562,-0.0010263442527502775,0.0,0.0,0.0,-0.0031971022247581967,0.0037092495438722922,0.7023710264980935,0.7117941845373564,0,0,0,,0.10514302551746368,-0.015247005969285965,0.0,False,False,2,False
189.481622822,3350,189,481622822,map,10.110719680786133,-0.3434695303440094,-7.555713653564453,0.0001619340036995709,0.0,0.0,0.0,-0.003519723349931891,0.004209471324251912,0.7031681260793279,0.7110024461032444,0,0,0,,0.13645373284816742,-0.011103805154561996,0.0,False,False,2,False
189.531622823,3351,189,531622823,map,9.76943588256836,-0.5441566705703735,-6.822547912597656,0.0009515760466456413,0.0,0.0,0.0,-0.0035996385509006064,0.004459492582866302,0.7039931893924961,0.7101835993721536,0,0,0,,0.1638747751712799,-0.013751406222581863,0.0,False,False,2,False
189.581622824,3352,189,581622824,map,9.461604118347168,-0.4043274521827698,-6.1551666259765625,0.0013835907448083162,0.0,0.0,0.0,-0.0035213877629723953,0.004489289065714228,0.7048084758865332,0.7093746953693862,0,0,0,,0.18797214329242706,-0.011517096310853958,0.0,False,False,2,False
189.631622824,3353,189,631622824,map,9.183578491210938,-0.37493765354156494,-5.559883117675781,0.0013532638549804688,0.0,0.0,0.0,-0.0033443061453854806,0.0043588554525045495,0.7055677421394578,0.7086211803550454,0,0,0,,0.20440542697906494,-0.01061619445681572,0.0,False,False,2,False
189.631622824,3354,189,681622825,map,8.932197570800781,0.15838801860809326,-5.027809143066406,0.0009563445928506553,0.0,0.0,0.0,-0.003225978848826229,0.004010904656344031,0.7060695190508133,0.708123816836899,0,0,0,,0.22944669425487518,-0.00048309192061424255,0.0,False,False,2,False
189.731622826,3355,189,731622826,map,8.704723358154297,-0.5011142492294312,-4.549350738525391,0.0005435943603515625,0.0,0.0,0.0,-0.00295045775789495,0.0037343854264018737,0.706524608588524,0.7076724712911608,0,0,0,,0.24714238941669464,-0.009817931801080704,0.0,False,False,2,False
189.781622827,3356,189,781622827,map,8.499069213867188,-0.24906909465789795,-4.113578796386719,8.049013558775187e-05,0.0,0.0,0.0,-0.002643414119965552,0.0034567083662349327,0.7070045949344697,0.7071955643742456,0,0,0,,0.27162429690361023,-0.007646862417459488,0.0,False,False,2,False
189.831622827,3357,189,831622827,map,8.312732696533203,-0.2868737280368805,-3.7277793884277344,-7.438662578351796e-05,0.0,0.0,0.0,-0.002343424336857794,0.0031720333674953014,0.7075028174374274,0.7066995188089455,0,0,0,,0.28725045919418335,-0.008532185107469559,0.0,False,False,2,False
189.881622828,3358,189,881622828,map,8.143630027770996,0.2957151532173157,-3.3810043334960938,-0.0002679823955986649,0.0,0.0,0.0,-0.002194117215058206,0.0027597528220412756,0.7077612577795089,0.7064429004529491,0,0,0,,0.2902136743068695,0.0016132630407810211,0.0,False,False,2,False
189.881622828,3359,189,931622829,map,7.987229347229004,-0.13170328736305237,-3.1284427642822266,-0.00034084325307048857,0.0,0.0,0.0,-0.002010118315075725,0.0024247472549925693,0.7079816787192124,0.7062237765914107,0,0,0,,0.29839852452278137,-0.0029237456619739532,0.0,False,False,2,False
189.98162283,3360,189,981622830,map,7.845766544342041,0.3164568245410919,-2.8284358978271484,-0.00031433103140443563,0.0,0.0,0.0,-0.0018960164936529312,0.002064378709714499,0.7079262111505568,0.7062808386385799,0,0,0,,0.3101256191730499,0.0044804103672504425,0.0,False,False,2,False
190.03162283,3361,190,31622830,map,7.719735145568848,0.17219063639640808,-2.520437240600586,-0.000347137451171875,0.0,0.0,0.0,-0.0017824263228627948,0.0017321412891271074,0.7079009123410801,0.7063073841817203,0,0,0,,0.3224503695964813,0.004550334066152573,0.0,False,False,2,False
190.081622831,3362,190,81622831,map,7.601667881011963,-0.12048795819282532,-2.361459732055664,-0.00020294185378588736,0.0,0.0,0.0,-0.0015807768067481363,0.001531980499469354,0.7076662113966312,0.7065434787951659,0,0,0,,0.3350939154624939,-0.0004110299050807953,0.0,False,False,2,False
190.131622832,3363,190,131622832,map,7.489929676055908,0.19918614625930786,-2.234621047973633,-0.00022621155949309468,0.0,0.0,0.0,-0.001443734209061769,0.0013236140706952212,0.7076766055212802,0.7065337824019484,0,0,0,,0.3378540575504303,0.004252906888723373,0.0,False,False,2,False
190.181622833,3364,190,181622833,map,7.383776664733887,0.18628311157226562,-2.1231651306152344,-0.00011749267287086695,0.0,0.0,0.0,-0.0013508912896133616,0.0011264318451900395,0.7073178926279268,0.7068934184248786,0,0,0,,0.35047754645347595,0.005399737507104874,0.0,False,False,2,False
190.181622833,3365,190,231622833,map,7.2832722663879395,-0.2999323308467865,-2.010040283203125,-6.237029447220266e-05,0.0,0.0,0.0,-0.0011600836869026451,0.0010725676668119752,0.707388334049697,0.7068233503887897,0,0,0,,0.3561619520187378,-0.0036308951675891876,0.0,False,False,2,False
190.281622834,3366,190,281622834,map,7.18772029876709,0.3146093785762787,-1.9111061096191406,-3.852844383800402e-05,0.0,0.0,0.0,-0.0010845205155024331,0.0009398746112088518,0.7071135007347835,0.7070986052380288,0,0,0,,0.36740556359291077,0.005757924169301987,0.0,False,False,2,False
190.331622835,3367,190,331622835,map,7.097529888153076,-0.015426166355609894,-1.8037891387939453,-7.99179106252268e-05,0.0,0.0,0.0,-0.0010052664983501926,0.0008372179400357308,0.7071341553880769,0.7070781956679044,0,0,0,,0.3752546012401581,0.0016977451741695404,0.0,False,False,2,False
190.381622835,3368,190,381622835,map,7.011802673339844,-0.17231261730194092,-1.7144393920898438,-3.414153979974799e-05,0.0,0.0,0.0,-0.0008662288182081317,0.000814684626405717,0.7069252723334049,0.7072872438217273,0,0,0,,0.3784296214580536,-0.002344045788049698,0.0,False,False,2,False
190.381622835,3369,190,431622836,map,6.929993629455566,0.5137180089950562,-1.6371440887451172,1.9073468138230965e-06,0.0,0.0,0.0,-0.000889766995771534,0.0006476488291892265,0.7069086806180457,0.7073039701094156,0,0,0,,0.3802475035190582,0.010252486914396286,0.0,False,False,2,False
190.431622836,3370,190,481622837,map,6.8515706062316895,-0.6109075546264648,-1.567525863647461,2.365112231927924e-05,0.0,0.0,0.0,-0.000710901152509099,0.0006992544988694799,0.7067141635503716,0.7074984782315759,0,0,0,,0.3864953815937042,-0.009038779884576797,0.0,False,False,2,False
190.481622837,3371,190,531622838,map,6.777265548706055,0.10312619805335999,-1.4860725402832031,-8.201600394386332e-06,0.0,0.0,0.0,-0.0006095549592996391,0.0006852665765217493,0.7069781487914745,0.7072347955126718,0,0,0,,0.3940194249153137,-0.00016777589917182922,0.0,False,False,2,False
190.581622838,3372,190,581622838,map,6.705717086791992,0.37482839822769165,-1.4315223693847656,8.201600394386332e-06,0.0,0.0,0.0,-0.0006517946176927642,0.0005387515826793535,0.706691599160982,0.7075212142302181,0,0,0,,0.3876836597919464,0.0073892660439014435,0.0,False,False,2,False
190.631622839,3373,190,631622839,map,6.6371073722839355,-0.12169342488050461,-1.3718986511230469,-1.0871885933738668e-05,0.0,0.0,0.0,-0.0006132751754101306,0.00048311101583841504,0.7067675230782884,0.7074454458253915,0,0,0,,0.4086499512195587,7.390603423118591e-05,0.0,False,False,2,False
190.68162284,3374,190,681622840,map,6.572556972503662,-0.21865153312683105,-1.2907600402832031,5.683898780262098e-05,0.0,0.0,0.0,-0.0004947396672230988,0.0005104513434897217,0.7065915125527236,0.7076213175566025,0,0,0,,0.4209428131580353,-0.0039368681609630585,0.0,False,False,2,False
190.731622841,3375,190,731622841,map,6.511716842651367,0.403452068567276,-1.2175559997558594,-1.1253355296503287e-05,0.0,0.0,0.0,-0.0005182445793908291,0.00039675001898343263,0.7066948019025892,0.707518219536316,0,0,0,,0.41205382347106934,0.007588382810354233,0.0,False,False,2,False
190.731622841,3376,190,781622841,map,6.453808784484863,-0.08262354880571365,-1.1579132080078125,2.0599363779183477e-05,0.0,0.0,0.0,-0.0004862355334582601,0.0003421013620352578,0.706365672434911,0.7078468643338333,0,0,0,,0.42075008153915405,0.0008776076138019562,0.0,False,False,2,False
190.831622842,3377,190,831622842,map,6.398971080780029,-0.240812748670578,-1.0962963104248047,-1.087188684323337e-05,0.0,0.0,0.0,-0.0003704101330560508,0.00037499575770392216,0.70657882952462,0.7076341426486804,0,0,0,,0.427979975938797,-0.00414077565073967,0.0,False,False,2,False
190.831622842,3378,190,881622843,map,6.346681118011475,0.33333730697631836,-1.0465621948242188,-8.010864803509321e-06,0.0,0.0,0.0,-0.0003781640081786881,0.00028853306526086024,0.7063004212318822,0.7079120628357162,0,0,0,,0.4271918535232544,0.006182070821523666,0.0,False,False,2,False
190.931622844,3379,190,931622844,map,6.296982288360596,-0.6133309602737427,-0.9932518005371094,7.62940999265993e-07,0.0,0.0,0.0,-0.0002187823133165018,0.0003735293106126884,0.706628721728107,0.7075843852425343,0,0,0,,0.4362991154193878,-0.011487428098917007,0.0,False,False,2,False
190.981622844,3380,190,981622844,map,6.249959468841553,0.05288011580705643,-0.9404087066650391,1.1444089977885596e-05,0.0,0.0,0.0,-0.000140336520669974,0.0003804333095785682,0.7066196727760258,0.7075934380857839,0,0,0,,0.4392622411251068,-0.0027442462742328644,0.0,False,False,2,False
190.981622844,3381,191,31622845,map,6.205244064331055,0.08854633569717407,-0.8942604064941406,-1.3923643564339727e-05,0.0,0.0,0.0,-0.00014585189787273044,0.0003060117169746912,0.7069527515959285,0.7072606959919365,0,0,0,,0.43426331877708435,-0.00016669556498527527,0.0,False,False,2,False
191.081622846,3382,191,81622846,map,6.162660121917725,-0.022160671651363373,-0.8516883850097656,-1.411438006471144e-05,0.0,0.0,0.0,-0.00013979993016098043,0.0002488335111350853,0.70681625064157,0.7073971348308222,0,0,0,,0.4435754120349884,-0.0013307072222232819,0.0,False,False,2,False
191.081622846,3383,191,131622847,map,6.122276306152344,0.013228438794612885,-0.8076667785644531,1.983642505365424e-05,0.0,0.0,0.0,-0.00012872699708737253,0.0001996797498699604,0.7070920643549475,0.7071214578017108,0,0,0,,0.45388922095298767,-0.0005530007183551788,0.0,False,False,2,False
191.181622847,3384,191,181622847,map,6.084813117980957,0.22658687829971313,-0.7494354248046875,-2.0980837689421605e-06,0.0,0.0,0.0,-0.00016585551754597476,0.00010306659157818251,0.7068228805677679,0.7073905409143579,0,0,0,,0.45820096135139465,0.004565980285406113,0.0,False,False,2,False
191.231622848,3385,191,231622848,map,6.05021333694458,-0.3037882149219513,-0.6918621063232422,-2.784729076665826e-05,0.0,0.0,0.0,-8.711942244266401e-05,0.00012074739845332386,0.7070766400076566,0.7071369054049964,0,0,0,,0.4738980829715729,-0.0052917636930942535,0.0,False,False,2,False
191.281622849,3386,191,281622849,map,6.01909875869751,0.10381174087524414,-0.62225341796875,-2.822875467245467e-05,0.0,0.0,0.0,-5.068376442576294e-05,9.20134742740138e-05,0.7069016245093549,0.7073118705569076,0,0,0,,0.4781931936740875,0.0006329603493213654,0.0,False,False,2,False
191.33162285,3387,191,331622850,map,5.990847587585449,0.04721129313111305,-0.565032958984375,2.5749204723979346e-05,0.0,0.0,0.0,-3.859671797032799e-05,3.558164494871259e-05,0.7071263646683786,0.7070871952136618,0,0,0,,0.47202715277671814,0.0009013600647449493,0.0,False,False,2,False
191.38162285,3388,191,381622850,map,5.964596271514893,0.2094731479883194,-0.5253028869628906,1.8310545783606358e-05,0.0,0.0,0.0,-6.388930185302502e-05,-5.6251731719500225e-05,0.7068057421710394,0.7074076869726155,0,0,0,,0.46976950764656067,0.005045142024755478,0.0,False,False,2,False
191.431622851,3389,191,431622851,map,5.940075397491455,-0.19738776981830597,-0.49015045166015625,-3.0326844353112392e-05,0.0,0.0,0.0,-1.8696425529136564e-06,-5.5386651139761475e-05,0.7069896380542084,0.7072239027442461,0,0,0,,0.48244789242744446,-0.0023964159190654755,0.0,False,False,2,False
191.481622852,3390,191,481622852,map,5.91769552230835,0.07196186482906342,-0.44765472412109375,2.7084352041129023e-05,0.0,0.0,0.0,3.617874292195699e-05,-7.540581417745647e-05,0.7067406001476146,0.7074727677501454,0,0,0,,0.48279544711112976,0.001275043934583664,0.0,False,False,2,False
191.531622853,3391,191,531622853,map,5.897162437438965,0.05841154605150223,-0.4107379913330078,-4.6348573960131034e-05,0.0,0.0,0.0,5.03577959965659e-05,-0.00011593595641877628,0.7069157484919275,0.7072977509910833,0,0,0,,0.48071715235710144,0.0018956474959850311,0.0,False,False,2,False
191.531622853,3392,191,581622853,map,5.8784098625183105,-0.2597431540489197,-0.37491798400878906,3.0326846172101796e-05,0.0,0.0,0.0,0.0001382276460329929,-7.936533091258407e-05,0.7067352770851452,0.7074780722521691,0,0,0,,0.49720555543899536,-0.005122300237417221,0.0,False,False,2,False
191.631622854,3393,191,631622854,map,5.862489223480225,0.028647705912590027,-0.3184032440185547,-1.6212467016885057e-05,0.0,0.0,0.0,0.00018348458537486694,-8.558905626017828e-05,0.707047784212491,0.707165744255282,0,0,0,,0.49806249141693115,-0.0010650940239429474,0.0,False,False,2,False
191.681622855,3394,191,681622855,map,5.848233222961426,0.10182704776525497,-0.2851295471191406,3.356933666509576e-05,0.0,0.0,0.0,0.00017690234606338834,-0.0001431736237060933,0.7068383684558235,0.7073750554589714,0,0,0,,0.4905726909637451,0.001386251300573349,0.0,False,False,2,False
191.681622855,3395,191,731622856,map,5.834488868713379,0.1195380911231041,-0.2750110626220703,-9.72747784544481e-06,0.0,0.0,0.0,0.00015349292553244658,-0.0002126711762762475,0.7070146577070376,0.7071988440306538,0,0,0,,0.4835200011730194,0.003087695688009262,0.0,False,False,2,False
191.781622856,3396,191,781622856,map,5.821771621704102,-0.21722333133220673,-0.25421142578125,-2.746581594692543e-05,0.0,0.0,0.0,0.00021219181331581083,-0.00019318483351933328,0.7067991242360998,0.707414246134001,0,0,0,,0.5017659664154053,-0.0038193874061107635,0.0,False,False,2,False
191.831622857,3397,191,831622857,map,5.810680389404297,0.1243671178817749,-0.22185325622558594,-3.4332288123550825e-06,0.0,0.0,0.0,0.0002225548762556037,-0.00021906009026010455,0.7070396101626146,0.7071738768811402,0,0,0,,0.494999498128891,0.001759205013513565,0.0,False,False,2,False
191.831622857,3398,191,881622858,map,5.799983501434326,0.36604732275009155,-0.2147960662841797,2.7084348403150216e-05,0.0,0.0,0.0,0.00013851196148724807,-0.00033466861715146593,0.7066430154110703,0.7075701502904876,0,0,0,,0.48306161165237427,0.008909609168767929,0.0,False,False,2,False
191.88162285800001,3399,191,931622859,map,5.789402008056641,-0.3732192814350128,-0.21076202392578125,-6.6757183958543465e-06,0.0,0.0,0.0,0.000212875924764149,-0.00028501720016780864,0.7068150124611159,0.7073983401228964,0,0,0,,0.500956654548645,-0.004891630262136459,0.0,False,False,2,False
191.931622859,3400,191,981622859,map,5.780104160308838,-0.01595032401382923,-0.18594741821289062,2.7656553356791846e-05,0.0,0.0,0.0,0.0002750262716093124,-0.00024643445176797076,0.7066167171115498,0.7075964094942165,0,0,0,,0.505486011505127,-0.0013082660734653473,0.0,False,False,2,False
192.03162286,3401,192,31622860,map,5.772487640380859,0.030802879482507706,-0.15234947204589844,-2.5176997951348312e-05,0.0,0.0,0.0,0.0002904471823969427,-0.0002561244329731421,0.7068738934439838,0.7073394862497446,0,0,0,,0.5022631883621216,0.0001162402331829071,0.0,False,False,2,False
192.03162286,3402,192,81622861,map,5.766054630279541,-0.511271595954895,-0.1293659210205078,-1.2016298569506034e-05,0.0,0.0,0.0,0.0004220829691389185,-0.00015078821245987305,0.7068577703551148,0.7073555623570639,0,0,0,,0.5229041576385498,-0.012174058705568314,0.0,False,False,2,False
192.131622862,3403,192,131622862,map,5.762216091156006,0.36785486340522766,-0.07603645324707031,-4.005432856502011e-06,0.0,0.0,0.0,0.00038514552033843183,-0.00021988695578687554,0.7072250452867429,0.7069883582010522,0,0,0,,0.5131242871284485,0.0035949088633060455,0.0,False,False,2,False
192.131622862,3404,192,181622862,map,5.759204387664795,0.2783609926700592,-0.06046295166015625,4.0435788832837716e-05,0.0,0.0,0.0,0.0002796566814410883,-0.00035817192276208214,0.706910816925555,0.7073025451803908,0,0,0,,0.49673816561698914,0.006402518600225449,0.0,False,False,2,False
192.181622862,3405,192,231622863,map,5.754885196685791,0.17824454605579376,-0.08687973022460938,4.76837158203125e-06,0.0,0.0,0.0,0.00021010660096090875,-0.0004528074286487627,0.7069439142934224,0.7072694344195449,0,0,0,,0.49629563093185425,0.006690766662359238,0.0,False,False,2,False
192.281622864,3406,192,281622864,map,5.751464366912842,-0.21987667679786682,-0.06784439086914062,-1.9073484509135596e-05,0.0,0.0,0.0,0.0002650079756222574,-0.00041690312169124057,0.7065976040643218,0.7076154194851324,0,0,0,,0.5223763585090637,-0.0017917118966579437,0.0,False,False,2,False
192.331622865,3407,192,331622865,map,5.7500834465026855,0.116554856300354,-0.027866363525390625,-1.430511474609375e-05,0.0,0.0,0.0,0.00028805781544827903,-0.0004142124448725058,0.7067431207176545,0.7074700748222614,0,0,0,,0.5192942023277283,0.0031271614134311676,0.0,False,False,2,False
192.381622865,3408,192,381622865,map,5.749481201171875,0.15076127648353577,-0.01255035400390625,4.2152401874773204e-05,0.0,0.0,0.0,0.00026939269389160734,-0.00045508396166318366,0.7063576910546753,0.7078548810413559,0,0,0,,0.5109323859214783,0.005005929619073868,0.0,False,False,2,False
192.431622866,3409,192,431622866,map,5.748988628387451,-0.11161942034959793,-0.00946044921875,-1.049041748046875e-05,0.0,0.0,0.0,0.0003084591367328112,-0.00043641596054680665,0.7064830529929124,0.7077297579075533,0,0,0,,0.5058932304382324,7.672980427742004e-05,0.0,False,False,2,False
192.481622867,3410,192,481622867,map,5.74871826171875,-0.2565746009349823,-0.00492095947265625,-2.1171566913835704e-05,0.0,0.0,0.0,0.00040531615410866904,-0.0003566712928851082,0.7062881829054517,0.7079242270133994,0,0,0,,0.5273744463920593,-0.005150105804204941,0.0,False,False,2,False
192.531622868,3411,192,531622868,map,5.750758647918701,-0.09248583018779755,0.04084587097167969,-5.722044988942798e-06,0.0,0.0,0.0,0.00047152789066792945,-0.0003102325706708108,0.7066466541485561,0.7075663838805879,0,0,0,,0.5263081789016724,-0.003812883049249649,0.0,False,False,2,False
192.531622868,3412,192,581622868,map,5.7533369064331055,0.4601375460624695,0.0506591796875,4.57763690064894e-06,0.0,0.0,0.0,0.00037311803157303734,-0.00042971913439797225,0.7063486583447813,0.7078638633091305,0,0,0,,0.5149673223495483,0.008689086884260178,0.0,False,False,2,False
192.631622869,3413,192,631622869,map,5.756406307220459,-0.5297806262969971,0.062274932861328125,1.9073484509135596e-05,0.0,0.0,0.0,0.00046115807997020806,-0.0003617820940860692,0.7066439444455574,0.707569072405914,0,0,0,,0.5334737300872803,-0.009343374520540237,0.0,False,False,2,False
192.631622869,3414,192,681622870,map,5.761298656463623,0.3137424886226654,0.09760856628417969,-1.2588499885168858e-05,0.0,0.0,0.0,0.0004402798278156668,-0.00040564025991847365,0.7064419345351529,0.7077707501302124,0,0,0,,0.5368064045906067,0.00419321283698082,0.0,False,False,2,False
192.731622871,3415,192,731622871,map,5.767054080963135,0.19838371872901917,0.11452674865722656,-1.9645689462777227e-05,0.0,0.0,0.0,0.00037354148241930374,-0.0004981275627609119,0.706558400198442,0.7076544633115164,0,0,0,,0.5206735134124756,0.005562465637922287,0.0,False,False,2,False
192.781622871,3416,192,781622871,map,5.773751258850098,-0.20481272041797638,0.13454437255859375,-2.5749204723979346e-05,0.0,0.0,0.0,0.00041489585033242717,-0.0004814893452475965,0.7062698212307419,0.7079424663404079,0,0,0,,0.541340172290802,-0.002342749387025833,0.0,False,False,2,False
192.831622872,3417,192,831622872,map,5.782264709472656,-0.2461571842432022,0.17050743103027344,1.1062620615120977e-05,0.0,0.0,0.0,0.0005157826773895507,-0.00040672171895167984,0.7065985524402908,0.7076143400433309,0,0,0,,0.5387966632843018,-0.005888629704713821,0.0,False,False,2,False
192.881622873,3418,192,881622873,map,5.791194438934326,0.2989303171634674,0.17824172973632812,2.7465821403893642e-05,0.0,0.0,0.0,0.00048172813351631173,-0.0004665076796476043,0.7063796924389079,0.7078328054127643,0,0,0,,0.5303228497505188,0.004445131868124008,0.0,False,False,2,False
192.931622873,3419,192,931622873,map,5.799444675445557,0.33963024616241455,0.16366004943847656,-2.212524486822076e-05,0.0,0.0,0.0,0.00037805540456654555,-0.0005910325109240043,0.7064235671976551,0.7077889879493904,0,0,0,,0.519858717918396,0.009071055799722672,0.0,False,False,2,False
192.931622873,3420,192,981622874,map,5.807745933532715,-0.6225640177726746,0.1677227020263672,1.602172778802924e-05,0.0,0.0,0.0,0.000506332314184739,-0.00047715955580774375,0.7062170321573311,0.7079950702068746,0,0,0,,0.5413487553596497,-0.010480862110853195,0.0,False,False,2,False
192.981622874,3421,193,31622875,map,5.817757606506348,0.09353682398796082,0.2001953125,1.2397767932270654e-05,0.0,0.0,0.0,0.0005593629080336022,-0.00043775697444328624,0.7065605133624966,0.7076522708498105,0,0,0,,0.5359099507331848,-0.0008904226124286652,0.0,False,False,2,False
193.081622876,3422,193,81622876,map,5.82726526260376,0.44944140315055847,0.18890380859375,-4.005432856502011e-06,0.0,0.0,0.0,0.0004473880717508694,-0.0005608769491568338,0.7062267752288697,0.7079853297991369,0,0,0,,0.5205003619194031,0.009167205542325974,0.0,False,False,2,False
193.131622876,3423,193,131622876,map,5.836887836456299,-0.5518954396247864,0.1937389373779297,3.509521411615424e-05,0.0,0.0,0.0,0.0005390665349156506,-0.0004768948375866935,0.7064976812712119,0.7077149908946297,0,0,0,,0.5568683743476868,-0.00930982455611229,0.0,False,False,2,False
193.181622877,3424,193,181622877,map,5.849084377288818,0.2307259440422058,0.2437114715576172,-4.806518700206652e-05,0.0,0.0,0.0,0.0005415575620462021,-0.0004890758925118413,0.7063221331456205,0.7078901833962656,0,0,0,,0.5589026212692261,0.002366241067647934,0.0,False,False,2,False
193.231622878,3425,193,231622878,map,5.862643718719482,0.25906088948249817,0.2704048156738281,4.005432856502011e-06,0.0,0.0,0.0,0.0004690206162120525,-0.0005841220012119917,0.7064460507927016,0.7077664983174501,0,0,0,,0.5402716994285583,0.006188239902257919,0.0,False,False,2,False
193.281622879,3426,193,281622879,map,5.876107692718506,0.4061107039451599,0.2668952941894531,-5.416870044427924e-05,0.0,0.0,0.0,0.00035416449703883714,-0.0007197968519031038,0.7059140444578953,0.7082970551238356,0,0,0,,0.5281703472137451,0.01180386170744896,0.0,False,False,2,False
193.331622879,3427,193,331622879,map,5.889453887939453,-0.5812895894050598,0.2698993682861328,6.446838233387098e-05,0.0,0.0,0.0,0.00048288692056732834,-0.0006061722332302023,0.7060445302783102,0.7081670146508703,0,0,0,,0.5622529983520508,-0.007704850286245346,0.0,False,False,2,False
193.38162288,3428,193,381622880,map,5.904562950134277,-0.02804400399327278,0.3022575378417969,1.9073513612966053e-06,0.0,0.0,0.0,0.0005779537166765663,-0.000529414167496683,0.7058761557221203,0.708334834999029,0,0,0,,0.5605767369270325,-0.0021129585802555084,0.0,False,False,2,False
193.38162288,3429,193,431622881,map,5.921113967895508,0.18898749351501465,0.33041954040527344,-1.544952829135582e-05,0.0,0.0,0.0,0.0005618584619933478,-0.0005680063486464239,0.7060867592443673,0.7081248831270115,0,0,0,,0.544877290725708,0.003270816057920456,0.0,False,False,2,False
193.481622882,3430,193,481622882,map,5.93861722946167,-0.3941538333892822,0.3509712219238281,1.7929078239831142e-05,0.0,0.0,0.0,0.0006488139746298917,-0.0005037998366908405,0.7059677066658023,0.7082435473558363,0,0,0,,0.5794357061386108,-0.007938701659440994,0.0,False,False,2,False
193.481622882,3431,193,531622882,map,5.959237575531006,0.0877833217382431,0.4123210906982422,-4.196167537884321e-06,0.0,0.0,0.0,0.0006742300684170036,-0.0005083421694407387,0.7063218370224263,0.707890351359106,0,0,0,,0.5721670389175415,-0.000912446528673172,0.0,False,False,2,False
193.581622883,3432,193,581622883,map,5.980647087097168,0.23784726858139038,0.4276275634765625,1.9073468138230965e-07,0.0,0.0,0.0,0.0006121839668656243,-0.0006036815181673493,0.7060907844143695,0.7081207982855156,0,0,0,,0.5521410703659058,0.004088249057531357,0.0,False,False,2,False
193.631622884,3433,193,631622884,map,6.000314235687256,0.30650508403778076,0.3919219970703125,1.7166166799142957e-06,0.0,0.0,0.0,0.0005166057634926293,-0.0007243332959726846,0.7061302253787812,0.7080814312395665,0,0,0,,0.5399585962295532,0.008135836571455002,0.0,False,False,2,False
193.631622884,3434,193,681622885,map,6.020326614379883,-0.1990390568971634,0.40126800537109375,-1.1062625162594486e-05,0.0,0.0,0.0,0.0005456389660884806,-0.000710703273073699,0.7057764347346521,0.7084340628119314,0,0,0,,0.5780290365219116,-0.0009611360728740692,0.0,False,False,2,False
193.731622885,3435,193,731622885,map,6.042370319366455,0.12327805161476135,0.4402923583984375,2.3651125957258046e-05,0.0,0.0,0.0,0.0005603861139121157,-0.0007121041746717519,0.7058847201313292,0.7083261542256947,0,0,0,,0.5707165598869324,0.0034329257905483246,0.0,False,False,2,False
193.781622886,3436,193,781622886,map,6.064666748046875,0.41212981939315796,0.44307708740234375,1.1444080882938579e-06,0.0,0.0,0.0,0.0004758857494984846,-0.0008130786053030393,0.7053909142303623,0.7088178683958163,0,0,0,,0.55543452501297,0.010862614959478378,0.0,False,False,2,False
193.831622887,3437,193,831622887,map,6.088210105895996,-0.28905004262924194,0.4730224609375,-4.806518700206652e-05,0.0,0.0,0.0,0.0005392790341646979,-0.0007664827088646404,0.7054204138996497,0.7087885166507899,0,0,0,,0.6003655791282654,-0.0014892257750034332,0.0,False,False,2,False
193.881622888,3438,193,881622888,map,6.115025520324707,0.336059033870697,0.5337810516357422,5.054473513155244e-05,0.0,0.0,0.0,0.0005255148658062034,-0.0008070881889448553,0.704982071007546,0.7092244722234933,0,0,0,,0.5918402671813965,0.008330512791872025,0.0,False,False,2,False
193.931622888,3439,193,931622888,map,6.143252849578857,0.23773908615112305,0.5622291564941406,-1.0681151252356358e-05,0.0,0.0,0.0,0.00048551069185891475,-0.0008811600686653506,0.7048617044726264,0.7093440388163175,0,0,0,,0.5729286074638367,0.009051229804754257,0.0,False,False,2,False
193.981622889,3440,193,981622889,map,6.170455455780029,0.6686700582504272,0.5350589752197266,-1.3542176020564511e-05,0.0,0.0,0.0,0.00034587175237259243,-0.0010478721232941334,0.7040625090797942,0.7101371456592093,0,0,0,,0.5566384196281433,0.019609909504652023,0.0,False,False,2,False
193.981622889,3441,194,31622890,map,6.1981048583984375,-0.14069736003875732,0.5552482604980469,8.010865713004023e-06,0.0,0.0,0.0,0.00037958252572579666,-0.0010333679881376796,0.7037290804087856,0.710467571008496,0,0,0,,0.6063117980957031,0.006270881742238998,0.0,False,False,2,False
194.081622891,3442,194,81622891,map,6.228662490844727,0.3665660321712494,0.6052112579345703,-4.4250486098462716e-05,0.0,0.0,0.0,0.0003822966323483405,-0.0010550588112581507,0.7029716246875952,0.7112170101904709,0,0,0,,0.6019216775894165,0.013427797704935074,0.0,False,False,2,False
194.081622891,3443,194,131622891,map,6.260463237762451,0.781649649143219,0.6197834014892578,2.0217894416418858e-05,0.0,0.0,0.0,0.00024855522803399573,-0.0012153586339160903,0.7023703118263824,0.7118106533261497,0,0,0,,0.5821244120597839,0.024389054626226425,0.0,False,False,2,False
194.181622892,3444,194,181622892,map,6.294980525970459,-0.20937561988830566,0.6953716278076172,4.920959327137098e-05,0.0,0.0,0.0,0.00032354979127893746,-0.0011742711139369087,0.7014443252126861,0.7127232106714382,0,0,0,,0.6399068236351013,0.007422734051942825,0.0,False,False,2,False
194.181622892,3445,194,231622893,map,6.33590030670166,0.2343958616256714,0.8132076263427734,3.089904930675402e-05,0.0,0.0,0.0,0.0004084396927631022,-0.0011406697074009113,0.7010451022081099,0.7131159069321458,0,0,0,,0.6401379108428955,0.011709664016962051,0.0,False,False,2,False
194.281622894,3446,194,281622894,map,6.381484031677246,-0.8618013858795166,0.9294986724853516,3.9291378925554454e-05,0.0,0.0,0.0,0.0007259018213469632,-0.0008995463527751971,0.7006822006409551,0.7134725766193495,0,0,0,,0.6746218204498291,-0.011545982211828232,0.0,False,False,2,False
194.331622894,3447,194,331622894,map,6.43911600112915,0.2539961040019989,1.1482715606689453,-2.9945371352368966e-05,0.0,0.0,0.0,0.00086480624497532,-0.0008664694931975226,0.7008584089843428,0.7132993704586538,0,0,0,,0.7300297021865845,0.0030215121805667877,0.0,False,False,2,False
194.381622895,3448,194,381622895,map,6.513261318206787,0.05000308156013489,1.482229232788086,-7.877350435592234e-05,0.0,0.0,0.0,0.0009380677543206941,-0.0009512490113101854,0.7005943489267822,0.7135585283675512,0,0,0,,0.838632345199585,0.0015701167285442352,0.0,False,False,2,False
194.431622896,3449,194,431622896,map,6.614504337310791,-2.2952988147735596,2.0482254028320312,-0.0001508712739450857,0.0,0.0,0.0,0.001623085371309539,-0.0005201197084182966,0.7016430244778923,0.7125266039039401,0,0,0,,0.9058652520179749,-0.046897511929273605,0.0,False,False,2,False
194.431622896,3450,194,481622897,map,6.747265338897705,1.1245559453964233,2.649049758911133,-0.00015659330529160798,0.0,0.0,0.0,0.001723259268793141,-0.00078585313787638,0.7022171417224498,0.7119603210035593,0,0,0,,0.8813352584838867,0.004060741513967514,0.0,False,False,2,False
194.531622897,3451,194,531622897,map,6.902862071990967,2.6915385723114014,3.060426712036133,-4.978181095793843e-05,0.0,0.0,0.0,0.0011368552046681656,-0.001809323197211521,0.7017102125290128,0.712459270093596,0,0,0,,0.8836264610290527,0.05108838900923729,0.0,False,False,2,False
194.581622898,3452,194,581622898,map,7.0648369789123535,5.859541416168213,2.9532527923583984,-0.001452636788599193,0.0,0.0,0.0,-0.0002730358630016825,-0.0036172627976523083,0.6983993856851122,0.7156990561234017,0,0,0,,0.7312727570533752,0.15914009511470795,0.0,False,False,2,False
194.631622899,3453,194,631622899,map,7.229836463928223,2.6644163131713867,3.1011104583740234,-0.002963447477668524,0.0,0.0,0.0,-0.0012759075562112424,-0.004922076432303261,0.6933309848938468,0.7206013395835668,0,0,0,,0.6185833215713501,0.1035042256116867,0.0,False,False,2,False
194.6816229,3454,194,681622900,map,7.3408284187316895,6.025677680969238,1.5868949890136719,-0.0016441341722384095,0.0,0.0,0.0,-0.0025035307197344946,-0.006122467479436365,0.6864055098080454,0.7271889189413271,0,0,0,,0.7450077533721924,0.18609175086021423,0.0,False,False,2,False
194.7316229,3455,194,731622900,map,7.4204912185668945,8.457928657531738,0.2920055389404297,-0.005478858947753906,0.0,0.0,0.0,-0.00463496312003532,-0.007759912030095623,0.676425963649276,0.7364551694321314,0,0,0,,0.8054971694946289,0.2753439247608185,0.0,False,False,2,False
194.7316229,3456,194,781622901,map,7.560946464538574,2.589263916015625,2.3626327514648438,0.00042724539525806904,0.0,0.0,0.0,-0.005378001810838906,-0.008143591096394436,0.6652487646591304,0.7465579951618483,0,0,0,,0.8254621028900146,0.14424705505371094,0.0,False,False,2,False
194.831622902,3457,194,831622902,map,7.6830267906188965,6.578340530395508,1.0475540161132812,0.004736901260912418,0.0,0.0,0.0,-0.0058979442150482,-0.008346632628106244,0.6540767456994305,0.7563591466446677,0,0,0,,0.8239636421203613,0.2287680208683014,0.0,False,False,2,False
194.881622903,3458,194,881622903,map,7.771605491638184,8.926813125610352,-0.5967044830322266,-0.004611588083207607,0.0,0.0,0.0,-0.007571236341267022,-0.0093071212695496,0.6401861509439835,0.7681261263708361,0,0,0,,0.8689377307891846,0.30062443017959595,0.0,False,False,2,False
194.931622903,3459,194,931622903,map,7.936509609222412,2.900981903076172,2.5531768798828125,0.0031934743747115135,0.0,0.0,0.0,-0.007764092174483243,-0.009192047122024316,0.6261499343952969,0.7796098285675841,0,0,0,,0.8086099624633789,0.1505870223045349,0.0,False,False,2,False
194.981622904,3460,194,981622904,map,8.069171905517578,6.61832332611084,0.5614471435546875,0.007649040315300226,0.0,0.0,0.0,-0.0077232294613711165,-0.008972235003863264,0.6127777269896801,0.7901666330787978,0,0,0,,1.0,0.22612017393112183,0.0,False,False,2,False
195.031622905,3461,195,31622905,map,8.191920280456543,9.701576232910156,-1.1747932434082031,-0.006223488133400679,0.0,0.0,0.0,-0.009155707662720808,-0.009708627889890997,0.5972276295116031,0.8019607684354899,0,0,0,,0.9953852295875549,0.3215200901031494,0.0,False,False,2,False
195.081622906,3462,195,81622906,map,8.387381553649902,4.395942687988281,2.3424720764160156,-0.0004911422729492188,0.0,0.0,0.0,-0.009461893837947561,-0.009749436758417652,0.5809895521163322,0.8137976169660099,0,0,0,,0.9612481594085693,0.16377104818820953,0.0,False,False,2,False
195.131622906,3463,195,131622906,map,8.576226234436035,8.070354461669922,0.3498077392578125,0.00580673199146986,0.0,0.0,0.0,-0.009529439371201922,-0.009724533103504978,0.56546812077893,0.8246577639384323,0,0,0,,1.0,0.2502281367778778,0.0,False,False,2,False
195.131622906,3464,195,181622907,map,8.706345558166504,10.69469928741455,-2.8203868865966797,-0.00923233013600111,0.0,0.0,0.0,-0.011245141113452976,-0.010527108189485268,0.5472125080808254,0.8368519569161549,0,0,0,,1.0,0.35487791895866394,0.0,False,False,2,False
195.231622908,3465,195,231622908,map,8.938573837280273,7.08683967590332,1.1544036865234375,-0.0038963311817497015,0.0,0.0,0.0,-0.012123630168473499,-0.010807182190977609,0.5276701631173674,0.8492940723685289,0,0,0,,0.9737790822982788,0.21351173520088196,0.0,False,False,2,False
195.231622908,3466,195,281622909,map,9.117352485656738,9.536609649658203,-2.0018672943115234,0.004111099056899548,0.0,0.0,0.0,-0.012808944278770376,-0.010943608936394986,0.5079152831302566,0.8612422618129129,0,0,0,,1.0,0.2952849864959717,0.0,False,False,2,False
195.331622909,3467,195,331622909,map,9.273603439331055,11.28056526184082,-4.497671127319336,-0.009035682305693626,0.0,0.0,0.0,-0.014787125905002575,-0.011512412868537544,0.4854179763737581,0.8740813425938226,0,0,0,,0.9866422414779663,0.3669569194316864,0.0,False,False,2,False
195.38162291,3468,195,381622910,map,9.493545532226562,8.600387573242188,-1.4101886749267578,-0.0008718483150005341,0.0,0.0,0.0,-0.015832045086539397,-0.011563577188252749,0.46172646965067243,0.8868056705135099,0,0,0,,0.999535322189331,0.2591589093208313,0.0,False,False,2,False
195.431622911,3469,195,431622911,map,9.692181587219238,10.262155532836914,-3.9684009552001953,0.0050992961041629314,0.0,0.0,0.0,-0.016738399002259534,-0.011511965221779642,0.43763739153612846,0.8989220289797258,0,0,0,,0.9875683784484863,0.30954447388648987,0.0,False,False,2,False
195.481622911,3470,195,481622911,map,9.861785888671875,10.38259506225586,-5.726957321166992,-0.0034061435144394636,0.0,0.0,0.0,-0.018237571837582903,-0.011538235337562097,0.4118280264482478,0.9110060025765501,0,0,0,,0.9097596406936646,0.3322826325893402,0.0,False,False,2,False
195.531622912,3471,195,531622912,map,10.069389343261719,8.968868255615234,-3.856964111328125,0.0040340423583984375,0.0,0.0,0.0,-0.018954936646419087,-0.011210763642037823,0.38574326386934216,0.9223433002601145,0,0,0,,0.8461667895317078,0.27064943313598633,0.0,False,False,2,False
195.581622913,3472,195,581622913,map,10.265727043151855,8.618965148925781,-4.392499923706055,0.010122107341885567,0.0,0.0,0.0,-0.019110014457006445,-0.010674286595550978,0.36043690535592615,0.932526731097062,0,0,0,,0.9970862865447998,0.25083842873573303,0.0,False,False,2,False
195.581622913,3473,195,631622914,map,10.243488311767578,1.8340682983398438,-3.1412506103515625,0.02240924909710884,0.0,0.0,0.0,-0.017578497463293534,-0.009185545843490557,0.33858710564889144,0.9407259930834252,0,0,0,,1.0,0.12735354900360107,0.0,False,False,0,False
195.681622914,3474,195,681622914,map,10.243268966674805,3.2246017456054688,-4.440736770629883,0.017321394756436348,0.0,0.0,0.0,-0.01585210244160266,-0.007571337748543601,0.3207889194596182,0.9469877796702599,0,0,0,,1.0,0.1336975395679474,0.0,False,False,0,False
195.731622915,3475,195,731622915,map,10.593976974487305,7.326850891113281,1.755056381225586,0.004601671826094389,0.0,0.0,0.0,-0.013663724265896769,-0.006692996143157043,0.3067563400153328,0.9516664616882381,0,0,0,,1.0,0.06828741729259491,0.0,False,False,0,False
195.781622916,3476,195,781622916,map,10.961871147155762,10.153980255126953,-2.0028209686279297,-0.01099567674100399,0.0,0.0,0.0,-0.01273555230663997,-0.007097574140852159,0.29416337902086026,0.9556439381860744,0,0,0,,1.0,0.14694534242153168,0.0,False,False,3,False
195.831622917,3477,195,831622917,map,11.241105079650879,10.237045288085938,-6.121540069580078,-0.02453117072582245,0.0,0.0,0.0,-0.013961682585123501,-0.007965183270226592,0.27905611925850415,0.96014025516028,0,0,0,,1.0,0.23983648419380188,0.0,False,False,3,False
195.831622917,3478,195,881622917,map,11.526291847229004,9.178466796875,-4.871234893798828,-0.019080162048339844,0.0,0.0,0.0,-0.015417902855862234,-0.00854527916691835,0.2612547931365722,0.9651089055327661,0,0,0,,1.0,0.19910232722759247,0.0,False,False,3,False
195.931622918,3479,195,931622918,map,11.736028671264648,8.993453979492188,-8.776140213012695,-0.011722374707460403,0.0,0.0,0.0,-0.01738002956340262,-0.00881619660990103,0.2406702096286888,0.9704112836560557,0,0,0,,1.0,0.28911256790161133,0.0,False,False,3,False
195.981622919,3480,195,981622919,map,11.980961799621582,8.219318389892578,-6.5705108642578125,-0.004418562166392803,0.0,0.0,0.0,-0.018866343997261132,-0.008707220951837787,0.21795043964608934,0.9757386182915737,0,0,0,,1.0,0.21572686731815338,0.0,False,False,3,False
196.03162292,3481,196,31622920,map,12.159415245056152,7.801837921142578,-10.35776138305664,-0.00012855743989348412,0.0,0.0,0.0,-0.020589632557206722,-0.008387486992984467,0.19342374034493398,0.9808633818040499,0,0,0,,1.0,0.2898137867450714,0.0,False,False,3,False
196.08162292,3482,196,81622920,map,12.375600814819336,7.29278564453125,-8.252968788146973,0.0024959584698081017,0.0,0.0,0.0,-0.021801993416286185,-0.007867724235776998,0.16774171912717167,0.9855584648627839,0,0,0,,1.0,0.21912050247192383,0.0,False,False,3,False
196.131622921,3483,196,131622921,map,12.548458099365234,6.668758392333984,-10.90721607208252,0.004344938788563013,0.0,0.0,0.0,-0.02305744269553415,-0.00725511983318852,0.14136128419651503,0.9896629248905205,0,0,0,,1.0,0.2546091675758362,0.0,False,False,3,False
196.131622921,3484,196,181622922,map,12.753134727478027,6.3080596923828125,-8.979582786560059,0.00738868722692132,0.0,0.0,0.0,-0.023653927206776188,-0.0065797079019006745,0.11525269749293143,0.9930327360627267,0,0,0,,1.0,0.19649329781532288,0.0,False,False,3,False
196.181622922,3485,196,231622923,map,12.927553176879883,5.6207275390625,-10.94022274017334,0.006160736083984375,0.0,0.0,0.0,-0.02428145224374593,-0.005902088372891092,0.08959770745683089,0.9956645154108151,0,0,0,,1.0,0.21380533277988434,0.0,False,False,3,False
196.281622923,3486,196,281622923,map,13.095221519470215,5.006542205810547,-11.408429145812988,0.0004074093885719776,0.0,0.0,0.0,-0.025058937322149023,-0.005208515009900408,0.06401464776580554,0.9976206923992185,0,0,0,,1.0,0.2109573632478714,0.0,False,False,3,False
196.331622924,3487,196,331622924,map,13.27234172821045,4.6143341064453125,-10.896271705627441,0.0026594167575240135,0.0,0.0,0.0,-0.02550942114364405,-0.004525452938872057,0.03902696552724963,0.9989022402969918,0,0,0,,1.0,0.1864462047815323,0.0,False,False,3,False
196.381622925,3488,196,381622925,map,13.455238342285156,4.242382049560547,-10.49551773071289,0.0065500251948833466,0.0,0.0,0.0,-0.025512801607270735,-0.003898126637772105,0.015301958468285514,0.9995497744634324,0,0,0,,1.0,0.1627434492111206,0.0,False,False,3,False
196.431622926,3489,196,431622926,map,13.655268669128418,4.166164398193359,-8.965190887451172,0.011717796325683594,0.0,0.0,0.0,-0.024761354211527878,-0.0033973159547544328,-0.006097006924310931,0.9996690252721045,0,0,0,,1.0,0.11796967685222626,0.0,False,False,3,False
196.481622926,3490,196,481622926,map,13.865924835205078,4.128475189208984,-7.35435676574707,0.015432167798280716,0.0,0.0,0.0,-0.02318103745160777,-0.003079452568481616,-0.02400493410252594,0.9994383020543484,0,0,0,,1.0,0.07338082790374756,0.0,False,False,3,False
196.481622926,3491,196,531622927,map,14.08471393585205,4.2132568359375,-4.939506530761719,0.016140174120664597,0.0,0.0,0.0,-0.020652527947140467,-0.0029788324299072546,-0.03720543770444976,0.9990897632605227,0,0,0,,1.0,0.0202027540653944,0.0,False,False,3,False
196.531622927,3492,196,581622928,map,14.302457809448242,4.233646392822266,-2.7129530906677246,0.012027737684547901,0.0,0.0,0.0,-0.017336668354131005,-0.0030748436394559633,-0.04486678444815072,0.9988378031093211,0,0,0,,1.0,-0.025065332651138306,0.0,False,False,3,False
196.581622928,3493,196,631622929,map,14.515253067016602,4.22271728515625,-0.7513844966888428,0.003138161264359951,0.0,0.0,0.0,-0.013574110593219765,-0.0032983415223459354,-0.046939174785629346,0.9988000692507231,0,0,0,,1.0,-0.06168098375201225,0.0,False,False,3,False
196.631622929,3494,196,681622929,map,14.721660614013672,4.193229675292969,1.190711259841919,-0.005670166574418545,0.0,0.0,0.0,-0.009560344227865853,-0.003571240410568658,-0.043800600595426974,0.9989881648186102,0,0,0,,1.0,-0.08936601877212524,0.0,False,False,3,False
196.681622929,3495,196,731622930,map,14.925682067871094,4.184398651123047,2.290405035018921,-0.012932775542140007,0.0,0.0,0.0,-0.005714812302657349,-0.0038187815008724896,-0.03661097896721714,0.9993059561752126,0,0,0,,1.0,-0.09814023971557617,0.0,False,False,3,False
196.781622931,3496,196,781622931,map,15.129313468933105,4.179286956787109,3.0492961406707764,-0.0160064697265625,0.0,0.0,0.0,-0.0023052958849289554,-0.003996292873568044,-0.026877284755805933,0.9996280942522108,0,0,0,,1.0,-0.09524081647396088,0.0,False,False,3,False
196.831622932,3497,196,831622932,map,15.290021896362305,3.2778358459472656,2.5525851249694824,-0.014870071783661842,0.0,0.0,0.0,0.00022773084780894386,-0.00405317974381756,-0.016491877033373157,0.9998557585294697,0,0,0,,1.0,-0.06909336149692535,0.0,False,False,3,False
196.831622932,3498,196,881622932,map,15.276220321655273,-0.23202896118164062,2.8128390312194824,-0.009283828549087048,0.0,0.0,0.0,0.002023820911475405,-0.0035468299399988644,-0.006761201658882038,0.9999688046626369,0,0,0,,1.0,-0.05394325032830238,0.0,False,False,0,False
196.931622933,3499,196,931622933,map,15.261516571044922,-0.2760505676269531,2.760375499725342,-0.004447746090590954,0.0,0.0,0.0,0.0032944129370109424,-0.0028118377564411404,0.0017813181707200516,0.9999890335985724,0,0,0,,1.0,-0.038456354290246964,0.0,False,False,0,False
196.931622933,3500,196,981622934,map,15.58317756652832,6.4312744140625,1.881399154663086,-0.0017007830319926143,0.0,0.0,0.0,0.0038727959501031195,-0.002799143097081899,0.00840498714827157,0.9999532601279364,0,0,0,,1.0,-0.01225249469280243,0.0,False,False,4,False
197.031622935,3501,197,31622935,map,15.870067596435547,5.7320404052734375,1.0357627868652344,0.0005189899820834398,0.0,0.0,0.0,0.0037745795308849945,-0.0032770526049135783,0.012438773578044265,0.9999101411564261,0,0,0,,1.0,0.010249624028801918,0.0,False,False,4,False
197.081622935,3502,197,81622935,map,16.127756118774414,5.145587921142578,0.9646913409233093,0.0014093396021053195,0.0,0.0,0.0,0.003405818883550372,-0.003748905482387585,0.014127897504776998,0.999887367965768,0,0,0,,1.0,0.015759024769067764,0.0,False,False,4,False
197.131622936,3503,197,131622936,map,16.363195419311523,4.705009460449219,0.3778475522994995,0.0016958237392827868,0.0,0.0,0.0,0.0028384936415253117,-0.004066043548279022,0.013938861548571033,0.9998905532019194,0,0,0,,1.0,0.023364011198282242,0.0,False,False,4,False
197.181622937,3504,197,181622937,map,16.58083724975586,4.359703063964844,-0.6602752208709717,0.0019613264594227076,0.0,0.0,0.0,0.0019277190298782412,-0.004222158372745627,0.011994971663475651,0.9999172855455642,0,0,0,,1.0,0.03572121262550354,0.0,False,False,4,False
197.231622938,3505,197,231622938,map,16.786849975585938,4.120445251464844,-0.0029602646827697754,0.0010473252041265368,0.0,0.0,0.0,0.001219061692159054,-0.004252991907374922,0.009216150824924461,0.9999477428907966,0,0,0,,1.0,0.02031259797513485,0.0,False,False,4,False
197.281622938,3506,197,281622938,map,16.98259162902832,3.9211654663085938,-0.8129686117172241,0.0006137847085483372,0.0,0.0,0.0,0.0005099450519638852,-0.004204210569561833,0.0060965893690063935,0.9999724477042338,0,0,0,,1.0,0.02421962097287178,0.0,False,False,4,False
197.331622939,3507,197,331622939,map,17.171449661254883,3.7796783447265625,-0.4303523898124695,0.00027256010798737407,0.0,0.0,0.0,-1.6735906390917957e-05,-0.004112482742708002,0.0031184083829364486,0.9999866812786846,0,0,0,,1.0,0.012079395353794098,0.0,False,False,4,False
197.38162294,3508,197,381622940,map,17.354524612426758,3.6642837524414062,-0.6856939196586609,0.00010643005225574598,0.0,0.0,0.0,-0.0004290845273342789,-0.004004480592368317,0.0005836302795907291,0.9999917196643934,0,0,0,,1.0,0.009450409561395645,0.0,False,False,4,False
197.431622941,3509,197,431622941,map,17.53346061706543,3.5793685913085938,-0.2309802919626236,0.00011291504051769152,0.0,0.0,0.0,-0.0006047022321542302,-0.0038967513919538825,-0.0012074682931700043,0.9999914958058997,0,0,0,,1.0,-0.0016929376870393753,0.0,False,False,4,False
197.431622941,3510,197,481622941,map,17.709096908569336,3.51348876953125,-0.4396134614944458,-7.438666216330603e-06,0.0,0.0,0.0,-0.0007012829766994855,-0.0037990429970983543,-0.0022658276691297084,0.9999899706994398,0,0,0,,1.0,-0.001838836818933487,0.0,False,False,4,False
197.481622941,3511,197,531622942,map,17.882137298583984,3.4605789184570312,0.17748969793319702,9.613037400413305e-05,0.0,0.0,0.0,-0.000575657499980004,-0.003715104040296199,-0.0024799123708879518,0.9999898582760953,0,0,0,,1.0,-0.011963835917413235,0.0,False,False,4,False
197.531622942,3512,197,581622943,map,18.05339241027832,3.4249114990234375,0.10057587176561356,-2.326965841348283e-05,0.0,0.0,0.0,-0.0003759726334591685,-0.003645994983163187,-0.001955969233851686,0.9999913697375182,0,0,0,,1.0,-0.011080525815486908,0.0,False,False,4,False
197.63162294400001,3513,197,631622944,map,18.223243713378906,3.3968353271484375,0.11199094355106354,-3.395080057089217e-05,0.0,0.0,0.0,-0.00020233000993662208,-0.003590550331922272,-0.0010198826289997479,0.9999930134007458,0,0,0,,1.0,-0.009296001866459846,0.0,False,False,4,False
197.681622944,3514,197,681622944,map,18.391910552978516,3.37249755859375,0.3265612721443176,-0.00010032653517555445,0.0,0.0,0.0,2.59582595038078e-06,-0.0035464088528715434,0.00016698622279591693,0.9999936975266952,0,0,0,,1.0,-0.00984983891248703,0.0,False,False,4,False
197.731622945,3515,197,731622945,map,18.55973243713379,3.355560302734375,0.270414799451828,-1.2397767932270654e-05,0.0,0.0,0.0,0.00017828948631267227,-0.0035118297104581265,0.0014070151655364883,0.9999928277609132,0,0,0,,1.0,-0.006454590708017349,0.0,False,False,4,False
197.781622946,3516,197,781622946,map,18.726564407348633,3.338165283203125,-0.49799904227256775,-0.0001239776611328125,0.0,0.0,0.0,5.16504100353559e-05,-0.0034846176822266013,0.00210510274550002,0.9999917116227889,0,0,0,,1.0,0.008073361590504646,0.0,False,False,4,False
197.831622947,3517,197,831622947,map,18.89307403564453,3.329620361328125,0.22431522607803345,2.269744800287299e-05,0.0,0.0,0.0,2.8185480018951002e-05,-0.003463620531022261,0.002404087563681754,0.9999911114111875,0,0,0,,1.0,0.00011784397065639496,0.0,False,False,4,False
197.881622947,3518,197,881622947,map,19.05906867980957,3.3195114135742188,0.12149490416049957,-1.5258788153005298e-05,0.0,0.0,0.0,7.932677034492807e-05,-0.003447811803597902,0.002543277687365645,0.9999908189776722,0,0,0,,1.0,0.0013615600764751434,0.0,False,False,4,False
197.931622948,3519,197,931622948,map,19.2246150970459,3.3105087280273438,0.1346857100725174,-5.397796485340223e-05,0.0,0.0,0.0,0.00012867375740708602,-0.0034355842669251836,0.002563153564487395,0.9999908051815347,0,0,0,,1.0,0.0009465143084526062,0.0,False,False,4,False
197.981622949,3520,197,981622949,map,19.389772415161133,3.302764892578125,0.11165127158164978,-1.6593934560660273e-05,0.0,0.0,0.0,0.0001609794131624839,-0.003426150546443303,0.0025169252564281814,0.999990950291709,0,0,0,,1.0,0.0008022338151931763,0.0,False,False,4,False
198.031622949,3521,198,31622949,map,19.554582595825195,3.2958984375,0.08559539914131165,-1.7166139514301904e-05,0.0,0.0,0.0,0.00017141874915061608,-0.0034188063786197956,0.002435202335815108,0.9999911760451397,0,0,0,,1.0,0.0006588492542505264,0.0,False,False,4,False
198.08162295,3522,198,81622950,map,19.719074249267578,3.2896041870117188,0.06134331226348877,2.0790103008039296e-05,0.0,0.0,0.0,0.00016375651480870243,-0.0034129986625116454,0.002339570310331933,0.9999914254805872,0,0,0,,1.0,0.0005132686346769333,0.0,False,False,4,False
198.08162295,3523,198,131622951,map,19.88326072692871,3.2835769653320312,0.04011288285255432,-1.2207028703414835e-05,0.0,0.0,0.0,0.00014383666507758873,-0.0034083493800524953,0.0022438959331255144,0.999991663663532,0,0,0,,1.0,0.0003866683691740036,0.0,False,False,4,False
198.181622952,3524,198,181622952,map,20.047164916992188,3.278045654296875,0.02260148525238037,-5.3596493671648204e-05,0.0,0.0,0.0,0.00011709755322266822,-0.003404544928256122,0.0021561886868098224,0.9999918730731472,0,0,0,,1.0,0.00028816238045692444,0.0,False,False,4,False
198.231622952,3525,198,231622952,map,20.210796356201172,3.2725906372070312,0.00928729772567749,4.959101715940051e-06,0.0,0.0,0.0,8.797385754931164e-05,-0.003401335368366096,0.002080190322445184,0.99999204796165,0,0,0,,1.0,0.0002137012779712677,0.0,False,False,4,False
198.231622952,3526,198,281622953,map,20.374162673950195,3.267364501953125,0.0021691620349884033,7.858275785110891e-05,0.0,0.0,0.0,6.046819829719709e-05,-0.00339871378200843,0.0020177800309047565,0.9999921867954628,0,0,0,,1.0,0.00012454576790332794,0.0,False,False,4,False
198.331622954,3527,198,331622954,map,20.537275314331055,3.2622909545898438,-0.005984604358673096,-2.346038854739163e-05,0.0,0.0,0.0,3.554533855167008e-05,-0.00339638141090942,0.001967894486318882,0.9999922953308847,0,0,0,,1.0,0.00011631101369857788,0.0,False,False,4,False
198.381622955,3528,198,381622955,map,20.700130462646484,3.2572174072265625,-0.01570001244544983,-3.299712625448592e-05,0.0,0.0,0.0,1.227866514766535e-05,-0.0033941624628106713,0.0019246736180064644,0.9999923875419624,0,0,0,,1.0,0.00019286386668682098,0.0,False,False,4,False
198.431622955,3529,198,431622955,map,20.86273956298828,3.2522964477539062,-0.021326392889022827,1.4114375517237931e-05,0.0,0.0,0.0,-8.79241395173289e-06,-0.0033924739324420914,0.0018827911858644482,0.9999924730420032,0,0,0,,1.0,0.00025098957121372223,0.0,False,False,4,False
198.481622956,3530,198,481622956,map,21.025102615356445,3.24737548828125,-0.028774142265319824,1.6212461559916846e-05,0.0,0.0,0.0,-2.8125029333813565e-05,-0.003390601385848066,0.0018371867593442374,0.99999256386037,0,0,0,,1.0,0.00035285577178001404,0.0,False,False,4,False
198.531622957,3531,198,531622957,map,21.050569534301758,0.5096054077148438,-0.06975829601287842,0.00024051667423918843,0.0,0.0,0.0,-5.4335994057959815e-05,-0.0031535390075551036,0.0017708035631352143,0.9999934582256368,0,0,0,,1.0,0.000810571014881134,0.0,False,False,4,False
198.581622958,3532,198,581622958,map,21.031328201293945,-0.38440704345703125,-0.11749729514122009,0.0008279799949377775,0.0,0.0,0.0,-9.584862487834229e-05,-0.0025895039993005242,0.0016548890217858018,0.9999952733010312,0,0,0,,1.0,0.0014962628483772278,0.0,False,False,0,False
198.581622958,3533,198,631622958,map,21.159862518310547,2.570953369140625,-0.07690921425819397,0.0002401351957814768,0.0,0.0,0.0,-0.00012713233361675338,-0.0022326243564929063,0.0015057219410974335,0.9999963660070414,0,0,0,,1.0,0.0010368432849645615,0.0,False,False,0,False
198.631622958,3534,198,681622959,map,21.37940216064453,4.3910980224609375,-0.09574279189109802,-0.0005784988170489669,0.0,0.0,0.0,-0.00015353713767261284,-0.002483870878948177,0.0013373115567097591,0.9999960091968388,0,0,0,,1.0,0.0012315157800912857,0.0,False,False,5,False
198.73162296,3535,198,731622960,map,21.57567596435547,3.9267730712890625,-0.5816653370857239,-0.0007423400529660285,0.0,0.0,0.0,-0.0003340418508885912,-0.0028556594054351694,0.0009026455203980312,0.9999954594179248,0,0,0,,1.0,0.00859077274799347,0.0,False,False,5,False
198.73162296,3536,198,781622961,map,21.75476837158203,3.5822677612304688,-0.33098384737968445,-0.0006328582530841231,0.0,0.0,0.0,-0.00048708682736511773,-0.003145992021762,0.0002533283325343894,0.9999949006396871,0,0,0,,1.0,0.004930863156914711,0.0,False,False,5,False
198.781622961,3537,198,831622961,map,21.9202823638916,3.3097076416015625,0.43036186695098877,-0.00015354155038949102,0.0,0.0,0.0,-0.000324752783215085,-0.0033132256040722657,-3.5855332637554655e-05,0.9999944578777031,0,0,0,,0.9865025281906128,-0.007919907569885254,0.0,False,False,5,False
198.881622962,3538,198,881622962,map,22.07560920715332,3.1070327758789062,-0.37533867359161377,5.455018253996968e-05,0.0,0.0,0.0,-0.00029696916613741633,-0.0033751166757951634,-0.00016723310185413152,0.9999942461983613,0,0,0,,1.0,0.0028145834803581238,0.0,False,False,5,False
198.931622963,3539,198,931622963,map,22.223190307617188,2.9517745971679688,-0.25338250398635864,0.00020675655105151236,0.0,0.0,0.0,-0.0003581055038303202,-0.0033661525977443183,-0.0003707376495264381,0.9999942016485556,0,0,0,,0.9754940271377563,0.0018575750291347504,0.0,False,False,5,False
198.981622964,3540,198,981622964,map,22.362638473510742,2.78900146484375,-0.16226676106452942,0.00020389558630995452,0.0,0.0,0.0,-0.0003827038057289553,-0.003311411472432606,-0.0005671212795215572,0.9999942832163151,0,0,0,,0.9518806338310242,0.0006230957806110382,0.0,False,False,5,False
199.031622964,3541,199,31622964,map,22.49401092529297,2.6274490356445312,-0.10687138140201569,0.0003084182390011847,0.0,0.0,0.0,-0.00036525279153222203,-0.003227508793336844,-0.0007031780550276578,0.9999944776437568,0,0,0,,0.9366884231567383,-0.00027932971715927124,0.0,False,False,5,False
199.081622965,3542,199,81622965,map,22.617902755737305,2.4777603149414062,-0.14577437937259674,0.00017433165339753032,0.0,0.0,0.0,-0.00034763809377663614,-0.00312699517199122,-0.0007986463702094407,0.9999947315925847,0,0,0,,0.9218385219573975,0.0003238897770643234,0.0,False,False,5,False
199.131622966,3543,199,131622966,map,22.734865188598633,2.3380661010742188,-0.8005487322807312,7.877348980400711e-05,0.0,0.0,0.0,-0.0005515221375677878,-0.0030179362736718826,-0.0012316729547325197,0.9999945354179253,0,0,0,,0.9194451570510864,0.010594667866826057,0.0,False,False,5,False
199.131622966,3544,199,181622967,map,22.844934463500977,2.2023391723632812,0.5473089814186096,0.00015544891357421875,0.0,0.0,0.0,-0.00040071854839511837,-0.0029077720607034252,-0.0014369900404631328,0.9999946596586962,0,0,0,,0.8641272783279419,-0.009302441030740738,0.0,False,False,5,False
199.231622967,3545,199,231622967,map,22.94704246520996,2.042388916015625,0.25049346685409546,0.0001255035458598286,0.0,0.0,0.0,-0.00013985387324821672,-0.002793803866398627,-0.0011579921923493299,0.9999954170669646,0,0,0,,0.8738515377044678,-0.006656145676970482,0.0,False,False,5,False
199.281622968,3546,199,281622968,map,23.04323959350586,1.9240188598632812,0.26938873529434204,-5.721813067793846e-07,0.0,0.0,0.0,6.627229074746237e-05,-0.0026806358328932277,-0.0005881713260772867,0.9999962319199038,0,0,0,,0.8612611889839172,-0.006379228085279465,0.0,False,False,5,False
199.281622968,3547,199,331622969,map,23.134702682495117,1.8291854858398438,-0.26400530338287354,5.378722562454641e-05,0.0,0.0,0.0,4.673557288482352e-05,-0.0025730763126155507,-0.00013865378303291688,0.9999966789290873,0,0,0,,0.8697510957717896,0.0029769837856292725,0.0,False,False,5,False
199.38162297,3548,199,381622970,map,23.222332000732422,1.7525863647460938,-0.0029470957815647125,2.861015673261136e-06,0.0,0.0,0.0,3.0356850548771367e-06,-0.002475914391616476,9.508148452780031e-05,0.9999969303943994,0,0,0,,0.8468763828277588,0.0009680148214101791,0.0,False,False,5,False
199.43162297,3549,199,431622970,map,23.305461883544922,1.6625213623046875,-0.09888119995594025,-7.38144080969505e-05,0.0,0.0,0.0,-3.9077102199274365e-05,-0.002387049962031273,0.0001413193493402056,0.9999971402430612,0,0,0,,0.8405582308769226,0.0029075294733047485,0.0,False,False,5,False
199.481622971,3550,199,481622971,map,23.384475708007812,1.5802001953125,-0.07074661552906036,-5.626676284009591e-05,0.0,0.0,0.0,-7.50604106656749e-05,-0.0023050895108466716,1.7403699695328494e-05,0.9999973403091595,0,0,0,,0.8295837640762329,0.0026763640344142914,0.0,False,False,5,False
199.481622971,3551,199,531622972,map,23.459346771240234,1.4974594116210938,0.005612485110759735,-4.5204178604763e-05,0.0,0.0,0.0,-7.442267693397732e-05,-0.0022283644950759516,-0.00017382617089755652,0.9999974993155757,0,0,0,,0.8181195855140686,0.0011699609458446503,0.0,False,False,5,False
199.581622973,3552,199,581622973,map,23.53023338317871,1.4176559448242188,-0.056920796632766724,1.7166130419354886e-05,0.0,0.0,0.0,-7.754461948247011e-05,-0.0021556294805872202,-0.00039250655952616746,0.9999975965905994,0,0,0,,0.81169193983078,0.001467142254114151,0.0,False,False,5,False
199.581622973,3553,199,631622973,map,23.597576141357422,1.3466644287109375,-0.15303216874599457,-6.370543269440532e-05,0.0,0.0,0.0,-0.00011937312451414735,-0.002086618048228149,-0.0006689511599338962,0.9999975921368629,0,0,0,,0.8064041137695312,0.002420896664261818,0.0,False,False,5,False
199.681622974,3554,199,681622974,map,23.661619186401367,1.2807083129882812,-0.10224781930446625,-3.929137164959684e-05,0.0,0.0,0.0,-0.00015641319132142137,-0.0020216381149010094,-0.0009649360394065876,0.9999974787031642,0,0,0,,0.7959510684013367,0.0012297742068767548,0.0,False,False,5,False
199.731622975,3555,199,731622975,map,23.722244262695312,1.2125015258789062,-0.010770633816719055,-3.700257366290316e-05,0.0,0.0,0.0,-0.00014905445707108375,-0.001960280362063599,-0.0011809632608624668,0.9999973702012659,0,0,0,,0.7868592739105225,-0.0007370542734861374,0.0,False,False,5,False
199.781622976,3556,199,781622976,map,23.77916145324707,1.1388015747070312,0.4055004119873047,1.4114375517237931e-05,0.0,0.0,0.0,1.3944080157850003e-05,-0.0019006278397406826,-0.0010587166819576177,0.9999976332663816,0,0,0,,0.7740330100059509,-0.007575716823339462,0.0,False,False,5,False
199.831622976,3557,199,831622976,map,23.832834243774414,1.0736083984375,0.2746049761772156,-1.3923636288382113e-05,0.0,0.0,0.0,0.00018540783786287802,-0.0018424301054738,-0.0005984059131378094,0.999998106491009,0,0,0,,0.7747452855110168,-0.00602397695183754,0.0,False,False,5,False
199.881622977,3558,199,881622977,map,23.88386344909668,1.0205459594726562,0.30988943576812744,3.337860107421875e-05,0.0,0.0,0.0,0.00032132401951069547,-0.001786865589863562,6.582129724700917e-05,0.9999983497635359,0,0,0,,0.7686439752578735,-0.005651555955410004,0.0,False,False,5,False
199.881622977,3559,199,931622978,map,23.932777404785156,0.9783172607421875,-0.15019269287586212,2.2888179955771193e-05,0.0,0.0,0.0,0.0002758446900830741,-0.0017355257754701153,0.0005831756088861721,0.9999982858816303,0,0,0,,0.7717790007591248,0.0026036016643047333,0.0,False,False,5,False
199.981622979,3560,199,981622979,map,23.9798583984375,0.941619873046875,-0.12788712978363037,-5.1879869715776294e-05,0.0,0.0,0.0,0.00015211218987944922,-0.0016896745410652256,0.000767510312938473,0.9999982663933704,0,0,0,,0.7611566781997681,0.00404222309589386,0.0,False,False,5,False
199.981622979,3561,200,31622979,map,24.024703979492188,0.8968734741210938,-0.12453090399503708,1.0871881386265159e-05,0.0,0.0,0.0,3.858814630082457e-05,-0.001647804170415622,0.0006562637590737979,0.9999984262838864,0,0,0,,0.7542219161987305,0.004543589428067207,0.0,False,False,5,False
200.031622979,3562,200,81622980,map,24.06726837158203,0.8512496948242188,-0.10003414005041122,2.861015673261136e-06,0.0,0.0,0.0,-4.206487762162924e-05,-0.0016082065364955171,0.00033921771881680724,0.9999986484158973,0,0,0,,0.7483187913894653,0.0038604438304901123,0.0,False,False,5,False
200.08162298,3563,200,131622981,map,24.10763168334961,0.80718994140625,-0.10519503057003021,-5.149840944795869e-05,0.0,0.0,0.0,-9.840652552555719e-05,-0.001570036642637124,-8.678812565465546e-05,0.9999987588836887,0,0,0,,0.7436361312866211,0.003056379035115242,0.0,False,False,5,False
200.131622981,3564,200,181622982,map,24.145893096923828,0.7651519775390625,-0.0839320570230484,5.722049536416307e-06,0.0,0.0,0.0,-0.0001318331578205176,-0.0015330212469712946,-0.0005258242257231076,0.9999986779865054,0,0,0,,0.7381366491317749,0.0016622673720121384,0.0,False,False,5,False
200.231622982,3565,200,231622982,map,24.182146072387695,0.724945068359375,-0.12091707438230515,-2.365112777624745e-05,0.0,0.0,0.0,-0.0001630397074762626,-0.0014970581333504718,-0.0009260175400846228,0.9999984373620363,0,0,0,,0.7346959710121155,0.0011641904711723328,0.0,False,False,5,False
200.281622983,3566,200,281622983,map,24.216163635253906,0.6806564331054688,0.360480397939682,-1.7738339010975324e-05,0.0,0.0,0.0,-3.449104439148195e-05,-0.0014618886181584029,-0.0010041379586688476,0.9999984266982602,0,0,0,,0.7233920097351074,-0.006910538300871849,0.0,False,False,5,False
200.331622984,3567,200,331622984,map,24.248207092285156,0.6409072875976562,0.21590673923492432,-1.6212461559916846e-05,0.0,0.0,0.0,0.00011374276724823676,-0.00142707637595675,-0.0007193305906192982,0.9999987165387271,0,0,0,,0.7270780205726624,-0.0056121572852134705,0.0,False,False,5,False
200.331622984,3568,200,381622985,map,24.279102325439453,0.6177139282226562,-0.40626463294029236,-1.2779237295035273e-05,0.0,0.0,0.0,1.6898710693564342e-05,-0.0013942806106921528,-0.0005407032646838666,0.9999988816673705,0,0,0,,0.731920599937439,0.004405032843351364,0.0,False,False,5,False
200.431622985,3569,200,431622985,map,24.309032440185547,0.5985641479492188,-0.06851054728031158,-1.449584488000255e-05,0.0,0.0,0.0,-7.768578781442473e-05,-0.001365799176553491,-0.0005276237935698184,0.9999989250847525,0,0,0,,0.7175921201705933,0.0008674468845129013,0.0,False,False,5,False
200.481622986,3570,200,481622986,map,24.337322235107422,0.5656051635742188,-0.15059366822242737,-1.2016298569506034e-05,0.0,0.0,0.0,-0.00014036912285254823,-0.0013393493834026164,-0.0006120990147510921,0.9999989058866687,0,0,0,,0.7179836630821228,0.0021959934383630753,0.0,False,False,5,False
200.531622987,3571,200,531622987,map,24.364221572875977,0.5365753173828125,-0.7011389136314392,-3.147125244140625e-05,0.0,0.0,0.0,-0.0003732073140859632,-0.0013136975832599648,-0.0010890956406197207,0.9999984743916593,0,0,0,,0.7206284999847412,0.010630011558532715,0.0,False,False,5,False
200.581622987,3572,200,581622987,map,24.389713287353516,0.5109786987304688,0.5161309838294983,2.2315980459097773e-05,0.0,0.0,0.0,-0.00026412208763627697,-0.0012899534656968315,-0.0013962921272369546,0.9999981583122414,0,0,0,,0.6967695951461792,-0.0076825618743896484,0.0,False,False,5,False
200.631622988,3573,200,631622988,map,24.413314819335938,0.472412109375,0.2639303207397461,2.0217894416418858e-05,0.0,0.0,0.0,-4.0735961505486045e-05,-0.001265236885392437,-0.001254748563361131,0.9999984115598625,0,0,0,,0.7094429135322571,-0.00599459744989872,0.0,False,False,5,False
200.681622989,3574,200,681622989,map,24.43604850769043,0.45490264892578125,0.2821837365627289,-7.057187758618966e-06,0.0,0.0,0.0,0.00014113041474507468,-0.0012414402023054496,-0.000806368209362048,0.9999988943387593,0,0,0,,0.7063560485839844,-0.006172008812427521,0.0,False,False,5,False
200.73162299,3575,200,731622990,map,24.45810317993164,0.44116973876953125,0.21904104948043823,-1.3160706657799892e-05,0.0,0.0,0.0,0.0002590356301620483,-0.0012197389359261516,-0.00019057899060475524,0.9999992044082429,0,0,0,,0.7084999680519104,-0.004342889413237572,0.0,False,False,5,False
200.78162299,3576,200,781622990,map,24.479644775390625,0.4308319091796875,0.1063336431980133,-5.5885317124193534e-05,0.0,0.0,0.0,0.00029507629533843916,-0.0012014510047245906,0.00040249091537254337,0.999999153722905,0,0,0,,0.7051160335540771,-0.0012648962438106537,0.0,False,False,5,False
200.831622991,3577,200,831622991,map,24.500560760498047,0.418243408203125,-0.3562624752521515,9.403228614246473e-05,0.0,0.0,0.0,0.00014111528864857385,-0.001185627727673932,0.0006190844790707476,0.9999990955534782,0,0,0,,0.7077270746231079,0.00715252012014389,0.0,False,False,5,False
200.881622992,3578,200,881622992,map,24.520965576171875,0.40775299072265625,-0.3248322606086731,-1.7166166799142957e-06,0.0,0.0,0.0,-6.882913341424145e-05,-0.0011722089447444486,0.00035225473238302877,0.9999992485523896,0,0,0,,0.6996719837188721,0.007906842976808548,0.0,False,False,5,False
200.931622993,3579,200,931622993,map,1.2808904647827148,-464.8011779785156,0.6678947806358337,-0.05812034383416176,0.0,0.0,0.0,-0.00012058047933895452,-0.0035715821949890095,0.00016548107960633531,0.9999936009180183,0,0,0,,0.0,0.0,1.0,False,False,5,False
