Time,data
27.769007693,3.1124656200408936
27.769007693,3.2029974460601807
27.819007694,3.2960963249206543
27.869007695,3.392333984375
27.919007695,3.4908125400543213
27.969007696,3.592982769012451
28.019007697,3.698214054107666
28.069007697,3.8055307865142822
28.119007698,3.9134998321533203
28.169007699,4.021810054779053
28.2190077,4.129675388336182
28.2690077,4.245961666107178
28.319007701,4.369798183441162
28.369007702,4.5014848709106445
28.419007703,4.640093803405762
28.469007703,4.782625675201416
28.519007704,4.929883003234863
28.569007705,5.081813335418701
28.619007706,5.255496978759766
28.669007706,5.360966682434082
28.719007707,5.513391494750977
28.769007708,5.431197643280029
28.819007709,5.492286682128906
28.869007709,5.766286849975586
28.91900771,6.269174098968506
28.969007711,6.5709028244018555
29.019007712,6.9543538093566895
29.069007712,7.179806709289551
29.119007713,7.487046718597412
29.169007714,7.677236557006836
29.219007715,7.953329086303711
29.269007715,8.14510440826416
29.319007716,8.392928123474121
29.369007717,8.584680557250977
29.419007718,8.84499454498291
29.469007718,9.063315391540527
29.519007719,9.31891918182373
29.56900772,9.530560493469238
29.619007721,9.746442794799805
29.669007721,9.937714576721191
29.719007722,10.145914077758789
29.769007723,10.349071502685547
29.819007724,10.55891227722168
29.869007724,10.52518367767334
29.919007725,10.523402214050293
29.969007726,10.851775169372559
30.019007727,11.219412803649902
30.069007727,11.534320831298828
30.119007728,11.819729804992676
30.169007729,12.076192855834961
30.21900773,12.313236236572266
30.26900773,12.53335952758789
30.319007731,12.745095252990723
30.369007732,12.942216873168945
30.419007732,13.134108543395996
30.469007733,13.324732780456543
30.519007734,13.507741928100586
30.569007735,13.690980911254883
30.619007735,13.86620807647705
30.669007736,14.04224967956543
30.719007737,14.215739250183105
30.769007738,14.388883590698242
30.819007738,14.559938430786133
30.869007739,14.73003101348877
30.91900774,14.897887229919434
30.969007741,15.064250946044922
31.019007741,15.229105949401855
31.069007742,15.393588066101074
31.119007743,15.556435585021973
31.169007744,15.716996192932129
31.219007744,15.877386093139648
31.269007745,15.961038589477539
31.319007746,15.93618106842041
31.369007747,15.97449016571045
31.419007747,16.248273849487305
31.469007748,16.48565101623535
31.519007749,16.694162368774414
31.56900775,16.883743286132812
31.61900775,17.057214736938477
31.669007751,17.220537185668945
31.719007752,17.375823974609375
31.769007753,17.52509880065918
31.819007753,17.66893768310547
31.869007754000002,17.80870246887207
31.919007755,17.945783615112305
31.969007756,18.08071517944336
32.019007756,18.21377182006836
32.069007757,18.344905853271484
32.119007758,18.47365379333496
32.169007759,18.600433349609375
32.219007759,18.725784301757812
32.26900776,18.8498477935791
32.319007761,18.972789764404297
32.369007762,19.094316482543945
32.419007762,19.213476181030273
32.469007763,19.330032348632812
32.519007764,19.44412612915039
32.569007765,19.556034088134766
32.619007765,19.66585350036621
32.669007766,19.77310562133789
32.719007767,19.876445770263672
32.769007768,19.976783752441406
32.819007768,20.074134826660156
32.869007769,20.16892433166504
32.91900777,20.260746002197266
32.96900777,20.349050521850586
33.019007771,20.43290138244629
33.069007772,20.51288604736328
33.119007773,20.588836669921875
33.169007773,20.660737991333008
33.219007774,20.727962493896484
33.269007775,20.789152145385742
33.319007776,20.84467315673828
33.369007776,20.89421844482422
33.419007777,20.938098907470703
33.469007778,20.97627067565918
33.519007779,21.00837516784668
33.569007779,21.034648895263672
33.61900778,21.05626678466797
33.669007781,21.074077606201172
33.719007782,21.08869171142578
33.769007782,21.100341796875
33.819007783,21.108549118041992
33.869007784,21.114713668823242
33.919007785,21.119869232177734
33.969007785,21.123048782348633
34.019007786,21.124618530273438
34.069007787,21.12575912475586
34.119007788,21.126501083374023
34.169007788,21.127052307128906
34.219007789,21.127302169799805
34.26900779,21.12652015686035
34.319007791,21.12517738342285
34.369007791,21.1238956451416
34.419007792,21.12348747253418
34.469007793,21.123992919921875
34.519007794,21.125322341918945
34.569007794,21.127084732055664
34.619007795,21.127376556396484
34.669007796,21.126808166503906
34.719007797,21.125341415405273
34.769007797,21.12349510192871
34.819007798,21.123703002929688
34.869007799,21.12201690673828
34.9190078,21.119352340698242
34.9690078,21.11600685119629
35.019007801,21.112747192382812
35.069007802,21.110183715820312
35.119007803,21.108415603637695
35.169007803,21.107471466064453
35.219007804,21.108198165893555
35.269007805,21.110078811645508
35.319007806,21.112390518188477
35.369007806,21.114534378051758
35.419007807,21.11520767211914
35.469007808,21.11421775817871
35.519007808,21.112384796142578
35.569007809,21.112287521362305
35.61900781,21.11534881591797
35.669007811,21.11850357055664
35.719007811,21.119434356689453
35.769007812,21.118223190307617
35.819007813,21.116479873657227
35.869007814,21.114240646362305
35.919007814,21.111568450927734
35.969007815,21.108909606933594
36.019007816,21.106855392456055
36.069007817,21.105892181396484
36.119007817,21.106401443481445
36.169007818,21.10796356201172
36.219007819,21.109895706176758
36.26900782,21.111425399780273
36.31900782,21.11175537109375
36.369007821,21.111656188964844
36.419007822,21.11098289489746
36.469007823,21.10976791381836
36.519007823,21.108173370361328
36.569007824,21.106281280517578
36.619007825,21.104373931884766
36.669007826,21.101633071899414
36.719007826,21.102388381958008
36.769007827,21.10494041442871
36.819007828,21.107248306274414
36.869007829,21.108989715576172
36.919007829,21.1103515625
36.96900783,21.11125373840332
37.019007831,21.110759735107422
37.069007832,21.108280181884766
37.119007832,21.106063842773438
37.169007833,21.104394912719727
37.219007834,21.102989196777344
37.269007835,21.102371215820312
37.319007835,21.10251235961914
37.369007836,21.103811264038086
37.419007837,21.104393005371094
37.469007838,21.104326248168945
37.519007838,21.104110717773438
37.569007839,21.10362434387207
37.61900784,21.102174758911133
37.669007841,21.099411010742188
37.719007841,21.09600067138672
37.769007842,21.093233108520508
37.819007843,21.091064453125
37.869007844,21.089550018310547
37.919007844,21.088834762573242
37.969007845,21.088895797729492
38.019007846,21.089420318603516
38.069007846,21.09030532836914
38.119007847,21.091400146484375
38.169007848,21.092763900756836
38.219007849,21.094385147094727
38.269007849,21.095836639404297
38.31900785,21.096908569335938
38.369007851,21.097684860229492
38.419007852,21.09870719909668
38.469007852,21.100170135498047
38.519007853,21.101673126220703
38.569007854,21.102718353271484
38.619007855,21.10312271118164
38.669007855,21.103548049926758
38.719007856,21.104639053344727
38.769007857,21.105804443359375
38.819007858,21.106508255004883
38.869007858,21.107555389404297
38.919007859,21.109590530395508
38.96900786,21.11195945739746
39.019007861,21.114072799682617
39.069007861,21.115697860717773
39.119007862,21.117063522338867
39.169007863,21.1190128326416
39.219007864,21.12097930908203
39.269007864,21.123035430908203
39.319007865,21.124984741210938
39.369007866,21.12693214416504
39.419007867,21.129619598388672
39.469007867,21.132177352905273
39.519007868,21.134605407714844
39.569007869,21.136751174926758
39.61900787,21.13871955871582
39.66900787,21.141263961791992
39.719007871,21.14348030090332
39.769007872,21.145437240600586
39.819007873,21.146764755249023
39.869007873,21.147335052490234
39.919007874,21.147785186767578
39.969007875,21.148366928100586
40.019007876,21.149629592895508
40.069007876,21.15110206604004
40.119007877,21.15302848815918
40.169007878,21.15585708618164
40.219007879,21.158592224121094
40.269007879,21.161235809326172
40.31900788,21.16366195678711
40.369007881,21.166301727294922
40.419007882,21.169483184814453
40.469007882,21.172338485717773
40.519007883,21.175020217895508
40.569007884,21.17742156982422
40.619007884,21.179611206054688
40.669007885,21.18282699584961
40.719007886,21.185842514038086
40.769007887,21.188629150390625
40.819007887,21.19059181213379
40.869007888,21.191781997680664
40.919007889,21.193517684936523
40.96900789,21.196060180664062
41.01900789,21.198328018188477
41.069007891,21.19952392578125
41.119007892,21.200529098510742
41.169007893,21.20185089111328
41.219007893,21.203357696533203
41.269007894,21.204988479614258
41.319007895,21.20685386657715
41.369007896,21.208892822265625
41.419007896,21.211851119995117
41.469007897,21.215829849243164
41.519007898,21.2191219329834
41.569007899,21.22141456604004
41.619007899,21.223047256469727
41.6690079,21.22438621520996
41.719007901,21.226835250854492
41.769007902,21.228504180908203
41.819007902,21.229597091674805
41.869007903,21.231582641601562
41.919007904,21.234228134155273
41.969007905,21.238462448120117
42.019007905,21.243026733398438
42.069007906,21.247522354125977
42.119007907,21.2507266998291
42.169007908,21.25307846069336
42.219007908,21.255342483520508
42.269007909,21.257783889770508
42.31900791,21.260847091674805
42.369007911,21.264028549194336
42.419007911,21.267061233520508
42.469007912,21.270673751831055
42.519007913,21.274614334106445
42.569007914,21.277265548706055
42.619007914,21.27943992614746
42.669007915,21.280691146850586
42.719007916,21.28143310546875
42.769007917,21.28243637084961
42.819007917,21.284503936767578
42.869007918,21.286746978759766
42.919007919,21.288475036621094
42.96900792,21.28948974609375
43.01900792,21.289600372314453
43.069007921,21.28971290588379
43.119007922,21.290739059448242
43.169007922,21.29250144958496
43.219007923,21.294509887695312
43.269007924,21.297149658203125
43.319007925,21.30193519592285
43.369007925,21.308887481689453
43.419007926,21.31968116760254
43.469007927,21.33090591430664
43.519007928,21.339075088500977
43.569007928,21.341760635375977
43.619007929,21.341575622558594
43.66900793,21.335813522338867
43.719007931,21.328937530517578
43.769007931,21.322288513183594
43.819007932,21.316709518432617
43.869007933,21.31001091003418
43.919007934,21.304664611816406
43.969007934,21.299034118652344
44.019007935,21.29447364807129
44.069007936,21.291749954223633
44.119007937,21.293476104736328
44.169007937,21.298208236694336
44.219007938,21.306148529052734
44.269007939,21.3126277923584
44.31900794,21.31808090209961
44.36900794,21.322378158569336
44.419007941,21.3259334564209
44.469007942,21.328657150268555
44.519007943,21.331472396850586
44.569007943,21.334102630615234
44.619007944,21.336673736572266
44.669007945,21.33863067626953
44.719007946,21.340299606323242
44.769007946,21.341394424438477
44.819007947,21.341941833496094
44.869007948,21.34375762939453
44.919007949,21.345542907714844
44.969007949,21.346433639526367
45.01900795,21.346860885620117
45.069007951,21.347393035888672
45.119007952,21.3485107421875
45.169007952,21.35016441345215
45.219007953,21.351856231689453
45.269007954,21.3526554107666
45.319007955000004,21.353137969970703
45.369007955,21.352895736694336
45.419007956,21.35209083557129
45.469007957,21.35270881652832
45.519007958,21.353145599365234
45.569007958,21.35289192199707
45.619007959,21.352651596069336
45.66900796,21.35251808166504
45.71900796,21.35352325439453
45.769007961,21.355005264282227
45.819007962,21.35613250732422
45.869007963,21.356653213500977
45.919007963,21.35713005065918
45.969007964,21.3575382232666
46.019007965,21.359495162963867
46.069007966,21.362598419189453
46.119007966,21.365766525268555
46.169007967,21.369531631469727
46.219007968,21.373254776000977
46.269007969,21.37692642211914
46.319007969,21.37958526611328
46.36900797,21.381607055664062
46.419007971,21.382667541503906
46.469007972,21.38242530822754
46.519007972,21.383270263671875
46.569007973,21.38441276550293
46.619007974,21.385034561157227
46.669007975,21.38528823852539
46.719007975,21.384925842285156
46.769007976,21.38413429260254
46.819007977,21.38307762145996
46.869007978,21.38201332092285
46.919007978,21.38099479675293
46.969007979,21.380170822143555
47.01900798,21.37968635559082
47.069007981,21.379594802856445
47.119007981,21.380048751831055
47.169007982,21.381210327148438
47.219007983,21.38228988647461
47.269007984,21.383039474487305
47.319007984,21.3835506439209
47.369007985,21.384016036987305
47.419007986,21.38406753540039
47.469007987,21.385236740112305
47.519007987,21.38688850402832
47.569007988,21.388153076171875
47.619007989,21.387983322143555
47.66900799,21.387086868286133
47.71900799,21.387269973754883
47.769007991,21.387893676757812
47.819007992,21.39000701904297
47.869007993,21.391523361206055
47.919007993,21.392122268676758
47.969007994,21.39369010925293
48.019007995,21.394990921020508
48.069007996,21.396413803100586
48.119007996,21.39902687072754
48.169007997,21.402904510498047
48.219007998,21.40628433227539
48.269007998,21.409196853637695
48.319007999,21.41130828857422
48.369008,21.412734985351562
48.419008001,21.41579818725586
48.469008001,21.419174194335938
48.519008002,21.421754837036133
48.569008003,21.42296600341797
48.619008004,21.4226131439209
48.669008004,21.42188262939453
48.719008005,21.421783447265625
48.769008006,21.42255973815918
48.819008007,21.42395782470703
48.869008007,21.42565155029297
48.919008008,21.42753028869629
48.969008009,21.42947769165039
49.01900801,21.431081771850586
49.06900801,21.431682586669922
49.119008011,21.431272506713867
49.169008012,21.429670333862305
49.219008013,21.427907943725586
49.269008013,21.42584800720215
49.319008014,21.423927307128906
49.369008015,21.422826766967773
49.419008016,21.42291831970215
49.469008016,21.424047470092773
49.519008017,21.425920486450195
49.569008018,21.428386688232422
49.619008019,21.43096160888672
49.669008019,21.43288230895996
49.71900802,21.434810638427734
49.769008021,21.43602180480957
49.819008022,21.436662673950195
49.869008022,21.437925338745117
49.919008023,21.439176559448242
49.969008024,21.440082550048828
50.019008025,21.440649032592773
50.069008025,21.44110679626465
50.119008026,21.44173240661621
50.169008027,21.442277908325195
50.219008028,21.443126678466797
50.269008028,21.44405174255371
50.319008029,21.444467544555664
50.36900803,21.444374084472656
50.419008031,21.444963455200195
50.469008031,21.4455623626709
50.519008032,21.44607925415039
50.569008033,21.446533203125
50.619008034,21.44692611694336
50.669008034,21.447277069091797
50.719008035,21.447101593017578
50.769008036,21.448009490966797
50.819008036,21.448354721069336
50.869008037,21.44835090637207
50.919008038,21.447830200195312
50.969008039,21.44641876220703
51.019008039,21.44406509399414
51.06900804,21.441802978515625
51.119008041,21.439607620239258
51.169008042,21.438125610351562
51.219008042,21.437992095947266
51.269008043,21.437881469726562
51.319008044,21.439655303955078
51.369008045,21.441755294799805
51.419008045,21.443307876586914
51.469008046,21.44426155090332
51.519008047,21.443845748901367
51.569008048,21.443883895874023
51.619008048,21.442516326904297
51.669008049,21.4410343170166
51.71900805,21.440061569213867
51.769008051,21.439834594726562
51.819008051,21.440298080444336
51.869008052,21.44129180908203
51.919008053,21.442663192749023
51.969008054,21.444028854370117
52.019008054,21.44525718688965
52.069008055,21.446327209472656
52.119008056,21.447277069091797
52.169008057,21.44818878173828
52.219008057,21.44907569885254
52.269008058,21.44991683959961
52.319008059,21.45054054260254
52.36900806,21.45075035095215
52.41900806,21.450632095336914
52.469008061,21.45026969909668
52.519008062,21.44976234436035
52.569008063,21.449371337890625
52.619008063,21.449140548706055
52.669008064,21.4488525390625
52.719008065,21.448543548583984
52.769008066,21.44846534729004
52.819008066,21.448820114135742
52.869008067,21.44943618774414
52.919008068,21.4500732421875
52.969008069,21.449766159057617
53.019008069,21.436912536621094
53.06900807,21.43881607055664
53.119008071,21.43644142150879
53.169008071,21.438840866088867
53.219008072,21.442808151245117
53.269008073,21.45022201538086
53.319008074,21.456981658935547
53.369008074,21.46340560913086
53.419008075,21.471288681030273
53.469008076,21.48032569885254
53.519008077,21.488685607910156
53.569008077,21.49481773376465
53.619008078,21.499879837036133
53.669008079,21.505207061767578
53.71900808,21.511171340942383
53.76900808,21.516756057739258
53.819008081,21.52198600769043
53.869008082,21.526756286621094
53.919008083,21.530454635620117
53.969008083,21.535327911376953
54.019008084,21.540447235107422
54.069008085,21.54340171813965
54.119008086,21.545194625854492
54.169008086,21.546249389648438
54.219008087,21.54722023010254
54.269008088,21.548797607421875
54.319008089,21.551265716552734
54.369008089,21.554594039916992
54.41900809,21.558259963989258
54.469008091,21.56157875061035
54.519008092,21.56389045715332
54.569008092,21.56502342224121
54.619008093,21.564655303955078
54.669008094,21.56291961669922
54.719008095,21.56134605407715
54.769008095,21.559593200683594
54.819008096,21.557828903198242
54.869008097,21.556964874267578
54.919008098,21.556398391723633
54.969008098,21.556045532226562
55.019008099,21.55552101135254
55.0690081,21.554590225219727
55.119008101,21.5537166595459
55.169008101,21.55278968811035
55.219008102,21.551950454711914
55.269008103,21.551671981811523
55.319008104,21.551767349243164
55.369008104,21.552154541015625
55.419008105,21.551881790161133
55.469008106,21.549043655395508
55.519008107,21.546642303466797
55.569008107,21.545480728149414
55.619008108,21.544273376464844
55.669008109,21.542951583862305
55.719008109,21.541885375976562
55.76900811,21.541196823120117
55.819008111,21.541004180908203
55.869008112,21.541927337646484
55.919008112,21.5430965423584
55.969008113,21.543760299682617
56.019008114,21.54402732849121
56.069008115,21.54393768310547
56.119008115,21.543527603149414
56.169008116,21.54266929626465
56.219008117,21.54109764099121
56.269008118,21.538715362548828
56.319008118,21.535675048828125
56.369008119,21.532264709472656
56.41900812,21.5286865234375
56.469008121,21.52484893798828
56.519008121,21.520652770996094
56.569008122,21.516403198242188
56.619008123,21.512313842773438
56.669008124,21.50839614868164
56.719008124,21.505380630493164
56.769008125,21.504194259643555
56.819008126,21.50398063659668
56.869008127,21.504179000854492
56.919008127,21.50482177734375
56.969008128,21.506704330444336
57.019008129,21.50921058654785
57.06900813,21.511085510253906
57.11900813,21.511024475097656
57.169008131,21.50994300842285
57.219008132,21.5090389251709
57.269008133,21.50789451599121
57.319008133,21.506528854370117
57.369008134,21.505023956298828
57.419008135,21.503190994262695
57.469008136,21.499574661254883
57.519008136,21.4941463470459
57.569008137,21.489118576049805
57.619008138,21.48324203491211
57.669008139,21.477519989013672
57.719008139,21.473020553588867
57.76900814,21.46900177001953
57.819008141,21.465511322021484
57.869008142,21.462495803833008
57.919008142,21.459897994995117
57.969008143,21.4576416015625
58.019008144,21.454849243164062
58.069008145,21.451274871826172
58.119008145,21.448272705078125
58.169008146,21.446720123291016
58.219008147,21.44586753845215
58.269008147,21.445463180541992
58.319008148,21.44533920288086
58.369008149,21.44363021850586
58.41900815,21.43796157836914
58.46900815,21.43184471130371
58.519008151,21.42797088623047
58.569008152,21.4241943359375
58.619008153,21.418594360351562
58.669008153,21.41364860534668
58.719008154,21.409833908081055
58.769008155,21.404699325561523
58.819008156,21.397977828979492
58.869008156,21.392654418945312
58.919008157,21.388715744018555
58.969008158,21.383970260620117
59.019008159,21.380216598510742
59.069008159,21.379091262817383
59.11900816,21.38003158569336
59.169008161,21.379968643188477
59.219008162,21.377164840698242
59.269008162,21.37452507019043
59.319008163,21.374357223510742
59.369008164,21.37580680847168
59.419008165,21.378311157226562
59.469008165,21.3798770904541
59.519008166,21.378934860229492
59.569008167,21.376447677612305
59.619008168,21.375621795654297
59.669008168,21.376176834106445
59.719008169,21.37799644470215
59.76900817,21.380468368530273
59.819008171,21.381412506103516
59.869008171,21.379274368286133
59.919008172,21.374835968017578
59.969008173,21.37023162841797
60.019008174,21.367624282836914
60.069008174,21.36711883544922
60.119008175,21.367834091186523
60.169008176,21.367616653442383
60.219008177,21.36493492126465
60.269008177,21.360870361328125
60.319008178,21.356637954711914
60.369008179,21.35360336303711
60.41900818,21.349496841430664
60.46900818,21.34522247314453
60.519008181,21.340805053710938
60.569008182,21.337631225585938
60.619008183,21.337491989135742
60.669008183,21.337081909179688
60.719008184,21.33424186706543
60.769008185,21.33040428161621
60.819008185,21.3278751373291
60.869008186,21.328176498413086
60.919008187,21.32900047302246
60.969008188000004,21.32981300354004
61.019008188,21.331478118896484
61.069008189,21.330575942993164
61.11900819,21.329240798950195
61.169008191,21.3290958404541
61.219008191,21.32926368713379
61.269008192,21.331308364868164
61.319008193,21.33411979675293
61.369008194,21.335634231567383
61.419008194,21.333480834960938
61.469008195,21.32880973815918
61.519008196,21.323251724243164
61.569008197,21.318843841552734
61.619008197,21.317235946655273
61.669008198,21.316984176635742
61.719008199,21.31660270690918
61.7690082,21.31584358215332
61.8190082,21.31226348876953
61.869008201,21.30912208557129
61.919008202,21.308687210083008
61.969008203,21.31048583984375
62.019008203,21.312170028686523
62.069008204,21.312856674194336
62.119008205,21.31308937072754
62.169008206,21.313093185424805
62.219008206,21.311918258666992
62.269008207,21.311288833618164
62.319008208,21.310455322265625
62.369008209,21.30972671508789
62.419008209,21.310728073120117
62.46900821,21.313114166259766
62.519008211,21.31465721130371
62.569008212,21.314477920532227
62.619008212,21.313491821289062
62.669008213,21.311447143554688
62.719008214,21.309425354003906
62.769008215,21.30759620666504
62.819008215,21.305322647094727
62.869008216,21.30359649658203
62.919008217,21.30201530456543
62.969008218,21.299955368041992
63.019008218,21.299039840698242
63.069008219,21.2992000579834
63.11900822,21.30035400390625
63.169008221,21.302215576171875
63.219008221,21.304582595825195
63.269008222,21.306882858276367
63.319008223,21.307579040527344
63.369008223,21.306556701660156
63.419008224,21.305408477783203
63.469008225,21.305540084838867
63.519008226,21.305448532104492
63.569008226,21.305479049682617
63.619008227,21.3064022064209
63.669008228,21.307861328125
63.719008229,21.30827522277832
63.769008229,21.309322357177734
63.81900823,21.31087875366211
63.869008231,21.313308715820312
63.919008232,21.316007614135742
63.969008232,21.31853675842285
64.019008233,21.321008682250977
64.069008234,21.322940826416016
64.119008235,21.3228702545166
64.169008235,21.3201961517334
64.219008236,21.315786361694336
64.269008237,21.31068992614746
64.319008238,21.30305290222168
64.369008238,21.290136337280273
64.419008239,21.2714786529541
64.46900824,21.244247436523438
64.519008241,21.205928802490234
64.569008241,21.159015655517578
64.619008242,21.10687255859375
64.669008243,21.052291870117188
64.719008244,20.99704360961914
64.769008244,20.940017700195312
64.819008245,20.881465911865234
64.869008246,20.820953369140625
64.919008247,20.748756408691406
64.969008247,20.658985137939453
65.019008248,20.554847717285156
65.069008249,20.440603256225586
65.11900825,20.321462631225586
65.16900825,20.197797775268555
65.219008251,20.067996978759766
65.269008252,19.932153701782227
65.319008253,19.795703887939453
65.369008253,19.662826538085938
65.419008254,19.533130645751953
65.469008255,19.405529022216797
65.519008256,19.281843185424805
65.569008256,19.16242790222168
65.619008257,19.042024612426758
65.669008258,18.919193267822266
65.719008259,18.796232223510742
65.769008259,18.673219680786133
65.81900826,18.552417755126953
65.869008261,18.435871124267578
65.919008261,18.322629928588867
65.969008262,18.212074279785156
66.019008263,18.103914260864258
66.069008264,17.99371910095215
66.119008264,17.878570556640625
66.169008265,17.759366989135742
66.219008266,17.638572692871094
66.269008267,17.5217342376709
66.319008267,17.40932273864746
66.369008268,17.303239822387695
66.419008269,17.2069149017334
66.46900827,17.120481491088867
66.51900827,17.041011810302734
66.569008271,16.966819763183594
66.619008272,16.892547607421875
66.669008273,16.81601333618164
66.719008273,16.73486328125
66.769008274,16.64885711669922
66.819008275,16.556489944458008
66.869008276,16.45217514038086
66.919008276,16.341251373291016
66.969008277,16.224958419799805
67.019008278,16.105791091918945
67.069008279,15.991593360900879
67.119008279,15.888819694519043
67.16900828,15.801082611083984
67.219008281,15.732582092285156
67.269008282,15.68372631072998
67.319008282,15.650385856628418
67.369008283,15.629105567932129
67.419008284,15.616162300109863
67.469008285,15.607392311096191
67.519008285,15.599207878112793
67.569008286,15.590706825256348
67.619008287,15.583778381347656
67.669008288,15.57210636138916
67.719008288,15.554842948913574
67.769008289,15.53604507446289
67.81900829,15.51192855834961
67.869008291,15.481224060058594
67.919008291,15.444838523864746
67.969008292,15.40056324005127
68.019008293,15.338988304138184
68.069008294,15.254361152648926
68.119008294,15.144025802612305
68.169008295,15.136103630065918
68.219008296,15.123676300048828
68.269008297,14.82196044921875
68.319008297,14.493430137634277
68.369008298,14.196480751037598
68.419008299,13.934091567993164
68.469008299,13.715828895568848
68.5190083,13.548492431640625
68.569008301,13.431021690368652
68.619008302,13.349743843078613
68.669008302,13.302178382873535
68.719008303,13.289756774902344
68.769008304,13.302699089050293
68.819008305,13.33261775970459
68.869008305,13.373472213745117
68.919008306,13.424915313720703
68.969008307,13.481317520141602
69.019008308,13.537076950073242
69.069008308,13.592961311340332
69.119008309,13.646625518798828
69.16900831,13.694706916809082
69.219008311,13.737606048583984
69.269008311,13.77114200592041
69.319008312,13.79581356048584
69.369008313,13.820560455322266
69.419008314,13.841118812561035
69.469008314,13.857626914978027
69.519008315,13.86727523803711
69.569008316,13.877995491027832
69.619008317,13.884567260742188
69.669008317,13.887837409973145
69.719008318,13.890565872192383
69.769008319,13.889437675476074
69.81900832,13.888166427612305
69.86900832,13.885832786560059
69.919008321,13.884166717529297
69.969008322,13.877513885498047
70.019008323,13.866938591003418
70.069008323,13.866372108459473
70.119008324,13.866922378540039
70.169008325,13.871389389038086
70.219008326,13.871807098388672
70.269008326,13.875205993652344
70.319008327,13.878567695617676
70.369008328,13.880784034729004
70.419008329,13.884159088134766
70.469008329,13.881260871887207
70.51900833,13.87860107421875
70.569008331,13.879179954528809
70.619008332,13.88232707977295
70.669008332,13.880966186523438
70.719008333,13.883520126342773
70.769008334,13.887384414672852
70.819008335,13.893227577209473
70.869008335,13.900877952575684
70.919008336,13.907130241394043
70.969008337,13.915895462036133
71.019008337,13.929996490478516
71.069008338,13.943669319152832
71.119008339,13.957408905029297
71.16900834,13.969878196716309
71.21900834,13.986987113952637
71.269008341,14.006786346435547
71.319008342,14.026419639587402
71.369008343,14.049332618713379
71.419008343,14.067529678344727
71.469008344,14.089876174926758
71.519008345,14.10899829864502
71.569008346,14.129105567932129
71.619008346,14.151150703430176
71.669008347,14.16811752319336
71.719008348,14.186960220336914
71.769008349,14.20506477355957
71.819008349,14.226228713989258
71.86900835,14.244544982910156
71.919008351,14.262327194213867
71.969008352,14.279818534851074
72.019008352,14.297316551208496
72.069008353,14.318353652954102
72.119008354,14.3417387008667
72.169008355,14.363835334777832
72.219008355,14.379610061645508
72.269008356,14.393505096435547
72.319008357,14.404727935791016
72.369008358,14.411231994628906
72.419008358,14.416604042053223
72.469008359,14.423147201538086
72.51900836,14.431661605834961
72.569008361,14.442752838134766
72.619008361,14.44803237915039
72.669008362,14.448543548583984
72.719008363,14.442179679870605
72.769008364,14.4303617477417
72.819008364,14.414546966552734
72.869008365,14.403865814208984
72.919008366,14.400989532470703
72.969008367,14.398833274841309
73.019008367,14.404349327087402
73.069008368,14.42470932006836
73.119008369,14.471388816833496
73.16900837,14.540306091308594
73.21900837,14.624831199645996
73.269008371,14.72913932800293
73.319008372,14.8360595703125
73.369008373,14.95390796661377
73.419008373,15.08080005645752
73.469008374,15.212628364562988
73.519008375,15.349061965942383
73.569008375,15.488808631896973
73.619008376,15.62408447265625
73.669008377,15.752464294433594
73.719008378,15.880437850952148
73.769008378,16.006427764892578
73.819008379,16.13542938232422
73.86900838,16.25918197631836
73.919008381,16.38433265686035
73.969008381,16.512624740600586
74.019008382,16.63984489440918
74.069008383,16.61897850036621
74.119008384,16.592920303344727
74.169008384,16.797121047973633
74.219008385,17.03666114807129
74.269008386,17.242969512939453
74.319008387,17.42668342590332
74.369008387,17.59795570373535
74.419008388,17.75477409362793
74.469008389,17.901159286499023
74.51900839,18.043119430541992
74.56900839,18.181442260742188
74.619008391,18.315101623535156
74.669008392,18.446603775024414
74.719008393,18.57632064819336
74.76900839300001,18.702903747558594
74.819008394,18.825523376464844
74.869008395,18.948652267456055
74.919008396,19.068004608154297
74.969008396,19.189725875854492
75.019008397,19.3099365234375
75.069008398,19.433086395263672
75.119008399,19.554975509643555
75.169008399,19.677541732788086
75.2190084,19.802709579467773
75.269008401,19.926694869995117
75.319008402,20.047080993652344
75.369008402,20.163429260253906
75.419008403,20.273576736450195
75.469008404,20.374162673950195
75.519008405,20.466535568237305
75.569008405,20.5515079498291
75.619008406,20.6320743560791
75.669008407,20.708181381225586
75.719008408,20.780414581298828
75.769008408,20.84964370727539
75.819008409,20.915613174438477
75.86900841,20.97723388671875
75.919008411,21.033613204956055
75.969008411,21.084012985229492
76.019008412,21.12814712524414
76.069008413,21.167091369628906
76.119008413,21.2008113861084
76.169008414,21.229389190673828
76.219008415,21.252655029296875
76.269008416,21.271121978759766
76.319008416,21.285085678100586
76.369008417,21.295255661010742
76.419008418,21.303855895996094
76.469008419,21.309879302978516
76.519008419,21.312414169311523
76.56900842,21.312255859375
76.619008421,21.3101749420166
76.669008422,21.307205200195312
76.719008422,21.30424690246582
76.769008423,21.302602767944336
76.819008424,21.301546096801758
76.869008425,21.300926208496094
76.919008425,21.30060386657715
76.969008426,21.300506591796875
77.019008427,21.30030632019043
77.069008428,21.29973030090332
77.119008428,21.298236846923828
77.169008429,21.295963287353516
77.21900843,21.294660568237305
77.269008431,21.292648315429688
77.319008431,21.289600372314453
77.369008432,21.287208557128906
77.419008433,21.284664154052734
77.469008434,21.28271484375
77.519008434,21.282392501831055
77.569008435,21.28304100036621
77.619008436,21.284395217895508
77.669008437,21.285564422607422
77.719008437,21.28668975830078
77.769008438,21.287534713745117
77.819008439,21.28775978088379
77.86900844,21.28717041015625
77.91900844,21.28611183166504
77.969008441,21.28338623046875
78.019008442,21.278873443603516
78.069008443,21.27220344543457
78.119008443,21.266433715820312
78.169008444,21.261962890625
78.219008445,21.258222579956055
78.269008446,21.255977630615234
78.319008446,21.254539489746094
78.369008447,21.253854751586914
78.419008448,21.25352668762207
78.469008448,21.25235939025879
78.519008449,21.249755859375
78.56900845,21.245498657226562
78.619008451,21.240596771240234
78.669008451,21.233869552612305
78.719008452,21.223970413208008
78.769008453,21.21226692199707
78.819008454,21.203630447387695
78.869008454,21.191307067871094
78.919008455,21.17120361328125
78.969008456,21.14593505859375
79.019008457,21.118921279907227
79.069008457,21.09218406677246
79.119008458,21.06462287902832
79.169008459,21.035505294799805
79.21900846,21.004344940185547
79.26900846,20.97089958190918
79.319008461,20.93341636657715
79.369008462,20.890762329101562
79.419008463,20.84479331970215
79.469008463,20.800064086914062
79.519008464,20.754024505615234
79.569008465,20.70631980895996
79.619008466,20.657825469970703
79.669008466,20.603595733642578
79.719008467,20.543062210083008
79.769008468,20.483491897583008
79.819008469,20.426326751708984
79.869008469,20.367389678955078
79.91900847,20.3050537109375
79.969008471,20.236251831054688
80.019008472,20.15774917602539
80.069008472,20.07215690612793
80.119008473,19.9836368560791
80.169008474,19.89103126525879
80.219008475,19.79686737060547
80.269008475,19.70665168762207
80.319008476,19.62043571472168
80.369008477,19.536128997802734
80.419008478,19.451383590698242
80.469008478,19.369659423828125
80.51900847900001,19.29034996032715
80.56900848,19.212116241455078
80.619008481,19.134902954101562
80.669008481,19.05689811706543
80.719008482,18.98333168029785
80.769008483,18.90815544128418
80.819008484,18.831283569335938
80.869008484,18.753992080688477
80.919008485,18.677135467529297
80.969008486,18.60159683227539
81.019008486,18.527782440185547
81.069008487,18.455644607543945
81.119008488,18.384458541870117
81.169008489,18.314403533935547
81.219008489,18.247573852539062
81.26900849,18.183652877807617
81.319008491,18.122085571289062
81.369008492,18.062755584716797
81.419008492,18.005664825439453
81.469008493,17.95000648498535
81.519008494,17.89337730407715
81.569008495,17.837665557861328
81.619008495,17.786293029785156
81.669008496,17.738431930541992
81.719008497,17.694929122924805
81.769008498,17.65422248840332
81.819008498,17.61604118347168
81.869008499,17.582130432128906
81.9190085,17.55118751525879
81.969008501,17.522808074951172
82.019008501,17.496660232543945
82.069008502,17.473569869995117
82.119008503,17.451948165893555
82.169008504,17.431087493896484
82.219008504,17.410812377929688
82.269008505,17.386964797973633
82.319008506,17.358585357666016
82.369008507,17.32393455505371
82.419008507,17.28338050842285
82.469008508,17.239442825317383
82.519008509,17.198116302490234
82.56900851,17.162538528442383
82.61900851,17.131061553955078
82.669008511,17.1069278717041
82.719008512,17.088027954101562
82.769008513,17.07093048095703
82.819008513,17.060407638549805
82.869008514,17.053865432739258
82.919008515,17.044292449951172
82.969008516,17.034282684326172
83.019008516,17.029050827026367
83.069008517,17.028526306152344
83.119008518,17.03113555908203
83.169008519,17.035633087158203
83.219008519,17.040918350219727
83.26900852,17.047861099243164
83.319008521,17.055856704711914
83.369008522,17.062944412231445
83.419008522,17.071462631225586
83.469008523,17.078357696533203
83.519008524,17.08123779296875
83.569008524,17.080585479736328
83.619008525,17.07773208618164
83.669008526,17.07844352722168
83.719008527,17.081140518188477
83.769008527,17.08515739440918
83.819008528,17.09007453918457
83.869008529,17.095874786376953
83.91900853,17.1014347076416
83.96900853,17.105030059814453
84.019008531,17.10636329650879
84.069008532,17.109195709228516
84.119008533,17.11188316345215
84.169008533,17.11371421813965
84.219008534,17.115812301635742
84.269008535,17.11707305908203
84.319008536,17.11282730102539
84.369008536,17.111257553100586
84.419008537,17.11096954345703
84.469008538,17.110233306884766
84.519008539,17.106443405151367
84.569008539,17.100446701049805
84.61900854,17.092529296875
84.669008541,17.0880069732666
84.719008542,17.0850772857666
84.769008542,17.08014678955078
84.819008543,17.07459259033203
84.869008544,17.068540573120117
84.919008545,17.06441307067871
84.969008545,17.063508987426758
85.019008546,17.061811447143555
85.069008547,17.059757232666016
85.119008548,17.0549373626709
85.169008548,17.050975799560547
85.219008549,17.04990005493164
85.26900855,17.051427841186523
85.319008551,17.055692672729492
85.369008551,17.06028175354004
85.419008552,17.059200286865234
85.469008553,17.058242797851562
85.519008554,17.058380126953125
85.569008554,17.058095932006836
85.619008555,17.060129165649414
85.669008556,17.060251235961914
85.719008557,17.0583438873291
85.769008557,17.054954528808594
85.819008558,17.049898147583008
85.869008559,17.045392990112305
85.91900856,17.040668487548828
85.96900856,17.04265785217285
86.019008561,17.046558380126953
86.069008562,17.052324295043945
86.119008562,17.05702018737793
86.169008563,17.055572509765625
86.219008564,17.051721572875977
86.26900856500001,17.050960540771484
86.319008565,17.052322387695312
86.369008566,17.054933547973633
86.419008567,17.056150436401367
86.469008568,17.055843353271484
86.519008568,17.059179306030273
86.569008569,17.063255310058594
86.61900857,17.069091796875
86.669008571,17.075895309448242
86.719008571,17.082822799682617
86.769008572,17.088781356811523
86.819008573,17.095735549926758
86.869008574,17.101024627685547
86.919008574,17.101709365844727
86.969008575,17.105125427246094
87.019008576,17.10547637939453
87.069008577,17.099712371826172
87.119008577,17.09048080444336
87.169008578,17.079421997070312
87.219008579,17.07090187072754
87.26900858,17.061702728271484
87.31900858,17.05673599243164
87.369008581,17.0509033203125
87.419008582,17.051586151123047
87.469008583,17.054712295532227
87.519008583,17.057004928588867
87.569008584,17.057626724243164
87.619008585,17.056896209716797
87.669008586,17.0565242767334
87.719008586,17.05595588684082
87.769008587,17.052169799804688
87.819008588,17.046655654907227
87.869008589,17.049922943115234
87.919008589,17.055322647094727
87.96900859,17.058317184448242
88.019008591,17.058147430419922
88.069008592,17.05420684814453
88.119008592,17.048721313476562
88.169008593,17.04925537109375
88.219008594,17.052692413330078
88.269008595,17.05716323852539
88.319008595,17.06130599975586
88.369008596,17.06365203857422
88.419008597,17.065244674682617
88.469008598,17.06875991821289
88.519008598,17.073280334472656
88.569008599,17.07840919494629
88.6190086,17.083942413330078
88.6690086,17.089855194091797
88.719008601,17.095848083496094
88.769008602,17.10186767578125
88.819008603,17.10591697692871
88.869008603,17.107683181762695
88.919008604,17.111286163330078
88.969008605,17.113554000854492
89.019008606,17.116304397583008
89.069008606,17.118005752563477
89.119008607,17.114765167236328
89.169008608,17.113779067993164
89.219008609,17.11396598815918
89.269008609,17.111236572265625
89.31900861,17.10601234436035
89.369008611,17.103952407836914
89.419008612,17.099559783935547
89.469008612,17.093198776245117
89.519008613,17.085058212280273
89.569008614,17.080659866333008
89.619008615,17.079849243164062
89.669008615,17.08100700378418
89.719008616,17.08371353149414
89.769008617,17.08779525756836
89.819008618,17.091394424438477
89.869008618,17.09291648864746
89.919008619,17.096651077270508
89.96900862,17.100740432739258
90.019008621,17.103614807128906
90.069008621,17.107223510742188
90.119008622,17.111621856689453
90.169008623,17.11477279663086
90.219008624,17.116065979003906
90.269008624,17.110536575317383
90.319008625,17.105892181396484
90.369008626,17.1005916595459
90.419008627,17.094242095947266
90.469008627,17.087663650512695
90.519008628,17.084632873535156
90.569008629,17.08551788330078
90.61900863,17.087806701660156
90.66900863,17.091365814208984
90.719008631,17.095136642456055
90.769008632,17.09816551208496
90.819008633,17.097326278686523
90.869008633,17.099334716796875
90.919008634,17.102344512939453
90.969008635,17.104766845703125
91.019008636,17.10731315612793
91.069008636,17.10984992980957
91.119008637,17.11246681213379
91.169008638,17.114450454711914
91.219008638,17.115402221679688
91.269008639,17.110857009887695
91.31900864,17.104053497314453
91.369008641,17.098119735717773
91.419008641,17.09463882446289
91.469008642,17.093257904052734
91.519008643,17.092355728149414
91.569008644,17.09381103515625
91.619008644,17.096450805664062
91.669008645,17.099468231201172
91.719008646,17.103242874145508
91.769008647,17.106231689453125
91.819008647,17.104793548583984
91.869008648,17.102937698364258
91.919008649,17.10198974609375
91.96900865,17.103195190429688
92.01900865,17.103857040405273
92.069008651,17.100879669189453
92.119008652,17.09849739074707
92.169008653,17.093727111816406
92.219008653,17.08711051940918
92.269008654,17.081666946411133
92.319008655,17.0793514251709
92.369008656,17.078468322753906
92.419008656,17.078317642211914
92.469008657,17.078960418701172
92.519008658,17.080543518066406
92.569008659,17.084381103515625
92.619008659,17.089740753173828
92.66900866,17.09514808654785
92.719008661,17.100282669067383
92.769008662,17.10338592529297
92.819008662,17.10281753540039
92.869008663,17.101072311401367
92.919008664,17.10004425048828
92.969008665,17.100725173950195
93.019008665,17.102537155151367
93.069008666,17.10306167602539
93.119008667,17.101299285888672
93.169008668,17.096790313720703
93.219008668,17.09003448486328
93.269008669,17.08270263671875
93.31900867,17.079694747924805
93.369008671,17.079912185668945
93.419008671,17.081722259521484
93.469008672,17.08495330810547
93.519008673,17.08812713623047
93.569008674,17.087385177612305
93.619008674,17.087549209594727
93.669008675,17.086111068725586
93.719008676,17.081708908081055
93.769008676,17.077173233032227
93.819008677,17.0761775970459
93.869008678,17.076875686645508
93.919008679,17.079425811767578
93.969008679,17.084991455078125
94.01900868,17.0929012298584
94.069008681,17.09977149963379
94.119008682,17.103485107421875
94.169008682,17.104951858520508
94.219008683,17.105558395385742
94.269008684,17.109172821044922
94.319008685,17.117271423339844
94.369008685,17.13176918029785
94.419008686,17.1512451171875
94.469008687,17.173412322998047
94.519008688,17.1968936920166
94.569008688,17.222557067871094
94.619008689,17.249034881591797
94.66900869,17.279104232788086
94.719008691,17.30965805053711
94.769008691,17.339195251464844
94.819008692,17.369596481323242
94.869008693,17.40176773071289
94.919008694,17.433218002319336
94.969008694,17.461181640625
95.019008695,17.48836898803711
95.069008696,17.516986846923828
95.119008697,17.54917335510254
95.169008697,17.587642669677734
95.219008698,17.629323959350586
95.269008699,17.673080444335938
95.3190087,17.718849182128906
95.3690087,17.76339340209961
95.419008701,17.81061553955078
95.469008702,17.861513137817383
95.519008703,17.916370391845703
95.569008703,17.975156784057617
95.619008704,18.039432525634766
95.669008705,18.110454559326172
95.719008706,18.18553924560547
95.769008706,18.264127731323242
95.819008707,18.344684600830078
95.869008708,18.42685890197754
95.919008709,18.51096534729004
95.969008709,18.59980583190918
96.01900871,18.690824508666992
96.069008711,18.782913208007812
96.119008712,18.876462936401367
96.169008712,18.970006942749023
96.219008713,19.063068389892578
96.269008714,19.15507698059082
96.319008714,19.246618270874023
96.369008715,19.336456298828125
96.419008716,19.42828941345215
96.469008717,19.521827697753906
96.519008717,19.614578247070312
96.569008718,19.705589294433594
96.61900871899999,19.794963836669922
96.66900872,19.88348388671875
96.71900872,19.97079086303711
96.769008721,20.056673049926758
96.819008722,20.14374351501465
96.869008723,20.22886848449707
96.919008723,20.3128604888916
96.969008724,20.39653968811035
97.019008725,20.47901725769043
97.069008726,20.56112289428711
97.119008726,20.642032623291016
97.169008727,20.722476959228516
97.219008728,20.801498413085938
97.269008729,20.874109268188477
97.319008729,20.94700050354004
97.36900873,21.016468048095703
97.419008731,21.080324172973633
97.469008732,21.13751220703125
97.519008732,21.18756675720215
97.569008733,21.230125427246094
97.619008734,21.265798568725586
97.669008735,21.29422378540039
97.719008735,21.31474494934082
97.769008736,21.327491760253906
97.819008737,21.337095260620117
97.869008738,21.3420467376709
97.919008738,21.341684341430664
97.969008739,21.33509063720703
98.01900874,21.325157165527344
98.069008741,21.313426971435547
98.119008741,21.30171012878418
98.169008742,21.29103660583496
98.219008743,21.283039093017578
98.269008744,21.279006958007812
98.319008744,21.279434204101562
98.369008745,21.284576416015625
98.419008746,21.29311752319336
98.469008747,21.304302215576172
98.519008747,21.315885543823242
98.569008748,21.326658248901367
98.619008749,21.33597755432129
98.66900875,21.343782424926758
98.71900875,21.34995460510254
98.769008751,21.353965759277344
98.819008752,21.35575294494629
98.869008752,21.354928970336914
98.919008753,21.352611541748047
98.969008754,21.34902000427246
99.019008755,21.345256805419922
99.069008755,21.34222412109375
99.119008756,21.339963912963867
99.169008757,21.339805603027344
99.219008758,21.340469360351562
99.269008758,21.341768264770508
99.319008759,21.343664169311523
99.36900876,21.346298217773438
99.419008761,21.348878860473633
99.469008761,21.350576400756836
99.519008762,21.351593017578125
99.569008763,21.352102279663086
99.619008764,21.352161407470703
99.669008764,21.351776123046875
99.719008765,21.351102828979492
99.769008766,21.3518123626709
99.819008767,21.352909088134766
99.869008767,21.352798461914062
99.919008768,21.352327346801758
99.969008769,21.351825714111328
100.01900877,21.351436614990234
100.06900877,21.351390838623047
100.119008771,21.351551055908203
100.169008772,21.35181999206543
100.219008773,21.351306915283203
100.269008773,21.349035263061523
100.319008774,21.34513282775879
100.369008775,21.339122772216797
100.419008776,21.33244514465332
100.469008776,21.326004028320312
100.519008777,21.319318771362305
100.569008778,21.31477165222168
100.619008779,21.30876350402832
100.669008779,21.300256729125977
100.71900878,21.288593292236328
100.769008781,21.269481658935547
100.819008782,21.2448787689209
100.869008782,21.219371795654297
100.919008783,21.191890716552734
100.969008784,21.162317276000977
101.019008785,21.13169288635254
101.069008785,21.09662628173828
101.119008786,21.056493759155273
101.169008787,21.013763427734375
101.219008788,20.969369888305664
101.269008788,20.92164421081543
101.319008789,20.870046615600586
101.36900879,20.81810760498047
101.41900879,20.765350341796875
101.469008791,20.708253860473633
101.519008792,20.646484375
101.569008793,20.581193923950195
101.619008793,20.508563995361328
101.669008794,20.42865562438965
101.719008795,20.344573974609375
101.769008796,20.25399398803711
101.819008796,20.163419723510742
101.869008797,20.075130462646484
101.919008798,19.98455047607422
101.969008799,19.89179801940918
102.019008799,19.797908782958984
102.0690088,19.70497703552246
102.119008801,19.612741470336914
102.169008802,19.524003982543945
102.219008802,19.43561363220215
102.269008803,19.346731185913086
102.319008804,19.259521484375
102.36900880499999,19.17329216003418
102.419008805,19.088415145874023
102.469008806,19.006044387817383
102.519008807,18.92691993713379
102.569008808,18.84933853149414
102.619008808,18.77284049987793
102.669008809,18.696569442749023
102.71900881,18.622377395629883
102.769008811,18.552003860473633
102.819008811,18.483978271484375
102.869008812,18.415924072265625
102.919008813,18.34868049621582
102.969008814,18.284582138061523
103.019008814,18.223615646362305
103.069008815,18.163536071777344
103.119008816,18.10390853881836
103.169008817,18.042882919311523
103.219008817,17.983301162719727
103.269008818,17.926061630249023
103.319008819,17.871538162231445
103.36900882,17.82002830505371
103.41900882,17.771390914916992
103.469008821,17.72528076171875
103.519008822,17.681673049926758
103.569008823,17.63979721069336
103.619008823,17.598539352416992
103.669008824,17.55716323852539
103.719008825,17.5151309967041
103.769008825,17.47303009033203
103.819008826,17.431339263916016
103.869008827,17.390329360961914
103.919008828,17.35262680053711
103.969008828,17.3174991607666
104.019008829,17.288183212280273
104.06900883,17.262237548828125
104.119008831,17.239587783813477
104.169008831,17.22122573852539
104.219008832,17.20936393737793
104.269008833,17.20680046081543
104.319008834,17.2111873626709
104.369008834,17.22040367126465
104.419008835,17.231348037719727
104.469008836,17.24222755432129
104.519008837,17.251787185668945
104.569008837,17.258731842041016
104.619008838,17.26235008239746
104.669008839,17.26256561279297
104.71900884,17.265201568603516
104.76900884,17.268630981445312
104.819008841,17.270700454711914
104.869008842,17.27001953125
104.919008843,17.268543243408203
104.969008843,17.268259048461914
105.019008844,17.26630401611328
105.069008845,17.259920120239258
105.119008846,17.254182815551758
105.169008846,17.249448776245117
105.219008847,17.24508285522461
105.269008848,17.244152069091797
105.319008849,17.245534896850586
105.369008849,17.24920654296875
105.41900885,17.255695343017578
105.469008851,17.263877868652344
105.519008852,17.271812438964844
105.569008852,17.278181076049805
105.619008853,17.283002853393555
105.669008854,17.287206649780273
105.719008855,17.291723251342773
105.769008855,17.297210693359375
105.819008856,17.301219940185547
105.869008857,17.30281639099121
105.919008858,17.303930282592773
105.969008858,17.306238174438477
106.019008859,17.308019638061523
106.06900886,17.308128356933594
106.119008861,17.307296752929688
106.169008861,17.307065963745117
106.219008862,17.307537078857422
106.269008863,17.306015014648438
106.319008863,17.30316734313965
106.369008864,17.299434661865234
106.419008865,17.297210693359375
106.469008866,17.29633331298828
106.51900886600001,17.295467376708984
106.569008867,17.296796798706055
106.619008868,17.29743766784668
106.669008869,17.29534912109375
106.719008869,17.293354034423828
106.76900887,17.292682647705078
106.819008871,17.292314529418945
106.869008872,17.2907657623291
106.919008872,17.28814125061035
106.969008873,17.287620544433594
107.019008874,17.291234970092773
107.069008875,17.294584274291992
107.119008875,17.296546936035156
107.169008876,17.297500610351562
107.219008877,17.29904556274414
107.269008878,17.301240921020508
107.319008878,17.301847457885742
107.369008879,17.301132202148438
107.41900888,17.299421310424805
107.469008881,17.29985809326172
107.519008881,17.30177879333496
107.569008882,17.30268669128418
107.619008883,17.303281784057617
107.669008884,17.30402374267578
107.719008884,17.304893493652344
107.769008885,17.305219650268555
107.819008886,17.30358123779297
107.869008887,17.299585342407227
107.919008887,17.2940731048584
107.969008888,17.288782119750977
108.019008889,17.28313636779785
108.06900889,17.2777156829834
108.11900889,17.27288246154785
108.169008891,17.27106475830078
108.219008892,17.272367477416992
108.269008893,17.276098251342773
108.319008893,17.280725479125977
108.369008894,17.285799026489258
108.419008895,17.291400909423828
108.469008896,17.29657554626465
108.519008896,17.30033302307129
108.569008897,17.304580688476562
108.619008898,17.30893325805664
108.669008899,17.312084197998047
108.719008899,17.313690185546875
108.7690089,17.313312530517578
108.819008901,17.30962371826172
108.869008901,17.303064346313477
108.919008902,17.29537010192871
108.969008903,17.290231704711914
109.019008904,17.288490295410156
109.069008904,17.290283203125
109.119008905,17.295129776000977
109.169008906,17.299448013305664
109.219008907,17.30075454711914
109.269008907,17.3022403717041
109.319008908,17.304460525512695
109.369008909,17.30636978149414
109.41900891,17.309003829956055
109.46900891,17.312416076660156
109.519008911,17.31451988220215
109.569008912,17.314470291137695
109.619008913,17.313404083251953
109.669008913,17.3139705657959
109.719008914,17.313627243041992
109.769008915,17.311668395996094
109.819008916,17.3099422454834
109.869008916,17.308155059814453
109.919008917,17.305522918701172
109.969008918,17.303632736206055
110.019008919,17.299571990966797
110.069008919,17.292667388916016
110.11900892,17.285646438598633
110.169008921,17.279325485229492
110.219008922,17.275177001953125
110.269008922,17.27342987060547
110.319008923,17.271678924560547
110.369008924,17.267911911010742
110.419008925,17.264284133911133
110.469008925,17.259103775024414
110.519008926,17.2536678314209
110.569008927,17.249629974365234
110.619008928,17.249343872070312
110.669008928,17.25104331970215
110.719008929,17.254375457763672
110.76900893,17.258020401000977
110.819008931,17.26288604736328
110.869008931,17.268325805664062
110.919008932,17.271516799926758
110.969008933,17.274023056030273
111.019008934,17.274524688720703
111.069008934,17.272220611572266
111.119008935,17.26712989807129
111.169008936,17.261064529418945
111.219008937,17.257543563842773
111.269008937,17.256160736083984
111.319008938,17.256452560424805
111.369008939,17.258251190185547
111.419008939,17.261619567871094
111.46900894,17.26917266845703
111.519008941,17.281692504882812
111.569008942,17.29581642150879
111.619008942,17.306753158569336
111.669008943,17.31378173828125
111.719008944,17.316761016845703
111.769008945,17.31736183166504
111.819008945,17.31775665283203
111.869008946,17.317867279052734
111.919008947,17.317602157592773
111.969008948,17.318004608154297
112.019008948,17.31706428527832
112.069008949,17.31458854675293
112.11900895,17.31279182434082
112.169008951,17.309892654418945
112.219008951,17.305543899536133
112.269008952,17.302162170410156
112.319008953,17.30023765563965
112.369008954,17.298608779907227
112.419008954,17.296384811401367
112.469008955,17.293712615966797
112.519008956,17.29128646850586
112.569008957,17.2885684967041
112.619008957,17.286619186401367
112.669008958,17.282377243041992
112.719008959,17.277767181396484
112.76900896,17.274871826171875
112.81900896,17.27455711364746
112.869008961,17.275161743164062
112.919008962,17.27754783630371
112.969008963,17.28115463256836
113.019008963,17.283916473388672
113.069008964,17.28481101989746
113.119008965,17.283449172973633
113.169008966,17.280431747436523
113.219008966,17.277774810791016
113.269008967,17.274311065673828
113.319008968,17.271060943603516
113.369008969,17.26973533630371
113.419008969,17.26967430114746
113.46900897,17.26944351196289
113.519008971,17.269817352294922
113.569008972,17.270923614501953
113.619008972,17.272336959838867
113.669008973,17.27157211303711
113.719008974,17.271713256835938
113.769008975,17.27532958984375
113.819008975,17.280370712280273
113.869008976,17.285314559936523
113.919008977,17.28970718383789
113.969008977,17.29332733154297
114.019008978,17.295574188232422
114.069008979,17.29491424560547
114.11900898,17.294742584228516
114.16900898,17.294424057006836
114.219008981,17.294200897216797
114.269008982,17.293487548828125
114.319008983,17.29200553894043
114.369008983,17.29261589050293
114.419008984,17.293792724609375
114.469008985,17.29574966430664
114.519008986,17.299013137817383
114.569008986,17.302343368530273
114.619008987,17.30286979675293
114.669008988,17.30011558532715
114.719008989,17.294292449951172
114.769008989,17.287853240966797
114.81900899,17.282922744750977
114.869008991,17.28266143798828
114.919008992,17.283769607543945
114.969008992,17.284664154052734
115.019008993,17.285354614257812
115.069008994,17.282197952270508
115.119008995,17.276880264282227
115.169008995,17.27372169494629
115.219008996,17.27316665649414
115.269008997,17.27342414855957
115.319008998,17.271259307861328
115.369008998,17.268108367919922
115.419008999,17.266416549682617
115.469009,17.267269134521484
115.519009001,17.268762588500977
115.569009001,17.270654678344727
115.619009002,17.27174186706543
115.669009003,17.27012062072754
115.719009004,17.267478942871094
115.769009004,17.264381408691406
115.819009005,17.265024185180664
115.869009006,17.27069091796875
115.919009007,17.277069091796875
115.969009007,17.28262710571289
116.019009008,17.286691665649414
116.069009009,17.290973663330078
116.11900901,17.295351028442383
116.16900901,17.29642677307129
116.219009011,17.294509887695312
116.269009012,17.292587280273438
116.319009013,17.29121208190918
116.369009013,17.28971290588379
116.419009014,17.28849220275879
116.469009015,17.286666870117188
116.519009015,17.287015914916992
116.569009016,17.290023803710938
116.619009017,17.29539680480957
116.669009018,17.302358627319336
116.719009018,17.30988311767578
116.769009019,17.318153381347656
116.81900902,17.328521728515625
116.869009021,17.34052085876465
116.919009021,17.352922439575195
116.969009022,17.36284637451172
117.019009023,17.3712158203125
117.069009024,17.3807430267334
117.119009024,17.39152717590332
117.169009025,17.404584884643555
117.219009026,17.420129776000977
117.269009027,17.437929153442383
117.319009027,17.458009719848633
117.369009028,17.481420516967773
117.419009029,17.508893966674805
117.46900903,17.538240432739258
117.51900903,17.56894302368164
117.569009031,17.596359252929688
117.619009032,17.62161636352539
117.669009033,17.649341583251953
117.719009033,17.677162170410156
117.769009034,17.70712661743164
117.819009035,17.743633270263672
117.869009036,17.780763626098633
117.919009036,17.818830490112305
117.969009037,17.85927963256836
118.019009038,17.901611328125
118.069009039,17.94476890563965
118.119009039,17.989255905151367
118.16900904,18.03421974182129
118.219009041,18.0837345123291
118.269009042,18.1389217376709
118.319009042,18.195968627929688
118.369009043,18.257465362548828
118.419009044,18.32337188720703
118.469009045,18.393098831176758
118.519009045,18.4626522064209
118.569009046,18.534826278686523
118.619009047,18.61178207397461
118.669009048,18.69345474243164
118.719009048,18.777883529663086
118.769009049,18.86105728149414
118.81900905,18.941686630249023
118.869009051,19.023788452148438
118.919009051,19.107677459716797
118.969009052,19.19106101989746
119.019009053,19.274927139282227
119.069009053,19.356857299804688
119.119009054,19.436279296875
119.169009055,19.51756477355957
119.219009056,19.59865379333496
119.269009056,19.681941986083984
119.319009057,19.76304054260254
119.369009058,19.842126846313477
119.419009059,19.920969009399414
119.469009059,19.999500274658203
119.51900906,20.078330993652344
119.569009061,20.156526565551758
119.619009062,20.233068466186523
119.669009062,20.310253143310547
119.719009063,20.38732147216797
119.769009064,20.464479446411133
119.819009065,20.54218864440918
119.869009065,20.61920928955078
119.919009066,20.695171356201172
119.969009067,20.770347595214844
120.019009068,20.844629287719727
120.069009068,20.916231155395508
120.119009069,20.984439849853516
120.16900907,21.045801162719727
120.219009071,21.104629516601562
120.269009071,21.159208297729492
120.319009072,21.2084903717041
120.369009073,21.251493453979492
120.419009074,21.288415908813477
120.469009074,21.3184757232666
120.519009075,21.34138298034668
120.569009076,21.356735229492188
120.619009077,21.368295669555664
120.669009077,21.374147415161133
120.719009078,21.37315559387207
120.769009079,21.365346908569336
120.81900908,21.354825973510742
120.86900908,21.34197235107422
120.919009081,21.327966690063477
120.969009082,21.3155574798584
121.019009083,21.30573081970215
121.069009083,21.2999210357666
121.119009084,21.298263549804688
121.169009085,21.30011558532715
121.219009086,21.304616928100586
121.269009086,21.311351776123047
121.319009087,21.319711685180664
121.369009088,21.328548431396484
121.419009089,21.3367919921875
121.469009089,21.343461990356445
121.51900909,21.34811782836914
121.569009091,21.350725173950195
121.619009091,21.351139068603516
121.669009092,21.349899291992188
121.719009093,21.34799575805664
121.769009094,21.346145629882812
121.819009094,21.34490966796875
121.869009095,21.34515380859375
121.919009096,21.346464157104492
121.969009097,21.34800910949707
122.019009097,21.348783493041992
122.069009098,21.34880256652832
122.119009099,21.348283767700195
122.1690091,21.347679138183594
122.2190091,21.34798812866211
122.269009101,21.348819732666016
122.319009102,21.350191116333008
122.369009103,21.35234832763672
122.419009103,21.35431480407715
122.469009104,21.355552673339844
122.519009105,21.356006622314453
122.569009106,21.356491088867188
122.619009106,21.357271194458008
122.669009107,21.35727882385254
122.719009108,21.357051849365234
122.769009109,21.35664939880371
122.819009109,21.356876373291016
122.86900911,21.35739517211914
122.919009111,21.3574275970459
122.969009112,21.356962203979492
123.019009112,21.356061935424805
123.069009113,21.355587005615234
123.119009114,21.3560791015625
123.169009115,21.357297897338867
123.219009115,21.358976364135742
123.269009116,21.360891342163086
123.319009117,21.36286163330078
123.369009118,21.364303588867188
123.419009118,21.364404678344727
123.469009119,21.36391258239746
123.51900912,21.362728118896484
123.569009121,21.361024856567383
123.619009121,21.35901641845703
123.669009122,21.35735321044922
123.719009123,21.35636329650879
123.76900912400001,21.356035232543945
123.819009124,21.35618782043457
123.869009125,21.35617446899414
123.919009126,21.35602569580078
123.969009127,21.355459213256836
124.019009127,21.354907989501953
124.069009128,21.355504989624023
124.119009129,21.356889724731445
124.169009129,21.358110427856445
124.21900913,21.358753204345703
124.269009131,21.358800888061523
124.319009132,21.359277725219727
124.369009132,21.359769821166992
124.419009133,21.36004638671875
124.469009134,21.3597469329834
124.519009135,21.3590030670166
124.569009135,21.358013153076172
124.619009136,21.35693359375
124.669009137,21.356117248535156
124.719009138,21.356449127197266
124.769009138,21.357568740844727
124.819009139,21.358694076538086
124.86900914,21.359024047851562
124.919009141,21.358835220336914
124.969009141,21.35843276977539
125.019009142,21.358110427856445
125.069009143,21.358203887939453
125.119009144,21.358585357666016
125.169009144,21.358394622802734
125.219009145,21.358078002929688
125.269009146,21.357938766479492
125.319009147,21.35811424255371
125.369009147,21.357473373413086
125.419009148,21.35679817199707
125.469009149,21.356454849243164
125.51900915,21.35702133178711
125.56900915,21.358280181884766
125.619009151,21.359987258911133
125.669009152,21.361400604248047
125.719009153,21.361589431762695
125.769009153,21.36079978942871
125.819009154,21.359527587890625
125.869009155,21.35822868347168
125.919009156,21.357316970825195
125.969009156,21.356945037841797
126.019009157,21.357192993164062
126.069009158,21.35814094543457
126.119009159,21.359045028686523
126.169009159,21.35909080505371
126.21900916,21.358551025390625
126.269009161,21.357757568359375
126.319009162,21.35673713684082
126.369009162,21.355789184570312
126.419009163,21.35540771484375
126.469009164,21.355854034423828
126.519009165,21.35651969909668
126.569009165,21.35736846923828
126.619009166,21.357561111450195
126.669009167,21.356931686401367
126.719009167,21.356149673461914
126.769009168,21.35556983947754
126.819009169,21.354745864868164
126.86900917,21.35407066345215
126.91900917,21.353107452392578
126.969009171,21.35226821899414
127.019009172,21.351594924926758
127.069009173,21.35070037841797
127.119009173,21.350065231323242
127.169009174,21.349658966064453
127.219009175,21.349740982055664
127.269009176,21.35036277770996
127.319009176,21.35127067565918
127.369009177,21.352317810058594
127.419009178,21.352890014648438
127.469009179,21.352439880371094
127.519009179,21.351675033569336
127.56900918,21.351470947265625
127.619009181,21.35037612915039
127.669009182,21.34829330444336
127.719009182,21.345561981201172
127.769009183,21.342937469482422
127.819009184,21.340839385986328
127.869009185,21.33977508544922
127.919009185,21.340246200561523
127.969009186,21.34212875366211
128.019009187,21.3453369140625
128.069009188,21.34879493713379
128.119009188,21.35153579711914
128.169009189,21.354019165039062
128.21900919,21.35619354248047
128.269009191,21.357467651367188
128.319009191,21.357412338256836
128.369009192,21.355762481689453
128.419009193,21.353097915649414
128.469009194,21.34925651550293
128.519009194,21.345056533813477
128.569009195,21.34136390686035
128.619009196,21.339189529418945
128.669009197,21.33869171142578
128.719009197,21.339094161987305
128.769009198,21.339895248413086
128.819009199,21.340652465820312
128.8690092,21.34150505065918
128.9190092,21.342832565307617
128.969009201,21.344192504882812
129.019009202,21.345142364501953
129.069009202,21.345409393310547
129.119009203,21.34459114074707
129.169009204,21.343095779418945
129.219009205,21.341358184814453
129.269009205,21.34005355834961
129.319009206,21.339237213134766
129.369009207,21.338863372802734
129.419009208,21.33867073059082
129.469009208,21.339313507080078
129.519009209,21.340702056884766
129.56900921,21.34235191345215
129.619009211,21.343612670898438
129.669009211,21.344297409057617
129.719009212,21.344778060913086
129.769009213,21.345062255859375
129.819009214,21.345565795898438
129.869009214,21.34710121154785
129.919009215,21.349319458007812
129.969009216,21.351360321044922
130.019009217,21.352373123168945
130.069009217,21.35272979736328
130.119009218,21.35273551940918
130.169009219,21.352230072021484
130.21900922,21.351713180541992
130.26900922,21.351604461669922
130.319009221,21.352039337158203
130.369009222,21.352800369262695
130.419009223,21.353965759277344
130.469009223,21.355710983276367
130.519009224,21.35780143737793
130.569009225,21.35955047607422
130.619009226,21.36018943786621
130.66900922600001,21.36018943786621
130.719009227,21.359617233276367
130.769009228,21.358564376831055
130.819009229,21.357501983642578
130.869009229,21.357515335083008
130.91900923,21.35813331604004
130.969009231,21.358797073364258
131.019009232,21.35902214050293
131.069009232,21.35833168029785
131.119009233,21.356924057006836
131.169009234,21.355777740478516
131.219009235,21.35453224182129
131.269009235,21.353397369384766
131.319009236,21.35226821899414
131.369009237,21.352928161621094
131.419009238,21.354419708251953
131.469009238,21.355913162231445
131.519009239,21.35658836364746
131.56900924,21.35669708251953
131.61900924,21.3561954498291
131.669009241,21.35555076599121
131.719009242,21.355207443237305
131.769009243,21.3553409576416
131.819009243,21.355772018432617
131.869009244,21.356386184692383
131.919009245,21.357284545898438
131.969009246,21.358680725097656
132.019009246,21.359880447387695
132.069009247,21.360061645507812
132.119009248,21.359588623046875
132.169009249,21.35874366760254
132.219009249,21.357606887817383
132.26900925,21.3563175201416
132.319009251,21.355552673339844
132.369009252,21.355621337890625
132.419009252,21.356056213378906
132.469009253,21.35668182373047
132.519009254,21.357666015625
132.569009255,21.35898208618164
132.619009255,21.3602237701416
132.669009256,21.361202239990234
132.719009257,21.36113739013672
132.769009258,21.360422134399414
132.819009258,21.359336853027344
132.869009259,21.357969284057617
132.91900926,21.3564510345459
132.969009261,21.355466842651367
133.019009261,21.355493545532227
133.069009262,21.3564453125
133.119009263,21.357778549194336
133.169009264,21.359172821044922
133.219009264,21.36073112487793
133.269009265,21.361576080322266
133.319009266,21.361434936523438
133.369009267,21.360673904418945
133.419009267,21.35947608947754
133.469009268,21.358055114746094
133.519009269,21.356609344482422
133.56900927,21.35565185546875
133.61900927,21.355953216552734
133.669009271,21.3570556640625
133.719009272,21.358699798583984
133.769009273,21.360170364379883
133.819009273,21.36067771911621
133.869009274,21.36042594909668
133.919009275,21.35959243774414
133.969009276,21.35848617553711
134.019009276,21.357513427734375
134.069009277,21.356874465942383
134.119009278,21.35701560974121
134.169009278,21.358123779296875
134.219009279,21.359779357910156
134.26900928,21.361658096313477
134.319009281,21.36356544494629
134.369009281,21.364728927612305
134.419009282,21.3643856048584
134.469009283,21.363441467285156
134.519009284,21.36182403564453
134.569009284,21.35861587524414
134.619009285,21.354612350463867
134.669009286,21.35055160522461
134.719009287,21.347299575805664
134.769009287,21.345102310180664
134.819009288,21.343896865844727
134.869009289,21.344345092773438
134.91900929,21.345645904541016
134.96900929,21.347673416137695
135.019009291,21.350215911865234
135.069009292,21.352434158325195
135.119009293,21.35359001159668
135.169009293,21.35420036315918
135.219009294,21.354265213012695
135.269009295,21.354272842407227
135.319009296,21.354990005493164
135.369009296,21.355833053588867
135.419009297,21.35637855529785
135.469009298,21.355918884277344
135.519009299,21.3555965423584
135.569009299,21.354843139648438
135.6190093,21.35573387145996
135.669009301,21.35673713684082
135.719009302,21.35698127746582
135.769009302,21.35666847229004
135.819009303,21.356063842773438
135.869009304,21.355802536010742
135.919009305,21.356502532958984
135.969009305,21.357860565185547
136.019009306,21.359663009643555
136.069009307,21.36146354675293
136.119009308,21.36280059814453
136.169009308,21.363468170166016
136.219009309,21.363040924072266
136.26900931,21.36096954345703
136.319009311,21.358890533447266
136.369009311,21.35788345336914
136.41900931200001,21.356470108032227
136.469009313,21.355552673339844
136.519009314,21.355613708496094
136.569009314,21.356597900390625
136.619009315,21.358190536499023
136.669009316,21.359638214111328
136.719009316,21.360137939453125
136.769009317,21.36012077331543
136.819009318,21.359619140625
136.869009319,21.360198974609375
136.919009319,21.360017776489258
136.96900932,21.359699249267578
137.019009321,21.358728408813477
137.069009322,21.359413146972656
137.119009322,21.360570907592773
137.169009323,21.361553192138672
137.219009324,21.361623764038086
137.269009325,21.36187171936035
137.319009325,21.361082077026367
137.369009326,21.360483169555664
137.419009327,21.35917854309082
137.469009328,21.356590270996094
137.519009328,21.352825164794922
137.569009329,21.34813117980957
137.61900933,21.343128204345703
137.669009331,21.33765983581543
137.719009331,21.330350875854492
137.769009332,21.322357177734375
137.819009333,21.316055297851562
137.869009334,21.310190200805664
137.919009334,21.300060272216797
137.969009335,21.286962509155273
138.019009336,21.271177291870117
138.069009337,21.252756118774414
138.119009337,21.231870651245117
138.169009338,21.21123504638672
138.219009339,21.19068717956543
138.26900934,21.1701602935791
138.31900934,21.148656845092773
138.369009341,21.124340057373047
138.419009342,21.097660064697266
138.469009343,21.066904067993164
138.519009343,21.03037452697754
138.569009344,20.99004554748535
138.619009345,20.944250106811523
138.669009346,20.892478942871094
138.719009346,20.834306716918945
138.769009347,20.769065856933594
138.819009348,20.703962326049805
138.869009349,20.63782501220703
138.919009349,20.561437606811523
138.96900935,20.48041343688965
139.019009351,20.399072647094727
139.069009352,20.314664840698242
139.119009352,20.226930618286133
139.169009353,20.134830474853516
139.219009354,20.04129409790039
139.269009354,19.947742462158203
139.319009355,19.849021911621094
139.369009356,19.7510986328125
139.419009357,19.647138595581055
139.469009357,19.53742027282715
139.519009358,19.423059463500977
139.569009359,19.307493209838867
139.61900936,19.193843841552734
139.66900936,19.08284568786621
139.719009361,18.977519989013672
139.769009362,18.872360229492188
139.819009363,18.76731300354004
139.869009363,18.664480209350586
139.919009364,18.5655574798584
139.969009365,18.467103958129883
140.019009366,18.371706008911133
140.069009366,18.28215980529785
140.119009367,18.194913864135742
140.169009368,18.112398147583008
140.219009369,18.03395652770996
140.269009369,17.959230422973633
140.31900937,17.888633728027344
140.369009371,17.821638107299805
140.419009372,17.756765365600586
140.469009372,17.6910400390625
140.519009373,17.62763023376465
140.569009374,17.565387725830078
140.619009375,17.505834579467773
140.669009375,17.450809478759766
140.719009376,17.397851943969727
140.769009377,17.344690322875977
140.819009378,17.290584564208984
140.869009378,17.236061096191406
140.919009379,17.18072509765625
140.96900938,17.124868392944336
141.019009381,17.069915771484375
141.069009381,17.019399642944336
141.119009382,16.97345733642578
141.169009383,16.9301815032959
141.219009384,16.889772415161133
141.269009384,16.8521785736084
141.319009385,16.81847381591797
141.369009386,16.789594650268555
141.419009387,16.763452529907227
141.469009387,16.741207122802734
141.519009388,16.72443962097168
141.569009389,16.712797164916992
141.61900939,16.705625534057617
141.66900939,16.701322555541992
141.719009391,16.701921463012695
141.769009392,16.70463752746582
141.819009392,16.710405349731445
141.869009393,16.716047286987305
141.919009394,16.723297119140625
141.969009395,16.728824615478516
142.019009395,16.731630325317383
142.069009396,16.735118865966797
142.119009397,16.73753547668457
142.169009398,16.739768981933594
142.219009398,16.73704719543457
142.269009399,16.731760025024414
142.3190094,16.72484588623047
142.369009401,16.718469619750977
142.419009401,16.711711883544922
142.469009402,16.7048282623291
142.519009403,16.699329376220703
142.569009404,16.69512176513672
142.619009404,16.690753936767578
142.669009405,16.689697265625
142.719009406,16.69040870666504
142.769009407,16.6928653717041
142.819009407,16.695329666137695
142.869009408,16.697465896606445
142.919009409,16.70026397705078
142.96900941,16.70376968383789
143.01900941,16.70630645751953
143.069009411,16.706462860107422
143.119009412,16.707178115844727
143.169009413,16.708248138427734
143.219009413,16.70902442932129
143.269009414,16.708660125732422
143.319009415,16.710060119628906
143.369009416,16.71229362487793
143.419009416,16.715240478515625
143.469009417,16.717172622680664
143.519009418,16.72063636779785
143.569009419,16.722293853759766
143.619009419,16.7246150970459
143.66900942,16.72641944885254
143.719009421,16.728670120239258
143.769009422,16.730422973632812
143.819009422,16.731225967407227
143.869009423,16.732383728027344
143.919009424,16.733333587646484
143.969009425,16.734527587890625
144.019009425,16.735044479370117
144.069009426,16.735631942749023
144.119009427,16.737796783447266
144.169009428,16.739072799682617
144.219009428,16.741302490234375
144.269009429,16.742713928222656
144.31900943,16.74587059020996
144.36900943,16.75023651123047
144.419009431,16.75271224975586
144.469009432,16.755577087402344
144.519009433,16.756736755371094
144.569009433,16.757646560668945
144.619009434,16.758161544799805
144.669009435,16.758590698242188
144.719009436,16.75665855407715
144.769009436,16.754425048828125
144.819009437,16.75278091430664
144.869009438,16.750118255615234
144.919009439,16.747966766357422
144.969009439,16.74628448486328
145.01900944,16.744016647338867
145.069009441,16.741783142089844
145.119009442,16.73928451538086
145.169009442,16.735097885131836
145.219009443,16.73295783996582
145.269009444,16.730493545532227
145.319009445,16.727523803710938
145.369009445,16.72132110595703
145.419009446,16.716093063354492
145.469009447,16.71169662475586
145.519009448,16.706172943115234
145.569009448,16.70144271850586
145.619009449,16.698068618774414
145.66900945,16.69890785217285
145.719009451,16.700706481933594
145.769009451,16.700834274291992
145.819009452,16.704917907714844
145.869009453,16.709182739257812
145.919009454,16.712566375732422
145.969009454,16.71456527709961
146.019009455,16.716962814331055
146.069009456,16.720409393310547
146.119009457,16.724641799926758
146.169009457,16.7275390625
146.219009458,16.728971481323242
146.269009459,16.728708267211914
146.31900946,16.730247497558594
146.36900946,16.732267379760742
146.419009461,16.733806610107422
146.469009462,16.734729766845703
146.519009463,16.734209060668945
146.569009463,16.73352813720703
146.619009464,16.733543395996094
146.669009465,16.732038497924805
146.719009466,16.730350494384766
146.769009466,16.72780418395996
146.819009467,16.726179122924805
146.869009468,16.72525405883789
146.919009468,16.724641799926758
146.969009469,16.724834442138672
147.01900947,16.7260799407959
147.069009471,16.72772789001465
147.119009471,16.724958419799805
147.169009472,16.722829818725586
147.219009473,16.72279167175293
147.269009474,16.72474479675293
147.319009474,16.72743797302246
147.369009475,16.728248596191406
147.419009476,16.728910446166992
147.469009477,16.729469299316406
147.519009477,16.729597091674805
147.569009478,16.731285095214844
147.619009479,16.73430061340332
147.66900948,16.737079620361328
147.71900948,16.739898681640625
147.769009481,16.741107940673828
147.819009482,16.742586135864258
147.869009483,16.743961334228516
147.919009483,16.744688034057617
147.969009484,16.744190216064453
148.019009485,16.739660263061523
148.069009486,16.735153198242188
148.119009486,16.730636596679688
148.169009487,16.725666046142578
148.219009488,16.720247268676758
148.269009489,16.71662712097168
148.319009489,16.71391487121582
148.36900949,16.711505889892578
148.419009491,16.70783805847168
148.469009492,16.708377838134766
148.519009492,16.711483001708984
148.569009493,16.71614646911621
148.619009494,16.720684051513672
148.669009495,16.724241256713867
148.719009495,16.728343963623047
148.769009496,16.73291015625
148.819009497,16.736482620239258
148.869009498,16.738937377929688
148.919009498,16.74233055114746
148.969009499,16.746171951293945
149.0190095,16.747316360473633
149.069009501,16.748615264892578
149.119009501,16.749584197998047
149.169009502,16.751163482666016
149.219009503,16.75322151184082
149.269009504,16.75360107421875
149.319009504,16.756010055541992
149.369009505,16.75770378112793
149.419009506,16.757610321044922
149.469009506,16.755779266357422
149.519009507,16.753454208374023
149.569009508,16.750810623168945
149.619009509,16.747703552246094
149.669009509,16.745420455932617
149.71900951,16.744388580322266
149.769009511,16.742544174194336
149.819009512,16.741701126098633
149.869009512,16.7399845123291
149.919009513,16.734594345092773
149.969009514,16.731225967407227
150.019009515,16.728071212768555
150.069009515,16.725374221801758
150.119009516,16.72382926940918
150.169009517,16.723012924194336
150.219009518,16.721860885620117
150.269009518,16.722511291503906
150.319009519,16.722604751586914
150.36900952,16.721216201782227
150.419009521,16.72087287902832
150.469009521,16.720436096191406
150.519009522,16.719860076904297
150.569009523,16.71874237060547
150.619009524,16.719223022460938
150.669009524,16.718887329101562
150.719009525,16.720767974853516
150.769009526,16.723325729370117
150.819009527,16.72234535217285
150.869009527,16.721628189086914
150.919009528,16.721834182739258
150.969009529,16.723236083984375
151.01900953,16.723651885986328
151.06900953,16.72368621826172
151.119009531,16.722774505615234
151.169009532,16.722795486450195
151.219009533,16.724590301513672
151.269009533,16.726041793823242
151.319009534,16.728515625
151.369009535,16.732421875
151.419009536,16.736452102661133
151.469009536,16.738971710205078
151.519009537,16.740398406982422
151.569009538,16.741971969604492
151.619009539,16.744094848632812
151.669009539,16.744916915893555
151.71900954,16.7453670501709
151.769009541,16.745975494384766
151.819009541,16.7437801361084
151.869009542,16.739700317382812
151.919009543,16.737268447875977
151.969009544,16.735477447509766
152.019009544,16.73452377319336
152.069009545,16.734830856323242
152.119009546,16.73607635498047
152.169009547,16.736276626586914
152.219009547,16.738218307495117
152.269009548,16.741439819335938
152.319009549,16.744258880615234
152.36900955,16.747413635253906
152.41900955,16.7504940032959
152.469009551,16.753707885742188
152.519009552,16.756479263305664
152.569009553,16.759084701538086
152.619009553,16.762739181518555
152.669009554,16.767906188964844
152.719009555,16.773332595825195
152.769009556,16.780961990356445
152.819009556,16.789167404174805
152.869009557,16.795652389526367
152.919009558,16.80609893798828
152.969009559,16.818960189819336
153.019009559,16.832176208496094
153.06900956,16.84737205505371
153.119009561,16.86302375793457
153.169009562,16.876829147338867
153.219009562,16.89303207397461
153.269009563,16.911476135253906
153.319009564,16.929607391357422
153.369009565,16.947614669799805
153.419009565,16.966325759887695
153.469009566,16.98500633239746
153.519009567,17.004091262817383
153.569009568,17.021495819091797
153.619009568,17.04033660888672
153.669009569,17.060590744018555
153.71900957,17.08235740661621
153.769009571,17.104694366455078
153.819009571,17.128320693969727
153.869009572,17.152904510498047
153.919009573,17.178516387939453
153.969009574,17.206172943115234
154.019009574,17.231840133666992
154.069009575,17.25810432434082
154.119009576,17.284805297851562
154.169009577,17.31252098083496
154.219009577,17.342456817626953
154.269009578,17.37368392944336
154.319009579,17.405067443847656
154.369009579,17.435436248779297
154.41900958,17.465343475341797
154.469009581,17.496721267700195
154.519009582,17.529727935791016
154.569009582,17.567564010620117
154.619009583,17.608617782592773
154.669009584,17.649394989013672
154.719009585,17.692657470703125
154.769009585,17.73662757873535
154.819009586,17.779638290405273
154.869009587,17.826139450073242
154.919009588,17.878252029418945
154.969009588,17.9328670501709
155.019009589,17.988040924072266
155.06900959,18.048274993896484
155.119009591,18.11163330078125
155.169009591,18.179262161254883
155.219009592,18.248659133911133
155.269009593,18.321001052856445
155.319009594,18.3952579498291
155.369009594,18.4710750579834
155.419009595,18.550853729248047
155.469009596,18.6353816986084
155.519009597,18.722728729248047
155.569009597,18.810834884643555
155.619009598,18.899517059326172
155.669009599,18.9898681640625
155.7190096,19.081684112548828
155.7690096,19.17527961730957
155.819009601,19.27141571044922
155.869009602,19.368505477905273
155.919009603,19.465303421020508
155.969009603,19.56064796447754
156.019009604,19.653959274291992
156.069009605,19.747758865356445
156.119009606,19.841922760009766
156.169009606,19.933368682861328
156.219009607,20.025379180908203
156.269009608,20.1148624420166
156.319009609,20.201160430908203
156.369009609,20.28550148010254
156.41900961,20.368661880493164
156.469009611,20.448448181152344
156.519009612,20.52550506591797
156.569009612,20.599224090576172
156.619009613,20.669452667236328
156.669009614,20.735116958618164
156.719009615,20.79631805419922
156.769009615,20.851720809936523
156.819009616,20.900745391845703
156.869009617,20.944229125976562
156.919009617,20.983596801757812
156.969009618,21.017744064331055
157.019009619,21.047603607177734
157.06900962,21.07414436340332
157.11900962,21.099769592285156
157.169009621,21.125099182128906
157.219009622,21.15119171142578
157.269009623,21.17853355407715
157.319009623,21.206314086914062
157.369009624,21.234819412231445
157.419009625,21.25996208190918
157.469009626,21.284290313720703
157.519009626,21.304439544677734
157.569009627,21.32025146484375
157.619009628,21.33629035949707
157.669009629,21.34308433532715
157.719009629,21.348369598388672
157.76900963,21.346649169921875
157.819009631,21.33962631225586
157.869009632,21.330669403076172
157.919009632,21.320594787597656
157.969009633,21.309249877929688
158.019009634,21.298614501953125
158.069009635,21.289867401123047
158.119009635,21.28281021118164
158.169009636,21.27572250366211
158.219009637,21.26321029663086
158.269009638,21.246015548706055
158.319009638,21.228487014770508
158.369009639,21.20768928527832
158.41900964,21.180858612060547
158.469009641,21.14850425720215
158.519009641,21.109132766723633
158.569009642,21.063814163208008
158.619009643,21.013988494873047
158.669009644,20.96255874633789
158.719009644,20.910001754760742
158.769009645,20.857873916625977
158.819009646,20.804800033569336
158.869009647,20.743928909301758
158.919009647,20.6771183013916
158.969009648,20.609437942504883
159.019009649,20.538419723510742
159.06900965,20.4650936126709
159.11900965,20.394439697265625
159.169009651,20.322792053222656
159.219009652,20.248409271240234
159.269009653,20.168413162231445
159.319009653,20.083019256591797
159.369009654,19.990062713623047
159.419009655,19.89006996154785
159.469009655,19.785907745361328
159.519009656,19.67438316345215
159.569009657,19.55736541748047
159.619009658,19.435543060302734
159.669009658,19.312501907348633
159.719009659,19.191728591918945
159.76900966,19.074037551879883
159.819009661,18.958860397338867
159.869009661,18.843700408935547
159.919009662,18.728498458862305
159.969009663,18.61658477783203
160.019009664,18.507041931152344
160.069009664,18.400314331054688
160.119009665,18.29796600341797
160.169009666,18.198631286621094
160.219009667,18.104408264160156
160.269009667,18.0145206451416
160.319009668,17.926889419555664
160.369009669,17.84066390991211
160.41900967,17.761497497558594
160.46900967,17.685537338256836
160.519009671,17.612302780151367
160.569009672,17.542556762695312
160.619009673,17.47559356689453
160.669009673,17.40886688232422
160.719009674,17.34209442138672
160.769009675,17.27773666381836
160.819009676,17.21839141845703
160.869009676,17.161840438842773
160.919009677,17.105398178100586
160.969009678,17.04594612121582
161.019009679,16.985008239746094
161.069009679,16.924293518066406
161.11900968,16.867341995239258
161.169009681,16.81534194946289
161.219009682,16.766286849975586
161.269009682,16.722496032714844
161.319009683,16.68535804748535
161.369009684,16.650266647338867
161.419009685,16.61969566345215
161.469009685,16.59110450744629
161.519009686,16.564361572265625
161.569009687,16.53841781616211
161.619009688,16.51457405090332
161.669009688,16.493423461914062
161.719009689,16.47588539123535
161.76900969,16.46487808227539
161.819009691,16.45761489868164
161.869009691,16.45248794555664
161.919009692,16.450733184814453
161.969009693,16.45174789428711
162.019009693,16.45564079284668
162.069009694,16.461835861206055
162.119009695,16.466604232788086
162.169009696,16.47250747680664
162.219009696,16.477737426757812
162.269009697,16.48133087158203
162.319009698,16.48544692993164
162.369009699,16.483442306518555
162.419009699,16.479063034057617
162.4690097,16.47331428527832
162.519009701,16.469463348388672
162.569009702,16.467411041259766
162.619009702,16.465408325195312
162.669009703,16.463497161865234
162.719009704,16.461246490478516
162.769009705,16.459728240966797
162.819009705,16.459638595581055
162.869009706,16.459796905517578
162.919009707,16.458662033081055
162.969009708,16.45662498474121
163.019009708,16.4552059173584
163.069009709,16.456998825073242
163.11900971,16.45693588256836
163.169009711,16.45648765563965
163.219009711,16.455839157104492
163.269009712,16.455921173095703
163.319009713,16.454830169677734
163.369009714,16.45355224609375
163.419009714,16.452817916870117
163.469009715,16.45212745666504
163.519009716,16.45511245727539
163.569009717,16.45598030090332
163.619009717,16.457733154296875
163.669009718,16.460634231567383
163.719009719,16.46448516845703
163.76900972,16.46798324584961
163.81900972,16.469547271728516
163.869009721,16.469966888427734
163.919009722,16.469947814941406
163.969009723,16.46949577331543
164.019009723,16.468326568603516
164.069009724,16.46759796142578
164.119009725,16.466283798217773
164.169009726,16.46613883972168
164.219009726,16.465795516967773
164.269009727,16.46441078186035
164.319009728,16.46316146850586
164.369009729,16.461793899536133
164.419009729,16.46375846862793
164.46900973,16.463043212890625
164.519009731,16.463972091674805
164.569009731,16.466270446777344
164.619009732,16.46915626525879
164.669009733,16.471900939941406
164.719009734,16.473047256469727
164.769009734,16.472810745239258
164.819009735,16.47120475769043
164.869009736,16.470434188842773
164.919009737,16.4666690826416
164.969009737,16.462705612182617
165.019009738,16.45874786376953
165.069009739,16.45575714111328
165.11900974,16.45383071899414
165.16900974,16.452348709106445
165.219009741,16.45280647277832
165.269009742,16.453697204589844
165.319009743,16.457942962646484
165.369009743,16.458681106567383
165.419009744,16.461942672729492
165.469009745,16.4674015045166
165.519009746,16.4724063873291
165.569009746,16.47542953491211
165.619009747,16.476381301879883
165.669009748,16.47688865661621
165.719009749,16.47705078125
165.769009749,16.47764778137207
165.81900975,16.47679901123047
165.869009751,16.475303649902344
165.919009752,16.4731388092041
165.969009752,16.473176956176758
166.019009753,16.471376419067383
166.069009754,16.469526290893555
166.119009755,16.46826934814453
166.169009755,16.46747589111328
166.219009756,16.466737747192383
166.269009757,16.46449851989746
166.319009758,16.461528778076172
166.369009758,16.4591064453125
166.419009759,16.457651138305664
166.46900976,16.45659828186035
166.519009761,16.455968856811523
166.569009761,16.455684661865234
166.619009762,16.45489501953125
166.669009763,16.45609474182129
166.719009764,16.45431137084961
166.769009764,16.456464767456055
166.819009765,16.457847595214844
166.869009766,16.461498260498047
166.919009767,16.463577270507812
166.969009767,16.465476989746094
167.019009768,16.46674156188965
167.069009769,16.467905044555664
167.119009769,16.468252182006836
167.16900977,16.466262817382812
167.219009771,16.46394157409668
167.269009772,16.462379455566406
167.319009772,16.46178436279297
167.369009773,16.461408615112305
167.419009774,16.4602108001709
167.469009775,16.45867156982422
167.519009775,16.458276748657227
167.569009776,16.459043502807617
167.619009777,16.458070755004883
167.669009778,16.45699691772461
167.719009778,16.456214904785156
167.769009779,16.455354690551758
167.81900978,16.45533561706543
167.869009781,16.455055236816406
167.919009781,16.454315185546875
167.969009782,16.454317092895508
168.019009783,16.455310821533203
168.069009784,16.454235076904297
168.119009784,16.452835083007812
168.169009785,16.451717376708984
168.219009786,16.451305389404297
168.269009787,16.450546264648438
168.319009787,16.449745178222656
168.369009788,16.44974708557129
168.419009789,16.451034545898438
168.46900979,16.453123092651367
168.51900979,16.453447341918945
168.569009791,16.454166412353516
168.619009792,16.45652198791504
168.669009793,16.45923614501953
168.719009793,16.459491729736328
168.769009794,16.460092544555664
168.819009795,16.46044921875
168.869009796,16.460765838623047
168.919009796,16.461326599121094
168.969009797,16.462310791015625
169.019009798,16.462247848510742
169.069009799,16.462177276611328
169.119009799,16.462942123413086
169.1690098,16.462791442871094
169.219009801,16.46320915222168
169.269009802,16.464784622192383
169.319009802,16.46621322631836
169.369009803,16.468631744384766
169.419009804,16.470632553100586
169.469009805,16.472333908081055
169.519009805,16.474580764770508
169.569009806,16.475509643554688
169.619009807,16.47507095336914
169.669009807,16.474441528320312
169.719009808,16.473548889160156
169.769009809,16.4724178314209
169.81900981,16.468801498413086
169.86900981,16.46570587158203
169.919009811,16.462120056152344
169.969009812,16.45846176147461
170.019009813,16.455978393554688
170.069009813,16.45383644104004
170.119009814,16.452661514282227
170.169009815,16.451562881469727
170.219009816,16.45094871520996
170.269009816,16.450939178466797
170.319009817,16.450374603271484
170.369009818,16.45010757446289
170.419009819,16.448856353759766
170.469009819,16.447586059570312
170.51900982,16.445297241210938
170.569009821,16.44412612915039
170.619009822,16.444734573364258
170.669009822,16.44622039794922
170.719009823,16.446571350097656
170.769009824,16.4469051361084
170.819009825,16.44685935974121
170.869009825,16.446123123168945
170.919009826,16.446035385131836
170.969009827,16.444461822509766
171.019009828,16.44452476501465
171.069009828,16.444852828979492
171.119009829,16.445608139038086
171.16900983,16.44626235961914
171.219009831,16.447071075439453
171.269009831,16.44902229309082
171.319009832,16.45166015625
171.369009833,16.454776763916016
171.419009834,16.457557678222656
171.469009834,16.4596004486084
171.519009835,16.4622745513916
171.569009836,16.465415954589844
171.619009837,16.46862030029297
171.669009837,16.472557067871094
171.719009838,16.47704315185547
171.769009839,16.482656478881836
171.81900984,16.489748001098633
171.86900984,16.497095108032227
171.919009841,16.505237579345703
171.969009842,16.515779495239258
172.019009843,16.527442932128906
172.069009843,16.537691116333008
172.119009844,16.5501708984375
172.169009845,16.563692092895508
172.219009845,16.576797485351562
172.269009846,16.591062545776367
172.319009847,16.604671478271484
172.369009848,16.620065689086914
172.419009848,16.635522842407227
172.469009849,16.64972496032715
172.51900985,16.665597915649414
172.569009851,16.681507110595703
172.619009851,16.698509216308594
172.669009852,16.71550941467285
172.719009853,16.732254028320312
172.769009854,16.749540328979492
172.819009854,16.76751136779785
172.869009855,16.784297943115234
172.919009856,16.80463981628418
172.969009857,16.827716827392578
173.019009857,16.850812911987305
173.069009858,16.875764846801758
173.119009859,16.901004791259766
173.16900986,16.92711639404297
173.21900986,16.953641891479492
173.269009861,16.98162841796875
173.319009862,17.011425018310547
173.369009863,17.041946411132812
173.419009863,17.07168960571289
173.469009864,17.106342315673828
173.519009865,17.142963409423828
173.569009866,17.181507110595703
173.619009866,17.22121810913086
173.669009867,17.260543823242188
173.719009868,17.300777435302734
173.769009869,17.34101104736328
173.819009869,17.379474639892578
173.86900987,17.418245315551758
173.91900987100001,17.456199645996094
173.969009872,17.49250030517578
174.019009872,17.529699325561523
174.069009873,17.567869186401367
174.119009874,17.61221694946289
174.169009875,17.65829849243164
174.219009875,17.705432891845703
174.269009876,17.756887435913086
174.319009877,17.812171936035156
174.369009878,17.86928939819336
174.419009878,17.930727005004883
174.469009879,17.99591636657715
174.51900988,18.06576919555664
174.569009881,18.13970184326172
174.619009881,18.21602439880371
174.669009882,18.294960021972656
174.719009883,18.378114700317383
174.769009883,18.46404266357422
174.819009884,18.553041458129883
174.869009885,18.64554214477539
174.919009886,18.738862991333008
174.969009886,18.836252212524414
175.019009887,18.93583869934082
175.069009888,19.03466033935547
175.119009889,19.133813858032227
175.169009889,19.23290252685547
175.21900989,19.33306312561035
175.269009891,19.43323516845703
175.319009892,19.532581329345703
175.369009892,19.632465362548828
175.419009893,19.730697631835938
175.469009894,19.82935905456543
175.519009895,19.92620277404785
175.569009895,20.022350311279297
175.619009896,20.116302490234375
175.669009897,20.205141067504883
175.719009898,20.29184341430664
175.769009898,20.37387466430664
175.819009899,20.45498275756836
175.8690099,20.53055763244629
175.919009901,20.60434913635254
175.969009901,20.673486709594727
176.019009902,20.739885330200195
176.069009903,20.80343246459961
176.119009904,20.861675262451172
176.169009904,20.915088653564453
176.219009905,20.961761474609375
176.269009906,21.00438117980957
176.319009907,21.041627883911133
176.369009907,21.07731819152832
176.419009908,21.11084747314453
176.469009909,21.143760681152344
176.51900991,21.175832748413086
176.56900991,21.206777572631836
176.619009911,21.2366886138916
176.669009912,21.264785766601562
176.719009913,21.289955139160156
176.769009913,21.312150955200195
176.819009914,21.33139419555664
176.869009915,21.34785270690918
176.919009916,21.358200073242188
176.969009916,21.36139678955078
177.019009917,21.359378814697266
177.069009918,21.353853225708008
177.119009918,21.34640884399414
177.169009919,21.338788986206055
177.21900992,21.33278465270996
177.269009921,21.3289852142334
177.319009921,21.327550888061523
177.369009922,21.328937530517578
177.419009923,21.332191467285156
177.469009924,21.336523056030273
177.519009924,21.341419219970703
177.569009925,21.346113204956055
177.619009926,21.350278854370117
177.669009927,21.352924346923828
177.719009927,21.355051040649414
177.769009928,21.356678009033203
177.819009929,21.358627319335938
177.86900993,21.36028480529785
177.91900993,21.360815048217773
177.969009931,21.361238479614258
178.019009932,21.36124038696289
178.069009933,21.36177635192871
178.119009933,21.362960815429688
178.169009934,21.364377975463867
178.219009935,21.365007400512695
178.269009936,21.364776611328125
178.319009936,21.363874435424805
178.369009937,21.363174438476562
178.419009938,21.363353729248047
178.469009939,21.364164352416992
178.519009939,21.36543846130371
178.56900994,21.366971969604492
178.619009941,21.367908477783203
178.669009942,21.36750030517578
178.719009942,21.36680793762207
178.769009943,21.36491584777832
178.819009944,21.361650466918945
178.869009945,21.358198165893555
178.919009945,21.355199813842773
178.969009946,21.352676391601562
179.019009947,21.350791931152344
179.069009948,21.349687576293945
179.119009948,21.34972381591797
179.169009949,21.350940704345703
179.21900995,21.353071212768555
179.269009951,21.355566024780273
179.319009951,21.358198165893555
179.369009952,21.360260009765625
179.419009953,21.360973358154297
179.469009954,21.361000061035156
179.519009954,21.359737396240234
179.569009955,21.35829734802246
179.619009956,21.3564395904541
179.669009956,21.352622985839844
179.719009957,21.35062599182129
179.769009958,21.350584030151367
179.819009959,21.350109100341797
179.869009959,21.34999656677246
179.91900996,21.35025978088379
179.969009961,21.351703643798828
180.019009962,21.353797912597656
180.069009962,21.355941772460938
180.119009963,21.357486724853516
180.169009964,21.358911514282227
180.219009965,21.360715866088867
180.269009965,21.3625545501709
180.319009966,21.364013671875
180.369009967,21.364179611206055
180.419009968,21.363887786865234
180.469009968,21.36359405517578
180.519009969,21.364046096801758
180.56900997,21.36499786376953
180.619009971,21.366273880004883
180.669009971,21.367713928222656
180.719009972,21.36865997314453
180.769009973,21.3684024810791
180.819009974,21.367347717285156
180.869009974,21.365739822387695
180.919009975,21.363882064819336
180.969009976,21.361940383911133
181.019009977,21.360057830810547
181.069009977,21.35961151123047
181.119009978,21.3594913482666
181.169009979,21.359479904174805
181.21900998,21.359600067138672
181.26900998,21.35982322692871
181.319009981,21.36089324951172
181.369009982,21.361120223999023
181.419009983,21.36093521118164
181.469009983,21.36018943786621
181.519009984,21.360868453979492
181.569009985,21.362112045288086
181.619009986,21.362462997436523
181.669009986,21.36224365234375
181.719009987,21.36124610900879
181.769009988,21.361011505126953
181.819009989,21.360212326049805
181.869009989,21.359365463256836
181.91900999,21.358673095703125
181.969009991,21.356250762939453
182.019009992,21.353059768676758
182.069009992,21.35025405883789
182.119009993,21.34524154663086
182.169009994,21.338951110839844
182.219009994,21.331600189208984
182.269009995,21.322050094604492
182.319009996,21.31041145324707
182.369009997,21.296262741088867
182.419009997,21.27835464477539
182.469009998,21.256591796875
182.519009999,21.230064392089844
182.56901,21.1959228515625
182.61901,21.151691436767578
182.669010001,21.09739112854004
182.719010002,21.02949333190918
182.769010003,20.945755004882812
182.819010003,20.85023307800293
182.869010004,20.734437942504883
182.919010005,20.60012435913086
182.969010006,20.452367782592773
183.019010006,20.28995704650879
183.069010007,20.113609313964844
183.119010008,19.927045822143555
183.169010009,19.73756980895996
183.219010009,19.550540924072266
183.26901001,19.368459701538086
183.319010011,19.191604614257812
183.369010012,19.017778396606445
183.419010012,18.8491268157959
183.469010013,18.687633514404297
183.519010014,18.529460906982422
183.569010015,18.374353408813477
183.619010015,18.218530654907227
183.669010016,18.06525230407715
183.719010017,17.914365768432617
183.769010018,17.77105140686035
183.819010018,17.634273529052734
183.869010019,17.506452560424805
183.91901002,17.385499954223633
183.969010021,17.266315460205078
184.019010021,17.14733123779297
184.069010022,17.031131744384766
184.119010023,16.919513702392578
184.169010024,16.809532165527344
184.219010024,16.70656967163086
184.269010025,16.606563568115234
184.319010026,16.50750160217285
184.369010027,16.408729553222656
184.419010027,16.306556701660156
184.469010028,16.203466415405273
184.519010029,16.1026554107666
184.56901003,16.00193977355957
184.61901003,15.902959823608398
184.669010031,15.803668975830078
184.719010032,15.705767631530762
184.769010032,15.610413551330566
184.819010033,15.515917778015137
184.869010034,15.421651840209961
184.919010035,15.329483032226562
184.969010035,15.239334106445312
185.019010036,15.151700019836426
185.069010037,15.065564155578613
185.119010038,14.98119831085205
185.169010038,14.899024963378906
185.219010039,14.82019329071045
185.26901004,14.74414348602295
185.319010041,14.670838356018066
185.369010041,14.600980758666992
185.419010042,14.533839225769043
185.469010043,14.465520858764648
185.519010044,14.395183563232422
185.569010044,14.320754051208496
185.619010045,14.29986572265625
185.669010046,14.285225868225098
185.719010047,14.08946704864502
185.769010047,13.82512378692627
185.819010048,13.613899230957031
185.869010049,13.43428897857666
185.91901005,13.273706436157227
185.96901005,13.125543594360352
186.019010051,12.986507415771484
186.069010052,12.853439331054688
186.119010053,12.725635528564453
186.169010053,12.597840309143066
186.219010054,12.467621803283691
186.269010055,12.331330299377441
186.319010056,12.18709945678711
186.369010056,12.042187690734863
186.419010057,11.898553848266602
186.469010058,11.761242866516113
186.519010059,11.634137153625488
186.569010059,11.523201942443848
186.61901006,11.42291259765625
186.669010061,11.334146499633789
186.719010062,11.256110191345215
186.769010062,11.1890869140625
186.819010063,11.13391399383545
186.869010064,11.090713500976562
186.919010065,11.059574127197266
186.969010065,11.03816032409668
187.019010066,11.022836685180664
187.069010067,11.01053237915039
187.119010068,10.999480247497559
187.169010068,10.989127159118652
187.219010069,10.974653244018555
187.26901007,10.961800575256348
187.31901007,10.943382263183594
187.369010071,10.930227279663086
187.419010072,10.910717010498047
187.469010073,10.89673137664795
187.519010073,10.89194393157959
187.569010074,10.878735542297363
187.619010075,10.8722562789917
187.669010076,10.860828399658203
187.719010076,10.856142044067383
187.769010077,10.854507446289062
187.819010078,10.855234146118164
187.869010079,10.855977058410645
187.919010079,10.859794616699219
187.96901008,10.863697052001953
188.019010081,10.866462707519531
188.069010082,10.864358901977539
188.119010082,10.866504669189453
188.169010083,10.861908912658691
188.219010084,10.85588264465332
188.269010085,10.854928016662598
188.319010085,10.849431991577148
188.369010086,10.8462495803833
188.419010087,10.838850021362305
188.469010088,10.837638854980469
188.519010088,10.831615447998047
188.569010089,10.827668190002441
188.61901009,10.820302963256836
188.669010091,10.815645217895508
188.719010091,10.797585487365723
188.769010092,10.789236068725586
188.819010093,10.779308319091797
188.869010094,10.765523910522461
188.919010094,10.757526397705078
188.969010095,10.742783546447754
189.019010096,10.734484672546387
189.069010097,10.721691131591797
189.119010097,10.711508750915527
189.169010098,10.693360328674316
189.219010099,10.683366775512695
189.2690101,10.66794490814209
189.3190101,10.65673542022705
189.369010101,10.639832496643066
189.419010102,10.630248069763184
189.469010103,10.612489700317383
189.519010103,10.59428596496582
189.569010104,10.586572647094727
189.619010105,10.572558403015137
189.669010106,10.564250946044922
189.719010106,10.551072120666504
189.769010107,10.539031028747559
189.819010108,10.52001667022705
189.869010108,10.505480766296387
189.919010109,10.49084186553955
189.96901011,10.476304054260254
190.019010111,10.46151065826416
190.069010111,10.446327209472656
190.119010112,10.432512283325195
190.169010113,10.413895606994629
190.219010114,10.39923095703125
190.269010114,10.3819580078125
190.319010115,10.365133285522461
190.369010116,10.342148780822754
190.419010117,10.32293701171875
190.469010117,10.300644874572754
190.519010118,10.281734466552734
190.569010119,10.270201683044434
190.61901012,10.265973091125488
190.66901012,10.273153305053711
190.719010121,10.299643516540527
190.769010122,10.34853458404541
190.819010123,10.41442584991455
190.869010123,10.493878364562988
190.919010124,10.56436538696289
190.969010125,10.639154434204102
191.019010126,10.713443756103516
191.069010126,10.792497634887695
191.119010127,10.884593963623047
191.169010128,10.985397338867188
191.219010129,11.09676742553711
191.269010129,11.210785865783691
191.31901013,11.329933166503906
191.369010131,11.45133113861084
191.419010132,11.576272964477539
191.469010132,11.698407173156738
191.519010133,11.823511123657227
191.569010134,11.944981575012207
191.619010135,12.067195892333984
191.669010135,12.188858032226562
191.719010136,12.311175346374512
191.769010137,12.434457778930664
191.819010138,12.561858177185059
191.869010138,12.686751365661621
191.919010139,12.813952445983887
191.96901014,12.93770980834961
192.019010141,13.067184448242188
192.069010141,13.19961166381836
192.119010142,13.326066017150879
192.169010143,13.459647178649902
192.219010144,13.589482307434082
192.269010144,13.726885795593262
192.319010145,13.861682891845703
192.369010146,13.998579978942871
192.419010146,14.136754035949707
192.469010147,14.272168159484863
192.519010148,14.409214973449707
192.569010149,14.545591354370117
192.619010149,14.681138038635254
192.66901015,14.816697120666504
192.719010151,14.948695182800293
192.769010152,15.079440116882324
192.819010152,15.20988655090332
192.869010153,15.337617874145508
192.919010154,15.463981628417969
192.969010155,15.587603569030762
193.019010155,15.708054542541504
193.069010156,15.826241493225098
193.119010157,15.947615623474121
193.169010158,16.06655502319336
193.219010158,16.186235427856445
193.269010159,16.30652618408203
193.31901016,16.42476463317871
193.369010161,16.537870407104492
193.419010161,16.644546508789062
193.469010162,16.74675941467285
193.519010163,1.0572296380996704
