Time,header.seq,header.stamp.secs,header.stamp.nsecs,header.frame_id,velocity,acceleration.linear.x,acceleration.linear.y,acceleration.linear.z,acceleration.angular.x,acceleration.angular.y,acceleration.angular.z,orientation.x,orientation.y,orientation.z,orientation.w,control.header.seq,control.header.stamp.secs,control.header.stamp.nsecs,control.header.frame_id,control.throttle,control.steer,control.brake,control.hand_brake,control.reverse,control.gear,control.manual_gear_shift
13.706781569,1,13,756781570,map,1.4794248342514038,6.711971759796143,1.1145055294036865,-0.0019617078360170126,0.0,0.0,0.0,0.000151827436085246,-0.004777020058615565,0.0010361265745593698,0.9999880416632544,0,0,0,,0.8871992826461792,-0.03214484453201294,0.0,False,False,1,False
13.806781571,2,13,806781571,map,1.6907819509506226,4.225785732269287,0.1095077395439148,0.00014533987268805504,0.0,0.0,0.0,0.0003497878544111161,-0.005259394102487843,0.0014827615396872872,0.9999850088078062,0,0,0,,0.818915605545044,-0.023768723011016846,0.0,False,False,1,False
13.856781572,3,13,856781572,map,1.7716706991195679,1.611628532409668,0.2732735276222229,0.0019739149138331413,0.0,0.0,0.0,0.0004460970156511544,-0.00496386472797598,0.002140652005472709,0.9999852892184997,0,0,0,,0.7629324197769165,-0.0317973792552948,0.0,False,False,1,False
13.906781572,4,13,906781572,map,1.8683661222457886,1.9205760955810547,0.43818747997283936,0.0017383575905114412,0.0,0.0,0.0,0.0005523512921522785,-0.004377250018355012,0.002914763082144334,0.9999860192755206,0,0,0,,0.7305607795715332,-0.04344668984413147,0.0,False,False,1,False
13.956781573,5,13,956781573,map,1.9685403108596802,1.9932126998901367,0.29312625527381897,0.0009515761630609632,0.0,0.0,0.0,0.0006107986774768151,-0.0037919047944249386,0.00397672088324327,0.999984716920225,0,0,0,,0.6777981519699097,-0.046298980712890625,0.0,False,False,1,False
13.956781573,6,14,6781574,map,2.0687057971954346,2.0107650756835938,-0.1429252326488495,0.0002061844861600548,0.0,0.0,0.0,0.0004863451607003364,-0.003305169024008248,0.0047800208729909975,0.9999829952186994,0,0,0,,0.7030556201934814,-0.03186875581741333,0.0,False,False,1,False
14.006781574,7,14,56781575,map,2.1692490577697754,2.0179224014282227,-0.16630321741104126,-0.0003215789911337197,0.0,0.0,0.0,0.0002968797410779111,-0.002938827500078171,0.005486352775387024,0.9999805873558587,0,0,0,,0.7054836750030518,-0.022748976945877075,0.0,False,False,1,False
14.106781575,8,14,106781575,map,2.271921396255493,2.056870460510254,-0.08034124970436096,-0.00044708256609737873,0.0,0.0,0.0,0.0001434333604886355,-0.0026830062096644333,0.005972956757806698,0.9999785521160538,0,0,0,,0.7176477909088135,-0.0184820294380188,0.0,False,False,1,False
14.106781575,9,14,156781576,map,2.377959966659546,2.1242237091064453,-0.09734012186527252,-0.000534438993781805,0.0,0.0,0.0,2.9482711661219775e-05,-0.002520301649095627,0.006440023534223987,0.9999760863676921,0,0,0,,0.7268613576889038,-0.013813704252243042,0.0,False,False,1,False
14.156781576,10,14,206781577,map,2.49098801612854,2.2617101669311523,-0.018001198768615723,-0.0003814697265625,0.0,0.0,0.0,-3.0892525283622644e-05,-0.0024354107101314834,0.006779954327810023,0.9999740496831093,0,0,0,,0.7323946952819824,-0.012086212635040283,0.0,False,False,1,False
14.206781577,11,14,256781578,map,2.609633207321167,2.3809242248535156,-0.37883222103118896,-0.0003513336123432964,0.0,0.0,0.0,-0.0001769526322724156,-0.0024152043929959914,0.006898642284313848,0.9999732717478698,0,0,0,,0.7454310655593872,0.001209557056427002,0.0,False,False,1,False
14.256781578,12,14,306781578,map,2.7243573665618896,2.297029495239258,-0.1671825349330902,-0.00017547607421875,0.0,0.0,0.0,-0.00027699026497800586,-0.002419268254786859,0.006817708869391622,0.9999737942882687,0,0,0,,0.7446507215499878,0.003992676734924316,0.0,False,False,1,False
14.356781579,13,14,356781579,map,2.8333523273468018,2.1805953979492188,-0.04884060472249985,-9.17434663278982e-05,0.0,0.0,0.0,-0.00029300698475377874,-0.0024165991176499607,0.006699429926715764,0.9999745955944421,0,0,0,,0.7479846477508545,0.0039039254188537598,0.0,False,False,1,False
14.40678158,14,14,406781580,map,2.9403164386749268,2.1404123306274414,-0.10673779994249344,7.629387255292386e-07,0.0,0.0,0.0,-0.00029220884566586597,-0.0024028275920674916,0.0065156845412034405,0.9999758431524797,0,0,0,,0.7618916034698486,0.006398320198059082,0.0,False,False,1,False
14.456781581,15,14,456781581,map,3.048351764678955,2.1611452102661133,-0.046813003718853,6.484988261945546e-06,0.0,0.0,0.0,-0.000270471568699003,-0.0023877801261050734,0.006291241972089512,0.999977322555691,0,0,0,,0.7666778564453125,0.006680428981781006,0.0,False,False,1,False
14.456781581,16,14,506781581,map,3.1584324836730957,2.2019577026367188,-0.0409134104847908,-5.722049536416307e-06,0.0,0.0,0.0,-0.00024049064363578965,-0.0023795404847939588,0.006041519247873867,0.9999788897754337,0,0,0,,0.7694487571716309,0.007121622562408447,0.0,False,False,1,False
14.506781581,17,14,556781582,map,3.274580955505371,2.317366600036621,0.5407522916793823,2.6321413315599784e-05,0.0,0.0,0.0,-2.5890509233572845e-05,-0.002385876497414729,0.00611499892521234,0.9999784566235242,0,0,0,,0.8154711723327637,-0.007814794778823853,0.0,False,False,1,False
14.606781583,18,14,606781583,map,3.3942172527313232,2.3993492126464844,-0.741430401802063,-2.365112777624745e-05,0.0,0.0,0.0,-0.00016653500639524506,-0.0024141001115316175,0.005811064696458408,0.999980187760656,0,0,0,,0.7612016201019287,0.016701877117156982,0.0,False,False,1,False
14.656781584,19,14,656781584,map,3.517451524734497,2.441401481628418,1.6096830368041992,4.386902219266631e-06,0.0,0.0,0.0,0.0002751277219712229,-0.002446034201761306,0.006310668008328731,0.999977058082189,0,0,0,,0.8418031930923462,-0.03065010905265808,0.0,False,False,1,False
14.656781584,20,14,706781584,map,3.6533327102661133,2.6825809478759766,1.1044241189956665,-0.00014209745859261602,0.0,0.0,0.0,0.0008173737077195696,-0.0025028338426448127,0.007702696687113978,0.9999668675444824,0,0,0,,0.8532459735870361,-0.04278630018234253,0.0,False,False,1,False
14.756781585,21,14,756781585,map,3.7850754261016846,2.6922130584716797,-2.483078956604004,0.00017642974853515625,0.0,0.0,0.0,0.00014827269648605293,-0.0025778457996557167,0.00769995972930672,0.999967021129401,0,0,0,,0.758081316947937,0.038028836250305176,0.0,False,False,1,False
14.806781586,22,14,806781586,map,3.9192254543304443,2.6409244537353516,2.1632728576660156,-4.9972531996900216e-05,0.0,0.0,0.0,0.0003417122399720118,-0.002630451849560986,0.008155855526164744,0.999963222311925,0,0,0,,0.870297908782959,-0.04127421975135803,0.0,False,False,1,False
14.856781587,23,14,856781587,map,4.0657124519348145,2.947702407836914,-0.5746090412139893,-4.2915351514238864e-05,0.0,0.0,0.0,0.0003411209912244216,-0.0027001076897021385,0.008808850177487119,0.9999574977035195,0,0,0,,0.8498935699462891,-0.005163967609405518,0.0,False,False,1,False
14.906781587,24,14,906781587,map,4.219961643218994,3.077831268310547,0.3114891052246094,-1.5258774510584772e-06,0.0,0.0,0.0,0.0003195882609223035,-0.002785550077182151,0.009364851703992233,0.999952217921773,0,0,0,,0.8994622230529785,-0.013349384069442749,0.0,False,False,1,False
14.906781587,25,14,956781588,map,4.384239196777344,3.285951614379883,0.030653923749923706,-9.860990394372493e-05,0.0,0.0,0.0,0.00027224531364288825,-0.0028896419281624476,0.00988588971315987,0.9999469211096135,0,0,0,,0.9119516611099243,-0.008927017450332642,0.0,False,False,1,False
14.956781588,26,15,6781589,map,4.557445526123047,3.4688758850097656,-0.1394641399383545,-2.1743780962424353e-05,0.0,0.0,0.0,0.00014842625885469425,-0.003009207707030078,0.01020909133556198,0.9999433469415774,0,0,0,,0.9280292987823486,-0.0030175745487213135,0.0,False,False,1,False
15.056781589,27,15,56781589,map,4.738979816436768,3.634357452392578,-0.11401891708374023,-6.370543269440532e-05,0.0,0.0,0.0,1.6462469080987848e-05,-0.003137759435959188,0.010338637718709942,0.9999416316789848,0,0,0,,0.9386389255523682,-2.950429916381836e-06,0.0,False,False,1,False
15.10678159,28,15,106781590,map,4.9284162521362305,3.7990760803222656,-0.4964134097099304,-5.359652277547866e-05,0.0,0.0,0.0,-0.0002133351387259651,-0.0032704965707922883,0.010094478222985969,0.9999436783387876,0,0,0,,0.9563747644424438,0.010630548000335693,0.0,False,False,1,False
15.10678159,29,15,156781591,map,5.12622594833374,3.960094451904297,-0.23156136274337769,0.07921752333641052,0.0,0.0,0.0,-0.0003936252939140368,-0.0034134925425014263,0.00959637383026523,0.9999480500191497,0,0,0,,0.9642901420593262,0.01076507568359375,0.0,False,False,1,False
15.206781592,30,15,206781592,map,5.307494640350342,3.630361557006836,-0.4157761335372925,-0.04556064307689667,0.0,0.0,0.0,-0.00055222542442121,-0.003533853669198305,0.008852511934390486,0.999954418940072,0,0,0,,0.9704163074493408,0.0158349871635437,0.0,False,False,1,False
15.206781592,31,15,256781592,map,5.506308555603027,3.9788818359375,-0.328810453414917,-0.025664521381258965,0.0,0.0,0.0,-0.0006566308540033281,-0.0035263660812294394,0.007886004435761719,0.9999624715519186,0,0,0,,0.9734861850738525,0.017963767051696777,0.0,False,False,1,False
15.306781593,32,15,306781593,map,5.300886154174805,-4.107370376586914,-0.22916510701179504,-0.012263678945600986,0.0,0.0,0.0,-0.0006511069016696243,-0.0028681936346500406,0.006885992995935451,0.9999719659198135,0,0,0,,0.9741365909576416,0.016990482807159424,0.0,False,False,0,False
15.356781594,33,15,356781594,map,5.500157833099365,3.986043930053711,-0.20127597451210022,-0.004477119073271751,0.0,0.0,0.0,-0.0006173347530510001,-0.0023526299513653448,0.005882721023001264,0.9999797386064779,0,0,0,,0.9730174541473389,0.016437113285064697,0.0,False,False,0,False
15.406781595,34,15,406781595,map,5.919259071350098,8.382244110107422,-0.23518255352973938,-0.0020318985916674137,0.0,0.0,0.0,-0.0006206368587873721,-0.0029605427956485575,0.0048165394908781635,0.999983825340979,0,0,0,,0.9750244617462158,0.015523374080657959,0.0,False,False,2,False
15.456781595,35,15,456781595,map,6.415838241577148,9.931211471557617,-0.2916027307510376,-0.0006189348641782999,0.0,0.0,0.0,-0.0006543157209947586,-0.004085444159079991,0.0036529487188611833,0.9999847683753076,0,0,0,,0.9788717031478882,0.0165860652923584,0.0,False,False,2,False
15.506781596,36,15,506781596,map,6.731921672821045,6.32080078125,-0.2692718505859375,0.0006505963392555714,0.0,0.0,0.0,-0.0006736618307619575,-0.004945905650161515,0.002442157090427753,0.9999845599136933,0,0,0,,0.9798665046691895,0.01539599895477295,0.0,False,False,2,False
15.556781597,37,15,556781597,map,7.138381481170654,8.125648498535156,-0.5915225148200989,0.002036476507782936,0.0,0.0,0.0,-0.0007880475792138967,-0.005529909074883743,0.001049673118203946,0.9999838485060553,0,0,0,,0.9810175895690918,0.020558476448059082,0.0,False,False,2,False
15.606781598,38,15,606781598,map,7.403966426849365,5.310068130493164,-0.21001674234867096,0.0024482724256813526,0.0,0.0,0.0,-0.0007981980566169509,-0.005748626740277393,-0.00033963538819526854,0.9999831002663329,0,0,0,,0.9810894727706909,0.014392077922821045,0.0,False,False,2,False
15.656781598,39,15,656781598,map,7.752387523651123,6.969032287597656,0.037020593881607056,0.0028184892144054174,0.0,0.0,0.0,-0.0006546824438441909,-0.0058095307511157185,-0.001439910386223224,0.9999818735364302,0,0,0,,0.9809867143630981,0.0076084136962890625,0.0,False,False,2,False
15.656781598,40,15,706781599,map,7.992271423339844,4.798955917358398,0.13847067952156067,0.0020912170875817537,0.0,0.0,0.0,-0.0004415777359297284,-0.005692405201607107,-0.0021600459434633667,0.9999813676932416,0,0,0,,0.9810664653778076,0.0026784539222717285,0.0,False,False,2,False
15.7567816,41,15,756781600,map,8.303142547607422,6.210546493530273,-0.7433359622955322,0.0015319824451580644,0.0,0.0,0.0,-0.0005353217059968735,-0.005554959302666081,-0.003028932028726944,0.9999798405110887,0,0,0,,0.9816863536834717,0.015190660953521729,0.0,False,False,2,False
15.806781601,42,15,806781601,map,8.531299591064453,4.549007415771484,-1.0053677558898926,0.0006837844848632812,0.0,0.0,0.0,-0.0008577960136355773,-0.005355521032604618,-0.004429327942776884,0.9999754815166437,0,0,0,,0.9812560081481934,0.022781193256378174,0.0,False,False,2,False
15.806781601,43,15,856781601,map,8.817719459533691,5.722484588623047,-0.3786858916282654,0.00045700068585574627,0.0,0.0,0.0,-0.000979797788680312,-0.005196710071809736,-0.005952720090939504,0.9999682991596492,0,0,0,,0.9816675186157227,0.014308393001556396,0.0,False,False,2,False
15.856781601,44,15,906781602,map,9.043451309204102,4.509487152099609,-0.30711978673934937,0.0001157761289505288,0.0,0.0,0.0,-0.0009424392344307086,-0.005027859569983558,-0.007300794796631143,0.9999602646264357,0,0,0,,0.9816298484802246,0.0109330415725708,0.0,False,False,2,False
15.956781603,45,15,956781603,map,9.311731338500977,5.371360778808594,0.24918168783187866,0.00010700219718273729,0.0,0.0,0.0,-0.0006737616358629461,-0.004908349711776139,-0.0081350303323771,0.999954636686013,0,0,0,,0.9802513122558594,-0.0005868673324584961,0.0,False,False,2,False
16.006781604,46,16,6781604,map,9.538208961486816,4.525661468505859,-0.2508851885795593,-0.0002288818359375,0.0,0.0,0.0,-0.0005134576674662587,-0.004790187367686371,-0.008672329943777602,0.9999507893689332,0,0,0,,0.9802772998809814,0.003979742527008057,0.0,False,False,2,False
16.006781604,47,16,56781604,map,9.792389869689941,5.074348449707031,-0.511246919631958,-0.0002399444201728329,0.0,0.0,0.0,-0.0005438419487054805,-0.004705870029967126,-0.009284800503202706,0.9999456742757638,0,0,0,,0.9771333932876587,0.00828409194946289,0.0,False,False,2,False
16.106781605,48,16,106781605,map,10.020760536193848,4.5725250244140625,0.2035069465637207,-0.0001735687255859375,0.0,0.0,0.0,-0.00040026701036459747,-0.004627432914474309,-0.009665669401291776,0.9999424990898065,0,0,0,,0.9771965742111206,-0.00235864520072937,0.0,False,False,2,False
16.156781606,49,16,156781606,map,10.263490676879883,4.865398406982422,0.5516904592514038,-0.00017032623873092234,0.0,0.0,0.0,-5.1499465652171786e-05,-0.004572390707022934,-0.009457014790364513,0.9999448262090674,0,0,0,,0.9772237539291382,-0.010831713676452637,0.0,False,False,2,False
16.206781607,50,16,206781607,map,10.29354476928711,0.6001663208007812,-0.05973130464553833,0.0005353927845135331,0.0,0.0,0.0,8.687630705365778e-05,-0.004143052654601345,-0.00907483870305829,0.9999502361966429,0,0,0,,0.9743199348449707,-0.002359926700592041,0.0,False,False,2,False
16.256781607,51,16,256781607,map,10.272567749023438,-0.40058135986328125,1.4240186214447021,0.0009912491077557206,0.0,0.0,0.0,0.0005715977738557202,-0.0033391412769332557,-0.00800811885709125,0.9999621960073731,0,0,0,,0.9758709669113159,-0.025072336196899414,0.0,False,False,0,False
16.306781608,52,16,306781608,map,10.544583320617676,5.446453094482422,0.7481400966644287,-0.00015316021745093167,0.0,0.0,0.0,0.0009906853233115631,-0.0029780926640719505,-0.0063266758249619845,0.999975061028864,0,0,0,,0.9749913215637207,-0.020087212324142456,0.0,False,False,0,False
16.356781609,53,16,356781609,map,10.942060470581055,7.952175140380859,0.533310055732727,-0.0018976210849359632,0.0,0.0,0.0,0.001185218250233309,-0.0036109234483732494,-0.004511874581039407,0.9999825995872701,0,0,0,,0.9729115962982178,-0.01603388786315918,0.0,False,False,3,False
16.40678161,54,16,406781610,map,11.297995567321777,7.1199798583984375,0.7184959650039673,-0.0016401290195062757,0.0,0.0,0.0,0.0013181441934229578,-0.00436371787051216,-0.002665441084920183,0.9999860578458356,0,0,0,,0.9719619750976562,-0.017115145921707153,0.0,False,False,3,False
16.45678161,55,16,456781610,map,11.616888046264648,6.377296447753906,0.5374636650085449,-0.0007659912807866931,0.0,0.0,0.0,0.0013606739093543602,-0.004905309736779543,-0.0009052905707861563,0.9999866333866072,0,0,0,,0.9673025608062744,-0.013043403625488281,0.0,False,False,3,False
16.506781611,56,16,506781611,map,11.906678199768066,5.792579650878906,0.8346465826034546,0.00014476798241958022,0.0,0.0,0.0,0.0014450297036493838,-0.005183828856129526,0.0008460871525116445,0.9999851618619529,0,0,0,,0.9637693166732788,-0.016148269176483154,0.0,False,False,3,False
16.556781612,57,16,556781612,map,12.172658920288086,5.311832427978516,1.030888319015503,0.0006643293891102076,0.0,0.0,0.0,0.0016129638207059652,-0.005246724534074,0.0027569981816424013,0.9999811344172465,0,0,0,,0.9572658538818359,-0.018956094980239868,0.0,False,False,3,False
16.556781612,58,16,606781613,map,12.419637680053711,4.942684173583984,-0.322503000497818,0.0011289595859125257,0.0,0.0,0.0,0.0013341568348306857,-0.005167893472292831,0.004089614805093605,0.9999773937211507,0,0,0,,0.9470226764678955,0.002994537353515625,0.0,False,False,3,False
16.606781613,59,16,656781613,map,12.649828910827637,4.608936309814453,-0.7492893934249878,0.0011327743995934725,0.0,0.0,0.0,0.0007141543603437331,-0.005007508411969837,0.004288960585398796,0.9999780095882862,0,0,0,,0.9390380382537842,0.014616310596466064,0.0,False,False,3,False
16.706781614,60,16,706781614,map,12.862979888916016,4.264926910400391,-2.155691146850586,0.0005495070945471525,0.0,0.0,0.0,-0.00037669661886787756,-0.004800936115775272,0.0027448771195808202,0.9999846372628273,0,0,0,,0.9298933744430542,0.040648043155670166,0.0,False,False,3,False
16.756781615,61,16,756781615,map,13.063422203063965,3.991069793701172,-2.311631679534912,-0.0003517150762490928,0.0,0.0,0.0,-0.0015659962985507976,-0.004573193145998692,-0.000547565865839352,0.99998816679582,0,0,0,,0.8954195976257324,0.047736942768096924,0.0,False,False,3,False
16.806781616,62,16,806781616,map,13.253561019897461,3.7880706787109375,-1.0720574855804443,-0.00036468502366915345,0.0,0.0,0.0,-0.0021453847073385052,-0.004344648040000405,-0.004348490801802135,0.9999788057682086,0,0,0,,0.8646135330200195,0.02769571542739868,0.0,False,False,3,False
16.806781616,63,16,856781616,map,13.42807674407959,3.4688949584960938,-1.2115814685821533,9.021758160088211e-05,0.0,0.0,0.0,-0.002373359623622991,-0.004115572420171378,-0.007944029736450982,0.9999571598920114,0,0,0,,0.8246135711669922,0.023685157299041748,0.0,False,False,3,False
16.906781617,64,16,906781617,map,13.586185455322266,3.1502914428710938,-0.5918461084365845,0.0003675461048260331,0.0,0.0,0.0,-0.002278008615665889,-0.003883450961914991,-0.010867464970803094,0.999930811451713,0,0,0,,0.7870373725891113,0.009806334972381592,0.0,False,False,3,False
16.956781618,65,16,956781618,map,13.727142333984375,2.8023338317871094,-0.7486987113952637,0.0002996444527525455,0.0,0.0,0.0,-0.00210523847517014,-0.0036437709861465556,-0.013047987799401563,0.9999060160426829,0,0,0,,0.7651252746582031,0.007604658603668213,0.0,False,False,3,False
16.956781618,66,17,6781619,map,13.850513458251953,2.4677276611328125,-0.01797616481781006,0.0002574920072220266,0.0,0.0,0.0,-0.001720124568601547,-0.003399754890103584,-0.014288857986691727,0.9998906497090528,0,0,0,,0.7120150327682495,-0.005492299795150757,0.0,False,False,3,False
17.056781619,67,17,56781619,map,13.95472526550293,2.1013641357421875,0.7141107320785522,0.0002637863508425653,0.0,0.0,0.0,-0.0010387952723041466,-0.0031485696315517913,-0.014232884510494379,0.999893210504086,0,0,0,,0.6921029090881348,-0.019385576248168945,0.0,False,False,3,False
17.10678162,68,17,106781620,map,14.039623260498047,1.7271041870117188,1.5110737085342407,-1.773834810592234e-05,0.0,0.0,0.0,-8.096163442676557e-05,-0.002888657985084848,-0.012628977366287009,0.9999160754938089,0,0,0,,0.6483416557312012,-0.0340234637260437,0.0,False,False,3,False
17.10678162,69,17,156781621,map,14.102299690246582,1.2791061401367188,1.9981136322021484,-0.0005464553250931203,0.0,0.0,0.0,0.0009973020728344293,-0.002610448093112489,-0.009508685836122162,0.9999508867154419,0,0,0,,0.5691601037979126,-0.04303827881813049,0.0,False,False,3,False
17.156781621,70,17,206781622,map,14.136774063110352,0.7013130187988281,2.716137170791626,-0.0009851455688476562,0.0,0.0,0.0,0.002178182449904511,-0.002293167843495569,-0.004937848392507373,0.9999828071300572,0,0,0,,0.49030208587646484,-0.05419713258743286,0.0,False,False,3,False
17.256781622,71,17,256781622,map,14.131855964660645,-0.12800216674804688,3.965747594833374,-0.0015825271839275956,0.0,0.0,0.0,0.003640607505311449,-0.0019042521001995285,0.0013616839024140149,0.9999906327650679,0,0,0,,0.2829773426055908,-0.07492145895957947,0.0,False,False,3,False
17.306781623,72,17,306781623,map,14.076497077941895,-1.190643310546875,3.8857758045196533,-0.001749992254190147,0.0,0.0,0.0,0.004994277359871736,-0.0014020674027096678,0.009063841618859678,0.9999454676009883,0,0,0,,0.0532759428024292,-0.07472571730613708,0.0,False,False,3,False
17.356781624,73,17,356781624,map,13.945160865783691,-2.6945877075195312,2.065537452697754,0.0003828047192655504,0.0,0.0,0.0,0.005455205350005193,-0.0007497522204876011,0.016554846796922467,0.9998477962438721,0,0,0,,0.0,-0.04163503646850586,0.21594011783599854,False,False,3,False
17.356781624,74,17,406781625,map,13.791213989257812,-3.0268287658691406,-1.6150152683258057,0.00422744732350111,0.0,0.0,0.0,0.004226854090825982,-3.879437939494945e-05,0.021071589083229883,0.9997690334937357,0,0,0,,0.17489588260650635,0.031884968280792236,0.0,False,False,3,False
17.456781625,75,17,456781625,map,13.636353492736816,-3.0484580993652344,-1.8198001384735107,0.0031270980834960938,0.0,0.0,0.0,0.002351128658180476,0.0005391708727349223,0.02164113708716995,0.9997628932273775,0,0,0,,0.16091763973236084,0.05165630578994751,0.0,False,False,3,False
17.506781626,76,17,506781626,map,13.473880767822266,-3.2080841064453125,-2.040762424468994,-0.00017509475583210588,0.0,0.0,0.0,0.0006278166458878647,0.0009980800058193274,0.019078675424972324,0.9998172902218635,0,0,0,,0.15969324111938477,0.0624547004699707,0.0,False,False,3,False
17.556781627,77,17,556781627,map,13.307794570922852,-3.2926368713378906,-2.299004554748535,-0.001837348798289895,0.0,0.0,0.0,-0.0008327978762830555,0.0013568219967589658,0.01428766810798384,0.999896658671186,0,0,0,,0.17285144329071045,0.06677275896072388,0.0,False,False,3,False
17.556781627,78,17,606781627,map,13.141542434692383,-3.3153915405273438,-2.404207944869995,-0.0020732879638671875,0.0,0.0,0.0,-0.0020168675816504516,0.001631788455496617,0.008159114474479557,0.9999633485096276,0,0,0,,0.1791325807571411,0.06467700004577637,0.0,False,False,3,False
17.606781627,79,17,656781628,map,12.977486610412598,-3.2886123657226562,-1.8446677923202515,-0.00128517160192132,0.0,0.0,0.0,-0.0027401536136478243,0.0018338574776389767,0.0017645722634314466,0.9999930073803778,0,0,0,,0.1748720407485962,0.04905831813812256,0.0,False,False,3,False
17.656781628,80,17,706781629,map,12.815603256225586,-3.255023956298828,-1.594464659690857,-0.0003330230538267642,0.0,0.0,0.0,-0.003084632983025847,0.0019737935969358707,-0.004103200913378081,0.9999848763458681,0,0,0,,0.18759465217590332,0.03651219606399536,0.0,False,False,3,False
17.706781629,81,17,756781630,map,12.655943870544434,-3.2044410705566406,-0.7061830163002014,0.0005834579351358116,0.0,0.0,0.0,-0.0029635710168828162,0.0020584730341230957,-0.0087088545161837,0.999955566907156,0,0,0,,0.1665327548980713,0.014457225799560547,0.0,False,False,3,False
17.75678163,82,17,806781630,map,12.497320175170898,-3.1711959838867188,0.10255217552185059,0.0009941101307049394,0.0,0.0,0.0,-0.0024048537963561466,0.002100180073560765,-0.011470044863933678,0.9999291194843244,0,0,0,,0.1815805435180664,-0.0066239237785339355,0.0,False,False,3,False
17.80678163,83,17,856781631,map,12.34057903289795,-3.1265830993652344,0.5490785837173462,0.0007612228509970009,0.0,0.0,0.0,-0.0016285096383029671,0.002109934404371373,-0.012302434584441026,0.9999207699795332,0,0,0,,0.18129003047943115,-0.02048337459564209,0.0,False,False,3,False
17.856781631,84,17,906781632,map,12.184401512145996,-3.105621337890625,1.5661823749542236,0.00016899102774914354,0.0,0.0,0.0,-0.0005719545270080032,0.0020996690122045097,-0.011093703736680978,0.999936094955803,0,0,0,,0.17514491081237793,-0.04137203097343445,0.0,False,False,3,False
17.956781633,85,17,956781633,map,12.030973434448242,-3.063640594482422,0.7132018804550171,-0.0004383086343295872,0.0,0.0,0.0,0.00016403231375641786,0.002082608182374104,-0.008694297465909943,0.9999600217149349,0,0,0,,0.17432177066802979,-0.030118614435195923,0.0,False,False,3,False
18.006781633,86,18,6781633,map,11.879459381103516,-3.028564453125,0.3559938073158264,-0.00042781830416060984,0.0,0.0,0.0,0.00047369607743062795,0.0020618316795331065,-0.006144942639824855,0.9999788818480644,0,0,0,,0.1664491891860962,-0.019926249980926514,0.0,False,False,3,False
18.056781634,87,18,56781634,map,11.729069709777832,-3.0089759826660156,-0.24180732667446136,-0.00021438597468659282,0.0,0.0,0.0,0.0003916271860146405,0.0020404848088465366,-0.004204531415439303,0.9999890024222609,0,0,0,,0.1631150245666504,-0.004402250051498413,0.0,False,False,3,False
18.056781634,88,18,106781635,map,11.579614639282227,-2.989673614501953,-0.09700886905193329,-0.00010948180715786293,0.0,0.0,0.0,0.0002263830617196775,0.0020196229109528388,-0.0030229761169578294,0.9999933657226947,0,0,0,,0.16033422946929932,-0.0004253387451171875,0.0,False,False,3,False
18.106781635,89,18,156781636,map,11.492709159851074,-1.7381477355957031,-0.0009188055992126465,1.9073486328125e-05,0.0,0.0,0.0,0.0001282034568282735,0.0019091920544678557,-0.0023912092156997944,0.9999953103230332,0,0,0,,0.16105568408966064,0.0009542107582092285,0.0,False,False,3,False
18.156781636,90,18,206781636,map,11.49117660522461,-0.0286102294921875,0.41623547673225403,0.00018959047156386077,0.0,0.0,0.0,0.00021886950652182533,0.001467826616102667,-0.0019038786132388236,0.9999970864094506,0,0,0,,0.1614905595779419,-0.004622429609298706,0.0,False,False,0,False
18.206781636,91,18,256781637,map,11.373699188232422,-2.351245880126953,-0.3487606346607208,0.00017585755267646164,0.0,0.0,0.0,0.00011468142987452948,0.0010708925143083782,-0.0017825146634954231,0.9999978313370819,0,0,0,,0.1513500213623047,0.006764829158782959,0.0,False,False,0,False
18.306781638,92,18,306781638,map,10.904082298278809,-9.393730163574219,-0.20017385482788086,-0.0007659912225790322,0.0,0.0,0.0,-3.934350864964389e-05,0.0018533706635346892,-0.0020500760487146097,0.9999961803214382,0,0,0,,0.1662142276763916,0.00858306884765625,0.0,False,False,2,False
18.356781639,93,18,356781639,map,10.48420238494873,-8.397216796875,0.08635789155960083,-0.0012079238658770919,0.0,0.0,0.0,-7.317951265857836e-05,0.003014863590899996,-0.002403771223599611,0.9999925635354454,0,0,0,,0.1762561798095703,0.0028452277183532715,0.0,False,False,2,False
18.406781639,94,18,406781639,map,10.111328125,-7.454166412353516,0.6773799061775208,-0.0009498596773482859,0.0,0.0,0.0,0.0001582580812091623,0.003965601334702624,-0.002355821172812491,0.9999893494768011,0,0,0,,0.189103364944458,-0.010323107242584229,0.0,False,False,2,False
18.406781639,95,18,456781640,map,9.779398918151855,-6.637458801269531,0.5173576474189758,-0.00012855511158704758,0.0,0.0,0.0,0.00041479257239758987,0.004552661781372252,-0.0018505360045408985,0.9999878382932075,0,0,0,,0.21568071842193604,-0.011375516653060913,0.0,False,False,2,False
18.506781641,96,18,506781641,map,9.485185623168945,-5.884227752685547,0.30978745222091675,0.0007204054854810238,0.0,0.0,0.0,0.0005405443869459085,0.004795929561090315,-0.0011473361860206404,0.9999876951698392,0,0,0,,0.2463524341583252,-0.009106338024139404,0.0,False,False,2,False
18.506781641,97,18,556781642,map,9.223190307617188,-5.240688323974609,-0.6756155490875244,0.0011812209850177169,0.0,0.0,0.0,0.0002580748696731789,0.004773183144412811,-0.0009256939003342916,0.9999881465351649,0,0,0,,0.25502538681030273,0.009382367134094238,0.0,False,False,2,False
18.556781642,98,18,606781642,map,8.988941192626953,-4.687290191650391,-0.5113064646720886,0.00107574462890625,0.0,0.0,0.0,-0.00010556925158779585,0.004572518054232213,-0.0013151893144332204,0.9999886755413003,0,0,0,,0.2602705955505371,0.01191776990890503,0.0,False,False,2,False
18.656781643,99,18,656781643,map,8.776348114013672,-4.252815246582031,-0.13718858361244202,0.0006654739263467491,0.0,0.0,0.0,-0.00027013688435302086,0.004270110593966196,-0.0019100727005129797,0.9999890223416742,0,0,0,,0.2857475280761719,0.007284402847290039,0.0,False,False,2,False
18.706781644,100,18,706781644,map,8.589603424072266,-3.732929229736328,0.34497812390327454,0.0004167556471657008,0.0,0.0,0.0,-0.00015452714930705612,0.003913806022212656,-0.0022283021621473244,0.9999898464050796,0,0,0,,0.29593420028686523,-0.0024111568927764893,0.0,False,False,2,False
18.756781645,101,18,756781645,map,8.407679557800293,-3.6365509033203125,0.593610942363739,8.850096492096782e-05,0.0,0.0,0.0,0.00013465472221882153,0.0035488848329170487,-0.002030632939843825,0.9999916318721932,0,0,0,,0.3282724618911743,-0.010406255722045898,0.0,False,False,2,False
18.756781645,102,18,806781645,map,8.274026870727539,-2.6733970642089844,-0.16449928283691406,-6.446833140216768e-05,0.0,0.0,0.0,0.00017279962794940562,0.0031710202351523447,-0.0017585115509794556,0.9999934111823346,0,0,0,,0.3471193313598633,-0.0003632009029388428,0.0,False,False,2,False
18.856781646,103,18,856781646,map,8.109180450439453,-3.2964515686035156,0.5630621910095215,-0.0002698898606467992,0.0,0.0,0.0,0.0003187763166417961,0.0028273503569412736,-0.001291825160239687,0.9999951178177693,0,0,0,,0.37559711933135986,-0.011073797941207886,0.0,False,False,2,False
18.856781646,104,18,906781647,map,8.0200777053833,-1.7825508117675781,-0.5643227696418762,-0.00021171566913835704,0.0,0.0,0.0,0.00014863781846479653,0.002472596167168634,-0.0010822454624783227,0.9999963464532017,0,0,0,,0.3717421293258667,0.00594097375869751,0.0,False,False,2,False
18.956781648,105,18,956781648,map,7.8769330978393555,-2.862539291381836,0.16945095360279083,-0.00025615692720748484,0.0,0.0,0.0,8.034305774177295e-05,0.0021732795069528397,-0.001045516454469026,0.9999970886440226,0,0,0,,0.4049997329711914,-0.0018461048603057861,0.0,False,False,2,False
18.956781648,106,19,6781648,map,7.819395542144775,-1.1549186706542969,-0.915074348449707,-0.00021800995455123484,0.0,0.0,0.0,-0.00025141319318163993,0.0018605603814054756,-0.0014249766848712163,0.9999972222701026,0,0,0,,0.39631521701812744,0.01650446653366089,0.0,False,False,2,False
19.056781649,107,19,56781649,map,7.693175792694092,-2.5217151641845703,0.44819608330726624,-0.00018596649169921875,0.0,0.0,0.0,-0.00021419134771177641,0.0016145697946518237,-0.0019337303031271738,0.9999968039816726,0,0,0,,0.39490199089050293,-0.002448171377182007,0.0,False,False,2,False
19.10678165,108,19,106781650,map,7.649198532104492,-0.8780193328857422,0.9464311003684998,-0.00012702941603492945,0.0,0.0,0.0,0.00020147196230745155,0.001374964909331365,-0.0014597391513632807,0.9999979690190157,0,0,0,,0.4214819669723511,-0.017813920974731445,0.0,False,False,2,False
19.156781651,109,19,156781651,map,7.531810283660889,-2.3503875732421875,-1.142135739326477,-0.00010757445124909282,0.0,0.0,0.0,-3.982328453139122e-05,0.0012094449309034165,-0.0016439815891136867,0.9999979164886295,0,0,0,,0.4349651336669922,0.016506314277648926,0.0,False,False,2,False
19.206781651,110,19,206781651,map,7.503454685211182,-0.5657577514648438,0.26185399293899536,-0.0001184463471872732,0.0,0.0,0.0,-0.0001135075134969517,0.0010279041947446853,-0.0017582816883052182,0.9999979194850934,0,0,0,,0.43170833587646484,-0.0008721351623535156,0.0,False,False,2,False
19.206781651,111,19,256781652,map,7.39562463760376,-2.1551895141601562,0.5743671655654907,2.1362302504712716e-05,0.0,0.0,0.0,0.00011218622884382017,0.0009071110164334781,-0.0017118993225970342,0.9999981169805088,0,0,0,,0.4563971757888794,-0.010554850101470947,0.0,False,False,2,False
19.306781653,112,19,306781653,map,7.380773544311523,-0.2977275848388672,-0.3809899091720581,-2.9182432626839727e-05,0.0,0.0,0.0,6.726602403808569e-05,0.0007583718491954048,-0.0014560440158854968,0.9999986501407111,0,0,0,,0.4582507610321045,0.0038813352584838867,0.0,False,False,2,False
19.356781654,113,19,356781654,map,7.282750129699707,-1.9598579406738281,0.28030404448509216,1.2016298569506034e-05,0.0,0.0,0.0,0.0001000972633814327,0.0006629553227733389,-0.0014682780641227422,0.9999986973143037,0,0,0,,0.4767489433288574,-0.005115628242492676,0.0,False,False,2,False
19.406781654,114,19,406781654,map,7.280655860900879,-0.04214286804199219,0.5084207653999329,-1.1634829206741415e-05,0.0,0.0,0.0,0.0002878706958299718,0.0005307704344081274,-0.000859762112619531,0.9999994481110068,0,0,0,,0.4803880453109741,-0.012187033891677856,0.0,False,False,2,False
19.456781655,115,19,456781655,map,7.189859390258789,-1.815948486328125,0.008928515017032623,-5.14984130859375e-05,0.0,0.0,0.0,0.0003268166793276279,0.00045283593919145167,-0.00048774998762760936,0.999999725115172,0,0,0,,0.45219504833221436,-0.005249470472335815,0.0,False,False,2,False
19.506781656,116,19,506781656,map,7.1932902336120605,0.06900787353515625,-0.34128642082214355,5.14984130859375e-05,0.0,0.0,0.0,0.00015482601439003227,0.0003464620805873829,-0.00012721404322962008,0.9999999199047565,0,0,0,,0.4575190544128418,0.0033466219902038574,0.0,False,False,2,False
19.556781657,117,19,556781657,map,7.104630947113037,-1.7731952667236328,-0.04513680562376976,8.010865713004023e-06,0.0,0.0,0.0,3.5234229386211945e-05,0.0003009344079662783,-0.00026773785234081456,0.9999999182567335,0,0,0,,0.483201265335083,0.0009852051734924316,0.0,False,False,2,False
19.556781657,118,19,606781657,map,7.114851474761963,0.2042102813720703,-0.19218586385250092,1.678466833254788e-05,0.0,0.0,0.0,-6.945519822860948e-05,0.00021673955500399036,-0.0002458953119688575,0.9999999438677166,0,0,0,,0.47212445735931396,0.004036605358123779,0.0,False,False,2,False
19.656781658,119,19,656781658,map,7.0308074951171875,-1.6806697845458984,0.2293398678302765,-1.277923547604587e-05,0.0,0.0,0.0,-2.0956841564786314e-05,0.00018532012876697893,-0.00044317898382752543,0.9999998844048177,0,0,0,,0.49758315086364746,-0.0032488107681274414,0.0,False,False,2,False
19.656781658,120,19,706781659,map,7.049502372741699,0.37372589111328125,-0.20562656223773956,9.536741345073096e-06,0.0,0.0,0.0,-5.3224925886018636e-05,0.00010551953558231815,-0.0003628747758057244,0.9999999271773132,0,0,0,,0.5088019371032715,0.0032344460487365723,0.0,False,False,2,False
19.75678166,121,19,756781660,map,6.97263240814209,-1.5374374389648438,-0.022341962903738022,-3.4713742934400216e-05,0.0,0.0,0.0,-7.851652075740693e-05,7.145772726701975e-05,-0.0006539706060449955,0.9999997805256736,0,0,0,,0.4999535083770752,0.0013784170150756836,0.0,False,False,2,False
19.80678166,122,19,806781660,map,6.998721122741699,0.5218791961669922,0.41445034742355347,1.3923640835855622e-05,0.0,0.0,0.0,7.061997343573285e-05,-1.0755066086235925e-05,-0.00037141531024667134,0.9999999284739051,0,0,0,,0.511560320854187,-0.007893413305282593,0.0,False,False,2,False
19.80678166,123,19,856781661,map,6.925631523132324,-1.4617061614990234,-0.24462884664535522,3.4904482163256034e-05,0.0,0.0,0.0,4.790931278504215e-05,-4.025438660819368e-05,-0.00044355120943035656,0.9999998996732984,0,0,0,,0.48586368560791016,0.002206563949584961,0.0,False,False,2,False
19.906781662,124,19,906781662,map,6.955562114715576,0.5985546112060547,-0.07048848271369934,-1.5449522834387608e-05,0.0,0.0,0.0,-1.468347227075213e-05,-0.00011193278905797022,-0.0003224061501560766,0.9999999416548586,0,0,0,,0.5187351703643799,0.0013577938079833984,0.0,False,False,2,False
19.956781663,125,19,956781663,map,6.886648178100586,-1.378335952758789,-0.05036148428916931,2.7656553356791846e-05,0.0,0.0,0.0,-5.120838137671231e-05,-0.00013157761982318035,-0.0005751838836831847,0.9999998246142504,0,0,0,,0.5236618518829346,0.0014124512672424316,0.0,False,False,2,False
20.006781663,126,20,6781663,map,6.922844886779785,0.7235431671142578,-0.18904751539230347,-2.09808349609375e-05,0.0,0.0,0.0,-0.00011836639070213521,-0.00020133237413160772,-0.000606082503435696,0.9999997890593136,0,0,0,,0.509263277053833,0.004364669322967529,0.0,False,False,2,False
20.056781664,127,20,56781664,map,6.8566083908081055,-1.324310302734375,0.5541088581085205,-2.5176997951348312e-05,0.0,0.0,0.0,5.897816675020019e-05,-0.0002161062847636833,-0.0006682857184104801,0.9999997516068934,0,0,0,,0.5162014961242676,-0.009742259979248047,0.0,False,False,2,False
20.106781665,128,20,106781665,map,6.896130561828613,0.7904529571533203,-0.011745784431695938,2.555847095209174e-05,0.0,0.0,0.0,0.0001393807493697802,-0.0002779722755485826,-0.0002569208847360717,0.9999999186480365,0,0,0,,0.5214418172836304,-0.0030855536460876465,0.0,False,False,2,False
20.156781665,129,20,156781665,map,6.833323955535889,-1.2562179565429688,-0.3821137845516205,3.0136106943245977e-05,0.0,0.0,0.0,-1.989910029673206e-06,-0.0002861610427491992,-0.00043925459335319365,0.9999998625816406,0,0,0,,0.5299463272094727,0.005788207054138184,0.0,False,False,2,False
20.156781665,130,20,206781666,map,6.879092693328857,0.9155559539794922,0.24621225893497467,3.6811830796068534e-05,0.0,0.0,0.0,1.2813546125398646e-05,-0.0003485714448505012,-0.00027381271797512045,0.9999999016801734,0,0,0,,0.5685608386993408,-0.003714621067047119,0.0,False,False,2,False
20.256781667,131,20,256781667,map,6.823833465576172,-1.1071014404296875,-0.7492684125900269,-2.5367738999193534e-05,0.0,0.0,0.0,-0.00021866999397876104,-0.0003668722088625019,-0.0007925423332626684,0.999999594732351,0,0,0,,0.5386307239532471,0.014389634132385254,0.0,False,False,2,False
20.306781668,132,20,306781668,map,6.8758697509765625,1.0417842864990234,0.2385530173778534,-5.626678102998994e-05,0.0,0.0,0.0,-0.00022041537376419392,-0.00043900678233782596,-0.0009982153004854909,0.9999993811279695,0,0,0,,0.5502878427505493,1.817941665649414e-05,0.0,False,False,2,False
20.356781668,133,20,356781668,map,6.825594425201416,-1.0046577453613281,0.5420621037483215,5.912779670325108e-06,0.0,0.0,0.0,2.9780308169964227e-05,-0.00046012057113783766,-0.001077770941322769,0.9999993129057595,0,0,0,,0.5734424591064453,-0.009853720664978027,0.0,False,False,2,False
20.406781669,134,20,406781669,map,6.883901596069336,1.1641407012939453,0.6880160570144653,-2.47955313170678e-06,0.0,0.0,0.0,0.0003708441296255187,-0.0005347563828843198,-0.00027695011510377735,0.9999997499044068,0,0,0,,0.553825855255127,-0.017632991075515747,0.0,False,False,2,False
20.45678167,135,20,456781670,map,6.839219570159912,-0.8932209014892578,-0.0851033627986908,-5.226134817348793e-05,0.0,0.0,0.0,0.00041435809380770355,-0.0005559548776066039,0.00023378946915993264,0.9999997322819784,0,0,0,,0.5752304792404175,-0.005855381488800049,0.0,False,False,2,False
20.506781671,136,20,506781671,map,6.902852535247803,1.2740325927734375,-0.41228950023651123,8.068084571277723e-05,0.0,0.0,0.0,0.00019411771223268865,-0.0006303102837922972,0.0006600532436607825,0.999999564678393,0,0,0,,0.5790363550186157,0.0039023160934448242,0.0,False,False,2,False
20.556781671,137,20,556781671,map,6.863603115081787,-0.7849502563476562,-0.4707852005958557,-3.700256274896674e-05,0.0,0.0,0.0,-9.701427972899664e-05,-0.0006516859983693054,0.0002931505585399911,0.9999997399781356,0,0,0,,0.5631941556930542,0.009522736072540283,0.0,False,False,2,False
20.606781672,138,20,606781672,map,6.929913520812988,1.3263702392578125,0.3025193214416504,6.961822509765625e-05,0.0,0.0,0.0,-8.766966295017162e-05,-0.0007189177383288825,0.00029847712869385566,0.9999996931913127,0,0,0,,0.5715653896331787,-0.0029522478580474854,0.0,False,False,2,False
20.606781672,139,20,656781673,map,6.893726825714111,-0.7240581512451172,0.22990360856056213,-9.5367431640625e-05,0.0,0.0,0.0,3.885687081385331e-05,-0.0007297900214601343,0.0002362505553158655,0.9999997050411281,0,0,0,,0.5898305177688599,-0.005091249942779541,0.0,False,False,2,False
20.706781674,140,20,706781674,map,6.964247703552246,1.4101696014404297,-0.7135583162307739,2.689361645025201e-05,0.0,0.0,0.0,-0.00015913756947644596,-0.0007921099746140622,0.00015060872268093286,0.9999996622769604,0,0,0,,0.5857770442962646,0.012424826622009277,0.0,False,False,2,False
20.756781674,141,20,756781674,map,6.9321699142456055,-0.6410026550292969,0.5030384063720703,-2.670290086825844e-06,0.0,0.0,0.0,-7.360544795798635e-05,-0.0008011961043997131,-0.00012764924916560438,0.9999996681862996,0,0,0,,0.5721575021743774,-0.006213933229446411,0.0,False,False,2,False
20.806781675,142,20,806781675,map,7.003781795501709,1.4322757720947266,-0.06628632545471191,1.6975405742414296e-05,0.0,0.0,0.0,-1.114538572274102e-05,-0.0008558634731931182,4.659572485900611e-05,0.9999996326010996,0,0,0,,0.5810904502868652,-2.6345252990722656e-05,0.0,False,False,2,False
20.856781676,143,20,856781676,map,6.974188327789307,-0.5927944183349609,-0.5399842262268066,-6.599425978492945e-05,0.0,0.0,0.0,-0.0001862351583784611,-0.0008554298936078085,-0.0004052789794227649,0.9999995346524476,0,0,0,,0.6021562814712524,0.01055896282196045,0.0,False,False,2,False
20.906781677,144,20,906781677,map,7.050079345703125,1.517801284790039,-0.008313246071338654,6.84738188283518e-05,0.0,0.0,0.0,-0.00024480576892871547,-0.0009088704245420303,-0.000653776670714704,0.9999993433001603,0,0,0,,0.6048095226287842,0.003868401050567627,0.0,False,False,2,False
20.956781677,145,20,956781677,map,7.026241302490234,-0.47637939453125,0.11881962418556213,-1.0299681889591739e-05,0.0,0.0,0.0,-0.0001719408859368093,-0.0009154058516853134,-0.001055356878821362,0.9999990093446677,0,0,0,,0.5968341827392578,6.622076034545898e-05,0.0,False,False,2,False
21.006781678,146,21,6781678,map,7.105747222900391,1.5888214111328125,-0.3300139904022217,-2.0980837689421605e-06,0.0,0.0,0.0,-0.00021984770827454945,-0.0009729535195348958,-0.0012357660741572187,0.9999987389545267,0,0,0,,0.6197960376739502,0.007222592830657959,0.0,False,False,2,False
21.056781679,147,21,56781679,map,7.088529586791992,-0.3455924987792969,-0.20959481596946716,-5.207061622058973e-05,0.0,0.0,0.0,-0.00029316960553943297,-0.000985082321202931,-0.0018472997026943538,0.9999977655716094,0,0,0,,0.6272313594818115,0.007134795188903809,0.0,False,False,2,False
21.10678168,148,21,106781680,map,7.173798084259033,1.7048358917236328,-0.08492670953273773,2.6702882678364404e-05,0.0,0.0,0.0,-0.00029895449893159,-0.001051615023352144,-0.002166301538648606,0.9999970559305131,0,0,0,,0.6162902116775513,0.00499039888381958,0.0,False,False,2,False
21.15678168,149,21,156781680,map,7.161782264709473,-0.24834632873535156,-0.8062315583229065,-1.3542176020564511e-05,0.0,0.0,0.0,-0.0005261271330132058,-0.0010670064701952357,-0.003136817500483241,0.9999943725158663,0,0,0,,0.6292228698730469,0.01889204978942871,0.0,False,False,2,False
21.206781681,150,21,206781681,map,7.249989032745361,1.746225357055664,-1.1006511449813843,-0.00015354156494140625,0.0,0.0,0.0,-0.0009246586696145888,-0.0011281125122593533,-0.004486959147759494,0.9999888697211139,0,0,0,,0.6336610317230225,0.029340922832489014,0.0,False,False,2,False
21.256781682,151,21,256781682,map,7.242289066314697,-0.15909194946289062,-0.24031639099121094,3.280640157754533e-05,0.0,0.0,0.0,-0.001027655760904769,-0.0011401645800348569,-0.006240207509110536,0.9999793516661285,0,0,0,,0.5982675552368164,0.017818331718444824,0.0,False,False,2,False
21.306781683,152,21,306781683,map,7.3271684646606445,1.6830825805664062,-0.6269446015357971,5.378723290050402e-05,0.0,0.0,0.0,-0.0010789949045229977,-0.0011847878255466676,-0.007742508385442414,0.9999687423173316,0,0,0,,0.5896480083465576,0.022217392921447754,0.0,False,False,2,False
21.306781683,153,21,356781683,map,7.315027236938477,-0.24204254150390625,0.033176541328430176,0.0001468658447265625,0.0,0.0,0.0,-0.0009315135954004807,-0.0011674757931789223,-0.009268562400060286,0.9999559305458067,0,0,0,,0.6060787439346313,0.010844826698303223,0.0,False,False,2,False
21.406781684,154,21,406781684,map,7.3964619636535645,1.6207408905029297,-0.31964391469955444,8.583068120060489e-05,0.0,0.0,0.0,-0.0008104443320555583,-0.0011879087665747903,-0.010315341126731707,0.9999457614241815,0,0,0,,0.6100723743438721,0.013107538223266602,0.0,False,False,2,False
21.456781685,155,21,456781685,map,7.383734703063965,-0.2890777587890625,-1.0977222919464111,-0.0001470565766794607,0.0,0.0,0.0,-0.001030447429985574,-0.0011520753518823625,-0.01201892173117578,0.9999265755148713,0,0,0,,0.5979413986206055,0.02887749671936035,0.0,False,False,2,False
21.506781686,156,21,506781686,map,7.463251113891602,1.6137981414794922,0.6948643922805786,0.00018615723820403218,0.0,0.0,0.0,-0.0007398893903682975,-0.0011683912567508382,-0.01299428701645346,0.9999146143198904,0,0,0,,0.6218469142913818,-0.0013822615146636963,0.0,False,False,2,False
21.556781686,157,21,556781686,map,7.45501708984375,-0.31005859375,-3.477735996246338,-0.00043144222581759095,0.0,0.0,0.0,-0.0016134174428854519,-0.001120844637049957,-0.015576958385392843,0.9998767418831755,0,0,0,,0.848517656326294,0.07508224248886108,0.0,False,False,2,False
21.606781687,158,21,606781687,map,7.564520359039307,1.9131183624267578,-4.200249195098877,-0.0016727447509765625,0.0,0.0,0.0,-0.0032723128806160986,-0.0011508700717784393,-0.02076239288823112,0.9997784207053301,0,0,0,,0.8433078527450562,0.10896438360214233,0.0,False,False,2,False
21.656781688,159,21,656781688,map,7.62760591506958,1.0491752624511719,-2.457793951034546,-0.0012020112480968237,0.0,0.0,0.0,-0.004260302625630145,-0.0012595390639353766,-0.02752849685479625,0.9996111470185793,0,0,0,,0.888862133026123,0.09082525968551636,0.0,False,False,2,False
21.706781689,160,21,706781689,map,7.805624485015869,3.1114959716796875,-4.302303791046143,-0.0009056090493686497,0.0,0.0,0.0,-0.005292715230431404,-0.0014861128437490044,-0.03555583127068727,0.9993525711663306,0,0,0,,0.9289940595626831,0.12215554714202881,0.0,False,False,2,False
21.756781689,161,21,756781689,map,7.920260429382324,1.7137718200683594,-4.424488544464111,-0.0013721464201807976,0.0,0.0,0.0,-0.006379074177582976,-0.001693028543038687,-0.04526441220637919,0.998953239173186,0,0,0,,0.9023340940475464,0.1350342035293579,0.0,False,False,2,False
21.80678169,162,21,806781690,map,8.125969886779785,3.6284732818603516,-3.397648334503174,0.0005914687062613666,0.0,0.0,0.0,-0.006863688049314077,-0.0019522473168171496,-0.05544596536228869,0.9984361889684384,0,0,0,,0.8559919595718384,0.11695343255996704,0.0,False,False,2,False
21.856781691,163,21,856781691,map,8.250201225280762,1.6099929809570312,-5.040113925933838,0.0001153943594545126,0.0,0.0,0.0,-0.007594024788357452,-0.0020593841826379083,-0.06652469893479869,0.9977537542680243,0,0,0,,0.9197134971618652,0.14643347263336182,0.0,False,False,2,False
21.906781692,164,21,906781692,map,8.452993392944336,4.025020599365234,-0.5505156517028809,0.004113578703254461,0.0,0.0,0.0,-0.006852479987223435,-0.002284155987623925,-0.07617341304336211,0.9970684215713455,0,0,0,,0.5130693912506104,0.05856180191040039,0.0,False,False,2,False
21.956781692,165,21,956781692,map,8.531885147094727,1.8014144897460938,1.0229301452636719,0.00632057199254632,0.0,0.0,0.0,-0.004900160745878219,-0.002448450015711664,-0.08220572973161805,0.9966003268695417,0,0,0,,0.377941370010376,0.01596897840499878,0.0,False,False,2,False
22.006781693,166,22,6781693,map,8.603407859802246,0.5252265930175781,-4.662714004516602,-0.00035076169297099113,0.0,0.0,0.0,-0.004722999087885791,-0.002237591033301045,-0.08786018623542766,0.9961191064027731,0,0,0,,0.5615096092224121,0.12672513723373413,0.0,False,False,2,False
22.056781694,167,22,56781694,map,8.602128028869629,-0.774993896484375,-3.3390426635742188,-0.004067802336066961,0.0,0.0,0.0,-0.005580403470495842,-0.0017384404810932346,-0.09551568297420036,0.995410765075289,0,0,0,,0.47922444343566895,0.10106527805328369,0.0,False,False,2,False
22.106781695,168,22,106781695,map,8.609146118164062,-1.5490531921386719,-6.625065803527832,-0.004588127136230469,0.0,0.0,0.0,-0.007199384191377819,-0.0010605416685039344,-0.10558312266760089,0.9943838536130766,0,0,0,,0.5288083553314209,0.1964648962020874,0.0,False,False,2,False
22.156781695,169,22,156781695,map,8.537009239196777,-3.9529800415039062,-8.02328109741211,-0.008855247870087624,0.0,0.0,0.0,-0.009845299753002178,-7.899642217327574e-05,-0.12007920965064749,0.9927154915896168,0,0,0,,0.5698251724243164,0.2558211088180542,0.0,False,False,2,False
22.156781695,170,22,206781696,map,8.543610572814941,-2.127676010131836,-6.38514518737793,-0.005239676684141159,0.0,0.0,0.0,-0.011682761523622255,0.0007687473782715689,-0.13727481059337965,0.990463804733521,0,0,0,,0.6164076328277588,0.2286127805709839,0.0,False,False,2,False
22.256781697,171,22,256781697,map,8.501126289367676,-3.7870407104492188,-7.095861434936523,-0.0007925031241029501,0.0,0.0,0.0,-0.013093348209260837,0.0015488836336443987,-0.1562458372397711,0.9876301957399862,0,0,0,,0.6254644393920898,0.25782155990600586,0.0,False,False,2,False
22.306781698,172,22,306781698,map,8.51913833618164,-2.380523681640625,-6.100063323974609,0.003235244657844305,0.0,0.0,0.0,-0.013793528280528723,0.002122721414373828,-0.1758886400924579,0.9843111392836095,0,0,0,,0.5299131870269775,0.2353224754333496,0.0,False,False,2,False
22.356781698,173,22,356781698,map,8.504448890686035,-2.1498775482177734,-3.688821792602539,0.010453224182128906,0.0,0.0,0.0,-0.013267686135417284,0.0023678007150457953,-0.19419227672349962,0.9808708996016395,0,0,0,,0.5501323938369751,0.18223649263381958,0.0,False,False,2,False
22.406781699,174,22,406781699,map,8.518156051635742,-2.4469470977783203,-5.192217826843262,0.0071052550338208675,0.0,0.0,0.0,-0.012825011590027554,0.002562170897060638,-0.21134350281954076,0.9773243464551452,0,0,0,,0.54802405834198,0.19596898555755615,0.0,False,False,2,False
22.4567817,175,22,456781700,map,8.502204895019531,-1.4987468719482422,-2.0140457153320312,0.0072345733642578125,0.0,0.0,0.0,-0.011566841962263617,0.002486712729638403,-0.22642837461982088,0.973955961834952,0,0,0,,0.5940065383911133,0.12925326824188232,0.0,False,False,2,False
22.5067817,176,22,506781700,map,8.52031421661377,-2.704944610595703,-5.251646041870117,0.0006053922697901726,0.0,0.0,0.0,-0.011118891280493669,0.0025477596568984464,-0.24051026858207425,0.9705795639122028,0,0,0,,0.6739170551300049,0.18131285905838013,0.0,False,False,2,False
22.5067817,177,22,556781701,map,8.499259948730469,-3.7955188751220703,-5.106782913208008,-0.006299018394201994,0.0,0.0,0.0,-0.011478223679457621,0.0028357406636490413,-0.25558285626700544,0.966714855858982,0,0,0,,0.6368986368179321,0.19642245769500732,0.0,False,False,2,False
22.606781702,178,22,606781702,map,8.552427291870117,-0.7376480102539062,-2.9614734649658203,0.0003662108792923391,0.0,0.0,0.0,-0.01088165633340348,0.0027402975425104056,-0.2695488430516205,0.96292133714772,0,0,0,,0.6490856409072876,0.13422483205795288,0.0,False,False,2,False
22.656781703,179,22,656781703,map,8.542365074157715,-4.186944961547852,-5.419683456420898,-0.0018409726908430457,0.0,0.0,0.0,-0.011017816232215054,0.0028853559236661137,-0.28368775724423034,0.9588490698939043,0,0,0,,0.7230162620544434,0.2074270248413086,0.0,False,False,2,False
22.706781703,180,22,706781703,map,8.592576026916504,-3.251018524169922,-5.74702262878418,-0.006232070736587048,0.0,0.0,0.0,-0.01174400001901386,0.0032248605486064224,-0.299212260020518,0.9541088523808011,0,0,0,,0.6581130027770996,0.20703911781311035,0.0,False,False,2,False
22.706781703,181,22,756781704,map,8.624889373779297,-1.3473892211914062,-2.625761032104492,0.0029926300048828125,0.0,0.0,0.0,-0.01121666678529536,0.003100751712195513,-0.31381126550712696,0.9494140621277223,0,0,0,,0.6725797653198242,0.136513352394104,0.0,False,False,2,False
22.806781705,182,22,806781705,map,8.684982299804688,-3.4234619140625,-5.704498291015625,0.0011535643134266138,0.0,0.0,0.0,-0.011244792375382081,0.0031639269046765508,-0.3281070336061186,0.944568324002647,0,0,0,,0.760084867477417,0.19847822189331055,0.0,False,False,2,False
22.856781706,183,22,856781706,map,8.743820190429688,-1.511373519897461,-3.343515396118164,0.0007177352672442794,0.0,0.0,0.0,-0.010901416937355435,0.00305198580008996,-0.3419975011041045,0.939632669573585,0,0,0,,0.8416347503662109,0.14082080125808716,0.0,False,False,2,False
22.906781706,184,22,906781706,map,8.85207462310791,-2.5853347778320312,-5.71080207824707,-0.0003656386979855597,0.0,0.0,0.0,-0.010991172241359997,0.0030347575555579693,-0.35575337711088256,0.9345103097631091,0,0,0,,0.9068663120269775,0.1755995750427246,0.0,False,False,2,False
22.956781707,185,22,956781707,map,8.934852600097656,-3.26171875,-5.378179550170898,-0.003311729524284601,0.0,0.0,0.0,-0.011463899907077465,0.003183570923783966,-0.3702569398094677,0.9288531866759255,0,0,0,,0.7491364479064941,0.18369030952453613,0.0,False,False,2,False
23.006781708,186,23,6781708,map,9.064493179321289,-1.5330982208251953,-4.851818084716797,0.0005453110206872225,0.0,0.0,0.0,-0.011445499995152198,0.0031150448291651592,-0.38444876380418935,0.9230701192406805,0,0,0,,0.7883260250091553,0.15393459796905518,0.0,False,False,2,False
23.056781709,187,23,56781709,map,9.164108276367188,-2.954568862915039,-5.112724304199219,0.0007102965610101819,0.0,0.0,0.0,-0.011503753326777569,0.0031348418730137405,-0.39845582288211295,0.9171100226456834,0,0,0,,0.9693417549133301,0.1665922999382019,0.0,False,False,2,False
23.056781709,188,23,106781709,map,9.324995040893555,-1.6721057891845703,-5.457763671875,0.0006462096935138106,0.0,0.0,0.0,-0.011470371946608602,0.0030593224388362197,-0.4121323734977151,0.9110466386682745,0,0,0,,0.9917576313018799,0.15033340454101562,0.0,False,False,2,False
23.15678171,189,23,156781710,map,9.48638916015625,-1.6256523132324219,-5.290212631225586,0.001408386160619557,0.0,0.0,0.0,-0.011309894216371037,0.002866283900367625,-0.425199249408594,0.9050245681813202,0,0,0,,0.9947407245635986,0.1390421986579895,0.0,False,False,2,False
23.15678171,190,23,206781711,map,9.679508209228516,-1.779632568359375,-6.046581268310547,7.724760507699102e-05,0.0,0.0,0.0,-0.011310419547451715,0.002712653614758821,-0.4378854423679331,0.8989555357648489,0,0,0,,0.9930844306945801,0.14190655946731567,0.0,False,False,2,False
23.256781712,191,23,256781712,map,9.87476634979248,-1.2652301788330078,-5.603437423706055,0.0003057479625567794,0.0,0.0,0.0,-0.011182224090924012,0.0024875780972606304,-0.45002365955468376,0.8929431536557075,0,0,0,,0.9931894540786743,0.1243928074836731,0.0,False,False,2,False
23.306781712,192,23,306781712,map,10.088044166564941,-1.2894344329833984,-5.942211151123047,0.0004886627430096269,0.0,0.0,0.0,-0.011032291355921679,0.002254611728754185,-0.4615218158123358,0.8870573931841587,0,0,0,,0.9928545951843262,0.11927235126495361,0.0,False,False,2,False
23.356781713,193,23,356781713,map,10.302303314208984,-1.1185741424560547,-5.7540130615234375,0.00040531158447265625,0.0,0.0,0.0,-0.010826443117864615,0.002014849166070275,-0.4723679067616873,0.8813326779223811,0,0,0,,0.9928276538848877,0.10786855220794678,0.0,False,False,2,False
23.406781714,194,23,406781714,map,10.330270767211914,-2.982187271118164,-2.4394607543945312,0.001099014189094305,0.0,0.0,0.0,-0.010353690850388092,0.002070310923287124,-0.482451503395702,0.8758590421806939,0,0,0,,0.9930734634399414,0.10108423233032227,0.0,False,False,2,False
23.456781715,195,23,456781715,map,10.310517311096191,-1.9473838806152344,-0.6732940673828125,0.003498649690300226,0.0,0.0,0.0,-0.009177354329720151,0.002167913820599643,-0.4909992945612382,0.8711089306496287,0,0,0,,0.9873411655426025,0.06405049562454224,0.0,False,False,0,False
23.506781715,196,23,506781715,map,10.57541275024414,-0.47944068908691406,-6.348285675048828,0.0003335950896143913,0.0,0.0,0.0,-0.008545749577751364,0.002106164426331386,-0.49861864466719436,0.8667767771611177,0,0,0,,0.9781062602996826,0.07661038637161255,0.0,False,False,0,False
23.556781716,197,23,556781716,map,10.963910102844238,0.4519939422607422,-8.587360382080078,-0.00387058244086802,0.0,0.0,0.0,-0.008801025975490005,0.001468268126837678,-0.5061195316391097,0.8624171878063973,0,0,0,,0.978329062461853,0.0796743631362915,0.0,False,False,3,False
23.606781717,198,23,606781717,map,11.298855781555176,-1.9133663177490234,-8.512096405029297,-0.005871581844985485,0.0,0.0,0.0,-0.009745150169387382,0.0011890696734709171,-0.514480240769771,0.8574460332982865,0,0,0,,0.98301100730896,0.11648839712142944,0.0,False,False,3,False
23.656781718,199,23,656781718,map,11.601890563964844,-2.3438644409179688,-7.860736846923828,-0.005104637239128351,0.0,0.0,0.0,-0.010788372740776434,0.001284895704214699,-0.5240540657967772,0.8516156974706973,0,0,0,,0.9848706722259521,0.12052220106124878,0.0,False,False,3,False
23.706781718,200,23,706781718,map,11.860079765319824,-4.799537658691406,-7.81036376953125,-0.00468673650175333,0.0,0.0,0.0,-0.012107872622453789,0.001971263997161815,-0.5353349032730932,0.8445508006487233,0,0,0,,0.987135648727417,0.1634838581085205,0.0,False,False,3,False
23.756781719,201,23,756781719,map,12.101617813110352,-5.228099822998047,-7.366600036621094,-0.0040985108353197575,0.0,0.0,0.0,-0.013391004240242883,0.002981288429573425,-0.5483965113874975,0.8361058899581799,0,0,0,,0.987844705581665,0.16712337732315063,0.0,False,False,3,False
23.80678172,202,23,806781720,map,12.31490707397461,-6.896257400512695,-7.107067108154297,-0.0032846443355083466,0.0,0.0,0.0,-0.014670547755491663,0.004274797747334778,-0.563111157254135,0.8262398717737375,0,0,0,,0.9858618974685669,0.19200623035430908,0.0,False,False,3,False
23.856781721,203,23,856781721,map,12.52461051940918,-6.8953657150268555,-6.698017120361328,-0.0011585233733057976,0.0,0.0,0.0,-0.015666464828394434,0.005546314138992467,-0.578950265827837,0.8151934678204488,0,0,0,,0.9841295480728149,0.18387150764465332,0.0,False,False,3,False
23.856781721,204,23,906781721,map,12.730181694030762,-6.970362663269043,-6.328411102294922,0.002473830245435238,0.0,0.0,0.0,-0.016263910745096803,0.006608410452012209,-0.5950954726916147,0.8034632490042819,0,0,0,,0.9802939891815186,0.17147499322891235,0.0,False,False,3,False
23.906781721,205,23,956781722,map,12.920823097229004,-7.894854545593262,-5.957393646240234,0.002856445498764515,0.0,0.0,0.0,-0.01673422577147004,0.007636243654681768,-0.6112895763516536,0.7911932174345857,0,0,0,,0.9589258432388306,0.17413204908370972,0.0,False,False,3,False
24.006781723,206,24,6781723,map,13.13244915008545,-5.16845703125,-5.4986572265625,0.00934829656034708,0.0,0.0,0.0,-0.016371192192132074,0.007923280561091199,-0.6261214597145423,0.7795133888370933,0,0,0,,0.9445359706878662,0.10852891206741333,0.0,False,False,3,False
24.006781723,207,24,56781724,map,13.311470985412598,-7.754940986633301,-5.160675048828125,0.006293487269431353,0.0,0.0,0.0,-0.016171118230822786,0.008325092600483596,-0.6398156574863606,0.7683131602436954,0,0,0,,0.9314823150634766,0.13520139455795288,0.0,False,False,3,False
24.106781724,208,24,106781724,map,13.490283012390137,-7.131588459014893,-4.787845611572266,0.0014528273604810238,0.0,0.0,0.0,-0.016002322145950973,0.008734119881320989,-0.652719522674618,0.7573802648308541,0,0,0,,0.9259308576583862,0.11706924438476562,0.0,False,False,3,False
24.106781724,209,24,156781725,map,13.661123275756836,-7.300727367401123,-4.422855377197266,0.0013416290748864412,0.0,0.0,0.0,-0.015767171632669257,0.009055171740405014,-0.6647641656419073,0.7468319785881404,0,0,0,,0.9208409786224365,0.11124670505523682,0.0,False,False,3,False
24.206781726,210,24,206781726,map,13.835660934448242,-6.275026798248291,-4.180145263671875,0.003197097685188055,0.0,0.0,0.0,-0.015257658963839632,0.009057697541545643,-0.6756397033243614,0.7370184212419375,0,0,0,,0.9285962581634521,0.08606952428817749,0.0,False,False,3,False
24.206781726,211,24,256781727,map,13.996232986450195,-7.436460494995117,-3.8200950622558594,0.0007400510367006063,0.0,0.0,0.0,-0.014906131506486484,0.009173800063070572,-0.6857333957981675,0.7276423287048576,0,0,0,,0.9308662414550781,0.09938973188400269,0.0,False,False,3,False
24.306781727,212,24,306781727,map,14.146238327026367,-8.252908706665039,-3.429107666015625,-0.0038270950317382812,0.0,0.0,0.0,-0.014860659229370672,0.009597377459396674,-0.6957743239553809,0.7180425762290167,0,0,0,,0.9262658357620239,0.1144554615020752,0.0,False,False,3,False
24.356781728,213,24,356781728,map,14.296850204467773,-7.978200435638428,-3.191356658935547,-0.0033658978063613176,0.0,0.0,0.0,-0.014822839253270232,0.010031290587126877,-0.7058612690829478,0.7081239478045059,0,0,0,,0.9088610410690308,0.11025214195251465,0.0,False,False,3,False
24.406781729,214,24,406781729,map,14.44876480102539,-7.417856216430664,-3.003673553466797,0.00036334991455078125,0.0,0.0,0.0,-0.014584522896757508,0.010235255964039935,-0.71566089262683,0.698220608398086,0,0,0,,0.8911261558532715,0.09736877679824829,0.0,False,False,3,False
24.406781729,215,24,456781730,map,14.597503662109375,-7.269336700439453,-2.7585983276367188,0.0022430419921875,0.0,0.0,0.0,-0.01421558896299966,0.010270494507250854,-0.7249657381230198,0.6885616257973984,0,0,0,,0.9011757373809814,0.09012937545776367,0.0,False,False,3,False
24.50678173,216,24,506781730,map,14.74871826171875,-6.662107467651367,-2.6727294921875,0.0031576156616210938,0.0,0.0,0.0,-0.01370155380104523,0.010093473975189575,-0.733550648379264,0.6794216919328604,0,0,0,,0.9124727249145508,0.07516801357269287,0.0,False,False,3,False
24.50678173,217,24,556781731,map,14.912882804870605,-3.7915873527526855,-3.023834228515625,0.008538436144590378,0.0,0.0,0.0,-0.012562275954376204,0.009092019483304924,-0.7403527130583675,0.6720397195640121,0,0,0,,0.9097995758056641,0.02189624309539795,0.0,False,False,3,False
24.606781732,218,24,606781732,map,15.070820808410645,0.5686807632446289,-3.2104873657226562,0.014232826419174671,0.0,0.0,0.0,-0.0103596702628047,0.006753484538926893,-0.7436584357965342,0.6684453594328262,0,0,0,,0.905519962310791,-0.06096187233924866,0.0,False,False,3,False
24.656781733,219,24,656781733,map,15.200069427490234,4.324685096740723,-2.8778648376464844,0.009679412469267845,0.0,0.0,0.0,-0.007221860964883679,0.003319091751079856,-0.7421946521883047,0.6701372446127983,0,0,0,,0.869773268699646,-0.1524096131324768,0.0,False,False,3,False
24.706781733,220,24,706781733,map,15.323626518249512,5.207836627960205,-2.7355003356933594,-0.004475784953683615,0.0,0.0,0.0,-0.0038511723536005012,-0.00031926159798079004,-0.7359695911848947,0.6770035652747141,0,0,0,,0.8678109645843506,-0.15616971254348755,0.0,False,False,3,False
24.756781734,221,24,756781734,map,15.450702667236328,5.349586009979248,-2.7170372009277344,-0.01562633365392685,0.0,0.0,0.0,-0.0010404423351860646,-0.003268819288830697,-0.7267167519431879,0.6869286678726892,0,0,0,,0.862628698348999,-0.14496326446533203,0.0,False,False,3,False
24.806781735,222,24,806781735,map,15.584129333496094,4.918787002563477,-2.7462196350097656,-0.015574837103486061,0.0,0.0,0.0,0.0010270012046168942,-0.005342374728164737,-0.7161686742523602,0.697906035452056,0,0,0,,0.8685173988342285,-0.11483997106552124,0.0,False,False,3,False
24.856781736,223,24,856781736,map,15.727705955505371,3.004412889480591,-2.8803253173828125,-0.008396148681640625,0.0,0.0,0.0,0.0020341842736477235,-0.006289268077720822,-0.706349362401853,0.7078325264042923,0,0,0,,0.8818910121917725,-0.05749392509460449,0.0,False,False,3,False
24.856781736,224,24,906781736,map,15.871305465698242,2.163583755493164,-2.8606033325195312,-0.0009370798943564296,0.0,0.0,0.0,0.0022333483540644024,-0.006423030809093858,-0.6986684189052166,0.7154133051983586,0,0,0,,0.8850135803222656,-0.01833432912826538,0.0,False,False,3,False
24.956781737,225,24,956781737,map,16.014244079589844,0.9230330586433411,-2.8496170043945312,0.0029029841534793377,0.0,0.0,0.0,0.001823711194643242,-0.005977410633793914,-0.6938869486154502,0.7200568360766622,0,0,0,,0.9073648452758789,0.01919931173324585,0.0,False,False,3,False
25.006781738,226,25,6781738,map,16.15779685974121,0.5003875494003296,-2.865142822265625,0.0032804489601403475,0.0,0.0,0.0,0.0011292043791047506,-0.0052880931593442745,-0.692019388664157,0.721858661152649,0,0,0,,0.9030430316925049,0.03685075044631958,0.0,False,False,3,False
25.006781738,227,25,56781738,map,16.300729751586914,0.026871860027313232,-2.85858154296875,0.002049255184829235,0.0,0.0,0.0,0.0003430020691262991,-0.0045336887874955125,-0.6925523609341812,0.7213532805637268,0,0,0,,0.8811664581298828,0.04554539918899536,0.0,False,False,3,False
25.056781738,228,25,106781739,map,16.440187454223633,-0.625477135181427,-2.796783447265625,0.0008096694946289062,0.0,0.0,0.0,-0.0005035892414487822,-0.003718681811915755,-0.6948847682484984,0.7191113103405398,0,0,0,,0.858961820602417,0.05016374588012695,0.0,False,False,3,False
25.15678174,229,25,156781740,map,16.571924209594727,-1.5687531232833862,-2.6480865478515625,-2.86102294921875e-05,0.0,0.0,0.0,-0.0014566902092658092,-0.002767660875088346,-0.6985552662665754,0.715549270196084,0,0,0,,0.8175332546234131,0.05576431751251221,0.0,False,False,3,False
25.206781741,230,25,206781741,map,16.6939640045166,-1.7984380722045898,-2.4468231201171875,-0.0008413314935751259,0.0,0.0,0.0,-0.002345973709408639,-0.001824194972436656,-0.702965567192139,0.711217674177387,0,0,0,,0.7828741073608398,0.049012601375579834,0.0,False,False,3,False
25.206781741,231,25,256781741,map,16.800968170166016,-2.405308485031128,-2.1329879760742188,-0.0011531829368323088,0.0,0.0,0.0,-0.003162122552054312,-0.0008787302334860583,-0.7076830316395706,0.7065224381033974,0,0,0,,0.7249298095703125,0.047158896923065186,0.0,False,False,3,False
25.256781741,232,25,306781742,map,16.891639709472656,-1.9392179250717163,-1.7953109741210938,-0.00092144007794559,0.0,0.0,0.0,-0.003689019192434942,-0.00014382958122861303,-0.712145781887946,0.7020219054913142,0,0,0,,0.6786787509918213,0.029899120330810547,0.0,False,False,3,False
25.356781743,233,25,356781743,map,16.964893341064453,-0.9362462162971497,-1.452484130859375,7.572176400572062e-05,0.0,0.0,0.0,-0.003726359848611016,0.00016377306520579658,-0.7155878888173289,0.6985127492026326,0,0,0,,0.6622481346130371,0.004481196403503418,0.0,False,False,3,False
25.356781743,234,25,406781744,map,17.019412994384766,-1.1108827590942383,-1.0721588134765625,0.0007007598178461194,0.0,0.0,0.0,-0.0035593069940694664,0.0003125369627425597,-0.7178610536683241,0.6961772341010386,0,0,0,,0.6151260137557983,-0.0015454590320587158,0.0,False,False,3,False
25.456781744,235,25,456781744,map,17.056310653686523,0.8179289102554321,-0.7519149780273438,0.001132965087890625,0.0,0.0,0.0,-0.0029055413537327746,-3.4634828677240943e-06,-0.7184966423288519,0.695524358149743,0,0,0,,0.640310525894165,-0.03490671515464783,0.0,False,False,3,False
25.506781745,236,25,506781745,map,17.082178115844727,1.5897166728973389,-0.5386734008789062,0.0008775710593909025,0.0,0.0,0.0,-0.0019039523510105375,-0.0006769268595237525,-0.7172069802105063,0.6968572768313452,0,0,0,,0.64737868309021,-0.050533831119537354,0.0,False,False,3,False
25.506781745,237,25,556781746,map,17.101543426513672,1.0742642879486084,-0.397491455078125,-0.00020084378775209188,0.0,0.0,0.0,-0.001059392920867255,-0.0012179472561225735,-0.7146543046464079,0.6994759603742502,0,0,0,,0.6131117343902588,-0.040423691272735596,0.0,False,False,3,False
25.606781747,238,25,606781747,map,17.10970687866211,-0.2726644277572632,-0.16101837158203125,-0.0004610061296261847,0.0,0.0,0.0,-0.0007463384488668294,-0.0012407296214618805,-0.7120997112988805,0.7020768510191584,0,0,0,,0.5537822246551514,-0.011508673429489136,0.0,False,False,3,False
25.656781747,239,25,656781747,map,17.10547637939453,0.409584641456604,0.08129119873046875,-0.0003435134422034025,0.0,0.0,0.0,-0.0005348888982907301,-0.0011646925163829708,-0.7099822211772201,0.7042184341505623,0,0,0,,0.5822244882583618,-0.010373204946517944,0.0,False,False,3,False
25.706781748,240,25,706781748,map,17.096281051635742,0.2222508192062378,0.182342529296875,-0.00017242433386854827,0.0,0.0,0.0,-0.00036088962686069766,-0.0010734093862568579,-0.7083991556456558,0.7058111318415773,0,0,0,,0.6107285022735596,-0.0013300776481628418,0.0,False,False,3,False
25.756781749,241,25,756781749,map,17.082561492919922,0.20268455147743225,0.2730560302734375,-0.00011482239642646164,0.0,0.0,0.0,-0.00024061174106087776,-0.0009674753742726386,-0.7074244392407129,0.7067882772530634,0,0,0,,0.5602239370346069,0.0035876035690307617,0.0,False,False,3,False
25.80678175,242,25,806781750,map,17.06089210510254,0.03200322389602661,0.433197021484375,-4.291534423828125e-05,0.0,0.0,0.0,-0.00018313247215038668,-0.0008212559644679139,-0.7070452879461157,0.7071677684922673,0,0,0,,0.5480391979217529,0.00842970609664917,0.0,False,False,3,False
25.80678175,243,25,856781750,map,17.030881881713867,0.057324618101119995,0.5998611450195312,-6.942749314475805e-05,0.0,0.0,0.0,-0.00014221434495936575,-0.0006685431690398467,-0.7071345704341803,0.7070786604911637,0,0,0,,0.5184824466705322,0.008646905422210693,0.0,False,False,3,False
25.906781751,244,25,906781751,map,16.99168586730957,-0.017362236976623535,0.7840347290039062,3.8719190342817456e-05,0.0,0.0,0.0,-0.0001090693752705274,-0.0005074428211841299,-0.7075341776812684,0.7066789355984415,0,0,0,,0.5016489028930664,0.008605778217315674,0.0,False,False,3,False
25.956781752,245,25,956781752,map,16.94387435913086,0.006602853536605835,0.9562301635742188,-6.29425048828125e-05,0.0,0.0,0.0,-6.48118088146586e-05,-0.0003541891522516141,-0.7080788526654679,0.7061332797407501,0,0,0,,0.487152099609375,0.006334781646728516,0.0,False,False,3,False
26.006781753,246,26,6781753,map,16.88888931274414,0.0035005807876586914,1.099700927734375,-5.283356586005539e-05,0.0,0.0,0.0,-7.73826295767583e-06,-0.00021439977193358207,-0.7086280962517795,0.7055821533850156,0,0,0,,0.48687744140625,0.004025936126708984,0.0,False,False,3,False
26.056781753,247,26,56781753,map,16.8288516998291,0.3084522485733032,1.19903564453125,2.4414075596723706e-05,0.0,0.0,0.0,0.00012530010396896835,-0.00016163217043049102,-0.7089772033884567,0.7052313685950223,0,0,0,,0.4869222640991211,-0.0028754770755767822,0.0,False,False,3,False
26.106781754,248,26,106781754,map,16.766483306884766,0.09899601340293884,1.2468719482421875,-3.662109520519152e-05,0.0,0.0,0.0,0.0002325438705906024,-0.00010504135988948787,-0.7091180607167323,0.7050897183018636,0,0,0,,0.5059633255004883,-0.0020050108432769775,0.0,False,False,3,False
26.156781755,249,26,156781755,map,16.703702926635742,0.30022963881492615,1.2542724609375,-3.623963493737392e-06,0.0,0.0,0.0,0.00034541038778897486,-8.705394549283433e-05,-0.7090413520526804,0.7051668130255291,0,0,0,,0.500886082649231,-0.0057850182056427,0.0,False,False,3,False
26.156781755,250,26,206781756,map,16.640348434448242,0.44028908014297485,1.2656021118164062,-2.4795535864541307e-05,0.0,0.0,0.0,0.00048675181291444203,-0.0001295563493057105,-0.7087006454163861,0.7055091363506377,0,0,0,,0.5002484321594238,-0.008605271577835083,0.0,False,False,3,False
26.256781756,251,26,256781756,map,16.576478958129883,0.5298994779586792,1.276397705078125,-3.318786184536293e-05,0.0,0.0,0.0,0.0006395174369364747,-0.0002093933906647356,-0.7081115370031652,0.7061002749856926,0,0,0,,0.496380090713501,-0.01013803482055664,0.0,False,False,3,False
26.306781757,252,26,306781757,map,16.511301040649414,0.10272318124771118,1.3034439086914062,-2.1743777324445546e-05,0.0,0.0,0.0,0.0006739805914277549,-0.00018793059131363206,-0.7075112328309449,0.7067017516960686,0,0,0,,0.4807060956954956,-0.003009289503097534,0.0,False,False,3,False
26.306781757,253,26,356781758,map,16.4423885345459,0.5792419910430908,1.3782882690429688,-1.1444089977885596e-05,0.0,0.0,0.0,0.0007595898929118865,-0.00022029086202264672,-0.7068719746622287,0.7073410676132497,0,0,0,,0.45300471782684326,-0.008470624685287476,0.0,False,False,3,False
26.406781759,254,26,406781759,map,16.370088577270508,-0.11947128921747208,1.4458847045898438,-7.057192306092475e-06,0.0,0.0,0.0,0.0007229747234651463,-0.0001244856872713436,-0.7064000522365486,0.7078124243124474,0,0,0,,0.4713144302368164,0.002544105052947998,0.0,False,False,3,False
26.406781759,255,26,456781759,map,16.291770935058594,-1.5493719577789307,1.5691757202148438,0.0001066207914846018,0.0,0.0,0.0,0.00028680183002012787,0.0003805087869932217,-0.7067852952750155,0.7074279605308108,0,0,0,,0.40257227420806885,0.027641654014587402,0.0,False,False,3,False
26.50678176,256,26,506781760,map,16.197195053100586,-2.770301103591919,1.9150543212890625,-0.0003658294735942036,0.0,0.0,0.0,-0.0005208785799273863,0.001309343979366683,-0.7086272470148453,0.7055816317705628,0,0,0,,0.31235551834106445,0.0526004433631897,0.0,False,False,3,False
26.556781761,257,26,556781761,map,16.086788177490234,-1.7980223894119263,2.2364425659179688,-0.0007505416870117188,0.0,0.0,0.0,-0.0010814754539005766,0.002065293566064011,-0.7114304104551185,0.7027526848422495,0,0,0,,0.27381432056427,0.03915661573410034,0.0,False,False,3,False
26.606781762,258,26,606781762,map,15.962737083435059,-0.40571630001068115,2.4892425537109375,0.0001459121995139867,0.0,0.0,0.0,-0.0010382304311458814,0.0022697503432781777,-0.7140454741959893,0.7000948729216461,0,0,0,,0.2689940929412842,0.011784017086029053,0.0,False,False,3,False
26.606781762,259,26,656781762,map,15.829383850097656,-0.5649358034133911,2.6794052124023438,0.0006032943492755294,0.0,0.0,0.0,-0.0007717212017652488,0.002270319593949034,-0.7160375983015543,0.6980575964158473,0,0,0,,0.29514265060424805,0.005962252616882324,0.0,False,False,3,False
26.706781763,260,26,706781763,map,15.690635681152344,0.31241297721862793,2.7689170837402344,0.0005401611560955644,0.0,0.0,0.0,-0.00030432998855131567,0.0020501690127407886,-0.7171152745542839,0.6969514955800089,0,0,0,,0.2796558141708374,-0.012619942426681519,0.0,False,False,3,False
26.706781763,261,26,756781764,map,15.54326343536377,1.8896281719207764,2.9137611389160156,0.0005020141834393144,0.0,0.0,0.0,0.0005627822589892727,0.0014001151360281139,-0.7166683425821154,0.6974125104228762,0,0,0,,0.23506081104278564,-0.04336404800415039,0.0,False,False,3,False
26.806781765,262,26,806781765,map,15.384716987609863,2.0398881435394287,3.1468963623046875,-0.0002628326474223286,0.0,0.0,0.0,0.0015309455187932043,0.0006467424271250436,-0.7146796880422911,0.699449913453297,0,0,0,,0.1692967414855957,-0.05065274238586426,0.0,False,False,3,False
26.856781765,263,26,856781765,map,15.209620475769043,2.645585060119629,3.490428924560547,-0.0009531020768918097,0.0,0.0,0.0,0.0025245305505202965,-9.804854823385902e-05,-0.7113988022979009,0.7027840075166011,0,0,0,,0.08385705947875977,-0.06049025058746338,0.0,False,False,3,False
26.906781766,264,26,906781766,map,15.019944190979004,2.0762779712677,3.8006019592285156,-0.0009418487315997481,0.0,0.0,0.0,0.00329215677984996,-0.0005668394468606494,-0.7074408709820886,0.7067646386604827,0,0,0,,0.072601318359375,-0.047984540462493896,0.0,False,False,3,False
26.956781767,265,26,956781767,map,14.815848350524902,2.3267104625701904,4.107322692871094,-0.0006019591819494963,0.0,0.0,0.0,0.003922035770790188,-0.0008622325636801979,-0.7032584801952532,0.7109229101835737,0,0,0,,0.003469109535217285,-0.04572877287864685,0.0,False,False,3,False
26.956781767,266,27,6781768,map,14.58026123046875,1.923220157623291,4.747562408447266,-6.256101187318563e-05,0.0,0.0,0.0,0.004394855560725642,-0.000936231739315071,-0.6992314372416686,0.7148812529977835,0,0,0,,0.0,-0.03382489085197449,0.1363149881362915,False,False,3,False
27.056781768,267,27,56781768,map,14.310127258300781,0.19655585289001465,5.408363342285156,0.001126479939557612,0.0,0.0,0.0,0.004392898301039922,-0.00044506078976319077,-0.6962418652650089,0.7177936816507311,0,0,0,,0.0,0.0012592077255249023,0.2736055254936218,False,False,3,False
27.106781769,268,27,106781769,map,14.061121940612793,-2.5651745796203613,4.933757781982422,0.00206241593696177,0.0,0.0,0.0,0.0035507342454164635,0.0008200233995115202,-0.6955345566677075,0.7184834029600115,0,0,0,,0.08107590675354004,0.06695550680160522,0.0,False,False,3,False
27.15678177,269,27,156781770,map,13.839862823486328,-1.7464615106582642,4.406261444091797,0.0006889342912472785,0.0,0.0,0.0,0.0025103489462145355,0.002039898193658301,-0.6971867722725348,0.7168822368644187,0,0,0,,0.15602421760559082,0.057765185832977295,0.0,False,False,3,False
27.15678177,270,27,206781771,map,13.628189086914062,-2.6033923625946045,4.225063323974609,-0.0008449553279206157,0.0,0.0,0.0,0.001501255410325775,0.003070893962798259,-0.7005196320427978,0.71362494418643,0,0,0,,0.1363074779510498,0.07199805974960327,0.0,False,False,3,False
27.256781771,271,27,256781771,map,13.42699909210205,-1.8808166980743408,4.033241271972656,-0.0011102675925940275,0.0,0.0,0.0,0.0007722846952664209,0.0037346051790189956,-0.7047068815633366,0.7094883137711177,0,0,0,,0.15295982360839844,0.056648850440979004,0.0,False,False,3,False
27.256781771,272,27,306781772,map,13.234992027282715,-1.7380359172821045,3.8610267639160156,-0.000589561415836215,0.0,0.0,0.0,0.00030823462974444073,0.004081277349042548,-0.7089741721060975,0.7052225687349255,0,0,0,,0.1635727882385254,0.04603314399719238,0.0,False,False,3,False
27.356781773,273,27,356781773,map,13.051889419555664,-1.0621494054794312,3.6810302734375,0.00011119842383777723,0.0,0.0,0.0,0.00013253518148869303,0.004104663622831588,-0.7127110511872686,0.701445715423872,0,0,0,,0.1759735345840454,0.026616990566253662,0.0,False,False,3,False
27.356781773,274,27,406781774,map,12.876459121704102,-0.25453805923461914,3.514423370361328,0.0007389067905023694,0.0,0.0,0.0,0.0002646725163631084,0.0037927683953165444,-0.7153838224010062,0.6987213546924727,0,0,0,,0.18275058269500732,0.004716992378234863,0.0,False,False,3,False
27.456781774,275,27,456781774,map,12.705662727355957,0.43021678924560547,3.4079933166503906,0.0007652282365597785,0.0,0.0,0.0,0.0006354089699957073,0.0032300715662445245,-0.7167075056692743,0.6973661263715387,0,0,0,,0.15909898281097412,-0.014367252588272095,0.0,False,False,3,False
27.506781775,276,27,506781775,map,12.537165641784668,0.5682834982872009,3.3600807189941406,0.0003116606967523694,0.0,0.0,0.0,0.0010557785058440117,0.0026316082031724525,-0.716808527745471,0.6972642931639207,0,0,0,,0.15462684631347656,-0.022214621305465698,0.0,False,False,3,False
27.556781776,277,27,556781776,map,12.372054100036621,0.3039267659187317,3.297595977783203,-0.0002336501347599551,0.0,0.0,0.0,0.0013435044656887722,0.00219101277178286,-0.7161560243704965,0.6979354864288171,0,0,0,,0.17290174961090088,-0.019154757261276245,0.0,False,False,3,False
27.556781776,278,27,606781776,map,12.210871696472168,0.5484944581985474,3.215618133544922,-0.00044460297795012593,0.0,0.0,0.0,0.001573614687847986,0.0018259016883117381,-0.7150640061302183,0.6990548311519219,0,0,0,,0.17190682888031006,-0.020883142948150635,0.0,False,False,3,False
27.656781777,279,27,656781777,map,12.053372383117676,0.27010589838027954,3.1465530395507812,-0.00031433103140443563,0.0,0.0,0.0,0.0016929240094970318,0.0015873429012147743,-0.7138563996389724,0.7002882656772822,0,0,0,,0.17481660842895508,-0.014017820358276367,0.0,False,False,3,False
27.706781778,280,27,706781778,map,11.89966106414795,0.03691554069519043,3.074016571044922,-0.00023422238882631063,0.0,0.0,0.0,0.0016821927428243664,0.0014905956549839889,-0.7128457555676899,0.7013172442777221,0,0,0,,0.1842409372329712,-0.006385326385498047,0.0,False,False,3,False
27.756781779,281,27,756781779,map,11.750683784484863,-0.8468705415725708,2.9928207397460938,-3.4523007343523204e-05,0.0,0.0,0.0,0.001411478506043685,0.001661501222963428,-0.7124723449100945,0.7016968040973429,0,0,0,,0.21150684356689453,0.012322604656219482,0.0,False,False,3,False
27.756781779,282,27,806781779,map,11.607690811157227,-0.1886063814163208,2.863636016845703,-0.00011711120168911293,0.0,0.0,0.0,0.0012124704078880992,0.0017539909261687868,-0.7125798503085855,0.7015877780901936,0,0,0,,0.2121504545211792,0.007178962230682373,0.0,False,False,3,False
27.85678178,283,27,856781780,map,11.470608711242676,-0.3322973847389221,2.7484512329101562,1.6784670151537284e-05,0.0,0.0,0.0,0.0010718473300266726,0.0017799700954950742,-0.7129536088544348,0.7012081249323897,0,0,0,,0.23865020275115967,0.009759068489074707,0.0,False,False,3,False
27.906781781,284,27,906781781,map,11.340081214904785,-0.005227029323577881,2.6111793518066406,2.7847287128679454e-05,0.0,0.0,0.0,0.0010227246975804388,0.0017023416968282607,-0.7133887283735421,0.7007657085620849,0,0,0,,0.24438846111297607,0.004665553569793701,0.0,False,False,3,False
27.956781782,285,27,956781782,map,11.216163635253906,-0.48142045736312866,2.489147186279297,3.4332288123550825e-06,0.0,0.0,0.0,0.0009006096607614604,0.0016908728271161277,-0.7139397353670663,0.7002045302019436,0,0,0,,0.27262651920318604,0.011118829250335693,0.0,False,False,3,False
28.006781782,286,28,6781782,map,11.10034465789795,-0.2525150775909424,2.322845458984375,2.4604794816696085e-05,0.0,0.0,0.0,0.0007859578257292535,0.001659448685971386,-0.7145669701724372,0.699564631495145,0,0,0,,0.29666197299957275,0.008287966251373291,0.0,False,False,3,False
28.056781783,287,28,56781783,map,10.993252754211426,-0.8561402559280396,2.164745330810547,-3.681182715808973e-05,0.0,0.0,0.0,0.0005501337330863612,0.00173779909517049,-0.715412417574926,0.6987000430705439,0,0,0,,0.32927048206329346,0.017675697803497314,0.0,False,False,3,False
28.056781783,288,28,106781784,map,10.897150993347168,-0.9572845697402954,1.951904296875,-7.686614117119461e-05,0.0,0.0,0.0,0.00024146206802719348,0.0018717835541197678,-0.7165741095061298,0.697508411209423,0,0,0,,0.3777732849121094,0.021444737911224365,0.0,False,False,3,False
28.106781784,289,28,156781785,map,10.810827255249023,-1.8056124448776245,1.7943382263183594,-0.0002620696905069053,0.0,0.0,0.0,-0.0002529725834161774,0.0021808352533829343,-0.7183010936543961,0.6957289118739916,0,0,0,,0.38082826137542725,0.037212371826171875,0.0,False,False,3,False
28.206781785,290,28,206781785,map,10.735193252563477,-1.0850238800048828,1.5617942810058594,-0.00016098024207167327,0.0,0.0,0.0,-0.0006084956516183633,0.002335882782723373,-0.7203349641048641,0.6936221686716129,0,0,0,,0.4117065668106079,0.02911275625228882,0.0,False,False,3,False
28.256781786,291,28,256781786,map,10.666438102722168,-2.0941977500915527,1.4851570129394531,-0.00020866395789198577,0.0,0.0,0.0,-0.001063607205784633,0.0025987367594901885,-0.7227787814852841,0.6910737647614869,0,0,0,,0.4069082736968994,0.044959306716918945,0.0,False,False,3,False
28.306781787,292,28,306781787,map,10.605302810668945,-1.6472649574279785,1.3251686096191406,-0.00018386839656159282,0.0,0.0,0.0,-0.0014354604937571718,0.0027887955880954328,-0.7255290018758699,0.688184444396517,0,0,0,,0.42673659324645996,0.04084831476211548,0.0,False,False,3,False
28.356781788,293,28,356781788,map,10.5486421585083,-2.22625732421875,1.2927055358886719,-0.0002115249662892893,0.0,0.0,0.0,-0.0018275506638247181,0.0030249136086432857,-0.7285906233778003,0.6849402992102157,0,0,0,,0.41917967796325684,0.05041801929473877,0.0,False,False,3,False
28.356781788,294,28,406781788,map,10.497590065002441,-1.6398322582244873,1.1555099487304688,0.0001447677641408518,0.0,0.0,0.0,-0.0020621167861444127,0.0031180796765613236,-0.7317428184457411,0.6815705927536589,0,0,0,,0.4340240955352783,0.04249286651611328,0.0,False,False,3,False
28.456781789,295,28,456781789,map,10.450491905212402,-2.0491015911102295,1.1286544799804688,0.00018272403394803405,0.0,0.0,0.0,-0.002274865722370477,0.003211388403008351,-0.7349528410945629,0.6781068008341314,0,0,0,,0.4456390142440796,0.0477522611618042,0.0,False,False,3,False
28.50678179,296,28,506781790,map,10.410486221313477,-1.8284893035888672,0.9852027893066406,0.00019493098079692572,0.0,0.0,0.0,-0.002428396467793572,0.003253672528925553,-0.7381758424060136,0.6745961326555632,0,0,0,,0.4905596971511841,0.044714272022247314,0.0,False,False,3,False
28.50678179,297,28,556781791,map,10.375398635864258,-2.4108362197875977,0.9707069396972656,-6.465910701081157e-05,0.0,0.0,0.0,-0.0026652669169424004,0.003395842761266731,-0.7415606338118276,0.6708719631828436,0,0,0,,0.47147977352142334,0.054159343242645264,0.0,False,False,3,False
28.606781791,298,28,606781791,map,10.346582412719727,-1.8581628799438477,0.8046913146972656,6.370544724632055e-05,0.0,0.0,0.0,-0.00279807031144133,0.003429725067727266,-0.7449704803239231,0.6670827469170788,0,0,0,,0.5022804737091064,0.04685777425765991,0.0,False,False,3,False
28.656781792,299,28,656781792,map,10.320379257202148,-2.291903495788574,0.8294105529785156,0.00010185241990257055,0.0,0.0,0.0,-0.002947321108078864,0.0034939766712825063,-0.7484290533268113,0.6631991085350157,0,0,0,,0.47210240364074707,0.05302751064300537,0.0,False,False,3,False
28.706781793,300,28,706781793,map,10.297382354736328,-1.8355655670166016,0.724945068359375,0.00024833681527525187,0.0,0.0,0.0,-0.0030012722215764843,0.0034679413224726384,-0.7518313263431508,0.6593395350478647,0,0,0,,0.4984973669052124,0.04647374153137207,0.0,False,False,3,False
28.756781794,301,28,756781794,map,10.274590492248535,-2.680542469024658,0.8727455139160156,-0.00015335081843659282,0.0,0.0,0.0,-0.003180227195929042,0.0036111909307846124,-0.7553994837461246,0.6552468736370531,0,0,0,,0.48637616634368896,0.06004232168197632,0.0,False,False,3,False
28.756781794,302,28,806781794,map,10.256893157958984,-1.715993881225586,0.6418037414550781,7.686612661927938e-05,0.0,0.0,0.0,-0.0031983172271605694,0.00357952313477265,-0.7589089541320198,0.6511790515052569,0,0,0,,0.5133628845214844,0.04642021656036377,0.0,False,False,3,False
28.856781795,303,28,856781795,map,10.240123748779297,-2.4096274375915527,0.7640266418457031,0.00017871856107376516,0.0,0.0,0.0,-0.0032667413949185133,0.0036168857682314162,-0.7624188545833174,0.6470654810093494,0,0,0,,0.4990723133087158,0.05571490526199341,0.0,False,False,3,False
28.906781796,304,28,906781796,map,10.226960182189941,-1.697852611541748,0.5845451354980469,0.00027484894962981343,0.0,0.0,0.0,-0.0032253447758417856,0.0035289626244607857,-0.7657998068429864,0.6430612718964785,0,0,0,,0.5149223804473877,0.045100510120391846,0.0,False,False,3,False
28.906781796,305,28,956781797,map,10.21343994140625,-2.2751450538635254,0.7239532470703125,7.762908353470266e-05,0.0,0.0,0.0,-0.003247074676130601,0.0035268969223082964,-0.7691474960281312,0.6390533208252684,0,0,0,,0.4950876235961914,0.052909791469573975,0.0,False,False,3,False
29.006781797,306,29,6781797,map,10.199402809143066,-2.1305131912231445,0.731658935546875,-0.0001338958682026714,0.0,0.0,0.0,-0.003283305985402316,0.0035616207624560017,-0.772536486384852,0.6349518973619169,0,0,0,,0.4878666400909424,0.05226790904998779,0.0,False,False,3,False
29.006781797,307,29,56781798,map,10.183365821838379,-2.241997718811035,0.8230400085449219,-0.0002309799165232107,0.0,0.0,0.0,-0.0033255846456002112,0.003628801243038941,-0.7759801886215312,0.6307380749211169,0,0,0,,0.4782865047454834,0.05489969253540039,0.0,False,False,3,False
29.056781798,308,29,106781799,map,10.15627670288086,-1.202392578125,0.8329200744628906,-0.2452375292778015,0.0,0.0,0.0,-0.0029158925268256935,0.0027481645045712003,-0.7789830684835654,0.627032155617682,0,0,0,,0.5121102333068848,0.038340866565704346,0.0,False,False,3,False
29.106781799,309,29,156781800,map,10.144734382629395,-2.106051445007324,0.7417106628417969,0.0896364077925682,0.0,0.0,0.0,-0.003041045217803302,0.0032290718594357006,-0.7819688850977176,0.6233016828775152,0,0,0,,0.5160140991210938,0.05147552490234375,0.0,False,False,3,False
29.2067818,310,29,206781800,map,10.135455131530762,-1.582183837890625,0.5862998962402344,0.06507949531078339,0.0,0.0,0.0,-0.0029952950512073468,0.003293246964753167,-0.7849236362597982,0.6195765230967691,0,0,0,,0.5208145380020142,0.042892277240753174,0.0,False,False,3,False
29.2067818,311,29,256781801,map,10.126567840576172,-2.114119529724121,0.7332038879394531,0.043540000915527344,0.0,0.0,0.0,-0.0030091391275145355,0.0033442277180576576,-0.7879141518097321,0.615768666465444,0,0,0,,0.5081100463867188,0.0503421425819397,0.0,False,False,3,False
29.306781802,312,29,306781802,map,10.115792274475098,-2.2373437881469727,0.8323860168457031,0.3077005445957184,0.0,0.0,0.0,-0.002889797990661118,0.003404269718857799,-0.7910618994323797,0.6117198143608642,0,0,0,,0.5264507532119751,0.054602742195129395,0.0,False,False,3,False
29.306781802,313,29,356781803,map,10.108076095581055,-2.219052314758301,0.7921791076660156,-0.40392303466796875,0.0,0.0,0.0,-0.0028919291529590466,0.003578773985086744,-0.7943525112473052,0.6074396406208916,0,0,0,,0.5893758535385132,0.05618208646774292,0.0,False,False,3,False
29.406781803,314,29,406781803,map,10.119669914245605,-2.175922393798828,0.4041862487792969,0.06984901428222656,0.0,0.0,0.0,-0.003270535770888413,0.003666751521405746,-0.7977089260647857,0.6030226594462416,0,0,0,,0.6641483306884766,0.05474299192428589,0.0,False,False,3,False
29.456781804,315,29,456781804,map,10.140758514404297,-2.5490856170654297,0.3479576110839844,0.04325389862060547,0.0,0.0,0.0,-0.0035018739816507706,0.0037232621818152705,-0.8011522747754661,0.5984387243648578,0,0,0,,0.6671032905578613,0.05937540531158447,0.0,False,False,3,False
29.456781804,316,29,506781805,map,10.175924301147461,-2.2432804107666016,-0.0157928466796875,0.024585533887147903,0.0,0.0,0.0,-0.003613738379666152,0.003668084737428226,-0.8045695298726846,0.5938361370359081,0,0,0,,0.6937520503997803,0.05339252948760986,0.0,False,False,3,False
29.556781806,317,29,556781806,map,10.218317031860352,-2.8919267654418945,0.07648468017578125,0.011951064690947533,0.0,0.0,0.0,-0.0037949074527417314,0.0037276909293929993,-0.8080829430240286,0.5890447013524395,0,0,0,,0.7167290449142456,0.062835693359375,0.0,False,False,3,False
29.556781806,318,29,606781806,map,10.276429176330566,-2.4740028381347656,-0.3668975830078125,0.004532432649284601,0.0,0.0,0.0,-0.003915208587949522,0.0036896367376403503,-0.8115956530634487,0.5841947908454606,0,0,0,,0.7992918491363525,0.0553666353225708,0.0,False,False,3,False
29.606781806,319,29,656781807,map,10.347455978393555,-2.0972776412963867,-0.7546043395996094,0.0010150903835892677,0.0,0.0,0.0,-0.003906911201273429,0.003430703012388479,-0.8148372776076913,0.5796664362739937,0,0,0,,0.7542756795883179,0.04512012004852295,0.0,False,False,3,False
29.706781808,320,29,706781808,map,10.411402702331543,0.5954170227050781,-1.5754890441894531,0.0007902143988758326,0.0,0.0,0.0,-0.0033093107742659424,0.0023464712667868714,-0.8168775949924235,0.5767967903293044,0,0,0,,0.34789586067199707,-0.004689812660217285,0.0,False,False,3,False
29.756781809,321,29,756781809,map,10.439536094665527,-1.5310907363891602,-0.043239593505859375,-0.0017995829693973064,0.0,0.0,0.0,-0.0029421420649466913,0.001782462719642971,-0.8182955623888559,0.5747873860841317,0,0,0,,0.4206690788269043,0.021866142749786377,0.0,False,False,3,False
29.806781809,322,29,806781809,map,10.44937515258789,-0.7376480102539062,0.062103271484375,-0.002944373991340399,0.0,0.0,0.0,-0.0026425970260067853,0.0015168734990506358,-0.8195264183122359,0.5730333022295161,0,0,0,,0.49868857860565186,0.014576435089111328,0.0,False,False,3,False
29.85678181,323,29,856781810,map,10.448407173156738,-2.7457237243652344,1.0598564147949219,-0.0032712938264012337,0.0,0.0,0.0,-0.0027481944195832646,0.001946380348174229,-0.8212507306919242,0.570557531164871,0,0,0,,0.5272974967956543,0.05343270301818848,0.0,False,False,3,False
29.906781811000002,324,29,906781811,map,10.447301864624023,-2.3587846755981445,0.9520530700683594,-0.0029449462890625,0.0,0.0,0.0,-0.002976670311455549,0.0025749795239638487,-0.8237061938399768,0.5670031879486808,0,0,0,,0.5373333692550659,0.05543750524520874,0.0,False,False,3,False
29.956781812,325,29,956781812,map,10.445562362670898,-2.5751447677612305,1.0892105102539062,-0.0020481108222156763,0.0,0.0,0.0,-0.003190318728203568,0.0031569432572701103,-0.8266956536288539,0.5626314529484153,0,0,0,,0.5433559417724609,0.0632706880569458,0.0,False,False,3,False
30.006781812,326,30,6781812,map,10.444693565368652,-2.4483489990234375,1.0562896728515625,-0.0009407043689861894,0.0,0.0,0.0,-0.0033411768231524017,0.003605045764335407,-0.8300307846859458,0.5576959177330477,0,0,0,,0.5374972820281982,0.06360673904418945,0.0,False,False,3,False
30.056781813,327,30,56781813,map,10.44371509552002,-2.326517105102539,1.0415840148925781,-0.00022048945538699627,0.0,0.0,0.0,-0.0034121286346874067,0.0038942225794470244,-0.8335017808404708,0.5524925101252016,0,0,0,,0.5313208103179932,0.06180232763290405,0.0,False,False,3,False
30.056781813,328,30,106781814,map,10.446852684020996,-1.8204021453857422,0.7530021667480469,0.0006551742553710938,0.0,0.0,0.0,-0.0033396718231886906,0.0039155407946684494,-0.8368194565590275,0.5474547581824937,0,0,0,,0.5861694812774658,0.05085819959640503,0.0,False,False,3,False
30.156781814,329,30,156781814,map,10.450713157653809,-2.8240108489990234,1.2310981750488281,0.00011062620615120977,0.0,0.0,0.0,-0.0034202932837668026,0.004133425142228242,-0.8402086005317858,0.5422367785228742,0,0,0,,0.5667707920074463,0.066456139087677,0.0,False,False,3,False
30.206781815,330,30,206781815,map,10.45828914642334,-1.9900894165039062,0.7898139953613281,0.00023422238882631063,0.0,0.0,0.0,-0.0034155300155542852,0.004182559869066057,-0.8435370884808804,0.537043779132441,0,0,0,,0.5543951988220215,0.05315279960632324,0.0,False,False,3,False
30.206781815,331,30,256781816,map,10.463150024414062,-2.574148178100586,1.1684226989746094,0.00014858244685456157,0.0,0.0,0.0,-0.003456437051693469,0.004300632544370123,-0.8468481812345159,0.5318060882901009,0,0,0,,0.5487105846405029,0.062016844749450684,0.0,False,False,3,False
30.306781817,332,30,306781817,map,10.470747947692871,-1.6623401641845703,0.677032470703125,0.0005907058948650956,0.0,0.0,0.0,-0.0033535051759499015,0.0041768781891711095,-0.8499409818835237,0.5268506761944025,0,0,0,,0.5606942176818848,0.04575455188751221,0.0,False,False,3,False
30.306781817,333,30,356781817,map,10.476515769958496,-2.158689498901367,0.9976959228515625,0.0003593444707803428,0.0,0.0,0.0,-0.0032813857921179844,0.004100775399988686,-0.8528605047093171,0.5221124166837741,0,0,0,,0.5442988872528076,0.051589131355285645,0.0,False,False,3,False
30.406781818,334,30,406781818,map,10.483353614807129,-2.009258270263672,0.9227180480957031,5.264282663119957e-05,0.0,0.0,0.0,-0.0032284546744086534,0.004057390026631294,-0.8556934000003339,0.5174571671766232,0,0,0,,0.5770605802536011,0.04935288429260254,0.0,False,False,3,False
30.406781818,335,30,456781819,map,10.491212844848633,-2.3859024047851562,1.1361885070800781,-0.0003580093616619706,0.0,0.0,0.0,-0.0032542092373291105,0.004141325735409075,-0.8585655455096162,0.5126767632799132,0,0,0,,0.5727348327636719,0.0564037561416626,0.0,False,False,3,False
30.50678182,336,30,506781820,map,10.499554634094238,-1.946115493774414,0.9105110168457031,-8.659363084007055e-05,0.0,0.0,0.0,-0.003229585899484401,0.004135222462760796,-0.8614012392442754,0.5078979963915276,0,0,0,,0.5354658365249634,0.0497855544090271,0.0,False,False,3,False
30.50678182,337,30,556781820,map,10.505086898803711,-1.675863265991211,0.8426284790039062,0.0004039764462504536,0.0,0.0,0.0,-0.003118348322159424,0.003991581468079853,-0.8640530678175559,0.503375246884663,0,0,0,,0.5310909748077393,0.043915748596191406,0.0,False,False,3,False
30.606781821,338,30,606781821,map,10.510201454162598,-1.7216968536376953,0.8991241455078125,0.00025539397029206157,0.0,0.0,0.0,-0.002999741397910284,0.00384414239667763,-0.8665355920992311,0.4990914663125535,0,0,0,,0.5706089735031128,0.04315054416656494,0.0,False,False,3,False
30.656781822,339,30,656781822,map,10.516044616699219,-2.474241256713867,1.3643455505371094,-0.0005987167241983116,0.0,0.0,0.0,-0.0030489650819929153,0.003991911411880285,-0.8691441410224231,0.4945333462786944,0,0,0,,0.5846848487854004,0.05776476860046387,0.0,False,False,3,False
30.656781822,340,30,706781823,map,10.527292251586914,-1.8309593200683594,0.8748054504394531,-0.00032024382380768657,0.0,0.0,0.0,-0.00304590545224507,0.004021073554300032,-0.8717763807341028,0.4898780413751931,0,0,0,,0.5834872722625732,0.04776036739349365,0.0,False,False,3,False
30.756781823,341,30,756781823,map,10.539676666259766,-1.8782520294189453,0.9011077880859375,0.00024204252986237407,0.0,0.0,0.0,-0.0030033913520747207,0.0039571482272105635,-0.8743137694312225,0.48533571185444513,0,0,0,,0.5720078945159912,0.046868324279785156,0.0,False,False,3,False
30.756781823,342,30,806781824,map,10.55288028717041,-1.7548465728759766,0.8247756958007812,0.0002626419300213456,0.0,0.0,0.0,-0.002939650521793207,0.0038461608253796504,-0.8767338483480798,0.48095147849079467,0,0,0,,0.5786919593811035,0.043671488761901855,0.0,False,False,3,False
30.856781825,343,30,856781825,map,10.565668106079102,-2.0920658111572266,1.0818862915039062,-0.00014362335787154734,0.0,0.0,0.0,-0.0029407107953812097,0.003859526181777792,-0.879150740719196,0.47651907765645585,0,0,0,,0.5779858827590942,0.04977405071258545,0.0,False,False,3,False
30.906781826,344,30,906781826,map,10.581390380859375,-2.2519874572753906,1.1522102355957031,-0.0004718780401162803,0.0,0.0,0.0,-0.003002517147074022,0.003989602553909603,-0.8816711520227146,0.47183794638962917,0,0,0,,0.6283961534500122,0.054070889949798584,0.0,False,False,3,False
30.956781826,345,30,956781826,map,10.603046417236328,-2.9058837890625,1.5070533752441406,-0.0008089065086096525,0.0,0.0,0.0,-0.0031944526129670057,0.004353403288889827,-0.8844789441842673,0.4665488620144642,0,0,0,,0.6764965057373047,0.06831938028335571,0.0,False,False,3,False
30.956781826,346,31,6781827,map,10.638373374938965,-2.524852752685547,0.9501838684082031,-0.0003562926431186497,0.0,0.0,0.0,-0.0033393117140139523,0.004568774882525038,-0.8874324073704675,0.46090313260164145,0,0,0,,0.7112497091293335,0.0609668493270874,0.0,False,False,3,False
31.056781828,347,31,56781828,map,10.684505462646484,-3.056802749633789,1.1193275451660156,-7.686627213843167e-05,0.0,0.0,0.0,-0.003519654681265195,0.004792459697566038,-0.8905016916246195,0.45494107483789886,0,0,0,,0.7562021017074585,0.068575918674469,0.0,False,False,3,False
31.106781829,348,31,106781829,map,10.744609832763672,-2.9521846771240234,0.7420921325683594,9.937284630723298e-05,0.0,0.0,0.0,-0.003681217875870953,0.004913722594518359,-0.8936132299555185,0.4487958324379582,0,0,0,,0.7699251174926758,0.06409937143325806,0.0,False,False,3,False
31.156781829,349,31,156781829,map,10.815422058105469,-2.811431884765625,0.4031562805175781,0.0005958557594567537,0.0,0.0,0.0,-0.0037737064042378914,0.004844511289428802,-0.896598754190844,0.442801269006501,0,0,0,,0.7690496444702148,0.056958556175231934,0.0,False,False,3,False
31.20678183,350,31,206781830,map,10.896097183227539,-2.5720691680908203,-0.008525848388671875,0.0010961532825604081,0.0,0.0,0.0,-0.003778101009431839,0.00456371631627866,-0.8993037631882427,0.4372843925428989,0,0,0,,0.8049967288970947,0.04652374982833862,0.0,False,False,3,False
31.256781831,351,31,256781831,map,10.985950469970703,-3.1032180786132812,0.21533966064453125,0.00034160615177825093,0.0,0.0,0.0,-0.003844511382298849,0.0043984761609182745,-0.9018466181118343,0.43201684057446277,0,0,0,,0.8454422950744629,0.051764607429504395,0.0,False,False,3,False
31.306781832,352,31,306781832,map,11.0851411819458,-3.3049392700195312,0.179595947265625,-0.00040264130802825093,0.0,0.0,0.0,-0.003977461058947475,0.004368983920525262,-0.9043661021053788,0.4267165864432157,0,0,0,,0.8334176540374756,0.053886592388153076,0.0,False,False,3,False
31.306781832,353,31,356781832,map,11.193153381347656,-3.062162399291992,-0.22256851196289062,8.39234417071566e-06,0.0,0.0,0.0,-0.004060781793378031,0.004238139376079512,-0.9067807626267861,0.421561616796216,0,0,0,,0.8559224605560303,0.04637342691421509,0.0,False,False,3,False
31.406781833,354,31,406781833,map,11.308026313781738,-3.486776351928711,-0.00255584716796875,-0.0001722335728118196,0.0,0.0,0.0,-0.004175448526053612,0.004194573276238997,-0.9091503103069115,0.4164260852221954,0,0,0,,0.8813011646270752,0.05168259143829346,0.0,False,False,3,False
31.456781834,355,31,456781834,map,11.430517196655273,-3.776540756225586,0.09515762329101562,-0.0006153106223791838,0.0,0.0,0.0,-0.004345138236927993,0.004296493477885799,-0.9115932502411901,0.41104793641642284,0,0,0,,0.8937695026397705,0.05648761987686157,0.0,False,False,3,False
31.456781834,356,31,506781835,map,11.559863090515137,-3.9896202087402344,0.15516281127929688,-0.0006227493286132812,0.0,0.0,0.0,-0.004541385491500374,0.004487135121513692,-0.9141528690118119,0.40531934756891613,0,0,0,,0.8995614051818848,0.06017100811004639,0.0,False,False,3,False
31.556781835,357,31,556781835,map,11.694151878356934,-4.219446182250977,0.2931404113769531,-0.0005100249545648694,0.0,0.0,0.0,-0.004750040504990231,0.00474897792386037,-0.9168498097593126,0.399175789180897,0,0,0,,0.8975505828857422,0.06450104713439941,0.0,False,False,3,False
31.606781836,358,31,606781836,map,11.830547332763672,-4.7322845458984375,0.8043479919433594,-0.0009717940702103078,0.0,0.0,0.0,-0.005015607134990309,0.005216292407689352,-0.9197911768254403,0.3923414648143329,0,0,0,,0.9163048267364502,0.07664024829864502,0.0,False,False,3,False
31.656781837,359,31,656781837,map,11.97458553314209,-4.6224212646484375,0.5663871765136719,-0.0005079270340502262,0.0,0.0,0.0,-0.005236162183540892,0.005624308360401627,-0.9228963810789322,0.38497171266531394,0,0,0,,0.9228634834289551,0.07327502965927124,0.0,False,False,3,False
31.706781838,360,31,706781838,map,12.131575584411621,-3.4814071655273438,-0.9215164184570312,0.0021219253540039062,0.0,0.0,0.0,-0.005176959278466561,0.005316449188414162,-0.9256458364467919,0.37831827860860107,0,0,0,,0.9527257680892944,0.039692044258117676,0.0,False,False,3,False
31.756781838,361,31,756781838,map,12.29586124420166,-3.573131561279297,-1.0184478759765625,0.002683257916942239,0.0,0.0,0.0,-0.005014340782981487,0.004692218779734657,-0.927841414086354,0.3729117184745877,0,0,0,,0.9715907573699951,0.030010879039764404,0.0,False,False,3,False
31.756781838,362,31,806781839,map,12.465041160583496,-4.242267608642578,-0.4275703430175781,0.00046234126784838736,0.0,0.0,0.0,-0.004982639070960589,0.004371638052329745,-0.9297672421954021,0.36808821962810007,0,0,0,,0.9748661518096924,0.03927725553512573,0.0,False,False,3,False
31.806781839,363,31,856781840,map,12.63720417022705,-4.790191650390625,0.12628555297851562,-0.0012790679465979338,0.0,0.0,0.0,-0.005117048424381546,0.004499670670270593,-0.9317586175224573,0.363014390144414,0,0,0,,0.9761375188827515,0.05268979072570801,0.0,False,False,3,False
31.85678184,364,31,906781841,map,12.8126802444458,-5.062236785888672,0.40027618408203125,-0.0018615720327943563,0.0,0.0,0.0,-0.005332796494048346,0.004893567274079634,-0.9339749302018644,0.3572652292559542,0,0,0,,0.9761315584182739,0.06159704923629761,0.0,False,False,3,False
31.956781841,365,31,956781841,map,12.991031646728516,-5.260810852050781,0.6239700317382812,-0.001485061482526362,0.0,0.0,0.0,-0.005562786736308482,0.005393301231287348,-0.9364406234997537,0.35074053995075555,0,0,0,,0.9766937494277954,0.06790792942047119,0.0,False,False,3,False
31.956781841,366,32,6781842,map,13.170686721801758,-5.509891510009766,0.9756660461425781,-0.0012197496835142374,0.0,0.0,0.0,-0.005792061243948269,0.005974479859873188,-0.9391537087319329,0.34339637300356857,0,0,0,,0.9765613079071045,0.07499313354492188,0.0,False,False,3,False
32.006781842,367,32,56781843,map,13.350502014160156,-5.763702392578125,1.3993263244628906,-0.0010129925794899464,0.0,0.0,0.0,-0.006019193603022317,0.006647829801140869,-0.9421100873214314,0.3351837690499184,0,0,0,,0.9761941432952881,0.0823318362236023,0.0,False,False,3,False
32.056781843,368,32,106781844,map,13.528681755065918,-6.0715484619140625,1.9899940490722656,-0.0011716841254383326,0.0,0.0,0.0,-0.006252354635165222,0.007458490863596744,-0.9453207293723251,0.325996928811498,0,0,0,,0.9758211374282837,0.09199219942092896,0.0,False,False,3,False
32.156781844,369,32,156781844,map,13.705954551696777,-6.265735626220703,2.4592018127441406,-0.0012092594988644123,0.0,0.0,0.0,-0.006471829246209719,0.00835579483782621,-0.9487615087626473,0.3158162370893253,0,0,0,,0.975471019744873,0.09851783514022827,0.0,False,False,3,False
32.206781845,370,32,206781845,map,13.882831573486328,-6.3779449462890625,2.839021682739258,-0.0009160995250567794,0.0,0.0,0.0,-0.00665243396651137,0.009256280490836896,-0.9523588531229892,0.3047666013067391,0,0,0,,0.973931074142456,0.10174119472503662,0.0,False,False,3,False
32.256781846,371,32,256781846,map,14.05652904510498,-6.568756103515625,3.472776412963867,-0.0007980345981195569,0.0,0.0,0.0,-0.006805950649738341,0.010209531811692128,-0.956071045010767,0.2928781340215747,0,0,0,,0.9702650308609009,0.10850054025650024,0.0,False,False,3,False
32.306781847,372,32,306781847,map,14.229060173034668,-6.601963043212891,3.8532257080078125,-0.0006187439430505037,0.0,0.0,0.0,-0.006914895080359548,0.011149988192481202,-0.9598352369525252,0.2802573458334769,0,0,0,,0.9670319557189941,0.10987818241119385,0.0,False,False,3,False
32.356781847,373,32,356781847,map,14.400814056396484,-6.575031280517578,4.153470993041992,3.8528814911842346e-05,0.0,0.0,0.0,-0.006965254761234547,0.01200077374483181,-0.9635594022242969,0.2671343202226027,0,0,0,,0.9644958972930908,0.10835742950439453,0.0,False,False,3,False
32.406781848,374,32,406781848,map,14.568324089050293,-6.631450653076172,4.766836166381836,5.130772478878498e-05,0.0,0.0,0.0,-0.006979929869691262,0.012853636110198333,-0.9672095363377555,0.2535582328284072,0,0,0,,0.9614191055297852,0.11214631795883179,0.0,False,False,3,False
32.456781849,375,32,456781849,map,14.745595932006836,-6.134395599365234,3.8170433044433594,0.0026035308837890625,0.0,0.0,0.0,-0.006877214091643959,0.01322809524494042,-0.9705821455045821,0.24030817765995943,0,0,0,,0.9562370777130127,0.08632099628448486,0.0,False,False,3,False
32.50678185,376,32,506781850,map,14.926612854003906,-5.6687164306640625,3.0303382873535156,0.006237029563635588,0.0,0.0,0.0,-0.0066574659407635465,0.012970479278843318,-0.9734525363220614,0.22842417635327122,0,0,0,,0.9376630783081055,0.06053692102432251,0.0,False,False,3,False
32.55678185,377,32,556781850,map,15.10106086730957,-5.628089904785156,3.459043502807617,0.004629897885024548,0.0,0.0,0.0,-0.006433450295243013,0.012606093379230843,-0.975858578972655,0.2179443299847077,0,0,0,,0.9357020854949951,0.05763190984725952,0.0,False,False,3,False
32.55678185,378,32,606781851,map,15.27285385131836,-5.371837615966797,3.2787036895751953,0.00226764683611691,0.0,0.0,0.0,-0.006216689590751733,0.012214306927447766,-0.9778899665617196,0.2086704980938446,0,0,0,,0.9207315444946289,0.0493544340133667,0.0,False,False,3,False
32.606781851,379,32,656781852,map,15.439407348632812,-5.18402099609375,3.3357810974121094,0.0006916048005223274,0.0,0.0,0.0,-0.006007590422158083,0.011833349913141132,-0.9796271665869486,0.20038586569910483,0,0,0,,0.908759355545044,0.04694485664367676,0.0,False,False,3,False
32.706781852,380,32,706781852,map,15.600502014160156,-5.010108947753906,3.426055908203125,-0.00044155167415738106,0.0,0.0,0.0,-0.005808754645730161,0.011514506557566487,-0.9811615163421652,0.19275827701384118,0,0,0,,0.9044194221496582,0.04728466272354126,0.0,False,False,3,False
32.756781853,381,32,756781853,map,15.752482414245605,-5.061225891113281,4.259576797485352,-0.00236835447140038,0.0,0.0,0.0,-0.005653300079682517,0.01152014934084909,-0.9826414617754818,0.18507048375448115,0,0,0,,0.9137108325958252,0.06234896183013916,0.0,False,False,3,False
32.756781853,382,32,806781854,map,15.900307655334473,-5.002651214599609,4.6425628662109375,-0.0032939910888671875,0.0,0.0,0.0,-0.005525297306659397,0.0117878131716278,-0.9841681590640267,0.17675846015064842,0,0,0,,0.9166858196258545,0.07178419828414917,0.0,False,False,3,False
32.856781855,383,32,856781855,map,16.049774169921875,-4.815330505371094,4.374208450317383,-0.0018926619086414576,0.0,0.0,0.0,-0.005382915541086248,0.011985968158722025,-0.9857105023506778,0.16793500630645777,0,0,0,,0.9164016246795654,0.06799787282943726,0.0,False,False,3,False
32.906781855,384,32,906781855,map,16.0559024810791,-2.0328521728515625,5.415678024291992,-8.277893357444555e-05,0.0,0.0,0.0,-0.004984396683879833,0.012152024920129147,-0.9872274878464378,0.15877459280517722,0,0,0,,0.9204118251800537,0.06967318058013916,0.0,False,False,3,False
32.906781855,385,32,956781856,map,16.024715423583984,-1.3484954833984375,6.066713333129883,0.00010910036507993937,0.0,0.0,0.0,-0.004299834709192388,0.012462425179134692,-0.9887300100822382,0.14912802064972677,0,0,0,,0.9279600381851196,0.07604193687438965,0.0,False,False,0,False
33.006781857,386,33,6781857,map,16.178184509277344,-4.777812957763672,5.061321258544922,-0.00047779089072719216,0.0,0.0,0.0,-0.003893383379585515,0.012763237087397197,-0.9901999784851039,0.13901778286611563,0,0,0,,0.9295161962509155,0.07406479120254517,0.0,False,False,0,False
33.006781857,387,33,56781858,map,16.4274845123291,-6.593818664550781,4.884395599365234,-0.0014989851042628288,0.0,0.0,0.0,-0.004184090767870021,0.013027565382639793,-0.9916024675197448,0.12859752071249558,0,0,0,,0.933203935623169,0.07636392116546631,0.0,False,False,4,False
33.106781858,388,33,106781858,map,16.646482467651367,-5.892524719238281,5.102090835571289,-0.0009611129644326866,0.0,0.0,0.0,-0.004565336796379186,0.013245269874008914,-0.9929032270390986,0.11809700360823935,0,0,0,,0.9351491928100586,0.07335770130157471,0.0,False,False,4,False
33.156781859,389,33,156781859,map,16.833454132080078,-5.403327941894531,6.362338066101074,-0.0019853590056300163,0.0,0.0,0.0,-0.004821881180279252,0.013763226426913777,-0.9941390981243111,0.10712038387154095,0,0,0,,0.9451479911804199,0.08964550495147705,0.0,False,False,4,False
33.20678186,390,33,206781860,map,17.00381851196289,-4.9530029296875,6.63053035736084,-0.0021205900702625513,0.0,0.0,0.0,-0.00489938869766594,0.01441802879739781,-0.9953162498547223,0.095465591765405,0,0,0,,0.949561357498169,0.0907241702079773,0.0,False,False,4,False
33.256781861,391,33,256781861,map,17.159748077392578,-4.5758056640625,7.086920738220215,-0.001026916434057057,0.0,0.0,0.0,-0.004821887886790852,0.015104338020853137,-0.9964076716075574,0.08318870314991939,0,0,0,,0.949181079864502,0.09365057945251465,0.0,False,False,4,False
33.306781861,392,33,306781861,map,17.305683135986328,-4.2404937744140625,7.376599311828613,-0.00016288773622363806,0.0,0.0,0.0,-0.004633980484296917,0.015764863454294644,-0.9973834356543363,0.07040083513347596,0,0,0,,0.9488775730133057,0.0930526852607727,0.0,False,False,4,False
33.306781861,393,33,356781862,map,17.44537353515625,-3.9446258544921875,7.484679222106934,0.0008373259333893657,0.0,0.0,0.0,-0.004378627758064493,0.016317393383041254,-0.998210746093429,0.05735744655874639,0,0,0,,0.9488707780838013,0.08839148283004761,0.0,False,False,4,False
33.356781862,394,33,406781863,map,17.572336196899414,-3.6043930053710938,8.349849700927734,-3.013585228472948e-05,0.0,0.0,0.0,-0.004082221776457709,0.016994945021043407,-0.9988817857663564,0.043928184270627654,0,0,0,,0.9419724941253662,0.09776526689529419,0.0,False,False,4,False
33.456781864,395,33,456781864,map,17.696277618408203,-3.329010009765625,8.366570472717285,-0.00023040804080665112,0.0,0.0,0.0,-0.0037599977422772663,0.01763874785148469,-0.9993815044059599,0.030188501825867402,0,0,0,,0.9412474632263184,0.09273338317871094,0.0,False,False,4,False
33.506781864,396,33,506781864,map,17.819583892822266,-3.0946731567382812,8.193920135498047,0.0014955521328374743,0.0,0.0,0.0,-0.0034354922894431704,0.018060196531888763,-0.9996937941056603,0.016563354750420665,0,0,0,,0.937425971031189,0.08281815052032471,0.0,False,False,4,False
33.556781865,397,33,556781865,map,17.94115447998047,-2.860260009765625,8.12744140625,0.0028100968338549137,0.0,0.0,0.0,-0.0031261483902196253,0.018273197006672785,-0.9998223660009897,0.0033991045262711283,0,0,0,,0.9349948167800903,0.07469123601913452,0.0,False,False,4,False
33.556781865,398,33,606781866,map,18.062482833862305,-2.6613235473632812,7.856794357299805,0.00335350027307868,0.0,0.0,0.0,0.002845727798931094,-0.01826855581198014,0.9997885308535676,0.009003070337622206,0,0,0,,0.9235372543334961,0.06396502256393433,0.0,False,False,4,False
33.656781867,399,33,656781867,map,18.183629989624023,-2.4855422973632812,7.523264408111572,0.0036499022971838713,0.0,0.0,0.0,0.0026026607766924618,-0.018044700553011304,0.9996261468904154,0.02037600038907054,0,0,0,,0.9266327619552612,0.05339181423187256,0.0,False,False,4,False
33.706781867,400,33,706781867,map,18.310426712036133,-2.4655914306640625,6.463369369506836,0.005093765445053577,0.0,0.0,0.0,0.00242422998210751,-0.0173964320285429,0.999390012714338,0.03018426325927682,0,0,0,,0.9337000846862793,0.03181719779968262,0.0,False,False,4,False
33.756781868,401,33,756781868,map,18.441389083862305,-2.4729156494140625,5.445169925689697,0.006120872683823109,0.0,0.0,0.0,0.0023282204079994643,-0.016292873660395623,0.9991466770215637,0.03788191460823264,0,0,0,,0.9361321926116943,0.012487471103668213,0.0,False,False,4,False
33.806781869,402,33,806781869,map,18.57767105102539,-2.5829315185546875,3.6930739879608154,0.006615638267248869,0.0,0.0,0.0,0.0023311973380623404,-0.014582714742482515,0.9989749532664609,0.04278963304332696,0,0,0,,0.9396462440490723,-0.015389949083328247,0.0,False,False,4,False
33.85678187,403,33,856781870,map,18.71565818786621,-2.6986312866210938,1.3976359367370605,0.006462859455496073,0.0,0.0,0.0,0.0024354317294431748,-0.012101196951454295,0.9989533956637968,0.04404251351141681,0,0,0,,0.9457979202270508,-0.049731552600860596,0.0,False,False,4,False
33.90678187,404,33,906781870,map,18.85131072998047,-2.7446365356445312,-0.6162023544311523,0.003208352718502283,0.0,0.0,0.0,0.002606899529802161,-0.008994695177843775,0.999109265418095,0.04114578094062464,0,0,0,,0.952566385269165,-0.0760764479637146,0.0,False,False,4,False
33.90678187,405,33,956781871,map,18.984668731689453,-2.760772705078125,-2.1458375453948975,-0.0027425773441791534,0.0,0.0,0.0,0.0027900027201077176,-0.005635174581821291,0.9993877755190668,0.03441707185838758,0,0,0,,0.9489271640777588,-0.09011682868003845,0.0,False,False,4,False
34.006781872,406,34,6781872,map,19.11561393737793,-2.73712158203125,-3.3307015895843506,-0.007855415344238281,0.0,0.0,0.0,0.0029348107911500504,-0.002326365665793223,0.9996865384932884,0.024754790722533906,0,0,0,,0.9294500350952148,-0.0928812325000763,0.0,False,False,4,False
34.056781873,407,34,56781873,map,19.245948791503906,-2.70355224609375,-3.764585256576538,-0.010218811221420765,0.0,0.0,0.0,0.003011617738107057,0.000582234672490864,0.9999039697327107,0.013514528262286898,0,0,0,,0.9223672151565552,-0.0797155499458313,0.0,False,False,4,False
34.106781873,408,34,106781873,map,19.376361846923828,-2.6666641235351562,-3.7109527587890625,-0.009212874807417393,0.0,0.0,0.0,0.0030207441312335797,0.002837872546699726,0.9999890054359272,0.002193306081634372,0,0,0,,0.9159917831420898,-0.05719071626663208,0.0,False,False,4,False
34.156781874,409,34,156781874,map,19.506223678588867,-2.6189422607421875,-3.3419013023376465,-0.005739021115005016,0.0,0.0,0.0,-0.0029827857529443717,-0.004349500980438973,-0.9999550360375944,0.007881036316778186,0,0,0,,0.9107053279876709,-0.031174033880233765,0.0,False,False,4,False
34.206781875,410,34,206781875,map,19.634193420410156,-2.555084228515625,-2.867680788040161,-0.00181922921910882,0.0,0.0,0.0,-0.0029229124344567307,-0.005172235801614544,-0.9998580189538837,0.01576852857206103,0,0,0,,0.9025959968566895,-0.007609665393829346,0.0,False,False,4,False
34.206781875,411,34,256781876,map,19.75935173034668,-2.4940109252929688,-1.3477520942687988,0.0017133710207417607,0.0,0.0,0.0,-0.002867770218954348,-0.00510124029679356,-0.9997734629904761,0.02046401577005425,0,0,0,,0.8816523551940918,0.02641880512237549,0.0,False,False,4,False
34.306781876,412,34,306781876,map,19.878677368164062,-2.3797607421875,-0.7294338941574097,0.0032253265380859375,0.0,0.0,0.0,-0.0028217131245936757,-0.004448759586096944,-0.9997511212977538,0.021678144225733397,0,0,0,,0.863685131072998,0.041748642921447754,0.0,False,False,4,False
34.356781877,413,34,356781877,map,19.992477416992188,-2.2718048095703125,-0.3984072804450989,0.00246505718678236,0.0,0.0,0.0,-0.002777502420842296,-0.0036038317278158016,-0.9997891101252522,0.02002581214673342,0,0,0,,0.8501977920532227,0.04430735111236572,0.0,False,False,4,False
34.406781878,414,34,406781878,map,20.100244522094727,-2.1605682373046875,0.4771178960800171,0.0015352248447015882,0.0,0.0,0.0,-0.002729952410169899,-0.0025526452951756652,-0.9998624387454668,0.016159670411333767,0,0,0,,0.8383331298828125,0.048670053482055664,0.0,False,False,4,False
34.456781879,415,34,456781879,map,20.20220375061035,-2.0495223999023438,1.2133374214172363,0.0005197525024414062,0.0,0.0,0.0,-0.0026734067674526736,-0.0013207582901550313,-0.9999382438500705,0.010705931992683321,0,0,0,,0.8302299976348877,0.04797923564910889,0.0,False,False,4,False
34.506781879,416,34,506781879,map,20.29851531982422,-1.934661865234375,1.77240788936615,-0.0004062653169967234,0.0,0.0,0.0,-0.002603196022390631,-2.7059828530013358e-05,-0.9999870953737563,0.004362536440308621,0,0,0,,0.81526780128479,0.043102145195007324,0.0,False,False,4,False
34.55678188,417,34,556781880,map,20.388940811157227,-1.8085479736328125,2.0630674362182617,-0.0010656357044354081,0.0,0.0,0.0,0.002516816394595516,-0.001177250208797814,0.9999937797016614,0.002172619425193247,0,0,0,,0.7986571788787842,0.03418225049972534,0.0,False,False,4,False
34.606781881,418,34,606781881,map,20.473867416381836,-1.688690185546875,1.9948619604110718,-0.0010807036887854338,0.0,0.0,0.0,0.00241716001811097,-0.002125617182282257,0.9999612527793527,0.008193413756730574,0,0,0,,0.7906293869018555,0.020892560482025146,0.0,False,False,4,False
34.656781882,419,34,656781882,map,20.55415916442871,-1.5910720825195312,1.5924900770187378,-0.0005352020380087197,0.0,0.0,0.0,0.0023138882786401995,-0.00267908544358805,0.9999090967231993,0.013010254125704914,0,0,0,,0.7869178056716919,0.004549801349639893,0.0,False,False,4,False
34.706781882,420,34,706781882,map,20.63029670715332,-1.5058135986328125,1.3310494422912598,0.0001655578671488911,0.0,0.0,0.0,0.002216197032563121,-0.002893652046067518,0.9998614812682867,0.016239874523427143,0,0,0,,0.7876789569854736,-0.006731092929840088,0.0,False,False,4,False
34.706781882,421,34,756781883,map,20.703100204467773,-1.44134521484375,0.9590893983840942,0.0005228042136877775,0.0,0.0,0.0,0.0021307019302808303,-0.0028293248834753235,0.999835450156837,0.017791223669647274,0,0,0,,0.7813153266906738,-0.015674948692321777,0.0,False,False,4,False
34.756781883,422,34,806781884,map,20.772438049316406,-1.3800811767578125,0.40125906467437744,0.0006378174293786287,0.0,0.0,0.0,0.002059742795965281,-0.002483698546173511,0.9998384865830289,0.017680199334404914,0,0,0,,0.7713334560394287,-0.023779690265655518,0.0,False,False,4,False
34.856781885,423,34,856781885,map,20.837993621826172,-1.3158035278320312,-0.2603417634963989,0.0006683348910883069,0.0,0.0,0.0,0.0020003861563248956,-0.0018580711275184363,0.9998684511168744,0.015988323491011817,0,0,0,,0.766162633895874,-0.030547350645065308,0.0,False,False,4,False
34.856781885,424,34,906781885,map,20.899518966674805,-1.248016357421875,-1.1183154582977295,0.00032329559326171875,0.0,0.0,0.0,0.0019478960807798186,-0.0009339199972471237,0.9999158809242614,0.012789236480539567,0,0,0,,0.7621250152587891,-0.03810057044029236,0.0,False,False,4,False
34.956781886,425,34,956781886,map,20.958539962768555,-1.1967849731445312,-1.2885230779647827,-0.00021057130652479827,0.0,0.0,0.0,0.0018967602917399527,2.9392213494809968e-05,0.9999616714497946,0.008547342734815274,0,0,0,,0.7571099996566772,-0.03340965509414673,0.0,False,False,4,False
35.006781887,426,35,6781887,map,21.01487159729004,-1.1407089233398438,-1.5177440643310547,-0.000629425048828125,0.0,0.0,0.0,0.0018441658182728753,0.000904015062358967,0.9999903905179597,0.0038730712542225853,0,0,0,,0.7520009279251099,-0.027725905179977417,0.0,False,False,4,False
35.056781888,427,35,56781888,map,21.06924819946289,-1.0951614379882812,-1.2924292087554932,-0.0005672454135492444,0.0,0.0,0.0,-0.0017904560820900881,-0.0015345998868538748,-0.9999970685133742,0.0005497589136416684,0,0,0,,0.7488007545471191,-0.01520228385925293,0.0,False,False,4,False
35.106781888,428,35,106781888,map,21.12128448486328,-1.04400634765625,-1.0724539756774902,-0.00034484860952943563,0.0,0.0,0.0,-0.0017379460661825032,-0.0018831228612512338,-0.9999882004735801,0.0041270213679335125,0,0,0,,0.7411340475082397,-0.0036073029041290283,0.0,False,False,4,False
35.156781889,429,35,156781889,map,21.169937133789062,-0.9734725952148438,-1.2476190328598022,-1.4686593203805387e-05,0.0,0.0,0.0,-0.0016859827536867121,-0.0021269699287214485,-0.9999735874087095,0.006742250813546363,0,0,0,,0.7278175354003906,-0.0003833770751953125,0.0,False,False,4,False
35.20678189,430,35,206781890,map,21.215600967407227,-0.9108352661132812,-1.0272892713546753,0.00010948180715786293,0.0,0.0,0.0,-0.0016346636798014414,-0.0022427079190470165,-0.9999609009964409,0.008396107087808406,0,0,0,,0.7299960851669312,0.005382955074310303,0.0,False,False,4,False
35.20678189,431,35,256781890,map,21.258718490600586,-0.8605575561523438,-0.43762028217315674,0.000377845746697858,0.0,0.0,0.0,-0.001587173815988478,-0.002084360143468925,-0.9999568317818144,0.008914644970287693,0,0,0,,0.7193865776062012,0.014706850051879883,0.0,False,False,4,False
35.306781891,432,35,306781891,map,21.29848289489746,-0.7959365844726562,0.14517620205879211,0.00044689179048873484,0.0,0.0,0.0,-0.0015429391975677748,-0.001633829452145669,-0.9999641863600963,0.008159407891785719,0,0,0,,0.7107769250869751,0.022444307804107666,0.0,False,False,4,False
35.356781892,433,35,356781892,map,21.333457946777344,-0.703277587890625,1.5668779611587524,0.0004343033069744706,0.0,0.0,0.0,-0.0014977012082309689,-0.0006715749050231147,-0.9999824472934329,0.005693064488888006,0,0,0,,0.7154134511947632,0.04153263568878174,0.0,False,False,4,False
35.406781893,434,35,406781893,map,21.368000030517578,-0.6892013549804688,1.4548063278198242,-0.00014038087101653218,0.0,0.0,0.0,-0.0014527781515528168,0.0003440903637124979,-0.9999972185789907,0.0018258893028757963,0,0,0,,0.7205905914306641,0.03565484285354614,0.0,False,False,4,False
35.456781893,435,35,456781893,map,21.40287971496582,-0.6927871704101562,1.1526708602905273,-0.0005363464006222785,0.0,0.0,0.0,0.0014124560270151402,-0.0010589083730414275,0.999995375313963,0.002476495854183162,0,0,0,,0.7200325727462769,0.022826969623565674,0.0,False,False,4,False
35.456781893,436,35,506781894,map,21.436620712280273,-0.666351318359375,1.2237697839736938,-0.0004457473405636847,0.0,0.0,0.0,0.0013766461718205832,-0.0015515330032125785,0.9999764670350132,0.006539339938437791,0,0,0,,0.7080309391021729,0.014652788639068604,0.0,False,False,4,False
35.556781895,437,35,556781895,map,21.468900680541992,-0.6382369995117188,0.7950678467750549,-9.899138240143657e-05,0.0,0.0,0.0,0.0013445273499722026,-0.0017621044103215764,0.9999498678237584,0.009764685017995716,0,0,0,,0.7066075801849365,0.0006027817726135254,0.0,False,False,4,False
35.606781896,438,35,606781896,map,21.499528884887695,-0.6058502197265625,0.6195783615112305,0.00015354155038949102,0.0,0.0,0.0,0.001315626496200453,-0.0017584091171658769,0.9999280072474847,0.011796501446343444,0,0,0,,0.7046126127243042,-0.007881134748458862,0.0,False,False,4,False
35.656781896,439,35,656781896,map,21.52877426147461,-0.5834197998046875,0.1291722059249878,0.00022583008103538305,0.0,0.0,0.0,0.001291565919172595,-0.001522994120639753,0.9999206503731994,0.01243805867579328,0,0,0,,0.7064094543457031,-0.01794600486755371,0.0,False,False,4,False
35.656781896,440,35,706781897,map,21.55687141418457,-0.5602264404296875,0.14403343200683594,0.000259590131463483,0.0,0.0,0.0,0.001271113409601446,-0.0012282517358787862,0.9999278898779591,0.011878161161777633,0,0,0,,0.6973390579223633,-0.01767715811729431,0.0,False,False,4,False
35.756781898,441,35,756781898,map,21.583585739135742,-0.5364990234375,-0.18050789833068848,3.2615644158795476e-05,0.0,0.0,0.0,0.0012524684043301161,-0.0008716834422760513,0.9999446753072118,0.01040758452415654,0,0,0,,0.7009587287902832,-0.019233018159866333,0.0,False,False,4,False
35.806781899,442,35,806781899,map,21.608760833740234,-0.510101318359375,-0.5899718403816223,5.149842763785273e-05,0.0,0.0,0.0,0.0012347606642691322,-0.0003984322488983708,0.9999654984890661,0.00820478210302882,0,0,0,,0.6884825229644775,-0.020776867866516113,0.0,False,False,4,False
35.856781899,443,35,856781899,map,21.631879806518555,-0.46901702880859375,-0.6873717904090881,-0.0001598358212504536,0.0,0.0,0.0,0.001214295193765589,8.723577986517973e-05,0.9999836416715772,0.005588762506306739,0,0,0,,0.6825107336044312,-0.016950130462646484,0.0,False,False,4,False
35.9067819,444,35,906781900,map,21.652931213378906,-0.42724609375,-0.7858717441558838,-0.00015277863712981343,0.0,0.0,0.0,0.0011892114425823247,0.0005230340554913222,0.999994908653835,0.0029145973872578687,0,0,0,,0.6806932687759399,-0.012631207704544067,0.0,False,False,4,False
35.956781901,445,35,956781901,map,21.672779083251953,-0.39966583251953125,-0.414310097694397,-9.479522123001516e-05,0.0,0.0,0.0,0.0011615453540334165,0.0007499811268197672,0.9999988163315539,0.0006750379184602847,0,0,0,,0.6853268146514893,-0.0017383098602294922,0.0,False,False,4,False
36.006781902,446,36,6781902,map,21.692054748535156,-0.386199951171875,-0.11770576238632202,-6.465911428676918e-05,0.0,0.0,0.0,-0.0011353649723747797,-0.0007437222883510102,-0.999998833498786,0.0007005887558011973,0,0,0,,0.6907237768173218,0.007400870323181152,0.0,False,False,4,False
36.006781902,447,36,56781902,map,21.710895538330078,-0.37837982177734375,-0.28592199087142944,0.00012378691462799907,0.0,0.0,0.0,-0.0011138416225971667,-0.0007055846656456793,-0.9999983435747918,0.0012547329563943567,0,0,0,,0.6822472810745239,0.007556617259979248,0.0,False,False,4,False
36.106781903,448,36,106781903,map,21.728801727294922,-0.3564453125,0.3093618154525757,1.945495023392141e-05,0.0,0.0,0.0,-0.0010952100517295329,-0.0004902515610610101,-0.9999988720657288,0.0009033468987549009,0,0,0,,0.6865240335464478,0.016398847103118896,0.0,False,False,4,False
36.106781903,449,36,156781904,map,21.74578285217285,-0.333709716796875,0.8713552355766296,6.523132469737902e-05,0.0,0.0,0.0,0.0010782008805875292,2.3140664600768006e-05,0.9999992712697571,0.0005425931491339754,0,0,0,,0.682734489440918,0.02402675151824951,0.0,False,False,4,False
36.156781904,450,36,206781905,map,21.76243782043457,-0.3247833251953125,0.9373006224632263,-9.059906005859375e-05,0.0,0.0,0.0,0.0010619265318397681,-0.0004960021736702862,0.9999951887374366,0.0028720717022933046,0,0,0,,0.6847162246704102,0.022435128688812256,0.0,False,False,4,False
36.206781905,451,36,256781905,map,21.776466369628906,-0.25539398193359375,2.048051357269287,-0.0003025054757017642,0.0,0.0,0.0,0.0010399168529690239,-0.0012973279186486366,0.9999792572814566,0.006222581460843505,0,0,0,,0.6739532947540283,0.03518342971801758,0.0,False,False,4,False
36.256781905,452,36,306781906,map,21.78997039794922,-0.2361297607421875,2.0076870918273926,-0.00060100550763309,0.0,0.0,0.0,0.0010112899651991635,-0.002119304727476801,0.9999432968428645,0.01038696005100051,0,0,0,,0.6787581443786621,0.030184149742126465,0.0,False,False,4,False
36.306781906,453,36,356781907,map,21.804689407348633,-0.26187896728515625,1.548435091972351,-0.00023078915546648204,0.0,0.0,0.0,0.0009856599415099044,-0.0026271928720032556,0.9998899225255783,0.01456945997235948,0,0,0,,0.6889777183532715,0.016444921493530273,0.0,False,False,4,False
36.406781908,454,36,406781908,map,21.820541381835938,-0.28255462646484375,1.4168989658355713,0.00019836421415675431,0.0,0.0,0.0,0.0009688657214142162,-0.002866851194681864,0.9998303558013926,0.018168711608197535,0,0,0,,0.6933450698852539,0.007245182991027832,0.0,False,False,4,False
36.456781908,455,36,456781908,map,21.83668327331543,-0.31002044677734375,0.486600399017334,0.0006151199340820312,0.0,0.0,0.0,0.0009665416013577481,-0.002676583242700809,0.9997862542293341,0.02047797728182611,0,0,0,,0.6719890832901001,-0.012086838483810425,0.0,False,False,4,False
36.506781909,456,36,506781909,map,21.849651336669922,-0.25936126708984375,0.004541873931884766,0.0007987975841388106,0.0,0.0,0.0,0.000969708186771288,-0.002160750986603316,0.9997753010811067,0.021065093624026227,0,0,0,,0.6468747854232788,-0.023171454668045044,0.0,False,False,4,False
36.55678191,457,36,556781910,map,21.857080459594727,-0.16632080078125,-0.6724452972412109,0.0005428314325399697,0.0,0.0,0.0,0.0009654759745675512,-0.0013957323737149572,0.9998020564662616,0.019823412247076823,0,0,0,,0.6233552694320679,-0.03346547484397888,0.0,False,False,4,False
36.606781911,458,36,606781911,map,21.852941513061523,0.04024505615234375,-1.8114817142486572,4.425048246048391e-05,0.0,0.0,0.0,0.0009386955541989598,-0.00027498678250220736,0.9998621712068635,0.01657352776034564,0,0,0,,0.5289685726165771,-0.048022568225860596,0.0,False,False,4,False
36.606781911,459,36,656781911,map,21.834226608276367,0.330810546875,-2.3208844661712646,-0.0005062103737145662,0.0,0.0,0.0,0.0008641480308298466,0.0010023417291701903,0.9999325598783642,0.011537948445914272,0,0,0,,0.514772891998291,-0.05020377039909363,0.0,False,False,4,False
36.656781911,460,36,706781912,map,21.800413131713867,0.64422607421875,-2.397507667541504,-0.0010723114246502519,0.0,0.0,0.0,0.0007364624063741568,0.002147053109035364,0.9999825331461843,0.005457214363714074,0,0,0,,0.41565847396850586,-0.04211622476577759,0.0,False,False,4,False
36.756781913,461,36,756781913,map,21.747926712036133,1.03118896484375,-2.3317785263061523,-0.0008758544572629035,0.0,0.0,0.0,-0.0005514048237847534,-0.003024216109179132,-0.9999949484210552,0.0008082091416383965,0,0,0,,0.3794872760772705,-0.02997744083404541,0.0,False,False,4,False
36.806781914,462,36,806781914,map,21.675630569458008,1.4400100708007812,-1.8569563627243042,-0.00013847340596839786,0.0,0.0,0.0,-0.000318639473077393,-0.0035076428737813,-0.999973574364804,0.006359676283722178,0,0,0,,0.2760392427444458,-0.011802107095718384,0.0,False,False,4,False
36.856781914,463,36,856781914,map,21.576797485351562,1.9767379760742188,0.048114657402038574,0.0012880325084552169,0.0,0.0,0.0,-4.287685285617125e-05,-0.0031311967839914483,-0.9999478443433549,0.00972123250175052,0,0,0,,0.12021613121032715,0.02725285291671753,0.0,False,False,4,False
36.906781915,464,36,906781915,map,21.446142196655273,2.6152420043945312,0.9475176334381104,0.0016695022350177169,0.0,0.0,0.0,0.0002851935294982515,-0.0021272345244378837,-0.999947803693877,0.009989165416609932,0,0,0,,0.06642448902130127,0.05006521940231323,0.0,False,False,4,False
36.956781916,465,36,956781916,map,21.29039192199707,3.11553955078125,0.1494254171848297,0.00034503944334574044,0.0,0.0,0.0,0.0006568369452243429,-0.0013420137600770802,-0.9999670908613173,0.007974005182400242,0,0,0,,0.014942526817321777,0.0378110408782959,0.0,False,False,4,False
37.006781917,466,37,6781917,map,21.11468505859375,3.5160446166992188,0.43445512652397156,-0.000318336533382535,0.0,0.0,0.0,0.0010453618656692419,-0.0007575583953865202,-0.999988365884275,0.004647732774662309,0,0,0,,0.008629322052001953,0.03468877077102661,0.0,False,False,4,False
37.056781917,467,37,56781917,map,20.926307678222656,3.7668609619140625,-0.1529058814048767,-0.0005002975231036544,0.0,0.0,0.0,0.0014202473119750791,-0.0004872884711246077,-0.9999982949577917,0.0010749553610975731,0,0,0,,0.021323561668395996,0.015173852443695068,0.0,False,False,4,False
37.056781917,468,37,106781918,map,20.730506896972656,3.914947509765625,-0.2687080204486847,-0.00039634702261537313,0.0,0.0,0.0,-0.0017537088713528086,0.00043737827435610276,0.9999966275399413,0.0018649702902830414,0,0,0,,0.029493212699890137,0.0019903182983398438,0.0,False,False,4,False
37.156781919,469,37,156781919,map,20.529521942138672,4.022407531738281,0.5765877962112427,-0.0002504348522052169,0.0,0.0,0.0,-0.002033885599175742,0.00017312562546323523,0.9999888828704887,0.004250584938498551,0,0,0,,0.005559444427490234,0.007150053977966309,0.0,False,False,4,False
37.20678192,470,37,206781920,map,20.32636833190918,4.065895080566406,0.46898961067199707,-0.00020160674466751516,0.0,0.0,0.0,-0.0022593567055429185,-0.00015578389509883977,0.9999786164654106,0.006134953184684719,0,0,0,,0.05699944496154785,0.0011959671974182129,0.0,False,False,4,False
37.25678192,471,37,256781920,map,20.126548767089844,4.0033721923828125,0.8928069472312927,-0.00016174315533135086,0.0,0.0,0.0,-0.002423643010782204,-0.0005662637609702534,0.9999675245192904,0.007665194496661184,0,0,0,,0.10222744941711426,0.005064547061920166,0.0,False,False,4,False
37.306781921,472,37,306781921,map,19.93399429321289,3.852081298828125,0.0942954421043396,1.1062621524615679e-05,0.0,0.0,0.0,-0.002518794235947121,-0.0007020342971045791,0.9999599291802057,0.008561708787414631,0,0,0,,0.14734935760498047,-0.008888095617294312,0.0,False,False,4,False
37.306781921,473,37,356781922,map,19.749696731567383,3.6862945556640625,0.0186079740524292,7.62939453125e-05,0.0,0.0,0.0,-0.002548899611311063,-0.0006333821732136179,0.999959169917773,0.008646411692283931,0,0,0,,0.15658175945281982,-0.011690229177474976,0.0,False,False,4,False
37.406781923,474,37,406781923,map,19.571882247924805,3.553619384765625,-0.31526774168014526,0.00012817383685614914,0.0,0.0,0.0,-0.002528869545157461,-0.000413486169981055,0.999965175941717,0.007942339193333483,0,0,0,,0.15152716636657715,-0.016472339630126953,0.0,False,False,4,False
37.456781923,475,37,456781923,map,19.398738861083984,3.4595489501953125,-0.4274916648864746,3.814697265625e-05,0.0,0.0,0.0,-0.002479779674439083,-0.00012614474396297463,0.9999752190201152,0.006587573600536741,0,0,0,,0.1491546630859375,-0.01652294397354126,0.0,False,False,4,False
37.456781923,476,37,506781924,map,19.229982376098633,3.3707427978515625,-0.6664602756500244,6.103509804233909e-06,0.0,0.0,0.0,-0.002416391494612472,0.00021442884435192316,0.9999857688776694,0.00475153812482853,0,0,0,,0.17090368270874023,-0.017331749200820923,0.0,False,False,4,False
37.556781925,477,37,556781925,map,19.06697654724121,3.2548141479492188,-1.2641061544418335,-0.00019378661818336695,0.0,0.0,0.0,-0.0023437272805509825,0.0007284748389626397,0.9999941997439217,0.002361513361604075,0,0,0,,0.20823705196380615,-0.02377873659133911,0.0,False,False,4,False
37.606781926,478,37,606781926,map,18.910594940185547,3.126678466796875,-0.4790937900543213,-0.000141143798828125,0.0,0.0,0.0,0.0022618441171888665,-0.0009938853142485594,-0.9999969477342421,2.7845483733016488e-05,0,0,0,,0.19338607788085938,-0.008181273937225342,0.0,False,False,4,False
37.656781926,479,37,656781926,map,18.759305953979492,3.025970458984375,0.12552514672279358,6.160735938465223e-05,0.0,0.0,0.0,0.0021753111388799306,-0.0008667500156694968,-0.9999959375838553,0.0016252943257807511,0,0,0,,0.22215628623962402,0.006691634654998779,0.0,False,False,4,False
37.706781927,480,37,706781927,map,18.61470603942871,2.8928375244140625,0.37109896540641785,0.00015754700871184468,0.0,0.0,0.0,0.0020834091517103193,-0.0005308849149037353,-0.9999954731769489,0.0021050399340208545,0,0,0,,0.25733375549316406,0.015008807182312012,0.0,False,False,4,False
37.756781928,481,37,756781928,map,18.47728157043457,2.7499771118164062,0.44892802834510803,-3.2234194804914296e-05,0.0,0.0,0.0,0.0019832406029640834,-0.00016330964089510168,-0.9999968224608792,0.001547628772271734,0,0,0,,0.2627302408218384,0.017938077449798584,0.0,False,False,4,False
37.806781928,482,37,806781928,map,18.34622573852539,2.6219940185546875,0.20391657948493958,-3.890991138177924e-05,0.0,0.0,0.0,0.0018785334193226614,6.648935764426261e-05,-0.9999981619930065,0.0003777591381320974,0,0,0,,0.2762032747268677,0.01301640272140503,0.0,False,False,4,False
37.856781929,483,37,856781929,map,18.221817016601562,2.488861083984375,0.13854503631591797,-7.324219041038305e-05,0.0,0.0,0.0,-0.001771438648044275,-0.0001719109920917248,0.9999979413588018,0.000974540858874579,0,0,0,,0.30469250679016113,0.008737385272979736,0.0,False,False,4,False
37.90678193,484,37,906781930,map,18.105241775512695,2.3310089111328125,-0.10726749897003174,-2.2697449821862392e-05,0.0,0.0,0.0,-0.0016596979281756935,-0.00014269726572179782,0.9999963762491653,0.0021148354109645482,0,0,0,,0.33749091625213623,0.0013165473937988281,0.0,False,False,4,False
37.956781931,485,37,956781931,map,17.997217178344727,2.159423828125,-0.25256142020225525,-1.621246337890625e-05,0.0,0.0,0.0,-0.0015401127571796234,-1.5443442854121407e-05,0.9999949813627823,0.0027685850978368173,0,0,0,,0.36327171325683594,-0.0044036805629730225,0.0,False,False,4,False
38.006781931,486,38,6781931,map,17.896059036254883,2.0220947265625,-0.30867642164230347,-3.4713742934400216e-05,0.0,0.0,0.0,-0.0014161023714445115,0.00014207768580542024,0.9999948782877182,0.002866682112883634,0,0,0,,0.3466278314590454,-0.007612168788909912,0.0,False,False,4,False
38.056781932,487,38,56781932,map,17.799314498901367,1.9357681274414062,0.2513495683670044,2.346038854739163e-05,0.0,0.0,0.0,-0.0012974491817834188,9.591614139817519e-05,0.999995257448514,0.002791506079983702,0,0,0,,0.3538835048675537,0.0003249645233154297,0.0,False,False,4,False
38.106781933,488,38,106781933,map,17.70713996887207,1.8444061279296875,0.216311514377594,-9.307861910201609e-05,0.0,0.0,0.0,-0.0011886877717130415,-3.850093220619519e-05,0.9999954140567434,0.0027852117589267523,0,0,0,,0.3746213912963867,0.0012270808219909668,0.0,False,False,4,False
38.156781934,489,38,156781934,map,17.619314193725586,1.7578887939453125,0.27089089155197144,2.7656551537802443e-05,0.0,0.0,0.0,-0.0010884286208122957,-0.00017926777383088437,0.9999951793047704,0.002902508126209756,0,0,0,,0.37108945846557617,0.00292360782623291,0.0,False,False,4,False
38.206781934,490,38,206781934,map,17.535327911376953,1.6812896728515625,0.2699001133441925,-1.964568582479842e-05,0.0,0.0,0.0,-0.000997539776627386,-0.0002993863686883862,0.9999944726128162,0.003157534799783788,0,0,0,,0.3903491497039795,0.003531932830810547,0.0,False,False,4,False
38.206781934,491,38,256781935,map,17.456615447998047,1.5758132934570312,0.2402321994304657,-1.0490421118447557e-05,0.0,0.0,0.0,-0.0009116230782913661,-0.00038056449493001034,0.9999933554162526,0.003509022281575245,0,0,0,,0.4204835891723633,0.0032854676246643066,0.0,False,False,4,False
38.306781936,492,38,306781936,map,17.382225036621094,1.4905548095703125,0.3676341474056244,-3.242492311983369e-05,0.0,0.0,0.0,-0.0008280227872761095,-0.0004758065317197222,0.9999916053878306,0.003984612939475368,0,0,0,,0.39449381828308105,0.005159437656402588,0.0,False,False,4,False
38.356781937,493,38,356781937,map,17.309640884399414,1.452484130859375,0.09379655122756958,-8.39234417071566e-06,0.0,0.0,0.0,-0.0007523167416725624,-0.0004792325653232942,0.9999897681774952,0.00443485016521999,0,0,0,,0.3970123529434204,0.0009472966194152832,0.0,False,False,4,False
38.406781937,494,38,406781937,map,17.23885726928711,1.4124679565429688,-0.42491480708122253,3.5858167393598706e-05,0.0,0.0,0.0,-0.0006869204737377678,-0.0002595138711210178,0.9999897027194279,0.004478308600760859,0,0,0,,0.40530645847320557,-0.007980197668075562,0.0,False,False,4,False
38.406781937,495,38,456781938,map,17.170021057128906,1.3734817504882812,-0.5262566804885864,4.9591064453125e-05,0.0,0.0,0.0,-0.0006303881983393646,5.888896468038565e-05,0.9999919159222871,0.003970797512213984,0,0,0,,0.40738391876220703,-0.011005789041519165,0.0,False,False,4,False
38.506781939,496,38,506781939,map,17.10306167602539,1.3362884521484375,-0.6395716071128845,-3.2234194804914296e-05,0.0,0.0,0.0,-0.0005817893223101072,0.00038565597559829886,0.9999953363106232,0.002973238580498842,0,0,0,,0.41386425495147705,-0.012900084257125854,0.0,False,False,4,False
38.506781939,497,38,556781940,map,17.03751564025879,1.3098907470703125,-0.3144112229347229,-4.00543212890625e-05,0.0,0.0,0.0,-0.0005400843112113018,0.0005555519261739914,0.9999980551796555,0.0018136449213845321,0,0,0,,0.40133237838745117,-0.007056444883346558,0.0,False,False,4,False
38.60678194,498,38,606781940,map,16.972610473632812,1.29730224609375,-0.37986937165260315,8.583065209677443e-06,0.0,0.0,0.0,-0.0005063650729461289,0.0006426606697037322,0.9999994164041706,0.0007055302932242981,0,0,0,,0.40875041484832764,-0.005865424871444702,0.0,False,False,4,False
38.656781941,499,38,656781941,map,16.908533096313477,1.2815475463867188,-0.005628764629364014,2.460479663568549e-05,0.0,0.0,0.0,0.0004788558970545919,-0.0005784078694482448,-0.9999997140680642,8.947153866707462e-05,0,0,0,,0.4044835567474365,0.0014862418174743652,0.0,False,False,4,False
38.656781941,500,38,706781942,map,16.844497680664062,1.2804031372070312,-0.22113345563411713,6.027221752447076e-05,0.0,0.0,0.0,0.00045758991046708134,-0.0005229336078423274,-0.999999590725092,0.0005793975869980683,0,0,0,,0.3959932327270508,6.54458999633789e-05,0.0,False,False,4,False
38.756781943,501,38,756781943,map,16.779682159423828,1.2964248657226562,0.09708281606435776,3.8337704609148204e-05,0.0,0.0,0.0,0.00044344829003028515,-0.00039969195576915846,-0.9999995628338411,0.0007196749831273469,0,0,0,,0.38593244552612305,0.005154311656951904,0.0,False,False,4,False
38.756781943,502,38,806781943,map,16.713882446289062,1.3160324096679688,0.016285628080368042,6.103516625444172e-06,0.0,0.0,0.0,0.0004377117539861134,-0.0002767823843986953,-0.9999997110652912,0.0005564793496219189,0,0,0,,0.3849979639053345,0.004343807697296143,0.0,False,False,4,False
38.856781944,503,38,856781944,map,16.644145965576172,1.3983535766601562,1.1765124797821045,6.809234764659777e-05,0.0,0.0,0.0,-0.0004440709798517818,-0.0001969025511731649,0.9999998075926054,0.0003858044870228064,0,0,0,,0.3259918689727783,0.022006869316101074,0.0,False,False,4,False
38.856781944,504,38,906781945,map,16.563106536865234,1.640167236328125,2.314805030822754,-0.0003303527773823589,0.0,0.0,0.0,-0.0004829522070764263,-0.0011640293246813465,0.9999951595656954,0.0028447562419772754,0,0,0,,0.2398695945739746,0.042528510093688965,0.0,False,False,4,False
38.956781946,505,38,956781946,map,16.471101760864258,1.866455078125,1.7883691787719727,-0.0004930496215820312,0.0,0.0,0.0,-0.0005661577295392172,-0.0020078721504288802,0.9999770116845782,0.0064516677870050465,0,0,0,,0.20897901058197021,0.03542613983154297,0.0,False,False,4,False
39.006781946,506,39,6781946,map,16.370370864868164,2.026519775390625,0.6289875507354736,-3.452303644735366e-05,0.0,0.0,0.0,-0.0006774871428652172,-0.00221791248692854,0.9999479375719794,0.009937002612279295,0,0,0,,0.19058573246002197,0.013073086738586426,0.0,False,False,4,False
39.056781947,507,39,56781947,map,16.260955810546875,2.177581787109375,-0.5980998277664185,0.0007564544794149697,0.0,0.0,0.0,-0.0007985473738347138,-0.0017125209533675688,0.9999259447428334,0.012022255371940573,0,0,0,,0.16476047039031982,-0.013547539710998535,0.0,False,False,4,False
39.106781948,508,39,106781948,map,16.14296531677246,2.3467636108398438,-0.8093369007110596,0.0006404876476153731,0.0,0.0,0.0,-0.0009248967584179123,-0.0009431484884432507,0.9999231818436427,0.012324181457627115,0,0,0,,0.13072967529296875,-0.0241052508354187,0.0,False,False,4,False
39.156781949,509,39,156781949,map,16.013835906982422,2.5609588623046875,-1.7230591773986816,6.790163752157241e-05,0.0,0.0,0.0,-0.0010591655838683813,5.6670650183057646e-05,0.9999423287188614,0.010687104051326302,0,0,0,,0.05842256546020508,-0.04185199737548828,0.0,False,False,4,False
39.206781949,510,39,206781949,map,15.877161026000977,2.7231979370117188,-1.284947395324707,-0.00041599274845793843,0.0,0.0,0.0,-0.0012053168576576796,0.0008682078108087259,0.9999694751913533,0.007670861229339499,0,0,0,,0.09315967559814453,-0.03537094593048096,0.0,False,False,4,False
39.25678195,511,39,256781950,map,15.78899097442627,1.7575836181640625,-2.1259639263153076,-0.0006437301635742188,0.0,0.0,0.0,-0.0012801460793443382,0.001706970359098368,0.999991271577781,0.0035922481068514254,0,0,0,,0.0,-0.044264525175094604,0.0024052858352661133,False,False,4,False
39.25678195,512,39,306781951,map,15.757499694824219,0.6382369995117188,-2.118394136428833,-0.0005138397100381553,0.0,0.0,0.0,0.0010711626172530448,-0.0024987973378345317,-0.9999955033594914,0.0012656552884904287,0,0,0,,0.0,-0.04005855321884155,0.07773047685623169,False,False,0,False
39.306781951,513,39,356781952,map,15.629046440124512,2.599201202392578,-2.601468086242676,-0.0005718230968341231,0.0,0.0,0.0,0.000911379667434291,-0.003306781362507152,-0.9999717582942644,0.006687091894059298,0,0,0,,0.0,-0.04542878270149231,0.1559881567955017,False,False,0,False
39.406781952,514,39,406781952,map,15.223188400268555,8.149776458740234,-1.6723122596740723,-0.0005031585460528731,0.0,0.0,0.0,0.0016466243702442436,-0.003695317620998385,-0.9999208420716662,0.011913976941108951,0,0,0,,0.0,-0.03167611360549927,0.2171686291694641,False,False,3,False
39.456781953,515,39,456781953,map,14.839678764343262,7.650318145751953,1.0649538040161133,0.0009843825828284025,0.0,0.0,0.0,0.002674816474489639,-0.0029471828179239647,-0.9998774396741584,0.015141502597669023,0,0,0,,0.0,0.025854110717773438,0.2539844512939453,False,False,3,False
39.506781954,516,39,506781954,map,14.513639450073242,6.486492156982422,2.3733749389648438,0.0013256072998046875,0.0,0.0,0.0,0.0034936078040753394,-0.0013594117140699022,-0.9998795955232159,0.015057926837148761,0,0,0,,0.1870020627975464,0.06392604112625122,0.0,False,False,3,False
39.556781955,517,39,556781955,map,14.237995147705078,5.496883392333984,2.374807357788086,4.310608346713707e-05,0.0,0.0,0.0,0.003918713933694825,0.00027840065530290297,-0.9999221049713285,0.011846947450227619,0,0,0,,0.165696382522583,0.07042407989501953,0.0,False,False,3,False
39.606781955,518,39,606781955,map,13.990930557250977,4.941864013671875,1.7262485027313232,-0.0005376815679483116,0.0,0.0,0.0,0.0040490190631919665,0.0013828004276032295,-0.9999673010638892,0.0068622234446553436,0,0,0,,0.16899633407592773,0.05746549367904663,0.0,False,False,3,False
39.656781956,519,39,656781956,map,13.764569282531738,4.541358947753906,1.9915261268615723,-0.00032958982046693563,0.0,0.0,0.0,0.003989702940693352,0.0021781333472219843,-0.9999891022454965,0.0010646106388649862,0,0,0,,0.16882646083831787,0.054496705532073975,0.0,False,False,3,False
39.706781957,520,39,706781957,map,13.555497169494629,4.198246002197266,1.2563705444335938,0.00019950864952988923,0.0,0.0,0.0,-0.003823196813580011,-0.0025460842609554665,0.9999790434997986,0.004562146675529613,0,0,0,,0.17527508735656738,0.03455108404159546,0.0,False,False,3,False
39.756781958,521,39,756781958,map,13.359764099121094,3.9281082153320312,0.7557466626167297,0.0006391525967046618,0.0,0.0,0.0,-0.003602210108749684,-0.0025132873898203838,0.9999483538452245,0.009164993783638366,0,0,0,,0.1809825897216797,0.016925394535064697,0.0,False,False,3,False
39.756781958,522,39,806781958,map,13.17440128326416,3.70269775390625,-0.2841532230377197,0.0008369445567950606,0.0,0.0,0.0,-0.003359646937803147,-0.0020088270251714087,0.9999203285629485,0.012000579694394912,0,0,0,,0.18747949600219727,-0.008344680070877075,0.0,False,False,3,False
39.856781959,523,39,856781959,map,12.997631072998047,3.533763885498047,-0.12408345937728882,0.0003631591098383069,0.0,0.0,0.0,-0.003121891896457191,-0.0014483365558629912,0.9999078119583673,0.013134827628788726,0,0,0,,0.19388628005981445,-0.013123244047164917,0.0,False,False,3,False
39.90678196,524,39,906781960,map,12.826482772827148,3.408985137939453,-0.9093588590621948,1.7166894394904375e-06,0.0,0.0,0.0,-0.0029026574719834045,-0.0007467939613872949,0.9999153231776554,0.012663465280265697,0,0,0,,0.1729809045791626,-0.028291642665863037,0.0,False,False,3,False
39.90678196,525,39,956781961,map,12.658926963806152,3.348560333251953,-0.20714044570922852,-0.00046272281906567514,0.0,0.0,0.0,-0.002717866923394577,-0.00030302826197663,0.9999325404608201,0.011288751074821655,0,0,0,,0.159143328666687,-0.01812666654586792,0.0,False,False,3,False
40.006781961,526,40,6781961,map,12.493866920471191,3.2920455932617188,-0.7770726084709167,-0.0004299163992982358,0.0,0.0,0.0,-0.002568740819780106,0.000111304347316508,0.9999526340325183,0.009387165353352888,0,0,0,,0.17171835899353027,-0.023790359497070312,0.0,False,False,3,False
40.056781962,527,40,56781962,map,12.332802772521973,3.220062255859375,-0.13332992792129517,-0.000436973525211215,0.0,0.0,0.0,-0.0024485580831677895,0.0002873960507330234,0.999968900166165,0.007491372857736146,0,0,0,,0.178572416305542,-0.011220544576644897,0.0,False,False,3,False
40.106781963,528,40,106781963,map,12.176348686218262,3.132343292236328,0.28182923793792725,-0.0001375198335153982,0.0,0.0,0.0,-0.002347642009380391,0.0001710211740486102,0.9999779332924706,0.006212266645326146,0,0,0,,0.19917798042297363,0.0005401372909545898,0.0,False,False,3,False
40.156781964,529,40,156781964,map,12.025337219238281,3.0278968811035156,0.580826997756958,-0.0001626968296477571,0.0,0.0,0.0,-0.0022551565364146977,-0.0001293423381223657,0.9999804792161402,0.005825695341711634,0,0,0,,0.2114560604095459,0.010401904582977295,0.0,False,False,3,False
40.206781964,530,40,206781964,map,11.880733489990234,2.8953933715820312,0.20656943321228027,-2.5558474590070546e-05,0.0,0.0,0.0,-0.0021630952259303494,-0.00031608467600983915,0.9999793126804659,0.006049406634048699,0,0,0,,0.23251211643218994,0.007877647876739502,0.0,False,False,3,False
40.206781964,531,40,256781965,map,11.742777824401855,2.7624893188476562,0.19466400146484375,-5.912779670325108e-06,0.0,0.0,0.0,-0.0020665689410206745,-0.000394953176751849,0.9999761904953228,0.006572042853026282,0,0,0,,0.24135780334472656,0.007767617702484131,0.0,False,False,3,False
40.306781966,532,40,306781966,map,11.611255645751953,2.6436424255371094,0.7192274928092957,-1.7738339010975324e-05,0.0,0.0,0.0,-0.001967896597136239,-0.0006086382404214683,0.9999695157096896,0.0075315731294541225,0,0,0,,0.2620198726654053,0.016175270080566406,0.0,False,False,3,False
40.356781966,533,40,356781966,map,11.487215042114258,2.4993515014648438,0.8424451947212219,-6.31332368357107e-05,0.0,0.0,0.0,-0.0018655350924829423,-0.0009089595631656729,0.9999573600419678,0.00899842593065772,0,0,0,,0.2866339683532715,0.01980876922607422,0.0,False,False,3,False
40.406781967,534,40,406781967,map,11.372687339782715,2.3128318786621094,0.852363109588623,-1.3923654478276148e-05,0.0,0.0,0.0,-0.0017544385405369387,-0.0011869252757580888,0.9999390027316745,0.010839924805154645,0,0,0,,0.3312497138977051,0.020776331424713135,0.0,False,False,3,False
40.406781967,535,40,456781968,map,11.269350051879883,2.0891189575195312,0.7406777143478394,-2.002714609261602e-05,0.0,0.0,0.0,-0.001627342104947497,-0.0013696510471673145,0.9999153262024139,0.012838077706671933,0,0,0,,0.35799849033355713,0.01883786916732788,0.0,False,False,3,False
40.506781969,536,40,506781969,map,11.178869247436523,1.8114662170410156,0.03175497055053711,0.00026836394681595266,0.0,0.0,0.0,-0.0014767460587497689,-0.0012448323443446465,0.9998935209704493,0.014464312456178892,0,0,0,,0.4129202365875244,0.006127417087554932,0.0,False,False,3,False
40.556781969,537,40,556781969,map,11.100333213806152,1.6123008728027344,1.1955273151397705,7.62940999265993e-07,0.0,0.0,0.0,-0.0013119169043126263,-0.001391509108530533,0.9998674815036538,0.016166694404783254,0,0,0,,0.4183175563812256,0.021559476852416992,0.0,False,False,3,False
40.60678197,538,40,606781970,map,11.032819747924805,1.3790321350097656,0.7200616598129272,-8.659363084007055e-05,0.0,0.0,0.0,-0.0011376013184377241,-0.0015334308896531627,0.9998357541642561,0.01802273974012217,0,0,0,,0.44525933265686035,0.01668304204940796,0.0,False,False,3,False
40.656781971,539,40,656781971,map,10.972624778747559,1.3027572631835938,2.1531569957733154,-0.0003250121953897178,0.0,0.0,0.0,-0.000975666427870741,-0.0020778080832933284,0.9997843727165018,0.020638286277245847,0,0,0,,0.4489375352859497,0.04028445482254028,0.0,False,False,3,False
40.706781972,540,40,706781972,map,10.921470642089844,1.1255264282226562,1.8439304828643799,-0.0005323410150595009,0.0,0.0,0.0,-0.0008266630031077343,-0.0026538570555263608,0.9997056931943281,0.024099806344782718,0,0,0,,0.47894322872161865,0.0408930778503418,0.0,False,False,3,False
40.756781972,541,40,756781972,map,10.87515640258789,1.1195182800292969,2.9004931449890137,-0.000665855361148715,0.0,0.0,0.0,-0.0007054513368499162,-0.0034462317066231056,0.9995832706018144,0.028651543735295625,0,0,0,,0.47421908378601074,0.06076258420944214,0.0,False,False,3,False
40.806781973,542,40,806781973,map,10.83685302734375,0.9321784973144531,2.1055543422698975,-0.0003787994501180947,0.0,0.0,0.0,-0.0005967322917204299,-0.003977074403094203,0.9994187956897792,0.033851109461222786,0,0,0,,0.4843916893005371,0.051798105239868164,0.0,False,False,3,False
40.856781974,543,40,856781974,map,10.7991361618042,1.0232162475585938,2.9570353031158447,-0.00015678408090025187,0.0,0.0,0.0,-0.0005198733908799768,-0.004548664565987447,0.9992025033745916,0.039666063987656666,0,0,0,,0.45404350757598877,0.0653083324432373,0.0,False,False,3,False
40.906781975,544,40,906781975,map,10.765192985534668,0.9137535095214844,2.258009910583496,0.00021114348783157766,0.0,0.0,0.0,-0.0004620174809973786,-0.004873245124073169,0.9989416731649922,0.04573370350336865,0,0,0,,0.4793436527252197,0.05565071105957031,0.0,False,False,3,False
40.956781975,545,40,956781975,map,10.73902416229248,0.7784080505371094,2.2205758094787598,0.0007028579711914062,0.0,0.0,0.0,-0.0004048337440556432,-0.004990339781372737,0.9986517822336062,0.0516676926149032,0,0,0,,0.5714132785797119,0.052422285079956055,0.0,False,False,3,False
41.006781976,546,41,6781976,map,10.721847534179688,0.7259368896484375,3.0126595497131348,7.038113835733384e-05,0.0,0.0,0.0,-0.00035342314885716315,-0.005297947080785908,0.9983115188018832,0.05784391304436638,0,0,0,,0.5644103288650513,0.06424909830093384,0.0,False,False,3,False
41.056781977,547,41,56781977,map,10.715490341186523,0.4404258728027344,2.2487998008728027,0.00026550295297056437,0.0,0.0,0.0,-0.00027661961675050714,-0.005408895386235774,0.9979355067522026,0.0639952474447395,0,0,0,,0.5824687480926514,0.05292922258377075,0.0,False,False,3,False
41.056781977,548,41,106781978,map,10.71151351928711,0.5325508117675781,2.9854941368103027,9.212490112986416e-05,0.0,0.0,0.0,-0.00020936969136960644,-0.005621352595547228,0.9975123765003607,0.07026674382616216,0,0,0,,0.5429562330245972,0.06330227851867676,0.0,False,False,3,False
41.156781978,549,41,156781978,map,10.709793090820312,0.3766059875488281,2.086825370788574,0.0004179001261945814,0.0,0.0,0.0,-0.00013838105788931961,-0.0055885000792428,0.9970659786872124,0.07634254162692451,0,0,0,,0.5266740322113037,0.04963797330856323,0.0,False,False,3,False
41.206781979,550,41,206781979,map,10.700374603271484,0.7814407348632812,3.3329296112060547,-0.00021800995455123484,0.0,0.0,0.0,-0.0001310466601507804,-0.005843325376191587,0.9965585680407362,0.08268530002314978,0,0,0,,0.48869776725769043,0.06914126873016357,0.0,False,False,3,False
41.25678198,551,41,256781980,map,10.69095230102539,0.5988502502441406,2.1347737312316895,0.00022678374079987407,0.0,0.0,0.0,-0.00013538017582864358,-0.00584368652759012,0.9960166400338822,0.08897575948308233,0,0,0,,0.5051085948944092,0.0524296760559082,0.0,False,False,3,False
41.306781981,552,41,306781981,map,10.67691707611084,0.9151840209960938,3.0847597122192383,-8.068083843681961e-05,0.0,0.0,0.0,-0.000182169512149307,-0.005990563951420428,0.995421807641783,0.0953913247050174,0,0,0,,0.5036890506744385,0.06642961502075195,0.0,False,False,3,False
41.356781981,553,41,356781981,map,10.66465950012207,0.735931396484375,2.2315263748168945,0.0002815246407408267,0.0,0.0,0.0,-0.00022156171727923552,-0.005954888442699086,0.9947948575809739,0.10172355452150914,0,0,0,,0.5076804161071777,0.054179489612579346,0.0,False,False,3,False
41.356781981,554,41,406781982,map,10.649439811706543,0.9593582153320312,2.808346748352051,0.00011405944678699598,0.0,0.0,0.0,-0.0002770758221553493,-0.005997786649628142,0.994126680794099,0.10805596844969673,0,0,0,,0.4940342903137207,0.062349557876586914,0.0,False,False,3,False
41.406781982,555,41,456781983,map,10.634326934814453,0.87615966796875,2.317638397216797,0.00013332365779206157,0.0,0.0,0.0,-0.0003247549064426614,-0.005948670744545684,0.9934280798901364,0.11430292181926371,0,0,0,,0.4987142086029053,0.055393993854522705,0.0,False,False,3,False
41.506781984,556,41,506781984,map,10.617560386657715,1.0050010681152344,2.56558895111084,0.00012187957327114418,0.0,0.0,0.0,-0.00037684508922875985,-0.005927538027671712,0.9926970185538632,0.12048797298892695,0,0,0,,0.4940253496170044,0.05879467725753784,0.0,False,False,3,False
41.556781984,557,41,556781984,map,10.602210998535156,0.8904838562011719,2.1251821517944336,0.0002618789440020919,0.0,0.0,0.0,-0.00040935487518342477,-0.005794554798812107,0.9919539418089448,0.12646593570193726,0,0,0,,0.5117418766021729,0.05165666341781616,0.0,False,False,3,False
41.606781985,558,41,606781985,map,10.585061073303223,1.05377197265625,2.473278045654297,8.964525477495044e-06,0.0,0.0,0.0,-0.0004483895477711988,-0.005742505507290193,0.9911843960246743,0.13236432923757738,0,0,0,,0.476912260055542,0.056661009788513184,0.0,False,False,3,False
41.606781985,559,41,656781986,map,10.5670804977417,0.9549713134765625,1.9710063934326172,0.00011940002877963707,0.0,0.0,0.0,-0.000472791383581522,-0.005588842137117392,0.9904082607974235,0.13805802496087122,0,0,0,,0.48724400997161865,0.04907447099685669,0.0,False,False,3,False
41.706781987,560,41,706781987,map,10.546231269836426,1.1594581604003906,2.3592710494995117,-7.381437171716243e-05,0.0,0.0,0.0,-0.0005140026424627673,-0.0055330281816962255,0.9896066246926439,0.14369359681230293,0,0,0,,0.46957647800445557,0.05499976873397827,0.0,False,False,3,False
41.756781987,561,41,756781987,map,10.5269775390625,1.0136985778808594,1.9114255905151367,3.776549419853836e-05,0.0,0.0,0.0,-0.0005411486977259581,-0.005399463669448103,0.988794630148387,0.1491835525112736,0,0,0,,0.5155980587005615,0.048361241817474365,0.0,False,False,3,False
41.806781988,562,41,806781988,map,10.50972843170166,1.2924003601074219,2.793421745300293,-0.0005626678466796875,0.0,0.0,0.0,-0.0006018536792787405,-0.0055350408331099115,0.9879078521305313,0.15494217241914746,0,0,0,,0.5389280319213867,0.06323349475860596,0.0,False,False,3,False
41.856781989,563,41,856781989,map,10.497011184692383,1.0681915283203125,2.300281524658203,-0.00042095183744095266,0.0,0.0,0.0,-0.000640066001744992,-0.005625777044838287,0.9869512352613019,0.16091985633956205,0,0,0,,0.5070300102233887,0.057712435722351074,0.0,False,False,3,False
41.90678199,564,41,906781990,map,10.484033584594727,1.1661529541015625,2.4634170532226562,-7.247923349495977e-05,0.0,0.0,0.0,-0.0006705963942241649,-0.005695623131635572,0.9859391939779613,0.1670060356864583,0,0,0,,0.5135154724121094,0.06056368350982666,0.0,False,False,3,False
41.95678199,565,41,956781990,map,10.475239753723145,0.9139251708984375,1.9389772415161133,0.0004238128603901714,0.0,0.0,0.0,-0.0006602005993243608,-0.0055765602685284524,0.984923457542433,0.17289953410405495,0,0,0,,0.5454764366149902,0.05122947692871094,0.0,False,False,3,False
41.95678199,566,42,6781991,map,10.467445373535156,1.2026023864746094,2.6663780212402344,1.1062620615120977e-05,0.0,0.0,0.0,-0.000677748489228932,-0.005639293377095194,0.9838544750104549,0.17888015828787393,0,0,0,,0.5364420413970947,0.06245177984237671,0.0,False,False,3,False
42.056781992,567,42,56781992,map,10.464252471923828,0.8751678466796875,2.0037269592285156,4.024506051791832e-05,0.0,0.0,0.0,-0.0006631026351339578,-0.005570529647776659,0.9827656738089834,0.18477056009308768,0,0,0,,0.5501081943511963,0.05218613147735596,0.0,False,False,3,False
42.106781993,568,42,106781993,map,10.459589004516602,1.4623832702636719,3.252992630004883,-0.0006038665305823088,0.0,0.0,0.0,-0.0007256252792935881,-0.005863744842195583,0.9815499100046557,0.1911147930805776,0,0,0,,0.5610549449920654,0.07428675889968872,0.0,False,False,3,False
42.156781993,569,42,156781993,map,10.461081504821777,0.9549903869628906,2.267637252807617,-0.00024433137150481343,0.0,0.0,0.0,-0.0007466131321581268,-0.00596238899752011,0.9802574431588382,0.1976341003419449,0,0,0,,0.5469051599502563,0.06016051769256592,0.0,False,False,3,False
42.156781993,570,42,206781994,map,10.460183143615723,1.2644767761230469,2.7586936950683594,0.0001604080171091482,0.0,0.0,0.0,-0.0007774300709349061,-0.0060715307326662075,0.9789010181554424,0.20424330777600802,0,0,0,,0.5293152332305908,0.06767511367797852,0.0,False,False,3,False
42.256781995,571,42,256781995,map,10.462493896484375,0.6553077697753906,1.5196514129638672,0.0010387420188635588,0.0,0.0,0.0,-0.0007196250970656203,-0.005766779395029444,0.9776164495287887,0.21031477362718573,0,0,0,,0.5452250242233276,0.04521530866622925,0.0,False,False,3,False
42.306781996,572,42,306781996,map,10.463326454162598,1.0652351379394531,2.2722244262695312,0.0005676269065588713,0.0,0.0,0.0,-0.0006868123858001598,-0.00556824716163729,0.9763773705324611,0.21599942875945552,0,0,0,,0.5460909605026245,0.05385643243789673,0.0,False,False,3,False
42.306781996,573,42,356781996,map,10.46632194519043,0.8030891418457031,1.7749214172363281,0.0002725601370912045,0.0,0.0,0.0,-0.0006438962177912798,-0.005336109281019007,0.9751789220870885,0.22135306921853642,0,0,0,,0.5515878200531006,0.04530048370361328,0.0,False,False,3,False
42.406781997,574,42,406781997,map,10.469173431396484,1.1449813842773438,2.3995590209960938,-0.00044002532376907766,0.0,0.0,0.0,-0.0006520140609107665,-0.0053174622496125375,0.9739483586614736,0.22670662569389083,0,0,0,,0.5680229663848877,0.05554860830307007,0.0,False,False,3,False
42.456781998,575,42,456781998,map,10.476457595825195,1.1275100708007812,2.4840545654296875,-0.0007167815929278731,0.0,0.0,0.0,-0.0006920256055006352,-0.005446652914395809,0.9726186047175145,0.23234221491142534,0,0,0,,0.6066765785217285,0.059188783168792725,0.0,False,False,3,False
42.506781999,576,42,506781999,map,10.488839149475098,1.2679481506347656,2.8799915313720703,-0.0008491516346111894,0.0,0.0,0.0,-0.000761180481226537,-0.0057286873001124615,0.9711347852614621,0.2384613838785362,0,0,0,,0.6215537786483765,0.06809842586517334,0.0,False,False,3,False
42.556781999,577,42,556781999,map,10.510356903076172,0.8688735961914062,2.4502086639404297,-0.0001800536847440526,0.0,0.0,0.0,-0.0007723842878277205,-0.005851583638071789,0.9695652827501502,0.24476177168230268,0,0,0,,0.647108793258667,0.060757339000701904,0.0,False,False,3,False
42.556781999,578,42,606782000,map,10.53991413116455,0.9454345703125,2.839975357055664,7.381437171716243e-05,0.0,0.0,0.0,-0.0007671102885961278,-0.005983230296819603,0.9679186371776631,0.2511914096882214,0,0,0,,0.6946699619293213,0.06564795970916748,0.0,False,False,3,False
42.606782,579,42,656782001,map,10.580988883972168,0.8489227294921875,3.0474472045898438,-0.00013484954251907766,0.0,0.0,0.0,-0.000756379800091537,-0.006177442677014952,0.9661626083551225,0.25785864598263275,0,0,0,,0.734910249710083,0.06839501857757568,0.0,False,False,3,False
42.656782001,580,42,706782002,map,10.636543273925781,0.4366874694824219,2.84881591796875,0.00028972624568268657,0.0,0.0,0.0,-0.0006810825577816525,-0.0062455543067515525,0.964361756583807,0.26451263035353373,0,0,0,,0.7706208229064941,0.06205230951309204,0.0,False,False,3,False
42.756782002,581,42,756782002,map,10.704059600830078,0.3746795654296875,3.1353187561035156,0.00023574830265715718,0.0,0.0,0.0,-0.0005788057685731552,-0.006307870903531517,0.9625283657754325,0.27110702836005895,0,0,0,,0.7925697565078735,0.06346237659454346,0.0,False,False,3,False
42.806782003,582,42,806782003,map,10.782855987548828,0.026988983154296875,2.9471778869628906,0.00041179655818268657,0.0,0.0,0.0,-0.0004308923492782322,-0.006272221821600995,0.9607060501903449,0.2774965922184816,0,0,0,,0.7885681390762329,0.05675536394119263,0.0,False,False,3,False
42.806782003,583,42,856782004,map,10.870271682739258,-0.333251953125,2.6673126220703125,0.0007600784301757812,0.0,0.0,0.0,-0.00022120315957266422,-0.006050906267895986,0.9589916337490528,0.28336969492488395,0,0,0,,0.8019462823867798,0.04695194959640503,0.0,False,False,3,False
42.856782004,584,42,906782004,map,10.962603569030762,-0.14331817626953125,3.0863380432128906,0.0002227783261332661,0.0,0.0,0.0,-5.077295233112014e-05,-0.005932412494447291,0.9573306015904895,0.28893411560854887,0,0,0,,0.8055063486099243,0.050875842571258545,0.0,False,False,3,False
42.956782005,585,42,956782005,map,11.059791564941406,-0.41332244873046875,2.821207046508789,3.128050593659282e-05,0.0,0.0,0.0,0.00011427541074998291,-0.005785601305557581,0.9557241565515036,0.29420715549180804,0,0,0,,0.7907624244689941,0.044355571269989014,0.0,False,False,3,False
42.956782005,586,43,6782006,map,11.157859802246094,-0.21932601928710938,3.090047836303711,-0.00025253300555050373,0.0,0.0,0.0,0.00022740968928476146,-0.005724183372066767,0.9541317904092188,0.29933210409185096,0,0,0,,0.7957533597946167,0.04776352643966675,0.0,False,False,3,False
43.056782007,587,43,56782007,map,11.256095886230469,0.26287078857421875,3.7104225158691406,-0.0009132385021075606,0.0,0.0,0.0,0.00020995306015991755,-0.005968665658921185,0.9523807931195692,0.3048526789236148,0,0,0,,0.8173147439956665,0.061024010181427,0.0,False,False,3,False
43.106782007,588,43,106782007,map,11.358799934387207,0.2604866027832031,3.782501220703125,-0.001123619033023715,0.0,0.0,0.0,0.00013249738731365107,-0.006325501453538527,0.9504087763740483,0.3109391070080888,0,0,0,,0.829971432685852,0.0645989179611206,0.0,False,False,3,False
43.156782008,589,43,156782008,map,11.466304779052734,0.5721092224121094,4.265232086181641,-0.0009641647920943797,0.0,0.0,0.0,-6.9862205838914886e-06,-0.006816544281334706,0.9481579646144012,0.31772631117603334,0,0,0,,0.8816853761672974,0.07504653930664062,0.0,False,False,3,False
43.206782009,590,43,206782009,map,11.593926429748535,-0.8702278137207031,3.015909194946289,0.0010396958095952868,0.0,0.0,0.0,8.767825365354597e-05,-0.006712639748412481,0.945976515887798,0.32416564310382195,0,0,0,,0.9582476615905762,0.04459112882614136,0.0,False,False,3,False
43.25678201,591,43,256782010,map,11.738373756408691,-2.1284866333007812,1.9645309448242188,0.0032056807540357113,0.0,0.0,0.0,0.0005233500926608908,-0.0058100306723689425,0.9443679825517287,0.32883899279046036,0,0,0,,0.9778585433959961,0.010558545589447021,0.0,False,False,3,False
43.30678201,592,43,306782010,map,11.89507007598877,-1.6175270080566406,2.9915904998779297,0.0012514116242527962,0.0,0.0,0.0,0.0009395758314589856,-0.005102541685413077,0.9432020699294186,0.33217907301102806,0,0,0,,0.9775180816650391,0.018052637577056885,0.0,False,False,3,False
43.30678201,593,43,356782011,map,12.058855056762695,-1.0489463806152344,3.8973140716552734,-0.001134681748226285,0.0,0.0,0.0,0.0011432026105299654,-0.005026804864448915,0.9420478331601857,0.3354389726296646,0,0,0,,0.9769151210784912,0.03481876850128174,0.0,False,False,3,False
43.406782012,594,43,406782012,map,12.229238510131836,-1.0041046142578125,4.120464324951172,-0.001656341482885182,0.0,0.0,0.0,0.0012163353550536681,-0.005280059196942815,0.940702177055688,0.33919029406200535,0,0,0,,0.9759533405303955,0.04205352067947388,0.0,False,False,3,False
43.456782013,595,43,456782013,map,12.400242805480957,-0.22047042846679688,5.008535385131836,-0.002029800321906805,0.0,0.0,0.0,0.0011026567018375788,-0.00593983252721797,0.9389359114838745,0.3440390336338194,0,0,0,,0.9760088920593262,0.06431210041046143,0.0,False,False,3,False
43.506782013,596,43,506782013,map,12.575325965881348,-0.101165771484375,5.184307098388672,-0.00186996441334486,0.0,0.0,0.0,0.0008941266810395818,-0.006737476608775262,0.9366686007645584,0.3501510235429691,0,0,0,,0.9746605157852173,0.07202255725860596,0.0,False,False,3,False
43.506782013,597,43,556782014,map,12.754030227661133,-0.020923614501953125,5.293636322021484,-0.001027870224788785,0.0,0.0,0.0,0.000675690889616401,-0.007457841719472344,0.9339849746362046,0.3572338046609213,0,0,0,,0.9740886688232422,0.07478952407836914,0.0,False,False,3,False
43.606782015,598,43,606782015,map,12.929352760314941,0.8541107177734375,6.027107238769531,-0.001232338254339993,0.0,0.0,0.0,0.0003335339109852009,-0.008356353549696854,0.9307896822224311,0.3654594746052541,0,0,0,,0.9728183746337891,0.09258699417114258,0.0,False,False,3,False
43.656782016,599,43,656782016,map,13.10407543182373,1.3360977172851562,6.3594818115234375,-0.0015501020243391395,0.0,0.0,0.0,-0.00011686967136929688,-0.00937939005255032,0.9270001058865754,0.3749437518748643,0,0,0,,0.9714577198028564,0.10242384672164917,0.0,False,False,3,False
43.656782016,600,43,706782016,map,13.281803131103516,1.3904190063476562,6.338291168212891,-0.0008756638271734118,0.0,0.0,0.0,-0.0005539464106007921,-0.010262473234992488,0.9227321774226666,0.385304689220492,0,0,0,,0.9695718288421631,0.10036396980285645,0.0,False,False,3,False
43.756782017,601,43,756782017,map,13.464272499084473,1.1301994323730469,6.078128814697266,0.0011285784421488643,0.0,0.0,0.0,-0.0008648732611709346,-0.010798131272331415,0.9182552102478804,0.3958409039094983,0,0,0,,0.9689309597015381,0.08823072910308838,0.0,False,False,3,False
43.806782018,602,43,806782018,map,13.64578914642334,1.4425277709960938,6.208553314208984,0.0016616820357739925,0.0,0.0,0.0,-0.0011228077681712531,-0.011172120613211215,0.9136998563811783,0.4062345325950685,0,0,0,,0.9686131477355957,0.08587867021560669,0.0,False,False,3,False
43.856782019,603,43,856782019,map,13.827910423278809,1.5060997009277344,6.148262023925781,0.0016433713026344776,0.0,0.0,0.0,-0.001342688630496186,-0.011433063735531154,0.9091361727911201,0.4163398870677362,0,0,0,,0.9655804634094238,0.0797889232635498,0.0,False,False,3,False
43.856782019,604,43,906782019,map,14.00983715057373,1.5991592407226562,6.096019744873047,0.0014240265591070056,0.0,0.0,0.0,-0.0015239166851467967,-0.01159302332947346,0.9046333198091662,0.426030323074621,0,0,0,,0.9646923542022705,0.07455849647521973,0.0,False,False,3,False
43.95678202,605,43,956782020,map,14.193181991577148,1.4202499389648438,5.870704650878906,0.001659393310546875,0.0,0.0,0.0,-0.0016231379918466887,-0.011585187817034034,0.9003009812460884,0.43511066639837015,0,0,0,,0.9635436534881592,0.0646752119064331,0.0,False,False,3,False
43.95678202,606,44,6782021,map,14.3717622756958,2.0243453979492188,6.113471984863281,0.0006599426851607859,0.0,0.0,0.0,-0.0017731642395611038,-0.011661642930199414,0.8960379198674843,0.4438208063310011,0,0,0,,0.9569231271743774,0.07053482532501221,0.0,False,False,3,False
44.056782022,607,44,56782022,map,14.556816101074219,0.8620071411132812,5.290126800537109,0.0018476485274732113,0.0,0.0,0.0,-0.0017156634005087872,-0.011357306829074309,0.8921110164756056,0.4516702363047051,0,0,0,,0.952772855758667,0.04456740617752075,0.0,False,False,3,False
44.106782022,608,44,106782022,map,14.742841720581055,0.014476776123046875,4.634265899658203,0.003971672151237726,0.0,0.0,0.0,-0.0013671805510062389,-0.010549901179608856,0.8889451203426794,0.45789016523767,0,0,0,,0.9477226734161377,0.02136284112930298,0.0,False,False,3,False
44.156782023,609,44,156782023,map,14.92305850982666,0.7884407043457031,5.013027191162109,0.0014383316738530993,0.0,0.0,0.0,-0.0010911289380781466,-0.009908447666708455,0.8863264001630922,0.4629537174236865,0,0,0,,0.9436290264129639,0.030059993267059326,0.0,False,False,3,False
44.156782023,610,44,206782024,map,15.099355697631836,1.0896873474121094,5.075244903564453,-0.001330757513642311,0.0,0.0,0.0,-0.0009806875736613234,-0.009573793263489647,0.8838734073854426,0.4676271810441285,0,0,0,,0.9387013912200928,0.03644108772277832,0.0,False,False,3,False
44.206782024,611,44,256782025,map,15.270916938781738,1.519927978515625,5.193748474121094,-0.0024660108610987663,0.0,0.0,0.0,-0.0010259371935342344,-0.00950202804502303,0.8812992750012267,0.472461899837668,0,0,0,,0.9329674243927002,0.04640477895736694,0.0,False,False,3,False
44.306782025,612,44,306782025,map,15.438688278198242,1.78985595703125,5.211811065673828,-0.0025047301314771175,0.0,0.0,0.0,-0.0011766965143548015,-0.009589499965765408,0.8784250230316816,0.4777825193406611,0,0,0,,0.9276878833770752,0.05343902111053467,0.0,False,False,3,False
44.306782025,613,44,356782026,map,15.601113319396973,2.31292724609375,5.3433990478515625,-0.0022132874000817537,0.0,0.0,0.0,-0.0014405495570160944,-0.009838827127095134,0.8751039179710044,0.4838328792563964,0,0,0,,0.923328161239624,0.06379139423370361,0.0,False,False,3,False
44.406782027,614,44,406782027,map,15.763311386108398,2.0981788635253906,5.1203155517578125,-0.0009857176337391138,0.0,0.0,0.0,-0.001674776196798579,-0.010015037779812724,0.8714319102302832,0.4904113783094344,0,0,0,,0.9179768562316895,0.059211671352386475,0.0,False,False,3,False
44.456782028,615,44,456782028,map,15.92512035369873,1.7800140380859375,4.849338531494141,0.0007078169146552682,0.0,0.0,0.0,-0.0017787407721561654,-0.009970014472822142,0.8676891378906663,0.4970040189769389,0,0,0,,0.9114673137664795,0.049512624740600586,0.0,False,False,3,False
44.506782028,616,44,506782028,map,16.08542823791504,1.50146484375,4.59564208984375,0.0016817091964185238,0.0,0.0,0.0,-0.0017494999026988521,-0.009717417311887466,0.8641346031101663,0.5031638885676439,0,0,0,,0.9069147109985352,0.03907215595245361,0.0,False,False,3,False
44.506782028,617,44,556782029,map,16.102035522460938,2.6792144775390625,1.9139289855957031,0.00211925501935184,0.0,0.0,0.0,-0.0018444295262835344,-0.009204870664572895,0.8609307859113795,0.5086354788114823,0,0,0,,0.900182843208313,0.03053182363510132,0.0,False,False,3,False
44.60678203,618,44,606782030,map,16.08405876159668,3.2329368591308594,1.39129638671875,0.0014345167437568307,0.0,0.0,0.0,-0.0022255399311728024,-0.008614724553656371,0.8579930965896363,0.5135841505512084,0,0,0,,0.8980538845062256,0.031685590744018555,0.0,False,False,0,False
44.60678203,619,44,656782031,map,16.252626419067383,0.7950401306152344,4.272956848144531,0.000725364952813834,0.0,0.0,0.0,-0.002267134233945596,-0.008039327130881516,0.8554272789782291,0.5178555780346012,0,0,0,,0.8972374200820923,0.018671810626983643,0.0,False,False,0,False
44.656782031,620,44,706782031,map,16.51230812072754,0.31073570251464844,6.052055358886719,-0.0007314683170989156,0.0,0.0,0.0,-0.0017513036471802175,-0.007896808739389914,0.8531917869058413,0.5215346087305099,0,0,0,,0.892038106918335,0.023512303829193115,0.0,False,False,4,False
44.756782032,621,44,756782032,map,16.737234115600586,0.3038215637207031,5.233516693115234,-0.0011751174461096525,0.0,0.0,0.0,-0.0011613071657030865,-0.007802863681052071,0.8512275653013984,0.524737456977387,0,0,0,,0.8834549188613892,0.01860898733139038,0.0,False,False,4,False
44.806782033,622,44,806782033,map,16.93033218383789,1.3816642761230469,5.041103363037109,-0.0016405105125159025,0.0,0.0,0.0,-0.0008657171237932263,-0.00789369988997843,0.8492187094274734,0.5279815561118067,0,0,0,,0.8731199502944946,0.03373539447784424,0.0,False,False,4,False
44.856782034,623,44,856782034,map,17.102819442749023,1.1940860748291016,4.449100494384766,-0.001100730849429965,0.0,0.0,0.0,-0.0007444063518892686,-0.007917781097311609,0.8470681645599205,0.5314247634338898,0,0,0,,0.8659371137619019,0.02987748384475708,0.0,False,False,4,False
44.856782034,624,44,906782034,map,17.255657196044922,1.8273735046386719,4.287605285644531,-0.0005249023088254035,0.0,0.0,0.0,-0.0008165796115780877,-0.00796734800198969,0.8446851471193723,0.5352035657574393,0,0,0,,0.860318660736084,0.03844761848449707,0.0,False,False,4,False
44.956782035,625,44,956782035,map,17.393108367919922,2.3219966888427734,4.139766693115234,-0.0007335663540288806,0.0,0.0,0.0,-0.0010772066526435011,-0.008120013908783424,0.8419073069415572,0.5395599980709866,0,0,0,,0.853105902671814,0.04561573266983032,0.0,False,False,4,False
44.956782035,626,45,6782036,map,17.518829345703125,2.6265716552734375,3.9731979370117188,-0.0006082534673623741,0.0,0.0,0.0,-0.0014395808264671913,-0.008319276385206853,0.8387048013652739,0.5445208659126912,0,0,0,,0.8471157550811768,0.04889357089996338,0.0,False,False,4,False
45.056782037,627,45,56782037,map,17.634891510009766,2.945117950439453,3.8512802124023438,-0.00032920826924964786,0.0,0.0,0.0,-0.001849755297156148,-0.008540044461396314,0.8351128261816139,0.5500092850060765,0,0,0,,0.8423657417297363,0.05119788646697998,0.0,False,False,4,False
45.106782037,628,45,106782037,map,17.740333557128906,3.7053966522216797,3.8864898681640625,-0.0008775710011832416,0.0,0.0,0.0,-0.0023743078818572925,-0.008903878206680304,0.8310412854992903,0.5561343950976687,0,0,0,,0.8361551761627197,0.06057685613632202,0.0,False,False,4,False
45.156782038,629,45,156782038,map,17.839515686035156,3.9315032958984375,3.76922607421875,-0.0009065627818927169,0.0,0.0,0.0,-0.0029306017226395104,-0.009307189936723899,0.8265111201697821,0.5628358162241607,0,0,0,,0.8288583755493164,0.0607680082321167,0.0,False,False,4,False
45.206782039,630,45,206782039,map,17.934579849243164,3.897686004638672,3.5907745361328125,3.051536623388529e-06,0.0,0.0,0.0,-0.003401398321607746,-0.009600135092638375,0.8217373498790882,0.5697753905789137,0,0,0,,0.8205397129058838,0.05480217933654785,0.0,False,False,4,False
45.256782039,631,45,256782039,map,18.023662567138672,4.220542907714844,3.5110092163085938,0.00039234175346791744,0.0,0.0,0.0,-0.0038280400524562785,-0.00984592469516315,0.816844015474281,0.5767618730985142,0,0,0,,0.8136476278305054,0.05411642789840698,0.0,False,False,4,False
45.256782039,632,45,306782040,map,18.112295150756836,3.6208248138427734,3.2083892822265625,0.0014310836559161544,0.0,0.0,0.0,-0.004061263521698898,-0.009856733175991226,0.8121463275745688,0.5833564035449048,0,0,0,,0.8088321685791016,0.03827613592147827,0.0,False,False,4,False
45.30678204,633,45,356782041,map,18.195274353027344,4.0880584716796875,3.1904220581054688,0.0014230727683752775,0.0,0.0,0.0,-0.004256416687265904,-0.009844463958210531,0.8077080595148792,0.5894850804227942,0,0,0,,0.8111453056335449,0.04016745090484619,0.0,False,False,4,False
45.406782042,634,45,406782042,map,18.27626609802246,4.060401916503906,3.0700302124023438,0.0006246566772460938,0.0,0.0,0.0,-0.004431332813124597,-0.009832320015397144,0.8034842445502077,0.5952283238658896,0,0,0,,0.8115066289901733,0.03686535358428955,0.0,False,False,4,False
45.456782042,635,45,456782042,map,18.36024284362793,3.2554149627685547,2.8127670288085938,0.0016931532882153988,0.0,0.0,0.0,-0.00439313123070925,-0.009582553720660636,0.7997387965466689,0.600255555876217,0,0,0,,0.83269202709198,0.02143251895904541,0.0,False,False,4,False
45.456782042,636,45,506782043,map,18.44439697265625,3.530902862548828,2.8557205200195312,0.0013025285443291068,0.0,0.0,0.0,-0.004304930902939097,-0.009315673031429291,0.796449975989846,0.6046173348091054,0,0,0,,0.8486243486404419,0.02399897575378418,0.0,False,False,4,False
45.506782043,637,45,556782044,map,18.52708625793457,4.384174346923828,3.0225753784179688,-0.0009267807472497225,0.0,0.0,0.0,-0.004418847612657049,-0.009336884095015555,0.7931412168380209,0.6089501675292291,0,0,0,,0.8633345365524292,0.03982514142990112,0.0,False,False,4,False
45.606782045,638,45,606782045,map,18.61325454711914,4.476566314697266,3.0486297607421875,-0.0019821166060864925,0.0,0.0,0.0,-0.004640036111213944,-0.009512068434042292,0.7895227723509195,0.6136300046105233,0,0,0,,0.8784043788909912,0.045154869556427,0.0,False,False,4,False
45.656782045,639,45,656782045,map,18.705081939697266,4.259271621704102,3.0364227294921875,-0.0009366989252157509,0.0,0.0,0.0,-0.004802234973225133,-0.009633877478785946,0.7856403347574124,0.6185898409659236,0,0,0,,0.8862262964248657,0.04339599609375,0.0,False,False,4,False
45.706782046,640,45,706782046,map,18.801319122314453,4.254541397094727,3.0603790283203125,-4.8446672735735774e-05,0.0,0.0,0.0,-0.004899312755466621,-0.009694232871607237,0.781577873795569,0.6237131117563208,0,0,0,,0.9006192684173584,0.043212831020355225,0.0,False,False,4,False
45.756782047,641,45,756782047,map,18.900836944580078,4.4277191162109375,3.1033706665039062,9.288785804528743e-05,0.0,0.0,0.0,-0.004995846365626248,-0.009766271869630406,0.7773331272004529,0.6289935379712768,0,0,0,,0.9022207260131836,0.04532885551452637,0.0,False,False,4,False
45.806782048,642,45,806782048,map,19.0078182220459,3.5769081115722656,3.001708984375,0.0012083053588867188,0.0,0.0,0.0,-0.004895917773067049,-0.00962297062200114,0.7732327252740248,0.6340304259188765,0,0,0,,0.9009747505187988,0.029925286769866943,0.0,False,False,4,False
45.856782048,643,45,856782048,map,19.11648941040039,3.5016250610351562,2.9745101928710938,0.0018211363349109888,0.0,0.0,0.0,-0.004680413258222013,-0.009359455394414731,0.7695005182617902,0.6385604487605606,0,0,0,,0.891527533531189,0.025570809841156006,0.0,False,False,4,False
45.856782048,644,45,906782049,map,19.221046447753906,4.439477920532227,3.0318832397460938,-0.0002859115193132311,0.0,0.0,0.0,-0.004676975340457836,-0.009333597005485328,0.7657849104442951,0.6430120378378829,0,0,0,,0.8946874141693115,0.039774537086486816,0.0,False,False,4,False
45.95678205,645,45,956782050,map,19.328418731689453,3.9943790435791016,2.943115234375,-0.0008605956682004035,0.0,0.0,0.0,-0.004697774831209419,-0.009322090117221703,0.7620218713854342,0.6474671397667395,0,0,0,,0.8869259357452393,0.033690690994262695,0.0,False,False,4,False
45.95678205,646,46,6782051,map,19.436817169189453,3.7074995040893555,2.8623580932617188,0.00027828209567815065,0.0,0.0,0.0,-0.004621320598594971,-0.009191172916148306,0.7584005108192287,0.6517076268738027,0,0,0,,0.8889106512069702,0.028248310089111328,0.0,False,False,4,False
46.056782051,647,46,56782051,map,19.541400909423828,4.323177337646484,2.8394699096679688,-0.0004079818318132311,0.0,0.0,0.0,-0.004652856158134931,-0.009166522542334557,0.7547415659794906,0.6559416851953219,0,0,0,,0.8761640787124634,0.03753852844238281,0.0,False,False,4,False
46.056782051,648,46,106782052,map,19.644004821777344,4.417119026184082,2.7557754516601562,-0.0009260177612304688,0.0,0.0,0.0,-0.004777696815895284,-0.009223313119663073,0.7508797661162413,0.6603572373688735,0,0,0,,0.8712003231048584,0.03979533910751343,0.0,False,False,4,False
46.156782053,649,46,156782053,map,19.7384033203125,5.514397621154785,2.6786041259765625,-0.0020215988624840975,0.0,0.0,0.0,-0.005165100141401801,-0.00952820545615854,0.746446307369282,0.665357381604862,0,0,0,,0.8676445484161377,0.058443546295166016,0.0,False,False,4,False
46.206782054,650,46,206782054,map,19.837326049804688,4.611325263977051,2.576141357421875,-0.0007694243686273694,0.0,0.0,0.0,-0.005430598823203105,-0.00968010740087125,0.7416633801542256,0.6706804266230958,0,0,0,,0.8639335632324219,0.04319632053375244,0.0,False,False,4,False
46.256782054,651,46,256782054,map,19.92435646057129,6.138129234313965,2.4377059936523438,-0.0011692047119140625,0.0,0.0,0.0,-0.005905453292126852,-0.01001968530680456,0.736332987191685,0.6765193740767051,0,0,0,,0.8469879627227783,0.06569218635559082,0.0,False,False,4,False
46.306782055,652,46,306782055,map,20.013402938842773,5.490093231201172,2.31903076171875,-0.0007581710815429688,0.0,0.0,0.0,-0.006326061687478601,-0.010275705611898665,0.7305712521903006,0.6827298413653822,0,0,0,,0.836665153503418,0.052720844745635986,0.0,False,False,4,False
46.356782056,653,46,356782056,map,20.096769332885742,5.83146333694458,2.14996337890625,0.0004484178498387337,0.0,0.0,0.0,-0.0066920133522957986,-0.010454550972000034,0.724618294109307,0.6890386398188307,0,0,0,,0.8226181268692017,0.05328071117401123,0.0,False,False,4,False
46.406782057,654,46,406782057,map,20.17619514465332,5.80857515335083,1.9807052612304688,0.0007713315426371992,0.0,0.0,0.0,-0.007011330689495465,-0.010568933614286622,0.7186063287559886,0.6953014333050518,0,0,0,,0.8091596364974976,0.048288822174072266,0.0,False,False,4,False
46.456782057,655,46,456782057,map,20.25239372253418,5.617490768432617,1.8206024169921875,0.0013715744717046618,0.0,0.0,0.0,-0.007223527574737467,-0.010568676507476603,0.7127675622141844,0.7012834847488612,0,0,0,,0.8024203777313232,0.04042553901672363,0.0,False,False,4,False
46.456782057,656,46,506782058,map,20.325349807739258,5.47982120513916,1.6713333129882812,0.0017206191550940275,0.0,0.0,0.0,-0.007331317656935904,-0.010467979943827341,0.7072840614130933,0.7068139285896314,0,0,0,,0.8004580736160278,0.034047067165374756,0.0,False,False,4,False
46.556782059,657,46,556782059,map,20.39419174194336,5.584106922149658,1.515655517578125,0.0012002944713458419,0.0,0.0,0.0,-0.007417249547918453,-0.010352553250621534,0.7021548384927094,0.7119103818821679,0,0,0,,0.7952079772949219,0.03319358825683594,0.0,False,False,4,False
46.60678206,658,46,606782060,map,20.462406158447266,5.098159313201904,1.42364501953125,0.001308441162109375,0.0,0.0,0.0,-0.007380848427900132,-0.010134565435672744,0.6974921690219105,0.7164827198286258,0,0,0,,0.7908658981323242,0.024198591709136963,0.0,False,False,4,False
46.65678206,659,46,656782060,map,20.53016471862793,4.544253826141357,1.3543319702148438,0.0021121979225426912,0.0,0.0,0.0,-0.007152010046734171,-0.009758233253433158,0.6935075823830424,0.7203477346485451,0,0,0,,0.7884591817855835,0.014647603034973145,0.0,False,False,4,False
46.706782061,660,46,706782061,map,20.596664428710938,4.188056468963623,1.2848663330078125,0.0019252777565270662,0.0,0.0,0.0,-0.006792306386214692,-0.009285940731000147,0.6902669806185426,0.7234632895637877,0,0,0,,0.7865090370178223,0.009607434272766113,0.0,False,False,4,False
46.756782062,661,46,756782062,map,20.66385841369629,3.4370553493499756,1.2753677368164062,0.0017660140292719007,0.0,0.0,0.0,-0.006259893186456458,-0.008682292490148125,0.6878675303793329,0.7257573232040082,0,0,0,,0.7938991785049438,0.00017642974853515625,0.0,False,False,4,False
46.756782062,662,46,806782063,map,20.73297119140625,2.228571891784668,1.3230514526367188,0.002123069716617465,0.0,0.0,0.0,-0.005430830764560381,-0.007838206241241485,0.6865970990338433,0.7269755788184615,0,0,0,,0.798172116279602,-0.01525336503982544,0.0,False,False,4,False
46.856782063,663,46,856782063,map,20.80145835876465,0.8383381366729736,1.3448715209960938,0.0020870212465524673,0.0,0.0,0.0,-0.004255095841566059,-0.006702516525902308,0.6868002474891187,0.7268028553056767,0,0,0,,0.773892879486084,-0.03243538737297058,0.0,False,False,4,False
46.856782063,664,46,906782064,map,20.866758346557617,-0.15650510787963867,1.3115310668945312,0.0005611416418105364,0.0,0.0,0.0,-0.0028797384925766537,-0.005390943729459422,0.6885416366385503,0.7251710553014558,0,0,0,,0.7747349739074707,-0.04182878136634827,0.0,False,False,4,False
46.956782065,665,46,956782065,map,20.92824935913086,-1.2715339660644531,1.2676239013671875,-0.0013301847502589226,0.0,0.0,0.0,-0.0013915928710017576,-0.0039630324019230695,0.691702438002473,0.722170405863393,0,0,0,,0.7630921602249146,-0.05023595690727234,0.0,False,False,4,False
47.006782066,666,47,6782066,map,20.98733139038086,-1.6781741380691528,1.2251663208007812,-0.0031419754959642887,0.0,0.0,0.0,2.7829629040019774e-06,-0.0026011834906891473,0.6958378991036828,0.7181941603826058,0,0,0,,0.7643802165985107,-0.04551255702972412,0.0,False,False,4,False
47.056782066,667,47,56782066,map,21.044612884521484,-1.8039363622665405,1.1846923828125,-0.003919029142707586,0.0,0.0,0.0,0.0011476981297311349,-0.0014532381853549089,0.7002928641624621,0.7138532589341561,0,0,0,,0.7537884712219238,-0.03445705771446228,0.0,False,False,4,False
47.106782067,668,47,106782067,map,21.099023818969727,-2.0960938930511475,1.1235809326171875,-0.003326416015625,0.0,0.0,0.0,0.0020701318093684353,-0.0004941245728351704,0.704592988800004,0.7096084769287047,0,0,0,,0.7521703243255615,-0.026165932416915894,0.0,False,False,4,False
47.156782068,669,47,156782068,map,21.151386260986328,-1.875093936920166,1.0699462890625,-0.0021604537032544613,0.0,0.0,0.0,0.0027157109893238785,0.00021137981094224286,0.7083147303414852,0.7058915093792155,0,0,0,,0.7415488958358765,-0.012181967496871948,0.0,False,False,4,False
47.156782068,670,47,206782069,map,21.200246810913086,-1.9711042642593384,0.9920120239257812,-0.0010705948807299137,0.0,0.0,0.0,0.003159819979383102,0.0007301517773842052,0.711254724970957,0.7029268799971787,0,0,0,,0.731438159942627,-0.005393654108047485,0.0,False,False,4,False
47.256782069,671,47,256782069,map,21.246362686157227,-1.185914397239685,0.9267807006835938,0.0001295091351494193,0.0,0.0,0.0,0.0032835084160447513,0.0009327642940391489,0.7131355574442245,0.7010178494389202,0,0,0,,0.7227795124053955,0.011092603206634521,0.0,False,False,4,False
47.30678207,672,47,306782070,map,21.288875579833984,-0.5935083627700806,0.8512496948242188,0.0010290145874023438,0.0,0.0,0.0,0.0030993471373961514,0.0008246732642089836,0.7137428323542866,0.7004005162935062,0,0,0,,0.7154679298400879,0.022460460662841797,0.0,False,False,4,False
47.356782071,673,47,356782071,map,21.328229904174805,-0.5596481561660767,0.7872390747070312,0.000998496892862022,0.0,0.0,0.0,0.00281676446701282,0.0006149038028286614,0.713290751536021,0.700862319934828,0,0,0,,0.7126196622848511,0.021674156188964844,0.0,False,False,4,False
47.356782071,674,47,406782072,map,21.36361312866211,0.6752169728279114,0.7073974609375,0.0008962630527094007,0.0,0.0,0.0,0.002270501569269177,0.00013821986995678063,0.7117593709073805,0.7024196919530526,0,0,0,,0.7003614902496338,0.03531593084335327,0.0,False,False,4,False
47.456782072,675,47,456782072,map,21.394960403442383,1.550139307975769,0.6222152709960938,0.0005964278825558722,0.0,0.0,0.0,0.0014594441105174613,-0.0006003260236185717,0.709077198133702,0.7051290922366008,0,0,0,,0.7056810855865479,0.043116867542266846,0.0,False,False,4,False
47.506782073,676,47,506782073,map,21.425556182861328,1.4522418975830078,0.6024551391601562,-0.0002735137823037803,0.0,0.0,0.0,0.0006923597653691036,-0.0012936644272701085,0.7056899029370431,0.7085193066974332,0,0,0,,0.7059553861618042,0.033553123474121094,0.0,False,False,4,False
47.556782074,677,47,556782074,map,21.455135345458984,1.4774987697601318,0.5768966674804688,-0.00062389369122684,0.0,0.0,0.0,8.371991937490292e-05,-0.0018310556676545925,0.70217536309398,0.7120016851735356,0,0,0,,0.7034353017807007,0.02357304096221924,0.0,False,False,4,False
47.606782075,678,47,606782075,map,21.483810424804688,1.2411940097808838,0.5572891235351562,-0.00046672820462845266,0.0,0.0,0.0,-0.00031904026544224537,-0.0021686093761964656,0.6990456515325776,0.7150736832103923,0,0,0,,0.7012660503387451,0.010164320468902588,0.0,False,False,4,False
47.656782075,679,47,656782075,map,21.511322021484375,1.0129773616790771,0.5344009399414062,-8.697508746990934e-05,0.0,0.0,0.0,-0.0005239259983759744,-0.002317531486366147,0.6966820115496174,0.7173761421545443,0,0,0,,0.6997838020324707,-0.0013557970523834229,0.0,False,False,4,False
47.706782076,680,47,706782076,map,21.53749656677246,1.0846680402755737,0.5039215087890625,6.275178748182952e-05,0.0,0.0,0.0,-0.0006425435858010012,-0.002388109600807423,0.6951496907421324,0.7188607594878109,0,0,0,,0.6976161003112793,-0.005390912294387817,0.0,False,False,4,False
47.756782077,681,47,756782077,map,21.56269645690918,0.8969360589981079,0.48580169677734375,0.00016899107140488923,0.0,0.0,0.0,-0.0006796672747748393,-0.0023857032997031805,0.6943909979405068,0.719593627300401,0,0,0,,0.6971002817153931,-0.00968053936958313,0.0,False,False,4,False
47.806782077,682,47,806782077,map,21.586030960083008,-0.27776241302490234,0.4726409912109375,0.00046520231990143657,0.0,0.0,0.0,-0.0003993884474073648,-0.002079842471089586,0.6946802939126441,0.7193155107417093,0,0,0,,0.6827288866043091,-0.026598423719406128,0.0,False,False,4,False
47.856782078,683,47,856782078,map,21.60576057434082,-0.8687335252761841,0.411834716796875,0.000496292079333216,0.0,0.0,0.0,0.000128867642449872,-0.0015295973314585726,0.6961506283515339,0.7178941052626765,0,0,0,,0.6632697582244873,-0.03392806649208069,0.0,False,False,4,False
47.856782078,684,47,906782079,map,21.62193489074707,-1.0797852277755737,0.3424072265625,4.310611984692514e-05,0.0,0.0,0.0,0.0006980603921054553,-0.0009270897428217131,0.6985233178014568,0.7155863523740114,0,0,0,,0.6601226329803467,-0.03222975134849548,0.0,False,False,4,False
47.906782079,685,47,956782080,map,21.63628578186035,-0.9808051586151123,0.30185699462890625,-0.0003917694266419858,0.0,0.0,0.0,0.001150537765445377,-0.000428864686613843,0.7012787438367946,0.7128861169784543,0,0,0,,0.6701178550720215,-0.02307814359664917,0.0,False,False,4,False
48.00678208,686,48,6782080,map,21.649330139160156,-1.1889570951461792,0.27584075927734375,-0.00035667416523210704,0.0,0.0,0.0,0.0015221900808499787,-7.000728041586606e-06,0.7040291055967961,0.7101694877709989,0,0,0,,0.66643226146698,-0.0176142156124115,0.0,False,False,4,False
48.056782081,687,48,56782081,map,21.661916732788086,-1.0006294250488281,0.2617645263671875,-0.0002590179501567036,0.0,0.0,0.0,0.001771061841178837,0.0002905165544604514,0.7064372799615849,0.7077733736306866,0,0,0,,0.6755878925323486,-0.007357180118560791,0.0,False,False,4,False
48.056782081,688,48,106782082,map,21.683021545410156,-0.6104332208633423,0.427093505859375,-0.05649719014763832,0.0,0.0,0.0,0.0018716976276647915,0.0003796497850257016,0.7080698108075251,0.7061398555789264,0,0,0,,0.6805996894836426,0.0027543306350708008,0.0,False,False,4,False
48.156782083,689,48,156782083,map,21.695552825927734,-0.8818730711936951,0.25630950927734375,0.0305328331887722,0.0,0.0,0.0,0.0018413346547481156,0.00041510508988084737,0.709065926916251,0.7051396659250218,0,0,0,,0.6711461544036865,0.004208087921142578,0.0,False,False,4,False
48.156782083,690,48,206782083,map,21.705442428588867,-0.48739492893218994,0.20015716552734375,0.01790790632367134,0.0,0.0,0.0,0.0017838048397508875,0.0003991062980428816,0.7094508947132847,0.7047525003467359,0,0,0,,0.6252410411834717,0.010314464569091797,0.0,False,False,4,False
48.256782084,691,48,256782084,map,21.708335876464844,0.16260609030723572,0.0571441650390625,0.009684562683105469,0.0,0.0,0.0,0.0015370524432167909,0.0002010654692921164,0.7090879915406455,0.7051183002130331,0,0,0,,0.5913320779800415,0.01921027898788452,0.0,False,False,4,False
48.256782084,692,48,306782085,map,21.699207305908203,0.9574084281921387,-0.18810272216796875,0.00440216064453125,0.0,0.0,0.0,0.0010361044548379801,-0.0002154276229611727,0.7078125717796748,0.7063994927158006,0,0,0,,0.5073944330215454,0.029428541660308838,0.0,False,False,4,False
48.356782086,693,48,356782086,map,21.673397064208984,1.3925566673278809,-0.5280303955078125,0.0011295318836346269,0.0,0.0,0.0,0.0003728793677032114,-0.000728787558437895,0.7056582059023194,0.708551922072329,0,0,0,,0.4537181854248047,0.03280067443847656,0.0,False,False,4,False
48.356782086,694,48,406782086,map,21.628381729125977,1.453678011894226,-0.917510986328125,-0.0007854460272938013,0.0,0.0,0.0,-0.00029334091449368505,-0.0011682463887515006,0.7029371565309043,0.7112509424385532,0,0,0,,0.36165010929107666,0.028240323066711426,0.0,False,False,4,False
48.456782087,695,48,456782087,map,21.554595947265625,2.425020217895508,-1.5154647827148438,-0.0017040255479514599,0.0,0.0,0.0,-0.0011277718707220171,-0.0016745587045850292,0.6996716329304334,0.7144617065009247,0,0,0,,0.13461017608642578,0.03714472055435181,0.0,False,False,4,False
48.456782087,696,48,506782088,map,21.44512939453125,1.6795367002487183,-2.225341796875,-0.0016363142058253288,0.0,0.0,0.0,-0.0018321726025931108,-0.0019219578100291123,0.6963063819105612,0.7177397660241173,0,0,0,,0.08524346351623535,0.019681215286254883,0.0,False,False,4,False
48.506782088,697,48,556782089,map,21.307540893554688,1.1853182315826416,-2.7817916870117188,-0.0010173796908929944,0.0,0.0,0.0,-0.0022782913509769714,-0.0018170031282808074,0.6934775660262611,0.7204723265375601,0,0,0,,0.08204805850982666,0.004297494888305664,0.0,False,False,4,False
48.556782089,698,48,606782089,map,21.15146255493164,0.1965475082397461,-3.1278610229492188,-4.7493085730820894e-05,0.0,0.0,0.0,-0.0023680731477613254,-0.0013377876652576287,0.6917790369658547,0.7221041244642797,0,0,0,,0.10071325302124023,-0.017785608768463135,0.0,False,False,4,False
48.65678209,699,48,656782090,map,20.984201431274414,-0.41237592697143555,-3.3354949951171875,0.00019607556168921292,0.0,0.0,0.0,-0.002174557079855986,-0.0006207501640503489,0.6915453232782915,0.7223295313239405,0,0,0,,0.11283588409423828,-0.032011210918426514,0.0,False,False,4,False
48.706782091,700,48,706782091,map,20.806800842285156,-2.436277389526367,-3.4925079345703125,0.000286865106318146,0.0,0.0,0.0,-0.0014564535790874923,0.0005388940084614633,0.6933345263768261,0.7206141983544605,0,0,0,,0.09841334819793701,-0.06711709499359131,0.0,False,False,4,False
48.756782092,701,48,756782092,map,20.622095108032227,-3.148909091949463,-3.64227294921875,-0.0008831023005768657,0.0,0.0,0.0,-0.0004438629850709305,0.0019266921214292393,0.6972653129694626,0.7168104171764785,0,0,0,,0.09582400321960449,-0.0772906243801117,0.0,False,False,4,False
48.806782092,702,48,806782092,map,20.43820571899414,-2.3090810775756836,-3.6545562744140625,-0.0015880584251135588,0.0,0.0,0.0,0.00028604892143243633,0.0029731769039882173,0.702321256402048,0.7118538692744183,0,0,0,,0.1256333589553833,-0.05384799838066101,0.0,False,False,4,False
48.856782093,703,48,856782093,map,20.25556755065918,-2.467670202255249,-3.6420440673828125,-0.001068878103978932,0.0,0.0,0.0,0.0007836462016600704,0.003719238421377157,0.7075992455446727,0.7066037509586299,0,0,0,,0.12135004997253418,-0.04203057289123535,0.0,False,False,4,False
48.906782094,704,48,906782094,map,20.07297706604004,-1.1694426536560059,-3.6519622802734375,7.495880709029734e-05,0.0,0.0,0.0,0.0008530352344815952,0.003971844492835449,0.7120889396671004,0.7020775162231006,0,0,0,,0.059920430183410645,-0.007114708423614502,0.0,False,False,4,False
48.956782095,705,48,956782095,map,19.88495635986328,-0.042697712779045105,-3.7604904174804688,0.001213455107063055,0.0,0.0,0.0,0.00045354746827070227,0.0037107811642034224,0.7148454287905257,0.6992725057766355,0,0,0,,0.021179914474487305,0.024599134922027588,0.0,False,False,4,False
49.006782095,706,49,6782095,map,19.69292640686035,0.4811820387840271,-3.8400650024414062,0.0011894225608557463,0.0,0.0,0.0,-0.00018172834219263028,0.0031881437245905677,0.7155534285156792,0.6985507094362283,0,0,0,,0.07011187076568604,0.04234957695007324,0.0,False,False,4,False
49.056782096,707,49,56782096,map,19.502355575561523,0.6970111131668091,-3.8117218017578125,0.0003520965401548892,0.0,0.0,0.0,-0.0008306850707238503,0.002620695094629497,0.7144406566182069,0.6996906388472547,0,0,0,,0.08859753608703613,0.04771530628204346,0.0,False,False,4,False
49.106782097,708,49,106782097,map,19.31537628173828,0.9825443029403687,-3.7421035766601562,-0.00020885461708530784,0.0,0.0,0.0,-0.0014322614136676466,0.0020642846023878523,0.7119515307108791,0.7022241132820485,0,0,0,,0.10828709602355957,0.04763901233673096,0.0,False,False,4,False
49.156782098,709,49,156782098,map,19.13400650024414,1.2820484638214111,-3.6345672607421875,-0.0005546570173464715,0.0,0.0,0.0,-0.0019925008068601008,0.0015121984914539277,0.708568102359254,0.7056380003339267,0,0,0,,0.14544463157653809,0.04375898838043213,0.0,False,False,4,False
49.156782098,710,49,206782098,map,18.959877014160156,1.6110926866531372,-3.4978866577148438,-0.000591278076171875,0.0,0.0,0.0,-0.002528357019977173,0.0009476983586499763,0.7047164979501002,0.7094838735274726,0,0,0,,0.17187201976776123,0.03874439001083374,0.0,False,False,4,False
49.206782098,711,49,256782099,map,18.79367446899414,1.547034740447998,-3.345489501953125,-0.0005510330083779991,0.0,0.0,0.0,-0.0029567153298287975,0.00045495704153969744,0.700856855622948,0.7132956741596455,0,0,0,,0.1902599334716797,0.02741396427154541,0.0,False,False,4,False
49.3067821,712,49,306782100,map,18.637325286865234,0.5937016010284424,-3.1373214721679688,-8.563994924770668e-05,0.0,0.0,0.0,-0.0030337981657943946,0.00027353136651186907,0.69772788669145,0.7163564178412614,0,0,0,,0.2516908645629883,0.0022289156913757324,0.0,False,False,4,False
49.356782101,713,49,356782101,map,18.491437911987305,0.24242877960205078,-2.9225540161132812,0.0003753662167582661,0.0,0.0,0.0,-0.0028355934442804293,0.00032123618762693235,0.6958110626794047,0.7182192014072639,0,0,0,,0.263866662979126,-0.012563914060592651,0.0,False,False,4,False
49.406782101,714,49,406782101,map,18.35539436340332,-0.34465134143829346,-2.7151107788085938,0.00044670101488009095,0.0,0.0,0.0,-0.0024248880568117073,0.0005439647544002872,0.6952983616295043,0.7187169208635518,0,0,0,,0.3090827465057373,-0.027031421661376953,0.0,False,False,4,False
49.456782102,715,49,456782102,map,18.23072624206543,-0.9780770540237427,-2.4778366088867188,0.0002464294375386089,0.0,0.0,0.0,-0.001823120037884699,0.0009256235134100609,0.6962413098156519,0.7178048885042676,0,0,0,,0.3584456443786621,-0.03866845369338989,0.0,False,False,4,False
49.506782103,716,49,506782103,map,18.1187686920166,-0.8710959553718567,-2.2273635864257812,-0.00010433195711812004,0.0,0.0,0.0,-0.0012391132090423342,0.0012653710636791643,0.6982556361211797,0.7158463033777105,0,0,0,,0.3826780319213867,-0.03466591238975525,0.0,False,False,4,False
49.556782104,717,49,556782104,map,18.016332626342773,-0.6048020720481873,-2.0417404174804688,-0.0002424240083200857,0.0,0.0,0.0,-0.0008160317207200726,0.0014360112674608693,0.7006878301305421,0.7134660725436235,0,0,0,,0.3530728816986084,-0.023956626653671265,0.0,False,False,4,False
49.606782104,718,49,606782104,map,17.9189453125,-0.7639259099960327,-1.9401931762695312,-0.00020732879056595266,0.0,0.0,0.0,-0.0004764983960661173,0.0015393331587648606,0.7031131129543848,0.7110761940849231,0,0,0,,0.35721731185913086,-0.018364399671554565,0.0,False,False,4,False
49.656782105,719,49,656782105,map,17.82560157775879,-0.5708760023117065,-1.8622970581054688,-0.00022678374079987407,0.0,0.0,0.0,-0.00024103941902604647,0.0015688297901352722,0.7052140637668112,0.7089926691712604,0,0,0,,0.3583303689956665,-0.00854414701461792,0.0,False,False,4,False
49.656782105,720,49,706782106,map,17.73453712463379,-0.40113747119903564,-1.8185806274414062,-6.408692570403218e-05,0.0,0.0,0.0,-0.000120478156649278,0.0015175785951025958,0.7067527768001158,0.7074589704891353,0,0,0,,0.3425459861755371,-0.00014826655387878418,0.0,False,False,4,False
49.756782107,721,49,756782107,map,17.644412994384766,-0.15563637018203735,-1.8015670776367188,2.460479663568549e-05,0.0,0.0,0.0,-0.00011577378795721944,0.0013874116587144396,0.7076078040563469,0.7066040314942122,0,0,0,,0.3451768159866333,0.007537245750427246,0.0,False,False,4,False
49.806782107000004,722,49,806782107,map,17.556350708007812,0.006580352783203125,-1.761322021484375,6.065369234420359e-05,0.0,0.0,0.0,-0.00019179777812126453,0.0012064302990704061,0.707785426188745,0.7064264280265586,0,0,0,,0.369626522064209,0.011988162994384766,0.0,False,False,4,False
49.856782108,723,49,856782108,map,17.470766067504883,0.03157302737236023,-1.7119216918945312,7.896422903286293e-05,0.0,0.0,0.0,-0.00028430458352201,0.0010258838432497847,0.7074387091827247,0.7067738955869297,0,0,0,,0.35681772232055664,0.012197613716125488,0.0,False,False,4,False
49.856782108,724,49,906782109,map,17.386524200439453,0.09494289755821228,-1.6854476928710938,2.0408633645274676e-05,0.0,0.0,0.0,-0.00037661482838204704,0.0008606642659244799,0.7067606171987789,0.7074521520181373,0,0,0,,0.36026573181152344,0.011204123497009277,0.0,False,False,4,False
49.95678211,725,49,956782110,map,17.303056716918945,0.05157589912414551,-1.6697311401367188,3.814693627646193e-07,0.0,0.0,0.0,-0.00044473537046106864,0.0007336450474768905,0.7059593947363141,0.7082517892380729,0,0,0,,0.34763288497924805,0.007737696170806885,0.0,False,False,4,False
50.00678211,726,50,6782110,map,17.21898078918457,0.3422898054122925,-1.6839599609375,5.912779670325108e-06,0.0,0.0,0.0,-0.0005609733863176986,0.0005756897060457645,0.705092829063534,0.7091145579477298,0,0,0,,0.3355536460876465,0.009171724319458008,0.0,False,False,4,False
50.056782111,727,50,56782111,map,17.134735107421875,0.4734727740287781,-1.6888809204101562,-7.743835158180445e-05,0.0,0.0,0.0,-0.0007218997497136677,0.0003890488849647921,0.7041661007690375,0.7100348090266042,0,0,0,,0.35217249393463135,0.0091477632522583,0.0,False,False,4,False
50.106782112,728,50,106782112,map,17.05250358581543,0.10377049446105957,-1.645660400390625,3.757476224564016e-05,0.0,0.0,0.0,-0.0007840408758838618,0.00030578908044435517,0.7033848066883691,0.7108087685818943,0,0,0,,0.37240636348724365,0.0015645623207092285,0.0,False,False,4,False
50.156782113,729,50,156782113,map,16.97258758544922,0.18322736024856567,-1.6001510620117188,-7.629387255292386e-06,0.0,0.0,0.0,-0.0007962897483546792,0.00026749556531006707,0.7028375849112943,0.711349860198776,0,0,0,,0.3655432462692261,0.00035059452056884766,0.0,False,False,4,False
50.206782113,730,50,206782113,map,16.89301872253418,0.02925962209701538,-1.5917587280273438,1.564025296829641e-05,0.0,0.0,0.0,-0.0007626323285952741,0.0002728807432451031,0.7025484806085194,0.711635423740761,0,0,0,,0.34229397773742676,-0.0031024813652038574,0.0,False,False,4,False
50.256782114,731,50,256782114,map,16.811721801757812,0.1859942078590393,-1.6279220581054688,3.6811830796068534e-05,0.0,0.0,0.0,-0.0007528484161651076,0.00026502945462051437,0.7024343834377391,0.7117480593181086,0,0,0,,0.32325220108032227,-0.0012469589710235596,0.0,False,False,4,False
50.306782115,732,50,306782115,map,16.728290557861328,-0.006593167781829834,-1.6686630249023438,-4.386902219266631e-06,0.0,0.0,0.0,-0.0007221618185083673,0.0002930331840834673,0.7024675901473266,0.711715306429803,0,0,0,,0.3206052780151367,-0.0036125481128692627,0.0,False,False,4,False
50.356782115,733,50,356782115,map,16.640289306640625,1.0432463884353638,-1.7729568481445312,-2.460479299770668e-05,0.0,0.0,0.0,-0.0009335362404297254,0.0001030352144833946,0.7022202502668666,0.7119591547335926,0,0,0,,0.25797975063323975,0.013428568840026855,0.0,False,False,4,False
50.406782116,734,50,406782116,map,16.5423641204834,1.3841626644134521,-1.98089599609375,-0.00023784636869095266,0.0,0.0,0.0,-0.001342771625550158,-0.00024147450101218268,0.701342898428621,0.7128227531989759,0,0,0,,0.17843210697174072,0.02233642339706421,0.0,False,False,4,False
50.456782117,735,50,456782117,map,16.432580947875977,0.5072003602981567,-2.2056961059570312,-1.5258774510584772e-05,0.0,0.0,0.0,-0.0015658988906192127,-0.0003484667700092048,0.7002212426180907,0.713924112156153,0,0,0,,0.1248328685760498,0.010051608085632324,0.0,False,False,4,False
50.506782118,736,50,506782118,map,16.31060791015625,-0.4427558183670044,-2.4314117431640625,0.00022315976093523204,0.0,0.0,0.0,-0.001440982062560204,-6.335756926627778e-05,0.6995292141800404,0.7146025455210533,0,0,0,,0.08927392959594727,-0.0076337456703186035,0.0,False,False,4,False
50.556782118,737,50,556782118,map,16.17576026916504,-0.797848105430603,-2.6834487915039062,0.00027484894962981343,0.0,0.0,0.0,-0.0011360410388254645,0.0004389401483828141,0.6995931680548632,0.7145403529215578,0,0,0,,0.014947891235351562,-0.017418384552001953,0.0,False,False,4,False
50.606782119,738,50,606782119,map,16.015607833862305,-1.8940768241882324,-3.1779098510742188,-2.384185791015625e-05,0.0,0.0,0.0,-0.0006157334278871244,0.0012206554514948994,0.7007454648411655,0.7134100674767306,0,0,0,,0.0,-0.0378761887550354,0.06654965877532959,False,False,4,False
50.606782119,739,50,656782120,map,15.99817943572998,-1.4326446056365967,-0.3367042541503906,-0.0002691268746275455,0.0,0.0,0.0,1.7035942992767628e-05,0.0017207793244437158,0.7027571503173742,0.711427737936958,0,0,0,,0.0,-0.03106251358985901,0.01831907033920288,False,False,0,False
50.706782121,740,50,706782121,map,15.95555305480957,-1.9359588623046875,-0.8466529846191406,-0.0003366470627952367,0.0,0.0,0.0,0.0007219322661348105,0.002053300287595302,0.7053702252478236,0.7088357412726638,0,0,0,,0.0,-0.03622645139694214,0.1345435380935669,False,False,0,False
50.756782121,741,50,756782121,map,15.601617813110352,-1.9528303146362305,-7.084789276123047,-0.0006406783359125257,0.0,0.0,0.0,0.0009356335580604586,0.0027516497681935865,0.7083927904498167,0.7058124449541254,0,0,0,,0.0,-0.03990963101387024,0.2211591601371765,False,False,0,False
50.806782122,742,50,806782122,map,15.207176208496094,-1.149229884147644,-7.898540496826172,-0.0006542206392623484,0.0,0.0,0.0,0.00038315387106170216,0.0036244302482734826,0.7112600275087552,0.7029195472930961,0,0,0,,0.0,-0.021521151065826416,0.20806193351745605,False,False,3,False
50.856782123,743,50,856782123,map,14.831732749938965,-1.8709933757781982,-7.5347137451171875,-0.0006652831798419356,0.0,0.0,0.0,-0.000130697681434084,0.004513082937600008,0.7139974858349808,0.7001337052462485,0,0,0,,0.0,-0.029227793216705322,0.2580529451370239,False,False,3,False
50.856782123,744,50,906782124,map,14.479214668273926,2.0672807693481445,-7.023277282714844,0.0010004043579101562,0.0,0.0,0.0,-0.0013426449338354714,0.004348141953332614,0.7152791580392169,0.6988240243729777,0,0,0,,0.0,0.046862006187438965,0.23190546035766602,False,False,3,False
50.906782124,745,50,956782124,map,14.179736137390137,2.2709105014801025,-5.9757232666015625,0.0014263152843341231,0.0,0.0,0.0,-0.0027651497005851886,0.0034980895125036812,0.7142946985123891,0.6998308374128641,0,0,0,,0.18489110469818115,0.06189066171646118,0.0,False,False,3,False
51.006782125,746,51,6782125,map,13.922743797302246,2.5930304527282715,-5.146045684814453,0.0001586914004292339,0.0,0.0,0.0,-0.003903019806566744,0.0024539737701522054,0.7114204430707316,0.702751519123345,0,0,0,,0.16270720958709717,0.07183253765106201,0.0,False,False,3,False
51.006782125,747,51,56782126,map,13.690640449523926,1.9285094738006592,-4.662799835205078,-0.00025978084886446595,0.0,0.0,0.0,-0.00454578519748835,0.0016201804595150438,0.7074923081087291,0.7067045668588823,0,0,0,,0.17531847953796387,0.05813336372375488,0.0,False,False,3,False
51.106782127,748,51,106782127,map,13.478279113769531,1.5027016401290894,-4.273548126220703,8.697509474586695e-05,0.0,0.0,0.0,-0.004743426446168195,0.0010796459762842598,0.7033832193857972,0.7107941902946219,0,0,0,,0.1800704002380371,0.04302489757537842,0.0,False,False,3,False
51.156782127,749,51,156782127,map,13.281396865844727,0.9724956750869751,-3.9599609375,0.0004999160300940275,0.0,0.0,0.0,-0.004604606589785993,0.0008090966181302983,0.6997467267762608,0.7143757144015502,0,0,0,,0.1891423463821411,0.025209248065948486,0.0,False,False,3,False
51.156782127,750,51,206782128,map,13.096955299377441,0.8749687671661377,-3.712635040283203,0.0005006789579056203,0.0,0.0,0.0,-0.0043250756328590675,0.0006675603308415627,0.696860456481058,0.7171933855502198,0,0,0,,0.20396077632904053,0.015365660190582275,0.0,False,False,3,False
51.256782129,751,51,256782129,map,12.921939849853516,-0.9363609552383423,-3.4771347045898438,0.000713729823473841,0.0,0.0,0.0,-0.0036046421127190337,0.0009726903209693347,0.6953920090706774,0.7186209112942828,0,0,0,,0.1963897943496704,-0.020398467779159546,0.0,False,False,3,False
51.30678213,752,51,306782130,map,12.752287864685059,-1.195548176765442,-3.367290496826172,0.0003238678618799895,0.0,0.0,0.0,-0.002709772931204066,0.001491154892415521,0.6955502652112459,0.7184707803051658,0,0,0,,0.17488324642181396,-0.033567219972610474,0.0,False,False,3,False
51.35678213,753,51,356782130,map,12.587431907653809,0.017251968383789062,-3.2981491088867188,-0.0005676270229741931,0.0,0.0,0.0,-0.0022142356420511247,0.0016772964212946628,0.6964523854187394,0.7175976300697935,0,0,0,,0.17785000801086426,-0.016163140535354614,0.0,False,False,3,False
51.406782131,754,51,406782131,map,12.425405502319336,-0.28586268424987793,-3.2354736328125,-0.0006452560191974044,0.0,0.0,0.0,-0.0019198864365910998,0.0017242939899802525,0.6975613656995755,0.7165203988231248,0,0,0,,0.16097986698150635,-0.015925854444503784,0.0,False,False,3,False
51.456782132,755,51,456782132,map,12.265203475952148,-0.4819682240486145,-3.195629119873047,-0.00045299530029296875,0.0,0.0,0.0,-0.001653177784164934,0.0017982790111420917,0.6987761135805226,0.7153362679782934,0,0,0,,0.16700029373168945,-0.015832066535949707,0.0,False,False,3,False
51.506782133,756,51,506782133,map,12.107258796691895,0.2920529246330261,-3.164825439453125,-0.0003093719424214214,0.0,0.0,0.0,-0.001609066965583716,0.0016966162837135069,0.6996861670521013,0.7144464990694721,0,0,0,,0.1638805866241455,-0.00038883090019226074,0.0,False,False,3,False
51.556782133,757,51,556782133,map,11.951024055480957,-0.708858072757721,-3.1125450134277344,-0.00014839171490166336,0.0,0.0,0.0,-0.0014382162677128475,0.0017516237770707405,0.7004879436943049,0.7136606364982137,0,0,0,,0.1621875762939453,-0.012036144733428955,0.0,False,False,3,False
51.556782133,758,51,606782134,map,11.797918319702148,0.07057487964630127,-3.0637168884277344,-0.0001293182431254536,0.0,0.0,0.0,-0.001375629083475976,0.0017208661684139767,0.7010914385269661,0.7130679778874132,0,0,0,,0.1842966079711914,6.973743438720703e-05,0.0,False,False,3,False
51.656782135,759,51,656782135,map,11.6499662399292,0.07364392280578613,-2.9607582092285156,2.0980842236895114e-05,0.0,0.0,0.0,-0.0013985112512001686,0.0016094996381258416,0.7013601694941635,0.7128038764795778,0,0,0,,0.20755112171173096,0.002975165843963623,0.0,False,False,3,False
51.656782135,760,51,706782136,map,11.508008003234863,0.30147016048431396,-2.84515380859375,5.664824857376516e-05,0.0,0.0,0.0,-0.0014766882186050404,0.0014361713148537522,0.701282755370349,0.7128802520928957,0,0,0,,0.21860527992248535,0.00814896821975708,0.0,False,False,3,False
51.756782136,761,51,756782136,map,11.370780944824219,0.1542922854423523,-2.7480697631835938,-7.629396350239404e-06,0.0,0.0,0.0,-0.001520325302258598,0.0012880889098206558,0.7009722821402108,0.7131857325473361,0,0,0,,0.20536017417907715,0.007030308246612549,0.0,False,False,3,False
51.806782137,762,51,806782137,map,11.279605865478516,-0.0554889440536499,-1.8227577209472656,7.381440082099289e-05,0.0,0.0,0.0,-0.0014455211451801543,0.0012021891065459908,0.7006447697684928,0.7135077937948728,0,0,0,,0.21852564811706543,0.00289076566696167,0.0,False,False,3,False
51.856782138,763,51,856782138,map,11.262022972106934,0.09772449731826782,-0.35369873046875,0.00029926298884674907,0.0,0.0,0.0,-0.0011620078400347096,0.0009189127496673082,0.7003453653982132,0.7138026159257062,0,0,0,,0.2183319330215454,0.003421485424041748,0.0,False,False,0,False
51.906782139,764,51,906782139,map,11.256999015808105,0.001824498176574707,-0.10053634643554688,0.00014839171490166336,0.0,0.0,0.0,-0.0008035981424593964,0.000590593859103337,0.7001056658799074,0.714038557804668,0,0,0,,0.2459561824798584,0.0013657808303833008,0.0,False,False,0,False
51.956782139,765,51,956782139,map,10.783219337463379,-0.2915686368942261,-9.47164535522461,-0.0004755019908770919,0.0,0.0,0.0,-0.0011400885687642853,0.0010353412386644436,0.6999830765007378,0.7141577702994888,0,0,0,,0.2707827091217041,-0.0017440319061279297,0.0,False,False,2,False
51.956782139,766,52,6782140,map,10.383493423461914,0.23767799139022827,-8.001213073730469,-0.0010709762573242188,0.0,0.0,0.0,-0.0019646374639729408,0.0017520611103988622,0.6997866009790811,0.7143471030050061,0,0,0,,0.33708035945892334,0.007546603679656982,0.0,False,False,2,False
52.056782141,767,52,56782141,map,10.046218872070312,-0.30780285596847534,-6.740436553955078,-0.0008571624639444053,0.0,0.0,0.0,-0.0025721563338368465,0.002413639268552777,0.6996318398324672,0.7144948194703111,0,0,0,,0.4009358882904053,-0.0016207396984100342,0.0,False,False,2,False
52.106782142,768,52,106782142,map,9.768912315368652,0.6699630618095398,-5.563030242919922,-1.0490475688129663e-05,0.0,0.0,0.0,-0.0030679492991374834,0.0026183938891755814,0.6992646397087101,0.7148515197952559,0,0,0,,0.4440884590148926,0.0143660306930542,0.0,False,False,2,False
52.156782142,769,52,156782142,map,9.544600486755371,0.6609630584716797,-4.505767822265625,0.0007411956903524697,0.0,0.0,0.0,-0.0033623827219144324,0.002469180708504636,0.6985309866595951,0.7155676475396529,0,0,0,,0.4902811050415039,0.017736613750457764,0.0,False,False,2,False
52.156782142,770,52,206782143,map,9.367244720458984,1.2770801782608032,-3.5908889770507812,0.0009550094837322831,0.0,0.0,0.0,-0.0035604362655670537,0.0019913795197154926,0.6972850870007414,0.7167822996890869,0,0,0,,0.5051097869873047,0.030584514141082764,0.0,False,False,2,False
52.256782144,771,52,256782144,map,9.228423118591309,1.356750726699829,-2.83355712890625,0.0007377624278888106,0.0,0.0,0.0,-0.0036418473362840337,0.0013569056738650489,0.6955087669533139,0.7185070986747817,0,0,0,,0.551398754119873,0.03612864017486572,0.0,False,False,2,False
52.256782144,772,52,306782145,map,9.12844467163086,1.6087555885314941,-2.0808982849121094,0.0003223418607376516,0.0,0.0,0.0,-0.0036411871079623835,0.0006480042314253524,0.6932431776910428,0.7206942614117208,0,0,0,,0.5874247550964355,0.04311633110046387,0.0,False,False,2,False
52.356782145,773,52,356782145,map,9.049821853637695,2.0182032585144043,-1.6954612731933594,-0.00014572139480151236,0.0,0.0,0.0,-0.003662523624792771,-0.0001281788052683501,0.690424567629382,0.7233951105064732,0,0,0,,0.5438036918640137,0.05336558818817139,0.0,False,False,2,False
52.406782146,774,52,406782146,map,9.001632690429688,0.4932236671447754,-0.9989738464355469,0.00023384095402434468,0.0,0.0,0.0,-0.0032735342992678204,-0.0004947286925025851,0.687743221088844,0.7259464863631848,0,0,0,,0.5781300067901611,0.030186712741851807,0.0,False,False,2,False
52.456782147,775,52,456782147,map,8.95034408569336,1.8260502815246582,-1.1634254455566406,-0.00010967254638671875,0.0,0.0,0.0,-0.003054805840911406,-0.0009373939701399262,0.6849928025656481,0.7285428263918863,0,0,0,,0.5624094009399414,0.0474015474319458,0.0,False,False,2,False
52.506782148,776,52,506782148,map,8.937676429748535,0.5915093421936035,-0.3020668029785156,-8.659364539198577e-05,0.0,0.0,0.0,-0.002662072510011172,-0.0011467134463127224,0.6824234884740401,0.7309512848317221,0,0,0,,0.5824539661407471,0.02924501895904541,0.0,False,False,2,False
52.506782148,777,52,556782148,map,8.901581764221191,1.3280165195465088,-0.8395957946777344,-0.00011062620615120977,0.0,0.0,0.0,-0.0023965791850895897,-0.0013651067521342338,0.6799351893275895,0.7332670258547156,0,0,0,,0.5965604782104492,0.037658631801605225,0.0,False,False,2,False
52.556782148,778,52,606782149,map,8.912938117980957,0.8749723434448242,0.14677047729492188,-0.00021991730318404734,0.0,0.0,0.0,-0.002106397041334293,-0.001510858281797178,0.6775752288573388,0.7354489034852668,0,0,0,,0.5943140983581543,0.03020632266998291,0.0,False,False,2,False
52.606782149,779,52,656782150,map,8.888011932373047,1.969285011291504,-0.7002639770507812,-0.00043411250226199627,0.0,0.0,0.0,-0.0021268955232137334,-0.0018355956191063716,0.6748985271303413,0.7379052005382889,0,0,0,,0.6063226461410522,0.048494935035705566,0.0,False,False,2,False
52.706782151,780,52,706782151,map,8.907980918884277,2.4929392337799072,0.11793136596679688,-0.0008363723754882812,0.0,0.0,0.0,-0.0023973526240757236,-0.0023373432106318943,0.6715818726008429,0.7409227880967468,0,0,0,,0.5956016778945923,0.06218653917312622,0.0,False,False,2,False
52.706782151,781,52,756782151,map,8.89071273803711,1.1645722389221191,-0.49289703369140625,-1.9073195289820433e-06,0.0,0.0,0.0,-0.0024002537086705196,-0.0025135987858817183,0.6680991742776142,0.7440641195037212,0,0,0,,0.590758204460144,0.04553794860839844,0.0,False,False,2,False
52.806782152,782,52,806782152,map,8.915399551391602,1.8035030364990234,0.2584075927734375,0.00025882720365189016,0.0,0.0,0.0,-0.0023724335423287524,-0.0026365089614215297,0.6646852194284286,0.7471151045541545,0,0,0,,0.5916166305541992,0.05135113000869751,0.0,False,False,2,False
52.856782153,783,52,856782153,map,8.899972915649414,1.8134188652038574,-0.5714988708496094,0.00010757445124909282,0.0,0.0,0.0,-0.002430529838249617,-0.002764465357690231,0.6610558812843045,0.7503276431502595,0,0,0,,0.6065703630447388,0.05420202016830444,0.0,False,False,2,False
52.906782153,784,52,906782153,map,8.92823600769043,2.006072998046875,0.2625465393066406,-3.070832462981343e-05,0.0,0.0,0.0,-0.002511830635929158,-0.0029114506024920683,0.6573317309700002,0.7535915403069683,0,0,0,,0.5984046459197998,0.05667942762374878,0.0,False,False,2,False
52.906782153,785,52,956782154,map,8.918641090393066,1.0629868507385254,-0.36769866943359375,0.0004909514682367444,0.0,0.0,0.0,-0.0023839515714027394,-0.00283943575871526,0.6537399897824667,0.7567101691788589,0,0,0,,0.6088924407958984,0.04262435436248779,0.0,False,False,2,False
53.006782155,786,53,6782155,map,8.950936317443848,1.7282629013061523,0.3598785400390625,0.0003993987920694053,0.0,0.0,0.0,-0.002292535468508531,-0.002815992222753261,0.6503647583563643,0.7596133855830839,0,0,0,,0.6076271533966064,0.047915101051330566,0.0,False,False,2,False
53.056782156,787,53,56782156,map,8.943463325500488,1.5177345275878906,-0.42530059814453125,-3.6239616747479886e-05,0.0,0.0,0.0,-0.002262693890617423,-0.002809230487263961,0.6469274681349441,0.762543008238183,0,0,0,,0.5952560901641846,0.047000765800476074,0.0,False,False,2,False
53.106782156,788,53,106782156,map,8.976078033447266,1.4840078353881836,0.383758544921875,3.719329470186494e-05,0.0,0.0,0.0,-0.0021896970709697674,-0.002780188738373809,0.6436538585136142,0.7653085562032169,0,0,0,,0.6032005548477173,0.04378741979598999,0.0,False,False,2,False
53.156782157,789,53,156782157,map,8.968119621276855,2.4343228340148926,-0.6491661071777344,-0.0005157470586709678,0.0,0.0,0.0,-0.002418284781300332,-0.0029589996807090875,0.6399320095261013,0.7684220320914098,0,0,0,,0.6168760061264038,0.06256508827209473,0.0,False,False,2,False
53.206782158,790,53,206782158,map,9.003166198730469,1.7043685913085938,0.3553009033203125,-0.00014209747314453125,0.0,0.0,0.0,-0.002507374168715243,-0.0030467545309324044,0.6361037341149643,0.7715934614851302,0,0,0,,0.6063559055328369,0.05196940898895264,0.0,False,False,2,False
53.256782159,791,53,256782159,map,9.000439643859863,1.3625049591064453,-0.35648345947265625,0.0003458022838458419,0.0,0.0,0.0,-0.0024367597420055544,-0.002981168605113855,0.6323754304051891,0.7746524961913952,0,0,0,,0.612695574760437,0.04643893241882324,0.0,False,False,2,False
53.306782159,792,53,306782159,map,9.036056518554688,1.388847827911377,0.4134368896484375,0.00041179655818268657,0.0,0.0,0.0,-0.002278278315476665,-0.0028695659888507137,0.6289753457009704,0.7774166125953944,0,0,0,,0.6030476093292236,0.04177367687225342,0.0,False,False,2,False
53.35678216,793,53,356782160,map,9.033210754394531,1.931009292602539,-0.5179977416992188,-0.000125885009765625,0.0,0.0,0.0,-0.002329004971756408,-0.0028939139110352808,0.6254224989789385,0.7802774498657876,0,0,0,,0.6191198825836182,0.05238419771194458,0.0,False,False,2,False
53.35678216,794,53,406782161,map,9.071575164794922,1.8961334228515625,0.31864166259765625,-0.0003021240117959678,0.0,0.0,0.0,-0.0024025258538281106,-0.002962428887596684,0.6217761345775461,0.7831857317101817,0,0,0,,0.648080587387085,0.051164984703063965,0.0,False,False,2,False
53.456782162,795,53,456782162,map,9.075555801391602,1.8465042114257812,-0.3972625732421875,-0.00019454953144304454,0.0,0.0,0.0,-0.0024889093942943056,-0.0030276416652881143,0.6179379710702106,0.786217083651586,0,0,0,,0.6045842170715332,0.05336648225784302,0.0,False,False,2,False
53.456782162,796,53,506782162,map,9.11125659942627,2.062506675720215,0.18087387084960938,-9.040832082973793e-05,0.0,0.0,0.0,-0.0025831905398151643,-0.0031072433680667372,0.6140084344226305,0.7892891197927138,0,0,0,,0.5860950946807861,0.05528205633163452,0.0,False,False,2,False
53.506782162,797,53,556782163,map,9.110836029052734,1.2328672409057617,-0.3545570373535156,0.0003362655406817794,0.0,0.0,0.0,-0.0025049721415202103,-0.003016272790783206,0.6101923849528015,0.7922435740090508,0,0,0,,0.6105525493621826,0.04421752691268921,0.0,False,False,2,False
53.556782163,798,53,606782164,map,9.143049240112305,2.193026542663574,0.03376007080078125,4.119873119634576e-05,0.0,0.0,0.0,-0.0025641123054073924,-0.0030400481633687214,0.6063749461843284,0.7951689179508982,0,0,0,,0.6106852293014526,0.05520164966583252,0.0,False,False,2,False
53.656782165,799,53,656782165,map,9.142918586730957,1.5318822860717773,-0.4646492004394531,-1.583099401614163e-05,0.0,0.0,0.0,-0.002587538771367196,-0.003015652913545993,0.6024778777437532,0.798125690170411,0,0,0,,0.609015941619873,0.048872292041778564,0.0,False,False,2,False
53.656782165,800,53,706782165,map,9.172822952270508,2.0858383178710938,-0.024814605712890625,-2.498626781743951e-05,0.0,0.0,0.0,-0.0026622638081556455,-0.0030445868215434034,0.5985526864203515,0.8010732328704301,0,0,0,,0.585716724395752,0.05458956956863403,0.0,False,False,2,False
53.706782165,801,53,756782166,map,9.170347213745117,1.2765789031982422,-0.4635429382324219,0.0001415252627339214,0.0,0.0,0.0,-0.002605743901689039,-0.0029532422860495894,0.5947037052179688,0.8039353154693093,0,0,0,,0.6126936674118042,0.04459601640701294,0.0,False,False,2,False
53.756782166,802,53,806782167,map,9.201539039611816,1.9546079635620117,0.008296966552734375,0.00010700226266635582,0.0,0.0,0.0,-0.0026046643123903276,-0.0029288521223167904,0.59094523685823,0.8067021535756775,0,0,0,,0.6370842456817627,0.05045914649963379,0.0,False,False,2,False
53.856782168,803,53,856782168,map,9.202860832214355,2.1103572845458984,-0.6988334655761719,-0.00041332244290970266,0.0,0.0,0.0,-0.0027670881231226237,-0.0030141361719162106,0.5868727369418075,0.8096688513465785,0,0,0,,0.6065369844436646,0.05792266130447388,0.0,False,False,2,False
53.906782168,804,53,906782168,map,9.234007835388184,1.9451141357421875,-0.032596588134765625,-0.00016841886099427938,0.0,0.0,0.0,-0.0028574463289995854,-0.0030663241952214627,0.5827119720229447,0.8126679459148968,0,0,0,,0.6013157367706299,0.05393785238265991,0.0,False,False,2,False
53.956782169,805,53,956782169,map,9.23440933227539,1.811065673828125,-0.6585311889648438,0.00010547635611146688,0.0,0.0,0.0,-0.002917907366068013,-0.0030737939675148933,0.5784630562080251,0.8156975727619394,0,0,0,,0.6127026081085205,0.05453801155090332,0.0,False,False,2,False
54.00678217,806,54,6782170,map,9.264032363891602,1.7383098602294922,-0.02574920654296875,0.00022850035747978836,0.0,0.0,0.0,-0.0028805018640114563,-0.003029583313917963,0.5743529190174397,0.8185971223685691,0,0,0,,0.600965142250061,0.04953289031982422,0.0,False,False,2,False
54.056782171,807,54,56782171,map,9.261977195739746,1.7668771743774414,-0.7337760925292969,0.0001512527378508821,0.0,0.0,0.0,-0.002894650023969506,-0.0029965043323496882,0.5702210151796784,0.8214807580281366,0,0,0,,0.5859618186950684,0.052577972412109375,0.0,False,False,2,False
54.106782171,808,54,106782171,map,9.287168502807617,1.2033796310424805,0.061588287353515625,0.0003765106084756553,0.0,0.0,0.0,-0.002709643133366412,-0.0028392827187617912,0.5664579801763293,0.8240812781530025,0,0,0,,0.6015875339508057,0.039061665534973145,0.0,False,False,2,False
54.156782172,809,54,156782172,map,9.283162117004395,1.8731069564819336,-0.8537673950195312,-1.811982656363398e-05,0.0,0.0,0.0,-0.002727671472976471,-0.0028014692684713385,0.5626570932388707,0.8266811398636468,0,0,0,,0.603726863861084,0.051402390003204346,0.0,False,False,2,False
54.206782173,810,54,206782173,map,9.308687210083008,1.8864202499389648,-0.24173736572265625,-0.0003896713024005294,0.0,0.0,0.0,-0.002801688927019415,-0.0028226726020200796,0.5587537664581617,0.8293240690630872,0,0,0,,0.6296131610870361,0.05041658878326416,0.0,False,False,2,False
54.256782174,811,54,256782174,map,9.310600280761719,2.2648048400878906,-0.9445762634277344,-0.0005464553833007812,0.0,0.0,0.0,-0.003035829545898794,-0.002946415277116419,0.5544439223567075,0.8322103335922311,0,0,0,,0.6384865045547485,0.06156206130981445,0.0,False,False,2,False
54.306782174,812,54,306782174,map,9.34505558013916,1.5494775772094727,0.061187744140625,0.0001699447602732107,0.0,0.0,0.0,-0.0030009606446513887,-0.002932443256706339,0.550227696161017,0.8350041181869075,0,0,0,,0.6383528709411621,0.0465320348739624,0.0,False,False,2,False
54.306782174,813,54,356782175,map,9.35590934753418,1.8699216842651367,-0.6187629699707031,0.0002159118594136089,0.0,0.0,0.0,-0.0029842451884007273,-0.0029303781018832882,0.5460396673252409,0.8377488817492841,0,0,0,,0.6408646106719971,0.05230671167373657,0.0,False,False,2,False
54.406782176,814,54,406782176,map,9.393847465515137,1.9476747512817383,-0.07831573486328125,3.795623342739418e-05,0.0,0.0,0.0,-0.002969366805225469,-0.0029502880835092877,0.5418780182499388,0.8404467216894355,0,0,0,,0.6385946273803711,0.05037921667098999,0.0,False,False,2,False
54.456782177,815,54,456782177,map,9.408827781677246,1.8405818939208984,-0.5560684204101562,-3.0326846172101796e-05,0.0,0.0,0.0,-0.002979742146414172,-0.0029709398123989954,0.5376666511538765,0.843147001945893,0,0,0,,0.636296272277832,0.05152076482772827,0.0,False,False,2,False
54.456782177,816,54,506782177,map,9.445610046386719,2.1358108520507812,-0.23778915405273438,-9.13620024221018e-05,0.0,0.0,0.0,-0.003035330885659326,-0.003022786918580192,0.53338122505431,0.8458641251910514,0,0,0,,0.6190743446350098,0.053873419761657715,0.0,False,False,2,False
54.506782177,817,54,556782178,map,9.4620361328125,0.9778976440429688,-0.12624740600585938,0.0005516051896847785,0.0,0.0,0.0,-0.002794065268385763,-0.002871856063368855,0.5294796251126135,0.8483131923014244,0,0,0,,0.6428718566894531,0.03574538230895996,0.0,False,False,2,False
54.606782179,818,54,606782179,map,9.498373985290527,2.311391830444336,-0.3749656677246094,-7.591246685478836e-05,0.0,0.0,0.0,-0.002808144661378329,-0.002884340958692471,0.5255867603161983,0.8507304815751684,0,0,0,,0.6401388645172119,0.052495479583740234,0.0,False,False,2,False
54.65678218,819,54,656782180,map,9.515292167663574,1.8487262725830078,-0.5967330932617188,-0.0003694533952511847,0.0,0.0,0.0,-0.002908377932012971,-0.002932228829867512,0.5214693426149504,0.8532600237234985,0,0,0,,0.6305465698242188,0.050721168518066406,0.0,False,False,2,False
54.65678218,820,54,706782180,map,9.55010986328125,2.3337650299072266,-0.4770660400390625,-0.00029582978459075093,0.0,0.0,0.0,-0.003088290547313358,-0.0030284916707629074,0.5170909592614962,0.8559195234072658,0,0,0,,0.6359450817108154,0.0574910044670105,0.0,False,False,2,False
54.756782181,821,54,756782181,map,9.569378852844238,1.7900753021240234,-0.5577850341796875,-7.972717867232859e-05,0.0,0.0,0.0,-0.0031609198759212924,-0.003049047695851909,0.5126145088763754,0.8586076386703758,0,0,0,,0.6555161476135254,0.051655352115631104,0.0,False,False,2,False
54.806782182,822,54,806782182,map,9.607461929321289,2.3662853240966797,-0.4767799377441406,-0.00011310577974654734,0.0,0.0,0.0,-0.0032853111300369994,-0.0031135404118269715,0.5079949939945508,0.8613481286177842,0,0,0,,0.6543238162994385,0.05824953317642212,0.0,False,False,2,False
54.856782183,823,54,856782183,map,9.6323823928833,1.7238616943359375,-0.432891845703125,0.0002639770391397178,0.0,0.0,0.0,-0.0032696515209745536,-0.0030956579925119966,0.5034235390404003,0.8640280473575863,0,0,0,,0.6514126062393188,0.04949378967285156,0.0,False,False,2,False
54.906782183,824,54,906782183,map,9.671775817871094,2.2903919219970703,-0.4553413391113281,6.389618647517636e-05,0.0,0.0,0.0,-0.0033157791099015883,-0.0031216022573628413,0.4988338460409955,0.8666856726935027,0,0,0,,0.6499931812286377,0.05563366413116455,0.0,False,False,2,False
54.906782183,825,54,956782184,map,9.697361946105957,1.944570541381836,-0.5946540832519531,8.468628220725805e-05,0.0,0.0,0.0,-0.0033494291520771748,-0.003128849569705093,0.49420336958331174,0.8693342401615308,0,0,0,,0.6403439044952393,0.052657485008239746,0.0,False,False,2,False
54.956782184,826,55,6782185,map,9.736259460449219,2.031431198120117,-0.3579902648925781,0.00013256072998046875,0.0,0.0,0.0,-0.0033361816859151846,-0.0031122838136001907,0.48964336391013646,0.8719108668665553,0,0,0,,0.6614404916763306,0.05095130205154419,0.0,False,False,2,False
55.056782186,827,55,56782186,map,9.765316009521484,2.106342315673828,-0.6637191772460938,-1.4495848517981358e-05,0.0,0.0,0.0,-0.0033782552546251917,-0.0031213190580710566,0.4850397722791856,0.8744799963784925,0,0,0,,0.6674065589904785,0.05382561683654785,0.0,False,False,2,False
55.056782186,828,55,106782186,map,9.806916236877441,2.1898937225341797,-0.4457664489746094,-5.683898780262098e-05,0.0,0.0,0.0,-0.003426276966733548,-0.0031439821980235602,0.48038046011105817,0.8770478832683959,0,0,0,,0.6613790988922119,0.05340921878814697,0.0,False,False,2,False
55.106782186,829,55,156782187,map,9.839177131652832,1.9942378997802734,-0.5649375915527344,-2.937316821771674e-05,0.0,0.0,0.0,-0.003434018333471434,-0.0031399282662793945,0.47573263843540636,0.8795776288059257,0,0,0,,0.650634765625,0.051403164863586426,0.0,False,False,2,False
55.156782187,830,55,206782188,map,9.879014015197754,2.1795082092285156,-0.5332183837890625,7.362366159213707e-05,0.0,0.0,0.0,-0.0034616640708414557,-0.003144482683359413,0.47107630990354943,0.8820800640294337,0,0,0,,0.6597833633422852,0.05286306142807007,0.0,False,False,2,False
55.256782189,831,55,256782189,map,9.916147232055664,2.2664928436279297,-0.6888389587402344,-0.0001951217564055696,0.0,0.0,0.0,-0.0035477729039317695,-0.0031778582035077584,0.466297189782852,0.8846153092306708,0,0,0,,0.7219624519348145,0.05549025535583496,0.0,False,False,2,False
55.306782189,832,55,306782189,map,9.968772888183594,2.5049877166748047,-0.5108261108398438,-0.00014686581562273204,0.0,0.0,0.0,-0.0036607764778428756,-0.0032535100961593633,0.46134913326353,0.8872051570097094,0,0,0,,0.7257070541381836,0.0574800968170166,0.0,False,False,2,False
55.306782189,833,55,356782190,map,10.023472785949707,2.277078628540039,-0.32238006591796875,5.7601901062298566e-05,0.0,0.0,0.0,-0.0036666520563708735,-0.003298271099081871,0.4563963175013539,0.8897629338434243,0,0,0,,0.7170742750167847,0.05265176296234131,0.0,False,False,2,False
55.406782191,834,55,406782191,map,10.08868408203125,2.3174667358398438,-0.1143646240234375,0.00029506682767532766,0.0,0.0,0.0,-0.0035804059568185186,-0.003316378724181763,0.4515978442598576,0.8922082544928576,0,0,0,,0.7494561672210693,0.04936105012893677,0.0,False,False,2,False
55.456782191,835,55,456782191,map,10.158203125,3.124551773071289,-0.6580924987792969,-0.00041179655818268657,0.0,0.0,0.0,-0.0037636627138980376,-0.0034776701063158923,0.4464803562686147,0.8947787615493892,0,0,0,,0.8006402254104614,0.06422507762908936,0.0,False,False,2,False
55.506782192,836,55,506782192,map,10.243721961975098,3.198385238647461,-0.35839080810546875,-0.0007173538324423134,0.0,0.0,0.0,-0.004008683789006979,-0.003692629536848519,0.4409197347273953,0.8975299897325474,0,0,0,,0.809883713722229,0.06512337923049927,0.0,False,False,2,False
55.506782192,837,55,556782193,map,10.338398933410645,3.4291744232177734,-0.3585243225097656,-0.0003562927304301411,0.0,0.0,0.0,-0.004246260999896279,-0.003920053602681432,0.43498429478494044,0.9004194943123571,0,0,0,,0.8299815654754639,0.06845170259475708,0.0,False,False,2,False
55.606782194,838,55,606782194,map,10.450237274169922,2.700643539428711,0.6572246551513672,0.0007808685186319053,0.0,0.0,0.0,-0.0040624903199042404,-0.003975834791232949,0.4293697653757365,0.9031108976705453,0,0,0,,0.861137866973877,0.04788780212402344,0.0,False,False,2,False
55.656782194,839,55,656782194,map,10.570408821105957,3.675527572631836,0.020551681518554688,0.00031509401742368937,0.0,0.0,0.0,-0.004034554822657239,-0.0041183536206696,0.42383148361388934,0.9057227142058917,0,0,0,,0.8811171054840088,0.06096571683883667,0.0,False,False,2,False
55.706782195,840,55,706782195,map,10.702291488647461,3.9754867553710938,0.018768310546875,-0.0004743575700558722,0.0,0.0,0.0,-0.004208167807066611,-0.004356208761845894,0.41795381573994633,0.9084480847452702,0,0,0,,0.8983273506164551,0.06583625078201294,0.0,False,False,2,False
55.706782195,841,55,756782196,map,10.845932960510254,4.052228927612305,0.21198272705078125,-0.0004955291515216231,0.0,0.0,0.0,-0.004374423411375719,-0.004590539391158256,0.41180287939400506,0.9112508874567546,0,0,0,,0.9138894081115723,0.06494128704071045,0.0,False,False,2,False
55.806782197,842,55,806782197,map,11.001039505004883,4.088335037231445,0.4413032531738281,2.0980805857107043e-05,0.0,0.0,0.0,-0.0044393591372117475,-0.004778677902377394,0.4055846074008091,0.9140342348990478,0,0,0,,0.9247146844863892,0.06129080057144165,0.0,False,False,2,False
55.856782197,843,55,856782197,map,10.972538948059082,2.0878982543945312,-2.7762794494628906,0.00013713841326534748,0.0,0.0,0.0,-0.004805068116501478,-0.004663274322447273,0.3990685238744505,0.9168966563608226,0,0,0,,0.9369947910308838,0.07368171215057373,0.0,False,False,0,False
55.906782198,844,55,906782198,map,10.965862274169922,1.8605899810791016,-2.009916305541992,0.0007064818637445569,0.0,0.0,0.0,-0.005095962132450435,-0.00428297029479272,0.3924840046251832,0.9197347408077928,0,0,0,,0.9482547044754028,0.06262844800949097,0.0,False,False,0,False
55.906782198,845,55,956782199,map,11.275436401367188,7.077484130859375,1.6535282135009766,-0.0005462646367959678,0.0,0.0,0.0,-0.005393555871127163,-0.004530730976636352,0.3855118534080216,0.9226759956310743,0,0,0,,0.9470694065093994,0.07715845108032227,0.0,False,False,0,False
56.0067822,846,56,6782200,map,11.623881340026855,7.206935882568359,2.557229995727539,-0.0013761522714048624,0.0,0.0,0.0,-0.005353377779102089,-0.005374029977722878,0.3782866422057679,0.9256574298717848,0,0,0,,0.934862494468689,0.06781148910522461,0.0,False,False,3,False
56.0067822,847,56,56782200,map,11.938261985778809,5.779762268066406,3.032255172729492,0.0006124498322606087,0.0,0.0,0.0,-0.0047523796718866385,-0.005961464714068995,0.3718508239151036,0.9282611920034014,0,0,0,,0.9656240940093994,0.040692031383514404,0.0,False,False,3,False
56.106782201,848,56,106782201,map,12.223651885986328,5.802154541015625,2.1319198608398438,0.001062583876773715,0.0,0.0,0.0,-0.0042172778759103635,-0.006316358583693107,0.366201917497829,0.9305044190128668,0,0,0,,0.9785431623458862,0.04334568977355957,0.0,False,False,3,False
56.156782202,849,56,156782202,map,12.487382888793945,5.7232666015625,1.5373992919921875,0.00021591188851743937,0.0,0.0,0.0,-0.004001232853041055,-0.006525188414075627,0.3608181429892329,0.932604782178184,0,0,0,,0.9787023067474365,0.046745240688323975,0.0,False,False,3,False
56.206782203,850,56,206782203,map,12.729743003845215,6.222743988037109,0.2711296081542969,-0.00089607248082757,0.0,0.0,0.0,-0.004350217229648529,-0.006725638190315442,0.3548771942814882,0.9348786115747255,0,0,0,,0.9794033765792847,0.06707781553268433,0.0,False,False,3,False
56.256782203,851,56,256782203,map,12.960640907287598,6.023960113525391,0.059719085693359375,-0.0011154173407703638,0.0,0.0,0.0,-0.004909726796347624,-0.006855946565175002,0.3481327385410947,0.9374073217845904,0,0,0,,0.9773927927017212,0.06946629285812378,0.0,False,False,3,False
56.306782204,852,56,306782204,map,13.17893123626709,6.220359802246094,-0.6700515747070312,-0.0009645460522733629,0.0,0.0,0.0,-0.005627915886930417,-0.006948316094849253,0.3405027467190469,0.9402010034790435,0,0,0,,0.9773433208465576,0.07990241050720215,0.0,False,False,3,False
56.356782205,853,56,356782205,map,13.386748313903809,6.415386199951172,-1.3799285888671875,-0.0011852264869958162,0.0,0.0,0.0,-0.006523783998094399,-0.0070412957927844,0.3318031833746547,0.9432997974654452,0,0,0,,0.9765887260437012,0.09041839838027954,0.0,False,False,3,False
56.406782206,854,56,406782206,map,13.591912269592285,6.174736022949219,-1.3061714172363281,-0.0004688266199082136,0.0,0.0,0.0,-0.007282564684732074,-0.007063614636149538,0.3223825058752553,0.9465551169929174,0,0,0,,0.9758949279785156,0.08466166257858276,0.0,False,False,3,False
56.456782206,855,56,456782206,map,13.785906791687012,6.576023101806641,-2.3838043212890625,-0.0006732938345521688,0.0,0.0,0.0,-0.008178171418952501,-0.0071076664269078245,0.3121542094836205,0.949969656405857,0,0,0,,0.9739288091659546,0.09878945350646973,0.0,False,False,3,False
56.506782207,856,56,506782207,map,13.976190567016602,6.556758880615234,-2.7001190185546875,-0.0010280607966706157,0.0,0.0,0.0,-0.009113444912705822,-0.007147942017757028,0.30109966194289184,0.9535223361959646,0,0,0,,0.9724953174591064,0.10006856918334961,0.0,False,False,3,False
56.506782207,857,56,556782208,map,14.161362648010254,6.625614166259766,-3.2213306427001953,-0.0007595063652843237,0.0,0.0,0.0,-0.010036519569970143,-0.007170974149923792,0.28935266779784546,0.9571430818027847,0,0,0,,0.9694042205810547,0.10346025228500366,0.0,False,False,3,False
56.606782209,858,56,606782209,map,14.339658737182617,6.750755310058594,-3.949708938598633,-0.000996398739516735,0.0,0.0,0.0,-0.011029721953138113,-0.007192596308071047,0.2768603503385201,0.9608199405728515,0,0,0,,0.9652223587036133,0.11058908700942993,0.0,False,False,3,False
56.656782209,859,56,656782209,map,14.511048316955566,6.836605072021484,-4.698305130004883,-0.0014842982636764646,0.0,0.0,0.0,-0.01212523073953142,-0.00721064051940525,0.2635088927222006,0.964553808192748,0,0,0,,0.9629648923873901,0.11841487884521484,0.0,False,False,3,False
56.70678221,860,56,706782210,map,14.689866065979004,6.397056579589844,-3.998537063598633,0.0010425562504678965,0.0,0.0,0.0,-0.012816770587095716,-0.007125358376297835,0.24999806612092293,0.9681352832096998,0,0,0,,0.9558649063110352,0.09751874208450317,0.0,False,False,3,False
56.756782211,861,56,756782211,map,14.865720748901367,6.286163330078125,-4.233570098876953,0.0029851915314793587,0.0,0.0,0.0,-0.013211710441540129,-0.006977853578554,0.23686935249001112,0.9714266159199096,0,0,0,,0.9539015293121338,0.09065699577331543,0.0,False,False,3,False
56.806782212,862,56,806782212,map,15.045886993408203,5.820045471191406,-3.443174362182617,0.0047636027447879314,0.0,0.0,0.0,-0.013147760787138033,-0.00675468239358221,0.2247757783255736,0.9742983937840493,0,0,0,,0.9418110847473145,0.06677079200744629,0.0,False,False,3,False
56.856782212,863,56,856782212,map,15.22496509552002,5.424861907958984,-2.9184913635253906,0.005570411682128906,0.0,0.0,0.0,-0.012646819063101547,-0.006475553966672699,0.21433923757960477,0.9766559355280668,0,0,0,,0.9238288402557373,0.047304391860961914,0.0,False,False,3,False
56.906782213,864,56,906782213,map,15.38943099975586,5.671253204345703,-4.352226257324219,0.001293182373046875,0.0,0.0,0.0,-0.012507077972218957,-0.00627399793886525,0.20477024505853023,0.978710047301615,0,0,0,,0.9246151447296143,0.06541746854782104,0.0,False,False,3,False
56.956782214,865,56,956782214,map,15.550920486450195,5.4503631591796875,-4.31736946105957,-0.0018329621525481343,0.0,0.0,0.0,-0.012576281712201121,-0.006106996182488271,0.19544421689388616,0.9806151639754801,0,0,0,,0.9180753231048584,0.06484824419021606,0.0,False,False,3,False
56.956782214,866,57,6782215,map,15.708959579467773,5.264339447021484,-4.363555908203125,-0.0013441084884107113,0.0,0.0,0.0,-0.012640526440865357,-0.005934553194253112,0.18625497544853986,0.9824021998602946,0,0,0,,0.915132999420166,0.06472480297088623,0.0,False,False,3,False
57.006782215,867,57,56782215,map,15.863879203796387,5.107021331787109,-4.450855255126953,-0.0007949828868731856,0.0,0.0,0.0,-0.01267989203849034,-0.0057558082656049715,0.17711246927265087,0.9840921015013007,0,0,0,,0.9167037010192871,0.06507724523544312,0.0,False,False,3,False
57.056782215,868,57,106782216,map,16.0096378326416,5.155963897705078,-5.451765060424805,-0.0021085739135742188,0.0,0.0,0.0,-0.013008327446682158,-0.005608292152538734,0.1674670002202955,0.9857759047133314,0,0,0,,0.9219038486480713,0.08202189207077026,0.0,False,False,3,False
57.106782216,869,57,156782217,map,15.976941108703613,1.4971351623535156,-6.236677169799805,-0.00112495431676507,0.0,0.0,0.0,-0.013347852209693855,-0.005094067660604102,0.1573212016005895,0.987444137580959,0,0,0,,0.9232679605484009,0.07753634452819824,0.0,False,False,0,False
57.156782217,870,57,206782218,map,15.944793701171875,1.3875389099121094,-6.277017593383789,0.0007230759365484118,0.0,0.0,0.0,-0.013612193072505165,-0.004346490446358323,0.14687186156247525,0.9890523102959364,0,0,0,,0.929448127746582,0.07609087228775024,0.0,False,False,0,False
57.256782218,871,57,256782218,map,16.162202835083008,5.939521789550781,-4.523658752441406,0.001120567205362022,0.0,0.0,0.0,-0.013618831825231437,-0.004053794706148431,0.13647746985965875,0.9905412633448959,0,0,0,,0.9254870414733887,0.06549888849258423,0.0,False,False,0,False
57.306782219,872,57,306782219,map,16.40210723876953,6.563987731933594,-5.520153045654297,-0.0014345168601721525,0.0,0.0,0.0,-0.01381310337829724,-0.0043735508936601115,0.1259325174207116,0.9919329973761952,0,0,0,,0.9325239658355713,0.0811660885810852,0.0,False,False,4,False
57.35678222,873,57,356782220,map,16.613666534423828,5.863628387451172,-5.682153701782227,-0.0022916793823242188,0.0,0.0,0.0,-0.01410878210420982,-0.004723541511390129,0.11511550993922331,0.99324068069857,0,0,0,,0.9373531341552734,0.07971346378326416,0.0,False,False,4,False
57.406782221,874,57,406782221,map,16.802753448486328,5.316505432128906,-5.955600738525391,-0.0010009764228016138,0.0,0.0,0.0,-0.014396391929458735,-0.004916206880658846,0.10412622488548524,0.9944477382449102,0,0,0,,0.9429466724395752,0.07927215099334717,0.0,False,False,4,False
57.456782221,875,57,456782221,map,16.973337173461914,4.8834228515625,-6.4070940017700195,-0.00047569279558956623,0.0,0.0,0.0,-0.014742001743205658,-0.00493881715593649,0.09289130146149602,0.9955548641749951,0,0,0,,0.9469059705734253,0.08227282762527466,0.0,False,False,4,False
57.506782222,876,57,506782222,map,17.129846572875977,4.519309997558594,-6.843080520629883,-0.0005014421185478568,0.0,0.0,0.0,-0.015176391167073509,-0.004827910594677491,0.08128684488458622,0.9965635038868035,0,0,0,,0.9521427154541016,0.08568590879440308,0.0,False,False,4,False
57.556782223,877,57,556782223,map,17.27055549621582,4.175567626953125,-7.750349044799805,-0.0015897746197879314,0.0,0.0,0.0,-0.0158496279667984,-0.004623756499639521,0.0689734507220653,0.9974818661332331,0,0,0,,0.9480352401733398,0.09825986623764038,0.0,False,False,4,False
57.606782224,878,57,606782224,map,17.405920028686523,3.8756561279296875,-7.820944786071777,-0.0013662339188158512,0.0,0.0,0.0,-0.016534790611659776,-0.004353346010608873,0.05598343485581303,0.9982852819207971,0,0,0,,0.9483804702758789,0.09573096036911011,0.0,False,False,4,False
57.656782224,879,57,656782224,map,17.5339412689209,3.572235107421875,-8.20343017578125,-0.0004199979593977332,0.0,0.0,0.0,-0.017185827905260978,-0.004043694718316375,0.04249116285056099,0.9989408375533773,0,0,0,,0.9435847997665405,0.09697186946868896,0.0,False,False,4,False
57.706782225,880,57,706782225,map,17.657411575317383,3.2877349853515625,-8.388524055480957,0.0002916331868618727,0.0,0.0,0.0,-0.01777204875390528,-0.003713700960423415,0.028675481462613953,0.9994238737748626,0,0,0,,0.9412364959716797,0.09424203634262085,0.0,False,False,4,False
57.706782225,881,57,756782226,map,17.779739379882812,3.0475997924804688,-8.291208267211914,0.0015739444643259048,0.0,0.0,0.0,-0.01818447212847052,-0.0033835446486385795,0.014893537864617858,0.9997179897995707,0,0,0,,0.9390373229980469,0.08565640449523926,0.0,False,False,4,False
57.806782227,882,57,806782227,map,17.901023864746094,2.822113037109375,-8.200138092041016,0.0025863642804324627,0.0,0.0,0.0,-0.018402665168266875,-0.0030700059154585646,0.0015075441358096487,0.9998248067982021,0,0,0,,0.9391312599182129,0.07696139812469482,0.0,False,False,4,False
57.806782227,883,57,856782227,map,18.020418167114258,2.5914764404296875,-8.157208442687988,0.0027690886054188013,0.0,0.0,0.0,-0.018479194834751453,-0.0027810786489975673,-0.011263607464521968,0.9997619297146157,0,0,0,,0.925372838973999,0.07009875774383545,0.0,False,False,4,False
57.906782228,884,57,906782228,map,18.142087936401367,2.4556732177734375,-7.570809364318848,0.003591919085010886,0.0,0.0,0.0,-0.018280124008626653,-0.0025322591516826944,-0.023042742371219716,0.9995641333870635,0,0,0,,0.9256384372711182,0.05477064847946167,0.0,False,False,4,False
57.906782228,885,57,956782229,map,18.267549514770508,2.3970413208007812,-6.731285095214844,0.00515403738245368,0.0,0.0,0.0,-0.01768231298861744,-0.0023467896277456265,-0.03329135283686269,0.9992865025667601,0,0,0,,0.9291989803314209,0.03597348928451538,0.0,False,False,4,False
58.006782229,886,58,6782229,map,18.397361755371094,2.4074554443359375,-5.671608924865723,0.0061563486233353615,0.0,0.0,0.0,-0.016636104073499792,-0.0022432183636417625,-0.04147306937432512,0.9989985948585219,0,0,0,,0.9330184459686279,0.015503466129302979,0.0,False,False,4,False
58.05678223,887,58,56782230,map,18.533273696899414,2.5507736206054688,-3.701406717300415,0.007352066226303577,0.0,0.0,0.0,-0.014894778710669757,-0.002247759335886239,-0.04674029875090578,0.9987934909768906,0,0,0,,0.9378827810287476,-0.01657724380493164,0.0,False,False,4,False
58.05678223,888,58,106782231,map,18.6706600189209,2.6745223999023438,-1.4630770683288574,0.007242392748594284,0.0,0.0,0.0,-0.012360422124601882,-0.0023623924816037,-0.04818125223776898,0.9987593333728927,0,0,0,,0.9460239410400391,-0.051002442836761475,0.0,False,False,4,False
58.156782232,889,58,156782232,map,18.805036544799805,2.7335357666015625,0.7941365242004395,0.0037975306622684,0.0,0.0,0.0,-0.009133434827939978,-0.0025522452687598454,-0.045211033673206426,0.998932444585985,0,0,0,,0.9525048732757568,-0.08156824111938477,0.0,False,False,4,False
58.206782232,890,58,206782232,map,18.938926696777344,2.77679443359375,1.9479894638061523,-0.00294914236292243,0.0,0.0,0.0,-0.00575588259389869,-0.002754247160881724,-0.038335958495496904,0.9992445337475575,0,0,0,,0.9503324031829834,-0.08963808417320251,0.0,False,False,4,False
58.256782233,891,58,256782233,map,19.071205139160156,2.7806472778320312,3.1550705432891846,-0.008356094360351562,0.0,0.0,0.0,-0.0024914495689874736,-0.0029178227465533634,-0.0286166842093824,0.9995830952823909,0,0,0,,0.9412209987640381,-0.09155845642089844,0.0,False,False,4,False
58.306782234,892,58,306782234,map,19.202707290649414,2.7556991577148438,3.802673816680908,-0.010403060354292393,0.0,0.0,0.0,0.000439971686977792,-0.003014162889667064,-0.017307840320697408,0.9998455680305947,0,0,0,,0.9289553165435791,-0.08139771223068237,0.0,False,False,4,False
58.306782234,893,58,356782235,map,19.33528709411621,2.7350997924804688,3.633214235305786,-0.009438514709472656,0.0,0.0,0.0,0.002715456815234022,-0.003040591944217502,-0.005919141308002744,0.9999741720970042,0,0,0,,0.9214372634887695,-0.056951284408569336,0.0,False,False,4,False
58.356782235,894,58,406782235,map,19.467132568359375,2.6824188232421875,3.305013418197632,-0.005855178460478783,0.0,0.0,0.0,0.004242165512440475,-0.0030160100524026017,0.004194991358344841,0.9999776546316584,0,0,0,,0.9129592180252075,-0.03123176097869873,0.0,False,False,4,False
58.456782236,895,58,456782236,map,19.595630645751953,2.5869369506835938,3.2811880111694336,-0.0023031234741210938,0.0,0.0,0.0,0.0052284620259298335,-0.0029606574379724138,0.01234374082754324,0.9999057604368325,0,0,0,,0.903887152671814,-0.01460382342338562,0.0,False,False,4,False
58.506782237,896,58,506782237,map,19.72240447998047,2.5333023071289062,1.743680477142334,0.0012308120494708419,0.0,0.0,0.0,0.005366979799545135,-0.0029025546674431193,0.01760673504024824,0.9998263717193383,0,0,0,,0.8861408233642578,0.01923370361328125,0.0,False,False,4,False
58.556782238,897,58,556782238,map,19.843727111816406,2.41943359375,1.3606880903244019,0.003010368440300226,0.0,0.0,0.0,0.00496722196389094,-0.0028502573161966025,0.0197202657011418,0.9997891346978469,0,0,0,,0.8679622411727905,0.03137856721878052,0.0,False,False,4,False
58.606782238,898,58,606782238,map,19.95885467529297,2.2994613647460938,0.4264181852340698,0.0029184340965002775,0.0,0.0,0.0,0.004162496095063535,-0.0028021697728140677,0.018917846752571427,0.9998084499268193,0,0,0,,0.8480480909347534,0.044118285179138184,0.0,False,False,4,False
58.606782238,899,58,656782239,map,20.065876007080078,2.1474456787109375,-1.06105375289917,0.002486801240593195,0.0,0.0,0.0,0.0028246892630954105,-0.002752578639584958,0.01525366377787028,0.9998758773881643,0,0,0,,0.8392891883850098,0.06060689687728882,0.0,False,False,4,False
58.70678224,900,58,706782240,map,20.168920516967773,2.0650100708007812,-1.0551159381866455,0.0007799146696925163,0.0,0.0,0.0,0.0014608089096153707,-0.0026937787186752087,0.009628354261420414,0.9999489508908748,0,0,0,,0.8314290046691895,0.05001145601272583,0.0,False,False,4,False
58.70678224,901,58,756782241,map,20.267637252807617,1.9756698608398438,-1.0602000951766968,-0.0005977629916742444,0.0,0.0,0.0,0.0003622598899956655,-0.002623057452677922,0.0033897809322223603,0.9999907488185097,0,0,0,,0.8187174797058105,0.034903109073638916,0.0,False,False,4,False
58.806782241,902,58,806782241,map,20.356962203979492,1.7769241333007812,-2.770108222961426,-0.0010950088035315275,0.0,0.0,0.0,-0.001014294658551882,-0.0025325184115936217,-0.0033260194774751522,0.999990747532834,0,0,0,,0.8043698072433472,0.04660987854003906,0.0,False,False,4,False
58.856782242,903,58,856782242,map,20.444080352783203,1.725311279296875,-1.8752315044403076,-0.0013654708163812757,0.0,0.0,0.0,-0.0020746756250381803,-0.0024315577918040186,-0.00974526190690536,0.999947405175953,0,0,0,,0.8000520467758179,0.02166503667831421,0.0,False,False,4,False
58.856782242,904,58,906782243,map,20.525907516479492,1.6057586669921875,-2.198431968688965,-0.0008623122703284025,0.0,0.0,0.0,-0.0028485292730657547,-0.0023263990410304714,-0.015215021584462078,0.9998774809278719,0,0,0,,0.796869158744812,0.01477891206741333,0.0,False,False,4,False
58.956782244,905,58,956782244,map,20.604490280151367,1.5446090698242188,-1.4776957035064697,-5.245201464276761e-05,0.0,0.0,0.0,-0.0031955163579918287,-0.0022287725333947554,-0.019220672351980737,0.9998076750068174,0,0,0,,0.7852129936218262,-0.0037673115730285645,0.0,False,False,4,False
59.006782244,906,59,6782244,map,20.67856216430664,1.472930908203125,-0.4260528087615967,0.0008382796659134328,0.0,0.0,0.0,-0.0029420488373549116,-0.0021474000214215853,-0.021064226411518703,0.9997714895852307,0,0,0,,0.77707839012146,-0.025004088878631592,0.0,False,False,4,False
59.006782244,907,59,56782245,map,20.748472213745117,1.3901519775390625,-0.38590848445892334,0.000988769461400807,0.0,0.0,0.0,-0.0024627783839176113,-0.0020777171699823556,-0.020846224099013932,0.99977750162464,0,0,0,,0.7696273326873779,-0.027347952127456665,0.0,False,False,4,False
59.106782246,908,59,106782246,map,20.814016342163086,1.3235092163085938,0.5776649713516235,0.0006824493175372481,0.0,0.0,0.0,-0.001703117371601959,-0.002018122554799832,-0.018740661536007636,0.9998208910488744,0,0,0,,0.7688404321670532,-0.03818809986114502,0.0,False,False,4,False
59.156782247,909,59,156782247,map,20.875953674316406,1.2602996826171875,1.106289029121399,0.0002132415829692036,0.0,0.0,0.0,-0.0007443819548567245,-0.001964635712123372,-0.015020454908215472,0.9998849794033183,0,0,0,,0.7571079730987549,-0.04011860489845276,0.0,False,False,4,False
59.206782247,910,59,206782247,map,20.935287475585938,1.2060546875,1.1660504341125488,-0.00041446677641943097,0.0,0.0,0.0,0.00014985277147099558,-0.0019109782816222442,-0.010412318213212876,0.9999439530971628,0,0,0,,0.7578122615814209,-0.03203532099723816,0.0,False,False,4,False
59.256782248,911,59,256782248,map,20.991483688354492,1.143951416015625,1.5060195922851562,-0.000598907470703125,0.0,0.0,0.0,0.0009692013518399458,-0.0018555830657562176,-0.0055375864083731996,0.9999824761449551,0,0,0,,0.7457807064056396,-0.02679300308227539,0.0,False,False,4,False
59.306782249,912,59,306782249,map,21.045001983642578,1.084136962890625,1.4066869020462036,-0.0005754470475949347,0.0,0.0,0.0,0.0016122030950748688,-0.0017976949063680952,-0.0009716298583067645,0.9999966125090737,0,0,0,,0.7456291913986206,-0.015813469886779785,0.0,False,False,4,False
59.306782249,913,59,356782250,map,21.09602165222168,1.0296249389648438,1.458296775817871,-0.0004131317255087197,0.0,0.0,0.0,0.0020893551846972633,-0.0017399194786384196,0.0028859634470156984,0.9999921392141554,0,0,0,,0.7435073852539062,-0.008415579795837402,0.0,False,False,4,False
59.40678225,914,59,406782250,map,21.14432144165039,0.9669113159179688,0.20628094673156738,0.00022335050744004548,0.0,0.0,0.0,0.002025021839528079,-0.0016858589743218154,0.005221842603819186,0.9999828946166476,0,0,0,,0.7211068868637085,0.0161740779876709,0.0,False,False,4,False
59.456782251,915,59,456782251,map,21.18874168395996,0.8908462524414062,0.7697906494140625,0.0003597259637899697,0.0,0.0,0.0,0.0018879419875142056,-0.0016331261300189762,0.006100604769588617,0.9999782753617903,0,0,0,,0.7203879356384277,0.012048900127410889,0.0,False,False,4,False
59.506782252,916,59,506782252,map,21.229801177978516,0.8211898803710938,-0.0021291524171829224,0.00036869049654342234,0.0,0.0,0.0,0.0015695456160230254,-0.0015817519487190345,0.005660323724390713,0.9999814974901621,0,0,0,,0.7132619619369507,0.0222930908203125,0.0,False,False,4,False
59.556782253,917,59,556782253,map,21.267589569091797,0.7532119750976562,-0.7918922901153564,0.00028991696308366954,0.0,0.0,0.0,0.0009228514597971393,-0.001531433295865805,0.003745530569497274,0.9999913869919062,0,0,0,,0.7192237377166748,0.0317113995552063,0.0,False,False,4,False
59.606782253,918,59,606782253,map,21.304187774658203,0.7274246215820312,-0.8875313401222229,-2.498629328329116e-05,0.0,0.0,0.0,0.0002059485248043291,-0.001484547178787921,0.0007025788902726372,0.9999986300429526,0,0,0,,0.7192935943603516,0.02854079008102417,0.0,False,False,4,False
59.656782254,919,59,656782254,map,21.339204788208008,0.6911849975585938,-1.2045669555664062,-0.0003221511433366686,0.0,0.0,0.0,-0.0005009839651332824,-0.0014405840959827256,-0.002987504090483252,0.9999943742600947,0,0,0,,0.7116208076477051,0.026204824447631836,0.0,False,False,4,False
59.656782254,920,59,706782255,map,21.373065948486328,0.6673049926757812,-0.981563925743103,-0.0002616882266011089,0.0,0.0,0.0,-0.0010283235354876965,-0.001399572136454188,-0.00670085568447392,0.9999760408537982,0,0,0,,0.7100603580474854,0.015225410461425781,0.0,False,False,4,False
59.706782255,921,59,756782256,map,21.405567169189453,0.638275146484375,-0.9526523947715759,-0.00022830962552689016,0.0,0.0,0.0,-0.0013741807802991062,-0.0013618137752300782,-0.009919437248007716,0.999948929623462,0,0,0,,0.7101078033447266,0.007198989391326904,0.0,False,False,4,False
59.806782256,922,59,806782256,map,21.437124252319336,0.6204986572265625,-0.7451581954956055,-6.027222116244957e-05,0.0,0.0,0.0,-0.0015371264663879918,-0.0013289713139620707,-0.012302538591998207,0.9999222562887905,0,0,0,,0.7110315561294556,-0.0016243457794189453,0.0,False,False,4,False
59.856782257,923,59,856782257,map,21.467700958251953,0.606689453125,-0.3161352872848511,0.0001224517764057964,0.0,0.0,0.0,-0.0014598853814859214,-0.0013033303970457284,-0.013545374972134289,0.9999063420548012,0,0,0,,0.7064254283905029,-0.011704206466674805,0.0,False,False,4,False
59.906782258,924,59,906782258,map,21.49709701538086,0.5904006958007812,0.15356838703155518,0.0002656936412677169,0.0,0.0,0.0,-0.0011377755559395476,-0.0012840641762174524,-0.013460120200049747,0.9999079366672593,0,0,0,,0.7084736824035645,-0.02024403214454651,0.0,False,False,4,False
59.906782258,925,59,956782259,map,21.525768280029297,0.575714111328125,0.1437908411026001,0.00013866423978470266,0.0,0.0,0.0,-0.0007711879747701013,-0.0012687800613793972,-0.012289733035474993,0.9999233760284737,0,0,0,,0.7020583152770996,-0.018936902284622192,0.0,False,False,4,False
60.006782259,926,60,6782259,map,21.55291748046875,0.5519485473632812,0.6153315305709839,-1.3351382222026587e-06,0.0,0.0,0.0,-0.0003119692933275023,-0.0012548791854028664,-0.010264392039807054,0.9999464836727229,0,0,0,,0.698309063911438,-0.022040903568267822,0.0,False,False,4,False
60.05678226,927,60,56782260,map,21.578655242919922,0.525360107421875,0.8252555131912231,-6.599424523301423e-05,0.0,0.0,0.0,0.00020127320342804055,-0.0012396790125680972,-0.007629421051274942,0.999970106862933,0,0,0,,0.6942791938781738,-0.020403116941452026,0.0,False,False,4,False
60.106782261,928,60,106782261,map,21.603397369384766,0.5008697509765625,0.5388548970222473,-0.00021610260591842234,0.0,0.0,0.0,0.0005555205586131259,-0.001221619021771828,-0.004948176045666597,0.9999868572124814,0,0,0,,0.692523717880249,-0.010400444269180298,0.0,False,False,4,False
60.156782262,929,60,156782262,map,21.626651763916016,0.4727935791015625,0.7954698801040649,-0.0001356124848825857,0.0,0.0,0.0,0.0008545821703134243,-0.00120158348745049,-0.00252210171626609,0.9999957324355788,0,0,0,,0.689910888671875,-0.00823754072189331,0.0,False,False,4,False
60.156782262,930,60,206782262,map,21.64900779724121,0.45024871826171875,0.378648042678833,-1.0871890481212176e-05,0.0,0.0,0.0,0.0009735508152278878,-0.0011804339285270025,-0.0006971787488431242,0.9999985863571722,0,0,0,,0.6914150714874268,0.002222120761871338,0.0,False,False,4,False
60.256782263,931,60,256782263,map,21.670690536499023,0.4341888427734375,0.06622940301895142,0.00011157989501953125,0.0,0.0,0.0,0.0008765158898458919,-0.0011605739538843134,0.00019063402071099606,0.9999989242227527,0,0,0,,0.6944538354873657,0.01033109426498413,0.0,False,False,4,False
60.306782264,932,60,306782264,map,21.69219970703125,0.4312896728515625,0.14246314764022827,6.141663470771164e-05,0.0,0.0,0.0,0.000737333801777841,-0.0011444216224361025,0.00022561420254738922,0.9999990478676699,0,0,0,,0.694970965385437,0.010535061359405518,0.0,False,False,4,False
60.356782265,933,60,356782265,map,21.713272094726562,0.42026519775390625,-0.15626609325408936,2.841949026333168e-05,0.0,0.0,0.0,0.0005253720473122974,-0.0011314242138624013,-0.00047067666357980146,0.9999991111630743,0,0,0,,0.6901992559432983,0.013779938220977783,0.0,False,False,4,False
60.356782265,934,60,406782265,map,21.733808517456055,0.4094696044921875,-0.16126811504364014,6.599425250897184e-05,0.0,0.0,0.0,0.0003015691776598838,-0.0011202998194928464,-0.0016779738195864826,0.9999979191919384,0,0,0,,0.6902173757553101,0.011515974998474121,0.0,False,False,4,False
60.456782266,935,60,456782266,map,21.75384521484375,0.39798736572265625,-0.32878339290618896,-1.2207019608467817e-05,0.0,0.0,0.0,6.283186442135959e-05,-0.0011099233837816235,-0.0031647953300821753,0.9999943740805534,0,0,0,,0.6897484064102173,0.01050180196762085,0.0,False,False,4,False
60.456782266,936,60,506782267,map,21.77333641052246,0.38425445556640625,-0.58907151222229,-6.408691842807457e-05,0.0,0.0,0.0,-0.0002372816006100416,-0.0010992856877099007,-0.0048376079737271985,0.9999876663326961,0,0,0,,0.6892755031585693,0.010872066020965576,0.0,False,False,4,False
60.556782267,937,60,556782267,map,21.792123794555664,0.36540985107421875,-0.9263190627098083,-0.0001300811709370464,0.0,0.0,0.0,-0.0006323583723669485,-0.0010874975433370385,-0.006713973027418541,0.9999766697469343,0,0,0,,0.6877835988998413,0.012847661972045898,0.0,False,False,4,False
60.606782268,938,60,606782268,map,21.810922622680664,0.3711700439453125,-0.3814065456390381,-8.831024751998484e-05,0.0,0.0,0.0,-0.0008301184052522674,-0.0010772219918478495,-0.008390242278177425,0.9999638765129104,0,0,0,,0.6883130073547363,0.0018904805183410645,0.0,False,False,4,False
60.656782269,939,60,656782269,map,21.829368591308594,0.3604888916015625,-0.6134378910064697,4.386902219266631e-06,0.0,0.0,0.0,-0.0009571549183862144,-0.001068242671953478,-0.009696358283714323,0.9999519605201491,0,0,0,,0.6898468732833862,0.0019773244857788086,0.0,False,False,4,False
60.70678227,940,60,706782270,map,21.847673416137695,0.363616943359375,-0.16972482204437256,8.392333984375e-05,0.0,0.0,0.0,-0.0009232759046901189,-0.0010618645332216906,-0.010448333880161071,0.9999444246179114,0,0,0,,0.6869958639144897,-0.00616040825843811,0.0,False,False,4,False
60.75678227,941,60,756782270,map,21.865476608276367,0.35594940185546875,-0.010852217674255371,5.397796485340223e-05,0.0,0.0,0.0,-0.000755508168044746,-0.001057491303045695,-0.010510190988980815,0.9999439218300828,0,0,0,,0.6854270696640015,-0.009596943855285645,0.0,False,False,4,False
60.75678227,942,60,806782271,map,21.88175392150879,0.333099365234375,0.5258029699325562,0.00013046263484284282,0.0,0.0,0.0,-0.00039563631081780345,-0.0010532847702717275,-0.009739800768118865,0.9999519340168804,0,0,0,,0.6704037189483643,-0.017179161310195923,0.0,False,False,4,False
60.856782272,943,60,856782272,map,21.89608383178711,0.29262542724609375,0.456540584564209,-2.1743771867477335e-05,0.0,0.0,0.0,-2.3583513088079078e-05,-0.0010439344798125242,-0.00830417774829045,0.9999649745248804,0,0,0,,0.6659890413284302,-0.01463991403579712,0.0,False,False,4,False
60.856782272,944,60,906782273,map,21.908565521240234,0.256500244140625,0.5697694420814514,-7.324218313442543e-05,0.0,0.0,0.0,0.00030691791174106164,-0.001028410311935586,-0.0065058730215346245,0.9999782606586273,0,0,0,,0.6659972667694092,-0.012926429510116577,0.0,False,False,4,False
60.956782273,945,60,956782273,map,21.919986724853516,0.2327728271484375,0.40055662393569946,-2.822876012942288e-05,0.0,0.0,0.0,0.0005205665342333511,-0.00100882775359495,-0.00470994516025257,0.9999882637779478,0,0,0,,0.6685984134674072,-0.006556153297424316,0.0,False,False,4,False
61.006782274,946,61,6782274,map,21.93070411682129,0.21636962890625,0.19680500030517578,-1.2779237295035273e-05,0.0,0.0,0.0,0.0005792002666428021,-0.0009886103104808374,-0.003297065710603672,0.9999939082486479,0,0,0,,0.6683681011199951,0.00041741132736206055,0.0,False,False,4,False
61.056782275,947,61,56782275,map,21.940759658813477,0.204925537109375,0.39868593215942383,1.2969971976417582e-05,0.0,0.0,0.0,0.0006336260442996126,-0.0009700413804173899,-0.0023094290689416423,0.9999966620319949,0,0,0,,0.6674983501434326,0.0004252791404724121,0.0,False,False,4,False
61.106782276,948,61,106782276,map,21.948759078979492,0.1590728759765625,-0.09829819202423096,4.6539309551008046e-05,0.0,0.0,0.0,0.000535740889353188,-0.000951076333988516,-0.0019341138962150877,0.9999975338164304,0,0,0,,0.6372864246368408,0.009042143821716309,0.0,False,False,4,False
61.156782276,949,61,156782276,map,21.95013999938965,0.034637451171875,0.8423051238059998,-5.474090721691027e-05,0.0,0.0,0.0,0.0006731896064379185,-0.0009211489592907273,-0.001708120599335864,0.999997890309958,0,0,0,,0.5795233249664307,-0.004433661699295044,0.0,False,False,4,False
61.156782276,950,61,206782277,map,21.941740036010742,-0.1732635498046875,-0.6470906734466553,3.0517576306010596e-05,0.0,0.0,0.0,0.0004550814533288286,-0.000864533467343468,-0.002021770868951165,0.9999974789594762,0,0,0,,0.5562278032302856,0.015986979007720947,0.0,False,False,4,False
61.256782278,951,61,256782278,map,21.922218322753906,-0.4056549072265625,-1.4520695209503174,0.00012416837853379548,0.0,0.0,0.0,-0.00023687758308450676,-0.0007758629058994538,-0.0035887923882836304,0.9999932312245696,0,0,0,,0.5232980251312256,0.029219627380371094,0.0,False,False,4,False
61.256782278,952,61,306782279,map,21.8900089263916,-0.6647491455078125,-1.4795863628387451,-0.00016937253531068563,0.0,0.0,0.0,-0.0010030902622832597,-0.0006539952119341683,-0.006298807366821102,0.9999794453517253,0,0,0,,0.45130324363708496,0.028562963008880615,0.0,False,False,4,False
61.356782279,953,61,356782279,map,21.835634231567383,-1.1212539672851562,-1.8955737352371216,-0.00035820004995912313,0.0,0.0,0.0,-0.0017785354168787652,-0.00048346046000021116,-0.009896093157859118,0.9999493339254573,0,0,0,,0.22800910472869873,0.03119492530822754,0.0,False,False,4,False
61.356782279,954,61,406782280,map,21.74601173400879,-1.8411636352539062,-2.150578022003174,-0.00044956206693314016,0.0,0.0,0.0,-0.002541681113215244,-0.00022411227023893182,-0.014150450800634843,0.9998966218429524,0,0,0,,0.14526748657226562,0.030773699283599854,0.0,False,False,4,False
61.40678228,955,61,456782281,map,21.624309539794922,-2.4692916870117188,-1.2960970401763916,-5.569454515352845e-05,0.0,0.0,0.0,-0.0029101977209935567,0.00011965952737194905,-0.018232693747361774,0.9998295281244385,0,0,0,,0.06269466876983643,0.011760354042053223,0.0,False,False,4,False
61.506782282,956,61,506782282,map,21.474882125854492,-2.9798126220703125,0.35518646240234375,0.000983238103799522,0.0,0.0,0.0,-0.002487744888090834,0.0005097853857498464,-0.02072280523681818,0.9997820345392037,0,0,0,,0.04453396797180176,-0.021582305431365967,0.0,False,False,4,False
61.556782282,957,61,556782282,map,21.304302215576172,-3.3773040771484375,1.3652682304382324,0.0012222288642078638,0.0,0.0,0.0,-0.0014590900550028928,0.0009067772609897785,-0.020667679317122465,0.9997849247927552,0,0,0,,0.03957867622375488,-0.045062482357025146,0.0,False,False,4,False
61.606782283,958,61,606782283,map,21.11345863342285,-3.7419891357421875,3.7552523612976074,0.0002452850458212197,0.0,0.0,0.0,0.0003795129975842162,0.0012869521005918491,-0.01706661728015803,0.9998534544115892,0,0,0,,0.03588557243347168,-0.09234488010406494,0.0,False,False,4,False
61.656782284,959,61,656782284,map,20.91104507446289,-4.001655578613281,4.416049003601074,-0.0018871306674554944,0.0,0.0,0.0,0.002575895901416727,0.0016513115427468554,-0.009717924573842412,0.9999480985893574,0,0,0,,0.05305314064025879,-0.10034388303756714,0.0,False,False,4,False
61.706782285,960,61,706782285,map,20.707067489624023,-4.078712463378906,4.3329010009765625,-0.0029829025734215975,0.0,0.0,0.0,0.004462052047220801,0.0019861255359967713,0.00011151305802912445,0.9999880664096553,0,0,0,,0.08273434638977051,-0.087922602891922,0.0,False,False,4,False
61.756782285,961,61,756782285,map,20.509220123291016,-3.9824676513671875,2.942221164703369,-0.0012199400225654244,0.0,0.0,0.0,0.005458352736694887,0.0022593089870602285,0.010301453017729344,0.9999294885010772,0,0,0,,0.09595334529876709,-0.04624113440513611,0.0,False,False,4,False
61.806782286,962,61,806782286,map,20.314294815063477,-3.9178848266601562,1.3615179061889648,0.0019355772528797388,0.0,0.0,0.0,0.005399700481610789,0.002446571773701345,0.018588810651118805,0.9998096387012089,0,0,0,,0.05454838275909424,-0.00015914440155029297,0.0,False,False,4,False
61.806782286,963,61,856782287,map,20.114803314208984,-4.0045166015625,0.838431715965271,0.0030031204223632812,0.0,0.0,0.0,0.004786397339838239,0.002566457242989955,0.023826402724461744,0.9997013585221023,0,0,0,,0.0,0.025498151779174805,0.00565415620803833,False,False,4,False
61.856782287,964,61,906782288,map,19.911230087280273,-4.0807342529296875,0.4593789577484131,0.0019960403442382812,0.0,0.0,0.0,0.004005565462906234,0.002647601728914188,0.025879841275881228,0.9996535297121412,0,0,0,,0.006649971008300781,0.04076260328292847,0.0,False,False,4,False
61.906782288,965,61,956782288,map,19.706003189086914,-4.098472595214844,-0.3596842288970947,0.000939750752877444,0.0,0.0,0.0,0.003040066694656261,0.0026977464866215547,0.024870737178767657,0.9996824128644911,0,0,0,,0.0185014009475708,0.0554623007774353,0.0,False,False,4,False
61.956782288,966,62,6782289,map,19.501680374145508,-4.0709686279296875,-0.9188389778137207,6.351445335894823e-05,0.0,0.0,0.0,0.0019476696476593669,0.0027237718412794596,0.021237477577719776,0.999768851883292,0,0,0,,0.037174224853515625,0.05988985300064087,0.0,False,False,4,False
62.05678229,967,62,56782290,map,19.300384521484375,-4.003143310546875,-1.6086751222610474,-0.0005956648965366185,0.0,0.0,0.0,0.0007440776737744708,0.002729438852935116,0.015608618482455384,0.9998741758546584,0,0,0,,0.062209486961364746,0.061332762241363525,0.0,False,False,4,False
62.05678229,968,62,106782291,map,19.105792999267578,-3.872833251953125,-1.924814224243164,-0.0011934279464185238,0.0,0.0,0.0,-0.0004444258308704359,0.0027165478283190207,0.00879794978439157,0.9999575085638231,0,0,0,,0.12493026256561279,0.05370819568634033,0.0,False,False,4,False
62.156782291,969,62,156782291,map,18.918869018554688,-3.7281417846679688,-2.304328680038452,-0.0014303206698969007,0.0,0.0,0.0,-0.0015740632513286143,0.002682521388257145,0.0015453783103773816,0.9999939690866942,0,0,0,,0.1117703914642334,0.046111106872558594,0.0,False,False,4,False
62.206782292,970,62,206782292,map,18.737220764160156,-3.6353683471679688,-2.0230836868286133,-0.001108360243961215,0.0,0.0,0.0,-0.0024352881726004624,0.0026367346967911686,-0.005320009655299892,0.9999794070374263,0,0,0,,0.09521973133087158,0.02856266498565674,0.0,False,False,4,False
62.256782293,971,62,256782293,map,18.561120986938477,-3.5303878784179688,-1.4260263442993164,-0.0004455566522665322,0.0,0.0,0.0,-0.002853269644371258,0.0025825103106392883,-0.010896823940961878,0.999933222130774,0,0,0,,0.14787602424621582,0.007034420967102051,0.0,False,False,4,False
62.306782294,972,62,306782294,map,18.39288902282715,-3.367462158203125,-0.32691627740859985,0.0006616592290811241,0.0,0.0,0.0,-0.002671543912233019,0.0025079412033933144,-0.01427617390251661,0.9998913760717965,0,0,0,,0.1778402328491211,-0.020195037126541138,0.0,False,False,4,False
62.356782294,973,62,356782294,map,18.23164176940918,-3.2187271118164062,0.8238095045089722,0.001148986746557057,0.0,0.0,0.0,-0.0018951241308521039,0.002409345654403757,-0.014771675657085408,0.9998861941022729,0,0,0,,0.19622433185577393,-0.04573032259941101,0.0,False,False,4,False
62.356782294,974,62,406782295,map,18.0795841217041,-3.0371475219726562,0.7270288467407227,0.0005044937133789062,0.0,0.0,0.0,-0.0010427319003475687,0.002293666734747442,-0.01275974544230632,0.9999154167725095,0,0,0,,0.24657440185546875,-0.04582470655441284,0.0,False,False,4,False
62.456782296,975,62,456782296,map,17.94088363647461,-2.772674560546875,0.32277703285217285,-0.00015735626220703125,0.0,0.0,0.0,-0.0004838574923250123,0.0021591712854993257,-0.009400181226779972,0.9999533691398769,0,0,0,,0.33097171783447266,-0.033414632081985474,0.0,False,False,4,False
62.506782297,976,62,506782297,map,17.817583084106445,-2.4643325805664062,0.5873417258262634,-0.0002685546933207661,0.0,0.0,0.0,-5.179189806031925e-05,0.001996118047198961,-0.00554030203301138,0.9999826587915032,0,0,0,,0.36058521270751953,-0.02766290307044983,0.0,False,False,4,False
62.556782297,977,62,556782297,map,17.706125259399414,-2.2284698486328125,0.4542192816734314,-0.00031242368277162313,0.0,0.0,0.0,0.0002612007212844745,0.0018131119718552031,-0.0018400750892884272,0.9999966292557324,0,0,0,,0.34026217460632324,-0.01618659496307373,0.0,False,False,4,False
62.606782298,978,62,606782298,map,17.603431701660156,-2.0537567138671875,0.303739070892334,-0.0002269744873046875,0.0,0.0,0.0,0.0004280804092856107,0.0016279396692866134,0.0011540447595721024,0.9999979173679758,0,0,0,,0.3768155574798584,-0.005218058824539185,0.0,False,False,4,False
62.656782299,979,62,656782299,map,17.510086059570312,-1.8670654296875,0.3061976432800293,-7.514953904319555e-05,0.0,0.0,0.0,0.0005184816227511842,0.0014469741436299902,0.00322778440421106,0.9999936094048174,0,0,0,,0.40268540382385254,0.00131988525390625,0.0,False,False,4,False
62.7067823,980,62,706782300,map,17.424591064453125,-1.7098617553710938,-0.02839038148522377,-6.771086918888614e-05,0.0,0.0,0.0,0.00046675517082575,0.0012726417632278413,0.00423940198232796,0.9999900949476375,0,0,0,,0.3979816436767578,0.010318875312805176,0.0,False,False,4,False
62.7067823,981,62,756782300,map,17.34436798095703,-1.6046142578125,0.14333882927894592,-6.198883056640625e-05,0.0,0.0,0.0,0.0004135973396102348,0.0011133888447770908,0.004379618276398182,0.9999897040701339,0,0,0,,0.3951770067214966,0.009569644927978516,0.0,False,False,4,False
62.806782301,982,62,806782301,map,17.26748275756836,-1.5378189086914062,0.08827786892652512,-3.299714080640115e-05,0.0,0.0,0.0,0.0003714470789292521,0.0009753566326212786,0.0039544159996815105,0.999991636615331,0,0,0,,0.38775360584259033,0.009386003017425537,0.0,False,False,4,False
62.856782302,983,62,856782302,map,17.192895889282227,-1.49169921875,-0.02094373106956482,1.5640271158190444e-05,0.0,0.0,0.0,0.0002965145416704436,0.0008616949158544803,0.0031702285553690188,0.9999945595911537,0,0,0,,0.3935096263885498,0.008967220783233643,0.0,False,False,4,False
62.906782303,984,62,906782303,map,17.120586395263672,-1.446380615234375,0.11934794485569,-3.204346285201609e-05,0.0,0.0,0.0,0.0002614135705558686,0.000769448297607844,0.0023180762710861545,0.999996983062781,0,0,0,,0.3978860378265381,0.0042983293533325195,0.0,False,False,4,False
62.906782303,985,62,956782303,map,17.050434112548828,-1.4029312133789062,-0.08335292339324951,6.370544724632055e-05,0.0,0.0,0.0,0.000189295734177585,0.0006945614609413903,0.0015101455374225688,0.9999986006049997,0,0,0,,0.40265464782714844,0.004495680332183838,0.0,False,False,4,False
63.006782304,986,63,6782304,map,16.982240676879883,-1.3655471801757812,0.6656524538993835,3.4332333598285913e-06,0.0,0.0,0.0,0.00034686058462574224,0.0006331781678442864,0.0011960714050526415,0.9999990240926921,0,0,0,,0.40853095054626465,-0.009095877408981323,0.0,False,False,4,False
63.006782304,987,63,56782305,map,16.915613174438477,-1.3319015502929688,-0.21014533936977386,-6.675727490801364e-06,0.0,0.0,0.0,0.00031876175922256365,0.000581979534298052,0.00112020535154885,0.9999991524150071,0,0,0,,0.397055983543396,0.0013884305953979492,0.0,False,False,4,False
63.106782305,988,63,106782305,map,16.848657608032227,-1.3392257690429688,0.03838285803794861,3.0517549021169543e-06,0.0,0.0,0.0,0.00023830193066592752,0.0005421873978834191,0.0010981577557072368,0.9999992216469766,0,0,0,,0.3788563013076782,-0.0015598535537719727,0.0,False,False,4,False
63.156782306,989,63,156782306,map,16.7808780670166,-1.3552474975585938,-0.12422949075698853,8.39234417071566e-06,0.0,0.0,0.0,0.00013616632643977648,0.0005162055210431359,0.001088629258865087,0.999999264938194,0,0,0,,0.38557887077331543,0.0007924437522888184,0.0,False,False,4,False
63.156782306,990,63,206782307,map,16.712217330932617,-1.37359619140625,0.12921378016471863,4.692076618084684e-05,0.0,0.0,0.0,0.00011546127118328496,0.000502184170889756,0.001160280742769362,0.999999194113851,0,0,0,,0.36675000190734863,-0.0026962459087371826,0.0,False,False,4,False
63.206782307,991,63,256782308,map,16.6415958404541,-1.4129257202148438,0.14712542295455933,7.438657121383585e-06,0.0,0.0,0.0,0.00015190860307129773,0.0004998153726331864,0.0013746467664697657,0.999998918726734,0,0,0,,0.35685300827026367,-0.003299921751022339,0.0,False,False,4,False
63.306782308,992,63,306782308,map,16.566699981689453,-1.4959335327148438,-0.8909660577774048,7.724761962890625e-05,0.0,0.0,0.0,-0.00014732100491278527,0.0005114196544018447,0.0011356464241501696,0.9999992135265198,0,0,0,,0.3069683313369751,0.013105154037475586,0.0,False,False,4,False
63.356782309,993,63,356782309,map,16.480735778808594,-1.7214202880859375,-1.504068374633789,-0.00014381408982444555,0.0,0.0,0.0,-0.0007820915973599024,0.0005522288337650538,-0.00014182563549574464,0.9999995316306592,0,0,0,,0.18366265296936035,0.02583068609237671,0.0,False,False,4,False
63.40678231,994,63,406782310,map,16.3799991607666,-2.0184326171875,-0.7547421455383301,-0.00019512177095748484,0.0,0.0,0.0,-0.0011886181560202482,0.0006409858137890685,-0.0020023249919985595,0.9999970835050931,0,0,0,,0.14003193378448486,0.01568979024887085,0.0,False,False,4,False
63.456782311,995,63,456782311,map,16.267375946044922,-2.2565460205078125,-0.5832427740097046,7.972717867232859e-05,0.0,0.0,0.0,-0.0013248784612069507,0.0007707536703401912,-0.0038687874852568354,0.9999913415221336,0,0,0,,0.1453244686126709,0.010368704795837402,0.0,False,False,4,False
63.506782311,996,63,506782311,map,16.14518165588379,-2.4416351318359375,0.3134743869304657,0.00023155212693382055,0.0,0.0,0.0,-0.001059820346978392,0.0009201878464922718,-0.005060897476427779,0.9999862085808446,0,0,0,,0.09233510494232178,-0.006742596626281738,0.0,False,False,4,False
63.556782312,997,63,556782312,map,16.01027488708496,-2.6915359497070312,1.368577480316162,0.00027065275935456157,0.0,0.0,0.0,-0.0003098747815662356,0.001083258720663782,-0.004782042743307231,0.9999879312248549,0,0,0,,0.019564151763916016,-0.028245508670806885,0.0,False,False,4,False
63.606782313,998,63,606782313,map,15.886129379272461,-2.4837493896484375,2.006329298019409,-0.00014953613572288305,0.0,0.0,0.0,0.0007240088706359904,0.0012497571010098966,-0.0026861821384003225,0.9999953491611165,0,0,0,,0.0,-0.042574942111968994,0.046291232109069824,False,False,4,False
63.656782314,999,63,656782314,map,15.844794273376465,-0.8423995971679688,2.2173409461975098,-0.0004852294805459678,0.0,0.0,0.0,0.0017753033451889033,0.0011408828626706116,0.0010342097971924751,0.9999972385433981,0,0,0,,0.0,-0.04573044180870056,0.09940952062606812,False,False,0,False
63.706782314,1000,63,706782314,map,15.781648635864258,-1.302337646484375,2.655888557434082,-0.0007310867076739669,0.0,0.0,0.0,0.002788181540850846,0.0009585540390039118,0.006039486923315425,0.99997741565275,0,0,0,,0.0,-0.050881415605545044,0.19978582859039307,False,False,0,False
63.756782315,1001,63,756782315,map,15.36091423034668,-8.445930480957031,1.3626337051391602,-0.000573539815377444,0.0,0.0,0.0,0.0032481630263298806,0.0015620509504369537,0.011231918677220926,0.9999304242979163,0,0,0,,0.0,-0.03388702869415283,0.22056889533996582,False,False,3,False
63.806782316,1002,63,806782316,map,14.969755172729492,-7.845458984375,0.7710856199264526,-2.9373186407610774e-05,0.0,0.0,0.0,0.0031782456091132712,0.0025959383032268636,0.01562432784598184,0.9998695116056572,0,0,0,,0.0,-0.014267295598983765,0.252607524394989,False,False,3,False
63.856782317,1003,63,856782317,map,14.593294143676758,-7.4781036376953125,-2.244138240814209,0.0010494232410565019,0.0,0.0,0.0,0.0019520974780762462,0.003523942943304127,0.017374409426438975,0.9998409378689447,0,0,0,,0.0,0.049259841442108154,0.2976202964782715,False,False,3,False
63.906782317,1004,63,906782317,map,14.275481224060059,-6.317577362060547,-2.4433422088623047,0.0005983352893963456,0.0,0.0,0.0,0.00029594719490476406,0.004140548283321799,0.015791324979576776,0.9998666922798061,0,0,0,,0.17417824268341064,0.06601285934448242,0.0,False,False,3,False
63.906782317,1005,63,956782318,map,14.012007713317871,-5.252189636230469,-2.0357742309570312,-0.00021896361431572586,0.0,0.0,0.0,-0.0010237492305090275,0.004353891365384312,0.01180218802312419,0.9999203487905216,0,0,0,,0.17646253108978271,0.06220048666000366,0.0,False,False,3,False
64.006782319,1006,64,6782319,map,13.7742280960083,-4.753150939941406,-2.2116949558258057,-0.00019950864952988923,0.0,0.0,0.0,-0.0020298037187423943,0.004307080485856672,0.006359108846715129,0.9999684448467498,0,0,0,,0.17503488063812256,0.06121629476547241,0.0,False,False,3,False
64.05678232,1007,64,56782320,map,13.558592796325684,-4.316673278808594,-0.8702785968780518,0.0004203796270303428,0.0,0.0,0.0,-0.002352412498828154,0.004112616403108835,0.0009316401217109349,0.999988342226268,0,0,0,,0.1838850975036621,0.03166639804840088,0.0,False,False,3,False
64.05678232,1008,64,106782320,map,13.35920524597168,-3.9963340759277344,-1.0397034883499146,0.0006395339732989669,0.0,0.0,0.0,-0.002383077935456766,0.003845080923009366,-0.0037088176752723572,0.99998289033548,0,0,0,,0.19821381568908691,0.023620963096618652,0.0,False,False,3,False
64.10678232,1009,64,156782321,map,13.173429489135742,-3.723468780517578,-0.6723815202713013,0.0005632400279864669,0.0,0.0,0.0,-0.0022535030367263013,0.003552637765068161,-0.007293675495761917,0.999964550765044,0,0,0,,0.2067553997039795,0.01075965166091919,0.0,False,False,3,False
64.206782322,1010,64,206782322,map,12.998165130615234,-3.506908416748047,-0.10106056928634644,0.0003324509598314762,0.0,0.0,0.0,-0.0018942025283599341,0.0032635239944371138,-0.009514419644578486,0.9999476172413964,0,0,0,,0.20313334465026855,-0.003994107246398926,0.0,False,False,3,False
64.256782323,1011,64,256782323,map,12.829381942749023,-3.3667564392089844,0.7636886835098267,0.0002460478572174907,0.0,0.0,0.0,-0.001211007177213608,0.002997120217936659,-0.010032891425620622,0.9999444443676148,0,0,0,,0.18734145164489746,-0.022774159908294678,0.0,False,False,3,False
64.306782323,1012,64,306782323,map,12.663573265075684,-3.3066368103027344,1.151965618133545,-0.0002382278034929186,0.0,0.0,0.0,-0.0003701399646712602,0.0027708881163227297,-0.008860130251714532,0.9999568407023255,0,0,0,,0.16497468948364258,-0.03331682085990906,0.0,False,False,3,False
64.356782324,1013,64,356782324,map,12.500904083251953,-3.254241943359375,-0.12259736657142639,-0.0005796432378701866,0.0,0.0,0.0,-4.45594123829171e-05,0.00259318427583666,-0.007156433821779068,0.9999710290127034,0,0,0,,0.17221307754516602,-0.012864410877227783,0.0,False,False,3,False
64.406782325,1014,64,406782325,map,12.340790748596191,-3.2001495361328125,0.3599041700363159,-0.00039577484130859375,0.0,0.0,0.0,0.0001269469043979996,0.0024545160312144307,-0.0054572140577463756,0.9999820888647276,0,0,0,,0.16973614692687988,-0.014610886573791504,0.0,False,False,3,False
64.456782326,1015,64,456782326,map,12.182927131652832,-3.1551742553710938,0.4794192910194397,-0.0004152297624386847,0.0,0.0,0.0,0.00032584578908087335,0.0023463757691763697,-0.0037664961519151144,0.9999901008770083,0,0,0,,0.16997051239013672,-0.013846993446350098,0.0,False,False,3,False
64.506782326,1016,64,506782326,map,12.027650833129883,-3.1046295166015625,0.3250700533390045,-0.00013885497173760086,0.0,0.0,0.0,0.00045686405477540987,0.002260793411242673,-0.002249820997253169,0.9999948091834613,0,0,0,,0.17548465728759766,-0.009299665689468384,0.0,False,False,3,False
64.556782327,1017,64,556782327,map,11.875229835510254,-3.050518035888672,-0.6060199737548828,-2.994536771439016e-05,0.0,0.0,0.0,0.00022136444106211138,0.0021898413594139557,-0.0014993354869785355,0.9999964537865634,0,0,0,,0.18133044242858887,0.008596837520599365,0.0,False,False,3,False
64.556782327,1018,64,606782328,map,11.726149559020996,-2.979583740234375,0.5716739296913147,-4.9591064453125e-05,0.0,0.0,0.0,0.00024710796641698603,0.0021262595119966978,-0.0010312659711167068,0.9999971772203347,0,0,0,,0.18653619289398193,-0.006127804517745972,0.0,False,False,3,False
64.656782329,1019,64,656782329,map,11.580198287963867,-2.920398712158203,-0.4125315248966217,5.34057107870467e-06,0.0,0.0,0.0,0.00012391814296722762,0.002066736000615686,-0.0009199731633013112,0.9999974334446946,0,0,0,,0.18481934070587158,0.007909953594207764,0.0,False,False,3,False
64.656782329,1020,64,706782329,map,11.437230110168457,-2.859172821044922,0.05105271935462952,2.9182438083807938e-05,0.0,0.0,0.0,4.263052089327342e-05,0.0020100603854030187,-0.0010876917677790057,0.9999973873798389,0,0,0,,0.18971049785614014,0.002707839012145996,0.0,False,False,3,False
64.75678233,1021,64,756782330,map,11.390563011169434,-0.935821533203125,-0.4850737750530243,0.00014629363431595266,0.0,0.0,0.0,-0.00014097738571034244,0.001803441930768837,-0.0015707633663849605,0.9999971302083951,0,0,0,,0.18729865550994873,0.010243773460388184,0.0,False,False,3,False
64.806782331,1022,64,806782331,map,11.377087593078613,-0.2708625793457031,-0.20381882786750793,0.0002752303844317794,0.0,0.0,0.0,-0.00027634540103063356,0.001335414400857711,-0.002261583368650154,0.9999965127650515,0,0,0,,0.1927177906036377,0.0068915486335754395,0.0,False,False,0,False
64.856782332,1023,64,856782332,map,11.170170783996582,-4.137001037597656,0.21369099617004395,4.558562068268657e-05,0.0,0.0,0.0,-0.00020680571267245415,0.0011098150254243361,-0.0027498173028635262,0.9999955820136444,0,0,0,,0.22005367279052734,-0.0005658566951751709,0.0,False,False,0,False
64.906782332,1024,64,906782332,map,10.719765663146973,-9.007225036621094,0.17634324729442596,-0.0008785247337073088,0.0,0.0,0.0,-8.719821985296227e-05,0.0020301017837737667,-0.0029615283302001525,0.9999935501957837,0,0,0,,0.23882579803466797,-0.002223581075668335,0.0,False,False,2,False
64.956782333,1025,64,956782333,map,10.329671859741211,-7.801189422607422,0.14527857303619385,-0.0010995864868164062,0.0,0.0,0.0,8.500660597257179e-06,0.0031283925405879397,-0.002972617450116593,0.9999906882733188,0,0,0,,0.29190874099731445,-0.0026970207691192627,0.0,False,False,2,False
65.006782334,1026,65,6782334,map,9.994244575500488,-6.714458465576172,-0.7924593091011047,-0.000681114150211215,0.0,0.0,0.0,-0.0002371286789100098,0.003931853767464077,-0.003358176869068507,0.9999866033822937,0,0,0,,0.32906031608581543,0.01480787992477417,0.0,False,False,2,False
65.056782335,1027,65,56782335,map,9.709535598754883,-5.699462890625,-0.46602725982666016,0.00019340513972565532,0.0,0.0,0.0,-0.0005009401554393608,0.004338530940417306,-0.0041717804491667,0.9999817610617325,0,0,0,,0.36211705207824707,0.013086140155792236,0.0,False,False,2,False
65.106782335,1028,65,106782335,map,9.470660209655762,-4.7818756103515625,-0.30650749802589417,0.0009126663208007812,0.0,0.0,0.0,-0.000626772009798108,0.004392659249148472,-0.0051212228343886146,0.9999770421255926,0,0,0,,0.4238569736480713,0.01086127758026123,0.0,False,False,2,False
65.156782336,1029,65,156782336,map,9.27530574798584,-3.9120101928710938,-0.30210673809051514,0.0011323929065838456,0.0,0.0,0.0,-0.0006776472912474913,0.004178183213540503,-0.006084236555325146,0.9999725324451275,0,0,0,,0.454085111618042,0.010299324989318848,0.0,False,False,2,False
65.206782337,1030,65,206782337,map,9.114706039428711,-3.225879669189453,-0.7419726252555847,0.0009786606533452868,0.0,0.0,0.0,-0.0008496567456952553,0.003791706903663838,-0.007276856546296018,0.9999659736215908,0,0,0,,0.46718263626098633,0.01788949966430664,0.0,False,False,2,False
65.256782338,1031,65,256782338,map,8.989112854003906,-2.5076866149902344,0.23669272661209106,0.0006361007690429688,0.0,0.0,0.0,-0.0007270171962934322,0.003306218616700234,-0.008227512005675586,0.9999604234221728,0,0,0,,0.5195554494857788,0.00291287899017334,0.0,False,False,2,False
65.306782338,1032,65,306782338,map,8.887413024902344,-2.0346641540527344,-0.014072656631469727,0.000200653012143448,0.0,0.0,0.0,-0.0005467249764884421,0.002779111182733542,-0.00882927399970828,0.9999570098526597,0,0,0,,0.545072078704834,0.0031302571296691895,0.0,False,False,2,False
65.356782339,1033,65,356782339,map,8.823748588562012,-1.2795829772949219,-0.2967754006385803,-0.00013923636288382113,0.0,0.0,0.0,-0.0005078936232388342,0.0022419422372751316,-0.009379587402464182,0.9999533684523652,0,0,0,,0.5594656467437744,0.006951391696929932,0.0,False,False,2,False
65.40678234,1034,65,406782340,map,8.758895874023438,-1.2972640991210938,0.0038161873817443848,-0.00031242379918694496,0.0,0.0,0.0,-0.0004356257952140947,0.0017375623942462591,-0.009858973437831847,0.999949794614632,0,0,0,,0.5979595184326172,0.002961397171020508,0.0,False,False,2,False
65.40678234,1035,65,456782341,map,8.748095512390137,-0.2641105651855469,-1.80625581741333,-0.0005134582170285285,0.0,0.0,0.0,-0.0009468576225580672,0.0012591362969417,-0.011172303118688293,0.9999363468138622,0,0,0,,0.6192226409912109,0.03315293788909912,0.0,False,False,2,False
65.456782341,1036,65,506782341,map,8.71336555480957,-0.7076835632324219,-0.38538575172424316,-0.00053997035138309,0.0,0.0,0.0,-0.0011972607008681167,0.0008374095492843487,-0.01295451754070823,0.999915019282813,0,0,0,,0.6285896301269531,0.018291056156158447,0.0,False,False,2,False
65.556782342,1037,65,556782342,map,8.735963821411133,0.3998756408691406,-1.3784974813461304,-0.00038909912109375,0.0,0.0,0.0,-0.0015231317705330827,0.0004473371147218933,-0.015113376459288421,0.9998845262384627,0,0,0,,0.6212408542633057,0.03253883123397827,0.0,False,False,2,False
65.606782343,1038,65,606782343,map,8.718452453613281,-0.3864860534667969,-0.8108168840408325,-0.00027370452880859375,0.0,0.0,0.0,-0.0017142069493487585,0.00013995288888790148,-0.017616787561471937,0.9998433330796069,0,0,0,,0.6316606998443604,0.027383089065551758,0.0,False,False,2,False
65.606782343,1039,65,656782343,map,8.753364562988281,0.6022262573242188,-1.8665969371795654,-0.00033493037335574627,0.0,0.0,0.0,-0.0021283869110350394,-0.00011978832533061661,-0.020603449830165533,0.9997854537224523,0,0,0,,0.6202584505081177,0.04470181465148926,0.0,False,False,2,False
65.706782344,1040,65,706782344,map,8.743247032165527,-0.32215118408203125,-1.9040030241012573,-0.0003973007551394403,0.0,0.0,0.0,-0.00264122927039125,-0.00029045451191507727,-0.02447297386241316,0.9996969606307942,0,0,0,,0.6163203716278076,0.05161452293395996,0.0,False,False,2,False
65.756782345,1041,65,756782345,map,8.786212921142578,0.7676887512207031,-1.3070356845855713,4.8446672735735774e-05,0.0,0.0,0.0,-0.002863143715550646,-0.00044530382830834084,-0.028460092503070446,0.999590729872622,0,0,0,,0.6371891498565674,0.043344318866729736,0.0,False,False,2,False
65.806782346,1042,65,806782346,map,8.782903671264648,-0.296478271484375,-2.7608954906463623,-0.00029697417630814016,0.0,0.0,0.0,-0.003420152773451287,-0.0005223767745158032,-0.033319382908416656,0.9994387667086534,0,0,0,,0.6353459358215332,0.06875675916671753,0.0,False,False,2,False
65.856782346,1043,65,856782346,map,8.833118438720703,0.8182144165039062,-1.9729244709014893,-0.00014724733773618937,0.0,0.0,0.0,-0.003806997714788682,-0.0006029946755237725,-0.03860981964577353,0.9992469289383588,0,0,0,,0.6495658159255981,0.06043118238449097,0.0,False,False,2,False
65.906782347,1044,65,906782347,map,8.841150283813477,-0.12126922607421875,-2.583751678466797,2.0980805857107043e-05,0.0,0.0,0.0,-0.004220182351950286,-0.0006400004097180422,-0.044479704760342985,0.9990011693310599,0,0,0,,0.6633760929107666,0.071743905544281,0.0,False,False,2,False
65.956782348,1045,65,956782348,map,8.902388572692871,1.0957145690917969,-1.1505365371704102,0.0008098602993413806,0.0,0.0,0.0,-0.004106928008816496,-0.000725949427757397,-0.04992355115149992,0.9987443342418431,0,0,0,,0.6651520729064941,0.04731935262680054,0.0,False,False,2,False
65.956782348,1046,66,6782349,map,8.921177864074707,0.10829925537109375,-2.104613780975342,0.000583648681640625,0.0,0.0,0.0,-0.00409274979110861,-0.0007788484692406222,-0.055256083619432586,0.9984635236288062,0,0,0,,0.6553516387939453,0.05835336446762085,0.0,False,False,2,False
66.056782349,1047,66,56782349,map,8.979898452758789,0.8228683471679688,-2.5686097145080566,-0.000251579302130267,0.0,0.0,0.0,-0.004336224890317483,-0.0008143996568943959,-0.06086744318678044,0.9981361070850024,0,0,0,,0.6242328882217407,0.06662195920944214,0.0,False,False,2,False
66.10678235,1048,66,106782350,map,8.997381210327148,0.06559371948242188,-1.8764805793762207,-3.604887751862407e-05,0.0,0.0,0.0,-0.004425577154740702,-0.0008153049157201895,-0.06661323448449288,0.9977687239717709,0,0,0,,0.6421384811401367,0.058757007122039795,0.0,False,False,2,False
66.10678235,1049,66,156782351,map,9.052031517028809,0.7639122009277344,-2.0916032791137695,0.00031948089599609375,0.0,0.0,0.0,-0.004440323092249614,-0.0008212742180373541,-0.07221032696221986,0.9973792045754236,0,0,0,,0.6234619617462158,0.05872827768325806,0.0,False,False,2,False
66.206782352,1050,66,206782352,map,9.068336486816406,0.08523941040039062,-1.4140868186950684,0.0004489898565225303,0.0,0.0,0.0,-0.004250202208111556,-0.0008122099249391669,-0.0774888311574022,0.9969838299300986,0,0,0,,0.6426472663879395,0.0479697585105896,0.0,False,False,2,False
66.256782352,1051,66,256782352,map,9.118730545043945,0.5371856689453125,-2.6393508911132812,-0.00019016265287064016,0.0,0.0,0.0,-0.004375081816242683,-0.0007833135484590538,-0.08286581849835091,0.9965508021187802,0,0,0,,0.642021656036377,0.06409955024719238,0.0,False,False,2,False
66.306782353,1052,66,306782353,map,9.137008666992188,0.11087417602539062,-1.3376832008361816,0.00014762877253815532,0.0,0.0,0.0,-0.004251508705754988,-0.0007623081696344195,-0.08809121716112968,0.9961030473897015,0,0,0,,0.6411473751068115,0.046720027923583984,0.0,False,False,2,False
66.306782353,1053,66,356782354,map,9.18664264678955,0.46443939208984375,-2.660689353942871,-0.00024299620417878032,0.0,0.0,0.0,-0.00438837961384922,-0.0007299815834311992,-0.0934279414530574,0.9956161052369014,0,0,0,,0.6490374803543091,0.06363660097122192,0.0,False,False,2,False
66.406782355,1054,66,406782355,map,9.202070236206055,-0.3101158142089844,-2.825741767883301,-0.0008399963844567537,0.0,0.0,0.0,-0.004782303055129868,-0.0006461023582661422,-0.09946015435531592,0.9950298436855289,0,0,0,,0.6282913684844971,0.07317906618118286,0.0,False,False,2,False
66.456782355,1055,66,456782355,map,9.250458717346191,0.5475616455078125,-1.9031190872192383,4.959103534929454e-05,0.0,0.0,0.0,-0.004827203849146902,-0.0006133196808528103,-0.10545745262855864,0.9944119104410724,0,0,0,,0.6354429721832275,0.05770695209503174,0.0,False,False,2,False
66.506782356,1056,66,506782356,map,9.266407012939453,-0.3102874755859375,-2.586970329284668,0.00016822817269712687,0.0,0.0,0.0,-0.004954523321723871,-0.0005509844996320738,-0.11157954484872348,0.9937430021318828,0,0,0,,0.6445732116699219,0.06851565837860107,0.0,False,False,2,False
66.556782357,1057,66,556782357,map,9.31224250793457,0.32672882080078125,-2.3802757263183594,7.610320608364418e-05,0.0,0.0,0.0,-0.005045166854316238,-0.0005077467507652891,-0.11777350928002028,0.9930275368772601,0,0,0,,0.6384274959564209,0.06444013118743896,0.0,False,False,2,False
66.606782358,1058,66,606782358,map,9.328676223754883,-0.23149490356445312,-2.09505558013916,0.00031147003755904734,0.0,0.0,0.0,-0.0050217236635580935,-0.0004646800826903991,-0.1238696863580848,0.9922856782023094,0,0,0,,0.610379695892334,0.06086248159408569,0.0,False,False,2,False
66.656782358,1059,66,656782358,map,9.371209144592285,0.5404472351074219,-1.217336654663086,0.00101127615198493,0.0,0.0,0.0,-0.004610987939163338,-0.0004883988241925466,-0.12919902116348905,0.9916078424393435,0,0,0,,0.645003080368042,0.04135012626647949,0.0,False,False,2,False
66.706782359,1060,66,706782359,map,9.387937545776367,-0.3620719909667969,-2.4329471588134766,1.544955011922866e-05,0.0,0.0,0.0,-0.004555009359094008,-0.0004548618331353248,-0.13442773084334272,0.9909128267263277,0,0,0,,0.654205322265625,0.058910489082336426,0.0,False,False,2,False
66.75678236,1061,66,756782360,map,9.433817863464355,0.4439544677734375,-1.6968727111816406,-8.792878361418843e-05,0.0,0.0,0.0,-0.004424592088333609,-0.00045964941599954787,-0.1394783618189086,0.9902151272787041,0,0,0,,0.6632819175720215,0.04645645618438721,0.0,False,False,2,False
66.806782361,1062,66,806782361,map,9.456280708312988,-0.33611297607421875,-2.56070613861084,-0.0005538940895348787,0.0,0.0,0.0,-0.0045557137034808615,-0.0004219678007106512,-0.14474487391156352,0.9894584321193856,0,0,0,,0.6535476446151733,0.061540305614471436,0.0,False,False,2,False
66.856782361,1063,66,856782361,map,9.497159004211426,-0.12187957763671875,-2.9702138900756836,-0.0009342193370684981,0.0,0.0,0.0,-0.004934950712760078,-0.00034659374819854063,-0.15064408543726848,0.9885756853458441,0,0,0,,0.6172047853469849,0.0711824893951416,0.0,False,False,2,False
66.906782362,1064,66,906782362,map,9.515901565551758,-0.3534889221191406,-2.1697092056274414,-0.0002141952427336946,0.0,0.0,0.0,-0.005093180272250194,-0.000280641280723208,-0.15676983117531307,0.987621992863894,0,0,0,,0.6227545738220215,0.06244772672653198,0.0,False,False,2,False
66.906782362,1065,66,956782363,map,9.550212860107422,-0.19804000854492188,-2.5794124603271484,0.00018177037418354303,0.0,0.0,0.0,-0.005209788279825761,-0.0002156793095396608,-0.16297459234469766,0.9866164877188067,0,0,0,,0.6234674453735352,0.06647282838821411,0.0,False,False,2,False
67.006782364,1066,67,6782364,map,9.567317962646484,-0.32726287841796875,-1.8590164184570312,0.0005144118913449347,0.0,0.0,0.0,-0.0051105118056713915,-0.000176264978950776,-0.16896762068394341,0.9856083374039346,0,0,0,,0.6326091289520264,0.05571949481964111,0.0,False,False,2,False
67.056782364,1067,67,56782364,map,9.598858833312988,-0.2475738525390625,-2.3993587493896484,0.00033912656363099813,0.0,0.0,0.0,-0.005075525445076213,-0.00013387613025940776,-0.17482066503531904,0.9845872009097247,0,0,0,,0.6226979494094849,0.0607372522354126,0.0,False,False,2,False
67.106782365,1068,67,106782365,map,9.616378784179688,-0.36769866943359375,-1.87347412109375,0.00028171538724564016,0.0,0.0,0.0,-0.004956876659936582,-0.00010510673108861163,-0.18047257344602743,0.9835675210986388,0,0,0,,0.649502158164978,0.05333364009857178,0.0,False,False,2,False
67.156782366,1069,67,156782366,map,9.649663925170898,-0.23746490478515625,-2.33400821685791,1.65939491125755e-05,0.0,0.0,0.0,-0.004924330665366065,-7.857353484335447e-05,-0.18602528736252189,0.9825326138380287,0,0,0,,0.6440165042877197,0.057666897773742676,0.0,False,False,2,False
67.156782366,1070,67,206782367,map,9.6724271774292,-0.3016853332519531,-1.8838930130004883,3.814697265625e-05,0.0,0.0,0.0,-0.004823487207889633,-7.240858766756103e-05,-0.19142060137427544,0.9814962466039605,0,0,0,,0.6594531536102295,0.05136919021606445,0.0,False,False,2,False
67.256782367,1071,67,256782367,map,9.70788860321045,-0.4387474060058594,-2.7781248092651367,-0.0004032134893350303,0.0,0.0,0.0,-0.0049772695695164465,-2.70748752579452e-05,-0.19703863314521908,0.9803830899718983,0,0,0,,0.6552255153656006,0.06479620933532715,0.0,False,False,2,False
67.256782367,1072,67,306782368,map,9.734794616699219,-0.2300262451171875,-1.8215179443359375,-7.762908353470266e-05,0.0,0.0,0.0,-0.004928032724245081,-2.60722254256504e-05,-0.2025872447659005,0.9792518174973529,0,0,0,,0.6414881944656372,0.05133259296417236,0.0,False,False,2,False
67.306782368,1073,67,356782369,map,9.771489143371582,-0.2521324157714844,-2.29339599609375,0.00020561217388603836,0.0,0.0,0.0,-0.004889287077339819,-2.7525499890961773e-05,-0.2080041151128029,0.978115730478946,0,0,0,,0.6568909883499146,0.055561602115631104,0.0,False,False,2,False
67.356782369,1074,67,406782370,map,9.802216529846191,-0.39459228515625,-2.257833480834961,-0.00011672973050735891,0.0,0.0,0.0,-0.004910429201068462,-1.4304419883717128e-05,-0.21345982860484528,0.9769395012243262,0,0,0,,0.6909881830215454,0.05618387460708618,0.0,False,False,2,False
67.40678237,1075,67,456782370,map,9.843271255493164,-0.5693626403808594,-3.0145740509033203,-0.000579452549573034,0.0,0.0,0.0,-0.005192894844494503,5.07157822324585e-05,-0.21934817124454595,0.9756328259354115,0,0,0,,0.6668188571929932,0.06950545310974121,0.0,False,False,2,False
67.45678237,1076,67,506782371,map,9.87104320526123,-0.8473777770996094,-2.8775405883789062,-0.0007617949740961194,0.0,0.0,0.0,-0.005549055939476526,0.00015407755441408655,-0.2257969233282764,0.9741585772623328,0,0,0,,0.5816357135772705,0.0731128454208374,0.0,False,False,2,False
67.556782372,1077,67,556782372,map,9.897846221923828,-0.5485916137695312,-2.1878433227539062,0.00030307768611237407,0.0,0.0,0.0,-0.005595994877131358,0.00021641875055507286,-0.23222578870363694,0.9726457839651768,0,0,0,,0.598331093788147,0.0615881085395813,0.0,False,False,2,False
67.606782373,1078,67,606782373,map,9.914740562438965,-1.0096931457519531,-2.5639724731445312,0.0003467558999545872,0.0,0.0,0.0,-0.005656611258552177,0.0003129246342755273,-0.23865832793425643,0.9710870750529367,0,0,0,,0.6476478576660156,0.06786090135574341,0.0,False,False,2,False
67.606782373,1079,67,656782373,map,9.941696166992188,-0.8255386352539062,-2.571287155151367,0.0001474380842410028,0.0,0.0,0.0,-0.005735401320019663,0.00040631403374698097,-0.24516373661533317,0.9694646369669252,0,0,0,,0.6764401197433472,0.06706351041793823,0.0,False,False,2,False
67.656782373,1080,67,706782374,map,9.968585968017578,-0.8463859558105469,-2.5348567962646484,0.00013256074453238398,0.0,0.0,0.0,-0.0057874846861239995,0.000471687109934666,-0.25168117959650493,0.9677927806969785,0,0,0,,0.6516551971435547,0.06624269485473633,0.0,False,False,2,False
67.756782375,1081,67,756782375,map,10.000619888305664,-0.6625556945800781,-2.3634719848632812,0.0003492355172056705,0.0,0.0,0.0,-0.005741784698205041,0.000492273175168792,-0.2580382727017113,0.9661175080686188,0,0,0,,0.6547735929489136,0.061415255069732666,0.0,False,False,2,False
67.806782376,1082,67,806782376,map,10.029407501220703,-0.7931327819824219,-2.3976802825927734,0.00030536652775481343,0.0,0.0,0.0,-0.005686584570971486,0.0005039697454793407,-0.26423689869138606,0.9644409106525765,0,0,0,,0.6432721614837646,0.06124776601791382,0.0,False,False,2,False
67.856782376,1083,67,856782376,map,10.060845375061035,-0.25115966796875,-1.5863227844238281,0.0007898330804891884,0.0,0.0,0.0,-0.0053316477039051045,0.00042379507210803117,-0.26980709637137257,0.9628995402834851,0,0,0,,0.6318460702896118,0.04390829801559448,0.0,False,False,2,False
67.856782376,1084,67,906782377,map,10.083627700805664,-1.1702537536621094,-2.6695728302001953,-0.00020256040443200618,0.0,0.0,0.0,-0.005328313829459523,0.00045926358263040563,-0.27535517403207554,0.9613276893351517,0,0,0,,0.62839674949646,0.06274920701980591,0.0,False,False,2,False
67.906782377,1085,67,956782378,map,10.11057186126709,-0.9850120544433594,-2.4692153930664062,-0.0007986068376339972,0.0,0.0,0.0,-0.0054543045077717085,0.0005404378149368054,-0.28117835939085983,0.9596398744839489,0,0,0,,0.6826151609420776,0.06203043460845947,0.0,False,False,2,False
68.006782379,1086,68,6782379,map,10.141602516174316,-1.1897087097167969,-2.8509140014648438,-0.0007030487176962197,0.0,0.0,0.0,-0.005697186211020895,0.0006465910382338869,-0.287385798306787,0.9577977484421629,0,0,0,,0.6920871734619141,0.07016623020172119,0.0,False,False,2,False
68.056782379,1087,68,56782379,map,10.184809684753418,-0.6989860534667969,-2.503814697265625,-0.0001430511474609375,0.0,0.0,0.0,-0.005785662507316872,0.0006756765278568347,-0.29369148282899565,0.9558825150008169,0,0,0,,0.738526463508606,0.06233417987823486,0.0,False,False,2,False
68.10678238,1088,68,106782380,map,10.238434791564941,-0.8729934692382812,-3.0458450317382812,-9.918221621774137e-06,0.0,0.0,0.0,-0.005945789220439836,0.0006913776602877912,-0.3001522525355059,0.9538725254903502,0,0,0,,0.7727676630020142,0.06961220502853394,0.0,False,False,2,False
68.10678238,1089,68,156782381,map,10.306818008422852,-0.474090576171875,-2.9349708557128906,-2.136228431481868e-05,0.0,0.0,0.0,-0.006050149701025713,0.0006483493889260696,-0.3066767028373926,0.9517942925172701,0,0,0,,0.7815765142440796,0.06484168767929077,0.0,False,False,2,False
68.206782381,1090,68,206782381,map,10.38418960571289,-0.6814384460449219,-3.4418296813964844,-0.00011234282283112407,0.0,0.0,0.0,-0.006262662738977385,0.0006182814250214963,-0.3133931783680842,0.9496026076922113,0,0,0,,0.8014787435531616,0.07228153944015503,0.0,False,False,2,False
68.206782381,1091,68,256782382,map,10.475454330444336,-0.18123626708984375,-3.1845569610595703,0.00012092590623069555,0.0,0.0,0.0,-0.006354467539353851,0.0005271855776747033,-0.3201013777848056,0.9473618372923448,0,0,0,,0.8237659931182861,0.06419837474822998,0.0,False,False,2,False
68.306782383,1092,68,306782383,map,10.577198028564453,0.0102996826171875,-3.230142593383789,0.0005107879405841231,0.0,0.0,0.0,-0.006328533233723428,0.00038032752703955476,-0.3265624077638168,0.9451543783179447,0,0,0,,0.8272191286087036,0.05992734432220459,0.0,False,False,2,False
68.356782384,1093,68,356782384,map,10.687080383300781,-0.11137008666992188,-3.5832595825195312,0.0001049041748046875,0.0,0.0,0.0,-0.006383796351788014,0.00026204175683346067,-0.3329371467817422,0.9429273751308153,0,0,0,,0.8510079383850098,0.06321525573730469,0.0,False,False,2,False
68.406782384,1094,68,406782384,map,10.807765007019043,0.01689910888671875,-3.708486557006836,-0.00019207000150345266,0.0,0.0,0.0,-0.006486146727479384,0.00016222416689259684,-0.3393237327157146,0.9406472813971364,0,0,0,,0.8799402713775635,0.06272447109222412,0.0,False,False,2,False
68.456782385,1095,68,456782385,map,10.93950080871582,0.2111053466796875,-3.7676429748535156,-1.1253359843976796e-05,0.0,0.0,0.0,-0.006556166344441804,4.786136851059157e-05,-0.34564859054273384,0.9383411246705404,0,0,0,,0.8843871355056763,0.060026347637176514,0.0,False,False,2,False
68.506782386,1096,68,506782386,map,11.078755378723145,-0.06591796875,-4.248065948486328,-0.0004522323433775455,0.0,0.0,0.0,-0.006763636458481698,-6.539095871964298e-06,-0.3521319146941984,0.9359259414253329,0,0,0,,0.9068045616149902,0.06725442409515381,0.0,False,False,2,False
68.556782387,1097,68,556782387,map,11.115495681762695,-1.3645553588867188,-2.5673961639404297,-1.0108924470841885e-05,0.0,0.0,0.0,-0.006834076636406843,7.986897666963262e-05,-0.3586673070388992,0.933440438313521,0,0,0,,0.9259700775146484,0.06239151954650879,0.0,False,False,2,False
68.556782387,1098,68,606782387,map,11.108477592468262,-2.4040985107421875,-2.335987091064453,0.00033645625808276236,0.0,0.0,0.0,-0.006856012140721847,0.000517107570326755,-0.3653352879554208,0.930850608353358,0,0,0,,0.9323196411132812,0.06971555948257446,0.0,False,False,0,False
68.656782388,1099,68,656782388,map,11.26346206665039,0.4065513610839844,-4.028720855712891,0.0006725310813635588,0.0,0.0,0.0,-0.006743769939093478,0.0007428237777462022,-0.37185634940054263,0.9282654928361527,0,0,0,,0.9491029977798462,0.05683821439743042,0.0,False,False,0,False
68.706782389,1100,68,706782389,map,11.632667541503906,4.623050689697266,-5.827512741088867,0.0011476515792310238,0.0,0.0,0.0,-0.00638670442400524,-0.00015717188109165255,-0.3771844064222171,0.9261161422065377,0,0,0,,0.9682053327560425,0.024029135704040527,0.0,False,False,3,False
68.706782389,1101,68,756782390,map,11.962082862854004,4.113712310791016,-5.206565856933594,0.0007154465420171618,0.0,0.0,0.0,-0.0058641872628130325,-0.001321561821190689,-0.3809617836925927,0.9245712434138634,0,0,0,,0.9785959720611572,0.013523340225219727,0.0,False,False,3,False
68.80678239,1102,68,806782390,map,12.260555267333984,2.90130615234375,-5.533485412597656,-0.001102447509765625,0.0,0.0,0.0,-0.005688897965328313,-0.0021302119159540174,-0.38409234182058977,0.9232746999630761,0,0,0,,0.9776511192321777,0.026867210865020752,0.0,False,False,3,False
68.856782391,1103,68,856782391,map,12.532341957092285,1.7460823059082031,-5.890541076660156,-0.0018112180987372994,0.0,0.0,0.0,-0.006012996920197495,-0.002427606203269328,-0.3876909188094849,0.9217666201749859,0,0,0,,0.9774127006530762,0.046327173709869385,0.0,False,False,3,False
68.906782392,1104,68,906782392,map,12.78315544128418,0.9179306030273438,-6.0497283935546875,-0.0018260956276208162,0.0,0.0,0.0,-0.006658976474424204,-0.0023220013820592863,-0.3923905268835193,0.9197716785996234,0,0,0,,0.975365161895752,0.06195122003555298,0.0,False,False,3,False
68.956782393,1105,68,956782393,map,13.016444206237793,0.08327484130859375,-6.272029876708984,-0.0014738080790266395,0.0,0.0,0.0,-0.007502440114256643,-0.0019312183688268572,-0.3984816656656955,0.9171435797715846,0,0,0,,0.9748697280883789,0.07741570472717285,0.0,False,False,3,False
69.006782393,1106,69,6782393,map,13.236956596374512,-0.5188941955566406,-6.372470855712891,-0.0013559344224631786,0.0,0.0,0.0,-0.008407074973885844,-0.0013792881081256718,-0.40596157531392685,0.9138504352591472,0,0,0,,0.9733788967132568,0.08716481924057007,0.0,False,False,3,False
69.006782393,1107,69,56782394,map,13.44913387298584,-0.85205078125,-6.331653594970703,-0.0007022853242233396,0.0,0.0,0.0,-0.009218814277024352,-0.0007908197721616999,-0.4145214794369872,0.9099924896133952,0,0,0,,0.9724758863449097,0.08931493759155273,0.0,False,False,3,False
69.106782395,1108,69,106782395,map,13.652487754821777,-1.4293861389160156,-6.466560363769531,-0.0003368378384038806,0.0,0.0,0.0,-0.009980342625413535,-0.00017876312325463628,-0.42392430753964155,0.9056426128897981,0,0,0,,0.9701387882232666,0.09423530101776123,0.0,False,False,3,False
69.156782396,1109,69,156782396,map,13.84576416015625,-2.2699928283691406,-6.7413330078125,-0.0008474348578602076,0.0,0.0,0.0,-0.010825357547717872,0.0005114801852089761,-0.43419760342531405,0.9007524583378598,0,0,0,,0.9674527645111084,0.10419249534606934,0.0,False,False,3,False
69.206782396,1110,69,206782396,map,14.035906791687012,-2.461986541748047,-6.647796630859375,-0.0006025319453328848,0.0,0.0,0.0,-0.011581839916308621,0.001177479314000046,-0.4450948866021643,0.8954077375404037,0,0,0,,0.9659214019775391,0.10131371021270752,0.0,False,False,3,False
69.256782397,1111,69,256782397,map,14.221734046936035,-2.8341293334960938,-6.652050018310547,0.00011596712283790112,0.0,0.0,0.0,-0.012215525746019187,0.0017898263664302251,-0.45630641060276766,0.8897370606505861,0,0,0,,0.9648633003234863,0.099964439868927,0.0,False,False,3,False
69.306782398,1112,69,306782398,map,14.405134201049805,-3.0391502380371094,-6.5711212158203125,0.0007446290692314506,0.0,0.0,0.0,-0.012710566438405912,0.0023298528590379006,-0.46756908519280593,0.8838620728702147,0,0,0,,0.9634242057800293,0.09519702196121216,0.0,False,False,3,False
69.356782399,1113,69,356782399,map,14.588201522827148,-3.003101348876953,-6.380825042724609,0.0016532896552234888,0.0,0.0,0.0,-0.013001079115609101,0.0027473794092100607,-0.47853877226142755,0.8779658690921517,0,0,0,,0.962276816368103,0.0855833888053894,0.0,False,False,3,False
69.406782399,1114,69,406782399,map,14.762640953063965,-3.9159584045410156,-6.596927642822266,0.0006429670611396432,0.0,0.0,0.0,-0.013377103324813086,0.003218479810803927,-0.48939585109006195,0.871953207133375,0,0,0,,0.9593547582626343,0.09434151649475098,0.0,False,False,3,False
69.4567824,1115,69,456782400,map,14.93956470489502,-3.561868667602539,-6.2662506103515625,0.0008310316479764879,0.0,0.0,0.0,-0.013601746018880803,0.0035962672017909965,-0.4999877219292319,0.8659182047326804,0,0,0,,0.9485750198364258,0.08182156085968018,0.0,False,False,3,False
69.506782401,1116,69,506782401,map,15.126307487487793,-1.3311004638671875,-5.083179473876953,0.006254958920180798,0.0,0.0,0.0,-0.012953565175876647,0.0033994767923107303,-0.5089002065014272,0.8607213419740315,0,0,0,,0.9219769239425659,0.03288453817367554,0.0,False,False,3,False
69.556782402,1117,69,556782402,map,15.299341201782227,-2.814970016479492,-5.536556243896484,0.004378891084343195,0.0,0.0,0.0,-0.012387126109373361,0.00322161457216674,-0.5163651255349877,0.8562728755703611,0,0,0,,0.9270431995391846,0.0471876859664917,0.0,False,False,3,False
69.606782402,1118,69,606782402,map,15.466724395751953,-3.117990493774414,-5.471096038818359,-0.0004066468682140112,0.0,0.0,0.0,-0.01212407614717939,0.0032262892218581606,-0.5232373256343481,0.8520946537201425,0,0,0,,0.9254425764083862,0.051456332206726074,0.0,False,False,3,False
69.656782403,1119,69,656782403,map,15.633203506469727,-2.7340316772460938,-5.155124664306641,-0.0009820936247706413,0.0,0.0,0.0,-0.011838206428243988,0.003208347425034069,-0.5296278507754346,0.848141440479332,0,0,0,,0.9173762798309326,0.04478365182876587,0.0,False,False,3,False
69.706782404,1120,69,706782404,map,15.796030044555664,-2.7389907836914062,-4.995441436767578,-0.00045852677430957556,0.0,0.0,0.0,-0.011510214953734204,0.00315520787605786,-0.5355925190657388,0.8443922152269014,0,0,0,,0.9131968021392822,0.043884456157684326,0.0,False,False,3,False
69.756782405,1121,69,756782405,map,15.952727317810059,-3.2621097564697266,-5.0295257568359375,-0.00130043039098382,0.0,0.0,0.0,-0.011334820338805918,0.0032040066053141397,-0.5415182765424751,0.8406064551025215,0,0,0,,0.9159988164901733,0.05298781394958496,0.0,False,False,3,False
69.756782405,1122,69,806782405,map,16.032318115234375,-4.305505752563477,-3.7181663513183594,-0.0021860122215002775,0.0,0.0,0.0,-0.011314381563868374,0.0034722199326980892,-0.5478273057568703,0.8365077235302343,0,0,0,,0.9168659448623657,0.06316161155700684,0.0,False,False,3,False
69.856782406,1123,69,856782406,map,16.005924224853516,-5.111970901489258,-1.6570663452148438,-0.0010356901912018657,0.0,0.0,0.0,-0.01110042138123522,0.0040989449701333905,-0.5545796316878873,0.8320465199808349,0,0,0,,0.913118839263916,0.06443852186203003,0.0,False,False,0,False
69.906782407,1124,69,906782407,map,16.038345336914062,-5.203456878662109,-2.8673744201660156,-0.0011318207252770662,0.0,0.0,0.0,-0.01098019606863066,0.004843192964246609,-0.5619209274795478,0.8271038931335837,0,0,0,,0.9189362525939941,0.07380473613739014,0.0,False,False,0,False
69.906782407,1125,69,956782408,map,16.301227569580078,-4.04576301574707,-7.2435760498046875,-0.002718353411182761,0.0,0.0,0.0,-0.011447206349700914,0.005093944678274948,-0.5699899604604112,0.8215561199143616,0,0,0,,0.916486382484436,0.0814923644065857,0.0,False,False,4,False
70.006782408,1126,70,6782408,map,16.5247745513916,-4.959659576416016,-6.60400390625,-0.0031486512161791325,0.0,0.0,0.0,-0.012211506736001437,0.005227538496412696,-0.5787742785587,0.8153795965213757,0,0,0,,0.9197608232498169,0.09081792831420898,0.0,False,False,4,False
70.056782409,1127,70,56782409,map,16.721250534057617,-5.344944000244141,-6.010265350341797,-0.0020814891904592514,0.0,0.0,0.0,-0.012920797270426304,0.005442218451977723,-0.5881169027858804,0.8086544032612206,0,0,0,,0.9256799221038818,0.09052443504333496,0.0,False,False,4,False
70.10678241,1128,70,106782410,map,16.898279190063477,-5.58720588684082,-5.525951385498047,-0.00015106226783245802,0.0,0.0,0.0,-0.013429886719881825,0.005731934547156519,-0.5977283825465999,0.8015656952285719,0,0,0,,0.9295411109924316,0.08642089366912842,0.0,False,False,4,False
70.156782411,1129,70,156782411,map,17.05912971496582,-5.983209609985352,-5.1535797119140625,0.0007827760418877006,0.0,0.0,0.0,-0.01378888180458606,0.006110131667401035,-0.6074285161719097,0.7942311570133586,0,0,0,,0.931808590888977,0.08479481935501099,0.0,False,False,4,False
70.206782411,1130,70,206782411,map,17.209482192993164,-6.151580810546875,-4.824867248535156,0.0014421460218727589,0.0,0.0,0.0,-0.014012781749175219,0.006523320446060936,-0.6170521173848909,0.7867704701301588,0,0,0,,0.9373958110809326,0.07981342077255249,0.0,False,False,4,False
70.256782412,1131,70,256782412,map,17.349910736083984,-6.578950881958008,-4.570198059082031,0.0011272431584075093,0.0,0.0,0.0,-0.014191048422994382,0.0069868254024936585,-0.626557283957811,0.7792148409359657,0,0,0,,0.9413349628448486,0.08006054162979126,0.0,False,False,4,False
70.306782413,1132,70,306782413,map,17.487138748168945,-6.464099884033203,-4.3146514892578125,0.0013416289584711194,0.0,0.0,0.0,-0.014255380282372436,0.007390908998678116,-0.6357923389173799,0.7716931128182666,0,0,0,,0.9418950080871582,0.0718158483505249,0.0,False,False,4,False
70.356782414,1133,70,356782414,map,17.61947250366211,-6.673421859741211,-4.103584289550781,0.0015188215766102076,0.0,0.0,0.0,-0.014256168457473151,0.007746340429874026,-0.6446691921526503,0.7642894664720338,0,0,0,,0.9440486431121826,0.06945198774337769,0.0,False,False,4,False
70.406782414,1134,70,406782414,map,17.747812271118164,-6.9100141525268555,-3.9088821411132812,0.0007499696221202612,0.0,0.0,0.0,-0.01425761240040118,0.00809573555033285,-0.6532476251200937,0.756966789119243,0,0,0,,0.9467456340789795,0.06916916370391846,0.0,False,False,4,False
70.456782415,1135,70,456782415,map,17.87655258178711,-6.703438758850098,-3.725128173828125,0.0010972976451739669,0.0,0.0,0.0,-0.014177457310870575,0.008350369073292934,-0.6614485537422974,0.7498100304695593,0,0,0,,0.9447253942489624,0.06208622455596924,0.0,False,False,4,False
70.506782416,1136,70,506782416,map,17.997272491455078,-7.502679824829102,-3.5245513916015625,-0.0003204346285201609,0.0,0.0,0.0,-0.014214335833119287,0.00870683254451262,-0.6695225143627003,0.7426047040554706,0,0,0,,0.9460175037384033,0.07338982820510864,0.0,False,False,4,False
70.506782416,1137,70,556782416,map,18.119909286499023,-7.249798774719238,-3.36029052734375,-0.0005413055187091231,0.0,0.0,0.0,-0.014227525831852501,0.00903273946069173,-0.6775253193328027,0.7353063502986513,0,0,0,,0.9443833827972412,0.06794112920761108,0.0,False,False,4,False
70.606782417,1138,70,606782417,map,18.242334365844727,-7.197737693786621,-3.1921768188476562,0.0006759643438272178,0.0,0.0,0.0,-0.014154961936112436,0.009261207669459476,-0.6853306097644217,0.7280355914411164,0,0,0,,0.9405221939086914,0.06462728977203369,0.0,False,False,4,False
70.656782418,1139,70,656782418,map,18.36358070373535,-7.2287917137146,-3.0179214477539062,0.0009098052978515625,0.0,0.0,0.0,-0.014037015652909225,0.009431795921831122,-0.6929072640717239,0.720828361549327,0,0,0,,0.9373908042907715,0.06290113925933838,0.0,False,False,4,False
70.706782419,1140,70,706782419,map,18.483295440673828,-7.284008026123047,-2.839813232421875,0.0007394790882244706,0.0,0.0,0.0,-0.013905597368537824,0.009578746117111252,-0.7002729406773278,0.7136754798504541,0,0,0,,0.933880090713501,0.06208527088165283,0.0,False,False,4,False
70.756782419,1141,70,756782419,map,18.59806251525879,-7.675925254821777,-2.6036453247070312,-0.00042953493539243937,0.0,0.0,0.0,-0.01384686162888389,0.009803532129975612,-0.7075856551694767,0.7064238782623289,0,0,0,,0.9219086170196533,0.06794530153274536,0.0,False,False,4,False
70.80678242,1142,70,806782420,map,18.71337127685547,-7.341994285583496,-2.449951171875,-4.692077709478326e-05,0.0,0.0,0.0,-0.013730063264230681,0.00996875230440692,-0.7147871332832857,0.699136226663242,0,0,0,,0.9085729122161865,0.061220526695251465,0.0,False,False,4,False
70.856782421,1143,70,856782421,map,18.82956314086914,-6.823115825653076,-2.3274993896484375,0.0019365310436114669,0.0,0.0,0.0,-0.013443919814981971,0.009940107730624316,-0.7215920024318188,0.6921166356220245,0,0,0,,0.901930570602417,0.049898505210876465,0.0,False,False,4,False
70.906782422,1144,70,906782422,map,18.94487953186035,-6.474562168121338,-2.1961212158203125,0.0027683258522301912,0.0,0.0,0.0,-0.013028205056057377,0.009745623261151547,-0.7277960494262612,0.6856006119744906,0,0,0,,0.8994404077529907,0.04141128063201904,0.0,False,False,4,False
70.906782422,1145,70,956782422,map,19.068613052368164,-4.369654655456543,-2.339324951171875,0.006069564260542393,0.0,0.0,0.0,-0.012156702058335571,0.008986008371870014,-0.7326789310308187,0.680406533090433,0,0,0,,0.9071295261383057,0.004853010177612305,0.0,False,False,4,False
71.006782423,1146,71,6782423,map,19.19353675842285,-3.112826347351074,-2.3734283447265625,0.007183647248893976,0.0,0.0,0.0,-0.010914986423444028,0.007730928624042977,-0.7356478424637383,0.6772321224605584,0,0,0,,0.9086534976959229,-0.01773771643638611,0.0,False,False,4,False
71.056782424,1147,71,56782424,map,19.3177433013916,-0.5048644542694092,-2.4637985229492188,0.0062141427770257,0.0,0.0,0.0,-0.009176138812242171,0.005854223982917278,-0.7360897410031182,0.676796438914995,0,0,0,,0.9173661470413208,-0.058874160051345825,0.0,False,False,4,False
71.106782425,1148,71,106782425,map,19.434703826904297,2.024768590927124,-2.4285507202148438,0.0033138273283839226,0.0,0.0,0.0,-0.006892127774794922,0.003350676115546649,-0.7333579239904563,0.6797995490324429,0,0,0,,0.9128431081771851,-0.09513616561889648,0.0,False,False,4,False
71.156782425,1149,71,156782425,map,19.550518035888672,2.854565382003784,-2.4220657348632812,-0.003805733285844326,0.0,0.0,0.0,-0.004550459053697428,0.0007992990501376597,-0.7278199583379238,0.6857526979082269,0,0,0,,0.9011924266815186,-0.09768515825271606,0.0,False,False,4,False
71.206782426,1150,71,206782426,map,19.662212371826172,3.9880661964416504,-2.3447036743164062,-0.008986473083496094,0.0,0.0,0.0,-0.0023222073721558653,-0.0015616517142182295,-0.7202844796542252,0.6936731485116646,0,0,0,,0.8828349113464355,-0.09753161668777466,0.0,False,False,4,False
71.256782427,1151,71,256782427,map,19.773242950439453,4.220118045806885,-2.2926712036132812,-0.010175704956054688,0.0,0.0,0.0,-0.00039409082709442674,-0.0035199192077299377,-0.7117387996802024,0.7024352894686998,0,0,0,,0.8789639472961426,-0.07929039001464844,0.0,False,False,4,False
71.306782428,1152,71,306782428,map,19.885398864746094,3.7997710704803467,-2.26898193359375,-0.00789642333984375,0.0,0.0,0.0,0.0010195913009223082,-0.004881546308500048,-0.7033763151604528,0.710800176006253,0,0,0,,0.8768577575683594,-0.04932880401611328,0.0,False,False,4,False
71.356782428,1153,71,356782428,map,19.995277404785156,3.586027145385742,-2.1886062622070312,-0.0039520263671875,0.0,0.0,0.0,0.0019585792773253465,-0.00572064037833259,-0.6961163678482906,0.7179035037207855,0,0,0,,0.8593298196792603,-0.024999260902404785,0.0,False,False,4,False
71.356782428,1154,71,406782429,map,20.10218048095703,2.9117980003356934,-2.1073150634765625,-0.00019454979337751865,0.0,0.0,0.0,0.0024266991751768266,-0.0060754033843766885,-0.6906288604618326,0.7231797685928588,0,0,0,,0.8486809730529785,0.0008285045623779297,0.0,False,False,4,False
71.45678243,1155,71,456782430,map,20.20461082458496,1.1423522233963013,-2.0310592651367188,0.00307731656357646,0.0,0.0,0.0,0.0022219503992745417,-0.005780078635623417,-0.6877065364501872,0.7259623773661253,0,0,0,,0.826475977897644,0.03877139091491699,0.0,False,False,4,False
71.506782431,1156,71,506782431,map,20.298982620239258,-0.21713614463806152,-1.891326904296875,0.0044307708740234375,0.0,0.0,0.0,0.0014223136733291254,-0.004916587030691578,-0.6878507839209893,0.7258340741898692,0,0,0,,0.813868522644043,0.0633770227432251,0.0,False,False,4,False
71.556782431,1157,71,556782431,map,20.38834571838379,-0.4374784231185913,-1.7943954467773438,0.00268726353533566,0.0,0.0,0.0,0.0004924928814177185,-0.003929256014187972,-0.6905224444519442,0.7233001258855469,0,0,0,,0.7996413707733154,0.06255829334259033,0.0,False,False,4,False
71.606782432,1158,71,606782432,map,20.470443725585938,-1.7074265480041504,-1.6643905639648438,0.0007457734318450093,0.0,0.0,0.0,-0.0005852467698769293,-0.0027838880233388786,-0.6951120399152726,0.7188957917657609,0,0,0,,0.7916724681854248,0.06958615779876709,0.0,False,False,4,False
71.656782433,1159,71,656782433,map,20.548404693603516,-2.1256508827209473,-1.5770339965820312,-0.0008356096805073321,0.0,0.0,0.0,-0.0016666516149484792,-0.0016133868221322055,-0.7008599381837778,0.7132951466990277,0,0,0,,0.786261796951294,0.06001526117324829,0.0,False,False,4,False
71.656782433,1160,71,706782434,map,20.621469497680664,-2.7127513885498047,-1.4679336547851562,-0.00168857560493052,0.0,0.0,0.0,-0.002682086946283401,-0.00048223071520461596,-0.70701786911287,0.7071904316506598,0,0,0,,0.7789855003356934,0.05112713575363159,0.0,False,False,4,False
71.756782434,1161,71,756782434,map,20.690467834472656,-2.8289990425109863,-1.3679122924804688,-0.0019416807917878032,0.0,0.0,0.0,-0.003530965978664204,0.0005053519246702213,-0.7129498086700623,0.7012059948517347,0,0,0,,0.7646080255508423,0.03604531288146973,0.0,False,False,4,False
71.806782435,1162,71,806782435,map,20.75703239440918,-2.365478515625,-1.30645751953125,-0.0010841370094567537,0.0,0.0,0.0,-0.004055135568338109,0.0011740247798469492,-0.7179794354315073,0.6960515123457406,0,0,0,,0.7785342931747437,0.014072597026824951,0.0,False,False,4,False
71.856782436,1163,71,856782436,map,20.822437286376953,-1.7497676610946655,-1.2812423706054688,0.00020751962438225746,0.0,0.0,0.0,-0.004210631439905742,0.0014543328467300956,-0.7215576586273326,0.6923400181811608,0,0,0,,0.7825040817260742,-0.006960749626159668,0.0,False,False,4,False
71.856782436,1164,71,906782437,map,20.88609504699707,-1.298079490661621,-1.248626708984375,0.0010082244407385588,0.0,0.0,0.0,-0.004091889674998255,0.0014289285942088292,-0.7234721679863955,0.6903399428911997,0,0,0,,0.7703127861022949,-0.020887553691864014,0.0,False,False,4,False
71.906782437,1165,71,956782437,map,20.946870803833008,-0.10157465934753418,-1.21368408203125,0.0015598296886309981,0.0,0.0,0.0,-0.003619390320451553,0.0010160731906065136,-0.7235294963221479,0.6902832285089928,0,0,0,,0.7667558193206787,-0.04065963625907898,0.0,False,False,4,False
72.006782438,1166,72,6782438,map,21.006193161010742,-0.15155434608459473,-1.1835479736328125,0.0010139464866369963,0.0,0.0,0.0,-0.003070817821279486,0.0005077568674830546,-0.7220604358967213,0.691822982542145,0,0,0,,0.7638921737670898,-0.03696143627166748,0.0,False,False,4,False
72.056782439,1167,72,56782439,map,21.061904907226562,1.222338080406189,-1.1383819580078125,0.00045013424823991954,0.0,0.0,0.0,-0.002296514830788846,-0.00023769860528336222,-0.7192575370559459,0.694739710184483,0,0,0,,0.7560304403305054,-0.049321651458740234,0.0,False,False,4,False
72.056782439,1168,72,106782440,map,21.116010665893555,1.4648741483688354,-1.1061859130859375,-0.0003046035999432206,0.0,0.0,0.0,-0.0014506820835931686,-0.0010524871413598127,-0.7154808677300484,0.6986300277719006,0,0,0,,0.7544410228729248,-0.04304403066635132,0.0,False,False,4,False
72.10678244,1169,72,156782440,map,21.168102264404297,1.7967770099639893,-1.064300537109375,-0.000885391200426966,0.0,0.0,0.0,-0.0006521587520260567,-0.0018099558454184065,-0.7112762902275572,0.7029099072490894,0,0,0,,0.747617244720459,-0.03567972779273987,0.0,False,False,4,False
72.206782441,1170,72,206782441,map,21.21809959411621,1.871395230293274,-1.0150909423828125,-0.00106048583984375,0.0,0.0,0.0,2.876209000524468e-05,-0.002436982121398348,-0.7071377485066167,0.7070716123052001,0,0,0,,0.7404909133911133,-0.024620234966278076,0.0,False,False,4,False
72.206782441,1171,72,256782442,map,21.26594352722168,1.327967882156372,-0.9626007080078125,-0.0005725860828533769,0.0,0.0,0.0,0.00043303416198029864,-0.002778759365533136,-0.7036739862798719,0.7105174255504206,0,0,0,,0.725628137588501,-0.005546271800994873,0.0,False,False,4,False
72.256782442,1172,72,306782443,map,21.309558868408203,1.3080500364303589,-0.873870849609375,-9.422299626749009e-05,0.0,0.0,0.0,0.0006515428971932725,-0.00292723071677432,-0.7012020107226423,0.712956342962672,0,0,0,,0.7114086151123047,0.003444969654083252,0.0,False,False,4,False
72.306782443,1173,72,356782443,map,21.349287033081055,0.6991202235221863,-0.79376220703125,0.00034503935603424907,0.0,0.0,0.0,0.0006464621341771952,-0.0028483357053613037,-0.6999223679920978,0.714212956935642,0,0,0,,0.7108027935028076,0.01698821783065796,0.0,False,False,4,False
72.406782444,1174,72,406782444,map,21.3856201171875,0.30559733510017395,-0.7259750366210938,0.000621795654296875,0.0,0.0,0.0,0.0004543841959840282,-0.002583746101135146,-0.6998848743710309,0.7142508525845339,0,0,0,,0.7045770883560181,0.024134516716003418,0.0,False,False,4,False
72.456782445,1175,72,456782445,map,21.41885757446289,-0.28790876269340515,-0.6653976440429688,0.0005231857066974044,0.0,0.0,0.0,9.14845671317853e-05,-0.0021519807642399755,-0.7010036629261492,0.7131544188837967,0,0,0,,0.7041141986846924,0.030550837516784668,0.0,False,False,4,False
72.506782446,1176,72,506782446,map,21.44962501525879,-0.6890660524368286,-0.6161880493164062,0.00026111601619049907,0.0,0.0,0.0,-0.0003758061765590392,-0.0016193527617842669,-0.7030560247119854,0.7111325211115933,0,0,0,,0.6983187198638916,0.031315743923187256,0.0,False,False,4,False
72.506782446,1177,72,556782446,map,21.478004455566406,-1.258300542831421,-0.566253662109375,-0.00010528565326239914,0.0,0.0,0.0,-0.0009335235585108183,-0.0009971086104603496,-0.7057977402805156,0.7084120863756508,0,0,0,,0.7019256353378296,0.032487690448760986,0.0,False,False,4,False
72.556782446,1178,72,606782447,map,21.505462646484375,-1.3510074615478516,-0.5436325073242188,-0.0004468917613849044,0.0,0.0,0.0,-0.0014637140167049366,-0.00040413294103556737,-0.7088627590984298,0.7053447972312583,0,0,0,,0.7016675472259521,0.025614440441131592,0.0,False,False,4,False
72.656782448,1179,72,656782448,map,21.532278060913086,-1.173073172569275,-0.5280685424804688,-0.0004741668526548892,0.0,0.0,0.0,-0.001844497076128695,3.4462157322180426e-05,-0.7117698651099676,0.7024103186629836,0,0,0,,0.6981563568115234,0.014125227928161621,0.0,False,False,4,False
72.706782449,1180,72,706782449,map,21.557769775390625,-1.3479187488555908,-0.49648284912109375,-0.0003162384091410786,0.0,0.0,0.0,-0.002136914962643531,0.0003803854608595449,-0.7142641866740611,0.6998728174005514,0,0,0,,0.6978098154067993,0.00884777307510376,0.0,False,False,4,False
72.756782449,1181,72,756782449,map,21.582643508911133,-0.8875474333763123,-0.4863739013671875,-5.64575384487398e-05,0.0,0.0,0.0,-0.0022557924777375764,0.0005439336067501297,-0.7160829026882566,0.6980113838714165,0,0,0,,0.6957082748413086,-0.0034596025943756104,0.0,False,False,4,False
72.80678245,1182,72,806782450,map,21.606304168701172,-0.5762583017349243,-0.465087890625,0.0002883911074604839,0.0,0.0,0.0,-0.0021998400620274095,0.0005230517495978626,-0.7170337890307226,0.6970347426841893,0,0,0,,0.6892952919006348,-0.01181456446647644,0.0,False,False,4,False
72.856782451,1183,72,856782451,map,21.62886619567871,-0.7860130071640015,-0.4389190673828125,0.0002422332763671875,0.0,0.0,0.0,-0.0021348787608718167,0.0004887755116977591,-0.7172968037691442,0.6967643064148346,0,0,0,,0.6952641010284424,-0.009438037872314453,0.0,False,False,4,False
72.856782451,1184,72,906782452,map,21.649192810058594,0.8058184385299683,-0.4192352294921875,0.0003849029599223286,0.0,0.0,0.0,-0.0017286384719785303,0.00010312810656584563,-0.7165714074890073,0.697511590687101,0,0,0,,0.6755862236022949,-0.031316131353378296,0.0,False,False,4,False
72.956782452,1185,72,956782452,map,21.667387008666992,0.6906700134277344,-0.37357330322265625,0.00019931794668082148,0.0,0.0,0.0,-0.0012175731060123313,-0.0003858300649872555,-0.714912883032867,0.6992123699739061,0,0,0,,0.6690853834152222,-0.027485400438308716,0.0,False,False,4,False
73.006782453,1186,73,6782453,map,21.683263778686523,0.8951538801193237,-0.3284454345703125,-0.00018081668531522155,0.0,0.0,0.0,-0.0007391595902618133,-0.0008338044914960338,-0.7127097186861749,0.7014582063839894,0,0,0,,0.6683787107467651,-0.024483829736709595,0.0,False,False,4,False
73.056782454,1187,73,56782454,map,21.69667625427246,1.3135701417922974,-0.2808380126953125,-0.0003082275507040322,0.0,0.0,0.0,-0.000242015273736088,-0.0012914889256789908,-0.7101789443906565,0.7040199858165499,0,0,0,,0.6612319946289062,-0.02378496527671814,0.0,False,False,4,False
73.106782454,1188,73,106782454,map,21.70943260192871,0.7472336292266846,-0.2605438232421875,-0.0002920150582212955,0.0,0.0,0.0,6.88078823164e-05,-0.001557603891278556,-0.7078016250281456,0.7064095333042367,0,0,0,,0.6731804609298706,-0.008368641138076782,0.0,False,False,4,False
73.156782455,1189,73,156782455,map,21.72093391418457,1.2412104606628418,-0.2361297607421875,-0.00015563964552711695,0.0,0.0,0.0,0.0003475271454502798,-0.0017928597736701056,-0.7057493285083801,0.7084592791323193,0,0,0,,0.6629228591918945,-0.008800536394119263,0.0,False,False,4,False
73.156782455,1190,73,206782456,map,21.731908798217773,0.5781006813049316,-0.22113800048828125,2.403259713901207e-05,0.0,0.0,0.0,0.00045123157960022065,-0.0018574848907906107,-0.7042762155042197,0.7099234877189202,0,0,0,,0.6692302227020264,0.005134403705596924,0.0,False,False,4,False
73.256782457,1191,73,256782457,map,21.74086570739746,0.33658117055892944,-0.17971038818359375,0.00021076200937386602,0.0,0.0,0.0,0.00038604216812600765,-0.001757792968808548,-0.7036009093996379,0.7105930772441607,0,0,0,,0.6356563568115234,0.012030601501464844,0.0,False,False,4,False
73.306782457,1192,73,306782457,map,21.744840621948242,0.35885438323020935,-0.07984161376953125,0.00018348691810388118,0.0,0.0,0.0,0.00028838089092213075,-0.001616826813740698,-0.70360981020148,0.7105846449901331,0,0,0,,0.609498143196106,0.0121878981590271,0.0,False,False,4,False
73.356782458,1193,73,356782458,map,21.73777198791504,0.6573308110237122,0.14148712158203125,4.9972531996900216e-05,0.0,0.0,0.0,0.00029179139714078457,-0.0015458240515738957,-0.7039456974338008,0.710252054097855,0,0,0,,0.48775243759155273,0.0054433345794677734,0.0,False,False,4,False
73.406782459,1194,73,406782459,map,21.70688819885254,-2.2123501300811768,0.621185302734375,0.0003517151053529233,0.0,0.0,0.0,-0.0002706522536068935,-0.0008306157879337634,-0.7053603588980547,0.7088483624302013,0,0,0,,0.39866650104522705,0.04849737882614136,0.0,False,False,4,False
73.406782459,1195,73,456782460,map,21.651275634765625,-2.1000030040740967,1.1260604858398438,-0.00015735626220703125,0.0,0.0,0.0,-0.0010218220124459082,0.000181212811337177,-0.7081276689950596,0.7060836547076526,0,0,0,,0.29229652881622314,0.04453843832015991,0.0,False,False,4,False
73.50678246,1196,73,506782460,map,21.5661563873291,-2.4294614791870117,1.73126220703125,-0.0007717132102698088,0.0,0.0,0.0,-0.001651974777417146,0.0011916580962881946,-0.7117695842551379,0.7024100724360269,0,0,0,,0.1809537410736084,0.0438806414604187,0.0,False,False,4,False
73.556782461,1197,73,556782461,map,21.450937271118164,-2.2220163345336914,2.3431396484375,-0.0007635116344317794,0.0,0.0,0.0,-0.0020343235835191295,0.002066310794193541,-0.7157489520559054,0.6983516517615838,0,0,0,,0.09613931179046631,0.032616257667541504,0.0,False,False,4,False
73.606782462,1198,73,606782462,map,21.30988883972168,-1.164078712463379,2.8464889526367188,7.228853064589202e-05,0.0,0.0,0.0,-0.001959842360461144,0.0025527502966623075,-0.7192121851584502,0.6947830418220151,0,0,0,,0.06650161743164062,0.006416738033294678,0.0,False,False,4,False
73.656782463,1199,73,656782463,map,21.151031494140625,-0.5267775058746338,3.1903839111328125,0.0009904861217364669,0.0,0.0,0.0,-0.0015207456444051503,0.0026808865067039153,-0.7215099453924355,0.6923972117795015,0,0,0,,0.1121596097946167,-0.013156265020370483,0.0,False,False,4,False
73.656782463,1200,73,706782463,map,20.98196792602539,0.791170597076416,3.3637237548828125,0.00123767857439816,0.0,0.0,0.0,-0.0007094857202745392,0.0023758717407692848,-0.7220924214367684,0.6917921557571094,0,0,0,,0.11321508884429932,-0.04077589511871338,0.0,False,False,4,False
73.756782464,1201,73,756782464,map,20.803951263427734,2.1055960655212402,3.5187530517578125,0.0007278443081304431,0.0,0.0,0.0,0.0004503162284361054,0.0016394070002378946,-0.7205311202026552,0.6934205177087629,0,0,0,,0.09708499908447266,-0.06580191850662231,0.0,False,False,4,False
73.756782464,1202,73,806782465,map,20.619543075561523,2.951711416244507,3.6467361450195312,-0.0004489898856263608,0.0,0.0,0.0,0.001780818422352557,0.0006636262963925014,-0.7168349872813923,0.697240266547459,0,0,0,,0.11303246021270752,-0.07801094651222229,0.0,False,False,4,False
73.856782466,1203,73,856782466,map,20.436586380004883,2.640303373336792,3.6395263671875,-0.0014373778831213713,0.0,0.0,0.0,0.0029018795085604216,-0.00016506788618810193,-0.7117369031471382,0.7024401273748759,0,0,0,,0.1493070125579834,-0.06342998147010803,0.0,False,False,4,False
73.906782466,1204,73,906782466,map,20.25613784790039,2.758849859237671,3.6064910888671875,-0.0013967512641102076,0.0,0.0,0.0,0.003770173634220341,-0.0008080834497936622,-0.7060602721607228,0.7081412464107935,0,0,0,,0.13380789756774902,-0.05109173059463501,0.0,False,False,4,False
73.956782467,1205,73,956782467,map,20.077524185180664,1.6969276666641235,3.5801315307617188,-0.00028133392333984375,0.0,0.0,0.0,0.004182736735130931,-0.0010582146728431556,-0.7008355805648196,0.7133098021964107,0,0,0,,0.10430574417114258,-0.018772393465042114,0.0,False,False,4,False
74.006782468,1206,74,6782468,map,19.89679718017578,0.3400436043739319,3.617095947265625,0.0012264250544831157,0.0,0.0,0.0,0.004017707351360523,-0.0007851014639815796,-0.6972107339540332,0.7168545418023158,0,0,0,,0.06819045543670654,0.01782470941543579,0.0,False,False,4,False
74.056782469,1207,74,56782469,map,19.713041305541992,0.05398660898208618,3.6756515502929688,0.0013668059837073088,0.0,0.0,0.0,0.0035903520471036884,-0.00028286823279688195,-0.6956163472992254,0.7184044311721804,0,0,0,,0.08416879177093506,0.033750295639038086,0.0,False,False,4,False
74.056782469,1208,74,106782469,map,19.528526306152344,-0.4433727264404297,3.6871337890625,0.0006940842140465975,0.0,0.0,0.0,0.0030552722141562244,0.0003020571021254783,-0.6959751317616686,0.7180593220915196,0,0,0,,0.08418834209442139,0.04541283845901489,0.0,False,False,4,False
74.15678247,1209,74,156782470,map,19.34419059753418,-1.346358299255371,3.6798858642578125,0.00012626638635993004,0.0,0.0,0.0,0.0023500134841247786,0.001036056293302048,-0.6981685980804933,0.7159287762608095,0,0,0,,0.10255646705627441,0.05803102254867554,0.0,False,False,4,False
74.15678247,1210,74,206782471,map,19.164079666137695,-1.6324560642242432,3.60015869140625,-0.00046939851017668843,0.0,0.0,0.0,0.001597734495280488,0.0017968852590397896,-0.7017686493064343,0.7124008571713479,0,0,0,,0.15220820903778076,0.05608773231506348,0.0,False,False,4,False
74.256782472,1211,74,256782472,map,18.991456985473633,-1.8876984119415283,3.458709716796875,-0.0008605956099927425,0.0,0.0,0.0,0.0008815385028185935,0.0024931123032614494,-0.7061575076822171,0.7080498440257937,0,0,0,,0.18289828300476074,0.04950898885726929,0.0,False,False,4,False
74.306782472,1212,74,306782472,map,18.827232360839844,-1.9642360210418701,3.3012008666992188,-0.0008838652865961194,0.0,0.0,0.0,0.0002520368037274949,0.0030705117931486706,-0.7107475985387286,0.7034403738812608,0,0,0,,0.20632612705230713,0.0386921763420105,0.0,False,False,4,False
74.356782473,1213,74,356782473,map,18.67230224609375,-0.8182072639465332,3.1088638305664062,-0.00023441316443495452,0.0,0.0,0.0,-2.4702639567083465e-06,0.003234084542929993,-0.7146368098624158,0.6994882205446609,0,0,0,,0.22482728958129883,0.008228778839111328,0.0,False,False,4,False
74.406782474,1214,74,406782474,map,18.52520179748535,-0.05890160799026489,2.9430389404296875,0.0004981994279660285,0.0,0.0,0.0,0.00011405632389905425,0.0029872195063103952,-0.7170842166711181,0.6969801214611111,0,0,0,,0.24865615367889404,-0.01579505205154419,0.0,False,False,4,False
74.406782474,1215,74,456782475,map,18.386661529541016,0.0682416558265686,2.7701568603515625,0.0005559920682571828,0.0,0.0,0.0,0.00035221125469708835,0.002588494512055349,-0.7179796719178911,0.6960591687177682,0,0,0,,0.29022693634033203,-0.02561822533607483,0.0,False,False,4,False
74.506782475,1216,74,506782475,map,18.258956909179688,0.8150243759155273,2.544097900390625,0.00033340457594022155,0.0,0.0,0.0,0.0007248366049454279,0.002024521181377276,-0.7173460676725898,0.6967137110180582,0,0,0,,0.35675549507141113,-0.03943374752998352,0.0,False,False,4,False
74.556782476,1217,74,556782476,map,18.144115447998047,0.7960256934165955,2.2887420654296875,-6.885529728606343e-05,0.0,0.0,0.0,0.001080411732549471,0.0014468062140261333,-0.7155101792685856,0.6985999733934319,0,0,0,,0.371107816696167,-0.037229329347610474,0.0,False,False,4,False
74.606782477,1218,74,606782477,map,18.03993797302246,1.0196290016174316,2.0755386352539062,-0.00025119780912064016,0.0,0.0,0.0,0.0013882095658494104,0.0008984957461219021,-0.7129341790362879,0.7012290082002097,0,0,0,,0.3850891590118408,-0.03440988063812256,0.0,False,False,4,False
74.606782477,1219,74,656782478,map,17.94452476501465,0.6084218621253967,1.9048309326171875,-0.00029087066650390625,0.0,0.0,0.0,0.0015291633385220015,0.0005164010505352745,-0.7102254372238753,0.7039724591982234,0,0,0,,0.38184189796447754,-0.02004140615463257,0.0,False,False,4,False
74.706782478,1220,74,706782478,map,17.854774475097656,0.29425039887428284,1.7937088012695312,-0.00018844602163881063,0.0,0.0,0.0,0.0014868829634192675,0.00033273135518521854,-0.7079531816803872,0.7062577228020342,0,0,0,,0.3768155574798584,-0.006242305040359497,0.0,False,False,4,False
74.756782479,1221,74,756782479,map,17.76796531677246,0.5169945359230042,1.734466552734375,-6.141663470771164e-05,0.0,0.0,0.0,0.001432784485858359,0.0001893206253641912,-0.7062678404733409,0.7079432525276594,0,0,0,,0.3623100519180298,-0.0023422837257385254,0.0,False,False,4,False
74.80678248,1222,74,806782480,map,17.682292938232422,0.09242407977581024,1.7132186889648438,-2.021788532147184e-05,0.0,0.0,0.0,0.0013040700203659616,0.00015824258350152917,-0.7052951342538365,0.708912581323346,0,0,0,,0.35646164417266846,0.008171319961547852,0.0,False,False,4,False
74.856782481,1223,74,856782481,map,17.598390579223633,0.07108122110366821,1.6778945922851562,4.291534423828125e-05,0.0,0.0,0.0,0.0011439919729687579,0.00019351356980038404,-0.7050251442964135,0.7091813588530692,0,0,0,,0.3818463087081909,0.011042594909667969,0.0,False,False,4,False
74.906782481,1224,74,906782481,map,17.51675796508789,-0.18886961042881012,1.6331100463867188,2.6130664991796948e-05,0.0,0.0,0.0,0.0009414512730923062,0.00029437159571329,-0.7053657896521383,0.7088428103629741,0,0,0,,0.36943066120147705,0.014957547187805176,0.0,False,False,4,False
74.906782481,1225,74,956782482,map,17.43639373779297,-0.12461528182029724,1.607666015625,3.852844383800402e-05,0.0,0.0,0.0,0.0007605576491050629,0.0003939398006165264,-0.7061111106177542,0.7081005336995996,0,0,0,,0.37250328063964844,0.012491464614868164,0.0,False,False,4,False
75.006782483,1226,75,6782483,map,17.357206344604492,-0.38103318214416504,1.5851593017578125,-2.670285539352335e-06,0.0,0.0,0.0,0.0005622585536407851,0.0005276584385696645,-0.707113175262146,0.7070999666331322,0,0,0,,0.37302935123443604,0.013469934463500977,0.0,False,False,4,False
75.056782484,1227,75,56782484,map,17.278738021850586,-0.26045992970466614,1.570587158203125,-5.8364865253679454e-05,0.0,0.0,0.0,0.0004041533096534813,0.0006349504648704706,-0.7081825011468553,0.7060290210518216,0,0,0,,0.3646414279937744,0.008761882781982422,0.0,False,False,4,False
75.10678248400001,1228,75,106782484,map,17.200908660888672,-0.20219877362251282,1.5576553344726562,-2.326965841348283e-05,0.0,0.0,0.0,0.0003077735598836389,0.0006924638910692127,-0.7091261783231999,0.705081193186947,0,0,0,,0.37505030632019043,0.004551589488983154,0.0,False,False,4,False
75.10678248400001,1229,75,156782485,map,17.124616622924805,-0.2693025767803192,1.5274810791015625,8.716583397472277e-05,0.0,0.0,0.0,0.0002297975518170696,0.0007374549192641902,-0.7098839560405199,0.7043182322711717,0,0,0,,0.38344013690948486,0.0028383731842041016,0.0,False,False,4,False
75.206782486,1230,75,206782486,map,17.049686431884766,-0.33028557896614075,1.5009307861328125,-6.103518899180926e-06,0.0,0.0,0.0,0.00014825326608686494,0.000788197817781579,-0.7104755788918218,0.7037213998192038,0,0,0,,0.3762986660003662,0.002156674861907959,0.0,False,False,4,False
75.256782487,1231,75,256782487,map,16.975135803222656,0.05312591791152954,1.4906692504882812,1.9645694919745438e-05,0.0,0.0,0.0,0.0001641252549621242,0.000743548815743427,-0.7107846952242385,0.7034092245862616,0,0,0,,0.3690659999847412,-0.004562497138977051,0.0,False,False,4,False
75.306782487,1232,75,306782487,map,16.900293350219727,0.28456375002861023,1.4949417114257812,6.465911428676918e-05,0.0,0.0,0.0,0.0002834258296495421,0.0006016896048143161,-0.7107005732289208,0.7034943161472605,0,0,0,,0.36344218254089355,-0.009242057800292969,0.0,False,False,4,False
75.356782488,1233,75,356782488,map,16.82488441467285,0.2517738938331604,1.50665283203125,2.5176999770337716e-05,0.0,0.0,0.0,0.00041447126751613367,0.0004564814246718061,-0.7102972899524247,0.7039015412147628,0,0,0,,0.3573814630508423,-0.009000122547149658,0.0,False,False,4,False
75.356782488,1234,75,406782489,map,16.748329162597656,0.32240554690361023,1.5294265747070312,-4.730224463855848e-05,0.0,0.0,0.0,0.0005392787474934552,0.00032733434284133115,-0.7096868175666966,0.7045170139909431,0,0,0,,0.34412312507629395,-0.009038656949996948,0.0,False,False,4,False
75.45678249,1235,75,456782490,map,16.671035766601562,-0.055430978536605835,1.5461349487304688,-2.28881845032447e-06,0.0,0.0,0.0,0.0005590705750156718,0.00031283980318122463,-0.7091180449372169,0.7050894892960531,0,0,0,,0.35629725456237793,-0.0016722679138183594,0.0,False,False,4,False
75.45678249,1236,75,506782490,map,16.591524124145508,-1.078221321105957,1.597442626953125,-2.002716064453125e-05,0.0,0.0,0.0,0.0002868320843424903,0.0005999098111937045,-0.7091271550211454,0.7050803045378519,0,0,0,,0.311953067779541,0.01707279682159424,0.0,False,False,4,False
75.556782491,1237,75,556782491,map,16.50328826904297,-1.2584054470062256,1.77764892578125,-9.841918654274195e-05,0.0,0.0,0.0,-0.00010564876742265875,0.0010367065337319045,-0.7099345060579859,0.7042669317709759,0,0,0,,0.1899104118347168,0.023967087268829346,0.0,False,False,4,False
75.556782491,1238,75,606782492,map,16.399242401123047,-0.1604139804840088,2.0830917358398438,-4.1198727558366954e-05,0.0,0.0,0.0,-0.00017453842902686722,0.0012106926155451701,-0.7109683129493697,0.703222981522685,0,0,0,,0.08749651908874512,0.007561743259429932,0.0,False,False,4,False
75.606782492,1239,75,656782492,map,16.277111053466797,0.24186551570892334,2.4398040771484375,9.956359281204641e-05,0.0,0.0,0.0,6.43192511249332e-05,0.001153918562704755,-0.7116861117546036,0.702496649579625,0,0,0,,0.03724217414855957,-0.002621680498123169,0.0,False,False,4,False
75.656782492,1240,75,706782493,map,16.124523162841797,1.7947531938552856,3.035125732421875,0.00017070770263671875,0.0,0.0,0.0,0.0007760091309901242,0.0007219253049728648,-0.7113960255410299,0.7027905601799936,0,0,0,,0.0,-0.03180372714996338,0.07868063449859619,False,False,4,False
75.706782493,1241,75,756782494,map,16.001537322998047,0.8579312562942505,2.4552154541015625,-0.0001699447602732107,0.0,0.0,0.0,0.001378188683920783,0.0004120720577707837,-0.7102974498600961,0.7039001800786919,0,0,0,,0.0,-0.02126947045326233,0.017888963222503662,False,False,4,False
75.756782494,1242,75,806782495,map,15.965518951416016,1.7277028560638428,0.7181739807128906,-0.00010108947026310489,0.0,0.0,0.0,0.001771606377053811,-0.00015140733892631225,-0.7085043136710479,0.7057042411635204,0,0,0,,0.0,-0.032552242279052734,0.08902585506439209,False,False,0,False
75.856782495,1243,75,856782495,map,15.90776538848877,1.7691068649291992,1.1625289916992188,-0.0003009796200785786,0.0,0.0,0.0,0.0020891865437498115,-0.000765836662714261,-0.7060974164099821,0.7081112111334911,0,0,0,,0.0,-0.03273686766624451,0.18717622756958008,False,False,0,False
75.856782495,1244,75,906782496,map,15.477636337280273,1.7067219018936157,8.619766235351562,-0.0006071090465411544,0.0,0.0,0.0,0.002883941545721892,-0.0007083155866558955,-0.7033499342077623,0.7108375702086428,0,0,0,,0.0,-0.036754071712493896,0.25872647762298584,False,False,3,False
75.956782497,1245,75,956782497,map,15.081195831298828,1.2326174974441528,7.9480743408203125,-0.0007787704234942794,0.0,0.0,0.0,0.003804717020173501,-0.00013303645058075826,-0.7006201762050275,0.7135242638650319,0,0,0,,0.0,-0.023740172386169434,0.2511346936225891,False,False,3,False
76.006782498,1246,76,6782498,map,14.729314804077148,-2.345210075378418,7.006874084472656,0.0007028579711914062,0.0,0.0,0.0,0.003677127993787139,0.0012703001343466384,-0.6994729480029672,0.7146484870755163,0,0,0,,0.0,0.0494236946105957,0.11691302061080933,False,False,3,False
76.056782498,1247,76,56782498,map,14.427096366882324,-2.0737991333007812,6.031856536865234,0.00071125035174191,0.0,0.0,0.0,0.0029967452097087732,0.002727010177910213,-0.7004899168126014,0.7136507965227199,0,0,0,,0.19432735443115234,0.056265830993652344,0.0,False,False,3,False
76.106782499,1248,76,106782499,map,14.162882804870605,-1.886925220489502,5.285606384277344,-4.920959327137098e-05,0.0,0.0,0.0,0.0022938418380602102,0.0037228078774551162,-0.7030096713603099,0.7111668446750021,0,0,0,,0.17684721946716309,0.05549633502960205,0.0,False,False,3,False
76.1567825,1249,76,156782500,map,13.925084114074707,-1.3971948623657227,4.765224456787109,6.713864422636107e-05,0.0,0.0,0.0,0.0017666574093004699,0.00420891766446679,-0.7062201427307097,0.7079775942324079,0,0,0,,0.17314398288726807,0.04345935583114624,0.0,False,False,3,False
76.206782501,1250,76,206782501,map,13.707210540771484,-1.2640132904052734,4.372291564941406,0.00045299530029296875,0.0,0.0,0.0,0.0013788052634049288,0.004356422695115025,-0.7095029174793772,0.7046876829955233,0,0,0,,0.18371176719665527,0.03419172763824463,0.0,False,False,3,False
76.256782501,1251,76,256782501,map,13.505752563476562,-0.43699413537979126,4.036045074462891,0.0005838393699377775,0.0,0.0,0.0,0.0012413858836098366,0.0041480457311778626,-0.7122420274110514,0.7019206130803505,0,0,0,,0.19156694412231445,0.01334083080291748,0.0,False,False,3,False
76.306782502,1252,76,306782502,map,13.316457748413086,-0.1978054642677307,3.7895965576171875,0.0006111145485192537,0.0,0.0,0.0,0.001257509153495663,0.0037469407278683036,-0.7141123115137545,0.7000199894648673,0,0,0,,0.1873612403869629,0.0015810132026672363,0.0,False,False,3,False
76.356782503,1253,76,356782503,map,13.136008262634277,0.48704802989959717,3.6017227172851562,0.0003526687214616686,0.0,0.0,0.0,0.001447438168555283,0.0031771367506902137,-0.7149258932759552,0.6991915172886417,0,0,0,,0.18937361240386963,-0.014907121658325195,0.0,False,False,3,False
76.406782504,1254,76,406782504,map,12.962179183959961,0.21400362253189087,3.47381591796875,-0.00012912743841297925,0.0,0.0,0.0,0.0016027350620816795,0.0026773099174800764,-0.7148990542477535,0.6992207129995466,0,0,0,,0.17550241947174072,-0.014382928609848022,0.0,False,False,3,False
76.456782504,1255,76,456782504,map,12.79284381866455,0.11819332838058472,3.3853530883789062,-0.00041599274845793843,0.0,0.0,0.0,0.001662006542872594,0.0023248573792410097,-0.7144208274539094,0.6997104501667023,0,0,0,,0.17392301559448242,-0.012232303619384766,0.0,False,False,3,False
76.506782505,1256,76,506782505,map,12.62684440612793,0.3102186322212219,3.3160781860351562,-0.0003438949352130294,0.0,0.0,0.0,0.0017177664214217208,0.0020277616488140514,-0.7136819853691374,0.7004648179750239,0,0,0,,0.16720974445343018,-0.013207882642745972,0.0,False,False,3,False
76.506782505,1257,76,556782506,map,12.463628768920898,0.670427680015564,3.2565879821777344,-0.0003402709844522178,0.0,0.0,0.0,0.0018572194035717004,0.00169398392291415,-0.7126864198728728,0.7014782591665568,0,0,0,,0.17382359504699707,-0.0174807608127594,0.0,False,False,3,False
76.606782507,1258,76,606782507,map,12.303634643554688,-0.16712546348571777,3.201923370361328,-0.00019798280845861882,0.0,0.0,0.0,0.001814500729221521,0.0015815527455051203,-0.7118272732612234,0.7023504391110669,0,0,0,,0.171553373336792,-0.0026603639125823975,0.0,False,False,3,False
76.656782507,1259,76,656782507,map,12.146024703979492,-0.5145922303199768,3.158893585205078,-0.0001226425083586946,0.0,0.0,0.0,0.0015905877177367514,0.0016810491579026133,-0.7114718974832405,0.7027107393487296,0,0,0,,0.1703188419342041,0.007692277431488037,0.0,False,False,3,False
76.656782507,1260,76,706782508,map,11.991199493408203,0.18269389867782593,3.094329833984375,-0.00010204315185546875,0.0,0.0,0.0,0.0015045136271794601,0.00166239786013721,-0.7113640015378436,0.7028201976239491,0,0,0,,0.17722046375274658,-7.88271427154541e-05,0.0,False,False,3,False
76.756782509,1261,76,756782509,map,11.840622901916504,0.003540515899658203,3.0117416381835938,-4.5776359911542386e-05,0.0,0.0,0.0,0.001470213461198733,0.0016016187650108025,-0.7113493567866007,0.7028352338130179,0,0,0,,0.20344984531402588,0.0020178556442260742,0.0,False,False,3,False
76.756782509,1262,76,806782510,map,11.694570541381836,-0.7637181878089905,2.9327964782714844,2.002715518756304e-05,0.0,0.0,0.0,0.001249508198891195,0.0017290856824533902,-0.7117101690712858,0.7024699881364934,0,0,0,,0.19873905181884766,0.015083789825439453,0.0,False,False,3,False
76.85678251,1263,76,856782510,map,11.554551124572754,-0.07014036178588867,2.801971435546875,4.158019874012098e-05,0.0,0.0,0.0,0.001124426805301877,0.0017550002495963213,-0.7122448058491827,0.7019280534209639,0,0,0,,0.24071621894836426,0.006365656852722168,0.0,False,False,3,False
76.906782511,1264,76,906782511,map,11.421213150024414,-0.7693105936050415,2.6818084716796875,-3.9291378925554454e-05,0.0,0.0,0.0,0.0009164021946098692,0.0018517972416445135,-0.7129939039424164,0.7011671869069073,0,0,0,,0.2396235466003418,0.01636892557144165,0.0,False,False,3,False
76.956782512,1265,76,956782512,map,11.29419994354248,-0.17285823822021484,2.5445175170898438,2.765656063274946e-05,0.0,0.0,0.0,0.0008032025814284183,0.00184095697270003,-0.7137938962660861,0.7003529391644743,0,0,0,,0.2562905550003052,0.008103549480438232,0.0,False,False,3,False
77.006782513,1266,77,6782513,map,11.174430847167969,-0.33968061208724976,2.4036598205566406,9.803771536098793e-05,0.0,0.0,0.0,0.000721342672740984,0.0017867462710489408,-0.7145356871014226,0.6995963400854878,0,0,0,,0.28738629817962646,0.008930206298828125,0.0,False,False,3,False
77.056782513,1267,77,56782513,map,11.063262939453125,-0.015479326248168945,2.2243499755859375,8.201598393497989e-05,0.0,0.0,0.0,0.0007061804772065792,0.0016488384153114394,-0.7151183780944281,0.6990010643429723,0,0,0,,0.3115803003311157,0.0030609965324401855,0.0,False,False,3,False
77.106782514,1268,77,106782514,map,10.961517333984375,-0.6013643741607666,2.050762176513672,1.907392288558185e-07,0.0,0.0,0.0,0.0005734759322527262,0.0016137159529265059,-0.7157236183934157,0.6983815354947571,0,0,0,,0.34758031368255615,0.011076867580413818,0.0,False,False,3,False
77.156782515,1269,77,156782515,map,10.871319770812988,-1.1434310674667358,1.8384742736816406,-0.00017623900203034282,0.0,0.0,0.0,0.00024506940173158994,0.001757917511090047,-0.716684222341501,0.6973955657399683,0,0,0,,0.40249502658843994,0.021864712238311768,0.0,False,False,3,False
77.206782516,1270,77,206782516,map,10.791885375976562,-2.107390880584717,1.6683006286621094,-0.0003349304024595767,0.0,0.0,0.0,-0.00035386085406708377,0.0021621947622557907,-0.7184071754082196,0.6956193858844716,0,0,0,,0.41479742527008057,0.041689395904541016,0.0,False,False,3,False
77.256782516,1271,77,256782516,map,10.7235689163208,-1.5739697217941284,1.4403152465820312,-0.00039768218994140625,0.0,0.0,0.0,-0.0008655795846459475,0.0024664914188142844,-0.7206992174746619,0.6932429625488263,0,0,0,,0.4260169267654419,0.03833800554275513,0.0,False,False,3,False
77.306782517,1272,77,306782517,map,10.663166046142578,-1.7510426044464111,1.3046646118164062,-0.00014553072105627507,0.0,0.0,0.0,-0.0012779945980156851,0.0026716784443381633,-0.7233195772769896,0.6905070730933425,0,0,0,,0.43007946014404297,0.041599392890930176,0.0,False,False,3,False
77.356782518,1273,77,356782518,map,10.610062599182129,-1.7905175685882568,1.1766433715820312,-4.653928044717759e-05,0.0,0.0,0.0,-0.0016233426156228754,0.0028228682387959588,-0.7261687924478352,0.6875087497977836,0,0,0,,0.4542679786682129,0.0428084135055542,0.0,False,False,3,False
77.406782519,1274,77,406782519,map,10.559767723083496,-2.638353109359741,1.2029838562011719,-0.00031719202524982393,0.0,0.0,0.0,-0.0020919348042897357,0.0031389643465219185,-0.7294654526608348,0.6840072544103092,0,0,0,,0.4236642122268677,0.05785924196243286,0.0,False,False,3,False
77.456782519,1275,77,456782519,map,10.515071868896484,-1.7506694793701172,1.0450363159179688,-3.147128154523671e-05,0.0,0.0,0.0,-0.0023585061264002017,0.0032728398817948277,-0.7329079955345049,0.6803158061147438,0,0,0,,0.4559457302093506,0.04616039991378784,0.0,False,False,3,False
77.50678252,1276,77,506782520,map,10.470586776733398,-2.7206313610076904,1.1540031433105469,-1.9077560864388943e-07,0.0,0.0,0.0,-0.002687550648542123,0.0035145053020629504,-0.7365900912223755,0.6763249683672827,0,0,0,,0.4219343662261963,0.060811400413513184,0.0,False,False,3,False
77.556782521,1277,77,556782521,map,10.430734634399414,-1.5493583679199219,0.9664154052734375,0.0004611969052348286,0.0,0.0,0.0,-0.002769732816301724,0.003515510515831923,-0.7401811668197421,0.6723926011277227,0,0,0,,0.45897865295410156,0.04357469081878662,0.0,False,False,3,False
77.556782521,1278,77,606782522,map,10.393016815185547,-2.1095991134643555,1.0036277770996094,0.0005117416149005294,0.0,0.0,0.0,-0.0028301782349437516,0.0035092098341954125,-0.743637521144454,0.6685678070948596,0,0,0,,0.45008957386016846,0.04921466112136841,0.0,False,False,3,False
77.656782522,1279,77,656782522,map,10.358002662658691,-1.8410634994506836,0.9375953674316406,0.00026664731558412313,0.0,0.0,0.0,-0.002855319713903288,0.0034777986941750025,-0.7469876120523272,0.6648227278800989,0,0,0,,0.45872652530670166,0.0452004075050354,0.0,False,False,3,False
77.706782523,1280,77,706782523,map,10.323694229125977,-2.269725799560547,1.0024261474609375,1.0681151252356358e-05,0.0,0.0,0.0,-0.0029465726477208866,0.0035378808174075685,-0.7503660793593464,0.6610064659712767,0,0,0,,0.4528266191482544,0.051942646503448486,0.0,False,False,3,False
77.756782524,1281,77,756782524,map,10.292534828186035,-1.9651293754577637,0.9199142456054688,-9.5367431640625e-06,0.0,0.0,0.0,-0.0029978772292891696,0.0035633804198052245,-0.753748711785837,0.6571462504901726,0,0,0,,0.4789266586303711,0.04843944311141968,0.0,False,False,3,False
77.756782524,1282,77,806782525,map,10.263117790222168,-2.3380541801452637,0.96710205078125,-0.00012855528621003032,0.0,0.0,0.0,-0.003094895084720555,0.0036483748745027257,-0.7572109289502834,0.6531529071078522,0,0,0,,0.46734774112701416,0.05468970537185669,0.0,False,False,3,False
77.856782525,1283,77,856782525,map,10.237428665161133,-1.7229032516479492,0.81329345703125,0.00016136167687363923,0.0,0.0,0.0,-0.0030749644256353906,0.0035976268940219065,-0.7605826646873042,0.6492238534216624,0,0,0,,0.4860548973083496,0.04564434289932251,0.0,False,False,3,False
77.856782525,1284,77,906782526,map,10.212888717651367,-2.226085662841797,0.899658203125,0.0001262664736714214,0.0,0.0,0.0,-0.003104864135396308,0.003607684021875651,-0.7639383189579755,0.6452717173891644,0,0,0,,0.4785803556442261,0.05254948139190674,0.0,False,False,3,False
77.906782526,1285,77,956782527,map,10.191354751586914,-1.773674488067627,0.7769393920898438,0.0001436233433196321,0.0,0.0,0.0,-0.003077212321278505,0.003549602886807537,-0.7672172216958173,0.6413701472761472,0,0,0,,0.49183428287506104,0.04616302251815796,0.0,False,False,3,False
77.956782527,1286,78,6782528,map,10.170328140258789,-2.2283411026000977,0.8783912658691406,-9.918212890625e-05,0.0,0.0,0.0,-0.003112400979740959,0.00357263608157419,-0.7705149485075135,0.637404317021805,0,0,0,,0.48258543014526367,0.05300021171569824,0.0,False,False,3,False
78.006782528,1287,78,56782528,map,10.150839805603027,-1.8279457092285156,0.7873153686523438,1.5640256606275216e-05,0.0,0.0,0.0,-0.0030988999190535494,0.003542582007633177,-0.7737766493202197,0.6334410342713712,0,0,0,,0.4817805290222168,0.04773515462875366,0.0,False,False,3,False
78.056782528,1288,78,106782529,map,10.117621421813965,-2.055692672729492,1.1473655700683594,1.6621677875518799,0.0,0.0,0.0,-0.0024408990415404094,0.0019513220538392652,-0.7769492101749487,0.6295555250830815,0,0,0,,0.48984861373901367,0.049131929874420166,0.0,False,False,3,False
78.15678253,1289,78,156782530,map,10.099974632263184,-1.7210912704467773,0.7587432861328125,-1.8685041666030884,0.0,0.0,0.0,-0.002922155048400298,0.0030699779685488455,-0.7799600133375394,0.6258149996921224,0,0,0,,0.4920475482940674,0.04977536201477051,0.0,False,False,3,False
78.15678253,1290,78,206782530,map,10.08467960357666,-1.848893165588379,0.766448974609375,0.0772319808602333,0.0,0.0,0.0,-0.002987428204681911,0.003367701789314648,-0.7830510169542888,0.6219411858883717,0,0,0,,0.495039701461792,0.04935711622238159,0.0,False,False,3,False
78.256782531,1291,78,256782531,map,10.069372177124023,-1.8310737609863281,0.78216552734375,0.05516795814037323,0.0,0.0,0.0,-0.0029722700022695955,0.0034269715608986665,-0.7861300861107593,0.6180444233131178,0,0,0,,0.4968463182449341,0.048170626163482666,0.0,False,False,3,False
78.256782531,1292,78,306782532,map,10.055458068847656,-1.9375324249267578,0.8020782470703125,0.03644103929400444,0.0,0.0,0.0,-0.0029698171613400447,0.0034438335133448903,-0.7892117378976877,0.6141043502217455,0,0,0,,0.49876832962036133,0.04966449737548828,0.0,False,False,3,False
78.356782533,1293,78,356782533,map,10.045427322387695,-2.1105480194091797,0.7929611206054688,0.3997730016708374,0.0,0.0,0.0,-0.002134663986993478,0.003247224285718022,-0.7921940995600042,0.6102568372139839,0,0,0,,0.5090913772583008,0.04861050844192505,0.0,False,False,3,False
78.356782533,1294,78,406782533,map,10.024770736694336,-1.8189287185668945,0.9541702270507812,-0.48897838592529297,0.0,0.0,0.0,-0.0028616273271903675,0.003536455421210717,-0.7951844452208161,0.6063505608564709,0,0,0,,0.5025653839111328,0.05299121141433716,0.0,False,False,3,False
78.456782534,1295,78,456782534,map,10.01679801940918,-1.8487739562988281,0.7194900512695312,0.0651254653930664,0.0,0.0,0.0,-0.0030698079383259173,0.0035274102579930418,-0.7982541082755958,0.602302674971004,0,0,0,,0.5280028581619263,0.050969481468200684,0.0,False,False,3,False
78.456782534,1296,78,506782535,map,10.007914543151855,-2.0730066299438477,0.8299827575683594,0.03922271728515625,0.0,0.0,0.0,-0.003151433382220438,0.003535492595451733,-0.8013961002154348,0.5981152558823737,0,0,0,,0.508873462677002,0.054295897483825684,0.0,False,False,3,False
78.556782536,1297,78,556782536,map,10.004925727844238,-1.0285711288452148,0.39165496826171875,0.022072792053222656,0.0,0.0,0.0,-0.0029755844217797343,0.0032632965467027718,-0.8042433609429516,0.5942836975487233,0,0,0,,0.5417313575744629,0.03581303358078003,0.0,False,False,3,False
78.606782536,1298,78,606782536,map,10.00195026397705,-1.9924688339233398,0.7174491882324219,0.010082244873046875,0.0,0.0,0.0,-0.0029108338276526784,0.003164830746814177,-0.8069778049795477,0.5905661124405657,0,0,0,,0.5402696132659912,0.047797322273254395,0.0,False,False,3,False
78.606782536,1299,78,656782537,map,10.001020431518555,-2.164006233215332,0.7573509216308594,0.002658081939443946,0.0,0.0,0.0,-0.0029788124536855552,0.0032602926566627217,-0.8098669133242631,0.5865970336362001,0,0,0,,0.5293530225753784,0.0531277060508728,0.0,False,False,3,False
78.656782537,1300,78,706782538,map,9.999112129211426,-1.9539070129394531,0.7305335998535156,-0.0006856920663267374,0.0,0.0,0.0,-0.0030297061243370065,0.0033436686504590683,-0.8128506135170587,0.5824547371819524,0,0,0,,0.5147285461425781,0.05162996053695679,0.0,False,False,3,False
78.756782539,1301,78,756782539,map,10.000693321228027,-1.0009098052978516,0.32871246337890625,-0.0014533998910337687,0.0,0.0,0.0,-0.0028553178320909704,0.003104975413748894,-0.8155276556647862,0.5787027295025103,0,0,0,,0.5491398572921753,0.03416121006011963,0.0,False,False,3,False
78.756782539,1302,78,806782539,map,10.001249313354492,-2.2958755493164062,0.8420562744140625,-0.0024652481079101562,0.0,0.0,0.0,-0.002872512307325287,0.003137964928683054,-0.8182161940021183,0.574894913633647,0,0,0,,0.5480270385742188,0.05276203155517578,0.0,False,False,3,False
78.85678254,1303,78,856782540,map,10.006390571594238,-1.7046451568603516,0.5444717407226562,-0.002561568981036544,0.0,0.0,0.0,-0.0028891161117553118,0.003160796405178541,-0.8209530685831081,0.5709796157115911,0,0,0,,0.5580426454544067,0.04558509588241577,0.0,False,False,3,False
78.906782541,1304,78,906782541,map,10.010735511779785,-2.169933319091797,0.765380859375,-0.0020574568770825863,0.0,0.0,0.0,-0.002961294245586631,0.003264288115996039,-0.8237798368198677,0.566892719664417,0,0,0,,0.5406501293182373,0.0533829927444458,0.0,False,False,3,False
78.906782541,1305,78,956782542,map,10.017101287841797,-1.519937515258789,0.4812431335449219,-0.001307296915911138,0.0,0.0,0.0,-0.0029271158031363887,0.0032128022952028013,-0.8265309592085479,0.5628744827794958,0,0,0,,0.5413546562194824,0.04316908121109009,0.0,False,False,3,False
79.006782542,1306,79,6782542,map,10.02068042755127,-2.0773744583129883,0.7911491394042969,-0.0009572982089594007,0.0,0.0,0.0,-0.002947506859793642,0.0032566968878357462,-0.8292881903502511,0.5588039043119672,0,0,0,,0.5323268175125122,0.051498234272003174,0.0,False,False,3,False
79.006782542,1307,79,56782543,map,10.026773452758789,-1.6414594650268555,0.5729293823242188,-0.0005054473876953125,0.0,0.0,0.0,-0.002919020127466776,0.0032336337987780473,-0.8319988236657498,0.5547602908939675,0,0,0,,0.5632543563842773,0.04488319158554077,0.0,False,False,3,False
79.106782544,1308,79,106782544,map,10.03357982635498,-2.2631406784057617,0.8518028259277344,-0.000583648681640625,0.0,0.0,0.0,-0.002983375404290874,0.0033501473238081734,-0.8347957617155702,0.5505414718309842,0,0,0,,0.5714999437332153,0.05506730079650879,0.0,False,False,3,False
79.156782545,1309,79,156782545,map,10.045795440673828,-1.7528629302978516,0.5288124084472656,-0.0001699447602732107,0.0,0.0,0.0,-0.0029908825964642715,0.003362913711159087,-0.8375839753952056,0.5462900599441923,0,0,0,,0.5846822261810303,0.047222137451171875,0.0,False,False,3,False
79.156782545,1310,79,206782545,map,10.057947158813477,-2.0382213592529297,0.6830787658691406,-8.029935997910798e-05,0.0,0.0,0.0,-0.0030122115961935814,0.003387180038505278,-0.8403538824064909,0.5420191933105547,0,0,0,,0.5537683963775635,0.051025211811065674,0.0,False,False,3,False
79.256782546,1311,79,256782546,map,10.07192611694336,-1.5645217895507812,0.438079833984375,0.00026416778564453125,0.0,0.0,0.0,-0.002953546806656535,0.0032859127937826466,-0.8429908969631105,0.5379096829168473,0,0,0,,0.5768260955810547,0.042502522468566895,0.0,False,False,3,False
79.306782547,1312,79,306782547,map,10.085453987121582,-2.1849536895751953,0.7693862915039062,-3.070831371587701e-05,0.0,0.0,0.0,-0.002982948502416002,0.003330533169068163,-0.8456400383765517,0.5337348921155014,0,0,0,,0.5782983303070068,0.052104055881500244,0.0,False,False,3,False
79.306782547,1313,79,356782548,map,10.102302551269531,-1.7857551574707031,0.5207061767578125,-2.880096508306451e-05,0.0,0.0,0.0,-0.0029831391818977947,0.0033263474883181107,-0.8482726460206231,0.529540890117259,0,0,0,,0.5875322818756104,0.046155333518981934,0.0,False,False,3,False
79.356782548,1314,79,406782548,map,10.118282318115234,-2.449827194213867,0.9057998657226562,-0.0003553390270099044,0.0,0.0,0.0,-0.0030828481728115437,0.0034921231704921705,-0.8510351540609167,0.5250880570679715,0,0,0,,0.5848338603973389,0.058087170124053955,0.0,False,False,3,False
79.456782549,1315,79,456782549,map,10.135212898254395,-2.3883819580078125,0.8886337280273438,-0.00038433069130405784,0.0,0.0,0.0,-0.0032101503745709348,0.003717381288168839,-0.8539895434378604,0.5202669850276161,0,0,0,,0.5759720802307129,0.05994725227355957,0.0,False,False,3,False
79.456782549,1316,79,506782550,map,10.153407096862793,-2.0177745819091797,0.6897735595703125,9.231567673850805e-05,0.0,0.0,0.0,-0.003238870109712947,0.0037863764529229636,-0.8569446675662845,0.5153843321284411,0,0,0,,0.5853192806243896,0.05369162559509277,0.0,False,False,3,False
79.556782551,1317,79,556782551,map,10.174811363220215,-1.7915153503417969,0.5126762390136719,0.0005668639787472785,0.0,0.0,0.0,-0.0031709139619026847,0.003683960967804331,-0.8597258261137967,0.5107326870772845,0,0,0,,0.6119576692581177,0.047083914279937744,0.0,False,False,3,False
79.606782551,1318,79,606782551,map,10.197331428527832,-2.2631263732910156,0.77880859375,0.00020618436974473298,0.0,0.0,0.0,-0.0031733964713967114,0.0036921747311488215,-0.862460928982686,0.5061002305659545,0,0,0,,0.6033751964569092,0.053813040256500244,0.0,False,False,3,False
79.606782551,1319,79,656782552,map,10.22008228302002,-2.1134090423583984,0.71563720703125,-0.0001068115234375,0.0,0.0,0.0,-0.0031897507738860385,0.003726083853609538,-0.8651941310102038,0.5014130607140331,0,0,0,,0.5767229795455933,0.052174270153045654,0.0,False,False,3,False
79.656782552,1320,79,706782553,map,10.242040634155273,-1.5423011779785156,0.4141998291015625,0.0004056930774822831,0.0,0.0,0.0,-0.003085380108802245,0.003557581230101742,-0.8677212954252684,0.4970287491794308,0,0,0,,0.5748783349990845,0.040907204151153564,0.0,False,False,3,False
79.706782553,1321,79,756782554,map,10.260420799255371,-2.203226089477539,0.9209251403808594,4.1961538954637945e-06,0.0,0.0,0.0,-0.0030665361346101892,0.003564995949775131,-0.8702083169201794,0.49266151901986605,0,0,0,,0.5749168395996094,0.051596224308013916,0.0,False,False,3,False
79.806782554,1322,79,806782554,map,10.27937126159668,-1.7822265625,0.6717300415039062,-7.553098839707673e-05,0.0,0.0,0.0,-0.0030254884119783132,0.0035456474278665294,-0.8726588731480228,0.488308064566017,0,0,0,,0.5826048851013184,0.04536163806915283,0.0,False,False,3,False
79.856782555,1323,79,856782555,map,10.295918464660645,-2.2002220153808594,1.0204696655273438,-0.00026950836763717234,0.0,0.0,0.0,-0.0030414761231928643,0.003642626733485115,-0.8751533808480211,0.48382232346570275,0,0,0,,0.5662946701049805,0.053304195404052734,0.0,False,False,3,False
79.906782556,1324,79,906782556,map,10.312067985534668,-1.7475414276123047,0.7622909545898438,4.386901309771929e-06,0.0,0.0,0.0,-0.0030021689996709436,0.003646344556831708,-0.8776167927681551,0.47933960425152367,0,0,0,,0.5650559663772583,0.046215951442718506,0.0,False,False,3,False
79.956782557,1325,79,956782557,map,10.329241752624512,-1.9734764099121094,0.9113693237304688,-8.02993745310232e-05,0.0,0.0,0.0,-0.002970706312369664,0.0036621600466608603,-0.8800426476694414,0.4748712475721789,0,0,0,,0.616919994354248,0.04915076494216919,0.0,False,False,3,False
79.956782557,1326,80,6782557,map,10.351578712463379,-2.311239242553711,1.0476493835449219,-0.00021438597468659282,0.0,0.0,0.0,-0.0030220273382547,0.0038046307174880514,-0.8825594631544325,0.4701756970882588,0,0,0,,0.643346905708313,0.0555262565612793,0.0,False,False,3,False
80.056782558,1327,80,56782558,map,10.380635261535645,-2.3130035400390625,0.9206771850585938,-0.0002733230357989669,0.0,0.0,0.0,-0.0031003029020694726,0.00395323809449988,-0.8851707349222104,0.46523921811016483,0,0,0,,0.6535810232162476,0.055905818939208984,0.0,False,False,3,False
80.106782559,1328,80,106782559,map,10.416481971740723,-2.1212196350097656,0.6471824645996094,6.599424523301423e-05,0.0,0.0,0.0,-0.0031322404939894146,0.003964638311212868,-0.8877471736329346,0.46030362416483883,0,0,0,,0.6659303903579712,0.0507204532623291,0.0,False,False,3,False
80.15678256,1329,80,156782560,map,10.45753002166748,-2.749614715576172,1.0135078430175781,-0.00016918180335778743,0.0,0.0,0.0,-0.003252694777613885,0.004122655533676047,-0.8904102330783722,0.45512859778018044,0,0,0,,0.7114951610565186,0.06142377853393555,0.0,False,False,3,False
80.15678256,1330,80,206782560,map,10.509899139404297,-2.7381038665771484,0.7663154602050781,-0.0002536773681640625,0.0,0.0,0.0,-0.003399452448876017,0.0042917187697769695,-0.8931814001708158,0.4496632198234029,0,0,0,,0.7527322769165039,0.06073009967803955,0.0,False,False,3,False
80.256782561,1331,80,256782561,map,10.574055671691895,-2.9474925994873047,0.67352294921875,-0.00012702941603492945,0.0,0.0,0.0,-0.0035578145984458387,0.00443311810975595,-0.896016778344951,0.4439838086500937,0,0,0,,0.7865622043609619,0.062355220317840576,0.0,False,False,3,False
80.256782561,1332,80,306782562,map,10.651829719543457,-2.910795211791992,0.3383827209472656,0.00011825555702671409,0.0,0.0,0.0,-0.003688829226552233,0.00446066324316238,-0.8988260601814725,0.43826727982022623,0,0,0,,0.8204987049102783,0.05798351764678955,0.0,False,False,3,False
80.306782562,1333,80,356782563,map,10.7438325881958,-3.020191192626953,0.09672164916992188,0.00042819976806640625,0.0,0.0,0.0,-0.0038018720317578632,0.004392584886236507,-0.9015362031856544,0.43266467999209957,0,0,0,,0.8691928386688232,0.054856300354003906,0.0,False,False,3,False
80.406782563,1334,80,406782563,map,10.847501754760742,-3.538970947265625,0.2662467956542969,-0.0001228332257596776,0.0,0.0,0.0,-0.003988566285829824,0.004442750646688217,-0.904252887726179,0.42695558123128147,0,0,0,,0.8727293014526367,0.061421871185302734,0.0,False,False,3,False
80.456782564,1335,80,456782564,map,10.962984085083008,-3.40423583984375,-0.11486053466796875,-3.814711817540228e-06,0.0,0.0,0.0,-0.004154911201993773,0.004432758047308314,-0.9069384595124222,0.42121932294973374,0,0,0,,0.8840137720108032,0.05581212043762207,0.0,False,False,3,False
80.506782565,1336,80,506782565,map,11.08813190460205,-3.6116409301757812,-0.150909423828125,4.444122168933973e-05,0.0,0.0,0.0,-0.004307987253190641,0.00439945904969946,-0.9095593032660038,0.4155285307270226,0,0,0,,0.9155064821243286,0.05580204725265503,0.0,False,False,3,False
80.556782566,1337,80,556782566,map,11.222155570983887,-3.9172840118408203,-0.0707244873046875,-0.00013637542724609375,0.0,0.0,0.0,-0.0044891342157699935,0.004448686712068108,-0.9121822307081888,0.40973605509005834,0,0,0,,0.9207782745361328,0.05906015634536743,0.0,False,False,3,False
80.606782566,1338,80,606782566,map,11.36291790008545,-4.149866104125977,0.012359619140625,-0.00039882661076262593,0.0,0.0,0.0,-0.004693140143582804,0.004588841370830694,-0.9148646228798152,0.40370736774728255,0,0,0,,0.9196356534957886,0.062312543392181396,0.0,False,False,3,False
80.656782567,1339,80,656782567,map,11.506918907165527,-4.474554061889648,0.2928924560546875,-0.0005880356184206903,0.0,0.0,0.0,-0.0049255962722580164,0.004864880988495323,-0.9176791906541907,0.3972618462357039,0,0,0,,0.909051775932312,0.06908702850341797,0.0,False,False,3,False
80.706782568,1340,80,706782568,map,11.653277397155762,-4.6547698974609375,0.4781341552734375,-0.0007432936690747738,0.0,0.0,0.0,-0.00515833782021302,0.005231386185174105,-0.9206568548946265,0.3903037018592681,0,0,0,,0.9135394096374512,0.07355517148971558,0.0,False,False,3,False
80.706782568,1341,80,756782568,map,11.804546356201172,-4.416770935058594,0.17284393310546875,0.0001747130590956658,0.0,0.0,0.0,-0.005299019124464105,0.005442186737610781,-0.923653817529141,0.3831526175868774,0,0,0,,0.91237473487854,0.06626057624816895,0.0,False,False,3,False
80.806782569,1342,80,806782569,map,11.964537620544434,-3.521709442138672,-0.9578132629394531,0.0020648955833166838,0.0,0.0,0.0,-0.005204097700836365,0.005074865539300604,-0.9262651940211688,0.3768022736818406,0,0,0,,0.9550657272338867,0.03882545232772827,0.0,False,False,3,False
80.806782569,1343,80,856782570,map,12.13132381439209,-3.563671112060547,-1.0928153991699219,0.0022443770430982113,0.0,0.0,0.0,-0.005027133120382969,0.0044596147144583455,-0.9283537269279878,0.3716371852601721,0,0,0,,0.9723024368286133,0.029331624507904053,0.0,False,False,3,False
80.906782571,1344,80,906782571,map,12.303436279296875,-4.0184783935546875,-0.7434463500976562,0.0004514693864621222,0.0,0.0,0.0,-0.004946793618085182,0.004056359540287962,-0.9301372352623699,0.36715636826651216,0,0,0,,0.9770264625549316,0.033751487731933594,0.0,False,False,3,False
80.956782571,1345,80,956782571,map,12.478116989135742,-4.645824432373047,-0.0998687744140625,-0.0012199400225654244,0.0,0.0,0.0,-0.005037473478155214,0.004101752591104761,-0.9319494007551495,0.36253015587500553,0,0,0,,0.9784915447235107,0.04823577404022217,0.0,False,False,3,False
81.006782572,1346,81,6782572,map,12.65550422668457,-4.97467041015625,0.24751663208007812,-0.0019231797195971012,0.0,0.0,0.0,-0.005234992270196935,0.004470110169904619,-0.9339956399420403,0.35721808120566695,0,0,0,,0.978398323059082,0.05894005298614502,0.0,False,False,3,False
81.006782572,1347,81,56782573,map,12.835600852966309,-5.178852081298828,0.4762458801269531,-0.001619529677554965,0.0,0.0,0.0,-0.005461569978129865,0.004975217405661137,-0.936318596121239,0.351073930992736,0,0,0,,0.9786522388458252,0.06600379943847656,0.0,False,False,3,False
81.106782574,1348,81,106782574,map,13.017337799072266,-5.395698547363281,0.7714271545410156,-0.001188087509945035,0.0,0.0,0.0,-0.005686785602755096,0.005548385728592514,-0.9389042055465713,0.3440868621326263,0,0,0,,0.9775562286376953,0.07241374254226685,0.0,False,False,3,False
81.156782574,1349,81,156782574,map,13.200057029724121,-5.581150054931641,1.0716438293457031,-0.0008901595720089972,0.0,0.0,0.0,-0.0058976153179356155,0.00616180863391284,-0.9417160128867983,0.3363007602139968,0,0,0,,0.9779801368713379,0.0773816704750061,0.0,False,False,3,False
81.156782574,1350,81,206782575,map,13.383393287658691,-5.739593505859375,1.3723945617675781,-0.00048732763389125466,0.0,0.0,0.0,-0.006085998876414088,0.006794090668482133,-0.9447034066116335,0.327799137408931,0,0,0,,0.9789204597473145,0.08100104331970215,0.0,False,False,3,False
81.206782575,1351,81,256782576,map,13.556367874145508,-6.536540985107422,2.930736541748047,-0.00199871021322906,0.0,0.0,0.0,-0.006367554623201771,0.007878807212783554,-0.9480476960724926,0.317966892327901,0,0,0,,0.9782683849334717,0.1090233325958252,0.0,False,False,3,False
81.306782577,1352,81,306782577,map,13.737339973449707,-6.210155487060547,2.4367809295654297,-0.0015317922225221992,0.0,0.0,0.0,-0.006573605689918578,0.008840413309311098,-0.9516159457485444,0.30709237469832673,0,0,0,,0.9745287895202637,0.09835642576217651,0.0,False,False,3,False
81.356782577,1353,81,356782577,map,13.916056632995605,-6.3758087158203125,2.965879440307617,-2.2887252271175385e-06,0.0,0.0,0.0,-0.006709195844268821,0.009675193790377923,-0.9552421312144643,0.2955906765598167,0,0,0,,0.9737985134124756,0.10153186321258545,0.0,False,False,3,False
81.406782578,1354,81,406782578,map,14.088223457336426,-6.67083740234375,3.9130496978759766,-0.0007963180541992188,0.0,0.0,0.0,-0.006843841764957743,0.010665318672869403,-0.9589582328944745,0.2832640470857693,0,0,0,,0.9700474739074707,0.11345410346984863,0.0,False,False,3,False
81.406782578,1355,81,456782579,map,14.25732707977295,-6.744785308837891,4.480962753295898,-0.0014457700308412313,0.0,0.0,0.0,-0.006955957320439261,0.01175553536001615,-0.962758879784952,0.27001622440397915,0,0,0,,0.9685940742492676,0.11899077892303467,0.0,False,False,3,False
81.456782579,1356,81,506782580,map,14.42834186553955,-6.612415313720703,4.550304412841797,-0.0002567295450717211,0.0,0.0,0.0,-0.006992838499140404,0.01269362475351732,-0.9665193875854151,0.2561840071547324,0,0,0,,0.9655832052230835,0.11332565546035767,0.0,False,False,3,False
81.55678258,1357,81,556782580,map,14.606711387634277,-6.222934722900391,3.894166946411133,0.0029174808878451586,0.0,0.0,0.0,-0.006906114051780782,0.013138748877857239,-0.9700071617763112,0.24262272146131308,0,0,0,,0.9609401226043701,0.09153968095779419,0.0,False,False,3,False
81.606782581,1358,81,606782581,map,14.787973403930664,-5.858478546142578,3.3600521087646484,0.005636977963149548,0.0,0.0,0.0,-0.0067182059051862355,0.013057122344477111,-0.9730358201303569,0.23018616380821072,0,0,0,,0.946021556854248,0.07012039422988892,0.0,False,False,3,False
81.656782582,1359,81,656782582,map,14.966880798339844,-5.615673065185547,3.2178115844726562,0.005337714683264494,0.0,0.0,0.0,-0.006490628423398162,0.012690318040773923,-0.9755710557825679,0.2192212186125677,0,0,0,,0.9377264976501465,0.05695462226867676,0.0,False,False,3,False
81.706782583,1360,81,706782583,map,15.141788482666016,-5.3856658935546875,3.1417369842529297,0.0034090043045580387,0.0,0.0,0.0,-0.00625897746598515,0.012221067188274391,-0.977670416746857,0.20969508085762809,0,0,0,,0.919809103012085,0.04830002784729004,0.0,False,False,3,False
81.706782583,1361,81,756782583,map,15.313036918640137,-4.999179840087891,2.6729488372802734,0.0022821426391601562,0.0,0.0,0.0,-0.006008160915255835,0.011586132608950203,-0.9793726643044456,0.20164039264689954,0,0,0,,0.8969223499298096,0.035659968852996826,0.0,False,False,3,False
81.806782584,1362,81,806782584,map,15.470766067504883,-5.172595977783203,3.9240455627441406,-0.0012231827713549137,0.0,0.0,0.0,-0.005821926048817894,0.011354277026325205,-0.9808867366685605,0.19416074628511676,0,0,0,,0.9097239971160889,0.05483448505401611,0.0,False,False,3,False
81.856782585,1363,81,856782585,map,15.624357223510742,-5.04852294921875,4.111852645874023,-0.0033390044700354338,0.0,0.0,0.0,-0.005674069565888063,0.011425823066534425,-0.9823751853771485,0.1864839152769672,0,0,0,,0.913212776184082,0.06138038635253906,0.0,False,False,3,False
81.906782586,1364,81,906782586,map,15.77543830871582,-4.934558868408203,4.24595832824707,-0.0027711871080100536,0.0,0.0,0.0,-0.005531181501330372,0.011583280909949561,-0.9838765231048752,0.1783878384801571,0,0,0,,0.9156947135925293,0.06573110818862915,0.0,False,False,3,False
81.956782586,1365,81,956782586,map,15.921599388122559,-4.932746887207031,4.833059310913086,-0.002502631861716509,0.0,0.0,0.0,-0.0054039418686743215,0.011908720808727066,-0.9854310557199616,0.1695718555763954,0,0,0,,0.9204654693603516,0.07678455114364624,0.0,False,False,3,False
82.006782587,1366,82,6782587,map,16.066574096679688,-4.869747161865234,5.0989532470703125,-0.002108955290168524,0.0,0.0,0.0,-0.0052834008117315975,0.012335326843286837,-0.9870413891695541,0.15990378811575653,0,0,0,,0.9239017963409424,0.08165991306304932,0.0,False,False,3,False
82.056782588,1367,82,56782588,map,16.03541374206543,-1.3188934326171875,5.978431701660156,-4.978181095793843e-05,0.0,0.0,0.0,-0.00479574202537227,0.012684031877976433,-0.9886386393535351,0.14969888767434103,0,0,0,,0.9255279302597046,0.07782149314880371,0.0,False,False,0,False
82.106782589,1368,82,106782589,map,16.00490379333496,-1.228179931640625,6.0340118408203125,0.0012083053588867188,0.0,0.0,0.0,-0.00408132600697369,0.01296013475284479,-0.9901701683941503,0.1392063766769072,0,0,0,,0.9283322095870972,0.07514023780822754,0.0,False,False,0,False
82.156782589,1369,82,156782589,map,16.222583770751953,-5.777702331542969,4.306812286376953,0.0016225813888013363,0.0,0.0,0.0,-0.003818401716792233,0.012965671972301985,-0.9915685986111009,0.1288760078798732,0,0,0,,0.9292953014373779,0.062396466732025146,0.0,False,False,0,False
82.156782589,1370,82,206782590,map,16.46393394470215,-6.410484313964844,5.260801315307617,-0.0008943557040765882,0.0,0.0,0.0,-0.004161669831214734,0.013139250169956328,-0.9928507517577012,0.11856401369452238,0,0,0,,0.9388546943664551,0.07588964700698853,0.0,False,False,4,False
82.256782591,1371,82,256782591,map,16.67495346069336,-5.756282806396484,5.722332000732422,-0.0025081634521484375,0.0,0.0,0.0,-0.004539297930246238,0.013511954301560797,-0.9940500744252782,0.10798736685535056,0,0,0,,0.9425615072250366,0.07940566539764404,0.0,False,False,4,False
82.306782592,1372,82,306782592,map,16.863752365112305,-5.2228546142578125,6.033644676208496,-0.0017337797908112407,0.0,0.0,0.0,-0.004758623678577664,0.013935802131130427,-0.9951634329255238,0.09712306980081645,0,0,0,,0.9456846714019775,0.08030253648757935,0.0,False,False,4,False
82.356782592,1373,82,356782592,map,17.034271240234375,-4.7936248779296875,6.506938934326172,-0.000930213718675077,0.0,0.0,0.0,-0.004801356773394677,0.014420051001443378,-0.9961884655330414,0.0858926669813828,0,0,0,,0.951915979385376,0.08399569988250732,0.0,False,False,4,False
82.356782592,1374,82,406782593,map,17.192502975463867,-4.431953430175781,6.777796745300293,-0.0002752308500930667,0.0,0.0,0.0,-0.004703303528766533,0.014917805749789551,-0.9971143281992402,0.07428562786505924,0,0,0,,0.9525978565216064,0.08432281017303467,0.0,False,False,4,False
82.456782594,1375,82,456782594,map,17.334606170654297,-4.078826904296875,7.705330848693848,-0.0010728836059570312,0.0,0.0,0.0,-0.004507052256610845,0.01561370784500351,-0.9979422916094521,0.062024843607720294,0,0,0,,0.9474236965179443,0.09659993648529053,0.0,False,False,4,False
82.506782595,1376,82,506782595,map,17.47076416015625,-3.7749099731445312,7.801570892333984,-0.000994873116724193,0.0,0.0,0.0,-0.004241827559034818,0.016319183608625318,-0.9986502128646704,0.04912681030410771,0,0,0,,0.9465012550354004,0.09430360794067383,0.0,False,False,4,False
82.556782595,1377,82,556782595,map,17.60057830810547,-3.479461669921875,8.06277084350586,1.7171259969472885e-06,0.0,0.0,0.0,-0.003936863877170443,0.01695051958295538,-0.9992068576908572,0.03581670744560321,0,0,0,,0.9440420866012573,0.09317469596862793,0.0,False,False,4,False
82.606782596,1378,82,606782596,map,17.72699737548828,-3.21624755859375,8.115215301513672,0.0010572432074695826,0.0,0.0,0.0,-0.0036160917567834372,0.017454709129021646,-0.9995910154587812,0.02236199507447176,0,0,0,,0.9411406517028809,0.0877111554145813,0.0,False,False,4,False
82.656782597,1379,82,656782597,map,17.850040435791016,-2.9566574096679688,8.191913604736328,0.0017404556274414062,0.0,0.0,0.0,-0.003296627048739778,0.017830239409714232,-0.9997948468839377,0.00902656950438326,0,0,0,,0.9355757236480713,0.08243483304977417,0.0,False,False,4,False
82.706782598,1380,82,706782598,map,17.972463607788086,-2.7440643310546875,7.9558491706848145,0.002575683407485485,0.0,0.0,0.0,0.002994686938888745,-0.018002489714680905,0.9998260436586882,0.0038502773959503346,0,0,0,,0.9264931678771973,0.07186836004257202,0.0,False,False,4,False
82.706782598,1381,82,756782598,map,18.094934463500977,-2.5645065307617188,7.595453262329102,0.00355358119122684,0.0,0.0,0.0,0.002726213748051954,-0.0179184209798217,0.9997096815856615,0.01587609813792609,0,0,0,,0.9262206554412842,0.05956047773361206,0.0,False,False,4,False
82.806782599,1382,82,806782599,map,18.220312118530273,-2.4739837646484375,6.860382556915283,0.004736900329589844,0.0,0.0,0.0,0.002512063429638091,-0.017478489641464805,0.9994911359812436,0.026564281132787863,0,0,0,,0.9260079860687256,0.041918814182281494,0.0,False,False,4,False
82.8567826,1383,82,856782600,map,18.34934425354004,-2.4487686157226562,5.92739200592041,0.005661391653120518,0.0,0.0,0.0,0.0023714545771780235,-0.01662283542618746,0.9992323676175447,0.03539396913343064,0,0,0,,0.9340770244598389,0.02262943983078003,0.0,False,False,4,False
82.906782601,1384,82,906782601,map,18.48386573791504,-2.5319671630859375,4.41913366317749,0.00651474017649889,0.0,0.0,0.0,0.002325457863062475,-0.015208510557129608,0.9990116258571224,0.04170209652606929,0,0,0,,0.9385013580322266,-0.0032769739627838135,0.0,False,False,4,False
82.956782601,1385,82,956782601,map,18.621978759765625,-2.660980224609375,2.3081040382385254,0.006967545486986637,0.0,0.0,0.0,0.0023865192049928184,-0.01305689108830843,0.998915524879666,0.04462730414862271,0,0,0,,0.9451112747192383,-0.036083608865737915,0.0,False,False,4,False
83.006782602,1386,83,6782602,map,18.75872230529785,-2.736358642578125,0.03425478935241699,0.0051801674999296665,0.0,0.0,0.0,0.0025358003945409463,-0.010159256077365378,0.9990018242798405,0.04342481223752633,0,0,0,,0.9516134262084961,-0.06855994462966919,0.0,False,False,4,False
83.006782602,1387,83,56782603,map,18.893028259277344,-2.7623748779296875,-1.616140604019165,-0.00017738435417413712,0.0,0.0,0.0,0.0027208883188367225,-0.006861490582218336,0.9992465988970496,0.03810185436990351,0,0,0,,0.9518184661865234,-0.08707267045974731,0.0,False,False,4,False
83.106782604,1388,83,106782604,map,19.023265838623047,-2.7317428588867188,-3.2276225090026855,-0.005965803284198046,0.0,0.0,0.0,0.0028856094013795896,-0.0034150090771403827,0.9995623647058423,0.02924192256077902,0,0,0,,0.9358545541763306,-0.0991353988647461,0.0,False,False,4,False
83.106782604,1389,83,156782604,map,19.155864715576172,-2.7532196044921875,-3.3541250228881836,-0.00982437189668417,0.0,0.0,0.0,0.0029915767722073325,-0.0003998153807836384,0.9998272053138376,0.018342576983571446,0,0,0,,0.9307452440261841,-0.08191841840744019,0.0,False,False,4,False
83.156782604,1390,83,206782605,map,19.28645133972168,-2.6907730102539062,-3.8862133026123047,-0.00985813234001398,0.0,0.0,0.0,0.003027258594522332,0.002094018015227212,0.9999697456492345,0.0068526330821835875,0,0,0,,0.9186699390411377,-0.0681450366973877,0.0,False,False,4,False
83.206782605,1391,83,256782606,map,19.416851043701172,-2.6456451416015625,-3.614813804626465,-0.007206344977021217,0.0,0.0,0.0,-0.0030053829544744552,-0.003926097674611592,-0.9999800018750367,0.003943257580734232,0,0,0,,0.9119894504547119,-0.043099284172058105,0.0,False,False,4,False
83.306782606,1392,83,306782606,map,19.544475555419922,-2.5563430786132812,-3.5707414150238037,-0.003516578581184149,0.0,0.0,0.0,-0.002946390217923562,-0.005177330956022586,-0.9998958833082696,0.013142928594145736,0,0,0,,0.9043538570404053,-0.024546176195144653,0.0,False,False,4,False
83.356782607,1393,83,356782607,map,19.671443939208984,-2.5238037109375,-2.392139196395874,0.00011291529517620802,0.0,0.0,0.0,-0.0028810408658578725,-0.0056338961045165805,-0.9997839832092238,0.019797619465760318,0,0,0,,0.8993892669677734,0.006269514560699463,0.0,False,False,4,False
83.406782608,1394,83,406782608,map,19.79469871520996,-2.4486541748046875,-1.4598884582519531,0.002797698834910989,0.0,0.0,0.0,-0.002828187550323524,-0.005359852811769558,-0.9997114256186784,0.023245189190155505,0,0,0,,0.8790338039398193,0.02902698516845703,0.0,False,False,4,False
83.456782609,1395,83,456782609,map,19.912328720092773,-2.3459243774414062,-0.5008822679519653,0.00350532541051507,0.0,0.0,0.0,-0.002788273339672513,-0.004539165649280007,-0.9997123890630265,0.023382913866483813,0,0,0,,0.8606324195861816,0.045698702335357666,0.0,False,False,4,False
83.506782609,1396,83,506782609,map,20.02342987060547,-2.2301101684570312,0.577959418296814,0.0027946471236646175,0.0,0.0,0.0,-0.002753283030756515,-0.0032855636466169133,-0.9997820073818461,0.02043433922599616,0,0,0,,0.8504445552825928,0.05787140130996704,0.0,False,False,4,False
83.55678261,1397,83,556782610,map,20.127790451049805,-2.1048736572265625,1.6256747245788574,0.0012979507446289062,0.0,0.0,0.0,-0.002711521566751681,-0.0017123976430046674,-0.9998842690269744,0.014871580195068687,0,0,0,,0.8357521295547485,0.06443893909454346,0.0,False,False,4,False
83.55678261,1398,83,606782611,map,20.224889755249023,-1.9562530517578125,2.5892210006713867,-0.00047473906306549907,0.0,0.0,0.0,-0.0026496089636848675,5.618581220962292e-05,-0.9999695486312826,0.007340178856320099,0,0,0,,0.8185465335845947,0.06607288122177124,0.0,False,False,4,False
83.606782611,1399,83,656782612,map,20.319833755493164,-1.8987274169921875,1.9156616926193237,-0.0015945435734465718,0.0,0.0,0.0,0.0025679438500490538,-0.0014025609864477479,0.9999954864651889,0.0006823022149470517,0,0,0,,0.8116171360015869,0.03961282968521118,0.0,False,False,4,False
83.706782612,1400,83,706782612,map,20.40709686279297,-1.7289352416992188,2.7940878868103027,-0.0016613006591796875,0.0,0.0,0.0,0.0024664476794161246,-0.0025893733253904965,0.9999584212377071,0.008388538455463512,0,0,0,,0.7969261407852173,0.03612160682678223,0.0,False,False,4,False
83.756782613,1401,83,756782613,map,20.490365982055664,-1.6379165649414062,2.2916414737701416,-0.0011152266524732113,0.0,0.0,0.0,0.002355360326055423,-0.003429564477357823,0.9998774734115133,0.015090676904584223,0,0,0,,0.7912492752075195,0.015604972839355469,0.0,False,False,4,False
83.756782613,1402,83,806782614,map,20.570459365844727,-1.586456298828125,0.9766405820846558,0.0004415512375999242,0.0,0.0,0.0,0.0022555656001525593,-0.0035253395357949233,0.999799109310643,0.019601668975518006,0,0,0,,0.8008229732513428,-0.015071511268615723,0.0,False,False,4,False
83.856782615,1403,83,856782615,map,20.646451950073242,-1.5114974975585938,0.48560917377471924,0.00127830496057868,0.0,0.0,0.0,0.002175114597770318,-0.0031122524994926844,0.9997638977622113,0.02139466036600679,0,0,0,,0.7799115180969238,-0.03019052743911743,0.0,False,False,4,False
83.906782615,1404,83,906782615,map,20.7182559967041,-1.4345169067382812,0.09769201278686523,0.0010766983032226562,0.0,0.0,0.0,0.002108758905961816,-0.0024753557745521137,0.9997805012554113,0.020697223464628326,0,0,0,,0.7806068658828735,-0.03699830174446106,0.0,False,False,4,False
83.956782616,1405,83,956782616,map,20.78672218322754,-1.37664794921875,-0.3974562883377075,0.0004703522427007556,0.0,0.0,0.0,0.0020528195097953496,-0.0017024799177791875,0.9998345125611606,0.017995415687786388,0,0,0,,0.7730988264083862,-0.03966161608695984,0.0,False,False,4,False
84.006782617,1406,84,6782617,map,20.850414276123047,-1.298065185546875,-1.5487539768218994,9.880051948130131e-05,0.0,0.0,0.0,0.002001909851334153,-0.0006154078289103815,0.9999064268768877,0.013518547275740757,0,0,0,,0.7669165134429932,-0.04894208908081055,0.0,False,False,4,False
84.056782618,1407,84,56782618,map,20.91178321838379,-1.2468719482421875,-1.670081615447998,-0.0005252837436273694,0.0,0.0,0.0,0.0019492631434328792,0.0004995585117289312,0.9999667753796485,0.007899300685418748,0,0,0,,0.7608563899993896,-0.040822505950927734,0.0,False,False,4,False
84.056782618,1408,84,106782618,map,20.970924377441406,-1.1944580078125,-1.4827313423156738,-0.0008884429698809981,0.0,0.0,0.0,0.0018927512072251546,0.00135022323669418,0.9999949564954312,0.0021636482568207203,0,0,0,,0.751004695892334,-0.02580299973487854,0.0,False,False,4,False
84.156782619,1409,84,156782619,map,21.027097702026367,-1.1298370361328125,-1.4913012981414795,-0.0005783081287518144,0.0,0.0,0.0,-0.0018329084052016217,-0.0019497095740451714,-0.9999921064297412,0.0029370321013307086,0,0,0,,0.7522778511047363,-0.014101922512054443,0.0,False,False,4,False
84.20678262,1410,84,206782620,map,21.080562591552734,-1.0702896118164062,-1.5675296783447266,-0.00030708310077898204,0.0,0.0,0.0,-0.001773068021445822,-0.0023945846838847097,-0.9999706335593432,0.007060751582402841,0,0,0,,0.7463788986206055,-0.006155520677566528,0.0,False,False,4,False
84.256782621,1411,84,256782621,map,21.13134765625,-1.01318359375,-1.0202670097351074,8.678434824105352e-05,0.0,0.0,0.0,-0.0017171864402297336,-0.0025402640275779516,-0.9999470023793128,0.009828059931967037,0,0,0,,0.7311196327209473,0.007835149765014648,0.0,False,False,4,False
84.256782621,1412,84,306782621,map,21.178749084472656,-0.9458160400390625,-0.5222307443618774,0.0004898071056231856,0.0,0.0,0.0,-0.0016657257509048544,-0.0023585915337475333,-0.9999358230044575,0.010955011460410457,0,0,0,,0.7313404083251953,0.01861804723739624,0.0,False,False,4,False
84.356782622,1413,84,356782622,map,21.222938537597656,-0.8843231201171875,0.11237889528274536,0.0006542205810546875,0.0,0.0,0.0,-0.0016192089087007009,-0.0018695544891039438,-0.9999433675962153,0.010351064141561516,0,0,0,,0.7219891548156738,0.028166234493255615,0.0,False,False,4,False
84.406782623,1414,84,406782623,map,21.263656616210938,-0.8167266845703125,0.6040382385253906,0.00043964385986328125,0.0,0.0,0.0,-0.001574843766302954,-0.001170822476591021,-0.9999647382539416,0.008165248959219825,0,0,0,,0.7130007743835449,0.03248429298400879,0.0,False,False,4,False
84.406782623,1415,84,456782624,map,21.30101776123047,-0.749359130859375,1.2926464080810547,1.6021731426008046e-05,0.0,0.0,0.0,-0.0015287793037578321,-0.00027888492910283614,-0.9999881335741851,0.004617116833516729,0,0,0,,0.7189538478851318,0.03703629970550537,0.0,False,False,4,False
84.456782624,1416,84,506782624,map,21.3371524810791,-0.72021484375,1.5057799816131592,-0.0004722595331259072,0.0,0.0,0.0,-0.0014817609082956643,0.0006301116910725487,-0.9999986887117283,0.0001729702040763702,0,0,0,,0.7217475175857544,0.03264963626861572,0.0,False,False,4,False
84.506782624,1417,84,556782625,map,21.37318229675293,-0.7146453857421875,1.2333934307098389,-0.0004901885986328125,0.0,0.0,0.0,0.001438405148719226,-0.001297373373579938,0.9999886383111558,0.004355578211717076,0,0,0,,0.7201309204101562,0.01938176155090332,0.0,False,False,4,False
84.606782626,1418,84,606782626,map,21.4080753326416,-0.6891632080078125,1.1456773281097412,-0.0003490447998046875,0.0,0.0,0.0,0.0013995065246661755,-0.0017160943321614947,0.9999630900457396,0.00830150274989727,0,0,0,,0.7114334106445312,0.008834362030029297,0.0,False,False,4,False
84.606782626,1419,84,656782627,map,21.441299438476562,-0.654449462890625,0.9968560934066772,-0.00010433199349790812,0.0,0.0,0.0,0.0013644946968017588,-0.001934051324685316,0.9999335584998384,0.011281674766897204,0,0,0,,0.7091864347457886,-0.00048109889030456543,0.0,False,False,4,False
84.706782627,1420,84,706782627,map,21.473114013671875,-0.6281280517578125,0.68187415599823,0.0002054214564850554,0.0,0.0,0.0,0.001334193670242279,-0.0019406380210386012,0.9999120739928361,0.013049832744781083,0,0,0,,0.7092281579971313,-0.009591668844223022,0.0,False,False,4,False
84.756782628,1421,84,756782628,map,21.50372886657715,-0.6106948852539062,0.12740731239318848,0.00036773679312318563,0.0,0.0,0.0,0.001310462334349912,-0.0016768596907512344,0.9999079010734572,0.0134037383188811,0,0,0,,0.7096209526062012,-0.019651740789413452,0.0,False,False,4,False
84.806782629,1422,84,806782629,map,21.533409118652344,-0.5952835083007812,-0.12609362602233887,0.00030460357083939016,0.0,0.0,0.0,0.001292470616725446,-0.0012547916903898428,0.9999211519079243,0.01242758965562407,0,0,0,,0.7071824073791504,-0.02263888716697693,0.0,False,False,4,False
84.806782629,1423,84,856782630,map,21.561790466308594,-0.5734634399414062,-0.47144174575805664,7.247923349495977e-05,0.0,0.0,0.0,0.0012773791036595511,-0.0007360895430473631,0.9999449537777475,0.010388257275806244,0,0,0,,0.6991888284683228,-0.02405935525894165,0.0,False,False,4,False
84.90678263,1424,84,906782630,map,21.58854866027832,-0.5414962768554688,-0.5719456076622009,-7.686616299906746e-05,0.0,0.0,0.0,0.0012610918179902341,-0.00022437648269968394,0.9999694783846059,0.007707243465726866,0,0,0,,0.6922339200973511,-0.019990980625152588,0.0,False,False,4,False
84.956782631,1425,84,956782631,map,21.613256454467773,-0.5013656616210938,-0.7629114389419556,-0.00017242430476471782,0.0,0.0,0.0,0.001240675627228616,0.00025935772071467066,0.999987716900188,0.004791607904488472,0,0,0,,0.6873912811279297,-0.0162469744682312,0.0,False,False,4,False
85.006782632,1426,85,6782632,map,21.635875701904297,-0.4587554931640625,-0.8354559540748596,-0.00019569398136809468,0.0,0.0,0.0,0.0012154435731518507,0.0006862535811355231,0.9999970785305791,0.001973495186155075,0,0,0,,0.6820011138916016,-0.011096596717834473,0.0,False,False,4,False
85.006782632,1427,85,56782633,map,21.65688705444336,-0.42400360107421875,-0.6393924355506897,-0.00016746520122978836,0.0,0.0,0.0,-0.0011866114790322546,-0.0009587256006165654,-0.9999987675593657,0.0003710500914340086,0,0,0,,0.6855977773666382,-0.002780914306640625,0.0,False,False,4,False
85.056782633,1428,85,106782633,map,21.67643165588379,-0.39424896240234375,-0.8005398511886597,-4.520416405284777e-05,0.0,0.0,0.0,-0.0011573468662526888,-0.0011713062882415864,-0.9999963610319529,0.002136940023057664,0,0,0,,0.6800354719161987,-0.0010139942169189453,0.0,False,False,4,False
85.156782634,1429,85,156782634,map,21.694978713989258,-0.37109375,-0.04364311695098877,4.158020601607859e-05,0.0,0.0,0.0,-0.0011298245819850682,-0.0010966713828117623,-0.9999943281910073,0.0029773132365077224,0,0,0,,0.6865150928497314,0.012331366539001465,0.0,False,False,4,False
85.156782634,1430,85,206782635,map,21.712879180908203,-0.3566741943359375,0.37094324827194214,0.0002439498930471018,0.0,0.0,0.0,-0.001106641318351926,-0.0007471606810318573,-0.9999957054805412,0.002608853461569626,0,0,0,,0.6860353946685791,0.01996403932571411,0.0,False,False,4,False
85.256782636,1431,85,256782636,map,21.729501724243164,-0.3269195556640625,1.0548466444015503,9.441375732421875e-05,0.0,0.0,0.0,-0.0010859993195661258,-0.00013100809945258408,-0.9999990051645566,0.0008905684997064574,0,0,0,,0.6812937259674072,0.029394686222076416,0.0,False,False,4,False
85.256782636,1432,85,306782636,map,21.746131896972656,-0.32596588134765625,0.8890429139137268,-0.0001541137753520161,0.0,0.0,0.0,0.0010674911906010346,-0.0004493219531209487,0.9999977267802904,0.0017902532201588294,0,0,0,,0.6842833757400513,0.023676514625549316,0.0,False,False,4,False
85.356782637,1433,85,356782637,map,21.760272979736328,-0.26088714599609375,2.0260915756225586,-0.00027790068998001516,0.0,0.0,0.0,0.0010442287513965588,-0.0012616371941510773,0.9999838953365626,0.005433868366057627,0,0,0,,0.6758608818054199,0.03553366661071777,0.0,False,False,4,False
85.406782638,1434,85,406782638,map,1.2442926168441772,410.283203125,-5.480940341949463,-0.057910725474357605,0.0,0.0,0.0,0.003412501910175869,-0.0013748924585042952,0.9999682382469121,0.007070148428939701,0,0,0,,0.0,0.0,1.0,False,False,4,False
