Time,header.seq,header.stamp.secs,header.stamp.nsecs,header.frame_id,velocity,acceleration.linear.x,acceleration.linear.y,acceleration.linear.z,acceleration.angular.x,acceleration.angular.y,acceleration.angular.z,orientation.x,orientation.y,orientation.z,orientation.w,control.header.seq,control.header.stamp.secs,control.header.stamp.nsecs,control.header.frame_id,control.throttle,control.steer,control.brake,control.hand_brake,control.reverse,control.gear,control.manual_gear_shift
22.429536508,392,22,429536508,map,3.11236572265625,-3.450632095336914,-1.3398361206054688,-7.648468454135582e-05,0.0,0.0,0.0,-0.0039605353490890765,0.00010693260245218873,-0.9623767162676329,0.27168982077195186,0,0,0,,0.9269318580627441,0.06283527612686157,0.0,False,False,1,False
22.479536509,393,22,479536509,map,3.2966182231903076,-3.378000259399414,-1.5044116973876953,4.196166628389619e-05,0.0,0.0,0.0,-0.003906487659110554,0.00016833862914637332,-0.9629930351335962,0.2694979133508448,0,0,0,,0.9334598779678345,0.061310648918151855,0.0,False,False,1,False
22.479536509,394,22,529536509,map,3.484245777130127,-3.361325263977051,-1.6739797592163086,-1.6021722331061028e-05,0.0,0.0,0.0,-0.0038438562009124916,0.00011880454259071706,-0.96360654713685,0.26729690041222903,0,0,0,,0.9423751831054688,0.05642259120941162,0.0,False,False,1,False
22.529536509,395,22,579536510,map,3.6734321117401123,-3.647160530090332,-1.2064290046691895,-0.0001008987455861643,0.0,0.0,0.0,-0.0038365261758307664,0.0001963756779884391,-0.9642930178156938,0.2648097775675916,0,0,0,,0.933211088180542,0.06690627336502075,0.0,False,False,1,False
22.629536511,396,22,629536511,map,3.8655178546905518,-3.304562568664551,-1.9676566123962402,1.5068053471622989e-05,0.0,0.0,0.0,-0.003797027357042195,7.507211031616465e-05,-0.9649385459660395,0.26244843199450407,0,0,0,,0.9414043426513672,0.05033242702484131,0.0,False,False,1,False
22.679536512,397,22,679536512,map,4.059854507446289,-3.5016393661499023,-1.6937518119812012,1.3542176020564511e-05,0.0,0.0,0.0,-0.0037730818965901252,-4.871137148452077e-05,-0.9655458709990499,0.2602055581206714,0,0,0,,0.94309401512146,0.049459993839263916,0.0,False,False,1,False
22.729536512,398,22,729536512,map,4.256439685821533,-3.598008155822754,-1.6071414947509766,-0.0001222610444528982,0.0,0.0,0.0,-0.003779740921701848,-9.615027074516536e-05,-0.9661560504452014,0.2579305924116402,0,0,0,,0.9462026357650757,0.049162447452545166,0.0,False,False,1,False
22.779536513,399,22,779536513,map,4.4549078941345215,-3.7212324142456055,-1.4510846138000488,-8.201600394386332e-06,0.0,0.0,0.0,-0.003816515638954892,-5.0371537375387253e-05,-0.9667968653740793,0.2555176173455375,0,0,0,,0.9442644119262695,0.05165988206863403,0.0,False,False,1,False
22.829536514,400,22,829536514,map,4.655518531799316,-3.699522018432617,-1.5818548202514648,-9.00268423720263e-05,0.0,0.0,0.0,-0.003854099516505839,-1.4913884155183933e-05,-0.9674462310587664,0.2530472993427925,0,0,0,,0.9475001096725464,0.048473358154296875,0.0,False,False,1,False
22.879536515,401,22,879536515,map,4.859020233154297,-3.6814403533935547,-1.7413663864135742,-3.2234194804914296e-05,0.0,0.0,0.0,-0.0038771790849013634,-5.077867307062215e-05,-0.9680633046860907,0.2506758923871924,0,0,0,,0.9563710689544678,0.04250931739807129,0.0,False,False,1,False
22.929536515,402,22,929536515,map,5.065702438354492,-3.792095184326172,-1.6644573211669922,0.10490302741527557,0.0,0.0,0.0,-0.0039061838155060712,-8.58512964874526e-05,-0.9686538100028198,0.24838383748661086,0,0,0,,0.9563846588134766,0.04072970151901245,0.0,False,False,1,False
22.979536516,403,22,979536516,map,5.272741794586182,-3.64410400390625,-1.9684505462646484,-0.055695533752441406,0.0,0.0,0.0,-0.0039130316377528705,-0.000228014318689502,-0.9691723922451642,0.24635241079124462,0,0,0,,0.9653640985488892,0.03112339973449707,0.0,False,False,1,False
23.029536517,404,23,29536517,map,5.362593173980713,-1.7438888549804688,-0.5368137359619141,-0.03287468105554581,0.0,0.0,0.0,-0.003840298936928579,-0.00023096675065253447,-0.9696907327726795,0.24430530394000702,0,0,0,,0.9635329246520996,0.03465127944946289,0.0,False,False,1,False
23.079536518,405,23,79536518,map,5.457531452178955,-1.6544628143310547,-0.9352493286132812,-0.016439437866210938,0.0,0.0,0.0,-0.003300697193529742,-0.00024744957307018436,-0.9701091224567551,0.24264652211175405,0,0,0,,0.9719206094741821,0.024248242378234863,0.0,False,False,0,False
23.129536518,406,23,129536518,map,5.32512903213501,2.318401336669922,1.2826347351074219,-0.007364844903349876,0.0,0.0,0.0,-0.002550465458986962,-0.0001791356380591284,-0.9705274600750011,0.2409769953268,0,0,0,,0.9724290370941162,0.023765921592712402,0.0,False,False,0,False
23.179536519,407,23,179536519,map,5.855469703674316,-9.657096862792969,-4.408407211303711,-0.00301513634622097,0.0,0.0,0.0,-0.002909665252894301,-0.000171575663907434,-0.9708967457840239,0.23948071620884276,0,0,0,,0.9689590930938721,0.026500463485717773,0.0,False,False,2,False
23.22953652,408,23,229536520,map,6.291958808898926,-7.4890899658203125,-4.5325422286987305,-0.0013786321505904198,0.0,0.0,0.0,-0.003872984459293842,-0.0006168148155695902,-0.9712198678390837,0.23815244665023738,0,0,0,,0.9785734415054321,0.005541741847991943,0.0,False,False,2,False
23.279536521,409,23,279536521,map,6.682441234588623,-7.051877975463867,-3.36240291595459,0.00026836409233510494,0.0,0.0,0.0,-0.004765026771689367,-0.0009068182324865471,-0.9714264012265189,0.23729142251807708,0,0,0,,0.9829142093658447,0.012928009033203125,0.0,False,False,2,False
23.329536521,410,23,329536521,map,7.035587787628174,-6.180629730224609,-3.4269094467163086,0.0017482764087617397,0.0,0.0,0.0,-0.005334766709244471,-0.001144938491987455,-0.9716321965207269,0.23643414318645892,0,0,0,,0.9842355251312256,0.0044116973876953125,0.0,False,False,2,False
23.329536521,411,23,379536522,map,7.361161231994629,-5.415916442871094,-3.705320358276367,0.00258274027146399,0.0,0.0,0.0,-0.005541975806400979,-0.00154932656742659,-0.971631720590999,0.23642902874377245,0,0,0,,0.9865763187408447,-0.010120958089828491,0.0,False,False,2,False
23.429536523,412,23,429536523,map,7.665500640869141,-5.374746322631836,-2.8574180603027344,0.002696418669074774,0.0,0.0,0.0,-0.00557589026370608,-0.001700459390283268,-0.9716047170753235,0.236538139932252,0,0,0,,0.986886739730835,-0.0029174089431762695,0.0,False,False,2,False
23.479536524,413,23,479536524,map,7.954102039337158,-4.980649948120117,-2.93271541595459,0.0022943494841456413,0.0,0.0,0.0,-0.005486357805437192,-0.0017643403730608716,-0.9715033821383235,0.23695561920933064,0,0,0,,0.9861993789672852,-0.0066908299922943115,0.0,False,False,2,False
23.479536524,414,23,529536524,map,8.229848861694336,-4.580202102661133,-3.1409454345703125,0.0016397476429119706,0.0,0.0,0.0,-0.005297949169603277,-0.0019191121255204683,-0.971348183300728,0.23759409828870226,0,0,0,,0.9795548915863037,-0.014217227697372437,0.0,False,False,2,False
23.579536525,415,23,579536525,map,8.495016098022461,-4.3375396728515625,-3.141207695007324,0.0010412215488031507,0.0,0.0,0.0,-0.005063385427934389,-0.002131758488701313,-0.9710526160140419,0.2388025013814549,0,0,0,,0.9752334356307983,-0.018774807453155518,0.0,False,False,2,False
23.629536526,416,23,629536526,map,8.753129005432129,-4.420537948608398,-2.6811981201171875,0.0005435943021439016,0.0,0.0,0.0,-0.004870812261400414,-0.0021664117651422677,-0.9707554444897362,0.24001135148470162,0,0,0,,0.9802052974700928,-0.012749075889587402,0.0,False,False,2,False
23.679536527,417,23,679536527,map,9.004838943481445,-4.442625045776367,-2.3677730560302734,0.0003120422479696572,0.0,0.0,0.0,-0.004740400497519755,-0.002010977499055825,-0.970492884660185,0.24107477138135902,0,0,0,,0.9811692237854004,-0.006216853857040405,0.0,False,False,2,False
23.729536527,418,23,729536527,map,9.253229141235352,-4.297246932983398,-2.4986743927001953,-4.997251380700618e-05,0.0,0.0,0.0,-0.00463170361818055,-0.0018625208286839712,-0.9702991116911667,0.24185680099821247,0,0,0,,0.9836113452911377,-0.006644457578659058,0.0,False,False,2,False
23.779536528,419,23,779536528,map,9.497833251953125,-4.4712066650390625,-2.0129013061523438,-8.811955922283232e-05,0.0,0.0,0.0,-0.004577991653716605,-0.001594362900908483,-0.970184417501289,0.24231940912160385,0,0,0,,0.9875885248184204,0.0025917887687683105,0.0,False,False,2,False
23.829536529,420,23,829536529,map,9.741023063659668,-4.576358795166016,-1.7530536651611328,-0.00018234248273074627,0.0,0.0,0.0,-0.004579778253134626,-0.0012040323112006794,-0.9702288307850172,0.24214374212620934,0,0,0,,0.9894421100616455,0.010166466236114502,0.0,False,False,2,False
23.87953653,421,23,879536530,map,9.982867240905762,-4.427547454833984,-1.9740581512451172,-0.00025806427584029734,0.0,0.0,0.0,-0.004577201981718837,-0.0009202327403330502,-0.9703567663037718,0.24163184492572476,0,0,0,,0.9898029565811157,0.0083884596824646,0.0,False,False,2,False
23.92953653,422,23,929536530,map,10.22412395477295,-4.493007659912109,-1.8229484558105469,-0.00021266937255859375,0.0,0.0,0.0,-0.004579743288859066,-0.0006897668020063032,-0.9705530297925562,0.24084303297720044,0,0,0,,0.99141526222229,0.011084496974945068,0.0,False,False,2,False
23.979536531,423,23,979536531,map,10.190406799316406,0.39745330810546875,0.6950664520263672,0.0007291793590411544,0.0,0.0,0.0,-0.004057010232556797,-0.0003911317550937814,-0.9707873374690315,0.23990692589775703,0,0,0,,0.9915599822998047,0.011165380477905273,0.0,False,False,0,False
23.979536531,424,24,29536532,map,10.199738502502441,-0.46520233154296875,0.49041748046875,0.0009815215598791838,0.0,0.0,0.0,-0.003308429911615178,-1.3490499413897615e-05,-0.971072443745696,0.23876214755963354,0,0,0,,0.9919428825378418,0.014539659023284912,0.0,False,False,0,False
24.079536532,425,24,79536532,map,10.543880462646484,-6.413593292236328,-2.580118179321289,-0.00047435765736736357,0.0,0.0,0.0,-0.00322825030988273,0.00019821760448963726,-0.9714028542252697,0.2374153194566805,0,0,0,,0.9930112361907959,0.015185832977294922,0.0,False,False,0,False
24.129536533,426,24,129536533,map,10.942264556884766,-7.192287445068359,-3.436002731323242,-0.0019973753951489925,0.0,0.0,0.0,-0.003925849717494337,4.5685886169670475e-05,-0.9717080990276336,0.23615239973563318,0,0,0,,0.992721438407898,0.00815969705581665,0.0,False,False,3,False
24.179536534,427,24,179536534,map,11.294751167297363,-6.486568450927734,-2.7989864349365234,-0.0015777588123455644,0.0,0.0,0.0,-0.00464178070856095,-0.00012441378497668324,-0.9719846804228887,0.23499833917770302,0,0,0,,0.9916425943374634,0.010109245777130127,0.0,False,False,3,False
24.179536534,428,24,229536535,map,11.615594863891602,-5.759468078613281,-2.8307723999023438,-0.0005556106334552169,0.0,0.0,0.0,-0.005109907874877996,-0.0003397614286999337,-0.9722066675528365,0.23406829979621363,0,0,0,,0.989653468132019,0.0036630630493164062,0.0,False,False,3,False
24.229536535,429,24,279536535,map,11.909480094909668,-5.318737030029297,-2.507925033569336,0.0002857208892237395,0.0,0.0,0.0,-0.005325798088343012,-0.0005133524363696058,-0.9723703176775893,0.23338238503276654,0,0,0,,0.9882570505142212,0.0033606290817260742,0.0,False,False,3,False
24.329536536,430,24,329536536,map,12.182108879089355,-5.141239166259766,-1.9170379638671875,0.00078239431604743,0.0,0.0,0.0,-0.00538828221792084,-0.0004722736563626265,-0.9725527644120072,0.23261956883911633,0,0,0,,0.9869890213012695,0.009975433349609375,0.0,False,False,3,False
24.379536537,431,24,379536537,map,12.437517166137695,-5.056247711181641,-1.3142585754394531,0.0007228850736282766,0.0,0.0,0.0,-0.005378708447041607,-0.00016767057052011875,-0.9728467620942685,0.23138759444862034,0,0,0,,0.9863765239715576,0.019086837768554688,0.0,False,False,3,False
24.429536538,432,24,429536538,map,12.680774688720703,-4.563350677490234,-1.7507457733154297,0.0007188796880654991,0.0,0.0,0.0,-0.005265823684335978,3.1488884375027292e-06,-0.9731823883215373,0.22997458588243833,0,0,0,,0.9852867126464844,0.010844588279724121,0.0,False,False,3,False
24.479536538,433,24,479536538,map,12.913434028625488,-4.459285736083984,-1.4810943603515625,0.0005414962652139366,0.0,0.0,0.0,-0.005109474853334795,0.00011289678303170471,-0.9735167819289543,0.22855842978050972,0,0,0,,0.9790712594985962,0.012107372283935547,0.0,False,False,3,False
24.529536539,434,24,529536539,map,13.137556076049805,-4.310760498046875,-1.3924884796142578,0.00025253300555050373,0.0,0.0,0.0,-0.00494768466207849,0.00021442429809384361,-0.973851934667114,0.22712966293248535,0,0,0,,0.978557825088501,0.011567234992980957,0.0,False,False,3,False
24.57953654,435,24,579536540,map,13.353564262390137,-4.563388824462891,-0.4973888397216797,-3.7574791349470615e-05,0.0,0.0,0.0,-0.0048571822369492855,0.0005919699002912354,-0.9742905020781739,0.22524225827453875,0,0,0,,0.9768376350402832,0.025417447090148926,0.0,False,False,3,False
24.629536541,436,24,629536541,map,13.56568431854248,-4.179039001464844,-1.1002254486083984,-0.00017890927847474813,0.0,0.0,0.0,-0.004752970464202718,0.0008257590298807603,-0.9747765137038186,0.22313107297106852,0,0,0,,0.9769810438156128,0.015770435333251953,0.0,False,False,3,False
24.679536541,437,24,679536541,map,13.772095680236816,-4.452056884765625,-0.2524089813232422,-0.0002761840878520161,0.0,0.0,0.0,-0.004695727041338172,0.001186895823067941,-0.9753367911258213,0.22066872298140605,0,0,0,,0.974492073059082,0.027565479278564453,0.0,False,False,3,False
24.729536542,438,24,729536542,map,13.975912094116211,-4.278755187988281,-0.47759056091308594,-0.0002651214599609375,0.0,0.0,0.0,-0.004648952857321298,0.0015070948606935074,-0.9759608087708784,0.2178912931847074,0,0,0,,0.9751594066619873,0.023714542388916016,0.0,False,False,3,False
24.779536543,439,24,779536543,map,14.176461219787598,-4.363594055175781,-0.12028694152832031,-0.00020885467529296875,0.0,0.0,0.0,-0.00462064627998103,0.0018359636425387977,-0.9766337486883241,0.2148529724915384,0,0,0,,0.9749553203582764,0.0277135968208313,0.0,False,False,3,False
24.829536544,440,24,829536544,map,14.375955581665039,-4.0979766845703125,-0.6306838989257812,5.607605999102816e-05,0.0,0.0,0.0,-0.004562781363295372,0.001947896884393369,-0.97727773025052,0.21190475379365686,0,0,0,,0.9716072082519531,0.0175817608833313,0.0,False,False,3,False
24.879536544,441,24,879536544,map,14.571786880493164,-4.346790313720703,0.11487007141113281,-7.762909808661789e-05,0.0,0.0,0.0,-0.004539636469481543,0.0021723120995072796,-0.9779265610916726,0.20888828083997987,0,0,0,,0.9697166681289673,0.02690643072128296,0.0,False,False,3,False
24.929536545,442,24,929536545,map,14.766383171081543,-4.143810272216797,-0.2556037902832031,-3.1089784897631034e-05,0.0,0.0,0.0,-0.004509566163147066,0.002319399689777314,-0.9785662900006032,0.20586961959588543,0,0,0,,0.9617559909820557,0.020108461380004883,0.0,False,False,3,False
24.979536546,443,24,979536546,map,14.958440780639648,-3.862457275390625,-0.7567024230957031,0.0004425048828125,0.0,0.0,0.0,-0.004428128389945919,0.00218216787366918,-0.9790961555456509,0.2033380141981817,0,0,0,,0.9469846487045288,0.00899726152420044,0.0,False,False,3,False
25.029536547,444,25,29536547,map,15.145162582397461,-3.830852508544922,-0.5550956726074219,0.00032653805101290345,0.0,0.0,0.0,-0.004336478479324809,0.001995216824787407,-0.9795130212908051,0.20132425384433794,0,0,0,,0.9218431711196899,0.008866369724273682,0.0,False,False,3,False
25.079536547,445,25,79536547,map,15.325562477111816,-3.6658477783203125,-0.6103897094726562,0.00018711088341660798,0.0,0.0,0.0,-0.0042375846112234486,0.0018120079404860727,-0.9798431321242171,0.19971528717874903,0,0,0,,0.913203239440918,0.006430685520172119,0.0,False,False,3,False
25.129536548,446,25,129536548,map,15.494239807128906,-3.6903762817382812,0.053501129150390625,-0.000125885009765625,0.0,0.0,0.0,-0.004165115423398186,0.0018543027036781552,-0.9801752123100327,0.19808020231203147,0,0,0,,0.820056676864624,0.01600545644760132,0.0,False,False,3,False
25.179536549,447,25,179536549,map,15.643749237060547,-3.4134292602539062,0.4036903381347656,-0.0003648757701739669,0.0,0.0,0.0,-0.004085603908627357,0.0020838817371615706,-0.9805814940478342,0.19605840662548651,0,0,0,,0.7628097534179688,0.0212441086769104,0.0,False,False,3,False
25.179536549,448,25,229536550,map,15.772383689880371,-2.8708648681640625,0.20643234252929688,-6.27517729299143e-05,0.0,0.0,0.0,-0.003932574139650197,0.0022182460979425778,-0.9810224638633507,0.1938415322895636,0,0,0,,0.7145645618438721,0.016206026077270508,0.0,False,False,3,False
25.27953655,449,25,279536550,map,15.884183883666992,-2.394256591796875,-0.05619049072265625,0.0004983901744708419,0.0,0.0,0.0,-0.003692993742385877,0.0021332751920865468,-0.9814164482972386,0.19184255509611728,0,0,0,,0.7690458297729492,0.008586585521697998,0.0,False,False,3,False
25.27953655,450,25,329536551,map,15.982047080993652,-2.1300506591796875,0.04014015197753906,0.0003845214960165322,0.0,0.0,0.0,-0.003424672780446226,0.0019707798627507283,-0.9817388963912197,0.19019234200048474,0,0,0,,0.6856423616409302,0.006632626056671143,0.0,False,False,3,False
25.379536552,451,25,379536552,map,16.05994987487793,-2.0351600646972656,0.8806514739990234,-6.904600013513118e-05,0.0,0.0,0.0,-0.0031884930626257134,0.00207145605231059,-0.9820790011039005,0.18843136196657412,0,0,0,,0.6559227705001831,0.017507970333099365,0.0,False,False,3,False
25.429536553,452,25,429536553,map,16.12217903137207,-1.6025161743164062,0.6599903106689453,-0.00020751955162268132,0.0,0.0,0.0,-0.0029418312444782174,0.0021847271113943586,-0.9824451492142499,0.1865156866908744,0,0,0,,0.6587613821029663,0.013480186462402344,0.0,False,False,3,False
25.429536553,453,25,479536553,map,16.16655731201172,-1.5800666809082031,1.5968894958496094,-0.0002435684291413054,0.0,0.0,0.0,-0.002730665416620751,0.0025276569981675556,-0.9828947003263212,0.18413082981107054,0,0,0,,0.5897852182388306,0.02667135000228882,0.0,False,False,3,False
25.529536554,454,25,529536554,map,16.188098907470703,-0.9290313720703125,1.2099838256835938,-0.00022487639216706157,0.0,0.0,0.0,-0.0024825220656320168,0.002768376883025645,-0.9833943148414331,0.18144364059171483,0,0,0,,0.46977269649505615,0.018818676471710205,0.0,False,False,3,False
25.579536555,455,25,579536555,map,16.18466567993164,-0.6948280334472656,2.023181915283203,-0.00016651154146529734,0.0,0.0,0.0,-0.002216471330126201,0.00310826882447395,-0.9839499237163145,0.17840396166682063,0,0,0,,0.5313972234725952,0.0279618501663208,0.0,False,False,3,False
25.629536556,456,25,629536556,map,16.175804138183594,-0.4248619079589844,1.6461658477783203,-2.9945369533379562e-05,0.0,0.0,0.0,-0.001938636181659153,0.0033403033181170503,-0.9845274453449845,0.17518788036270275,0,0,0,,0.6549988985061646,0.0209885835647583,0.0,False,False,3,False
25.679536556,457,25,679536556,map,16.177324295043945,-1.0270500183105469,2.725858688354492,-0.0005477904924191535,0.0,0.0,0.0,-0.0017802301086819528,0.003849338078130519,-0.985190291249172,0.17141208652102752,0,0,0,,0.8272103071212769,0.03860640525817871,0.0,False,False,3,False
25.729536557,458,25,729536557,map,16.20966911315918,-1.2640380859375,1.6197013854980469,-0.00027790068998001516,0.0,0.0,0.0,-0.0017229564165829965,0.004129141790629844,-0.9858777304576439,0.16740693592842765,0,0,0,,0.8693612813949585,0.024100124835968018,0.0,False,False,3,False
25.729536557,459,25,779536558,map,16.265670776367188,-1.8435859680175781,1.8840312957763672,5.741116183344275e-05,0.0,0.0,0.0,-0.0017942743010528979,0.004322072408320966,-0.9865477239080519,0.16340651370637566,0,0,0,,0.8702752590179443,0.027667641639709473,0.0,False,False,3,False
25.829536559,460,25,829536559,map,16.34102439880371,-1.91650390625,0.9458065032958984,0.000457763671875,0.0,0.0,0.0,-0.0019181773925029807,0.004207717385047599,-0.9871302296160139,0.1598515733051576,0,0,0,,0.8602591753005981,0.012736499309539795,0.0,False,False,3,False
25.829536559,461,25,879536559,map,16.427183151245117,-2.200298309326172,1.1354351043701172,0.00044364924542605877,0.0,0.0,0.0,-0.002080875273797628,0.004026824961492058,-0.9876115313640262,0.15685317260300274,0,0,0,,0.8499326705932617,0.013647854328155518,0.0,False,False,3,False
25.92953656,462,25,929536560,map,16.52161979675293,-2.110576629638672,0.3632164001464844,0.00048484804574400187,0.0,0.0,0.0,-0.00222106312452932,0.0036380417329824185,-0.9879638464223239,0.15462622576184387,0,0,0,,0.8458715677261353,0.0013620257377624512,0.0,False,False,3,False
25.979536561,463,25,979536561,map,16.621370315551758,-2.121124267578125,0.06378173828125,0.00046272273175418377,0.0,0.0,0.0,-0.002324740596899123,0.0030961524948581636,-0.9881659973057632,0.1533393986866789,0,0,0,,0.8498702049255371,-0.004228532314300537,0.0,False,False,3,False
26.029536562,464,26,29536562,map,16.723695755004883,-2.194652557373047,0.12825965881347656,7.190705218818039e-05,0.0,0.0,0.0,-0.0024122273957687115,0.002617865419419398,-0.9882630436406062,0.15272028193348147,0,0,0,,0.8243863582611084,-0.0025318264961242676,0.0,False,False,3,False
26.079536562,465,26,79536562,map,16.823589324951172,-1.9499588012695312,-0.46385765075683594,-0.00010452269634697586,0.0,0.0,0.0,-0.0024459837550342097,0.0020485602753484936,-0.988258821817694,0.15275575820168585,0,0,0,,0.7818748950958252,-0.010000854730606079,0.0,False,False,3,False
26.079536562,466,26,129536563,map,16.913053512573242,-2.1142196655273438,0.7268714904785156,-0.00040721899131312966,0.0,0.0,0.0,-0.002484068382496466,0.00188950985621434,-0.9882708464576176,0.15267938039800388,0,0,0,,0.7116633653640747,0.00986790657043457,0.0,False,False,3,False
26.179536564,467,26,179536564,map,16.98721694946289,-1.4381790161132812,-0.3724098205566406,-0.00023899076040834188,0.0,0.0,0.0,-0.0024265350090980392,0.0015859694962251103,-0.9882826625623139,0.1526072590257434,0,0,0,,0.6518019437789917,-0.004234284162521362,0.0,False,False,3,False
26.229536565,468,26,229536565,map,17.034427642822266,-1.1993789672851562,0.6550025939941406,-0.0001649856276344508,0.0,0.0,0.0,-0.002309099700590652,0.001478060297809189,-0.9883275538819463,0.1523191702776017,0,0,0,,0.4670513868331909,0.009913444519042969,0.0,False,False,3,False
26.279536565,469,26,279536565,map,17.043468475341797,-0.25653839111328125,0.21157264709472656,9.880065044853836e-05,0.0,0.0,0.0,-0.0020641083437100056,0.001325079349881419,-0.9883973045669067,0.15187083968404064,0,0,0,,0.4253995418548584,0.0020705461502075195,0.0,False,False,3,False
26.329536566,470,26,329536566,map,17.022785186767578,0.02155303955078125,1.313018798828125,1.544951373944059e-05,0.0,0.0,0.0,-0.0017585016495348842,0.0014480871096544225,-0.988536892983989,0.15096231955436054,0,0,0,,0.47648370265960693,0.01689702272415161,0.0,False,False,3,False
26.379536567,471,26,379536567,map,16.978900909423828,0.26851654052734375,2.105989456176758,-0.00030517575214616954,0.0,0.0,0.0,-0.0014605512756104165,0.0019552076045329624,-0.9888310548134019,0.14902076697497452,0,0,0,,0.3837125301361084,0.0302201509475708,0.0,False,False,3,False
26.429536568,472,26,429536568,map,16.914836883544922,0.6316757202148438,2.3388004302978516,-0.00041484832763671875,0.0,0.0,0.0,-0.0011566644775076796,0.0025778076678703767,-0.9892763091405162,0.14602876842674417,0,0,0,,0.4301096200942993,0.033856093883514404,0.0,False,False,3,False
26.429536568,473,26,479536568,map,16.844497680664062,0.8755111694335938,1.9975090026855469,-0.0002601623418740928,0.0,0.0,0.0,-0.0008490861290017992,0.0029961735452837136,-0.9897878527483214,0.14251423981027017,0,0,0,,0.494706392288208,0.026413142681121826,0.0,False,False,3,False
26.529536569,474,26,529536569,map,16.776018142700195,0.7943344116210938,2.1749019622802734,6.771086191292852e-05,0.0,0.0,0.0,-0.0005963423348383071,0.0033093630060529356,-0.9903131872663311,0.13881096361136025,0,0,0,,0.5277961492538452,0.02587491273880005,0.0,False,False,3,False
26.57953657,475,26,579536570,map,16.710981369018555,0.6940078735351562,2.315845489501953,-9.727482392918319e-06,0.0,0.0,0.0,-0.0004257652778272773,0.0036140084848698966,-0.9908383371912882,0.13500424889092288,0,0,0,,0.5199363231658936,0.025584816932678223,0.0,False,False,3,False
26.62953657,476,26,629536570,map,16.652137756347656,0.6733322143554688,1.9707775115966797,9.784700523596257e-05,0.0,0.0,0.0,-0.0003124377181879869,0.003767697970211342,-0.9913235521539151,0.13138996072615847,0,0,0,,0.5799064636230469,0.017969727516174316,0.0,False,False,3,False
26.679536571,477,26,679536571,map,16.606319427490234,0.22613525390625,2.6659393310546875,-5.3215044317767024e-05,0.0,0.0,0.0,-0.00029870142437656325,0.004076787912287663,-0.9918007039970531,0.1277288304523577,0,0,0,,0.6886146068572998,0.027745604515075684,0.0,False,False,3,False
26.729536572,478,26,729536572,map,16.58425521850586,-0.395965576171875,3.251810073852539,-0.0008161544101312757,0.0,0.0,0.0,-0.0004144297952092075,0.0046792360102863705,-0.9923375918856853,0.12346674341224148,0,0,0,,0.8193697929382324,0.03974348306655884,0.0,False,False,3,False
26.779536573,479,26,779536573,map,16.595991134643555,-0.9675979614257812,2.879495620727539,-0.0006834030500613153,0.0,0.0,0.0,-0.0006349571635536459,0.005226358696673782,-0.992919847095816,0.11866953799267685,0,0,0,,0.8606905937194824,0.03680485486984253,0.0,False,False,3,False
26.829536573,480,26,829536573,map,16.635639190673828,-1.4708709716796875,2.7020692825317383,-0.0001653670915402472,0.0,0.0,0.0,-0.0009291458560759983,0.005597308451857121,-0.9935038474059242,0.1136569928147801,0,0,0,,0.8592779636383057,0.034225642681121826,0.0,False,False,3,False
26.879536574,481,26,879536574,map,16.69673728942871,-1.788177490234375,2.2844362258911133,0.00047473906306549907,0.0,0.0,0.0,-0.0012483011125545042,0.00572726699013837,-0.9940452607832909,0.10881020021778753,0,0,0,,0.8638732433319092,0.026584744453430176,0.0,False,False,3,False
26.929536575,482,26,929536575,map,16.773969650268555,-1.8593597412109375,1.214456558227539,0.0014448165893554688,0.0,0.0,0.0,-0.001533521148342692,0.00539039621348667,-0.9944702080235637,0.1048694297453705,0,0,0,,0.8425853252410889,0.007651090621948242,0.0,False,False,3,False
26.979536576,483,26,979536576,map,16.857582092285156,-1.9933319091796875,1.2650346755981445,0.0012363434070721269,0.0,0.0,0.0,-0.0017822161511878752,0.00491795891912455,-0.9947714806093386,0.10199185630218,0,0,0,,0.8107516765594482,0.005162835121154785,0.0,False,False,3,False
27.029536576,484,27,29536576,map,16.942434310913086,-1.9541168212890625,1.0028553009033203,0.0005477904924191535,0.0,0.0,0.0,-0.0019773519757916875,0.0044252596609726325,-0.9949737284868733,0.10001893209301309,0,0,0,,0.7866345643997192,0.0008989572525024414,0.0,False,False,3,False
27.079536577,485,27,79536577,map,17.025135040283203,-1.7350006103515625,0.2036571502685547,0.00047855384764261544,0.0,0.0,0.0,-0.0020881340021578253,0.0037221641192118297,-0.9950655939856331,0.09912743745642691,0,0,0,,0.7640905380249023,-0.010681629180908203,0.0,False,False,3,False
27.079536577,486,27,129536578,map,17.103225708007812,-1.5960693359375,-0.0028657913208007812,0.0002614974800962955,0.0,0.0,0.0,-0.00212674366513122,0.0029419327244891726,-0.995054452798419,0.09926458562481782,0,0,0,,0.7514417171478271,-0.013218224048614502,0.0,False,False,3,False
27.179536579,487,27,179536579,map,17.176528930664062,-1.4921951293945312,-0.030007362365722656,-0.0002796173794195056,0.0,0.0,0.0,-0.0021181094411786314,0.0022582991270679044,-0.9949778637997478,0.10004731003849374,0,0,0,,0.7468535900115967,-0.010991603136062622,0.0,False,False,3,False
27.179536579,488,27,229536579,map,17.244569778442383,-1.2061691284179688,-0.8718729019165039,-0.00034503929782658815,0.0,0.0,0.0,-0.002050439221999586,0.0014394994316129432,-0.9948299340522211,0.10152401614414526,0,0,0,,0.7349642515182495,-0.020352154970169067,0.0,False,False,3,False
27.27953658,489,27,279536580,map,17.303173065185547,-0.9454727172851562,-1.1806201934814453,-0.00041198727558366954,0.0,0.0,0.0,-0.0019331163634083977,0.0005403522013098278,-0.9946035754029355,0.10372896835658378,0,0,0,,0.6590101718902588,-0.023147553205490112,0.0,False,False,3,False
27.329536581,490,27,329536581,map,17.350528717041016,-0.85662841796875,-0.5194091796875,-0.0005863190162926912,0.0,0.0,0.0,-0.0018043688938878882,-2.658555788631953e-05,-0.9943632405598113,0.10601174165861853,0,0,0,,0.6753478050231934,-0.01006355881690979,0.0,False,False,3,False
27.379536582,491,27,379536582,map,17.393585205078125,-1.1683273315429688,1.3402414321899414,-0.0005460738902911544,0.0,0.0,0.0,-0.0017421447590629624,0.00028599564878685924,-0.994269086305713,0.10689184793486402,0,0,0,,0.7889618873596191,0.02457982301712036,0.0,False,False,3,False
27.429536582,492,27,429536582,map,17.44817543029785,-1.2416458129882812,0.5963945388793945,-0.00034122465876862407,0.0,0.0,0.0,-0.0017222342400252848,0.0007161312806495209,-0.9943364437363346,0.10626174157706283,0,0,0,,0.8193457126617432,0.020747721195220947,0.0,False,False,3,False
27.479536583,493,27,479536583,map,17.51036262512207,-1.6416549682617188,1.798844337463379,-0.00039100644062273204,0.0,0.0,0.0,-0.0017773513018101243,0.001419366409228795,-0.9945718848580518,0.10402688244510867,0,0,0,,0.8242788314819336,0.04068648815155029,0.0,False,False,3,False
27.529536584,494,27,529536584,map,17.581398010253906,-1.7685317993164062,1.5924692153930664,-0.0005218505975790322,0.0,0.0,0.0,-0.0018736476628286535,0.002127547487339811,-0.9949405925546366,0.10042499824821201,0,0,0,,0.8190000057220459,0.03785949945449829,0.0,False,False,3,False
27.579536585,495,27,579536585,map,17.580904006958008,-0.450592041015625,2.3714542388916016,-0.0004270554054528475,0.0,0.0,0.0,-0.0018550777065612,0.0028550986792200703,-0.9953912283868978,0.0958368903327788,0,0,0,,0.819652795791626,0.04219919443130493,0.0,False,False,3,False
27.629536585,496,27,629536585,map,17.562728881835938,-0.1232147216796875,2.6389026641845703,-0.00023517597583122551,0.0,0.0,0.0,-0.001668489915609167,0.0035800310179702347,-0.9958830209119961,0.09056162641267469,0,0,0,,0.8482412099838257,0.040876924991607666,0.0,False,False,0,False
27.629536585,497,27,679536586,map,17.694576263427734,-3.1349563598632812,2.556781768798828,-0.0004293442179914564,0.0,0.0,0.0,-0.0016940478691068882,0.004312415805230033,-0.9963878513964335,0.0847925873018312,0,0,0,,0.8850440979003906,0.04225665330886841,0.0,False,False,0,False
27.679536586,498,27,729536587,map,17.908920288085938,-4.688873291015625,2.0027637481689453,-0.00053825369104743,0.0,0.0,0.0,-0.002233678579154476,0.004813829644977513,-0.9968594715692685,0.07901285760427268,0,0,0,,0.9084963798522949,0.032270729541778564,0.0,False,False,4,False
27.779536588,499,27,779536588,map,18.099271774291992,-4.13665771484375,1.7189645767211914,7.72473867982626e-05,0.0,0.0,0.0,-0.002785472196584788,0.004994327601885274,-0.997251866614611,0.07386482498538297,0,0,0,,0.8594040870666504,0.020170927047729492,0.0,False,False,4,False
27.829536588,500,27,829536588,map,18.26827049255371,-3.655548095703125,1.4992952346801758,0.0007207872113212943,0.0,0.0,0.0,-0.0031657927072856642,0.004921740015835376,-0.997549201925418,0.06972333877341677,0,0,0,,0.8723102807998657,0.010360658168792725,0.0,False,False,4,False
27.879536589,501,27,879536589,map,18.420265197753906,-3.3666610717773438,1.9492149353027344,0.0006769179599359632,0.0,0.0,0.0,-0.003372993047554513,0.0049007148851013095,-0.9977788862501233,0.06634681653990317,0,0,0,,0.8671917915344238,0.01361316442489624,0.0,False,False,4,False
27.92953659,502,27,929536590,map,18.561359405517578,-2.9521942138671875,0.6934738159179688,0.0012451171642169356,0.0,0.0,0.0,-0.0034212210543580184,0.004509804679928761,-0.9979274135981201,0.06410018796862119,0,0,0,,0.8545998334884644,-0.006431072950363159,0.0,False,False,4,False
27.979536591,503,27,979536591,map,18.692426681518555,-2.7643966674804688,0.8217430114746094,0.00130119314417243,0.0,0.0,0.0,-0.003372911129265725,0.0039941233650024315,-0.9980002222810229,0.06299386300337519,0,0,0,,0.8721258640289307,-0.005842626094818115,0.0,False,False,4,False
27.979536591,504,28,29536591,map,18.814964294433594,-2.5861740112304688,0.8061408996582031,0.0005445480928756297,0.0,0.0,0.0,-0.0032775868108839527,0.0035485835173087576,-0.9980283054060349,0.06257928241899362,0,0,0,,0.8216731548309326,-0.0038924813270568848,0.0,False,False,4,False
28.079536592,505,28,79536592,map,18.927589416503906,-2.3799514770507812,0.7864046096801758,3.108973032794893e-05,0.0,0.0,0.0,-0.003152911312582037,0.0031871555972021134,-0.9980366141651189,0.06247253776884419,0,0,0,,0.8190402984619141,-0.0007062256336212158,0.0,False,False,4,False
28.129536593,506,28,129536593,map,19.032447814941406,-2.2629165649414062,1.1133909225463867,-0.0003627776459325105,0.0,0.0,0.0,-0.003020505260018037,0.003013741103078711,-0.9980553126115437,0.06218831787732751,0,0,0,,0.8253967761993408,0.008208930492401123,0.0,False,False,4,False
28.179536594,507,28,179536594,map,19.13387107849121,-2.133331298828125,0.6806755065917969,-0.00025711057242006063,0.0,0.0,0.0,-0.002886216054701531,0.0028076333781649828,-0.9980879650354626,0.06167820525168048,0,0,0,,0.8450301885604858,0.005509316921234131,0.0,False,False,4,False
28.229536594,508,28,229536594,map,19.232847213745117,-2.1825027465820312,1.4906740188598633,-0.00044326786883175373,0.0,0.0,0.0,-0.002779409502976097,0.002850236895347851,-0.9981565295047474,0.06056148643728492,0,0,0,,0.8601065874099731,0.019920706748962402,0.0,False,False,4,False
28.279536595,509,28,279536595,map,19.33303451538086,-2.2113037109375,1.595315933227539,-0.0006422042497433722,0.0,0.0,0.0,-0.002704745411345136,0.003068397899468665,-0.9982739863713216,0.05858598314358346,0,0,0,,0.8833127021789551,0.024116992950439453,0.0,False,False,4,False
28.279536595,510,28,329536596,map,19.436349868774414,-2.2344970703125,1.3243579864501953,-0.000358772260369733,0.0,0.0,0.0,-0.0026546105133033802,0.0032072339032923757,-0.9984185056322128,0.05606384133156771,0,0,0,,0.8808395862579346,0.02003103494644165,0.0,False,False,4,False
28.379536597,511,28,379536597,map,19.540477752685547,-2.3184585571289062,2.000250816345215,-0.0003631591680459678,0.0,0.0,0.0,-0.0026337750537949486,0.0034915397325620077,-0.9985872010005554,0.052957288234373984,0,0,0,,0.8987751007080078,0.028565168380737305,0.0,False,False,4,False
28.379536597,512,28,429536597,map,19.64920997619629,-2.346038818359375,1.4966869354248047,-0.00011825562978629023,0.0,0.0,0.0,-0.002629281518341918,0.00366374328782651,-0.9987592455774165,0.04959468960935435,0,0,0,,0.9035696983337402,0.019125521183013916,0.0,False,False,4,False
28.479536598,513,28,479536598,map,19.7606143951416,-2.3998260498046875,1.574394702911377,0.00015144349890761077,0.0,0.0,0.0,-0.0026380020531120837,0.003742009180203859,-0.9989157770395838,0.04632827100019708,0,0,0,,0.9094700813293457,0.016663789749145508,0.0,False,False,4,False
28.529536599,514,28,529536599,map,19.874263763427734,-2.4436569213867188,1.6481256484985352,0.00010852814739337191,0.0,0.0,0.0,-0.0026577502516935913,0.0038135610155328264,-0.9990538315480998,0.0432415862919207,0,0,0,,0.9088486433029175,0.014966368675231934,0.0,False,False,4,False
28.529536599,515,28,579536600,map,19.989635467529297,-2.4612808227539062,1.5580320358276367,8.926388545660302e-05,0.0,0.0,0.0,-0.0026812559421186787,0.0038441425806939942,-0.9991711231075847,0.04043637202222868,0,0,0,,0.9067285060882568,0.011525154113769531,0.0,False,False,4,False
28.6295366,516,28,629536600,map,20.104726791381836,-2.4895095825195312,2.048938274383545,-9.193419828079641e-05,0.0,0.0,0.0,-0.00270721512228414,0.004005483789372152,-0.9992777204382718,0.03769170361745348,0,0,0,,0.9051568508148193,0.01768559217453003,0.0,False,False,4,False
28.679536601,517,28,679536601,map,20.21949005126953,-2.4957275390625,2.37260103225708,-0.00046997066237963736,0.0,0.0,0.0,-0.0027304798842210493,0.0043222661284996,-0.9993848993126371,0.03469417128260302,0,0,0,,0.9059739112854004,0.022797822952270508,0.0,False,False,4,False
28.729536602,518,28,729536602,map,20.33545684814453,-2.4831771850585938,2.089354991912842,-0.00014076234947424382,0.0,0.0,0.0,-0.002744597038986901,0.004551332171587136,-0.9994875550569554,0.03156548508778322,0,0,0,,0.9035580158233643,0.0182458758354187,0.0,False,False,4,False
28.779536603,519,28,779536603,map,20.450401306152344,-2.47283935546875,2.4317049980163574,-3.2425305107608438e-06,0.0,0.0,0.0,-0.002750971319164576,0.004789333097352555,-0.9995843195370088,0.028296335116390646,0,0,0,,0.9027137756347656,0.022258222103118896,0.0,False,False,4,False
28.829536603,520,28,829536603,map,20.566207885742188,-2.45086669921875,2.053091526031494,0.00020294195564929396,0.0,0.0,0.0,-0.002749267350478177,0.004892402675130224,-0.9996698659131098,0.025073195056976038,0,0,0,,0.9005224704742432,0.015514492988586426,0.0,False,False,4,False
28.879536604,521,28,879536604,map,20.682031631469727,-2.4164199829101562,1.640167236328125,0.0007303237216547132,0.0,0.0,0.0,-0.002740864667567258,0.004759532204119571,-0.9997363856310364,0.02229335684601031,0,0,0,,0.8933455944061279,0.007330656051635742,0.0,False,False,4,False
28.929536605,522,28,929536605,map,20.7927303314209,-2.3730087280273438,2.964930534362793,-0.00019626616267487407,0.0,0.0,0.0,-0.0027275320788550657,0.004980406913133066,-0.9997967694350537,0.019343627968110046,0,0,0,,0.8883421421051025,0.02671152353286743,0.0,False,False,4,False
28.979536605,523,28,979536605,map,20.904287338256836,-2.3368453979492188,2.2428417205810547,-0.0003068923542741686,0.0,0.0,0.0,-0.0027061583595916782,0.0051488297855950636,-0.9998516893767173,0.016210043469905906,0,0,0,,0.8831558227539062,0.01684194803237915,0.0,False,False,4,False
29.029536606,524,29,29536606,map,21.012784957885742,-2.2762680053710938,2.6141810417175293,-3.7765566958114505e-05,0.0,0.0,0.0,-0.002677068237954086,0.005304984303318585,-0.9998980828527373,0.01298130789294064,0,0,0,,0.8775750398635864,0.021368741989135742,0.0,False,False,4,False
29.079536607,525,29,79536607,map,21.12042236328125,-2.225494384765625,2.089381217956543,0.0004299163992982358,0.0,0.0,0.0,-0.002642252578171342,0.005293189801568653,-0.9999336349900003,0.009885659245729593,0,0,0,,0.8678750991821289,0.01261824369430542,0.0,False,False,4,False
29.079536607,526,29,129536608,map,21.224353790283203,-2.147064208984375,2.346295118331909,0.0003286361461505294,0.0,0.0,0.0,-0.002602249690197553,0.005263750276085467,-0.9999584413572775,0.006974008023026824,0,0,0,,0.8583248853683472,0.015057504177093506,0.0,False,False,4,False
29.179536608,527,29,179536608,map,21.325223922729492,-2.0702362060546875,2.2484583854675293,0.00014190674119163305,0.0,0.0,0.0,-0.0025561853101926306,0.0052289954150812066,-0.9999742273371792,0.004203354020340313,0,0,0,,0.8509447574615479,0.013263165950775146,0.0,False,False,4,False
29.229536609,528,29,229536609,map,21.423206329345703,-1.9947433471679688,1.9029831886291504,0.0003730773751158267,0.0,0.0,0.0,-0.002506317349333486,0.0050709871865040985,-0.999982458346315,0.0017568329342750723,0,0,0,,0.8392428159713745,0.007633686065673828,0.0,False,False,4,False
29.27953661,529,29,279536610,map,21.51685905456543,-1.8996047973632812,1.9165819883346558,0.00034503935603424907,0.0,0.0,0.0,0.0024522096749461817,-0.004877029375846186,0.9999850411432628,0.00034458944309593,0,0,0,,0.8265217542648315,0.007551729679107666,0.0,False,False,4,False
29.329536611,530,29,329536611,map,21.605361938476562,-1.7877197265625,1.898911952972412,3.604887751862407e-05,0.0,0.0,0.0,0.002391612846042225,-0.004705731071806004,0.9999836142521028,0.0022152901336427427,0,0,0,,0.8046996593475342,0.00798887014389038,0.0,False,False,4,False
29.379536611,531,29,379536611,map,21.687883377075195,-1.6590118408203125,1.6774088144302368,0.00011043550330214202,0.0,0.0,0.0,0.002322233675405702,-0.004496366554774733,0.9999797530254491,0.0038579084649179637,0,0,0,,0.7852853536605835,0.005724966526031494,0.0,False,False,4,False
29.379536611,532,29,429536612,map,21.764297485351562,-1.5304183959960938,1.5260224342346191,0.00016460413462482393,0.0,0.0,0.0,0.0022439836988543864,-0.004242767670840132,0.999974676701105,0.005254466306996478,0,0,0,,0.7823581695556641,0.004465937614440918,0.0,False,False,4,False
29.479536613,533,29,479536613,map,21.834575653076172,-1.4055252075195312,0.08795885741710663,0.0006895065307617188,0.0,0.0,0.0,0.002164010260049969,-0.0035395325033692887,0.9999749335805033,0.005737680709141856,0,0,0,,0.7432326078414917,-0.016201555728912354,0.0,False,False,4,False
29.479536613,534,29,529536614,map,21.89626693725586,-1.2319564819335938,1.0618228912353516,0.00014839170034974813,0.0,0.0,0.0,0.002073780399730203,-0.003026195824779269,0.9999772459876788,0.005661190738813091,0,0,0,,0.7336902618408203,-0.0012743175029754639,0.0,False,False,4,False
29.579536614,535,29,579536614,map,21.951181411743164,-1.0969924926757812,0.37601858377456665,-0.00027751928428187966,0.0,0.0,0.0,0.0019752342404906562,-0.0025455157140152566,0.9999808550065409,0.005282842022262704,0,0,0,,0.7270383834838867,-0.007371634244918823,0.0,False,False,4,False
29.629536615,536,29,629536615,map,22.00006103515625,-0.9774398803710938,0.0412537157535553,-0.00023326865630224347,0.0,0.0,0.0,0.001874338872630236,-0.0019789022260259708,0.999986191916356,0.004492969663310345,0,0,0,,0.7226831912994385,-0.009594857692718506,0.0,False,False,4,False
29.679536616,537,29,679536616,map,22.042814254760742,-0.8570098876953125,-0.5954141616821289,-0.00012874603271484375,0.0,0.0,0.0,0.0017743039044254838,-0.0012591163661329742,0.9999927119156576,0.0031372897857445503,0,0,0,,0.7016624212265015,-0.01627373695373535,0.0,False,False,4,False
29.679536616,538,29,729536617,map,22.080204010009766,-0.7488632202148438,-0.5445443987846375,-0.0003536224539857358,0.0,0.0,0.0,0.0016749163790967967,-0.0005913821255033433,0.9999974853084642,0.0013690504201480625,0,0,0,,0.705572247505188,-0.012672990560531616,0.0,False,False,4,False
29.779536617,539,29,779536617,map,22.11388397216797,-0.6739425659179688,-0.37850305438041687,-0.00047092436579987407,0.0,0.0,0.0,-0.0015801093525810055,0.0001290782154782443,-0.9999986670062972,0.00039061346173769365,0,0,0,,0.7044423818588257,-0.006189554929733276,0.0,False,False,4,False
29.779536617,540,29,829536618,map,22.144927978515625,-0.6208038330078125,-0.5162405371665955,-0.0002885818248614669,0.0,0.0,0.0,-0.0014944018494952175,-0.0002195824745394774,-0.9999969843715409,0.0019364386056105144,0,0,0,,0.7119526863098145,-0.004278391599655151,0.0,False,False,4,False
29.879536619,541,29,879536619,map,22.17513084411621,-0.6026077270507812,-0.8685951828956604,-0.00022811889357399195,0.0,0.0,0.0,-0.0014222842242677476,-0.0006033430643749225,-0.9999931118782136,0.003374800862089267,0,0,0,,0.7283468246459961,-0.006924062967300415,0.0,False,False,4,False
29.879536619,542,29,929536620,map,22.206342697143555,-0.6227493286132812,-0.47069668769836426,-0.00017204285541083664,0.0,0.0,0.0,-0.0013694376552142824,-0.0008274718985900354,-0.9999884609041405,0.004529678722998927,0,0,0,,0.7291238307952881,0.0004608631134033203,0.0,False,False,4,False
29.97953662,543,29,979536620,map,22.237884521484375,-0.6293487548828125,-0.36216869950294495,3.032684253412299e-05,0.0,0.0,0.0,-0.00133470699542965,-0.000888089965253434,-0.9999851391586732,0.005210692397281564,0,0,0,,0.7247753143310547,0.0036728382110595703,0.0,False,False,4,False
30.029536621,544,30,29536621,map,22.269275665283203,-0.6277084350585938,-0.02700507640838623,0.0,0.0,0.0,0.0,-0.0013129972556207546,-0.000775866684000522,-0.9999848412425899,0.005290685600910854,0,0,0,,0.7242724895477295,0.00910419225692749,0.0,False,False,4,False
30.079536622,545,30,79536622,map,22.300674438476562,-0.625,-0.5702072381973267,6.237030174816027e-05,0.0,0.0,0.0,-0.0012988301811002242,-0.0007850141951404752,-0.9999857023031524,0.005127570783988721,0,0,0,,0.7291004657745361,0.00039499998092651367,0.0,False,False,4,False
30.129536623,546,30,129536623,map,22.332170486450195,-0.629425048828125,-0.0842052698135376,-2.861022494471399e-06,0.0,0.0,0.0,-0.0012909220986803919,-0.0007221230462113882,-0.9999873793054734,0.004801383989247865,0,0,0,,0.7209987640380859,0.005218923091888428,0.0,False,False,4,False
30.179536623,547,30,179536623,map,22.36174964904785,-0.5925369262695312,0.15986502170562744,4.272460500942543e-05,0.0,0.0,0.0,-0.0012838702364524979,-0.0005188867661479653,-0.9999902924021696,0.004183005517963559,0,0,0,,0.695690393447876,0.007479310035705566,0.0,False,False,4,False
30.229536624,548,30,229536624,map,22.388349533081055,-0.5316543579101562,-0.057508647441864014,5.931854684604332e-05,0.0,0.0,0.0,-0.0012693810329574328,-0.0003671749025236195,-0.9999930679815966,0.003481069252122883,0,0,0,,0.698196291923523,0.0025809407234191895,0.0,False,False,4,False
30.279536625,549,30,279536625,map,22.412574768066406,-0.484161376953125,-0.05987823009490967,-6.217956251930445e-05,0.0,0.0,0.0,-0.0012475418596537141,-0.0002831110822245306,-0.9999949589715589,0.0029061174948223165,0,0,0,,0.6923242807388306,0.0002288818359375,0.0,False,False,4,False
30.329536626,550,30,329536626,map,22.43376350402832,-0.4256439208984375,0.3330613672733307,1.4877318790240679e-05,0.0,0.0,0.0,-0.0012192147506873907,-0.00010283730738587622,-0.9999965376703757,0.002329718253530943,0,0,0,,0.675767183303833,0.004402518272399902,0.0,False,False,4,False
30.379536626,551,30,379536626,map,22.451873779296875,-0.36350250244140625,0.26267483830451965,2.098081495205406e-06,0.0,0.0,0.0,-0.001184314403830348,8.53047999575976e-05,-0.999997801572525,0.001728286029824363,0,0,0,,0.6802396774291992,0.002681910991668701,0.0,False,False,4,False
30.379536626,552,30,429536627,map,22.467432022094727,-0.3127288818359375,0.3827051818370819,3.2615658710710704e-05,0.0,0.0,0.0,-0.0011455435991620676,0.00026849973296731196,-0.9999986854385039,0.001115687689231276,0,0,0,,0.6692914962768555,0.0035393834114074707,0.0,False,False,4,False
30.429536627,553,30,479536628,map,22.4798641204834,-0.249481201171875,0.23845568299293518,-3.395080057089217e-05,0.0,0.0,0.0,-0.00110361997293182,0.00038019615929533665,-0.9999991530667285,0.0005756211091383389,0,0,0,,0.6576869487762451,0.0007479190826416016,0.0,False,False,4,False
30.529536629,554,30,529536629,map,22.489093780517578,-0.18459320068359375,-0.0021870434284210205,4.253387305652723e-05,0.0,0.0,0.0,-0.0010581496485594084,0.0003578759095132756,-0.9999993307940614,0.00030109065739266136,0,0,0,,0.6558077335357666,-0.003620922565460205,0.0,False,False,4,False
30.579536629,555,30,579536629,map,22.495874404907227,-0.135040283203125,-0.16563445329666138,2.784729076665826e-05,0.0,0.0,0.0,-0.0010119428739679358,0.00022754594071521973,-0.9999993758369897,0.00041535538502692176,0,0,0,,0.6569962501525879,-0.006613194942474365,0.0,False,False,4,False
30.62953663,556,30,629536630,map,22.500520706176758,-0.0937652587890625,0.2499982714653015,-3.0326846172101796e-05,0.0,0.0,0.0,-0.0009671057777619901,0.00021588933576808706,-0.999999299956455,0.0006466721034951611,0,0,0,,0.6467260122299194,-0.0001277625560760498,0.0,False,False,4,False
30.679536631,557,30,679536631,map,22.50261878967285,-0.0421905517578125,0.07771015167236328,2.2888179955771193e-05,0.0,0.0,0.0,-0.0009236481529171293,0.0002242409431667357,-0.99999917701077,0.0008617237793030214,0,0,0,,0.6406800746917725,-0.0011405646800994873,0.0,False,False,4,False
30.729536632,558,30,729536632,map,22.502443313598633,0.0035858154296875,-0.016405582427978516,2.0790103008039296e-05,0.0,0.0,0.0,-0.0008811008870031964,0.00018438347382312192,-0.9999989858835676,0.0011035831631024946,0,0,0,,0.6406917572021484,-0.0016777217388153076,0.0,False,False,4,False
30.779536632,559,30,779536632,map,22.501327514648438,0.02132415771484375,0.3990570306777954,-2.2125241230241954e-05,0.0,0.0,0.0,-0.0008420986186662115,0.00026669463874077473,-0.9999989695923568,0.0011316174753829478,0,0,0,,0.6569702625274658,0.005256056785583496,0.0,False,False,4,False
30.829536633,560,30,829536633,map,22.50059700012207,0.01476287841796875,-0.07392615079879761,-2.326965841348283e-05,0.0,0.0,0.0,-0.0008118479556056019,0.0002529300562461038,-0.999999065603049,0.0010703841892752372,0,0,0,,0.6515902280807495,-0.0007660984992980957,0.0,False,False,4,False
30.879536634,561,30,879536634,map,22.499067306518555,0.0319671630859375,-0.5082533359527588,2.9182438083807938e-05,0.0,0.0,0.0,-0.0007884224201259045,2.3730472371189224e-05,-0.9999988240612147,0.0013151817896689113,0,0,0,,0.6427171230316162,-0.007808774709701538,0.0,False,False,4,False
30.929536635,562,30,929536635,map,22.496980667114258,0.0411224365234375,0.20577266812324524,-8.525849261786789e-05,0.0,0.0,0.0,-0.0007694579813492255,-2.473438959615889e-05,-0.999998470660693,0.0015703499292072176,0,0,0,,0.649390697479248,0.0023952126502990723,0.0,False,False,4,False
30.979536635,563,30,979536635,map,22.494674682617188,0.04627227783203125,-0.05182147026062012,3.089904930675402e-05,0.0,0.0,0.0,-0.0007547916814080715,-2.486927763119296e-05,-0.9999982543224042,0.0017091001085286855,0,0,0,,0.6453714370727539,-8.466839790344238e-05,0.0,False,False,4,False
31.029536636,564,31,29536636,map,22.492996215820312,0.03509521484375,-0.44591471552848816,-8.201604941859841e-06,0.0,0.0,0.0,-0.0007441744748171012,-0.00017287093928586322,-0.9999976752129416,0.002016404895234839,0,0,0,,0.6698689460754395,-0.005865305662155151,0.0,False,False,4,False
31.029536636,565,31,79536637,map,22.493337631225586,-0.0060272216796875,-0.19014447927474976,-9.498595318291336e-05,0.0,0.0,0.0,-0.0007425727511517444,-0.0002863812020962321,-0.9999967021003793,0.0024417943979476386,0,0,0,,0.6630892753601074,-0.0023307502269744873,0.0,False,False,4,False
31.079536637,566,31,129536638,map,22.493444442749023,-0.00278472900390625,0.14860346913337708,5.874633643543348e-05,0.0,0.0,0.0,-0.0007464152183305347,-0.0002289893016064486,-0.9999961197678593,0.0026741124596324655,0,0,0,,0.640439510345459,0.0035091042518615723,0.0,False,False,4,False
31.179536638,567,31,179536638,map,22.49221420288086,0.0226593017578125,0.5777479410171509,-5.3405754442792386e-05,0.0,0.0,0.0,-0.0007477667087857445,3.523540812809567e-05,-0.9999968783118877,0.0023838980462733876,0,0,0,,0.6531856060028076,0.010969698429107666,0.0,False,False,4,False
31.229536639,568,31,229536639,map,22.49125099182129,0.01918792724609375,0.02685636281967163,7.24792471373803e-06,0.0,0.0,0.0,-0.000747564286108619,0.00016321067099284755,-0.9999980210864395,0.0018363913308315596,0,0,0,,0.6508932113647461,0.0030315518379211426,0.0,False,False,4,False
31.27953664,569,31,279536640,map,22.489946365356445,0.02777099609375,-0.5154449939727783,5.91278076171875e-05,0.0,0.0,0.0,-0.0007457639907624262,-6.302977319308886e-06,-0.9999984165850321,0.0016157424829531444,0,0,0,,0.6514006853103638,-0.006930440664291382,0.0,False,False,4,False
31.27953664,570,31,329536641,map,22.48891830444336,0.02109527587890625,-0.13625651597976685,-2.155303991457913e-05,0.0,0.0,0.0,-0.0007442708703762791,-0.00014729398043043738,-0.9999982515141743,0.0017091910218294036,0,0,0,,0.6546812057495117,-0.003122568130493164,0.0,False,False,4,False
31.379536641,571,31,379536641,map,22.488136291503906,0.01476287841796875,0.23187607526779175,-1.2969969247933477e-05,0.0,0.0,0.0,-0.0007440679151785607,-8.942029080257888e-05,-0.9999981834532025,0.0017525573441937263,0,0,0,,0.6541144847869873,0.0025717616081237793,0.0,False,False,4,False
31.379536641,572,31,429536642,map,22.487586975097656,0.0110626220703125,-0.024367719888687134,-3.814693627646193e-07,0.0,0.0,0.0,-0.0007450490991248301,-3.981938210627296e-05,-0.9999981943820339,0.001747726789001818,0,0,0,,0.6549479961395264,-0.00045493245124816895,0.0,False,False,4,False
31.479536643,573,31,479536643,map,22.486949920654297,0.012664794921875,0.02690330147743225,-3.814693627646193e-07,0.0,0.0,0.0,-0.0007464042102461275,-1.4757937135741305e-05,-0.9999981959491965,0.0017466428687172239,0,0,0,,0.6492112874984741,0.00018680095672607422,0.0,False,False,4,False
31.529536643,574,31,529536643,map,22.4854793548584,0.028839111328125,0.15715941786766052,1.945495569088962e-05,0.0,0.0,0.0,-0.0007459738798525753,4.8292884408624045e-05,-0.9999983347529231,0.0016648369736001992,0,0,0,,0.6419773101806641,0.0022096633911132812,0.0,False,False,4,False
31.529536643,575,31,579536644,map,22.48293113708496,0.0518035888671875,-0.23901864886283875,-7.114410254871473e-05,0.0,0.0,0.0,-0.0007415295781780857,-7.561878963928717e-06,-0.9999983038779264,0.001685917546256684,0,0,0,,0.6425590515136719,-0.003583371639251709,0.0,False,False,4,False
31.629536645,576,31,629536645,map,22.479801177978516,0.06244659423828125,0.04855841398239136,5.168914867681451e-05,0.0,0.0,0.0,-0.0007344549785385916,-3.0581045550653226e-05,-0.9999981634448262,0.001769956965302692,0,0,0,,0.6443408727645874,0.00016313791275024414,0.0,False,False,4,False
31.679536646,577,31,679536646,map,22.47646713256836,0.06755828857421875,-0.22845938801765442,-4.367828296381049e-05,0.0,0.0,0.0,-0.0007265665091411673,-9.942953575273884e-05,-0.9999978240679661,0.0019529654907904364,0,0,0,,0.6476891040802002,-0.0035544633865356445,0.0,False,False,4,False
31.679536646,578,31,729536646,map,22.473291397094727,0.0615692138671875,0.5409294366836548,-8.964539119915571e-06,0.0,0.0,0.0,-0.0007203678695644511,5.537050182500254e-05,-0.9999979702674097,0.001880815062956582,0,0,0,,0.6515984535217285,0.007988154888153076,0.0,False,False,4,False
31.779536647,579,31,779536647,map,22.470596313476562,0.05359649658203125,0.11063791811466217,7.343292236328125e-05,0.0,0.0,0.0,-0.0007170250702373587,0.00017757380815232028,-0.9999984977432987,0.0015680732563485443,0,0,0,,0.6468172073364258,0.002671957015991211,0.0,False,False,4,False
31.829536648,580,31,829536648,map,22.46812629699707,0.05016326904296875,-0.2547571659088135,7.629396350239404e-06,0.0,0.0,0.0,-0.0007155151885664278,9.885819748057549e-05,-0.9999987421624741,0.0014120688869299286,0,0,0,,0.6551201343536377,-0.003607124090194702,0.0,False,False,4,False
31.879536649,581,31,879536649,map,22.46549415588379,0.05130767822265625,0.4855852723121643,-2.5177003408316523e-05,0.0,0.0,0.0,-0.0007158928466375769,0.00019119200286412178,-0.9999990664227485,0.0011480839173957592,0,0,0,,0.6381580829620361,0.006440103054046631,0.0,False,False,4,False
31.879536649,582,31,929536649,map,22.460025787353516,0.10829925537109375,0.8109375834465027,-3.356933666509576e-05,0.0,0.0,0.0,-0.0007108668632710898,0.0004958588546619364,-0.9999995425531981,0.00040458088590683875,0,0,0,,0.610413670539856,0.012044966220855713,0.0,False,False,4,False
31.97953665,583,31,979536650,map,22.451173782348633,0.17765045166015625,-0.5780254602432251,5.2642819355241954e-05,0.0,0.0,0.0,0.000694191230084405,-0.00037022421909728366,0.9999996884055672,6.49717785826401e-05,0,0,0,,0.614949107170105,-0.009109824895858765,0.0,False,False,4,False
32.029536651,584,32,29536651,map,22.43993377685547,0.22430419921875,0.37896353006362915,-7.915496098576114e-05,0.0,0.0,0.0,0.0006688439922733313,-0.00032643966411563985,0.9999996771319504,0.00030301956147879853,0,0,0,,0.6076977252960205,0.002489745616912842,0.0,False,False,4,False
32.029536651,585,32,79536652,map,22.427295684814453,0.25379180908203125,-0.6486165523529053,7.286071195267141e-05,0.0,0.0,0.0,0.0006391328620119117,-8.288351867760209e-05,0.999999788020219,9.27309229236226e-05,0,0,0,,0.6313626766204834,-0.012370824813842773,0.0,False,False,4,False
32.129536652,586,32,129536652,map,22.415212631225586,0.24089813232421875,0.41897672414779663,3.776550147449598e-05,0.0,0.0,0.0,-0.0006141226266951826,7.390258028529464e-05,-0.9999997851509209,0.0002170021196918098,0,0,0,,0.6213020086288452,0.0029060840606689453,0.0,False,False,4,False
32.179536653,587,32,179536653,map,22.402433395385742,0.2555084228515625,0.06840888410806656,-4.005432856502011e-06,0.0,0.0,0.0,-0.0005939500387546565,0.0001276018531739975,-0.9999997406319532,0.0003868813060062903,0,0,0,,0.6142029762268066,-8.45789909362793e-05,0.0,False,False,4,False
32.229536654,588,32,229536654,map,22.389577865600586,0.25760650634765625,-0.31033462285995483,-6.6757183958543465e-06,0.0,0.0,0.0,-0.000577404055709245,1.9838830515101243e-05,-0.9999995917271118,0.0006948068701485893,0,0,0,,0.6346911191940308,-0.005168050527572632,0.0,False,False,4,False
32.279536655,589,32,279536655,map,22.376190185546875,0.2671051025390625,0.453889936208725,2.098081495205406e-06,0.0,0.0,0.0,-0.0005655526723419608,0.00010394255339395829,-0.9999995134299475,0.0008015522370971732,0,0,0,,0.5968570709228516,0.006401658058166504,0.0,False,False,4,False
32.329536655,590,32,329536655,map,22.358379364013672,0.35614013671875,0.06164267659187317,5.722044988942798e-06,0.0,0.0,0.0,-0.0005475267579100432,0.00017380018296147005,-0.9999996061008274,0.0006766137271026435,0,0,0,,0.5639516115188599,0.0019807815551757812,0.0,False,False,4,False
32.329536655,591,32,379536656,map,22.334306716918945,0.4817962646484375,-0.29573681950569153,-1.2397763384797145e-05,0.0,0.0,0.0,-0.0005127031698112174,6.436785754445099e-05,-0.9999996375509069,0.0006766759143474391,0,0,0,,0.5483107566833496,-0.003786146640777588,0.0,False,False,4,False
32.429536657,592,32,429536657,map,22.302284240722656,0.6408309936523438,-0.21819770336151123,1.964568582479842e-05,0.0,0.0,0.0,-0.0004569789708167176,-7.949147545959613e-05,-0.9999995094811888,0.0008751506770095943,0,0,0,,0.4965698719024658,-0.00344771146774292,0.0,False,False,4,False
32.429536657,593,32,479536658,map,22.253063201904297,0.9840011596679688,0.24449709057807922,4.2724612285383046e-05,0.0,0.0,0.0,-0.00036456140385763734,-4.1861055292477104e-05,-0.9999994684601481,0.0009635466029490374,0,0,0,,0.2657935619354248,0.003656327724456787,0.0,False,False,4,False
32.529536658,594,32,529536658,map,22.179105758666992,1.4796829223632812,-0.31379830837249756,-5.5885317124193534e-05,0.0,0.0,0.0,-0.00020099582716407653,-0.00010128874492562128,-0.9999993811443066,0.0010895192845322035,0,0,0,,0.3788027763366699,-0.004000544548034668,0.0,False,False,4,False
32.529536658,595,32,579536659,map,22.090608596801758,1.7708587646484375,-0.3550616502761841,5.779266211902723e-05,0.0,0.0,0.0,7.034373085744483e-06,-0.00024897279808146455,-0.9999989314584897,0.00144050162861832,0,0,0,,0.27930450439453125,-0.005284041166305542,0.0,False,False,4,False
32.62953666,596,32,629536660,map,21.978458404541016,2.2446823120117188,-0.4811801016330719,6.866455078125e-05,0.0,0.0,0.0,0.0002544482885489227,-0.0004344833846630418,-0.9999977771926292,0.002047459415355025,0,0,0,,0.03655195236206055,-0.007304519414901733,0.0,False,False,4,False
32.679536661,597,32,679536661,map,21.80931854248047,3.3815383911132812,0.3525276482105255,7.915496098576114e-05,0.0,0.0,0.0,0.0006034743772418572,-0.0003340935309529326,-0.99999682274521,0.0024246029930857986,0,0,0,,0.0,0.0063343048095703125,0.22298699617385864,False,False,4,False
32.729536661,598,32,729536661,map,21.58791732788086,4.428977966308594,-0.2669180929660797,-9.93728608591482e-05,0.0,0.0,0.0,0.001111109478521853,-0.0002997743496744217,-0.9999958609253551,0.002636987528230891,0,0,0,,0.0,-0.0018152594566345215,0.2411748170852661,False,False,4,False
32.779536662,599,32,779536662,map,21.34222984313965,4.914283752441406,-0.11638447642326355,-7.171629113145173e-05,0.0,0.0,0.0,0.001673032300895171,-0.0003106841815999641,-0.999994562045812,0.0028249454974967007,0,0,0,,0.0,8.07046890258789e-05,0.2748364806175232,False,False,4,False
32.829536663,600,32,829536663,map,21.079923629760742,5.246543884277344,-0.08424162864685059,-0.00019073486328125,0.0,0.0,0.0,0.0022139608190588082,-0.00030293118022773653,-0.9999931674768476,0.0029447597207351516,0,0,0,,0.0,0.000577390193939209,0.29447686672210693,False,False,4,False
32.879536664,601,32,879536664,map,20.81248664855957,5.347938537597656,0.19553765654563904,-4.100799560546875e-05,0.0,0.0,0.0,0.0026818272639998024,-0.00019726124790659202,-0.9999922940323339,0.0028602039221666997,0,0,0,,0.0,0.005149185657501221,0.27337056398391724,False,False,4,False
32.929536664,602,32,929536664,map,20.535776138305664,5.533905029296875,0.0916522741317749,-9.002684964798391e-05,0.0,0.0,0.0,0.003063686197566938,-9.27844702568043e-05,-0.9999919433513615,0.0025919973558280714,0,0,0,,0.0,0.0035672783851623535,0.3103818893432617,False,False,4,False
32.929536664,603,32,979536665,map,20.256372451782227,5.586967468261719,0.3208938241004944,3.871917215292342e-05,0.0,0.0,0.0,0.0033685007753925943,5.4813926898650185e-05,-0.9999920761243216,0.0021208221350613845,0,0,0,,0.0,0.006722629070281982,0.30191367864608765,False,False,4,False
32.979536665,604,33,29536666,map,19.982118606567383,5.4840850830078125,0.37467166781425476,0.00010738373384810984,0.0,0.0,0.0,0.0035861406140464684,0.00022829647583524099,-0.999992521484743,0.0014298429287613297,0,0,0,,0.0,0.0071724653244018555,0.2679530382156372,False,False,4,False
33.029536666,605,33,79536667,map,19.713571548461914,5.3708648681640625,0.0437280535697937,8.316040475619957e-05,0.0,0.0,0.0,0.0037199450532161616,0.00027239640071830294,-0.999992742084261,0.0007769091340127165,0,0,0,,0.0,0.0007205009460449219,0.24606716632843018,False,False,4,False
33.129536666999996,606,33,129536667,map,19.44741439819336,5.324668884277344,-0.5232738256454468,0.00015697479830123484,0.0,0.0,0.0,0.003791765603496809,5.538017973887747e-05,-0.9999926119789451,0.000628835567381759,0,0,0,,0.0,-0.010602205991744995,0.24484193325042725,False,False,4,False
33.129536666999996,607,33,179536668,map,19.197147369384766,5.005073547363281,0.08632287383079529,6.713866605423391e-05,0.0,0.0,0.0,0.0038005933047708493,-3.861593894407589e-05,-0.9999924631336579,0.000792259566354251,0,0,0,,0.0,-0.0023129284381866455,0.16066312789916992,False,False,4,False
33.229536669,608,33,229536669,map,18.959314346313477,4.7571563720703125,-0.13392865657806396,0.0001543045073049143,0.0,0.0,0.0,0.003742905866115573,-8.882655660932121e-05,-0.9999923776120029,0.0011079185049720313,0,0,0,,0.0,-0.004905492067337036,0.12281441688537598,False,False,4,False
33.27953667,609,33,279536670,map,18.73373031616211,4.513893127441406,-0.4929645359516144,2.0599363779183477e-05,0.0,0.0,0.0,0.003639680667735016,-0.00026364024980795805,-0.9999918067701375,0.0017520305509322394,0,0,0,,0.0,-0.010399550199508667,0.0749213695526123,False,False,4,False
33.32953667,610,33,329536670,map,18.52652359008789,4.141502380371094,0.6235499382019043,9.78469688561745e-05,0.0,0.0,0.0,0.003491386391184515,-0.00010462131337585135,-0.9999916388255692,0.002126394695405309,0,0,0,,0.024530768394470215,0.008448004722595215,0.0,False,False,4,False
33.379536671,611,33,379536671,map,18.330772399902344,3.9142227172851562,0.25759637355804443,2.288834366481751e-06,0.0,0.0,0.0,0.0033108874694968687,0.00010292523404592821,-0.9999924129668689,0.0020497412663849847,0,0,0,,0.13643872737884521,0.005587100982666016,0.0,False,False,4,False
33.379536671,612,33,429536672,map,18.151264190673828,3.589630126953125,0.21873027086257935,-8.106231689453125e-05,0.0,0.0,0.0,0.0031085908230285577,0.0002247934072998771,-0.999993661078823,0.001721607734378191,0,0,0,,0.2523425817489624,0.005212843418121338,0.0,False,False,4,False
33.429536672,613,33,479536673,map,17.991413116455078,3.1980514526367188,-0.3696441650390625,6.103509804233909e-06,0.0,0.0,0.0,0.0028747469509165305,0.00010513212720593672,-0.9999946557896575,0.001553437906223415,0,0,0,,0.28139054775238037,-0.004794061183929443,0.0,False,False,4,False
33.529536673,614,33,529536673,map,17.84833335876465,2.8639984130859375,-0.5796065926551819,-0.0001222610444528982,0.0,0.0,0.0,0.002617160103220342,-0.00018059716740408333,-0.9999948291312134,0.0018599915301616122,0,0,0,,0.3085896968841553,-0.01001843810081482,0.0,False,False,4,False
33.579536674,615,33,579536674,map,17.721778869628906,2.5294876098632812,0.3744596242904663,-3.60488957085181e-05,0.0,0.0,0.0,0.002346070425373539,-0.00015432237447212286,-0.9999949958496023,0.0021166988254629152,0,0,0,,0.3849954605102539,0.004332840442657471,0.0,False,False,4,False
33.629536675,616,33,629536675,map,17.61293601989746,2.17620849609375,0.17049483954906464,-2.7275073080090806e-05,0.0,0.0,0.0,0.002063741015895849,-2.2181892657319763e-05,-0.9999956742227182,0.0020957139199597598,0,0,0,,0.42168664932250977,0.0032954812049865723,0.0,False,False,4,False
33.679536676,617,33,679536676,map,17.518949508666992,1.8791580200195312,0.1886104792356491,-0.00012187957327114418,0.0,0.0,0.0,0.0017786132233703314,9.043520612984969e-05,-0.9999966403142769,0.0018835383282143898,0,0,0,,0.4270373582839966,0.003921627998352051,0.0,False,False,4,False
33.729536676,618,33,729536676,map,17.438997268676758,1.597747802734375,0.6427928805351257,-0.0001468658447265625,0.0,0.0,0.0,0.001500778538015485,0.00032897277011622857,-0.9999979864762286,0.0012909237719447005,0,0,0,,0.512446403503418,0.010964035987854004,0.0,False,False,4,False
33.779536677,619,33,779536677,map,17.3758487701416,1.2635421752929688,-0.3511310815811157,-0.00010643005225574598,0.0,0.0,0.0,0.0012253685793512344,0.0002718445149837659,-0.999998878223159,0.0008173890308976654,0,0,0,,0.5430647134780884,-0.004026204347610474,0.0,False,False,4,False
33.829536678,620,33,829536678,map,17.326126098632812,0.9938430786132812,0.378631055355072,-5.550384958041832e-05,0.0,0.0,0.0,0.0009543858337405046,0.0002893579183956047,-0.9999994125457248,0.00042465030402931956,0,0,0,,0.5384507179260254,0.004561245441436768,0.0,False,False,4,False
33.829536678,621,33,879536679,map,17.286876678466797,0.7847976684570312,0.26290470361709595,-9.498595318291336e-05,0.0,0.0,0.0,-0.0006992963339982668,-0.0003648246322805573,0.9999996881347424,4.022490095277678e-05,0,0,0,,0.5658979415893555,0.003266453742980957,0.0,False,False,4,False
33.929536679,622,33,929536679,map,17.254199981689453,0.6536865234375,-0.22474004328250885,-1.907392288558185e-07,0.0,0.0,0.0,-0.000469811727187812,-0.00026433166140395594,0.9999998220526995,0.0002555392000358062,0,0,0,,0.5157382488250732,-0.004487574100494385,0.0,False,False,4,False
33.97953668,623,33,979536680,map,17.222110748291016,0.6423568725585938,-0.3829588294029236,-4.520414222497493e-05,0.0,0.0,0.0,-0.0002833611810013837,-3.7545170146138905e-05,0.999999958967311,1.9030960668776858e-05,0,0,0,,0.49584996700286865,-0.008219122886657715,0.0,False,False,4,False
33.97953668,624,34,29536681,map,17.18943214416504,0.6539154052734375,-0.1438622921705246,1.907028490677476e-07,0.0,0.0,0.0,0.00014626385702428706,-0.00011197667660953916,-0.9999998682722177,0.00047908627127437914,0,0,0,,0.49620532989501953,-0.004986554384231567,0.0,False,False,4,False
34.079536681,625,34,79536681,map,17.15621566772461,0.6650161743164062,-0.2474454790353775,-1.773831172613427e-05,0.0,0.0,0.0,5.192175937750755e-05,-0.00022197853591724475,-0.999999367394676,0.0011014717013266317,0,0,0,,0.4928410053253174,-0.005459308624267578,0.0,False,False,4,False
34.129536682,626,34,129536682,map,17.12080192565918,0.711669921875,-0.7828993201255798,1.4114375517237931e-05,0.0,0.0,0.0,-5.7803654019707225e-06,-0.0004904311442566002,-0.9999977398661531,0.0020687451426988257,0,0,0,,0.4625210762023926,-0.012864738702774048,0.0,False,False,4,False
34.179536683,627,34,179536683,map,17.07730484008789,0.8675003051757812,0.5163577198982239,5.264280844130553e-05,0.0,0.0,0.0,-2.4437210931091715e-05,-0.0003727044986912642,-0.9999962287970942,0.0027208244649335484,0,0,0,,0.34786856174468994,0.007024943828582764,0.0,False,False,4,False
34.229536684,628,34,229536684,map,17.019542694091797,1.1542892456054688,0.27133697271347046,0.00016689300537109375,0.0,0.0,0.0,1.2869879923013313e-05,-0.0001273135446703861,-0.9999961510701801,0.0027715465814623593,0,0,0,,0.30477631092071533,0.00693589448928833,0.0,False,False,4,False
34.279536684,629,34,279536684,map,16.949121475219727,1.4078521728515625,0.19366025924682617,-4.844665454584174e-05,0.0,0.0,0.0,0.00010324540093896224,4.472734555164734e-05,-0.9999970048554219,0.0024449171841333566,0,0,0,,0.28966355323791504,0.006392776966094971,0.0,False,False,4,False
34.329536685,630,34,329536685,map,16.870532989501953,1.5718460083007812,-0.018463730812072754,9.250639413949102e-05,0.0,0.0,0.0,0.00022566658480788776,8.7273962506808e-05,-0.999997940414766,0.0020150990234498556,0,0,0,,0.31285786628723145,0.00250089168548584,0.0,False,False,4,False
34.379536686,631,34,379536686,map,16.793201446533203,1.546478271484375,0.06071791052818298,5.226135181146674e-05,0.0,0.0,0.0,0.00034579341690956834,9.509633404938661e-05,-0.999998652185087,0.0016021896297195427,0,0,0,,0.5196692943572998,0.0022841691970825195,0.0,False,False,4,False
34.379536686,632,34,429536687,map,16.733470916748047,1.2002944946289062,-1.2757596969604492,5.435943603515625e-05,0.0,0.0,0.0,0.00040519789538044274,-0.0003383298680583222,-0.9999979556009327,0.0019519583809284075,0,0,0,,0.5919855833053589,-0.0196075439453125,0.0,False,False,4,False
34.479536687,633,34,479536687,map,16.69283103942871,0.8084869384765625,0.8440616726875305,-1.9645687643787824e-05,0.0,0.0,0.0,0.0003734093221952301,-0.0002344308822469018,-0.9999974260479971,0.002225647101396827,0,0,0,,0.59476637840271,0.009848713874816895,0.0,False,False,4,False
34.529536688,634,34,529536688,map,16.666400909423828,0.5289840698242188,-0.0958465039730072,6.217956251930445e-05,0.0,0.0,0.0,0.00026916441752847394,-0.00010244115223268298,-0.9999974902259313,0.002221845666345256,0,0,0,,0.6070864200592041,-0.00032135844230651855,0.0,False,False,4,False
34.529536688,635,34,579536689,map,16.651477813720703,0.29766082763671875,0.21761581301689148,-3.4332275390625e-05,0.0,0.0,0.0,0.00012169514106561253,8.510409612589913e-06,-0.9999978042290054,0.0020920456575501014,0,0,0,,0.6285214424133301,0.0037850141525268555,0.0,False,False,4,False
34.62953669,636,34,629536690,map,16.64565658569336,0.116119384765625,0.09118594229221344,-4.8828122089616954e-05,0.0,0.0,0.0,-4.432625950197786e-05,8.593814950875586e-05,-0.999998280697001,0.0018518241976792963,0,0,0,,0.6240944862365723,0.0022306442260742188,0.0,False,False,4,False
34.67953669,637,34,679536690,map,16.645296096801758,0.00690460205078125,0.09860388934612274,-9.880065772449598e-05,0.0,0.0,0.0,-0.00020715178491776307,0.0001291021180023844,-0.9999987192319072,0.0015817570376359619,0,0,0,,0.6126397848129272,0.0019216537475585938,0.0,False,False,4,False
34.729536691,638,34,729536691,map,16.65269660949707,-0.14873504638671875,0.2765604257583618,-1.049041202350054e-05,0.0,0.0,0.0,-0.00035789101330096097,0.00021581281986480082,-0.9999991706813725,0.0012181852964243305,0,0,0,,0.7311232089996338,0.004239261150360107,0.0,False,False,4,False
34.779536692,639,34,779536692,map,16.667938232421875,-0.303802490234375,-0.3835040330886841,-0.0001165389985544607,0.0,0.0,0.0,-0.0005067462210752588,9.69149107080963e-05,-0.9999992632592895,0.0010987705154321015,0,0,0,,0.6070413589477539,-0.005765765905380249,0.0,False,False,4,False
34.829536693,640,34,829536693,map,16.674211502075195,-0.12722015380859375,1.066011905670166,3.85284329240676e-05,0.0,0.0,0.0,-0.0006174316402416671,0.00036047205378393594,-0.9999995488020804,0.000625486773445973,0,0,0,,0.467942476272583,0.01477956771850586,0.0,False,False,4,False
34.879536693,641,34,879536693,map,16.66945457458496,0.09601593017578125,-0.7467037439346313,1.1825559340650216e-05,0.0,0.0,0.0,-0.0006582390957684855,0.00022105646823795797,-0.9999996856022778,0.00038294996582517667,0,0,0,,0.5478636026382446,-0.010310918092727661,0.0,False,False,4,False
34.929536694,642,34,929536694,map,16.663305282592773,0.124053955078125,-0.37900084257125854,3.0326846172101796e-05,0.0,0.0,0.0,-0.000656440172207243,-6.308390906940877e-05,-0.9999995226626016,0.0007209585908602167,0,0,0,,0.5718411207199097,-0.008234471082687378,0.0,False,False,4,False
34.929536694,643,34,979536695,map,16.661176681518555,0.04421234130859375,-0.40128692984580994,1.5068053471622989e-05,0.0,0.0,0.0,-0.0006459430996655131,-0.00029035754314477626,-0.999998751137451,0.0014128600593381034,0,0,0,,0.6555757522583008,-0.008636236190795898,0.0,False,False,4,False
35.029536696,644,35,29536696,map,16.671525955200195,-0.2068328857421875,-0.030705779790878296,-3.1089784897631034e-05,0.0,0.0,0.0,-0.0006637542132735271,-0.00033960135934019473,-0.9999974757671338,0.0021195661399402176,0,0,0,,0.7556633949279785,-0.0022814273834228516,0.0,False,False,4,False
35.079536696,645,35,79536696,map,16.691251754760742,-0.3969573974609375,0.6398301124572754,8.411407907260582e-05,0.0,0.0,0.0,-0.0007251581738717303,-7.567687380233601e-05,-0.9999971350432451,0.0022799833191740663,0,0,0,,0.6310219764709473,0.009912192821502686,0.0,False,False,4,False
35.129536697,646,35,129536697,map,16.702552795410156,-0.22724151611328125,1.1669342517852783,8.964534572442062e-06,0.0,0.0,0.0,-0.0007820258766431245,0.00045611974042258994,-0.9999985183793408,0.0014641138732012023,0,0,0,,0.47351205348968506,0.02075594663619995,0.0,False,False,4,False
35.179536698,647,35,179536698,map,16.695995330810547,0.1312255859375,-0.5659455060958862,-5.321502612787299e-05,0.0,0.0,0.0,-0.0007791412853879318,0.00042957920132879145,-0.9999993806531684,0.0006686507658323785,0,0,0,,0.41741907596588135,-0.004393935203552246,0.0,False,False,4,False
35.229536699,648,35,229536699,map,16.669265747070312,0.5355453491210938,-0.518236517906189,0.00014495849609375,0.0,0.0,0.0,-0.0006985021504388102,0.00010376004599771179,-0.9999996107627326,0.0005289640649517973,0,0,0,,0.33608126640319824,-0.008415788412094116,0.0,False,False,4,False
35.229536699,649,35,279536699,map,16.621959686279297,0.9450912475585938,0.6078587770462036,3.490447852527723e-05,0.0,0.0,0.0,-0.0005437691571187895,0.00015240064921547559,-0.9999997739673782,0.00036490319089081105,0,0,0,,0.28559279441833496,0.007006227970123291,0.0,False,False,4,False
35.279536699,650,35,329536700,map,16.55562400817871,1.32904052734375,1.5092053413391113,1.449584942747606e-05,0.0,0.0,0.0,0.0003317011319381948,-0.0007001039745941416,0.9999994690735163,0.000679471463240106,0,0,0,,0.25033295154571533,0.02369016408920288,0.0,False,False,4,False
35.379536701,651,35,379536701,map,16.480934143066406,1.4953994750976562,0.36400988698005676,-5.321502612787299e-05,0.0,0.0,0.0,9.814656026711229e-05,-0.0009754576821282415,0.9999973130276627,0.002100663470856778,0,0,0,,0.3949928283691406,0.008197367191314697,0.0,False,False,4,False
35.429536702,652,35,429536702,map,16.41455841064453,1.3277053833007812,0.02802029252052307,8.02993745310232e-05,0.0,0.0,0.0,-9.155315236058557e-05,-0.000896664844476738,0.9999945036757165,0.003190647040107555,0,0,0,,0.5466855764389038,2.580881118774414e-05,0.0,False,False,4,False
35.429536702,653,35,479536702,map,16.362934112548828,1.0433578491210938,1.4855884313583374,-7.743835158180445e-05,0.0,0.0,0.0,-0.00019271633023257807,-0.0011980833268572858,0.999988741924722,0.004587317360911336,0,0,0,,0.5341013669967651,0.02014458179473877,0.0,False,False,4,False
35.529536703,654,35,529536703,map,16.320209503173828,0.8730316162109375,1.5406622886657715,-0.00026531220646575093,0.0,0.0,0.0,-0.00021562222781415795,-0.0017078133163670687,0.9999761936274001,0.006681995150237648,0,0,0,,0.5012714862823486,0.023210644721984863,0.0,False,False,4,False
35.579536704,655,35,579536704,map,16.274383544921875,0.9578704833984375,2.301750659942627,-0.0004964828258380294,0.0,0.0,0.0,-0.00020883672854465416,-0.0024234257037829207,0.9999499624991651,0.009703395951793412,0,0,0,,0.35032641887664795,0.03577238321304321,0.0,False,False,4,False
35.579536704,656,35,629536705,map,16.214401245117188,1.2505722045898438,2.050783157348633,-0.0005193710094317794,0.0,0.0,0.0,-0.00023196760712743057,-0.0030499316514215015,0.9999048209239161,0.013453371364170928,0,0,0,,0.2530096769332886,0.03247570991516113,0.0,False,False,4,False
35.629536705,657,35,679536705,map,16.143375396728516,1.4911651611328125,2.2283709049224854,-0.00018005375750362873,0.0,0.0,0.0,-0.00030823405825517917,-0.003567475498265668,0.9998380861312095,0.01763461459218074,0,0,0,,0.3746544122695923,0.0332830548286438,0.0,False,False,4,False
35.729536706,658,35,729536706,map,16.08013916015625,1.2809371948242188,0.4329705238342285,0.00083332066424191,0.0,0.0,0.0,-0.0003738792876778343,-0.003384936608546188,0.9997723272131865,0.02106409640035475,0,0,0,,0.5883305072784424,0.0021355152130126953,0.0,False,False,4,False
35.779536707,659,35,779536707,map,16.035625457763672,0.9690093994140625,1.9743752479553223,0.0005159378051757812,0.0,0.0,0.0,-0.00038341371173257076,-0.0033891665375159205,0.9997065330421644,0.023983626433930143,0,0,0,,0.6028642654418945,0.019129812717437744,0.0,False,False,4,False
35.779536707,660,35,829536708,map,16.004480361938477,0.7653999328613281,2.9913747310638428,-0.00066375732421875,0.0,0.0,0.0,-0.00034117316347841983,-0.0039415704776519095,0.9996147247962768,0.027472706337495396,0,0,0,,0.6009409427642822,0.03673219680786133,0.0,False,False,4,False
35.879536708,661,35,879536708,map,15.985788345336914,0.5205726623535156,2.5987911224365234,-0.0007730483775958419,0.0,0.0,0.0,-0.00025572484125596206,-0.004489833553961329,0.9994922217665088,0.03154480349774172,0,0,0,,0.6103371381759644,0.03293687105178833,0.0,False,False,4,False
35.929536709,662,35,929536709,map,15.976309776306152,0.3343391418457031,2.2587645053863525,6.809234037064016e-05,0.0,0.0,0.0,-0.00013923620792714547,-0.004768571885821869,0.9993505582756453,0.03571698488960072,0,0,0,,0.6051340103149414,0.026525557041168213,0.0,False,False,4,False
35.97953671,663,35,979536710,map,15.97764778137207,0.07345199584960938,1.437232494354248,0.0009969710372388363,0.0,0.0,0.0,5.230549159152074e-06,-0.004615818472764176,0.9992163384325505,0.03931161662809626,0,0,0,,0.7001750469207764,0.01119840145111084,0.0,False,False,4,False
36.029536711,664,36,29536711,map,15.995521545410156,-0.2777671813964844,1.0946106910705566,0.0011785507667809725,0.0,0.0,0.0,0.0001865866661194839,-0.004182526057477662,0.9991123188663805,0.04191713194671953,0,0,0,,0.7813187837600708,0.002175748348236084,0.0,False,False,4,False
36.079536711,665,36,79536711,map,16.032522201538086,-0.6170082092285156,1.609044075012207,0.0004272460355423391,0.0,0.0,0.0,0.0003974011229538509,-0.0038931555205070204,0.9990283965031147,0.043897020318649484,0,0,0,,0.8500573635101318,0.008000373840332031,0.0,False,False,4,False
36.079536711,666,36,129536712,map,16.087848663330078,-0.9925460815429688,1.4286375045776367,-0.00018043516320176423,0.0,0.0,0.0,0.0006388935773622216,-0.0036787634390921162,0.9989558123075697,0.0455339826006846,0,0,0,,0.8465747833251953,0.0066353678703308105,0.0,False,False,4,False
36.179536713,667,36,179536713,map,16.155973434448242,-1.2953948974609375,0.8422613143920898,1.3351382222026587e-06,0.0,0.0,0.0,0.0009015354378456206,-0.003299486322905591,0.9989055085169009,0.04664853350804175,0,0,0,,0.8402609825134277,-0.0011485517024993896,0.0,False,False,4,False
36.229536714,668,36,229536714,map,16.23047637939453,-1.4191818237304688,0.8713698387145996,-9.021758160088211e-05,0.0,0.0,0.0,0.0011520181022399967,-0.002895851580409788,0.9988758592640027,0.04730015515319884,0,0,0,,0.8010051250457764,-0.00030544400215148926,0.0,False,False,4,False
36.229536714,669,36,279536714,map,16.30146026611328,-1.3652801513671875,0.6684589385986328,-0.00017299651517532766,0.0,0.0,0.0,0.0013565132680616356,-0.002503171379424825,0.9988608889849114,0.04763211585759291,0,0,0,,0.6722774505615234,-0.0014468133449554443,0.0,False,False,4,False
36.329536715,670,36,329536715,map,16.354238510131836,-0.9139633178710938,1.5707063674926758,-0.0004940032958984375,0.0,0.0,0.0,0.0014525265210625475,-0.002476550884177715,0.9988283884099868,0.04830742560654621,0,0,0,,0.5368531942367554,0.014928638935089111,0.0,False,False,4,False
36.329536715,671,36,379536716,map,16.38011360168457,-0.34564971923828125,1.7786216735839844,-0.0005899429088458419,0.0,0.0,0.0,0.0014118125451580547,-0.0027267529013737207,0.9987534181054291,0.0498214956286356,0,0,0,,0.4247997999191284,0.023243308067321777,0.0,False,False,4,False
36.429536717,672,36,429536717,map,16.37574005126953,0.25043487548828125,1.5754127502441406,-0.0002571105433162302,0.0,0.0,0.0,0.0012444295697146641,-0.0029681760715582176,0.9986389275214438,0.05205702416268812,0,0,0,,0.3165295124053955,0.023397624492645264,0.0,False,False,4,False
36.479536717,673,36,479536717,map,16.346338272094727,0.7240676879882812,1.2325119972229004,0.00015487668861169368,0.0,0.0,0.0,0.0009848171883515835,-0.003043445170666807,0.9985028372489128,0.054606332805544076,0,0,0,,0.35541796684265137,0.018659472465515137,0.0,False,False,4,False
36.529536718,674,36,529536718,map,16.301715850830078,1.0430145263671875,1.2971282005310059,0.00033206940861418843,0.0,0.0,0.0,0.0006847531604801633,-0.0030642520344267335,0.9983544411279296,0.05725863561698087,0,0,0,,0.3483988046646118,0.01841568946838379,0.0,False,False,4,False
36.579536719000004,675,36,579536719,map,16.24683380126953,1.247711181640625,1.2287521362304688,0.00023593902005814016,0.0,0.0,0.0,0.00038721498861340456,-0.003064160818037354,0.9981996522614069,0.05989920874468872,0,0,0,,0.353021502494812,0.016313910484313965,0.0,False,False,4,False
36.629536719,676,36,629536719,map,16.18453025817871,1.5108871459960938,2.098968029022217,-0.00027427671011537313,0.0,0.0,0.0,9.777038127231828e-05,-0.0033505232873251877,0.9980128814653839,0.06292100494918555,0,0,0,,0.36443305015563965,0.02940124273300171,0.0,False,False,4,False
36.629536719,677,36,679536720,map,16.123088836669922,1.490936279296875,1.9580888748168945,-0.0003707885916810483,0.0,0.0,0.0,-0.00015004523057586398,-0.0036991870640569182,0.9977863793864346,0.06639754974699086,0,0,0,,0.4706465005874634,0.02815777063369751,0.0,False,False,4,False
36.729536721,678,36,729536721,map,16.07588005065918,1.0139656066894531,0.46244144439697266,0.0005451202159747481,0.0,0.0,0.0,-0.00027471017838440876,-0.0034708500139251455,0.9975905705107587,0.0692887535067388,0,0,0,,0.6498711109161377,0.002680063247680664,0.0,False,False,4,False
36.779536722,679,36,779536722,map,16.050302505493164,0.7449913024902344,1.672959327697754,0.00045013424823991954,0.0,0.0,0.0,-0.0002940884076197771,-0.0033753988909614088,0.9974168271462714,0.07175091023673705,0,0,0,,0.672205924987793,0.015639185905456543,0.0,False,False,4,False
36.829536722,680,36,829536722,map,16.04608154296875,0.22912979125976562,1.0192394256591797,0.00016174319898709655,0.0,0.0,0.0,-0.00020146732284187822,-0.0032264710023197337,0.9972651772916445,0.07383573292961641,0,0,0,,0.7320246696472168,0.005542159080505371,0.0,False,False,4,False
36.879536723,681,36,879536723,map,16.053133010864258,0.1306915283203125,1.8742609024047852,-0.00020427705021575093,0.0,0.0,0.0,-5.60769910878254e-05,-0.0032942409298194484,0.997111035521996,0.07588628118652287,0,0,0,,0.6128580570220947,0.01763010025024414,0.0,False,False,4,False
36.929536724,682,36,929536724,map,16.06161117553711,0.08440017700195312,1.6898298263549805,-0.00042705534724518657,0.0,0.0,0.0,8.90052013717626e-05,-0.0034286707337100744,0.9969372821592483,0.07812996695254133,0,0,0,,0.611129879951477,0.01709848642349243,0.0,False,False,4,False
36.929536724,683,36,979536725,map,16.07150650024414,-0.015659332275390625,1.183786392211914,-1.0108947208209429e-05,0.0,0.0,0.0,0.00022693643268849746,-0.0033611875638318266,0.9967697483050071,0.08024163371959221,0,0,0,,0.6118824481964111,0.009838581085205078,0.0,False,False,4,False
37.029536725,684,37,29536725,map,16.08014488220215,0.04459381103515625,1.3719844818115234,7.705688767600805e-05,0.0,0.0,0.0,0.0003340461867389846,-0.0032683946884349284,0.9966100943523428,0.08220417169657428,0,0,0,,0.5811097621917725,0.01210719347000122,0.0,False,False,4,False
37.029536725,685,37,79536726,map,16.083168029785156,0.4125404357910156,2.8414487838745117,-0.0006473541143350303,0.0,0.0,0.0,0.0003499613000648922,-0.003705751949281401,0.9963791524702778,0.0849395635271914,0,0,0,,0.5887268781661987,0.03706294298171997,0.0,False,False,4,False
37.129536727,686,37,129536727,map,16.090839385986328,0.10219573974609375,1.48468017578125,-0.00028648378793150187,0.0,0.0,0.0,0.000362662018749882,-0.0038878313834604145,0.9961084317548705,0.08804967592357413,0,0,0,,0.6371722221374512,0.018622279167175293,0.0,False,False,4,False
37.179536728,687,37,179536728,map,16.097070693969727,0.200958251953125,1.8295526504516602,0.00032634736271575093,0.0,0.0,0.0,0.000375633140022358,-0.00393910898139872,0.9958288304807547,0.09115526700914962,0,0,0,,0.5404503345489502,0.021475791931152344,0.0,False,False,4,False
37.229536728,688,37,229536728,map,16.102415084838867,0.21127700805664062,1.7316007614135742,0.00021629329421557486,0.0,0.0,0.0,0.00037323919835865056,-0.003957761420268786,0.9955423732519356,0.09423152273493637,0,0,0,,0.701513409614563,0.019141733646392822,0.0,False,False,4,False
37.279536729,689,37,279536729,map,16.120725631713867,0.09429931640625,2.440009117126465,-0.00016193388728424907,0.0,0.0,0.0,0.0003694556432052101,-0.004178807846868567,0.9952202820511713,0.09756531792339793,0,0,0,,0.7869917154312134,0.02879047393798828,0.0,False,False,4,False
37.279536729,690,37,329536730,map,16.15785026550293,-0.4880523681640625,1.3618803024291992,0.0003059387381654233,0.0,0.0,0.0,0.0004510376657723864,-0.0040963477622280925,0.9949131739374575,0.10065183965397367,0,0,0,,0.7933962345123291,0.011050105094909668,0.0,False,False,4,False
37.379536731,691,37,379536731,map,16.208433151245117,-0.5745124816894531,2.258009910583496,0.00010509491403354332,0.0,0.0,0.0,0.0005696570022670502,-0.004118495978555314,0.9946121863984043,0.10358239304804871,0,0,0,,0.8558180332183838,0.0213586688041687,0.0,False,False,4,False
37.429536731,692,37,429536731,map,16.274229049682617,-1.0814666748046875,1.263895034790039,0.00033340451773256063,0.0,0.0,0.0,0.0007538938918766741,-0.003904697154784128,0.9943514552188558,0.10606304016137202,0,0,0,,0.8332340717315674,0.0054291486740112305,0.0,False,False,4,False
37.479536732,693,37,479536732,map,16.345909118652344,-1.1338233947753906,1.5675735473632812,0.00025806427584029734,0.0,0.0,0.0,0.0009534326251396773,-0.003655706890810731,0.9941422840672397,0.10801317421004551,0,0,0,,0.7955831289291382,0.007652401924133301,0.0,False,False,4,False
37.479536732,694,37,529536733,map,16.417043685913086,-1.1487770080566406,1.4234495162963867,6.9236739363987e-05,0.0,0.0,0.0,0.00112785204499094,-0.0034314141025304796,0.9939687482873109,0.10960420053619321,0,0,0,,0.7379680871963501,0.005990743637084961,0.0,False,False,4,False
37.579536734,695,37,579536734,map,16.483455657958984,-1.047515869140625,1.4252614974975586,-9.78469688561745e-05,0.0,0.0,0.0,0.0012516251883823884,-0.0032463313837486057,0.9938175092771615,0.11097140632196148,0,0,0,,0.727855920791626,0.007148146629333496,0.0,False,False,4,False
37.629536734,696,37,629536734,map,16.547481536865234,-1.0232162475585938,1.2968254089355469,-9.994506399380043e-05,0.0,0.0,0.0,0.0013296115962035653,-0.0030671247120078013,0.9936796055923391,0.11220368224286538,0,0,0,,0.7588658332824707,0.006620883941650391,0.0,False,False,4,False
37.679536735,697,37,679536735,map,16.606782913208008,-0.7780838012695312,1.930403709411621,-0.0003082275507040322,0.0,0.0,0.0,0.0013438015932614555,-0.0031292362381004015,0.9935051800536383,0.11373591906003831,0,0,0,,0.6815650463104248,0.018195390701293945,0.0,False,False,4,False
37.729536736,698,37,729536736,map,16.65241241455078,-0.5610275268554688,1.6202640533447266,-0.00027713776216842234,0.0,0.0,0.0,0.0013055905570214647,-0.0032211096244477073,0.9932839246157517,0.11565018368344414,0,0,0,,0.5206289291381836,0.016763269901275635,0.0,False,False,4,False
37.779536737,699,37,779536737,map,16.66974639892578,0.0634765625,1.771087646484375,-0.00012226102990098298,0.0,0.0,0.0,0.001176397340097992,-0.0033593286045036645,0.993012062847007,0.11795920498611828,0,0,0,,0.35894572734832764,0.021659791469573975,0.0,False,False,4,False
37.829536737,700,37,829536737,map,16.649322509765625,0.87799072265625,1.8832111358642578,-0.00015716551570221782,0.0,0.0,0.0,0.0009185799773623126,-0.003598344861965365,0.9926699173357881,0.12080001383128791,0,0,0,,0.18329346179962158,0.02702730894088745,0.0,False,False,4,False
37.879536738,701,37,879536738,map,16.589290618896484,1.471710205078125,0.9450769424438477,0.0003526687214616686,0.0,0.0,0.0,0.0005719531404080511,-0.0035789672105068786,0.9923143362341841,0.1236896194812716,0,0,0,,0.08596467971801758,0.015069365501403809,0.0,False,False,4,False
37.929536739,702,37,929536739,map,16.499021530151367,2.0953941345214844,0.9238433837890625,0.0004987716092728078,0.0,0.0,0.0,0.00015573645695602794,-0.0034500468255622015,0.9919781309733695,0.1263624176471712,0,0,0,,0.13052010536193848,0.014575660228729248,0.0,False,False,4,False
37.97953674,703,37,979536740,map,16.39047622680664,2.4509811401367188,0.8147621154785156,0.00020523072453215718,0.0,0.0,0.0,-0.00027805511292479525,-0.0033237512115900686,0.9916608434077702,0.12883185559102836,0,0,0,,0.10586607456207275,0.013208329677581787,0.0,False,False,4,False
38.02953674,704,38,29536740,map,16.26984214782715,2.6639747619628906,0.6508731842041016,0.0001152038385043852,0.0,0.0,0.0,-0.0006811424159546349,-0.0031829724755433743,0.9913684854429923,0.1310646054497429,0,0,0,,0.12774240970611572,0.010991275310516357,0.0,False,False,4,False
38.079536741,705,38,79536741,map,16.1420841217041,2.807025909423828,0.6137847900390625,-4.8255897127091885e-05,0.0,0.0,0.0,-0.0010279896909355067,-0.0030549900513671237,0.9910990536389652,0.13308747555246872,0,0,0,,0.11434197425842285,0.010773003101348877,0.0,False,False,4,False
38.129536742,706,38,129536742,map,16.012739181518555,2.991046905517578,1.1461639404296875,-0.0003940582391805947,0.0,0.0,0.0,-0.0013351797604832596,-0.0031409772993085832,0.9908022014111717,0.13527508726808615,0,0,0,,0.24498414993286133,0.020396649837493896,0.0,False,False,4,False
38.179536743,707,38,179536743,map,15.894397735595703,2.6915359497070312,0.8512783050537109,-0.00019245146540924907,0.0,0.0,0.0,-0.0015442485662544576,-0.0032073889271821156,0.9904785830570874,0.13762087217373645,0,0,0,,0.33339858055114746,0.0164719820022583,0.0,False,False,4,False
38.179536743,708,38,229536743,map,15.792279243469238,2.5621986389160156,1.551980972290039,-0.00025882720365189016,0.0,0.0,0.0,-0.0016666498415432015,-0.0034355724904367026,0.9900966382724655,0.14033554788980335,0,0,0,,0.46917569637298584,0.026902496814727783,0.0,False,False,4,False
38.279536744,709,38,279536744,map,15.716196060180664,1.6648292541503906,0.28183937072753906,0.00037021638127043843,0.0,0.0,0.0,-0.0016089024674024227,-0.00325805868032365,0.9897510692166206,0.14275719761554015,0,0,0,,0.5825281143188477,0.0048566460609436035,0.0,False,False,4,False
38.329536745,710,38,329536745,map,15.666178703308105,1.5651512145996094,1.7829227447509766,0.00013523100642487407,0.0,0.0,0.0,-0.0014723123298024487,-0.003341514417278317,0.9893949276792325,0.14520448911934075,0,0,0,,0.6507970094680786,0.023811519145965576,0.0,False,False,4,False
38.379536746,711,38,379536746,map,15.645210266113281,0.8454322814941406,1.3607311248779297,-0.00012130737013649195,0.0,0.0,0.0,-0.0012419489409600942,-0.0034388190463130026,0.9890121730983507,0.1477888816848979,0,0,0,,0.7896380424499512,0.016589820384979248,0.0,False,False,4,False
38.379536746,712,38,429536746,map,15.656346321105957,0.3056144714355469,1.7633724212646484,-8.354187593795359e-05,0.0,0.0,0.0,-0.0009288704832856148,-0.003544601741715963,0.988614934416819,0.1504230183387716,0,0,0,,0.8635940551757812,0.019533276557922363,0.0,False,False,4,False
38.479536747,713,38,479536747,map,15.69637680053711,-0.5545425415039062,0.9156036376953125,0.00031261442927643657,0.0,0.0,0.0,-0.0005022679649133926,-0.003323446095905308,0.9882844297553661,0.15258633076409434,0,0,0,,0.8648924827575684,0.0033260583877563477,0.0,False,False,4,False
38.529536748,714,38,529536748,map,15.755486488342285,-0.8021926879882812,1.3951969146728516,0.0002115249662892893,0.0,0.0,0.0,-5.546681642505896e-05,-0.0030932212814027706,0.9880284085230044,0.15424102196573977,0,0,0,,0.8646900653839111,0.006686747074127197,0.0,False,False,4,False
38.529536748,715,38,579536749,map,15.819904327392578,-0.7391929626464844,1.9288158416748047,-0.00045185087947174907,0.0,0.0,0.0,0.00031517849218343685,-0.003126316094157975,0.9877624475451906,0.15593419775575873,0,0,0,,0.6711074113845825,0.015594005584716797,0.0,False,False,4,False
38.579536749,716,38,629536749,map,15.868131637573242,-0.20627975463867188,2.4898242950439453,-0.0008762359502725303,0.0,0.0,0.0,0.000519440103408729,-0.003493270279784212,0.9873886088283029,0.15827590593909094,0,0,0,,0.5484732389450073,0.029069602489471436,0.0,False,False,4,False
38.629536749,717,38,679536750,map,15.898244857788086,-0.00789642333984375,1.8897819519042969,-0.0004549026198219508,0.0,0.0,0.0,0.0005937533053840895,-0.0037635312678923533,0.9869266624732131,0.16112493968623331,0,0,0,,0.5264875888824463,0.023724734783172607,0.0,False,False,4,False
38.729536751,718,38,729536751,map,15.918920516967773,-0.35762786865234375,0.2342987060546875,0.0008670806419104338,0.0,0.0,0.0,0.0006714310597926664,-0.0033441779965113364,0.9865723776149077,0.16328903631636602,0,0,0,,0.6256635189056396,-0.003133535385131836,0.0,False,False,4,False
38.729536751,719,38,779536752,map,15.93968677520752,-0.009365081787109375,1.272125244140625,0.0007249831687659025,0.0,0.0,0.0,0.0006879102494952202,-0.003021412755093681,0.986305813936528,0.16489766292902616,0,0,0,,0.6615796089172363,0.008611023426055908,0.0,False,False,4,False
38.829536752,720,38,829536752,map,15.966064453125,-0.3347206115722656,0.6541252136230469,0.00026893612812273204,0.0,0.0,0.0,0.0007111097538102694,-0.002679156825735806,0.986111610321015,0.16606085761465814,0,0,0,,0.7115110158920288,-0.0006470084190368652,0.0,False,False,4,False
38.879536753,721,38,879536753,map,15.989774703979492,0.15277862548828125,1.900320053100586,-0.00033531186636537313,0.0,0.0,0.0,0.0006741693080226019,-0.0027612292957862068,0.9858772384153973,0.1674454892881554,0,0,0,,0.5241491794586182,0.019643187522888184,0.0,False,False,4,False
38.929536754,722,38,929536754,map,15.99571418762207,0.24145126342773438,1.0511493682861328,-0.000331878662109375,0.0,0.0,0.0,0.0006081711450964232,-0.0028112718612175245,0.9855950991920793,0.16909768575275005,0,0,0,,0.3963855504989624,0.011500716209411621,0.0,False,False,4,False
38.979536755,723,38,979536755,map,15.974466323852539,1.3236427307128906,2.4499988555908203,-0.0005599975120276213,0.0,0.0,0.0,0.0003861023972775132,-0.0032930904428509654,0.98515250316891,0.171649503291751,0,0,0,,0.34174787998199463,0.038500308990478516,0.0,False,False,4,False
39.029536755,724,39,29536755,map,15.939043045043945,1.2425041198730469,1.3422679901123047,-0.0003501892206259072,0.0,0.0,0.0,0.0001291278120905963,-0.0036030383986928385,0.9845870705651927,0.1748579478209606,0,0,0,,0.3961225748062134,0.02503669261932373,0.0,False,False,4,False
39.079536756,725,39,79536756,map,15.893757820129395,1.8448448181152344,2.361011505126953,-0.00032272335374727845,0.0,0.0,0.0,-0.0001803960287320664,-0.004067692262700466,0.9838806661913384,0.1787799094747989,0,0,0,,0.4074392318725586,0.0417746901512146,0.0,False,False,4,False
39.129536757,726,39,129536757,map,15.85313606262207,0.6796646118164062,-0.5003643035888672,0.0011840820079669356,0.0,0.0,0.0,-0.00029031671970887034,-0.003597122031172242,0.9833170364669053,0.18186418620288627,0,0,0,,0.647089958190918,-0.0066796839237213135,0.0,False,False,4,False
39.129536757,727,39,179536757,map,15.829681396484375,0.8717918395996094,0.9778690338134766,0.001079559326171875,0.0,0.0,0.0,-0.00031411004350234727,-0.003151570567083727,0.9829316874635892,0.18394365093099127,0,0,0,,0.6283886432647705,0.0066103339195251465,0.0,False,False,4,False
39.229536758,728,39,229536758,map,15.80732536315918,1.4636802673339844,2.549905776977539,-0.000720977783203125,0.0,0.0,0.0,-0.00041693545184802704,-0.0035112029720207843,0.9824427287392135,0.1865309153088746,0,0,0,,0.3866170644760132,0.03426891565322876,0.0,False,False,4,False
39.279536759,729,39,279536759,map,15.770885467529297,1.5617942810058594,1.965951919555664,-0.0010231018532067537,0.0,0.0,0.0,-0.0005517550248871126,-0.003997305182735627,0.9818007500384291,0.18987102027862698,0,0,0,,0.34108495712280273,0.03134363889694214,0.0,False,False,4,False
39.32953676,730,39,329536760,map,15.718491554260254,1.9754600524902344,2.085733413696289,-0.0006273269536904991,0.0,0.0,0.0,-0.0007273861710014743,-0.0044377709183418945,0.9810308904908046,0.19379930082808203,0,0,0,,0.29558002948760986,0.036331117153167725,0.0,False,False,4,False
39.37953676,731,39,379536760,map,15.661172866821289,1.5817451477050781,0.8280372619628906,0.000522613525390625,0.0,0.0,0.0,-0.0008382525261632998,-0.004377181884163,0.980291178811227,0.19750782859509788,0,0,0,,0.5155994892120361,0.015136778354644775,0.0,False,False,4,False
39.429536761,732,39,429536761,map,15.620399475097656,1.0011100769042969,0.28288841247558594,0.0015792845515534282,0.0,0.0,0.0,-0.0008117612093652052,-0.003843178015898406,0.9797568763743384,0.20015252739767322,0,0,0,,0.7187752723693848,-0.0006142258644104004,0.0,False,False,4,False
39.479536762,733,39,479536762,map,15.608718872070312,0.5462074279785156,0.6987762451171875,0.000844764756038785,0.0,0.0,0.0,-0.0006742243691901347,-0.003313519728218951,0.9794229300396041,0.20179021314510598,0,0,0,,0.7627866268157959,-0.001131296157836914,0.0,False,False,4,False
39.529536763,734,39,529536763,map,15.62255859375,-0.17652511596679688,0.2940082550048828,0.00035533899790607393,0.0,0.0,0.0,-0.0004050024655775467,-0.0027184119653799626,0.9792937144646575,0.20242595441149147,0,0,0,,0.7925012111663818,-0.010880887508392334,0.0,False,False,4,False
39.579536763,735,39,579536763,map,15.647567749023438,-0.09328842163085938,1.0626697540283203,-0.00037403107853606343,0.0,0.0,0.0,-0.00012682873750809133,-0.002408859400916611,0.9792543998670101,0.20262033869273788,0,0,0,,0.5833014249801636,0.0006418824195861816,0.0,False,False,4,False
39.629536764,736,39,629536764,map,15.656859397888184,0.782470703125,2.2919273376464844,-0.0012506484054028988,0.0,0.0,0.0,-3.190662431198715e-05,-0.002780726423528035,0.979034338478095,0.2036762888096792,0,0,0,,0.4249758720397949,0.028398752212524414,0.0,False,False,4,False
39.629536764,737,39,679536765,map,15.654285430908203,0.23944854736328125,0.42122840881347656,-0.0004871368291787803,0.0,0.0,0.0,5.187960812776636e-05,-0.0027584994461694783,0.9787503487552894,0.20503693033380815,0,0,0,,0.5380239486694336,0.004773736000061035,0.0,False,False,4,False
39.729536766,738,39,729536766,map,15.644367218017578,0.8478546142578125,1.4371109008789062,-0.00014190674119163305,0.0,0.0,0.0,4.8878167544624904e-05,-0.0028160982779395285,0.9784009372818383,0.2066970564072793,0,0,0,,0.4717620611190796,0.021052181720733643,0.0,False,False,4,False
39.779536766,739,39,779536766,map,15.625550270080566,0.9435844421386719,1.1941146850585938,-0.00016899107140488923,0.0,0.0,0.0,-2.319816147169733e-05,-0.0029415535481058103,0.9779448162405815,0.20884272338950294,0,0,0,,0.44435369968414307,0.02052462100982666,0.0,False,False,4,False
39.829536767,740,39,829536767,map,15.595796585083008,0.7995414733886719,0.3276538848876953,0.00023441313533112407,0.0,0.0,0.0,-6.998032346700349e-05,-0.0027561688159120283,0.9775155022418949,0.21084553946666393,0,0,0,,0.3595998287200928,0.007274925708770752,0.0,False,False,4,False
39.879536768,741,39,879536768,map,15.557762145996094,1.0298728942871094,0.4315662384033203,0.00048046110896393657,0.0,0.0,0.0,-0.00013270298832694047,-0.0024995019874265853,0.9771557610406342,0.2125096551802547,0,0,0,,0.4738091230392456,0.007453441619873047,0.0,False,False,4,False
39.929536769,742,39,929536769,map,15.523763656616211,1.3248634338378906,1.2634658813476562,-0.00015563964552711695,0.0,0.0,0.0,-0.0002582916837547776,-0.002582613828580717,0.9767431012283555,0.21439724250566586,0,0,0,,0.5477228164672852,0.0206490159034729,0.0,False,False,4,False
39.979536769,743,39,979536769,map,15.501992225646973,0.85601806640625,0.8138847351074219,-0.0001867294340627268,0.0,0.0,0.0,-0.0003253422353674553,-0.002633048369578484,0.9762940408802407,0.2164322225327004,0,0,0,,0.6320252418518066,0.013161957263946533,0.0,False,False,4,False
39.979536769,744,40,29536770,map,15.491936683654785,1.1263656616210938,1.9285392761230469,-0.00031700130784884095,0.0,0.0,0.0,-0.0003937595240480236,-0.002973742570578941,0.9757262070596044,0.2189734473986262,0,0,0,,0.6398258209228516,0.03002721071243286,0.0,False,False,4,False
40.079536771,745,40,79536771,map,15.492776870727539,0.5687141418457031,1.233978271484375,-0.00020427705021575093,0.0,0.0,0.0,-0.0003759613382577421,-0.0031634884630876584,0.9750931850320491,0.22177270232801477,0,0,0,,0.6279188394546509,0.018349051475524902,0.0,False,False,4,False
40.129536772,746,40,129536772,map,15.49808120727539,0.5946540832519531,1.4786434173583984,0.0001317977876169607,0.0,0.0,0.0,-0.0003138533638930869,-0.003268712713857371,0.9744538038653578,0.2245640246023278,0,0,0,,0.6085206270217896,0.01973891258239746,0.0,False,False,4,False
40.179536772,747,40,179536772,map,15.505199432373047,0.46932220458984375,1.2871742248535156,0.00026378632173873484,0.0,0.0,0.0,-0.00023209851348247792,-0.0032879077651886794,0.9738370645191573,0.22722347493496015,0,0,0,,0.5945721864700317,0.01525813341140747,0.0,False,False,4,False
40.229536773,748,40,229536773,map,15.516514778137207,0.4831123352050781,1.4902877807617188,4.577637810143642e-05,0.0,0.0,0.0,-0.00016290215210790692,-0.003322068804147907,0.9732407100467828,0.229763917161471,0,0,0,,0.7004058361053467,0.016811013221740723,0.0,False,False,4,False
40.279536774,749,40,279536774,map,15.541522979736328,0.06757736206054688,1.2557411193847656,0.00011692046246025711,0.0,0.0,0.0,-5.256196201159388e-05,-0.003253208243771832,0.9727004808635391,0.23204135062786257,0,0,0,,0.7678238153457642,0.01039654016494751,0.0,False,False,4,False
40.329536775,750,40,329536775,map,15.578125953674316,-0.1360321044921875,1.3575267791748047,0.0001777648867573589,0.0,0.0,0.0,9.723088653691421e-05,-0.0031406067465558052,0.9722341971094435,0.23398887389440987,0,0,0,,0.732221245765686,0.009252965450286865,0.0,False,False,4,False
40.379536775,751,40,379536775,map,15.619285583496094,-0.1265716552734375,1.5670013427734375,-4.272460500942543e-05,0.0,0.0,0.0,0.00023551553277932201,-0.003106693174335927,0.9717973405263423,0.2357969930594588,0,0,0,,0.7091327905654907,0.01209557056427002,0.0,False,False,4,False
40.429536776,752,40,429536776,map,15.653505325317383,0.5852127075195312,2.6241683959960938,-0.0006372451898641884,0.0,0.0,0.0,0.0002322086438407263,-0.0035221855461954428,0.9711949149450856,0.23826031451530497,0,0,0,,0.5700029134750366,0.03328061103820801,0.0,False,False,4,False
40.479536777,753,40,479536777,map,15.671369552612305,0.5786705017089844,1.8684101104736328,-0.0004827499215025455,0.0,0.0,0.0,0.00017239076498580476,-0.0038672623708262506,0.9704380738250382,0.24131920651686475,0,0,0,,0.4153175354003906,0.026250481605529785,0.0,False,False,4,False
40.529536778,754,40,529536778,map,15.670793533325195,0.8231353759765625,1.5192985534667969,0.0001918792986543849,0.0,0.0,0.0,7.707336457935725e-05,-0.003976061458576027,0.9696402061122601,0.24450369258059884,0,0,0,,0.5072313547134399,0.022246479988098145,0.0,False,False,4,False
40.579536778,755,40,579536778,map,15.667141914367676,0.7724952697753906,1.2772941589355469,0.0005367278354242444,0.0,0.0,0.0,-1.755160562395559e-05,-0.003903864344743742,0.968875978978797,0.24751585180144867,0,0,0,,0.5940120220184326,0.016775906085968018,0.0,False,False,4,False
40.629536779,756,40,629536779,map,15.670212745666504,0.6266975402832031,1.2763214111328125,0.0004253387451171875,0.0,0.0,0.0,-7.772069442334856e-05,-0.0037579325526068057,0.9681831036981623,0.2502146071192032,0,0,0,,0.672814130783081,0.013736367225646973,0.0,False,False,4,False
40.67953678,757,40,679536780,map,15.686495780944824,-0.15443801879882812,0.39526939392089844,0.0008848190191201866,0.0,0.0,0.0,1.3937032627618054e-05,-0.003256196047740314,0.967717078258454,0.25201796253437764,0,0,0,,0.7362630367279053,-0.005044072866439819,0.0,False,False,4,False
40.67953678,758,40,729536781,map,15.711946487426758,0.6789779663085938,2.2733211517333984,-0.00033588410587981343,0.0,0.0,0.0,2.0109478621930642e-05,-0.0033145130100418474,0.9672402935368357,0.2538409505140787,0,0,0,,0.7199839353561401,0.0237463116645813,0.0,False,False,4,False
40.779536781,759,40,779536781,map,15.75045394897461,-0.2465057373046875,1.134176254272461,-0.00026149750920012593,0.0,0.0,0.0,0.00010768641287828577,-0.0032544898106468823,0.9667661555025093,0.2556415405887834,0,0,0,,0.7947039604187012,0.006084144115447998,0.0,False,False,4,False
40.829536782,760,40,829536782,map,15.79731273651123,-0.24621963500976562,1.4682865142822266,-3.6430355976335704e-05,0.0,0.0,0.0,0.0002511175253937652,-0.003126126532330114,0.9663523748976935,0.2572027445469425,0,0,0,,0.7247014045715332,0.009226202964782715,0.0,False,False,4,False
40.879536783,761,40,879536783,map,15.84129810333252,0.2795219421386719,2.259082794189453,-0.0005102157592773438,0.0,0.0,0.0,0.00029498531280969427,-0.0033416923982688912,0.9658215051722622,0.2591863542364188,0,0,0,,0.6640825271606445,0.024959206581115723,0.0,False,False,4,False
40.929536784,762,40,929536784,map,15.886190414428711,0.028018951416015625,1.8373489379882812,-0.0003866195911541581,0.0,0.0,0.0,0.0003162475162720729,-0.003536124972506899,0.9651733238843877,0.2615871760420419,0,0,0,,0.7667717933654785,0.020191609859466553,0.0,False,False,4,False
40.979536784,763,40,979536784,map,15.93681526184082,-0.21360397338867188,1.6374397277832031,7.820130122127011e-05,0.0,0.0,0.0,0.00038060701312245585,-0.0035425896136208153,0.9645149262040815,0.2640042846748252,0,0,0,,0.735698938369751,0.015127897262573242,0.0,False,False,4,False
41.029536785,764,41,29536785,map,15.99291706085205,-0.04352569580078125,2.126636505126953,4.158020601607859e-05,0.0,0.0,0.0,0.00041761999083964984,-0.0036370890160866863,0.9638138461788037,0.2665510590694655,0,0,0,,0.8504085540771484,0.021661877632141113,0.0,False,False,4,False
41.029536785,765,41,79536786,map,16.06151580810547,-0.3828239440917969,2.0285415649414062,-1.7166166799142957e-05,0.0,0.0,0.0,0.00048102954564322245,-0.0037126318341661117,0.9630827089292021,0.2691796439871152,0,0,0,,0.8403115272521973,0.01786220073699951,0.0,False,False,4,False
41.079536786,766,41,129536787,map,16.13442039489746,-0.5794715881347656,1.8571662902832031,0.00020084381685592234,0.0,0.0,0.0,0.0005923941426730868,-0.0036665766416227874,0.962396148937165,0.27162447937515666,0,0,0,,0.7558777332305908,0.012882351875305176,0.0,False,False,4,False
41.129536787,767,41,179536787,map,16.20397186279297,-0.5336189270019531,1.7938423156738281,0.00019092558068223298,0.0,0.0,0.0,0.0007015735500305471,-0.0035631650794290762,0.9617817827372286,0.27379301313943155,0,0,0,,0.7389974594116211,0.010991215705871582,0.0,False,False,4,False
41.229536788,768,41,229536788,map,16.26553726196289,-0.7096290588378906,1.1961555480957031,0.00036888118484057486,0.0,0.0,0.0,0.0008280042042028509,-0.0032665303323166587,0.9613193757401332,0.27541550794250236,0,0,0,,0.6347414255142212,0.0010704398155212402,0.0,False,False,4,False
41.229536788,769,41,279536789,map,16.311128616333008,-0.48309326171875,0.9528160095214844,0.0004169464227743447,0.0,0.0,0.0,0.0009181746526510397,-0.002879175322260356,0.961035688496754,0.27640780151859123,0,0,0,,0.5676273107528687,-0.0016168653964996338,0.0,False,False,4,False
41.279536789,770,41,329536790,map,16.338031768798828,0.2958106994628906,1.4938545227050781,-0.00018844606529455632,0.0,0.0,0.0,0.000846649062761273,-0.0027974051476535038,0.960750487768011,0.27739855436417316,0,0,0,,0.5188901424407959,0.012042641639709473,0.0,False,False,4,False
41.37953679,771,41,379536790,map,16.340375900268555,1.0124397277832031,1.6964912414550781,-0.00048141475417651236,0.0,0.0,0.0,0.0006015195824607424,-0.0030493419075345164,0.9602713913080028,0.27905052360372967,0,0,0,,0.30127012729644775,0.02422088384628296,0.0,False,False,4,False
41.37953679,772,41,429536791,map,16.309480667114258,1.2997245788574219,0.8906364440917969,-0.00022830962552689016,0.0,0.0,0.0,0.000292394723226435,-0.003190211849782061,0.9596452446355266,0.28119520177645235,0,0,0,,0.2302260398864746,0.01899135112762451,0.0,False,False,4,False
41.479536792,773,41,479536792,map,16.250938415527344,2.1758079528808594,1.2141609191894531,-0.0002693176211323589,0.0,0.0,0.0,-0.00012851022954589626,-0.003428773998182363,0.9588381692243009,0.2839323726392984,0,0,0,,0.2446732521057129,0.030723631381988525,0.0,False,False,4,False
41.529536793,774,41,529536793,map,16.178665161132812,2.1622085571289062,0.6667900085449219,-7.972717867232859e-05,0.0,0.0,0.0,-0.0005426450015353308,-0.00355557578620181,0.9579060968030775,0.2870591805268104,0,0,0,,0.2930394411087036,0.024179935455322266,0.0,False,False,4,False
41.579536793,775,41,579536793,map,16.09856414794922,2.1403121948242188,0.3339195251464844,0.00036277773324400187,0.0,0.0,0.0,-0.0008692685222183359,-0.0034821806524906575,0.95698657866892,0.2901099912751962,0,0,0,,0.2613081932067871,0.017597615718841553,0.0,False,False,4,False
41.629536794,776,41,629536794,map,16.012550354003906,2.285022735595703,0.32543182373046875,0.00029602053109556437,0.0,0.0,0.0,-0.0011351161981828885,-0.003365644718177063,0.9561226447503919,0.2929451691739658,0,0,0,,0.2886582612991333,0.01634061336517334,0.0,False,False,4,False
41.629536794,777,41,679536795,map,15.926051139831543,2.2888946533203125,0.30063629150390625,0.00017433166794944555,0.0,0.0,0.0,-0.0013443700956109602,-0.003264950697639726,0.9553168449875034,0.2955626134156863,0,0,0,,0.3289264440536499,0.014803528785705566,0.0,False,False,4,False
41.729536795,778,41,729536795,map,15.843605995178223,2.849578857421875,1.2467193603515625,-0.0004949569702148438,0.0,0.0,0.0,-0.0016023455119831896,-0.003537325228300405,0.9543871275329658,0.2985466975507579,0,0,0,,0.43475770950317383,0.032137930393218994,0.0,False,False,4,False
41.779536796,779,41,779536796,map,15.778497695922852,2.088298797607422,0.7254409790039062,-0.00027332306490279734,0.0,0.0,0.0,-0.0017356864753440946,-0.003699643758048575,0.9533879722940938,0.3017195292212274,0,0,0,,0.6271090507507324,0.02055346965789795,0.0,False,False,4,False
41.829536797,780,41,829536797,map,15.743329048156738,1.0499382019042969,0.2733612060546875,0.0007375716813839972,0.0,0.0,0.0,-0.0016054462602981873,-0.003435862599427291,0.9525820584555841,0.30425817868879945,0,0,0,,0.7449226379394531,0.003557920455932617,0.0,False,False,4,False
41.829536797,781,41,879536798,map,15.735182762145996,1.26312255859375,1.5052413940429688,0.00030307768611237407,0.0,0.0,0.0,-0.0014248158675754686,-0.0034147690089016626,0.9518521435710684,0.3065351627978777,0,0,0,,0.730567455291748,0.01787269115447998,0.0,False,False,4,False
41.879536798,782,41,929536798,map,15.745000839233398,1.0722541809082031,1.8339729309082031,-0.0004922866937704384,0.0,0.0,0.0,-0.0012501112425471925,-0.003645149657792594,0.9510361138902169,0.3090557557827519,0,0,0,,0.7208102941513062,0.022669076919555664,0.0,False,False,4,False
41.929536798,783,41,979536799,map,15.767410278320312,0.7135009765625,1.7458724975585938,-0.00041542050894349813,0.0,0.0,0.0,-0.001037578220972677,-0.0038310257905693544,0.9501624356758165,0.31172999936391643,0,0,0,,0.7162066698074341,0.01988440752029419,0.0,False,False,4,False
41.979536799,784,42,29536800,map,15.798559188842773,0.1898956298828125,1.3125991821289062,0.00026569367037154734,0.0,0.0,0.0,-0.0007455629543513509,-0.0037433472011182767,0.9493777169966642,0.3141136449723489,0,0,0,,0.7086859941482544,0.009551286697387695,0.0,False,False,4,False
42.079536801,785,42,79536801,map,15.839116096496582,0.15531539916992188,1.5744400024414062,0.00026264190091751516,0.0,0.0,0.0,-0.0004636266767700356,-0.0036095938003175548,0.9486988592737241,0.3161601339442341,0,0,0,,0.8336060047149658,0.010871052742004395,0.0,False,False,4,False
42.129536801,786,42,129536801,map,15.89787769317627,-0.2419281005859375,1.641693115234375,9.918210707837716e-05,0.0,0.0,0.0,-0.00018010442078432193,-0.0034687003131288205,0.9481086087945576,0.3179276672612561,0,0,0,,0.8872318267822266,0.00831592082977295,0.0,False,False,4,False
42.179536802,787,42,179536802,map,15.971325874328613,-0.33599853515625,1.997528076171875,-0.00018749234732240438,0.0,0.0,0.0,8.030160186504225e-05,-0.0034216668391316724,0.9475496919284042,0.3195901548453595,0,0,0,,0.8622711896896362,0.012094080448150635,0.0,False,False,4,False
42.229536803,788,42,229536803,map,16.054431915283203,-0.5090522766113281,2.0791244506835938,-0.00024414061044808477,0.0,0.0,0.0,0.00031504819883821245,-0.0034267353901762773,0.9469788662269194,0.3212774270763137,0,0,0,,0.8716950416564941,0.012760579586029053,0.0,False,False,4,False
42.279536804,789,42,279536804,map,16.144773483276367,-0.5758857727050781,2.2203636169433594,-0.000251960736932233,0.0,0.0,0.0,0.0005162872116947971,-0.0034678221780682374,0.9463729334996871,0.3230572370278261,0,0,0,,0.8693239688873291,0.014689445495605469,0.0,False,False,4,False
42.329536804,790,42,329536804,map,16.239702224731445,-1.2999725341796875,1.4237403869628906,0.000240325927734375,0.0,0.0,0.0,0.0008002611441856181,-0.0031853235603689,0.9459091829409734,0.3244149055204727,0,0,0,,0.838829517364502,-0.0012341737747192383,0.0,False,False,4,False
42.379536805,791,42,379536805,map,16.328392028808594,-1.0264205932617188,1.5731430053710938,0.0003154754522256553,0.0,0.0,0.0,0.0010510725372120347,-0.0028582016566091623,0.9456138947565229,0.3252769404264793,0,0,0,,0.6749894618988037,0.0010600686073303223,0.0,False,False,4,False
42.429536806,792,42,429536806,map,16.39099884033203,-0.0514984130859375,1.9739913940429688,-0.0001827240048442036,0.0,0.0,0.0,0.0010783341177097161,-0.002880628073655988,0.9452444827978838,0.32634859723552245,0,0,0,,0.39296770095825195,0.015923619270324707,0.0,False,False,4,False
42.479536807,793,42,479536807,map,16.408554077148438,0.5487442016601562,1.2685585021972656,-0.00025463104248046875,0.0,0.0,0.0,0.0009131947795641875,-0.0029751864633612516,0.9447232363962007,0.32785411535298914,0,0,0,,0.24112093448638916,0.016199350357055664,0.0,False,False,4,False
42.529536807,794,42,529536807,map,16.3749942779541,1.7324066162109375,1.105499267578125,-0.00010261536226607859,0.0,0.0,0.0,0.000516970505211988,-0.003182172368307265,0.9439788040631667,0.32999033925251264,0,0,0,,0.023600339889526367,0.026956140995025635,0.0,False,False,4,False
42.579536808,795,42,579536808,map,16.295982360839844,2.5988006591796875,0.7131004333496094,-0.00021629333787132055,0.0,0.0,0.0,-6.865966983413498e-05,-0.0034535272674196126,0.9429571625141675,0.3328961671429891,0,0,0,,0.06351852416992188,0.03263866901397705,0.0,False,False,4,False
42.629536809,796,42,629536809,map,16.194169998168945,2.4559593200683594,-0.20547866821289062,0.00028629304142668843,0.0,0.0,0.0,-0.0006159915814815523,-0.0034229736920567966,0.941856017679003,0.3359987288180193,0,0,0,,0.1537935733795166,0.01974022388458252,0.0,False,False,4,False
42.67953681,797,42,679536810,map,16.085254669189453,2.8736305236816406,0.0687408447265625,0.00023193359083961695,0.0,0.0,0.0,-0.0011237999101657986,-0.0033786819243954666,0.9407313405632587,0.33913399485199003,0,0,0,,0.26114118099212646,0.024134695529937744,0.0,False,False,4,False
42.67953681,798,42,729536810,map,15.97746467590332,2.9576683044433594,0.18724441528320312,-0.00012874603271484375,0.0,0.0,0.0,-0.0015694133059737819,-0.0034360230548430687,0.9395449023363733,0.3424048877880927,0,0,0,,0.24379777908325195,0.025435984134674072,0.0,False,False,4,False
42.779536811,799,42,779536811,map,15.872901916503906,2.904338836669922,0.204010009765625,-0.00014533998910337687,0.0,0.0,0.0,-0.0019128705669515277,-0.0035189560119624455,0.9383200755270883,0.3457446944460886,0,0,0,,0.31237101554870605,0.024248898029327393,0.0,False,False,4,False
42.829536812,800,42,829536812,map,15.780426025390625,2.4462890625,0.0208282470703125,0.00025806427584029734,0.0,0.0,0.0,-0.0020874115056904643,-0.0034678767663679634,0.9371696550856635,0.3488504753193806,0,0,0,,0.5398839712142944,0.016035735607147217,0.0,False,False,4,False
42.879536813,801,42,879536813,map,15.711215019226074,2.167682647705078,0.39752960205078125,0.0003097534063272178,0.0,0.0,0.0,-0.0021197220880018654,-0.0034109924603400467,0.9361254942090211,0.35164318705275827,0,0,0,,0.539620041847229,0.015594303607940674,0.0,False,False,4,False
42.929536813,802,42,929536813,map,15.663337707519531,1.6002655029296875,0.3821754455566406,0.000377845746697858,0.0,0.0,0.0,-0.0019987294883053014,-0.0032861067480500074,0.9352330326522016,0.3540118376820738,0,0,0,,0.6101630926132202,0.009024322032928467,0.0,False,False,4,False
42.929536813,803,42,979536814,map,15.636574745178223,1.2569808959960938,0.6226348876953125,0.0002063751162495464,0.0,0.0,0.0,-0.0017721700963874375,-0.0031460073736739314,0.9345034423455485,0.355935778329567,0,0,0,,0.6587791442871094,0.0075531005859375,0.0,False,False,4,False
43.029536815,804,43,29536815,map,15.619950294494629,1.0064125061035156,0.6375312805175781,8.029935997910798e-05,0.0,0.0,0.0,-0.0014908363757767304,-0.0030001030274458564,0.9339149107525918,0.3574796725167792,0,0,0,,0.4717416763305664,0.005642235279083252,0.0,False,False,4,False
43.079536816,805,43,79536816,map,15.600263595581055,1.4638519287109375,1.0507965087890625,-0.00034179684007540345,0.0,0.0,0.0,-0.001314258438855946,-0.003057757681019237,0.93330170598909,0.35907777491871323,0,0,0,,0.5331910848617554,0.016275405883789062,0.0,False,False,4,False
43.079536816,806,43,129536816,map,15.5884428024292,0.9892845153808594,0.7460403442382812,-0.00028781889704987407,0.0,0.0,0.0,-0.0011461169447768138,-0.0030500234902715293,0.9326645792202365,0.36073004648988816,0,0,0,,0.6951820850372314,0.010756492614746094,0.0,False,False,4,False
43.179536817,807,43,179536817,map,15.596603393554688,0.6894493103027344,1.0032272338867188,-6.256102642510086e-05,0.0,0.0,0.0,-0.0009447674843767144,-0.002987494484984315,0.9320460597284416,0.3623262684871041,0,0,0,,0.7824031114578247,0.010980725288391113,0.0,False,False,4,False
43.229536818,808,43,229536818,map,15.627107620239258,0.2707099914550781,1.2009048461914062,-4.138946678722277e-05,0.0,0.0,0.0,-0.0006932195196952813,-0.0029068437447015913,0.9314559841716353,0.36384175029398685,0,0,0,,0.8297570943832397,0.00949949026107788,0.0,False,False,4,False
43.279536819,809,43,279536819,map,15.676691055297852,0.082855224609375,1.5545654296875,-0.0001548767031636089,0.0,0.0,0.0,-0.00042658718103196186,-0.002889766137213599,0.9308643594990865,0.3653532694385046,0,0,0,,0.8479384183883667,0.011882126331329346,0.0,False,False,4,False
43.329536819,810,43,329536819,map,15.734992980957031,0.20420074462890625,1.9338226318359375,-0.0002704620419535786,0.0,0.0,0.0,-0.0002151971721197595,-0.003031510714215435,0.9301728235446652,0.3671093596898775,0,0,0,,0.7311110496520996,0.018338263034820557,0.0,False,False,4,False
43.37953682,811,43,379536820,map,15.78696346282959,0.17482757568359375,1.7067527770996094,-0.00025291438214480877,0.0,0.0,0.0,-5.143744668699218e-05,-0.0031605371357583045,0.9293881282622608,0.3690903892061865,0,0,0,,0.5986531972885132,0.016753792762756348,0.0,False,False,4,False
43.429536821,812,43,429536821,map,15.82027816772461,0.08840560913085938,1.0645484924316406,0.00013999934890307486,0.0,0.0,0.0,9.773262167562429e-05,-0.003061903630183844,0.9286595202336168,0.37092062584057367,0,0,0,,0.4645822048187256,0.008362352848052979,0.0,False,False,4,False
43.479536822,813,43,479536822,map,15.831873893737793,0.4384422302246094,0.799102783203125,0.0003763198619708419,0.0,0.0,0.0,0.00016035576132893158,-0.0028639864451466103,0.9280383142953472,0.372473702518073,0,0,0,,0.4762074947357178,0.0074343085289001465,0.0,False,False,4,False
43.529536822,814,43,529536822,map,15.82833194732666,1.213531494140625,1.1663246154785156,-0.00011196135892532766,0.0,0.0,0.0,2.8932004017728817e-05,-0.0029093409223436583,0.9273359039642224,0.3742187276409278,0,0,0,,0.47921454906463623,0.01957935094833374,0.0,False,False,4,False
43.579536823,815,43,579536823,map,15.816425323486328,1.2298011779785156,0.9301376342773438,-0.00016231538029387593,0.0,0.0,0.0,-0.00017676147461710625,-0.003018217105198558,0.9264948512514114,0.37629529591201655,0,0,0,,0.4963092803955078,0.019131004810333252,0.0,False,False,4,False
43.629536824,816,43,629536824,map,15.795049667358398,1.7779922485351562,1.2075614929199219,-0.0003076553111895919,0.0,0.0,0.0,-0.00045856438915501036,-0.003268947072487315,0.9254429357406254,0.37887263874752264,0,0,0,,0.4210338592529297,0.02865821123123169,0.0,False,False,4,False
43.629536824,817,43,679536825,map,15.765349388122559,1.5721702575683594,0.7449531555175781,-0.00010757448762888089,0.0,0.0,0.0,-0.000701182197733281,-0.0034040132171556233,0.9242645301760765,0.38173681941350607,0,0,0,,0.4381333589553833,0.02208423614501953,0.0,False,False,4,False
43.729536825,818,43,729536825,map,15.725963592529297,1.7818260192871094,0.6683158874511719,0.0002513885556254536,0.0,0.0,0.0,-0.0009087008776833868,-0.003455678386956363,0.9230511017276322,0.38466075462543003,0,0,0,,0.342470645904541,0.021898388862609863,0.0,False,False,4,False
43.729536825,819,43,779536826,map,15.675350189208984,1.7336654663085938,0.2922821044921875,0.0003452301025390625,0.0,0.0,0.0,-0.0010702423068569777,-0.0033821835426585305,0.9218921265722659,0.38743040972535125,0,0,0,,0.345447301864624,0.016000211238861084,0.0,False,False,4,False
43.829536827,820,43,829536827,map,15.619279861450195,1.9549179077148438,0.3465080261230469,0.00010108947026310489,0.0,0.0,0.0,-0.0012283853295935504,-0.003315337610372115,0.9207936171081827,0.3900341194034705,0,0,0,,0.39405524730682373,0.017369329929351807,0.0,False,False,4,False
43.829536827,821,43,879536828,map,15.56519889831543,1.8712615966796875,0.3090476989746094,0.00015182494826149195,0.0,0.0,0.0,-0.0013575521137154524,-0.003256938144946251,0.9197456162536448,0.39249910928355225,0,0,0,,0.4523739814758301,0.015664517879486084,0.0,False,False,4,False
43.879536828,822,43,929536828,map,15.517441749572754,1.6029930114746094,0.21654129028320312,0.00019721983699128032,0.0,0.0,0.0,-0.0014038218933364527,-0.003132225158444269,0.9188010602785227,0.3947060046169948,0,0,0,,0.48356902599334717,0.011260628700256348,0.0,False,False,4,False
43.979536829,823,43,979536829,map,15.476017951965332,1.4457321166992188,0.23426055908203125,0.00018711092707235366,0.0,0.0,0.0,-0.0013767154846877014,-0.0029703401020001845,0.9179860331953794,0.39659919893056295,0,0,0,,0.4899141788482666,0.009101569652557373,0.0,False,False,4,False
44.02953683,824,44,29536830,map,15.439640998840332,1.3521194458007812,0.2782249450683594,1.1062620615120977e-05,0.0,0.0,0.0,-0.0013099505627673373,-0.0028200314718458755,0.9172788118391227,0.3982334903081714,0,0,0,,0.4972679615020752,0.00855398178100586,0.0,False,False,4,False
44.079536831,825,44,79536831,map,15.406830787658691,2.091217041015625,1.0590362548828125,-0.00043239592923782766,0.0,0.0,0.0,-0.0013753233342495496,-0.0030304701409996086,0.9164053277358979,0.40023767942775224,0,0,0,,0.5254677534103394,0.026400506496429443,0.0,False,False,4,False
44.129536831,826,44,129536831,map,15.3853120803833,0.9619140625,0.3046417236328125,-0.00010204313730355352,0.0,0.0,0.0,-0.0013032570527899425,-0.002994833824361325,0.9155246626803876,0.40224858547343756,0,0,0,,0.6332881450653076,0.008792877197265625,0.0,False,False,4,False
44.129536831,827,44,179536832,map,15.377864837646484,0.9897041320800781,0.7084083557128906,0.00020141602726653218,0.0,0.0,0.0,-0.0011520325456374904,-0.002882610971456739,0.9147386300254775,0.40403415958816363,0,0,0,,0.6498818397521973,0.011264264583587646,0.0,False,False,4,False
44.229536833,828,44,229536833,map,15.381409645080566,0.9015083312988281,0.9189414978027344,1.125334165408276e-05,0.0,0.0,0.0,-0.0009980751639733308,-0.002845717448236245,0.9139734994207427,0.40576267459535176,0,0,0,,0.6552406549453735,0.012704074382781982,0.0,False,False,4,False
44.279536833,829,44,279536833,map,15.392623901367188,0.6653976440429688,0.9052848815917969,-5.721994966734201e-07,0.0,0.0,0.0,-0.0008234018656681364,-0.0027984385248092545,0.9132410355446716,0.40740925584537996,0,0,0,,0.6451709270477295,0.010477900505065918,0.0,False,False,4,False
44.329536834,830,44,329536834,map,15.401061058044434,1.1437797546386719,1.25335693359375,-0.00030040740966796875,0.0,0.0,0.0,-0.0007434099907406278,-0.002920995854033798,0.9124156077880002,0.40925380119146176,0,0,0,,0.4920858144760132,0.01981663703918457,0.0,False,False,4,False
44.379536835,831,44,379536835,map,15.401325225830078,0.9481239318847656,0.8498573303222656,-0.0002063751162495464,0.0,0.0,0.0,-0.0006946887597341831,-0.0029816183190932086,0.9115205708118084,0.41124308668552895,0,0,0,,0.5383970737457275,0.015111982822418213,0.0,False,False,4,False
44.429536836,832,44,429536836,map,15.40014934539795,0.9700202941894531,0.8237648010253906,5.588532076217234e-05,0.0,0.0,0.0,-0.0006586843834582686,-0.0029680905120606097,0.9106228290894226,0.4132273220816499,0,0,0,,0.5795729160308838,0.014607429504394531,0.0,False,False,4,False
44.479536836,833,44,479536836,map,15.404036521911621,1.1357498168945312,1.095123291015625,-2.441405740682967e-05,0.0,0.0,0.0,-0.0006724205074802936,-0.0030331006811171544,0.9096626187355646,0.4153363314544901,0,0,0,,0.6802043914794922,0.019044339656829834,0.0,False,False,4,False
44.529536837,834,44,529536837,map,15.421825408935547,0.5464553833007812,0.9438323974609375,0.0001127243012888357,0.0,0.0,0.0,-0.0006041971291766237,-0.0029830874923276423,0.9087392421445013,0.4173532387815863,0,0,0,,0.740198016166687,0.011022627353668213,0.0,False,False,4,False
44.579536838,835,44,579536838,map,15.451061248779297,0.58746337890625,1.2758445739746094,0.00011138915579067543,0.0,0.0,0.0,-0.0005020223434487312,-0.002954136212723335,0.9078694800851906,0.41924220706251525,0,0,0,,0.7204601764678955,0.013395965099334717,0.0,False,False,4,False
44.629536839,836,44,629536839,map,15.485879898071289,0.7735824584960938,1.5731048583984375,-0.0001794815034372732,0.0,0.0,0.0,-0.0004460288662444076,-0.00307162712609408,0.9069366809306485,0.42125553165216423,0,0,0,,0.7031147480010986,0.018717288970947266,0.0,False,False,4,False
44.679536839,837,44,679536839,map,15.521919250488281,1.3660621643066406,2.089252471923828,-0.000545883143786341,0.0,0.0,0.0,-0.0005298423262995822,-0.00347098485715257,0.9057257218407629,0.42384972375508234,0,0,0,,0.6991283893585205,0.0322037935256958,0.0,False,False,4,False
44.679536839,838,44,729536840,map,15.561802864074707,0.5391693115234375,1.4841461181640625,-0.00014553072105627507,0.0,0.0,0.0,-0.000514981474362988,-0.0036309431645777817,0.9044256884531222,0.426615429997454,0,0,0,,0.6907293796539307,0.017905592918395996,0.0,False,False,4,False
44.72953684,839,44,779536841,map,15.606059074401855,-0.2715301513671875,0.9235191345214844,0.0008985519525595009,0.0,0.0,0.0,-0.00028228254286456473,-0.003311378189082237,0.9034500739762372,0.42868043916580384,0,0,0,,0.7608489990234375,1.5497207641601562e-05,0.0,False,False,4,False
44.829536842,840,44,829536842,map,15.659300804138184,0.6498146057128906,1.9094467163085938,0.00014972686767578125,0.0,0.0,0.0,-0.00016807772149838554,-0.003256625958932424,0.9025857432783685,0.43049778416140333,0,0,0,,0.8399109840393066,0.016700327396392822,0.0,False,False,4,False
44.879536842,841,44,879536842,map,15.727221488952637,-0.4813575744628906,1.3596725463867188,0.00022830962552689016,0.0,0.0,0.0,4.666498298989768e-05,-0.0030575384565832853,0.9019004574809728,0.43193311296609094,0,0,0,,0.8576972484588623,3.0875205993652344e-05,0.0,False,False,4,False
44.929536843,842,44,929536843,map,15.79984188079834,0.7842826843261719,2.498912811279297,-0.00041503901593387127,0.0,0.0,0.0,8.382506967204834e-05,-0.003260551302645544,0.9011040979792648,0.4335905515385868,0,0,0,,0.790886640548706,0.02474600076675415,0.0,False,False,4,False
44.929536843,843,44,979536844,map,15.876814842224121,-0.1438140869140625,1.8551063537597656,-0.00032558440580032766,0.0,0.0,0.0,0.00016561977582679678,-0.003354057058623265,0.9002236133380204,0.4354149387193503,0,0,0,,0.8115308284759521,0.011145949363708496,0.0,False,False,4,False
45.029536845,844,45,29536845,map,15.948365211486816,0.5760765075683594,2.280139923095703,-0.00021266937255859375,0.0,0.0,0.0,0.00017382281452016108,-0.003534505016073471,0.8992263643272653,0.43746933922126335,0,0,0,,0.6506667137145996,0.022798597812652588,0.0,False,False,4,False
45.079536845,845,45,79536845,map,16.005435943603516,-0.026378631591796875,1.4296722412109375,0.00020065304124727845,0.0,0.0,0.0,0.00023286458519159998,-0.0034661607587413205,0.8982649278503373,0.4394406113432258,0,0,0,,0.6026643514633179,0.008553266525268555,0.0,False,False,4,False
45.079536845,846,45,129536846,map,16.039270401000977,1.7570877075195312,2.2177505493164062,-0.00025978084886446595,0.0,0.0,0.0,3.010035506286618e-06,-0.0037843486570025347,0.8970327081181568,0.44194795990295943,0,0,0,,0.5073283910751343,0.036324918270111084,0.0,False,False,4,False
45.179536847,847,45,179536847,map,16.056245803833008,1.3941764831542969,1.4909934997558594,-0.00040092464769259095,0.0,0.0,0.0,-0.00030009516737389426,-0.004067543844777928,0.8955003739483671,0.44504207136887164,0,0,0,,0.5107822418212891,0.027998685836791992,0.0,False,False,4,False
45.229536848,848,45,229536848,map,16.06645393371582,1.0744857788085938,1.0664558410644531,0.00040512080886401236,0.0,0.0,0.0,-0.0004899645288726593,-0.004041125424228859,0.8939811779442536,0.4480860215644658,0,0,0,,0.6632605791091919,0.01823490858078003,0.0,False,False,4,False
45.279536848,849,45,279536848,map,16.085844039916992,1.0709953308105469,1.2839698791503906,0.0005622863536700606,0.0,0.0,0.0,-0.0006053509299767717,-0.003937867972367991,0.892568435357482,0.45089435009720463,0,0,0,,0.7599105834960938,0.01711982488632202,0.0,False,False,4,False
45.329536849,850,45,329536849,map,16.1229305267334,-0.23443222045898438,0.7497024536132812,0.0008848190191201866,0.0,0.0,0.0,-0.00043896034378835213,-0.0034668306534948227,0.8915914524561878,0.4528271969593943,0,0,0,,0.8339357376098633,-0.005429983139038086,0.0,False,False,4,False
45.37953685,851,45,379536850,map,16.171199798583984,1.1716651916503906,2.0619583129882812,-4.863737558480352e-05,0.0,0.0,0.0,-0.0004126834086601819,-0.003455038327074147,0.8907012448090018,0.45457582964589877,0,0,0,,0.7692234516143799,0.02016448974609375,0.0,False,False,4,False
45.37953685,852,45,429536851,map,16.225704193115234,0.6339836120605469,1.8094444274902344,-0.0004970550653524697,0.0,0.0,0.0,-0.00040530620880716863,-0.003579390551071103,0.8897150494251547,0.4565020859936508,0,0,0,,0.7581212520599365,0.015063464641571045,0.0,False,False,4,False
45.479536851,853,45,479536851,map,16.282583236694336,0.6802177429199219,1.8915557861328125,-0.00034160615177825093,0.0,0.0,0.0,-0.0003730849341238931,-0.0036825748172839997,0.8886796896520026,0.45851358611317883,0,0,0,,0.7522544860839844,0.01691734790802002,0.0,False,False,4,False
45.529536852,854,45,529536852,map,16.343303680419922,0.6047630310058594,1.9220161437988281,-0.0001293182431254536,0.0,0.0,0.0,-0.00032992206773378697,-0.0037592988745112454,0.88759443598526,0.46061032992260315,0,0,0,,0.8002719879150391,0.016785264015197754,0.0,False,False,4,False
45.529536852,855,45,579536853,map,16.404699325561523,0.4543876647949219,1.8232917785644531,-5.5503842304460704e-05,0.0,0.0,0.0,-0.0002545309807104319,-0.003760379096364211,0.8865189724102295,0.46267689192323214,0,0,0,,0.6861388683319092,0.014039814472198486,0.0,False,False,4,False
45.629536854,856,45,629536854,map,16.450321197509766,0.6179237365722656,1.5452766418457031,0.00016689300537109375,0.0,0.0,0.0,-0.00019966036474533934,-0.0037036674517766364,0.8854862595087342,0.4646507583167987,0,0,0,,0.4390021562576294,0.013142049312591553,0.0,False,False,4,False
45.679536854,857,45,679536854,map,16.458892822265625,1.1676216125488281,1.0170745849609375,0.0001050949067575857,0.0,0.0,0.0,-0.00026830420234724315,-0.0036418341972518854,0.8844518568940234,0.4666171641648522,0,0,0,,0.24530363082885742,0.015319764614105225,0.0,False,False,4,False
45.729536855,858,45,729536855,map,16.4260196685791,2.0935440063476562,0.6360626220703125,-0.00012664795212913305,0.0,0.0,0.0,-0.0005689999961127606,-0.0037008592263501104,0.8832467052548288,0.46889363136694523,0,0,0,,0.21056151390075684,0.024686455726623535,0.0,False,False,4,False
45.779536856,859,45,779536856,map,16.371267318725586,0.6591796875,-0.8760452270507812,0.0007246017921715975,0.0,0.0,0.0,-0.0006724338211439889,-0.0031848173644463914,0.8823325534961606,0.4706152035496263,0,0,0,,0.45641446113586426,-0.005845993757247925,0.0,False,False,4,False
45.829536857,860,45,829536857,map,16.319862365722656,2.305927276611328,0.3157997131347656,0.00011196134437341243,0.0,0.0,0.0,-0.0009472507217056316,-0.0030195687954689705,0.8814482874360312,0.47226994557821206,0,0,0,,0.5276544094085693,0.021457552909851074,0.0,False,False,4,False
45.879536857,861,45,879536857,map,16.28417205810547,0.7719612121582031,-0.34229278564453125,6.980895705055445e-05,0.0,0.0,0.0,-0.001030503801667906,-0.0027037247495690676,0.8806855055519066,0.4736925883367563,0,0,0,,0.6481313705444336,-0.0005017220973968506,0.0,False,False,4,False
45.929536858,862,45,929536858,map,16.258726119995117,2.1727943420410156,0.830230712890625,-0.00039730072603560984,0.0,0.0,0.0,-0.0012108093103046938,-0.0028065986975147963,0.8797791152220373,0.4753728698229362,0,0,0,,0.5173351764678955,0.025768816471099854,0.0,False,False,4,False
45.929536858,863,45,979536859,map,16.229843139648438,1.5766525268554688,0.34191131591796875,-0.00046443939208984375,0.0,0.0,0.0,-0.001345434775082783,-0.002944519871195261,0.8786609635529192,0.4774352633983479,0,0,0,,0.4017484188079834,0.017758607864379883,0.0,False,False,4,False
45.979536859,864,46,29536860,map,16.191543579101562,2.523193359375,0.71807861328125,-0.0005632400279864669,0.0,0.0,0.0,-0.0015829748443469834,-0.0032670403585853777,0.8772251935179077,0.48006539189511166,0,0,0,,0.4540843963623047,0.033543944358825684,0.0,False,False,4,False
46.07953686,865,46,79536860,map,16.1533260345459,2.1022796630859375,0.4315185546875,-0.0003032683744095266,0.0,0.0,0.0,-0.0017823667724436642,-0.0035133339458793414,0.8755338996587362,0.48314063190921863,0,0,0,,0.47791242599487305,0.027058422565460205,0.0,False,False,4,False
46.129536861,866,46,129536861,map,16.118234634399414,1.7875289916992188,0.2941322326660156,0.00023918146325740963,0.0,0.0,0.0,-0.0018505216137637479,-0.0035479096085604756,0.8738447695853901,0.4861885504363743,0,0,0,,0.5142216682434082,0.01989191770553589,0.0,False,False,4,False
46.179536862,867,46,179536862,map,16.089004516601562,1.7007255554199219,0.3680992126464844,0.00046691892202943563,0.0,0.0,0.0,-0.0018399316566475603,-0.0034935126315588693,0.8722733014703496,0.4890027582366057,0,0,0,,0.5549123287200928,0.016757607460021973,0.0,False,False,4,False
46.179536862,868,46,229536863,map,16.06693458557129,1.668853759765625,0.5066490173339844,0.00031642912654206157,0.0,0.0,0.0,-0.001800076677057923,-0.0034515486661392102,0.8708236652164987,0.49158009584874895,0,0,0,,0.5731209516525269,0.015802204608917236,0.0,False,False,4,False
46.229536863,869,46,279536863,map,16.046945571899414,1.196136474609375,0.25920867919921875,0.00034198761568404734,0.0,0.0,0.0,-0.0016626447026812856,-0.003281284878476238,0.8696149647639273,0.4937168032797472,0,0,0,,0.47823596000671387,0.0068291425704956055,0.0,False,False,4,False
46.329536864,870,46,329536864,map,16.022994995117188,1.0126876831054688,0.051708221435546875,0.0004417419550009072,0.0,0.0,0.0,-0.0014628861110366805,-0.002986278883745267,0.8687442999977723,0.4952497181463463,0,0,0,,0.48529624938964844,0.0014489293098449707,0.0,False,False,4,False
46.379536865,871,46,379536865,map,15.996203422546387,1.9471359252929688,0.5391502380371094,-0.0002468109014444053,0.0,0.0,0.0,-0.0014564852656187759,-0.0029940530132858854,0.8678711703906656,0.4967781656856115,0,0,0,,0.49866652488708496,0.017716288566589355,0.0,False,False,4,False
46.379536865,872,46,429536866,map,15.972346305847168,1.3549423217773438,0.24608612060546875,-0.0003547669039107859,0.0,0.0,0.0,-0.0014461661476662046,-0.0029811153222074793,0.8669508305338892,0.4983826632132268,0,0,0,,0.5500240325927734,0.010984539985656738,0.0,False,False,4,False
46.479536866,873,46,479536866,map,15.948856353759766,1.1010932922363281,0.10053634643554688,6.923677574377507e-05,0.0,0.0,0.0,-0.0013476143193992668,-0.002822274747072785,0.8661337510307594,0.4998025050220185,0,0,0,,0.45824766159057617,0.006842255592346191,0.0,False,False,4,False
46.529536867,874,46,529536867,map,15.915450096130371,2.505617141723633,0.6774711608886719,-0.0005544662708416581,0.0,0.0,0.0,-0.0015026848857205254,-0.003053458245881429,0.865017983405898,0.5017293161808153,0,0,0,,0.40962696075439453,0.031059980392456055,0.0,False,False,4,False
46.579536868,875,46,579536868,map,15.882257461547852,0.6494808197021484,-0.3931617736816406,0.00021553038095589727,0.0,0.0,0.0,-0.001428297128889944,-0.002850783040797021,0.863978533937558,0.5035185457343889,0,0,0,,0.5837465524673462,0.0013808012008666992,0.0,False,False,4,False
46.629536869,876,46,629536869,map,15.861727714538574,1.1586666107177734,0.18720626831054688,0.0003971099795307964,0.0,0.0,0.0,-0.0012960105343579748,-0.002607063592206592,0.8631480748646537,0.5049424961652197,0,0,0,,0.6317901611328125,0.008539080619812012,0.0,False,False,4,False
46.679536869,877,46,679536869,map,15.852862358093262,1.7653846740722656,0.7905197143554688,-0.0002868652227334678,0.0,0.0,0.0,-0.0013225988317852677,-0.0027281232794876815,0.8621455718835064,0.5066515774744649,0,0,0,,0.6433968544006348,0.022229313850402832,0.0,False,False,4,False
46.72953687,878,46,729536870,map,15.85731315612793,0.6774711608886719,0.4794883728027344,-4.9972531996900216e-05,0.0,0.0,0.0,-0.0012050780829940709,-0.0026947642128807557,0.8611487516087327,0.5083444832349143,0,0,0,,0.6899231672286987,0.007615029811859131,0.0,False,False,4,False
46.779536871,879,46,779536871,map,15.862728118896484,1.5356254577636719,0.971221923828125,-0.000152587890625,0.0,0.0,0.0,-0.001160077572718415,-0.0028232338036518036,0.8600613072628703,0.5101815670133503,0,0,0,,0.4404025077819824,0.021255135536193848,0.0,False,False,4,False
46.829536871,880,46,829536871,map,15.856532096862793,1.161651611328125,0.4926300048828125,-0.00018615723820403218,0.0,0.0,0.0,-0.001126170792642651,-0.0028849415773876245,0.8588987989648205,0.5121359799781985,0,0,0,,0.5144102573394775,0.014343678951263428,0.0,False,False,4,False
46.829536871,881,46,879536872,map,15.838902473449707,2.2301387786865234,0.7999992370605469,-0.00037784577580168843,0.0,0.0,0.0,-0.001286955235486052,-0.0031563055854401502,0.8574696401997386,0.5145232721821279,0,0,0,,0.4130457639694214,0.03086799383163452,0.0,False,False,4,False
46.929536873,882,46,929536873,map,15.811610221862793,1.5964126586914062,0.22891998291015625,-4.291534423828125e-05,0.0,0.0,0.0,-0.0014191229510694047,-0.0032690602740406867,0.8558935301215094,0.5171397919625941,0,0,0,,0.4355279207229614,0.019679486751556396,0.0,False,False,4,False
46.979536874,883,46,979536874,map,15.777371406555176,1.7259502410888672,0.13153076171875,0.0002056121884379536,0.0,0.0,0.0,-0.0015108047961733737,-0.0032492615373071946,0.8543467553534455,0.5196910441650596,0,0,0,,0.42023253440856934,0.01868993043899536,0.0,False,False,4,False
47.029536874,884,47,29536874,map,15.74000072479248,2.032756805419922,0.2097320556640625,0.00010089876013807952,0.0,0.0,0.0,-0.001652502833661946,-0.003286645871527299,0.8527618326226565,0.5222870130640321,0,0,0,,0.4814267158508301,0.022399961948394775,0.0,False,False,4,False
47.079536875,885,47,79536875,map,15.70921516418457,1.8293094635009766,0.24150848388671875,0.00011844633263535798,0.0,0.0,0.0,-0.0017639517492761218,-0.003315097869033275,0.8511612863995942,0.5248908106786905,0,0,0,,0.6029586791992188,0.01961904764175415,0.0,False,False,4,False
47.129536876,886,47,129536876,map,15.695300102233887,0.28206825256347656,-0.16918182373046875,0.0008144378080032766,0.0,0.0,0.0,-0.0015268792974193516,-0.002902434014204772,0.850036418998895,0.5267137086614886,0,0,0,,0.6848782300949097,-0.00552406907081604,0.0,False,False,4,False
47.179536877,887,47,179536877,map,15.699854850769043,1.4333343505859375,0.8219718933105469,0.00026168825570493937,0.0,0.0,0.0,-0.0013707816877394487,-0.002771670566076043,0.8491444007647055,0.5281517068511536,0,0,0,,0.7543399333953857,0.012783706188201904,0.0,False,False,4,False
47.179536877,888,47,229536877,map,15.725799560546875,0.2781867980957031,0.7181739807128906,-2.1743762772530317e-05,0.0,0.0,0.0,-0.0010992205355143012,-0.002603159623033808,0.8484628247634572,0.5292474376589896,0,0,0,,0.8081767559051514,-0.0008057951927185059,0.0,False,False,4,False
47.229536877,889,47,279536878,map,15.76157283782959,1.5673446655273438,1.5697097778320312,-0.0004884719965048134,0.0,0.0,0.0,-0.0010140109261754615,-0.0028162955150291794,0.8476358794967392,0.5305699351180795,0,0,0,,0.6917128562927246,0.02248561382293701,0.0,False,False,4,False
47.329536879,890,47,329536879,map,15.797124862670898,0.6632137298583984,1.1132621765136719,-0.000461769086541608,0.0,0.0,0.0,-0.0008882849260851656,-0.002941335573113281,0.8466738304457209,0.532103358693879,0,0,0,,0.6247737407684326,0.01119309663772583,0.0,False,False,4,False
47.37953688,891,47,379536880,map,15.82300090789795,1.1540508270263672,1.1297607421875,-0.00012817383685614914,0.0,0.0,0.0,-0.0008144937050438578,-0.0030411547768552207,0.845620506957284,0.5337752768637134,0,0,0,,0.5548763275146484,0.01766437292098999,0.0,False,False,4,False
47.42953688,892,47,429536880,map,15.834829330444336,1.8467521667480469,1.13739013671875,-0.0004318237188272178,0.0,0.0,0.0,-0.0009441259832653886,-0.0033090387103528016,0.8442370543524308,0.5359589116222178,0,0,0,,0.5066322088241577,0.028763532638549805,0.0,False,False,4,False
47.479536881,893,47,479536881,map,15.840126037597656,1.0499000549316406,0.60791015625,2.136228431481868e-05,0.0,0.0,0.0,-0.0009977231906747736,-0.0033355101774171897,0.8427637899223801,0.5382723040580458,0,0,0,,0.581802487373352,0.015382230281829834,0.0,False,False,4,False
47.479536881,894,47,529536882,map,15.835935592651367,1.4926624298095703,0.5976295471191406,0.00031700136605650187,0.0,0.0,0.0,-0.0010620430243845633,-0.003309307969398833,0.8412989500311829,0.5405589673863596,0,0,0,,0.378873348236084,0.019102096557617188,0.0,False,False,4,False
47.579536883,895,47,579536883,map,15.810998916625977,1.849365234375,0.2947044372558594,7.495880709029734e-05,0.0,0.0,0.0,-0.001229783706680552,-0.0033348960246300826,0.839748524582615,0.5429638860567626,0,0,0,,0.35815203189849854,0.021899759769439697,0.0,False,False,4,False
47.629536883,896,47,629536883,map,15.77169418334961,2.413358688354492,0.21961212158203125,-0.00029354094294831157,0.0,0.0,0.0,-0.0015405133956808814,-0.003486774280908617,0.8379696595002394,0.5457035083089027,0,0,0,,0.3933480978012085,0.029758334159851074,0.0,False,False,4,False
47.629536883,897,47,679536884,map,15.731467247009277,1.9737911224365234,-0.01026153564453125,2.3460379452444613e-05,0.0,0.0,0.0,-0.0017881213569812641,-0.0035300706475722638,0.8360896221071795,0.5485786042381796,0,0,0,,0.5566351413726807,0.02242952585220337,0.0,False,False,4,False
47.729536885,898,47,729536885,map,15.707009315490723,0.9235954284667969,-0.13151168823242188,0.0007148742442950606,0.0,0.0,0.0,-0.0017358806109675745,-0.0032303562996909498,0.834550632845432,0.5509190437205548,0,0,0,,0.6877434253692627,0.004687011241912842,0.0,False,False,4,False
47.779536886,899,47,779536886,map,15.705482482910156,0.3253650665283203,0.10763168334960938,0.00106048583984375,0.0,0.0,0.0,-0.0014217748236886325,-0.0027321630376498053,0.8336313156038274,0.5523127225459489,0,0,0,,0.7597770690917969,-0.006017774343490601,0.0,False,False,4,False
47.829536886,900,47,829536886,map,15.727709770202637,1.0783958435058594,0.947418212890625,3.0517549021169543e-05,0.0,0.0,0.0,-0.0012003223945555113,-0.0025737663559567275,0.8329689261420932,0.5533124822689093,0,0,0,,0.8545160293579102,0.0076233744621276855,0.0,False,False,4,False
47.829536886,901,47,879536887,map,15.77267074584961,0.2191162109375,1.0708236694335938,-0.00028457638109102845,0.0,0.0,0.0,-0.0008974229925174631,-0.002460059922534051,0.8324826608197179,0.5540449098869807,0,0,0,,0.8304047584533691,-0.0005156397819519043,0.0,False,False,4,False
47.929536888,902,47,929536888,map,15.823918342590332,1.751546859741211,1.8486404418945312,-0.0008447646396234632,0.0,0.0,0.0,-0.0008647924032171486,-0.002807938980186677,0.8316764130717018,0.5552528357000716,0,0,0,,0.7296059131622314,0.02706587314605713,0.0,False,False,4,False
47.979536889,903,47,979536889,map,15.879718780517578,0.2546882629394531,1.313934326171875,-0.0003803253057412803,0.0,0.0,0.0,-0.00069850093911989,-0.0029236629608839727,0.830727918277156,0.5566705399841384,0,0,0,,0.7530276775360107,0.00764840841293335,0.0,False,False,4,False
48.029536889,904,48,29536889,map,15.936685562133789,1.5639877319335938,1.8717575073242188,-0.0003877640119753778,0.0,0.0,0.0,-0.0006937948809110886,-0.003209884159447487,0.8295041893957397,0.5584908370486155,0,0,0,,0.7785226106643677,0.028154075145721436,0.0,False,False,4,False
48.07953689,905,48,79536890,map,15.997359275817871,0.6651210784912109,1.5768241882324219,-0.00014266966900322586,0.0,0.0,0.0,-0.0006339686245084564,-0.0033547195826217216,0.8281069263806404,0.5605597759567785,0,0,0,,0.7256519794464111,0.01588648557662964,0.0,False,False,4,False
48.129536891,906,48,129536891,map,16.05476951599121,1.0750865936279297,1.6641426086425781,0.00010871888662222773,0.0,0.0,0.0,-0.0005970173247990954,-0.0034592209305520432,0.8266426663188636,0.5627162513932819,0,0,0,,0.7183376550674438,0.02023923397064209,0.0,False,False,4,False
48.179536892,907,48,179536892,map,16.10333251953125,0.7944011688232422,1.3559722900390625,0.00017986298189498484,0.0,0.0,0.0,-0.0005459868309876054,-0.003457013640204337,0.8252073695505922,0.5648190402194888,0,0,0,,0.5407397747039795,0.013904750347137451,0.0,False,False,4,False
48.179536892,908,48,229536892,map,16.13129234313965,1.0941123962402344,1.024932861328125,0.00031566619873046875,0.0,0.0,0.0,-0.0005567697174599475,-0.0034051917302373056,0.8238429182519793,0.5668076752504545,0,0,0,,0.5105665922164917,0.014659404754638672,0.0,False,False,4,False
48.229536892,909,48,279536893,map,16.13477897644043,2.4503040313720703,1.0089111328125,-0.00039825437124818563,0.0,0.0,0.0,-0.0008921057861856949,-0.003664592762298443,0.8221386584303645,0.5692748029040748,0,0,0,,0.3880889415740967,0.03439760208129883,0.0,False,False,4,False
48.329536894,910,48,329536894,map,16.12479019165039,-0.2132892608642578,-0.2939414978027344,0.0008775710593909025,0.0,0.0,0.0,-0.0008161597547513447,-0.0032170117563796665,0.8208472733887603,0.5711381080691883,0,0,0,,0.7446506023406982,-0.009376108646392822,0.0,False,False,4,False
48.379536895,911,48,379536895,map,16.125019073486328,1.7435932159423828,0.6576156616210938,0.00037536618765443563,0.0,0.0,0.0,-0.0008833622266457924,-0.00301451587616022,0.819785356976929,0.5726622921508088,0,0,0,,0.7051491737365723,0.017092883586883545,0.0,False,False,4,False
48.429536895,912,48,429536895,map,16.139684677124023,2.009763717651367,1.0502815246582031,-0.000604820204898715,0.0,0.0,0.0,-0.0011497827056208645,-0.003231341283028303,0.8183874294607432,0.5746566381186939,0,0,0,,0.7527350187301636,0.026581883430480957,0.0,False,False,4,False
48.479536896,913,48,479536896,map,16.17254638671875,1.8021583557128906,1.3460540771484375,-0.0006563186761923134,0.0,0.0,0.0,-0.0013724897463612928,-0.0035397837985639636,0.8166430470751265,0.5771305916916972,0,0,0,,0.8589365482330322,0.0274009108543396,0.0,False,False,4,False
48.529536897,914,48,529536897,map,16.22528839111328,1.5818214416503906,1.675262451171875,-0.00031414031400345266,0.0,0.0,0.0,-0.0014613125715055805,-0.0038105663479972704,0.8146877074756901,0.5798855778838446,0,0,0,,0.8533806800842285,0.02586907148361206,0.0,False,False,4,False
48.529536897,915,48,579536898,map,16.291996002197266,1.9694232940673828,2.088775634765625,-0.0003021240117959678,0.0,0.0,0.0,-0.0015474687979061298,-0.004174084738066002,0.8124758818285953,0.5829778072995275,0,0,0,,0.8856972455978394,0.03268110752105713,0.0,False,False,4,False
48.629536898,916,48,629536898,map,16.37477684020996,0.8499908447265625,2.0339584350585938,0.00027484894962981343,0.0,0.0,0.0,-0.0013957093352000227,-0.004271997346275517,0.810363116031749,0.5859107630087017,0,0,0,,0.8967206478118896,0.01518559455871582,0.0,False,False,4,False
48.629536898,917,48,679536899,map,16.465576171875,1.4075756072998047,2.3793983459472656,0.00040435788105241954,0.0,0.0,0.0,-0.0012402687661760485,-0.004382668581629144,0.8083915962767313,0.5886274552029063,0,0,0,,0.8761911392211914,0.02128845453262329,0.0,False,False,4,False
48.7295369,918,48,729536900,map,16.562557220458984,0.8864116668701172,2.3278045654296875,0.0002765655517578125,0.0,0.0,0.0,-0.001035967752359193,-0.004405892063539195,0.8066140298419371,0.5910611827451464,0,0,0,,0.8699262142181396,0.012783706188201904,0.0,False,False,4,False
48.779536901,919,48,779536901,map,16.663082122802734,0.4740142822265625,2.263336181640625,0.0005075454828329384,0.0,0.0,0.0,-0.0007320946298324932,-0.004254487373190713,0.8052251329645426,0.5929534961671775,0,0,0,,0.8661863803863525,0.004791736602783203,0.0,False,False,4,False
48.829536901,920,48,829536901,map,16.764970779418945,0.9755516052246094,2.4454116821289062,0.00012092589167878032,0.0,0.0,0.0,-0.0005360258511333939,-0.004197932472423886,0.8040399668311549,0.5945601918875829,0,0,0,,0.8708400726318359,0.011915266513824463,0.0,False,False,4,False
48.879536902,921,48,879536902,map,16.8685245513916,0.8440113067626953,2.4311065673828125,-0.00017662046593613923,0.0,0.0,0.0,-0.0004093240798422437,-0.0041870983560807875,0.8029099964287504,0.5960854286894943,0,0,0,,0.861581563949585,0.011536955833435059,0.0,False,False,4,False
48.929536903,922,48,929536903,map,16.972179412841797,0.7823657989501953,2.4073028564453125,-0.00010700226266635582,0.0,0.0,0.0,-0.00030094164901876483,-0.004156585820145275,0.8018154903248553,0.5975571535037929,0,0,0,,0.8531066179275513,0.011555314064025879,0.0,False,False,4,False
48.979536904,923,48,979536904,map,17.07530975341797,-0.4183006286621094,2.0285415649414062,0.00048160552978515625,0.0,0.0,0.0,3.471132198858227e-05,-0.003785952482497076,0.8011262051545027,0.5984834741023933,0,0,0,,0.836631178855896,-0.0070428550243377686,0.0,False,False,4,False
49.029536904,924,49,29536904,map,17.169904708862305,0.6414031982421875,2.1688461303710938,0.00010547635611146688,0.0,0.0,0.0,0.00022007035449034913,-0.003565175468050367,0.8006234205531466,0.5991572244033283,0,0,0,,0.705622673034668,0.0074915289878845215,0.0,False,False,4,False
49.079536905,925,49,79536905,map,17.242033004760742,-0.44653892517089844,1.3721466064453125,0.00018386839656159282,0.0,0.0,0.0,0.000471041480825085,-0.0031492861673562238,0.8004097386862684,0.5994448351038975,0,0,0,,0.4756354093551636,-0.009015589952468872,0.0,False,False,4,False
49.079536905,926,49,129536906,map,17.271940231323242,1.0639476776123047,0.940093994140625,-5.474088538903743e-05,0.0,0.0,0.0,0.0004182561596828161,-0.002937144810192992,0.8001660771955956,0.5997711623173968,0,0,0,,0.2871100902557373,0.010833680629730225,0.0,False,False,4,False
49.179536907,927,49,179536907,map,17.256511688232422,1.329660415649414,0.0681304931640625,-0.0002731323183979839,0.0,0.0,0.0,9.17836120175959e-05,-0.0028440931381712234,0.7995683258092945,0.6005683933346078,0,0,0,,0.23713910579681396,0.01518094539642334,0.0,False,False,4,False
49.229536907,928,49,229536907,map,17.213497161865234,1.0583209991455078,-0.5890655517578125,3.318786184536293e-05,0.0,0.0,0.0,-0.0002471756701318967,-0.002604402333444158,0.7987800496855042,0.6016174766553057,0,0,0,,0.47948408126831055,0.010305821895599365,0.0,False,False,4,False
49.229536907,929,49,279536908,map,17.16829490661621,2.860851287841797,-0.127105712890625,-0.0005651473766192794,0.0,0.0,0.0,-0.0009029046573714438,-0.0027992437655666165,0.7973308899208654,0.6035352524712383,0,0,0,,0.5283925533294678,0.03983414173126221,0.0,False,False,4,False
49.279536908,930,49,329536909,map,17.13395118713379,2.0273685455322266,-0.151519775390625,-0.0005495071527548134,0.0,0.0,0.0,-0.0014603247631373795,-0.003016733215103639,0.795284364282559,0.6062273061319334,0,0,0,,0.6050809621810913,0.029754042625427246,0.0,False,False,4,False
49.379536909,931,49,379536909,map,17.10494613647461,2.5185585021972656,0.07907867431640625,-0.000374031049432233,0.0,0.0,0.0,-0.0019189655138906413,-0.0032809794576514105,0.7928249576602531,0.6094375597681628,0,0,0,,0.4981858730316162,0.035669028759002686,0.0,False,False,4,False
49.42953691,932,49,429536910,map,17.071035385131836,2.496061325073242,-0.0463104248046875,-0.000309181195916608,0.0,0.0,0.0,-0.002294158100898095,-0.0035360082265754895,0.7900743647918481,0.6129965184103312,0,0,0,,0.4323132038116455,0.03276640176773071,0.0,False,False,4,False
49.479536911,933,49,479536911,map,17.033132553100586,2.620115280151367,-0.11493682861328125,-5.607609637081623e-05,0.0,0.0,0.0,-0.0026085778991977024,-0.003751955680982421,0.7871910318572651,0.6166923037572352,0,0,0,,0.5142468214035034,0.031192243099212646,0.0,False,False,4,False
49.479536911,934,49,529536912,map,17.0024356842041,2.809572219848633,0.0601959228515625,-7.62956915423274e-07,0.0,0.0,0.0,-0.0028969522062884086,-0.003989335026582794,0.784222143192487,0.6204605732845099,0,0,0,,0.6658778190612793,0.0317196249961853,0.0,False,False,4,False
49.529536912,935,49,579536912,map,16.992542266845703,2.4159669876098633,0.37265777587890625,0.0001274108944926411,0.0,0.0,0.0,-0.0030369457461455274,-0.0041555483772522765,0.7813386009495016,0.6240861311105179,0,0,0,,0.7591860294342041,0.0241662859916687,0.0,False,False,4,False
49.629536913,936,49,629536913,map,17.003170013427734,2.713932991027832,0.8430099487304688,0.00015010838978923857,0.0,0.0,0.0,-0.0031225773364538904,-0.004390582857497166,0.7785314647318359,0.6275824493366999,0,0,0,,0.7742679119110107,0.027521073818206787,0.0,False,False,4,False
49.679536914,937,49,679536914,map,17.03142547607422,2.911243438720703,1.2223434448242188,-0.00025959016056731343,0.0,0.0,0.0,-0.0032156854178565027,-0.004736692481210258,0.7756634205339923,0.6311208134399775,0,0,0,,0.8218228816986084,0.031030476093292236,0.0,False,False,4,False
49.679536914,938,49,729536915,map,17.07500457763672,2.6216936111450195,1.4464569091796875,-0.0001239776611328125,0.0,0.0,0.0,-0.0032188509587704477,-0.0050358356136783935,0.7727978803181567,0.6346240741840332,0,0,0,,0.7898956537246704,0.026900827884674072,0.0,False,False,4,False
49.729536915,939,49,779536915,map,17.129249572753906,1.1123895645141602,1.3360977172851562,0.0014125823508948088,0.0,0.0,0.0,-0.0028331382886950226,-0.0048857784082377,0.7705219814282425,0.6373884048464309,0,0,0,,0.776724100112915,0.0021963119506835938,0.0,False,False,4,False
49.829536916,940,49,829536916,map,17.187198638916016,1.7619991302490234,1.5349578857421875,0.001131248427554965,0.0,0.0,0.0,-0.002451025105557314,-0.0047188191233884175,0.7688048043673963,0.6394614124430202,0,0,0,,0.7832469940185547,0.008957326412200928,0.0,False,False,4,False
49.829536916,941,49,879536917,map,17.248558044433594,1.7045164108276367,1.5811920166015625,5.931855412200093e-05,0.0,0.0,0.0,-0.002172780308144814,-0.004633302389248772,0.7673598326014697,0.641196302893698,0,0,0,,0.7724659442901611,0.009776294231414795,0.0,False,False,4,False
49.929536918,942,49,929536918,map,17.31161117553711,0.8821392059326172,1.4507675170898438,0.00030403141863644123,0.0,0.0,0.0,-0.0017868490720248486,-0.0043705549382815475,0.7663246045890523,0.642436227046201,0,0,0,,0.7492618560791016,-0.0009602606296539307,0.0,False,False,4,False
49.979536918,943,49,979536918,map,17.372276306152344,1.3885116577148438,1.4914321899414062,-0.0001203537976834923,0.0,0.0,0.0,-0.001503018829558552,-0.004171082741407194,0.765507964868176,0.6434111428367912,0,0,0,,0.7393008470535278,0.007568717002868652,0.0,False,False,4,False
50.029536919,944,50,29536919,map,17.431644439697266,0.3307342529296875,1.2671661376953125,0.00014858247595839202,0.0,0.0,0.0,-0.0011102498407351519,-0.0037906587248929353,0.7650201471475739,0.6439942334447001,0,0,0,,0.7293477058410645,-0.005644649267196655,0.0,False,False,4,False
50.07953692,945,50,79536920,map,17.485897064208984,0.2184295654296875,1.142120361328125,0.00019302373402751982,0.0,0.0,0.0,-0.0006731410122832451,-0.003309467930361752,0.7649481893710632,0.6440829619553117,0,0,0,,0.6739429235458374,-0.006959348917007446,0.0,False,False,4,False
50.129536921,946,50,129536921,map,17.52815055847168,-0.04001617431640625,0.8514404296875,-7.457740139216185e-05,0.0,0.0,0.0,-0.0002619406320548197,-0.0027924545812855273,0.7652236940147269,0.643758364375153,0,0,0,,0.5770630836486816,-0.009490936994552612,0.0,False,False,4,False
50.179536921,947,50,179536921,map,17.55845069885254,0.6489038467407227,0.73150634765625,-0.0004863738431595266,0.0,0.0,0.0,-9.062727096565684e-05,-0.0024805765950276027,0.7654784698238652,0.6434567201938044,0,0,0,,0.6408474445343018,0.002899169921875,0.0,False,False,4,False
50.229536922,948,50,229536922,map,17.58501434326172,0.23687362670898438,0.5814743041992188,-0.00048809050349518657,0.0,0.0,0.0,1.6900925093822974e-05,-0.002209125054601554,0.765604883731822,0.6433072994198304,0,0,0,,0.6452882289886475,0.0005992650985717773,0.0,False,False,4,False
50.229536922,949,50,279536923,map,17.611587524414062,1.1215877532958984,0.7355117797851562,-0.0004699706914834678,0.0,0.0,0.0,-7.913134074337652e-05,-0.002183816102440222,0.7653228270367691,0.6436429096182986,0,0,0,,0.7243094444274902,0.016236186027526855,0.0,False,False,4,False
50.329536924,950,50,329536924,map,17.64463996887207,1.8816041946411133,0.9903717041015625,-0.0006401061546057463,0.0,0.0,0.0,-0.0004286921201418069,-0.0025040971433349427,0.7642213912641397,0.6449489986463004,0,0,0,,0.7692639827728271,0.03187239170074463,0.0,False,False,4,False
50.379536924,951,50,379536924,map,17.686626434326172,2.3914098739624023,1.2414169311523438,-0.0008052826160565019,0.0,0.0,0.0,-0.0009240864528386716,-0.003059452148412349,0.7621372279845336,0.6474076239409219,0,0,0,,0.8024845123291016,0.042531609535217285,0.0,False,False,4,False
50.429536925,952,50,429536925,map,17.740161895751953,2.632870674133301,1.4929962158203125,-0.0008041381370276213,0.0,0.0,0.0,-0.0014326579734872673,-0.0036937055870322017,0.759167138391044,0.6508836762566111,0,0,0,,0.8537092208862305,0.04627948999404907,0.0,False,False,4,False
50.429536925,953,50,479536926,map,17.808103561401367,2.596316337585449,1.7560577392578125,-0.0006855010287836194,0.0,0.0,0.0,-0.0018353505104259347,-0.004268411862585062,0.7556145728714043,0.6550000224527025,0,0,0,,0.891593337059021,0.04276961088180542,0.0,False,False,4,False
50.529536927,954,50,529536927,map,17.888710021972656,2.6720476150512695,1.9993972778320312,-0.00017929094610735774,0.0,0.0,0.0,-0.0021269234828864047,-0.004766517608350518,0.7517846729664184,0.6593880208186699,0,0,0,,0.8931115865707397,0.03895401954650879,0.0,False,False,4,False
50.579536927,955,50,579536927,map,17.97994041442871,1.9981098175048828,2.1036148071289062,0.0006015778053551912,0.0,0.0,0.0,-0.0021708334826382033,-0.005014800542926613,0.7481713024975071,0.6634831131058945,0,0,0,,0.8764572143554688,0.022716522216796875,0.0,False,False,4,False
50.579536927,956,50,629536928,map,18.07642364501953,1.6067218780517578,2.1472549438476562,0.0012857437832280993,0.0,0.0,0.0,-0.0019943788446461544,-0.005019289700769297,0.7452018492352495,0.6668170911729004,0,0,0,,0.8675990104675293,0.01023244857788086,0.0,False,False,4,False
50.629536928,957,50,679536929,map,18.172826766967773,1.2778043746948242,2.0969772338867188,0.0012279510265216231,0.0,0.0,0.0,-0.0016883877110975077,-0.004855626484345716,0.7430675112022127,0.6691967169929415,0,0,0,,0.8035838603973389,0.0006019473075866699,0.0,False,False,4,False
50.72953693,958,50,729536930,map,18.264799118041992,1.3106107711791992,2.0052337646484375,0.0007961273659020662,0.0,0.0,0.0,-0.001396360016427705,-0.004654241436616916,0.74167388183733,0.6707430515597612,0,0,0,,0.8102778196334839,-0.0009613037109375,0.0,False,False,4,False
50.77953693,959,50,779536930,map,18.356107711791992,1.868758201599121,2.046661376953125,-8.983617590274662e-05,0.0,0.0,0.0,-0.0012948283970955505,-0.004612156467480248,0.7405803649607569,0.6719507232429576,0,0,0,,0.8773801326751709,0.008857429027557373,0.0,False,False,4,False
50.829536931,960,50,829536931,map,18.453536987304688,1.5458106994628906,2.1244049072265625,-0.00035514828050509095,0.0,0.0,0.0,-0.0012207749531084856,-0.00458843714626101,0.7395797332699223,0.6730522075511374,0,0,0,,0.8905198574066162,0.007778942584991455,0.0,False,False,4,False
50.879536932,961,50,879536932,map,18.555707931518555,1.929173469543457,2.2491455078125,-0.0003885268815793097,0.0,0.0,0.0,-0.0012198012064992048,-0.004649111738283981,0.7384498093088661,0.6742913146235541,0,0,0,,0.9057257175445557,0.016555368900299072,0.0,False,False,4,False
50.879536932,962,50,929536933,map,18.664506912231445,1.3895940780639648,2.3196029663085938,-0.0001510620058979839,0.0,0.0,0.0,-0.0011333918767247497,-0.0046304881059763756,0.7372268143394817,0.6756285208763863,0,0,0,,0.9123287200927734,0.011307358741760254,0.0,False,False,4,False
50.979536933,963,50,979536933,map,18.776844024658203,1.6392993927001953,2.4060821533203125,5.722044988942798e-06,0.0,0.0,0.0,-0.0010494226271009683,-0.004622688957135412,0.7358963481884883,0.6770776131152192,0,0,0,,0.9078576564788818,0.016012370586395264,0.0,False,False,4,False
50.979536933,964,51,29536934,map,18.891876220703125,1.2947916984558105,2.4219512939453125,4.9209596909349784e-05,0.0,0.0,0.0,-0.0009176692786698035,-0.004562033167744017,0.7345216218957283,0.6785693278539343,0,0,0,,0.8946008682250977,0.011759340763092041,0.0,False,False,4,False
51.079536935,965,51,79536935,map,19.00742530822754,1.5061616897583008,2.4434280395507812,4.5776359911542386e-05,0.0,0.0,0.0,-0.0008186914868119068,-0.0045241902560418015,0.7331002636404299,0.680105039605728,0,0,0,,0.9043548107147217,0.014789342880249023,0.0,False,False,4,False
51.129536936,966,51,129536936,map,19.12523651123047,0.9041166305541992,2.4349594116210938,0.00017890927847474813,0.0,0.0,0.0,-0.0006230103201586323,-0.0043732942438785985,0.7318148300288905,0.6814892080623017,0,0,0,,0.9054124355316162,0.00569838285446167,0.0,False,False,4,False
51.179536936,967,51,179536936,map,19.24272918701172,1.662893295288086,2.4814605712890625,-8.430478919763118e-05,0.0,0.0,0.0,-0.0005659009103437154,-0.004357544609639538,0.7304957758770159,0.6829030773008504,0,0,0,,0.9069998264312744,0.0163843035697937,0.0,False,False,4,False
51.179536936,968,51,229536937,map,19.360937118530273,1.6814661026000977,2.4882125854492188,-0.0003803253348451108,0.0,0.0,0.0,-0.0006136521940681287,-0.004440746999532438,0.7289704807970471,0.6845304531747239,0,0,0,,0.9045273065567017,0.017792344093322754,0.0,False,False,4,False
51.279536938,969,51,279536938,map,19.479825973510742,1.587693691253662,2.4871063232421875,-0.00021057130652479827,0.0,0.0,0.0,-0.0006548186208856872,-0.0045068398818682125,0.7273118104063672,0.6862920588570623,0,0,0,,0.9078637361526489,0.016320884227752686,0.0,False,False,4,False
51.329536939,970,51,329536939,map,19.59918212890625,1.533043384552002,2.4854660034179688,8.583083399571478e-06,0.0,0.0,0.0,-0.0006647529993378798,-0.004532383483802204,0.7256172463791337,0.6880832997250907,0,0,0,,0.9051700830459595,0.01458066701889038,0.0,False,False,4,False
51.379536939,971,51,379536939,map,19.71607208251953,2.526850700378418,2.4820709228515625,-0.00045623775804415345,0.0,0.0,0.0,-0.0008888329126499177,-0.004767011792200055,0.7235821841767266,0.6902212024537236,0,0,0,,0.9080932140350342,0.02912449836730957,0.0,False,False,4,False
51.379536939,972,51,429536940,map,19.83510398864746,1.9503819942474365,2.4803924560546875,-0.0002607345813885331,0.0,0.0,0.0,-0.001064169239500875,-0.004943774096153595,0.7213075230634832,0.6925964797871401,0,0,0,,0.9067374467849731,0.020318329334259033,0.0,False,False,4,False
51.479536941,973,51,479536941,map,19.954181671142578,1.935817003250122,2.469940185546875,0.00021705629478674382,0.0,0.0,0.0,-0.0011423303381820574,-0.005017343980234685,0.7190451268704618,0.6949443336445187,0,0,0,,0.9073708057403564,0.017553091049194336,0.0,False,False,4,False
51.529536942,974,51,529536942,map,20.072107315063477,2.4359941482543945,2.4546051025390625,-6.103509804233909e-06,0.0,0.0,0.0,-0.0012960070426197654,-0.005162047311595328,0.7166959662126454,0.6973654462674653,0,0,0,,0.9112231731414795,0.023190200328826904,0.0,False,False,4,False
51.529536942,975,51,579536942,map,20.192028045654297,1.7607033252716064,2.4583053588867188,0.0002887725713662803,0.0,0.0,0.0,-0.001317459777661689,-0.0051734238341849675,0.7144814955298868,0.6996339703951934,0,0,0,,0.9091334342956543,0.011527419090270996,0.0,False,False,4,False
51.629536943,976,51,629536943,map,20.307432174682617,3.2222886085510254,2.3956298828125,-0.00037364958552643657,0.0,0.0,0.0,-0.0015901485069556834,-0.005427075403931156,0.7120379417115374,0.7021182150061932,0,0,0,,0.9084432125091553,0.032227158546447754,0.0,False,False,4,False
51.629536943,977,51,679536944,map,20.425310134887695,2.5740325450897217,2.4085617065429688,-0.000457763671875,0.0,0.0,0.0,-0.0018341328529929658,-0.0056465548717157185,0.709361732774244,0.7048196112838238,0,0,0,,0.9078643321990967,0.022635936737060547,0.0,False,False,4,False
51.729536945,978,51,729536945,map,20.543569564819336,2.2527658939361572,2.396087646484375,0.00048675539437681437,0.0,0.0,0.0,-0.00189318455784469,-0.00568252126879743,0.7068216671390884,0.7073664224904794,0,0,0,,0.9024507999420166,0.015242934226989746,0.0,False,False,4,False
51.779536945,979,51,779536945,map,20.660058975219727,2.390549659729004,2.348785400390625,0.0005105971940793097,0.0,0.0,0.0,-0.0019033739624935238,-0.005667450194290536,0.7044867104005693,0.7096919980138134,0,0,0,,0.891472578048706,0.015006661415100098,0.0,False,False,4,False
51.829536946,980,51,829536946,map,20.775297164916992,1.8882352113723755,2.30987548828125,0.0007179260137490928,0.0,0.0,0.0,-0.0017940993661056338,-0.005531377494040376,0.7025148787221093,0.7116452980555293,0,0,0,,0.8811550140380859,0.006157934665679932,0.0,False,False,4,False
51.879536947,981,51,879536947,map,20.887990951538086,1.0300421714782715,2.2530364990234375,0.0011205673217773438,0.0,0.0,0.0,-0.0014378057180198201,-0.00514945862830763,0.7012773137522088,0.7128685327653609,0,0,0,,0.8626631498336792,-0.00800350308418274,0.0,False,False,4,False
51.879536947,982,51,929536947,map,20.99578094482422,1.1681227684020996,2.15179443359375,0.0007228850154206157,0.0,0.0,0.0,-0.0010627536171558126,-0.004739586117164334,0.7007240117467393,0.7134159139238083,0,0,0,,0.8472042083740234,-0.006199657917022705,0.0,False,False,4,False
51.929536947,983,51,979536948,map,21.098604202270508,0.8705511689186096,2.0514297485351562,6.67572021484375e-05,0.0,0.0,0.0,-0.0007086064738227532,-0.004335387944215902,0.7006728082234397,0.7134692131441394,0,0,0,,0.8363738059997559,-0.007962137460708618,0.0,False,False,4,False
52.029536949,984,52,29536949,map,21.196075439453125,0.3280574083328247,1.9470977783203125,3.2997195376083255e-05,0.0,0.0,0.0,-0.0002888258814584112,-0.003851454751813304,0.7011140874165588,0.7130386520392503,0,0,0,,0.8189806938171387,-0.01266103982925415,0.0,False,False,4,False
52.07953695,985,52,79536950,map,21.287946701049805,-0.5004477500915527,1.840972900390625,-2.0599400158971548e-05,0.0,0.0,0.0,0.0002876046085883413,-0.003198666643405935,0.7021841122897089,0.7119881728394137,0,0,0,,0.8230812549591064,-0.021585285663604736,0.0,False,False,4,False
52.12953695,986,52,129536950,map,21.37648582458496,-0.27814149856567383,1.7724990844726562,-0.00035533899790607393,0.0,0.0,0.0,0.0007903258978270093,-0.0026117572994035286,0.7036402076436437,0.7105512031486503,0,0,0,,0.82129967212677,-0.014285445213317871,0.0,False,False,4,False
52.179536951,987,52,179536951,map,21.461551666259766,-0.5888344049453735,1.7042922973632812,-0.0006776810041628778,0.0,0.0,0.0,0.0012203358290698951,-0.002094986419826525,0.7052280526507839,0.7089763857610126,0,0,0,,0.8132003545761108,-0.013276994228363037,0.0,False,False,4,False
52.229536952,988,52,229536952,map,21.543771743774414,-0.007513910531997681,1.644439697265625,-0.0006332396878860891,0.0,0.0,0.0,0.001429046816511587,-0.001799190860338046,0.7065443702455056,0.7076650151108406,0,0,0,,0.8144316673278809,0.0005031228065490723,0.0,False,False,4,False
52.279536953,989,52,279536953,map,21.623563766479492,-0.6296899318695068,1.5980911254882812,-0.0004095077747479081,0.0,0.0,0.0,0.0016343588076838669,-0.001511736601237667,0.7075683562490247,0.7066413975693676,0,0,0,,0.8148722648620605,-0.003953516483306885,0.0,False,False,4,False
52.279536953,990,52,329536953,map,21.70120620727539,0.2146010845899582,1.5522003173828125,-0.0001873016299214214,0.0,0.0,0.0,0.0016460401582589436,-0.0014250640031371299,0.7080827637002933,0.7061260931979066,0,0,0,,0.8061795234680176,0.010703325271606445,0.0,False,False,4,False
52.379536954,991,52,379536954,map,21.775880813598633,0.6725499033927917,1.49078369140625,-2.9563900170614943e-05,0.0,0.0,0.0,0.0014290005281270854,-0.0015718248977176837,0.7077951925138857,0.7064145049319223,0,0,0,,0.8006265163421631,0.019744932651519775,0.0,False,False,4,False
52.429536955,992,52,429536955,map,21.848922729492188,-0.228605717420578,1.4619064331054688,-4.692077709478326e-05,0.0,0.0,0.0,0.0013683577017723286,-0.0015681902387020624,0.7071427508786514,0.7070677465818593,0,0,0,,0.8010737895965576,0.005699515342712402,0.0,False,False,4,False
52.429536955,993,52,479536956,map,21.919336318969727,0.5209271907806396,1.4057159423828125,5.0735470722429454e-05,0.0,0.0,0.0,0.0012493669573513837,-0.0016272051607216366,0.7062512429931418,0.7079583130779757,0,0,0,,0.7873449325561523,0.013162851333618164,0.0,False,False,4,False
52.479536956,994,52,529536956,map,21.985136032104492,1.4046659469604492,1.3061141967773438,-6.160735938465223e-05,0.0,0.0,0.0,0.0008650498394098068,-0.0019452750418364568,0.7048127335857224,0.7093902157270061,0,0,0,,0.7731900215148926,0.02436375617980957,0.0,False,False,4,False
52.579536957,995,52,579536957,map,22.04624366760254,1.6225876808166504,1.2052536010742188,-0.00022277831158135086,0.0,0.0,0.0,0.0003622536455447818,-0.0023693587504284904,0.7027940746929919,0.7113893051542378,0,0,0,,0.7537053823471069,0.02544379234313965,0.0,False,False,4,False
52.629536958,996,52,629536958,map,22.101552963256836,1.686742901802063,1.0823440551757812,-0.00031890871468931437,0.0,0.0,0.0,-0.0001150137215046585,-0.00275081871933457,0.7004146239140862,0.7137308837198418,0,0,0,,0.7288635969161987,0.022399425506591797,0.0,False,False,4,False
52.679536959,997,52,679536959,map,22.150320053100586,1.509208083152771,0.9486770629882812,-9.212490112986416e-05,0.0,0.0,0.0,-0.00047136992500272385,-0.002994106371987021,0.6980060651807987,0.7160854321296066,0,0,0,,0.711151123046875,0.01468801498413086,0.0,False,False,4,False
52.729536959,998,52,729536959,map,22.19112777709961,2.033658027648926,0.7721328735351562,-5.989073542878032e-05,0.0,0.0,0.0,-0.0008572896847843904,-0.003243613680454225,0.695613860207755,0.7184080327443133,0,0,0,,0.699599027633667,0.01780712604522705,0.0,False,False,4,False
52.77953696,999,52,779536960,map,22.225811004638672,1.5277433395385742,0.65460205078125,0.00012340540706645697,0.0,0.0,0.0,-0.001114302808669601,-0.0033539072464562913,0.6934614031258054,0.7204851088053257,0,0,0,,0.6765609979629517,0.006754279136657715,0.0,False,False,4,False
52.829536961,1000,52,829536961,map,22.253101348876953,1.071488857269287,0.5154037475585938,0.0005006790161132812,0.0,0.0,0.0,-0.001158167553247809,-0.0032493848540016673,0.691904576101611,0.7219807183821733,0,0,0,,0.6572418212890625,-0.003580152988433838,0.0,False,False,4,False
52.829536961,1001,52,879536962,map,22.273178100585938,0.7707250118255615,0.37807464599609375,0.0007030487176962197,0.0,0.0,0.0,-0.0010524633736591399,-0.002995191743127826,0.6911000779107346,0.7227521037389275,0,0,0,,0.6526181697845459,-0.010060667991638184,0.0,False,False,4,False
52.929536962,1002,52,929536962,map,22.286548614501953,1.1603021621704102,0.22953033447265625,0.00027122494066134095,0.0,0.0,0.0,-0.0010167334667064568,-0.0028068232346014983,0.690781030994127,0.723057850531393,0,0,0,,0.6363955736160278,-0.0037331581115722656,0.0,False,False,4,False
52.979536963,1003,52,979536963,map,22.294658660888672,0.7121109962463379,0.13744354248046875,9.975439752452075e-05,0.0,0.0,0.0,-0.0009441870003866327,-0.0025862217527164322,0.6908108630929073,0.7230302700446135,0,0,0,,0.6400365829467773,-0.007327646017074585,0.0,False,False,4,False
53.029536964,1004,53,29536964,map,22.29900550842285,0.3073608875274658,0.07595062255859375,0.00016326899640262127,0.0,0.0,0.0,-0.0007544341915186497,-0.0022646261316659044,0.6912224971263023,0.7226380572347497,0,0,0,,0.6383473873138428,-0.010425090789794922,0.0,False,False,4,False
53.079536965,1005,53,79536965,map,22.300216674804688,0.26611328125,0.01445770263671875,7.686612661927938e-05,0.0,0.0,0.0,-0.0005401722628008911,-0.001934772834916429,0.6918874439788965,0.7220025829125222,0,0,0,,0.632781982421875,-0.007754683494567871,0.0,False,False,4,False
53.129536965,1006,53,129536965,map,22.29899024963379,-0.5282330513000488,-0.005340576171875,-2.5558474590070546e-05,0.0,0.0,0.0,-0.00017744374578245652,-0.0014784421323410046,0.6928934272439741,0.7210384741500816,0,0,0,,0.6425912380218506,-0.01579427719116211,0.0,False,False,4,False
53.179536966,1007,53,179536966,map,22.296905517578125,-0.2607262134552002,-0.03246307373046875,-0.00022239684767555445,0.0,0.0,0.0,0.00014638664337659048,-0.0010784520518012015,0.6940828555606311,0.7198943013588333,0,0,0,,0.6377748250961304,-0.008707016706466675,0.0,False,False,4,False
53.229536967,1008,53,229536967,map,22.293399810791016,-0.4736948013305664,-0.05374908447265625,-0.0002847671275958419,0.0,0.0,0.0,0.00042199288948132924,-0.0007407632632442651,0.6952675154387367,0.718750551420613,0,0,0,,0.6331391334533691,-0.0076042115688323975,0.0,False,False,4,False
53.279536968,1009,53,279536968,map,22.28977394104004,-0.942542552947998,-0.04138946533203125,-0.0002651214599609375,0.0,0.0,0.0,0.0007581680332440281,-0.00035829743298231514,0.6965219092648876,0.7175350351851667,0,0,0,,0.6633495092391968,-0.01136869192123413,0.0,False,False,4,False
53.279536968,1010,53,329536968,map,22.28964614868164,-0.28726696968078613,0.006561279296875,-0.00022296902898233384,0.0,0.0,0.0,0.0009307954194474086,-0.00015885132242257898,0.6975744300936553,0.7165117046257209,0,0,0,,0.6804437637329102,0.000789940357208252,0.0,False,False,4,False
53.379536969,1011,53,379536969,map,22.2930850982666,-0.950930118560791,0.09761810302734375,-0.00019531248835846782,0.0,0.0,0.0,0.0011428337921818314,5.0493422874668204e-05,0.6984738438334169,0.7156346699691886,0,0,0,,0.6917378902435303,-0.006203114986419678,0.0,False,False,4,False
53.42953697,1012,53,429536970,map,22.300912857055664,-0.6761229038238525,0.1758575439453125,-9.498596045887098e-05,0.0,0.0,0.0,0.0013219753371636767,0.0002005802313450629,0.6992487073346892,0.714877232424942,0,0,0,,0.7026885747909546,-0.001597583293914795,0.0,False,False,4,False
53.479536971,1013,53,479536971,map,22.31258773803711,-0.3014075756072998,0.241851806640625,-1.5449531929334626e-05,0.0,0.0,0.0,0.0013577500235793889,0.00018877909704175314,0.699703586140319,0.7144319508670528,0,0,0,,0.7023581266403198,0.004814445972442627,0.0,False,False,4,False
53.529536971,1014,53,529536971,map,22.326906204223633,-0.37178754806518555,0.29632568359375,0.00010147094872081652,0.0,0.0,0.0,0.001347443195334287,0.00012024489651279123,0.6998470954302333,0.7142914061892851,0,0,0,,0.7026946544647217,0.004142642021179199,0.0,False,False,4,False
53.579536972,1015,53,579536972,map,22.34302520751953,-0.29837489128112793,0.3302001953125,2.6130677724722773e-05,0.0,0.0,0.0,0.001322754470432333,3.5084542277788976e-05,0.6997739599151404,0.7143631108297583,0,0,0,,0.699675440788269,0.004157721996307373,0.0,False,False,4,False
53.629536973,1016,53,629536973,map,22.36046600341797,-0.01741170883178711,0.34938812255859375,5.645752025884576e-05,0.0,0.0,0.0,0.0012311839792948768,-0.0001114814262997793,0.6994798203585406,0.7146512804641747,0,0,0,,0.7049059867858887,0.006765842437744141,0.0,False,False,4,False
53.679536974,1017,53,679536974,map,22.378982543945312,-0.15571117401123047,0.3743743896484375,2.632141149661038e-05,0.0,0.0,0.0,0.0011546303365029876,-0.0002369662416661655,0.6990816685581771,0.7150408599245929,0,0,0,,0.7002239227294922,0.0030227303504943848,0.0,False,False,4,False
53.729536974,1018,53,729536974,map,22.397872924804688,-0.4516267776489258,0.38898468017578125,-6.4849853515625e-05,0.0,0.0,0.0,0.0011783362699833053,-0.00025512010192086054,0.6988365427903874,0.7152803876090461,0,0,0,,0.70184326171875,-0.0037636160850524902,0.0,False,False,4,False
53.779536975,1019,53,779536975,map,22.416553497314453,-0.5016458034515381,0.38547515869140625,-5.207061258261092e-05,0.0,0.0,0.0,0.001256024885561021,-0.0002099845102962126,0.6988809415101108,0.7152368893603946,0,0,0,,0.6895006895065308,-0.006772339344024658,0.0,False,False,4,False
53.829536976,1020,53,829536976,map,22.433013916015625,0.09563088417053223,0.32711029052734375,2.6321404220652767e-05,0.0,0.0,0.0,0.0011912462352155183,-0.00028907134091037655,0.6989812892138633,0.7151389058770978,0,0,0,,0.6609219312667847,0.0012415051460266113,0.0,False,False,4,False
53.829536976,1021,53,879536977,map,22.44536018371582,-0.7161563634872437,0.262908935546875,-2.956389835162554e-05,0.0,0.0,0.0,0.001239094619755778,-0.00023378109701482864,0.6992914916500825,0.7148355193306531,0,0,0,,0.6608927249908447,-0.010287344455718994,0.0,False,False,4,False
53.879536977,1022,53,929536977,map,22.455106735229492,-0.6160682439804077,0.20778656005859375,4.386902219266631e-06,0.0,0.0,0.0,0.0013382966555965654,-0.00010841604491812614,0.6999030738715386,0.7142365745277922,0,0,0,,0.6612937450408936,-0.00942087173461914,0.0,False,False,4,False
53.979536978,1023,53,979536978,map,22.462413787841797,-0.8508455753326416,0.1624298095703125,-6.885529001010582e-05,0.0,0.0,0.0,0.0014693633621180725,6.079629810002492e-05,0.7007846560682524,0.7133713640835477,0,0,0,,0.6550472974777222,-0.01206311583518982,0.0,False,False,4,False
53.979536978,1024,54,29536979,map,22.467819213867188,-0.8546179533004761,0.122833251953125,-2.880096872104332e-05,0.0,0.0,0.0,0.0015958940498455591,0.00023248341380436124,0.7018681811041592,0.7123050297640633,0,0,0,,0.6573911905288696,-0.01080372929573059,0.0,False,False,4,False
54.07953698,1025,54,79536980,map,22.470945358276367,-1.2559837102890015,0.08121490478515625,-4.1770927055040374e-05,0.0,0.0,0.0,0.0017846965265678485,0.0004693489754130761,0.7031788729489645,0.7110105957073153,0,0,0,,0.6451407670974731,-0.014974772930145264,0.0,False,False,4,False
54.07953698,1026,54,129536980,map,22.472688674926758,-1.0848042964935303,0.04817962646484375,-0.00011806486872956157,0.0,0.0,0.0,0.001937975526396433,0.0006725230302425972,0.704605159483101,0.709596618645711,0,0,0,,0.6556692123413086,-0.0105934739112854,0.0,False,False,4,False
54.179536981,1027,54,179536981,map,22.4742431640625,-1.3251409530639648,0.043792724609375,3.1661984394304454e-05,0.0,0.0,0.0,0.0020923897368277694,0.0008720614718936208,0.7060776801334209,0.7081307584276967,0,0,0,,0.66656494140625,-0.011741310358047485,0.0,False,False,4,False
54.229536982,1028,54,229536982,map,22.477691650390625,-0.871167778968811,0.07518768310546875,6.465910701081157e-05,0.0,0.0,0.0,0.0021327863932663477,0.0009435047504822849,0.7073808482084059,0.706828760456833,0,0,0,,0.6788735389709473,-0.0028790533542633057,0.0,False,False,4,False
54.279536982,1029,54,279536982,map,22.483182907104492,-0.5643045902252197,0.11295318603515625,0.0003234863106627017,0.0,0.0,0.0,0.0020362396354452273,0.0008583284827025065,0.7082603860976976,0.7059478326938211,0,0,0,,0.6798622608184814,0.00404202938079834,0.0,False,False,4,False
54.279536982,1030,54,329536983,map,22.490333557128906,-1.0442055463790894,0.146942138671875,4.215240551275201e-05,0.0,0.0,0.0,0.0020184979882170535,0.0008360261716261323,0.7088792438345941,0.7053264807070594,0,0,0,,0.6912145614624023,-0.0020681023597717285,0.0,False,False,4,False
54.329536983,1031,54,379536984,map,22.49981689453125,0.1891743391752243,0.1891326904296875,0.000271034223260358,0.0,0.0,0.0,0.001781315193360087,0.000578333056790872,0.7089659959819167,0.7052401782289679,0,0,0,,0.6895232200622559,0.015427052974700928,0.0,False,False,4,False
54.429536985,1032,54,429536985,map,22.510513305664062,-0.27365511655807495,0.21465301513671875,0.0001239776611328125,0.0,0.0,0.0,0.0015526488990323089,0.00031996931832206123,0.7085817334414276,0.7056269651410533,0,0,0,,0.6814572811126709,0.008442819118499756,0.0,False,False,4,False
54.479536985,1033,54,479536985,map,22.521692276000977,-0.28777754306793213,0.22418975830078125,-6.484984623966739e-05,0.0,0.0,0.0,0.0014135660062808307,0.0001513986336006502,0.708041264787008,0.7061696299533233,0,0,0,,0.6876248121261597,0.005044043064117432,0.0,False,False,4,False
54.479536985,1034,54,529536986,map,22.532215118408203,0.35423025488853455,0.20969390869140625,-7.820130122127011e-05,0.0,0.0,0.0,0.0011746009367415845,-0.00011195692571189578,0.7072858358931646,0.7069266964284159,0,0,0,,0.6614807844161987,0.011277735233306885,0.0,False,False,4,False
54.579536987,1035,54,579536987,map,22.540973663330078,0.5212342739105225,0.17353057861328125,-0.0001226425083586946,0.0,0.0,0.0,0.0008652572406915618,-0.00043176916528636183,0.7062831929243815,0.7079287508625682,0,0,0,,0.6716223955154419,0.011401236057281494,0.0,False,False,4,False
54.629536988,1036,54,629536988,map,22.548568725585938,-0.1414892077445984,0.15239715576171875,-0.0001354217529296875,0.0,0.0,0.0,0.000738100913861873,-0.0005576730557983568,0.7054219783517052,0.7087869755195634,0,0,0,,0.6557295322418213,-0.001502901315689087,0.0,False,False,4,False
54.679536988,1037,54,679536988,map,22.55391502380371,0.7139886617660522,0.10395050048828125,-3.967285010730848e-05,0.0,0.0,0.0,0.0005275671784352102,-0.0007535046807989863,0.7046297388378611,0.7095745803288447,0,0,0,,0.6571708917617798,0.007616758346557617,0.0,False,False,4,False
54.729536989,1038,54,729536989,map,22.55654525756836,0.8193507790565491,0.04779815673828125,-0.0001659393310546875,0.0,0.0,0.0,0.00023983713704123796,-0.001013742199212075,0.7037404126585732,0.7104564352555631,0,0,0,,0.6311949491500854,0.008246123790740967,0.0,False,False,4,False
54.77953699,1039,54,779536990,map,22.555147171020508,0.9104236960411072,-0.03505706787109375,-7.419585745083168e-05,0.0,0.0,0.0,-4.7515819309697054e-05,-0.0012570122148562787,0.7027673155019998,0.7114186657128496,0,0,0,,0.625939130783081,0.008433997631072998,0.0,False,False,4,False
54.77953699,1040,54,829536991,map,22.550338745117188,-0.2633535861968994,-0.0939178466796875,7.03811674611643e-05,0.0,0.0,0.0,-2.054229051544462e-05,-0.0011757268180007706,0.7022041063242012,0.7119747258898266,0,0,0,,0.6178680658340454,-0.010585874319076538,0.0,False,False,4,False
54.829536991,1041,54,879536991,map,22.541353225708008,0.9934371709823608,-0.1889801025390625,8.220671588787809e-05,0.0,0.0,0.0,-0.00013394529089322748,-0.0012217835572547481,0.7018094347724577,0.7123636757780126,0,0,0,,0.6023497581481934,0.005959749221801758,0.0,False,False,4,False
54.879536991,1042,54,929536992,map,22.5284366607666,-0.3708335757255554,-0.25463104248046875,7.514953176723793e-05,0.0,0.0,0.0,-5.125476860558167e-05,-0.0010651971416355435,0.7017659112353769,0.7124068139455008,0,0,0,,0.5970468521118164,-0.012988895177841187,0.0,False,False,4,False
54.979536993,1043,54,979536993,map,22.512624740600586,0.2395188808441162,-0.318603515625,0.00015010833158157766,0.0,0.0,0.0,2.087861705312279e-05,-0.0009156708127070442,0.7020437312521934,0.7121332463244111,0,0,0,,0.6016666889190674,-0.004461824893951416,0.0,False,False,4,False
54.979536993,1044,55,29536994,map,22.4940185546875,0.21725058555603027,-0.37441253662109375,-4.9400332500226796e-05,0.0,0.0,0.0,2.5360778425541136e-05,-0.0008344561279100254,0.7023778274691901,0.711803828677159,0,0,0,,0.5823785066604614,-0.0024470090866088867,0.0,False,False,4,False
55.079536994,1045,55,79536994,map,22.47273063659668,-0.35461127758026123,-0.42217254638671875,3.910065061063506e-05,0.0,0.0,0.0,0.00014193940100099196,-0.0006441561253927764,0.7028819038007147,0.7113062590934901,0,0,0,,0.5959712266921997,-0.008870691061019897,0.0,False,False,4,False
55.129536995,1046,55,129536995,map,22.45040512084961,-0.00958174467086792,-0.44643402099609375,1.6593930922681466e-05,0.0,0.0,0.0,0.00022365288470729724,-0.0004959128566001126,0.7034408684126616,0.7107535780400028,0,0,0,,0.5914716720581055,-0.0024181604385375977,0.0,False,False,4,False
55.179536996,1047,55,179536996,map,22.42641830444336,-0.16112476587295532,-0.47817230224609375,-1.4114375517237931e-05,0.0,0.0,0.0,0.0002853411742406364,-0.0003760500608277426,0.7039418051853529,0.7102574970242502,0,0,0,,0.579481840133667,-0.002349346876144409,0.0,False,False,4,False
55.229536997,1048,55,229536997,map,22.400442123413086,0.39404481649398804,-0.5234909057617188,-6.50405854685232e-05,0.0,0.0,0.0,0.00020883779440083132,-0.0003977998535174506,0.7041519111663062,0.7100492124795933,0,0,0,,0.5805199146270752,0.007558643817901611,0.0,False,False,4,False
55.229536997,1049,55,279536997,map,22.374122619628906,-0.2679583430290222,-0.5237197875976562,-2.0408633645274676e-05,0.0,0.0,0.0,0.0002224884703354767,-0.0003370111464362077,0.7042109387135697,0.7099906976281597,0,0,0,,0.5974332094192505,-0.000758051872253418,0.0,False,False,4,False
55.329536998,1050,55,329536998,map,22.3489933013916,-0.3431108593940735,-0.4993438720703125,1.7356869648210704e-05,0.0,0.0,0.0,0.00032700793623123315,-0.00020049622184555125,0.7043292516814972,0.7098733394718079,0,0,0,,0.6034462451934814,-0.00267907977104187,0.0,False,False,4,False
55.379536999,1051,55,379536999,map,22.32579231262207,-0.4604795575141907,-0.4601287841796875,-9.613037400413305e-05,0.0,0.0,0.0,0.00046839548523614123,-4.4783608899103184e-05,0.7045765142980442,0.7096278701542912,0,0,0,,0.6165769100189209,-0.00497850775718689,0.0,False,False,4,False
55.379536999,1052,55,429537000,map,22.300498962402344,0.0015091896057128906,-0.5059051513671875,-2.098081495205406e-06,0.0,0.0,0.0,0.0004927900270120519,-1.4123771643645818e-05,0.7047830939054617,0.7094226860649111,0,0,0,,0.525558352470398,0.0017663240432739258,0.0,False,False,4,False
55.429537,1053,55,479537000,map,22.258319854736328,-0.01639842987060547,-0.8434677124023438,4.3106076191179454e-05,0.0,0.0,0.0,0.0004283579829434252,-2.8191547527484263e-05,0.7048467129487554,0.7093595188337222,0,0,0,,0.22701597213745117,0.0023548007011413574,0.0,False,False,4,False
55.479537,1054,55,529537001,map,22.15103530883789,-0.2623927593231201,-2.143707275390625,-6.866453077236656e-06,0.0,0.0,0.0,0.00031224621670646914,0.00010862159397657938,0.7048876034532037,0.709318938984184,0,0,0,,0.0,-0.001289457082748413,0.22002291679382324,False,False,4,False
55.579537002,1055,55,579537002,map,21.95543670654297,-0.6166291236877441,-3.9078903198242188,1.6212467016885057e-05,0.0,0.0,0.0,0.00010665885425160306,0.0005525727195839159,0.705113051883356,0.7090946815137018,0,0,0,,0.0,-0.007634401321411133,0.37646257877349854,False,False,4,False
55.629537003,1056,55,629537003,map,21.713647842407227,-0.15164822340011597,-4.834938049316406,-3.833771188510582e-05,0.0,0.0,0.0,-0.00031954578839690713,0.0010578959783011327,0.7054038508989909,0.7088047586489966,0,0,0,,0.0,-0.0008734762668609619,0.3799886703491211,False,False,4,False
55.679537003,1057,55,679537003,map,21.45014190673828,-0.12452706694602966,-5.269508361816406,-8.449554297840223e-05,0.0,0.0,0.0,-0.0008395885730564437,0.0015174477391137957,0.7056216223646607,0.7085867049944213,0,0,0,,0.0,0.0004500746726989746,0.3768705129623413,False,False,4,False
55.729537004,1058,55,729537004,map,21.173851013183594,0.44326052069664,-5.5286407470703125,-6.427764310501516e-05,0.0,0.0,0.0,-0.0014597163967309623,0.0017895047672259728,0.7055435239239014,0.7086628272667986,0,0,0,,0.0,0.01044774055480957,0.3667256832122803,False,False,4,False
55.729537004,1059,55,779537005,map,20.887733459472656,0.2395254373550415,-5.724220275878906,-8.02993745310232e-05,0.0,0.0,0.0,-0.0020066719439882346,0.001994623651063052,0.7051705748957451,0.7090320550196613,0,0,0,,0.0,0.008032381534576416,0.37473613023757935,False,False,4,False
55.829537006,1060,55,829537006,map,20.595905303955078,-0.28223931789398193,-5.834693908691406,-1.2016298569506034e-05,0.0,0.0,0.0,-0.002307776973066553,0.0022980771238606482,0.7048302631385566,0.7093685171834233,0,0,0,,0.0,-0.001684725284576416,0.374253511428833,False,False,4,False
55.879537006,1061,55,879537006,map,20.30340003967285,0.33005237579345703,-5.8526611328125,2.784729076665826e-05,0.0,0.0,0.0,-0.0026002579632325145,0.0024662323898412327,0.7044619372554078,0.7097327210398867,0,0,0,,0.0,0.00638967752456665,0.36040782928466797,False,False,4,False
55.879537006,1062,55,929537007,map,20.01384925842285,0.3170764446258545,-5.793800354003906,0.00012073516700183973,0.0,0.0,0.0,-0.0028748421634768448,0.0025163485870909282,0.7039759422725456,0.7102135425164777,0,0,0,,0.0,0.006011247634887695,0.339768648147583,False,False,4,False
55.979537008,1063,55,979537008,map,19.73101234436035,0.3310436010360718,-5.659980773925781,9.841918654274195e-05,0.0,0.0,0.0,-0.003080060375832013,0.002512124975850687,0.7034230894639406,0.7107602687722434,0,0,0,,0.0,0.005476832389831543,0.3062112331390381,False,False,4,False
56.029537009,1064,56,29537009,map,19.455198287963867,-0.47379642724990845,-5.512237548828125,0.0001832962007028982,0.0,0.0,0.0,-0.003023675692118832,0.0026617454149590112,0.7031547037757446,0.7110254812977519,0,0,0,,0.0,-0.00904691219329834,0.2801804542541504,False,False,4,False
56.029537009,1065,56,79537009,map,19.191308975219727,-0.06774574518203735,-5.27740478515625,0.00013103484525345266,0.0,0.0,0.0,-0.002925109222770858,0.002761056920734377,0.7031836229344952,0.7109969147172392,0,0,0,,0.0,-0.004571706056594849,0.227003812789917,False,False,4,False
56.12953701,1066,56,129537010,map,18.940866470336914,-0.20958185195922852,-5.007286071777344,4.787445504916832e-05,0.0,0.0,0.0,-0.0028043126157914692,0.0027969342902504344,0.7034113205240617,0.7107719937841703,0,0,0,,0.0,-0.006542623043060303,0.17488789558410645,False,False,4,False
56.179537011,1067,56,179537011,map,18.701501846313477,-0.7994468212127686,-4.78179931640625,5.79833795200102e-05,0.0,0.0,0.0,-0.0025212202464238768,0.0029306691157017103,0.7040165655519671,0.7101730282511551,0,0,0,,0.0,-0.015939027070999146,0.13722360134124756,False,False,4,False
56.179537011,1068,56,229537012,map,18.477100372314453,-0.40683507919311523,-4.4858551025390625,-9.536597644910216e-07,0.0,0.0,0.0,-0.00226828549921309,0.0029856766300475324,0.7048605234510973,0.7093360156485782,0,0,0,,0.0,-0.009372472763061523,0.07614368200302124,False,False,4,False
56.279537012,1069,56,279537012,map,18.26128387451172,-0.38822174072265625,-4.3146514892578125,-7.133483450161293e-05,0.0,0.0,0.0,-0.0020772165475313603,0.0029497935025536207,0.7057241996641728,0.7084774787514913,0,0,0,,0.0,-0.0067941248416900635,0.058692216873168945,False,False,4,False
56.329537013,1070,56,329537013,map,18.038240432739258,-0.4528159499168396,-4.459381103515625,-5.7983415899798274e-05,0.0,0.0,0.0,-0.001920637174711668,0.002915928390081636,0.7065410752720835,0.7076634210327923,0,0,0,,0.0,-0.00581851601600647,0.1233702301979065,False,False,4,False
56.329537013,1071,56,379537014,map,17.819435119628906,0.8380514979362488,-4.379425048828125,-0.00011215208360226825,0.0,0.0,0.0,-0.0021003935048923457,0.0025982466591617432,0.7067909906085759,0.7074145411680274,0,0,0,,0.0,0.017289698123931885,0.09387600421905518,False,False,4,False
56.379537014,1072,56,429537015,map,17.60342025756836,-0.01582399010658264,-4.3202972412109375,-6.999969627941027e-05,0.0,0.0,0.0,-0.002213410477569953,0.002369263369128937,0.7065828824929685,0.7076228639417139,0,0,0,,0.0,0.006701529026031494,0.10035580396652222,False,False,4,False
56.479537015,1073,56,479537015,map,17.37737464904785,-0.37989556789398193,-4.519195556640625,-0.00021457670663949102,0.0,0.0,0.0,-0.0021452692348750365,0.0023706112051267267,0.7063710287583951,0.7078345482902276,0,0,0,,0.0,-0.0009247660636901855,0.17436593770980835,False,False,4,False
56.479537015,1074,56,529537016,map,17.156421661376953,0.3608435392379761,-4.4207763671875,-0.00010147095599677414,0.0,0.0,0.0,-0.0022020355990234595,0.002285716220234479,0.7060347457323127,0.7081700815194678,0,0,0,,0.0,0.008982300758361816,0.13554030656814575,False,False,4,False
56.579537017,1075,56,579537017,map,16.946735382080078,0.5094825029373169,-4.196891784667969,-3.395080057089217e-05,0.0,0.0,0.0,-0.0023508408333491547,0.002083393168865995,0.7054268444286498,0.7087757756721922,0,0,0,,0.0,0.011580288410186768,0.09171921014785767,False,False,4,False
56.629537018,1076,56,629537018,map,16.878398895263672,0.3594382107257843,-1.3694000244140625,0.0002876281796488911,0.0,0.0,0.0,-0.002264620193839025,0.0017204741319700374,0.704680182823985,0.709519380566376,0,0,0,,0.0,0.007764041423797607,0.08955389261245728,False,False,4,False
56.629537018,1077,56,679537018,map,16.859432220458984,0.3940287232398987,-0.3826904296875,0.0005859374650754035,0.0,0.0,0.0,-0.0019031296757258016,0.0011617828407646368,0.7039154866514673,0.7102802376599648,0,0,0,,0.0,0.00643545389175415,0.003518342971801758,False,False,0,False
56.679537018,1078,56,729537019,map,16.601280212402344,-0.08301377296447754,-5.162506103515625,-6.961821782169864e-05,0.0,0.0,0.0,-0.0016651458094856001,0.0009838773446544363,0.7033606859886464,0.7108305034819373,0,0,0,,0.10482668876647949,-0.0018405616283416748,0.0,False,False,0,False
56.77953702,1079,56,779537020,map,16.22504234313965,-0.23835599422454834,-7.5229644775390625,-0.0011436461936682463,0.0,0.0,0.0,-0.0019828466746886772,0.0015343347884136534,0.7031452069882864,0.7110418637641679,0,0,0,,0.40905940532684326,-0.006650209426879883,0.0,False,False,3,False
56.829537020000004,1080,56,829537020,map,15.916947364807129,0.1780003309249878,-6.163692474365234,-0.0008234023698605597,0.0,0.0,0.0,-0.002422988210610385,0.0020362114246956654,0.7030873417929493,0.7110964581417134,0,0,0,,0.5901401042938232,-0.00025153160095214844,0.0,False,False,3,False
56.829537020000004,1081,56,879537021,map,15.684942245483398,0.10433167219161987,-4.641284942626953,-8.773800800554454e-05,0.0,0.0,0.0,-0.0026723181389139185,0.0022703229709911247,0.703069220490882,0.7111127727356013,0,0,0,,0.6944767236709595,-0.0007240176200866699,0.0,False,False,3,False
56.929537022,1082,56,929537022,map,15.522436141967773,-1.546630620956421,-3.2390785217285156,0.0007751464145258069,0.0,0.0,0.0,-0.0022517627194324286,0.0026137489327036803,0.703701170963323,0.7104876915654628,0,0,0,,0.7321951389312744,-0.02757897973060608,0.0,False,False,3,False
56.979537023,1083,56,979537023,map,15.416852951049805,0.5682973861694336,-2.1149253845214844,0.0009376525995321572,0.0,0.0,0.0,-0.0019596226736677195,0.0023862202988548416,0.704397502632696,0.7097990026172785,0,0,0,,0.7082812786102295,0.0031728148460388184,0.0,False,False,3,False
57.029537023,1084,57,29537023,map,15.35245132446289,-0.22127702832221985,-1.2866783142089844,0.0007162094116210938,0.0,0.0,0.0,-0.0016012604119837442,0.001963076676750411,0.7048901956662467,0.7093119161191744,0,0,0,,0.7078820466995239,-0.0037311017513275146,0.0,False,False,3,False
57.079537024,1085,57,79537024,map,15.315232276916504,0.25269433856010437,-0.746002197265625,0.0002609252114780247,0.0,0.0,0.0,-0.0012526028492353698,0.0014390622745420287,0.7051478819574194,0.7090577019233606,0,0,0,,0.648827075958252,0.00426793098449707,0.0,False,False,3,False
57.129537025,1086,57,129537025,map,15.287491798400879,0.1883569359779358,-0.5561447143554688,-0.0002449034946039319,0.0,0.0,0.0,-0.0009485878715257103,0.000927854606840169,0.7051234757185719,0.709083297827159,0,0,0,,0.548079252243042,0.005076944828033447,0.0,False,False,3,False
57.179537026,1087,57,179537026,map,15.265913009643555,-0.04823938012123108,-0.43125152587890625,-0.000457763671875,0.0,0.0,0.0,-0.0006384192388577147,0.0005666943242753197,0.7049905678916535,0.7092161662442715,0,0,0,,0.7103824615478516,0.0017813444137573242,0.0,False,False,3,False
57.229537026,1088,57,229537026,map,15.260977745056152,0.052505433559417725,-0.09908676147460938,-0.0004604339483194053,0.0,0.0,0.0,-0.000361807453873607,0.0002749777034927176,0.7048212509591957,0.7093848022610462,0,0,0,,0.6674413681030273,0.0023629069328308105,0.0,False,False,3,False
57.229537026,1089,57,279537027,map,15.264678001403809,-0.05526930093765259,0.07442474365234375,-0.0003223419189453125,0.0,0.0,0.0,-0.00010734945728360255,5.139999752758851e-05,0.704674920602159,0.7095302968221127,0,0,0,,0.6546939611434937,0.00022643804550170898,0.0,False,False,3,False
57.329537028,1090,57,329537028,map,15.267701148986816,0.5074688792228699,0.056362152099609375,-0.0002237319858977571,0.0,0.0,0.0,-2.638007853015684e-05,-0.00024147928604998105,0.7043787204966784,0.7098243156607894,0,0,0,,0.5617481470108032,0.008059680461883545,0.0,False,False,3,False
57.379537029,1091,57,379537029,map,15.259355545043945,-0.229559987783432,-0.16496658325195312,-4.425048246048391e-05,0.0,0.0,0.0,0.00010771414710785969,-0.00034387234951640524,0.7041352983042963,0.7100657376830608,0,0,0,,0.49769747257232666,-0.002238631248474121,0.0,False,False,3,False
57.429537029,1092,57,429537029,map,15.231218338012695,0.2701433002948761,-0.5650901794433594,1.9264189177192748e-05,0.0,0.0,0.0,0.00012519804634335266,-0.00040175052212376944,0.7039264689252446,0.7102727287939499,0,0,0,,0.3803865909576416,0.0035265684127807617,0.0,False,False,3,False
57.47953703,1093,57,479537030,map,15.180416107177734,0.13601183891296387,-1.0173416137695312,6.275178748182952e-05,0.0,0.0,0.0,4.688711714058606e-05,-0.00038870486893610734,0.7036967552025005,0.7105003331650135,0,0,0,,0.38315582275390625,0.002039670944213867,0.0,False,False,3,False
57.529537031,1094,57,529537031,map,15.10990047454834,0.6203806400299072,-1.4169692993164062,0.00010948180715786293,0.0,0.0,0.0,-0.00019584503204289117,-0.00041358867770825735,0.7032935936175508,0.7108993682411319,0,0,0,,0.3142387866973877,0.009507477283477783,0.0,False,False,3,False
57.529537031,1095,57,579537032,map,15.022445678710938,-0.7168278098106384,-1.7416763305664062,0.00011291504051769152,0.0,0.0,0.0,-0.00020066545237118214,-0.00011864017237016403,0.7031619235004115,0.7110297145668999,0,0,0,,0.3421165943145752,-0.010471701622009277,0.0,False,False,3,False
57.629537032,1096,57,629537032,map,14.927128791809082,0.43500959873199463,-1.9108200073242188,0.00012187956599518657,0.0,0.0,0.0,-0.0003492340449292769,5.5098107218090804e-05,0.7031174786505534,0.7110736151875339,0,0,0,,0.3723803758621216,0.0043675899505615234,0.0,False,False,3,False
57.629537032,1097,57,679537033,map,14.831074714660645,-0.036379098892211914,-1.9207954406738281,9.422302537132055e-05,0.0,0.0,0.0,-0.0004913084970310222,0.00019921973180371454,0.7030549589220041,0.7111353202187601,0,0,0,,0.41717052459716797,-0.0009635686874389648,0.0,False,False,3,False
57.729537034,1098,57,729537034,map,14.738031387329102,0.22011816501617432,-1.8634414672851562,3.623962038545869e-05,0.0,0.0,0.0,-0.0006241200746418273,0.0002810227755795626,0.7029626951349379,0.7112263920503489,0,0,0,,0.42127084732055664,0.0027695298194885254,0.0,False,False,3,False
57.729537034,1099,57,779537035,map,14.646544456481934,-0.1520422101020813,-1.8281364440917969,-6.866453077236656e-06,0.0,0.0,0.0,-0.0006537663248329114,0.00039328201017325265,0.7029258484308188,0.7112627289030872,0,0,0,,0.400945782661438,-0.002392500638961792,0.0,False,False,3,False
57.829537035,1100,57,829537035,map,14.552398681640625,0.31566470861434937,-1.886749267578125,1.2779237295035273e-05,0.0,0.0,0.0,-0.0007362817385838283,0.0004094897465557692,0.7028317392510086,0.7113556329352788,0,0,0,,0.3542771339416504,0.004333436489105225,0.0,False,False,3,False
57.879537036,1101,57,879537036,map,14.45034122467041,0.06982237100601196,-2.0421791076660156,-7.438661668857094e-06,0.0,0.0,0.0,-0.0008051902528411039,0.0004336592358137631,0.7026748478956135,0.7115105211753374,0,0,0,,0.2963235378265381,0.0016738176345825195,0.0,False,False,3,False
57.929537037,1102,57,929537037,map,14.336715698242188,-0.6292596459388733,-2.2653579711914062,2.6512148906476796e-05,0.0,0.0,0.0,-0.0006972609106917081,0.0006599510818747429,0.7027884508881255,0.7113982510451237,0,0,0,,0.25377964973449707,-0.009806722402572632,0.0,False,False,3,False
57.929537037,1103,57,979537038,map,14.209785461425781,0.016304850578308105,-2.538928985595703,-2.9182432626839727e-05,0.0,0.0,0.0,-0.0006998864476274722,0.0008198535918441076,0.7030266288782219,0.7111627078855943,0,0,0,,0.19621992111206055,-0.0015385448932647705,0.0,False,False,3,False
58.029537038,1104,58,29537038,map,14.073165893554688,0.3552684187889099,-2.7366065979003906,-4.9591064453125e-05,0.0,0.0,0.0,-0.0008880225300129648,0.0008334245424668118,0.7030668606286749,0.7111227083318726,0,0,0,,0.2525496482849121,0.0054457783699035645,0.0,False,False,3,False
58.029537038,1105,58,79537039,map,13.935815811157227,-0.1787400245666504,-2.745075225830078,-3.2615658710710704e-05,0.0,0.0,0.0,-0.0009927635193610704,0.0009219817037766667,0.7030517441567548,0.7111374054347567,0,0,0,,0.2874941825866699,-0.0013712942600250244,0.0,False,False,3,False
58.12953704,1106,58,129537040,map,13.8069486618042,-0.19341111183166504,-2.5753402709960938,2.1934505639364943e-05,0.0,0.0,0.0,-0.001004040991231537,0.0010465331891835801,0.7031208369270537,0.7110689033764389,0,0,0,,0.48976874351501465,-0.0025718212127685547,0.0,False,False,3,False
58.179537041,1107,58,179537041,map,13.706843376159668,-1.4373100996017456,-1.9901657104492188,-3.0517576306010596e-05,0.0,0.0,0.0,-0.0006465523402121783,0.001399587004219574,0.7037469969895299,0.710449004049205,0,0,0,,0.7400734424591064,-0.02331089973449707,0.0,False,False,3,False
58.179537041,1108,58,229537041,map,13.652240753173828,-0.7897422313690186,-1.0886192321777344,-9.5367431640625e-06,0.0,0.0,0.0,-0.00023296410125397016,0.0015844737143608102,0.7048382803890209,0.7093662197123739,0,0,0,,0.744774341583252,-0.016670197248458862,0.0,False,False,3,False
58.279537042,1109,58,279537042,map,13.63310432434082,-0.4112100601196289,-0.3818511962890625,0.0001241683930857107,0.0,0.0,0.0,7.333863219749362e-05,0.0014572304050200916,0.7059552074942598,0.7082549795890801,0,0,0,,0.7261708974838257,-0.009581714868545532,0.0,False,False,3,False
58.329537043,1110,58,329537043,map,13.63341236114502,0.1178622618317604,0.005970001220703125,0.00014972686767578125,0.0,0.0,0.0,0.00021148074162559086,0.0010616577926521869,0.7067264296844994,0.7074861000359143,0,0,0,,0.6497946977615356,0.0010412931442260742,0.0,False,False,3,False
58.379537044,1111,58,379537044,map,13.636178016662598,-0.028017237782478333,0.055370330810546875,5.283354767016135e-05,0.0,0.0,0.0,0.00030645876813272324,0.0006498879454184608,0.7071188640729061,0.7070943330284332,0,0,0,,0.5562952756881714,0.0019766688346862793,0.0,False,False,3,False
58.429537044,1112,58,429537044,map,13.638340950012207,-0.661793053150177,0.04360198974609375,-0.00023212432279251516,0.0,0.0,0.0,0.000533519866758074,0.0004767535334586281,0.7074938291263836,0.7067191590799755,0,0,0,,0.6415026187896729,-0.0069991350173950195,0.0,False,False,3,False
58.479537045,1113,58,479537045,map,13.652061462402344,-0.02263816073536873,0.27439117431640625,-0.0001531600864836946,0.0,0.0,0.0,0.0006585666159768166,0.0002752552593342022,0.7077874368092288,0.7064251091372507,0,0,0,,0.7313791513442993,0.0008941292762756348,0.0,False,False,3,False
58.479537045,1114,58,529537046,map,13.682538032531738,0.28771376609802246,0.609588623046875,-8.373260061489418e-05,0.0,0.0,0.0,0.0006460192853399125,-4.765172724692832e-05,0.7077824559413416,0.7064301631796583,0,0,0,,0.7580642700195312,0.0066329240798950195,0.0,False,False,3,False
58.529537046,1115,58,579537047,map,13.72921371459961,0.28525510430336,0.9333038330078125,-3.6430355976335704e-05,0.0,0.0,0.0,0.0006178248623825992,-0.00039433519466401006,0.7074956674673222,0.7067173008404151,0,0,0,,0.7934187650680542,0.007609963417053223,0.0,False,False,3,False
58.629537047,1116,58,629537047,map,13.786556243896484,0.5334045886993408,1.1456298828125,-0.00010547637066338211,0.0,0.0,0.0,0.0005648214962376938,-0.00076739136450315,0.7069360616107115,0.7072768177181461,0,0,0,,0.7367539405822754,0.01129370927810669,0.0,False,False,3,False
58.679537048,1117,58,679537048,map,13.844401359558105,0.38874849677085876,1.1553764343261719,-7.438658940372989e-05,0.0,0.0,0.0,0.0005419743360518918,-0.0010678823279958419,0.7062187442959666,0.7079926914143823,0,0,0,,0.6842217445373535,0.009024620056152344,0.0,False,False,3,False
58.729537049,1118,58,729537049,map,13.89304256439209,0.8335946798324585,0.9677505493164062,-9.937288268702105e-05,0.0,0.0,0.0,0.00042447987187580567,-0.0013725223169407537,0.7052979248102842,0.7089095663465367,0,0,0,,0.599750280380249,0.014754235744476318,0.0,False,False,3,False
58.77953705,1119,58,779537050,map,13.922734260559082,0.781508207321167,0.5868148803710938,1.9645704014692456e-05,0.0,0.0,0.0,0.00024916557351753433,-0.0016028609760347329,0.7041906267836104,0.7100091055073267,0,0,0,,0.49584126472473145,0.014130830764770508,0.0,False,False,3,False
58.82953705,1120,58,829537050,map,13.924041748046875,0.9355595707893372,0.01483917236328125,7.171631295932457e-05,0.0,0.0,0.0,7.352449346227944e-07,-0.0017423662447169112,0.7029367351762721,0.7112502446390105,0,0,0,,0.3829481601715088,0.01586836576461792,0.0,False,False,3,False
58.879537051,1121,58,879537051,map,13.89673900604248,0.8738559484481812,-0.559539794921875,0.00014839170034974813,0.0,0.0,0.0,-0.00028786368564896227,-0.0017588963134594086,0.701601956005382,0.7125668521252438,0,0,0,,0.37871575355529785,0.014612793922424316,0.0,False,False,3,False
58.879537051,1122,58,929537052,map,13.85424518585205,0.1953732967376709,-0.8533859252929688,0.0003032684326171875,0.0,0.0,0.0,-0.00041865272784311514,-0.0015275778522750515,0.7005190553080243,0.7136319390176927,0,0,0,,0.4685145616531372,0.0031568408012390137,0.0,False,False,3,False
58.979537053,1123,58,979537053,map,13.812244415283203,-0.018854737281799316,-0.8398056030273438,0.0002792358282022178,0.0,0.0,0.0,-0.00040198835820843187,-0.0011673502983356387,0.6999004339297329,0.7142393564370508,0,0,0,,0.5489931106567383,-0.0030650794506073,0.0,False,False,3,False
59.029537053,1124,59,29537053,map,13.783136367797852,-0.23388594388961792,-0.5782127380371094,0.00020656586275435984,0.0,0.0,0.0,-0.0002701079609426098,-0.0007970955333480121,0.6997786336407587,0.7143592622625349,0,0,0,,0.6928368806838989,-0.008263051509857178,0.0,False,False,3,False
59.079537054,1125,59,79537054,map,13.764917373657227,0.7703855633735657,-0.37853240966796875,-0.00013732907245866954,0.0,0.0,0.0,-0.00032401891809604106,-0.0007493621378072098,0.6996651002693071,0.714470489896726,0,0,0,,0.45894360542297363,0.006375491619110107,0.0,False,False,3,False
59.129537055,1126,59,129537055,map,13.722956657409668,0.7376855611801147,-0.8549308776855469,-0.00017833709716796875,0.0,0.0,0.0,-0.0005014011673264143,-0.0008352447840046045,0.6992704555439144,0.714856545725383,0,0,0,,0.051660776138305664,0.00974816083908081,0.0,False,False,3,False
59.129537055,1127,59,179537056,map,13.600136756896973,0.5914109945297241,-2.4710655212402344,-0.0001430511474609375,0.0,0.0,0.0,-0.0007718991741139359,-0.0007773449738828319,0.6986538651747345,0.7154589971360068,0,0,0,,0.0,0.010304749011993408,0.2811685800552368,False,False,3,False
59.229537056,1128,59,229537056,map,13.378129005432129,-0.19147098064422607,-4.436779022216797,3.585815284168348e-05,0.0,0.0,0.0,-0.001050563551017715,-0.00028943346352512726,0.6981638234059458,0.7159372096990677,0,0,0,,0.0,-0.0009743571281433105,0.5399153232574463,False,False,3,False
59.279537057,1129,59,279537057,map,13.096359252929688,-0.5514049530029297,-5.623893737792969,-8.373260061489418e-05,0.0,0.0,0.0,-0.0013319476222676296,0.0005268959325722698,0.6980746166207926,0.7160235875485816,0,0,0,,0.0,-0.008894681930541992,0.5730323791503906,False,False,3,False
59.279537057,1130,59,329537058,map,12.791282653808594,-0.6729763746261597,-6.0882568359375,-0.00040836335392668843,0.0,0.0,0.0,-0.0016028168237382128,0.0014056407597257752,0.6984211831413796,0.7156838031503016,0,0,0,,0.0,-0.013062834739685059,0.5937867164611816,False,False,3,False
59.379537058,1131,59,379537058,map,12.474899291992188,-0.28846561908721924,-6.323070526123047,-0.0005395889165811241,0.0,0.0,0.0,-0.0019497704201661605,0.002091256621150462,0.6989562438474487,0.7151587196054586,0,0,0,,0.0,-0.007458746433258057,0.5895512700080872,False,False,3,False
59.429537059,1132,59,429537059,map,12.269168853759766,0.09681463241577148,-4.117488861083984,-9.326933650299907e-05,0.0,0.0,0.0,-0.0022388014516019697,0.0023721422868866666,0.6993697499348812,0.714752624049085,0,0,0,,0.0,-0.00016543269157409668,0.5421410799026489,False,False,3,False
59.429537059,1133,59,479537060,map,12.12847900390625,-0.1719456911087036,-2.810821533203125,0.0008781433571130037,0.0,0.0,0.0,-0.0021522900970830632,0.0022862096571739238,0.6996726151349134,0.7144566974442977,0,0,0,,0.0,-0.0023825764656066895,0.4839588403701782,False,False,0,False
59.529537061,1134,59,529537061,map,11.81112003326416,0.15350282192230225,-6.351833343505859,0.0006019592401571572,0.0,0.0,0.0,-0.0021668245449753963,0.002156090611156813,0.6997655807998217,0.7143660042811081,0,0,0,,0.0,0.005030155181884766,0.40558815002441406,False,False,0,False
59.579537061,1135,59,579537061,map,11.275887489318848,-0.789743959903717,-10.690727233886719,-0.001473236014135182,0.0,0.0,0.0,-0.0027111225144306104,0.0029250623044445767,0.6999469706499086,0.7141836823277626,0,0,0,,0.0,-0.010578393936157227,0.017521381378173828,False,False,2,False
59.579537061,1136,59,629537062,map,10.815302848815918,0.3263619542121887,-9.220256805419922,-0.0016378401778638363,0.0,0.0,0.0,-0.003474055234194019,0.003566813193510438,0.6999826355988672,0.7141425058375506,0,0,0,,0.39126884937286377,0.009290754795074463,0.0,False,False,2,False
59.679537063,1137,59,679537063,map,10.419644355773926,-2.4431605339050293,-7.874755859375,-0.0005836487980559468,0.0,0.0,0.0,-0.0034467510902660412,0.004518295806443196,0.7007432698777525,0.7133908988983265,0,0,0,,0.673795223236084,-0.04345855116844177,0.0,False,False,2,False
59.679537063,1138,59,729537064,map,10.116644859313965,0.15957385301589966,-6.062164306640625,0.0009122848859988153,0.0,0.0,0.0,-0.003445978727810121,0.004759958727714274,0.701725699924053,0.7124229853742899,0,0,0,,0.7670658826828003,-0.005136936902999878,0.0,False,False,2,False
59.779537064,1139,59,779537064,map,9.913437843322754,0.053314417600631714,-4.065055847167969,0.002227210905402899,0.0,0.0,0.0,-0.0033568706859858667,0.004371999088554387,0.7023328184444322,0.7118273872077888,0,0,0,,0.8210959434509277,-0.0012272298336029053,0.0,False,False,2,False
59.829537065,1140,59,829537065,map,9.78493881225586,1.640458345413208,-2.5974273681640625,0.0022861480247229338,0.0,0.0,0.0,-0.0033919404658781867,0.0033187616845967243,0.702013144329072,0.7121481768213452,0,0,0,,0.6418269872665405,0.028681814670562744,0.0,False,False,2,False
59.879537066,1141,59,879537066,map,9.671956062316895,4.866489887237549,-2.423858642578125,0.00048522939323447645,0.0,0.0,0.0,-0.004147853439451089,0.0014017331837816935,0.6995793160899065,0.714541538999032,0,0,0,,0.013205528259277344,0.11463087797164917,0.0,False,False,2,False
59.929537067,1142,59,929537067,map,9.500795364379883,3.518080234527588,-3.6252975463867188,-0.0026556013617664576,0.0,0.0,0.0,-0.005065515106602424,-0.000347344964830687,0.6949202834472009,0.719068855925385,0,0,0,,0.0,0.10048341751098633,0.41578859090805054,False,False,2,False
59.979537067,1143,59,979537067,map,9.238051414489746,2.462054491043091,-5.449390411376953,-0.0019922256469726562,0.0,0.0,0.0,-0.005623981401827816,-0.001097156993593508,0.6894977692471547,0.7242651401820475,0,0,0,,0.0,0.08998829126358032,0.47301924228668213,False,False,2,False
60.029537068,1144,60,29537068,map,8.94445514678955,2.2488021850585938,-6.094264984130859,-0.0006156921153888106,0.0,0.0,0.0,-0.006037041224273723,-0.0012197825877774547,0.6839074067322674,0.7295428193604814,0,0,0,,0.0,0.08754932880401611,0.43661201000213623,False,False,2,False
60.079537069,1145,60,79537069,map,8.671753883361816,2.786632776260376,-5.780029296875,-0.00029773713322356343,0.0,0.0,0.0,-0.006509935315141059,-0.001259817553201364,0.6780942000994303,0.7349450927745822,0,0,0,,0.0,0.09927910566329956,0.10800588130950928,False,False,2,False
60.079537069,1146,60,129537070,map,8.440150260925293,0.2438044548034668,-4.693088531494141,0.002018737606704235,0.0,0.0,0.0,-0.006235686036947884,-0.0008012399578863306,0.6730793114536164,0.7395435854142094,0,0,0,,0.640692949295044,0.052881479263305664,0.0,False,False,2,False
60.17953707,1147,60,179537070,map,8.246794700622559,-0.8491182327270508,-3.7932395935058594,0.0033334733452647924,0.0,0.0,0.0,-0.005283697433209806,1.8361965350575677e-05,0.6697416097244424,0.742575422706667,0,0,0,,0.9316449165344238,0.01812368631362915,0.0,False,False,2,False
60.229537071,1148,60,229537071,map,8.104833602905273,-1.5320026874542236,-2.682514190673828,0.002063941676169634,0.0,0.0,0.0,-0.003959175759828003,0.0008603403177558434,0.6682479077744362,0.7439276298786925,0,0,0,,0.9672154188156128,-0.009903639554977417,0.0,False,False,2,False
60.279537072,1149,60,279537072,map,8.087193489074707,1.225351095199585,-0.49549102783203125,-0.00043716427171602845,0.0,0.0,0.0,-0.003188965104712495,0.0007879688443172025,0.6671550156660581,0.7449116690442453,0,0,0,,0.9765688180923462,0.02190500497817993,0.0,False,False,2,False
60.329537073,1150,60,329537073,map,8.090973854064941,0.66131591796875,-0.003604888916015625,-0.00087146763689816,0.0,0.0,0.0,-0.002547684075750362,0.0002849472083970605,0.6659469818620489,0.745994668519666,0,0,0,,0.9751098155975342,0.019274592399597168,0.0,False,False,2,False
60.379537073,1151,60,379537073,map,8.2127046585083,1.6759467124938965,2.241363525390625,-0.0011644362239167094,0.0,0.0,0.0,-0.002037939173219072,-0.0005393102424371866,0.6643256542227807,0.7474402859692961,0,0,0,,0.9711236953735352,0.033272743225097656,0.0,False,False,2,False
60.429537074,1152,60,429537074,map,8.305445671081543,1.8286776542663574,1.6229057312011719,-0.0014383316738530993,0.0,0.0,0.0,-0.0016915853622604712,-0.0014624532381212164,0.662180657364644,0.7493408949080628,0,0,0,,0.9622454643249512,0.04199641942977905,0.0,False,False,2,False
60.479537075,1153,60,479537075,map,8.491259574890137,2.0877933502197266,3.4510421752929688,-0.0012716292403638363,0.0,0.0,0.0,-0.0013798965309413248,-0.0023517992934880233,0.6595274350342625,0.751675546604234,0,0,0,,0.9627547264099121,0.04617398977279663,0.0,False,False,2,False
60.529537076,1154,60,529537076,map,8.631911277770996,2.2231411933898926,2.500152587890625,-0.001071929931640625,0.0,0.0,0.0,-0.0011862772342061765,-0.003131472507002456,0.6564242811426081,0.754384484034946,0,0,0,,0.9515988826751709,0.0522807240486145,0.0,False,False,2,False
60.579537076,1155,60,579537076,map,8.841771125793457,2.4059057235717773,3.854217529296875,-0.0006038665305823088,0.0,0.0,0.0,-0.0010287545186020723,-0.003791468501444921,0.6529678613903664,0.7573754276592514,0,0,0,,0.948932409286499,0.05359458923339844,0.0,False,False,2,False
60.629537077,1156,60,629537077,map,9.007046699523926,2.63106107711792,2.889690399169922,-0.0002546311588957906,0.0,0.0,0.0,-0.0010092349342873772,-0.004353731365083989,0.6491378826158902,0.7606576337755422,0,0,0,,0.9355933666229248,0.05967831611633301,0.0,False,False,2,False
60.679537078,1157,60,679537078,map,9.222467422485352,2.6265764236450195,3.8881874084472656,1.2207019608467817e-05,0.0,0.0,0.0,-0.000985940263741111,-0.004786040989458893,0.6450716087973498,0.7641064986355256,0,0,0,,0.9350498914718628,0.05733674764633179,0.0,False,False,2,False
60.729537079,1158,60,729537079,map,9.399998664855957,2.7870821952819824,3.0629539489746094,0.0003114702121820301,0.0,0.0,0.0,-0.0010412904738461072,-0.005125164463839496,0.6407914480045886,0.7676971854628296,0,0,0,,0.9115822315216064,0.06059199571609497,0.0,False,False,2,False
60.729537079,1159,60,779537079,map,9.608470916748047,2.8509974479675293,3.6580657958984375,0.00034885393688455224,0.0,0.0,0.0,-0.0011036877438217615,-0.0053799874286520255,0.6363722258756628,0.7713625786507187,0,0,0,,0.9069262742996216,0.05887901782989502,0.0,False,False,2,False
60.82953708,1160,60,829537080,map,9.791980743408203,2.1686601638793945,3.2792282104492188,0.0008993148803710938,0.0,0.0,0.0,-0.0010021535572263861,-0.005406972246375795,0.6321666839044402,0.7748129090952464,0,0,0,,0.9186103343963623,0.04643982648849487,0.0,False,False,2,False
60.82953708,1161,60,879537081,map,9.992901802062988,2.77313232421875,3.485279083251953,0.0005355834728106856,0.0,0.0,0.0,-0.000966782266352367,-0.0054444387568175785,0.6281068129866204,0.7781074828701131,0,0,0,,0.9061826467514038,0.050515174865722656,0.0,False,False,2,False
60.929537082,1162,60,929537082,map,10.176356315612793,3.0572938919067383,3.036975860595703,5.817411874886602e-05,0.0,0.0,0.0,-0.0011015393434052026,-0.005561067598853627,0.6239024353741769,0.7814816775026826,0,0,0,,0.9004194736480713,0.055447280406951904,0.0,False,False,2,False
60.979537082,1163,60,979537082,map,10.367704391479492,2.953472137451172,3.2013702392578125,-5.702971975551918e-05,0.0,0.0,0.0,-0.0012387389368710244,-0.005652379060580241,0.6195928857378473,0.7849020143176144,0,0,0,,0.9023025035858154,0.05275231599807739,0.0,False,False,2,False
61.029537083,1164,61,29537083,map,10.552872657775879,2.80672550201416,3.0915451049804688,0.00017623900203034282,0.0,0.0,0.0,-0.0013050145201239124,-0.005667875208014911,0.615326277720969,0.7882510666493167,0,0,0,,0.9157352447509766,0.048669636249542236,0.0,False,False,2,False
61.079537084,1165,61,79537084,map,10.738362312316895,3.5570192337036133,2.8707313537597656,-0.0001672744838288054,0.0,0.0,0.0,-0.0015344629263732844,-0.005797019136941256,0.6108415601362679,0.7917301487267892,0,0,0,,0.9072654247283936,0.05908471345901489,0.0,False,False,2,False
61.129537085,1166,61,129537085,map,10.760287284851074,2.071042060852051,-0.1367950439453125,0.00042724609375,0.0,0.0,0.0,-0.001829473007457161,-0.005584288282459583,0.6063161746103376,0.7952019650118957,0,0,0,,0.9202220439910889,0.05045729875564575,0.0,False,False,2,False
61.179537085,1167,61,179537085,map,10.74392318725586,1.5183019638061523,-0.7901573181152344,0.001396560575813055,0.0,0.0,0.0,-0.0021096651623155227,-0.004975872422976047,0.6021098538280606,0.7983949611124087,0,0,0,,0.9210734367370605,0.04158592224121094,0.0,False,False,0,False
61.229537086,1168,61,229537086,map,10.995009422302246,3.4447717666625977,4.19921875,0.00027122499886900187,0.0,0.0,0.0,-0.0022029697634984103,-0.004741439826325758,0.5980877815180953,0.8014135457249006,0,0,0,,0.9219498634338379,0.04389530420303345,0.0,False,False,0,False
61.279537087,1169,61,279537087,map,11.364215850830078,3.8401317596435547,6.532955169677734,-0.0013566970592364669,0.0,0.0,0.0,-0.0017362642899799122,-0.005225041842574132,0.5942494048425255,0.8042619779452234,0,0,0,,0.9285488128662109,0.03708130121231079,0.0,False,False,3,False
61.279537087,1170,61,329537088,map,11.689600944519043,3.822307586669922,5.6036376953125,-0.001327896025031805,0.0,0.0,0.0,-0.0012547143744747148,-0.005795286971904403,0.5905701419822995,0.8069645269401612,0,0,0,,0.924882173538208,0.038392722606658936,0.0,False,False,3,False
61.379537088,1171,61,379537088,map,11.977171897888184,3.8650035858154297,4.775028228759766,-0.000976943876594305,0.0,0.0,0.0,-0.0010100077543575645,-0.006253664740678682,0.586846618894238,0.8096733399674517,0,0,0,,0.9004741907119751,0.04165756702423096,0.0,False,False,3,False
61.429537089,1172,61,429537089,map,12.229326248168945,3.702530860900879,4.061470031738281,-0.00019912724383175373,0.0,0.0,0.0,-0.0009731837310516292,-0.0065162639610080635,0.5830081615559843,0.8124395822315204,0,0,0,,0.8129582405090332,0.04184538125991821,0.0,False,False,3,False
61.47953709,1173,61,479537090,map,12.43958568572998,4.177694320678711,2.9798316955566406,0.00021095271222293377,0.0,0.0,0.0,-0.0012890231702045191,-0.0067085675854732536,0.5787477074942103,0.8154780344131985,0,0,0,,0.7209160327911377,0.05375790596008301,0.0,False,False,3,False
61.529537091,1174,61,529537091,map,12.601673126220703,3.944721221923828,2.0017623901367188,0.0002004623820539564,0.0,0.0,0.0,-0.0018100893794540849,-0.006772633274468513,0.5739584589489634,0.8188544085586272,0,0,0,,0.43083107471466064,0.05625039339065552,0.0,False,False,3,False
61.579537091,1175,61,579537091,map,12.694750785827637,3.224611282348633,0.7626533508300781,0.0009420394781045616,0.0,0.0,0.0,-0.0023335571765986003,-0.006566671379636243,0.568914419336068,0.8223672031455289,0,0,0,,0.2948148250579834,0.05142402648925781,0.0,False,False,3,False
61.629537092,1176,61,629537092,map,12.714126586914062,1.988363265991211,-0.3632926940917969,0.0018795011565089226,0.0,0.0,0.0,-0.0026571431797555636,-0.005974934359671043,0.5641679765621337,0.8256341405073482,0,0,0,,0.026569366455078125,0.0367545485496521,0.0,False,False,3,False
61.679537093,1177,61,679537093,map,12.634101867675781,1.9916057586669922,-2.5279998779296875,0.001140594482421875,0.0,0.0,0.0,-0.003193284925551724,-0.0052576265205960294,0.5595621326598004,0.8287655760152989,0,0,0,,0.0,0.0462721586227417,0.1439838409423828,False,False,3,False
61.729537094,1178,61,729537094,map,12.492026329040527,0.8167743682861328,-3.4137916564941406,0.000697708164807409,0.0,0.0,0.0,-0.003689673330366404,-0.004328908209160397,0.5552137432570121,0.8316882505861007,0,0,0,,0.0,0.03486758470535278,0.15670913457870483,False,False,3,False
61.779537094,1179,61,779537094,map,12.31723690032959,0.0362396240234375,-3.8103675842285156,0.000509071396663785,0.0,0.0,0.0,-0.003945059862000966,-0.0032575398732431955,0.5515063402425485,0.8341550105399654,0,0,0,,0.0,0.023257911205291748,0.15073943138122559,False,False,3,False
61.779537094,1180,61,829537095,map,12.15122127532959,-1.1502361297607422,-3.1191253662109375,0.0006736753857694566,0.0,0.0,0.0,-0.003688706231899707,-0.0020529999031968114,0.5490573436601971,0.8357740197030177,0,0,0,,0.17032372951507568,-0.0025078654289245605,0.0,False,False,3,False
61.829537095,1181,61,879537096,map,11.997479438781738,0.057506561279296875,-3.3722305297851562,-0.0005758285988122225,0.0,0.0,0.0,-0.003560656799885607,-0.0012404808352475954,0.5473466802629304,0.8368974814967483,0,0,0,,0.2690911293029785,0.012023508548736572,0.0,False,False,3,False
61.879537096,1182,61,929537096,map,11.861238479614258,-0.9695816040039062,-2.549571990966797,-0.0007312773959711194,0.0,0.0,0.0,-0.0032101097864404154,-0.0005679764829144042,0.5463406598430381,0.8375567180795266,0,0,0,,0.38593363761901855,-0.00555044412612915,0.0,False,False,3,False
61.979537097,1183,61,979537097,map,11.752105712890625,-0.6256961822509766,-2.1080589294433594,-0.0005561828147619963,0.0,0.0,0.0,-0.002754553559973805,-9.003167773038285e-05,0.545993976788433,0.8377845675588294,0,0,0,,0.5953481197357178,-0.00495302677154541,0.0,False,False,3,False
62.029537098,1184,62,29537098,map,11.679377555847168,-0.37479400634765625,-1.4234733581542969,-0.0005840301746502519,0.0,0.0,0.0,-0.002295930078087559,0.00014175217826317872,0.5460001548235947,0.837781916457981,0,0,0,,0.599894642829895,-0.004321277141571045,0.0,False,False,3,False
62.079537099,1185,62,79537099,map,11.634737968444824,0.08495330810546875,-1.0119247436523438,-0.0005773543380200863,0.0,0.0,0.0,-0.0019307420901918326,0.00012762921358977811,0.5460250048949042,0.8377666441051975,0,0,0,,0.6091386079788208,0.0016853809356689453,0.0,False,False,3,False
62.129537099,1186,62,129537099,map,11.613147735595703,0.3317070007324219,-0.6181144714355469,-0.00044956206693314016,0.0,0.0,0.0,-0.0016483115406528265,-4.687260921716358e-05,0.5458470170922086,0.8378832345879477,0,0,0,,0.6530883312225342,0.005835592746734619,0.0,False,False,3,False
62.1795371,1187,62,179537100,map,11.609719276428223,1.1566352844238281,-0.5904006958007812,-0.0004709243949037045,0.0,0.0,0.0,-0.0016144652073717043,-0.00042679047329772694,0.5450784503227094,0.83838338148235,0,0,0,,0.6502481698989868,0.02034294605255127,0.0,False,False,3,False
62.229537101,1188,62,229537101,map,11.617905616760254,1.029653549194336,-0.2853584289550781,-0.0003986358642578125,0.0,0.0,0.0,-0.0016150812242638837,-0.0008210369885340746,0.5437390702606381,0.839252370198023,0,0,0,,0.6233716011047363,0.020938098430633545,0.0,False,False,3,False
62.279537102,1189,62,279537102,map,11.63618278503418,2.0652008056640625,-0.547332763671875,-0.0005020141834393144,0.0,0.0,0.0,-0.0018820748330071987,-0.0013419916463140653,0.5415611380334956,0.8406581889356752,0,0,0,,0.7588362693786621,0.03934413194656372,0.0,False,False,3,False
62.279537102,1190,62,329537102,map,11.670207977294922,2.561502456665039,-0.4563140869140625,-0.0007257461547851562,0.0,0.0,0.0,-0.0023455234535085115,-0.0019599239858836977,0.5383241271215812,0.8427323367336074,0,0,0,,0.7164434194564819,0.05045437812805176,0.0,False,False,3,False
62.379537103,1191,62,379537103,map,11.708833694458008,3.4107017517089844,-0.8033943176269531,-0.001155853271484375,0.0,0.0,0.0,-0.003050189874763881,-0.002677067876589825,0.5338200604146739,0.8455883589242381,0,0,0,,0.6947181224822998,0.0689704418182373,0.0,False,False,3,False
62.379537103,1192,62,429537104,map,11.744153022766113,4.258584976196289,-1.3726615905761719,-0.0016296387184411287,0.0,0.0,0.0,-0.004051725888904233,-0.003487029243203626,0.5277448233494477,0.849386146327004,0,0,0,,0.6480565071105957,0.09072571992874146,0.0,False,False,3,False
62.479537105,1193,62,479537105,map,11.781608581542969,3.802003860473633,-1.1704063415527344,-0.001157760270871222,0.0,0.0,0.0,-0.004888605120860242,-0.0041038184510105045,0.5205593044215804,0.8538016577602867,0,0,0,,0.6587632894515991,0.08553141355514526,0.0,False,False,3,False
62.529537105,1194,62,529537105,map,11.82741928100586,3.4792709350585938,-0.8714485168457031,0.0005243299528956413,0.0,0.0,0.0,-0.005356652448680192,-0.004444803889093039,0.5130447533111832,0.858333636235234,0,0,0,,0.7865698337554932,0.07544386386871338,0.0,False,False,3,False
62.579537106000004,1195,62,579537106,map,11.878242492675781,4.503908157348633,-1.4116859436035156,0.00022430409444496036,0.0,0.0,0.0,-0.005939149752712303,-0.004826276404780743,0.5050538238509584,0.8630539198507847,0,0,0,,0.7228491306304932,0.09074658155441284,0.0,False,False,3,False
62.629537107,1196,62,629537107,map,11.932580947875977,4.012861251831055,-1.1335182189941406,0.00044403073843568563,0.0,0.0,0.0,-0.006378340982453048,-0.005100080566718988,0.4967921431104673,0.8678311313200475,0,0,0,,0.6693724393844604,0.08086562156677246,0.0,False,False,3,False
62.629537107,1197,62,679537108,map,11.985796928405762,3.6908435821533203,-1.0365867614746094,0.0014823913807049394,0.0,0.0,0.0,-0.006552830965087436,-0.005192858318680158,0.4887516935033699,0.8723828727837412,0,0,0,,0.6861273050308228,0.07123637199401855,0.0,False,False,3,False
62.729537108,1198,62,729537108,map,12.04008674621582,3.6975574493408203,-1.0825538635253906,0.0015630722045898438,0.0,0.0,0.0,-0.0066112230165112276,-0.005199347380003554,0.48107453129552524,0.8766393522172267,0,0,0,,0.7220965623855591,0.06716328859329224,0.0,False,False,3,False
62.779537109,1199,62,779537109,map,12.096894264221191,3.3809566497802734,-0.87677001953125,0.001580047537572682,0.0,0.0,0.0,-0.0065182806582793525,-0.0051215222590564,0.4739145214450886,0.8805318326957194,0,0,0,,0.6851345300674438,0.05771154165267944,0.0,False,False,3,False
62.82953711,1200,62,829537110,map,12.15262508392334,2.8212642669677734,-0.571136474609375,0.00174961076118052,0.0,0.0,0.0,-0.00618200979781699,-0.004914348151334605,0.46758745771830745,0.8839115347825467,0,0,0,,0.6700578927993774,0.04373824596405029,0.0,False,False,3,False
62.879537111,1201,62,879537111,map,12.208989143371582,2.1277236938476562,-0.10416030883789062,0.0019939423073083162,0.0,0.0,0.0,-0.005541935809385455,-0.004555052930674362,0.46247593239414775,0.8866028143404729,0,0,0,,0.7104945182800293,0.02613067626953125,0.0,False,False,3,False
62.929537111,1202,62,929537111,map,12.273611068725586,1.9472789764404297,0.20998001098632812,0.0012552258558571339,0.0,0.0,0.0,-0.0047678550387309036,-0.004156236457833977,0.4586394507594835,0.888599936677848,0,0,0,,0.841040849685669,0.016411423683166504,0.0,False,False,3,False
62.979537112,1203,62,979537112,map,12.353261947631836,1.9681358337402344,0.5540275573730469,1.792912371456623e-05,0.0,0.0,0.0,-0.004003606158685893,-0.003825055527411447,0.45585084564769596,0.8900389579171346,0,0,0,,0.8174682855606079,0.011318624019622803,0.0,False,False,3,False
63.029537113,1204,63,29537113,map,12.432211875915527,1.8084526062011719,0.6440925598144531,-0.0007595060742460191,0.0,0.0,0.0,-0.0033051076585337204,-0.003560190731708186,0.453840981450008,0.8910694500777214,0,0,0,,0.5976119041442871,0.008243322372436523,0.0,False,False,3,False
63.079537114,1205,63,79537114,map,12.487530708312988,1.854848861694336,0.01895904541015625,-0.0014019012451171875,0.0,0.0,0.0,-0.0028824790456587505,-0.003370404332494712,0.4521009179486099,0.8919557677817949,0,0,0,,0.5311510562896729,0.015524089336395264,0.0,False,False,3,False
63.129537114,1206,63,129537114,map,12.515071868896484,1.50970458984375,-0.4277610778808594,-0.001329612685367465,0.0,0.0,0.0,-0.0026791920266409537,-0.003175590310122131,0.4502882428517726,0.8928735833844171,0,0,0,,0.43353915214538574,0.018639326095581055,0.0,False,False,3,False
63.129537114,1207,63,179537115,map,12.517060279846191,1.0883522033691406,-0.7613563537597656,-0.0007936477195471525,0.0,0.0,0.0,-0.0025661180656538036,-0.002910536490388127,0.4483623389960569,0.8938434744324066,0,0,0,,0.4477522373199463,0.018999457359313965,0.0,False,False,3,False
63.229537116,1208,63,229537116,map,12.499056816101074,1.3953590393066406,-1.505584716796875,-0.0007305144099518657,0.0,0.0,0.0,-0.0027258638560691,-0.002705531781355711,0.4459809005090477,0.8950342374150596,0,0,0,,0.4147779941558838,0.031771183013916016,0.0,False,False,3,False
63.229537116,1209,63,279537117,map,12.460023880004883,1.2553119659423828,-1.9499015808105469,-0.0007925033569335938,0.0,0.0,0.0,-0.0030663645751829176,-0.0025426975021216555,0.4429383694777625,0.8965432130924231,0,0,0,,0.31993401050567627,0.03814888000488281,0.0,False,False,3,False
63.279537117,1210,63,329537117,map,12.400773048400879,0.9361839294433594,-2.2375869750976562,-0.0003477096906863153,0.0,0.0,0.0,-0.0034103074863582614,-0.0023467379733964756,0.4393796406958396,0.898291931370714,0,0,0,,0.31838512420654297,0.039295196533203125,0.0,False,False,3,False
63.379537118,1211,63,379537118,map,12.326136589050293,0.697174072265625,-2.463550567626953,-1.1443626135587692e-06,0.0,0.0,0.0,-0.0036963800024572453,-0.0021149974165283244,0.4355153327082435,0.9001712384523478,0,0,0,,0.2859121561050415,0.03910195827484131,0.0,False,False,3,False
63.429537119,1212,63,429537119,map,12.241708755493164,0.6208992004394531,-2.6769447326660156,3.5095217754133046e-05,0.0,0.0,0.0,-0.003954710523604445,-0.0018866493671363732,0.43145566632508514,0.9021234997575536,0,0,0,,0.3352022171020508,0.040099263191223145,0.0,False,False,3,False
63.429537119,1213,63,479537120,map,12.162772178649902,-0.3752422332763672,-1.7344093322753906,0.0009401320712640882,0.0,0.0,0.0,-0.003756088695171943,-0.0015077535948630626,0.42795361426711587,0.9037916366688309,0,0,0,,0.7037186622619629,0.01714158058166504,0.0,False,False,3,False
63.52953712,1214,63,529537120,map,12.118881225585938,0.10012626647949219,-1.2215805053710938,0.0009698867797851562,0.0,0.0,0.0,-0.003342541272749672,-0.0011863911587286467,0.4253020060422516,0.9050445423018114,0,0,0,,0.8432352542877197,0.012024998664855957,0.0,False,False,3,False
63.579537121,1215,63,579537121,map,12.122379302978516,0.9719657897949219,-0.7192039489746094,0.0001718521525617689,0.0,0.0,0.0,-0.0030091546504302145,-0.0011336241059330978,0.4231241009085875,0.9060660324253281,0,0,0,,0.8443405628204346,0.015163898468017578,0.0,False,False,3,False
63.629537122,1216,63,629537122,map,12.158939361572266,1.9596195220947266,-0.6981849670410156,-0.0006153107387945056,0.0,0.0,0.0,-0.0029609940368786774,-0.001397991560595804,0.42077400202947446,0.9071595875864454,0,0,0,,0.8348593711853027,0.027958214282989502,0.0,False,False,3,False
63.679537123,1217,63,679537123,map,12.2179536819458,2.372303009033203,-0.4821014404296875,-0.0008001326932571828,0.0,0.0,0.0,-0.0030713361795989733,-0.0018280784675779591,0.41790883574050275,0.9084819370979292,0,0,0,,0.8226923942565918,0.03452950716018677,0.0,False,False,3,False
63.679537123,1218,63,729537123,map,12.292091369628906,2.9581069946289062,-0.62042236328125,-0.0009658813360147178,0.0,0.0,0.0,-0.003348338914974802,-0.0023468585103186826,0.41429526317877907,0.9101333505532412,0,0,0,,0.8426790237426758,0.04582691192626953,0.0,False,False,3,False
63.729537123,1219,63,779537124,map,12.379955291748047,3.1365013122558594,-0.4494476318359375,-0.0008255004649981856,0.0,0.0,0.0,-0.0036476487855301464,-0.0028479683777178667,0.4099620816521115,0.9120908262568616,0,0,0,,0.8437836170196533,0.04878038167953491,0.0,False,False,3,False
63.829537125,1220,63,829537125,map,12.476046562194824,3.5674095153808594,-0.6621932983398438,-0.0006437301635742188,0.0,0.0,0.0,-0.004023582851262134,-0.0033290028735272177,0.4049104127574512,0.9143414494386097,0,0,0,,0.8407235145568848,0.05682981014251709,0.0,False,False,3,False
63.879537126,1221,63,879537126,map,12.57737922668457,3.7658119201660156,-0.7582664489746094,-0.0005161284934729338,0.0,0.0,0.0,-0.00444541328392976,-0.003762875533361583,0.39917091289194684,0.9168580377405573,0,0,0,,0.8211085796356201,0.060810983180999756,0.0,False,False,3,False
63.929537126,1222,63,929537126,map,12.680892944335938,3.888835906982422,-0.8762741088867188,-0.0003269195440225303,0.0,0.0,0.0,-0.00486451507998766,-0.004123070186359434,0.39287814461575554,0.9195684315310941,0,0,0,,0.8166459798812866,0.06294316053390503,0.0,False,False,3,False
63.979537127,1223,63,979537127,map,12.785843849182129,3.9447402954101562,-0.9560203552246094,0.0001468657865189016,0.0,0.0,0.0,-0.005244561615866212,-0.004400555260041914,0.3861987982857716,0.9223901657593095,0,0,0,,0.815826416015625,0.06293493509292603,0.0,False,False,3,False
63.979537127,1224,64,29537128,map,12.893484115600586,3.7606239318847656,-0.756072998046875,0.0005975723615847528,0.0,0.0,0.0,-0.0054615533593212594,-0.00456223602868845,0.3794693961589924,0.9251769208189597,0,0,0,,0.8202674388885498,0.056017279624938965,0.0,False,False,3,False
64.079537129,1225,64,79537129,map,13.00220012664795,3.901500701904297,-0.9300613403320312,0.0007564544212073088,0.0,0.0,0.0,-0.005634130192878567,-0.004670341185541732,0.3728060380251082,0.9278804354561,0,0,0,,0.832167387008667,0.05598360300064087,0.0,False,False,3,False
64.129537129,1226,64,129537129,map,13.11129093170166,4.04388427734375,-1.1375808715820312,0.00038337704609148204,0.0,0.0,0.0,-0.005855998451766909,-0.004770592144030502,0.3661080109514577,0.9305417094627707,0,0,0,,0.8165216445922852,0.05774790048599243,0.0,False,False,3,False
64.129537129,1227,64,179537130,map,13.222285270690918,3.5354042053222656,-0.5871009826660156,0.0008768081897869706,0.0,0.0,0.0,-0.0058305031680136055,-0.004759970708744018,0.35976173890609714,0.9330138472342845,0,0,0,,0.8017972707748413,0.04373466968536377,0.0,False,False,3,False
64.229537131,1228,64,229537131,map,13.324825286865234,3.8330650329589844,-1.2267303466796875,0.0005638122675009072,0.0,0.0,0.0,-0.005885193364622319,-0.004751835088975939,0.35363475547886714,0.9353530051695724,0,0,0,,0.736961841583252,0.05072063207626343,0.0,False,False,3,False
64.279537132,1229,64,279537132,map,13.413673400878906,3.5367774963378906,-1.3702964782714844,2.0980838598916307e-05,0.0,0.0,0.0,-0.005996582795174052,-0.004714298789612093,0.3475528038607969,0.9376293856904238,0,0,0,,0.6535894870758057,0.04904049634933472,0.0,False,False,3,False
64.329537132,1230,64,329537132,map,13.483601570129395,3.0046653747558594,-1.3881874084472656,0.0003995895094703883,0.0,0.0,0.0,-0.006001630538889979,-0.0045720017388868675,0.34170233650418863,0.9397779474208535,0,0,0,,0.5964930057525635,0.04266357421875,0.0,False,False,3,False
64.379537133,1231,64,379537133,map,13.540570259094238,2.4970436096191406,-1.2296485900878906,0.001036262372508645,0.0,0.0,0.0,-0.005821023514356311,-0.0043114924692789595,0.33636908295609186,0.9417023769478393,0,0,0,,0.6916141510009766,0.033516764640808105,0.0,False,False,3,False
64.379537133,1232,64,429537134,map,13.603116989135742,2.1823883056640625,-0.699462890625,0.0012697220081463456,0.0,0.0,0.0,-0.005394273979456133,-0.003979723831893666,0.3318835223170023,0.9432965552894362,0,0,0,,0.8772950172424316,0.021374106407165527,0.0,False,False,3,False
64.479537134,1233,64,479537134,map,13.689239501953125,2.646045684814453,-0.5464935302734375,0.0005168915959075093,0.0,0.0,0.0,-0.004963169271472155,-0.0037433678341466155,0.3281209248946643,0.9446152723698209,0,0,0,,0.9560164213180542,0.02141958475112915,0.0,False,False,3,False
64.529537135,1234,64,529537135,map,13.801036834716797,2.9796218872070312,-0.16513824462890625,-0.00029678340069949627,0.0,0.0,0.0,-0.004571329409767683,-0.003650392849834285,0.3248377183057582,0.9457516768927128,0,0,0,,0.9681726694107056,0.020131289958953857,0.0,False,False,3,False
64.579537136,1235,64,579537136,map,13.931507110595703,3.465404510498047,-0.20635604858398438,-0.0009683609823696315,0.0,0.0,0.0,-0.004330335472606863,-0.0037088543747992027,0.32167585219259115,0.9468326878124199,0,0,0,,0.9646766185760498,0.02614426612854004,0.0,False,False,3,False
64.629537137,1236,64,629537137,map,14.073413848876953,3.7307167053222656,-0.20870208740234375,-0.0011400223011150956,0.0,0.0,0.0,-0.004235315742930554,-0.003864877102140919,0.31832252827286195,0.9479651327024196,0,0,0,,0.9266605377197266,0.030870795249938965,0.0,False,False,3,False
64.679537137,1237,64,679537137,map,14.217394828796387,3.967876434326172,-0.49327850341796875,-0.0012081145541742444,0.0,0.0,0.0,-0.004314940638907537,-0.004070836003305691,0.31451186990301344,0.94923500423848,0,0,0,,0.8795294761657715,0.0385783314704895,0.0,False,False,3,False
64.729537138,1238,64,729537138,map,14.361681938171387,3.8159942626953125,-0.3196144104003906,-0.0006122589111328125,0.0,0.0,0.0,-0.0043799901903374995,-0.004231625282826564,0.3103333169119982,0.9506083007463145,0,0,0,,0.888427734375,0.03631925582885742,0.0,False,False,3,False
64.779537139,1239,64,779537139,map,14.506823539733887,4.187049865722656,-0.8480262756347656,-0.0006122589111328125,0.0,0.0,0.0,-0.004604120719686361,-0.0043972932642795315,0.30564734527401216,0.9521235036544867,0,0,0,,0.9416584968566895,0.04602980613708496,0.0,False,False,3,False
64.82953714,1240,64,829537140,map,14.660261154174805,4.134178161621094,-0.5404281616210938,-0.0002321242936886847,0.0,0.0,0.0,-0.004789346218152999,-0.004530461273303648,0.3005895973319511,0.9537307959058832,0,0,0,,0.9524936676025391,0.04164475202560425,0.0,False,False,3,False
64.87953714,1241,64,879537140,map,14.818732261657715,4.336719512939453,-0.7062911987304688,6.484988261945546e-05,0.0,0.0,0.0,-0.004966876693330931,-0.004651590437820699,0.29530399914969374,0.9553791084844329,0,0,0,,0.951470136642456,0.043460071086883545,0.0,False,False,3,False
64.87953714,1242,64,929537141,map,14.978824615478516,4.631481170654297,-1.1461830139160156,-0.0003370286140125245,0.0,0.0,0.0,-0.005291381785582414,-0.004801065199354527,0.289616427773136,0.9571161245197359,0,0,0,,0.9402670860290527,0.050276994705200195,0.0,False,False,3,False
64.979537142,1243,64,979537142,map,15.13905143737793,4.7757720947265625,-1.4402389526367188,-0.0005302429781295359,0.0,0.0,0.0,-0.005736764886054273,-0.004961914253113139,0.28340489358185866,0.958970351590414,0,0,0,,0.9293452501296997,0.05450916290283203,0.0,False,False,3,False
64.979537142,1244,65,29537143,map,15.29677963256836,4.583892822265625,-1.3188362121582031,-8.621194865554571e-05,0.0,0.0,0.0,-0.006083706113803706,-0.00506494444431634,0.27692426917039764,0.9608591384808378,0,0,0,,0.8564435243606567,0.049283385276794434,0.0,False,False,3,False
65.029537143,1245,65,79537143,map,15.443584442138672,4.543781280517578,-1.7505645751953125,0.00021343235857784748,0.0,0.0,0.0,-0.006424928115772585,-0.005116774595499428,0.27027582730069627,0.9627478985141282,0,0,0,,0.8401256799697876,0.05149322748184204,0.0,False,False,3,False
65.129537144,1246,65,129537144,map,15.583979606628418,4.389362335205078,-1.836404800415039,0.0003307341830804944,0.0,0.0,0.0,-0.0067302520824805735,-0.005113105502515543,0.2635449724487887,0.9646100804760407,0,0,0,,0.8739937543869019,0.04874640703201294,0.0,False,False,3,False
65.179537145,1247,65,179537145,map,15.723491668701172,4.434089660644531,-2.04254150390625,0.00037727353628724813,0.0,0.0,0.0,-0.007023691734978094,-0.005087036839467617,0.25678159795398714,0.96643054626952,0,0,0,,0.9187572002410889,0.04903441667556763,0.0,False,False,3,False
65.229537146,1248,65,229537146,map,15.866240501403809,4.490146636962891,-2.113475799560547,0.0002292632416356355,0.0,0.0,0.0,-0.007294931226224471,-0.005063020084063856,0.25000546490214814,0.9682037065231127,0,0,0,,0.9227131605148315,0.04804617166519165,0.0,False,False,3,False
65.279537146,1249,65,279537146,map,16.010417938232422,4.473991394042969,-2.1317195892333984,0.0002832412428688258,0.0,0.0,0.0,-0.007507264932431192,-0.005039386222338557,0.24329464350747568,0.9699102855420736,0,0,0,,0.8946231603622437,0.04580003023147583,0.0,False,False,3,False
65.279537146,1250,65,329537147,map,16.15178680419922,4.304084777832031,-2.0381641387939453,0.0005201339954510331,0.0,0.0,0.0,-0.0076022505740345305,-0.0049921086042899,0.23681211336270128,0.9715128962615903,0,0,0,,0.851654052734375,0.04075199365615845,0.0,False,False,3,False
65.379537148,1251,65,379537148,map,16.28342056274414,4.057884216308594,-2.0837020874023438,0.0008470535394735634,0.0,0.0,0.0,-0.007603852600509158,-0.004906804377436171,0.2306725955972335,0.9729893413274715,0,0,0,,0.7842907905578613,0.0371132493019104,0.0,False,False,3,False
65.429537149,1252,65,429537149,map,16.39811897277832,3.568859100341797,-1.9583511352539062,0.0009925842750817537,0.0,0.0,0.0,-0.007468905134977563,-0.004750517628479304,0.22504004537911834,0.9743093071576966,0,0,0,,0.6948401927947998,0.029884517192840576,0.0,False,False,3,False
65.429537149,1253,65,479537149,map,16.494108200073242,3.3809661865234375,-2.504243850708008,0.00041255945689044893,0.0,0.0,0.0,-0.007430096576145328,-0.004559421400701369,0.21969805150134203,0.9755289701017975,0,0,0,,0.7734133005142212,0.03488415479660034,0.0,False,False,3,False
65.52953715,1254,65,529537150,map,16.580764770507812,3.3001136779785156,-2.868375778198242,-0.0004638671816792339,0.0,0.0,0.0,-0.007563494467182995,-0.004378054806339508,0.21426511419724706,0.9767364470652247,0,0,0,,0.7457917928695679,0.04035365581512451,0.0,False,False,3,False
65.52953715,1255,65,579537151,map,16.66421890258789,3.2241439819335938,-2.9724884033203125,-0.0007616042857989669,0.0,0.0,0.0,-0.007763299803631953,-0.004209154630169597,0.2085883376266086,0.9779636596518432,0,0,0,,0.8545397520065308,0.04239380359649658,0.0,False,False,3,False
65.629537152,1256,65,629537152,map,16.754745483398438,3.435840606689453,-3.2223987579345703,-0.0008359909406863153,0.0,0.0,0.0,-0.00804077949629897,-0.004095228080088244,0.20252511076767493,0.9792354949043692,0,0,0,,0.8798754215240479,0.04784238338470459,0.0,False,False,3,False
65.679537152,1257,65,679537152,map,16.85456085205078,3.7529754638671875,-3.635883331298828,-0.001256752060726285,0.0,0.0,0.0,-0.008469544428829634,-0.004065328016889608,0.19582891315137074,0.980593073960466,0,0,0,,0.937432050704956,0.056430280208587646,0.0,False,False,3,False
65.729537153,1258,65,729537153,map,16.85649299621582,1.8322372436523438,-4.2926025390625,-0.0007160188397392631,0.0,0.0,0.0,-0.008893476660926646,-0.003893103734433981,0.18859802706842715,0.9820063818540545,0,0,0,,0.9244484901428223,0.05509132146835327,0.0,False,False,3,False
65.779537154,1259,65,779537154,map,16.83331871032715,1.2532997131347656,-4.368991851806641,0.0005449296440929174,0.0,0.0,0.0,-0.009210822629787837,-0.0034863119985784714,0.18114168099106306,0.9834076966258007,0,0,0,,0.9086883068084717,0.05067801475524902,0.0,False,False,0,False
65.829537155,1260,65,829537155,map,16.9791259765625,4.2784881591796875,-2.9859066009521484,0.0010190963512286544,0.0,0.0,0.0,-0.009308791891320499,-0.0033025378617937843,0.17380077209672692,0.9847312990129728,0,0,0,,0.8773074150085449,0.04338681697845459,0.0,False,False,0,False
65.829537155,1261,65,879537155,map,17.20757293701172,5.9145355224609375,-2.8085803985595703,5.39780012331903e-05,0.0,0.0,0.0,-0.009339757772955055,-0.003724075383700143,0.16664145207629077,0.9859662908219451,0,0,0,,0.8471198081970215,0.04623711109161377,0.0,False,False,4,False
65.929537156,1262,65,929537156,map,17.401874542236328,5.167045593261719,-2.930479049682617,-0.0002574920072220266,0.0,0.0,0.0,-0.009334419633421732,-0.004181051432161083,0.1597398667153223,0.9871061555885465,0,0,0,,0.8283964395523071,0.04192692041397095,0.0,False,False,4,False
65.979537157,1263,65,979537157,map,17.5689640045166,4.5192718505859375,-2.8903865814208984,0.00039386743446812034,0.0,0.0,0.0,-0.009224811715317796,-0.004455921512576757,0.1532753345036478,0.9881304162129032,0,0,0,,0.8195738792419434,0.03570199012756348,0.0,False,False,4,False
66.029537158,1264,66,29537158,map,17.709945678710938,4.0419769287109375,-3.273801803588867,0.0005281447665765882,0.0,0.0,0.0,-0.009159102434982112,-0.004541776388873979,0.14713493272226094,0.9890635948626533,0,0,0,,0.7577618360519409,0.037464916706085205,0.0,False,False,4,False
66.029537158,1265,66,79537158,map,17.824228286743164,3.5280227661132812,-3.601255416870117,0.00013790131197310984,0.0,0.0,0.0,-0.009198670779627011,-0.004469975879481378,0.14107064701331753,0.9899467037789301,0,0,0,,0.692129373550415,0.03981459140777588,0.0,False,False,4,False
66.129537159,1266,66,129537159,map,17.914941787719727,3.0587005615234375,-3.8758468627929688,-1.2016298569506034e-05,0.0,0.0,0.0,-0.009321803395121436,-0.0042780262177867096,0.13490154489216222,0.9908059222970212,0,0,0,,0.7078193426132202,0.04214155673980713,0.0,False,False,4,False
66.129537159,1267,66,179537160,map,17.987546920776367,2.7924346923828125,-4.487028121948242,-0.0006856918334960938,0.0,0.0,0.0,-0.009627956069222923,-0.004029392881632879,0.12830869573482298,0.9916793559683307,0,0,0,,0.7178150415420532,0.051032066345214844,0.0,False,False,4,False
66.229537161,1268,66,229537161,map,18.049152374267578,2.5718307495117188,-4.794673919677734,-0.0010046004317700863,0.0,0.0,0.0,-0.010056303698528602,-0.0037628106340668694,0.12109311238555219,0.9925830797191916,0,0,0,,0.7328450679779053,0.05560582876205444,0.0,False,False,4,False
66.229537161,1269,66,279537161,map,18.10429573059082,2.4779891967773438,-5.27836799621582,-0.0013006210792809725,0.0,0.0,0.0,-0.010602140201714901,-0.0035099613267111024,0.11312915371055968,0.993517523436482,0,0,0,,0.7777814865112305,0.0626380443572998,0.0,False,False,4,False
66.329537162,1270,66,329537162,map,18.157114028930664,2.4240493774414062,-5.656614303588867,-0.0012922286987304688,0.0,0.0,0.0,-0.011234362207828377,-0.0032886882987500105,0.10436076228741438,0.9944706154179956,0,0,0,,0.7676600217819214,0.06744307279586792,0.0,False,False,4,False
66.329537162,1271,66,379537163,map,18.210256576538086,2.348785400390625,-5.7575178146362305,-0.0007509230636060238,0.0,0.0,0.0,-0.011826884973062144,-0.0030933490369291746,0.09497121732937809,0.9954049547106674,0,0,0,,0.7942671775817871,0.06617635488510132,0.0,False,False,4,False
66.429537164,1272,66,429537164,map,18.268129348754883,2.35198974609375,-5.817151069641113,3.204331733286381e-05,0.0,0.0,0.0,-0.012316483688599732,-0.0029277059085981664,0.08525626828476829,0.9962786264322931,0,0,0,,0.8491209745407104,0.06299054622650146,0.0,False,False,4,False
66.479537164,1273,66,479537164,map,18.3344669342041,2.4118423461914062,-5.778985023498535,0.0007461549830622971,0.0,0.0,0.0,-0.012675006278106178,-0.002801469192968175,0.07552603497718798,0.9970593332529591,0,0,0,,0.867496132850647,0.05770772695541382,0.0,False,False,4,False
66.479537164,1274,66,529537165,map,18.410350799560547,2.4719619750976562,-5.588669776916504,0.0014772415161132812,0.0,0.0,0.0,-0.012859310268869027,-0.002715057359473842,0.06612273822343759,0.9977249370907688,0,0,0,,0.8911656141281128,0.049821436405181885,0.0,False,False,4,False
66.579537166,1275,66,579537166,map,18.50066375732422,2.5199127197265625,-4.560370445251465,0.003315734677016735,0.0,0.0,0.0,-0.01259797275066951,-0.0026636717510732846,0.0577724750807088,0.9982467315540907,0,0,0,,0.9174540042877197,0.028346538543701172,0.0,False,False,4,False
66.579537166,1276,66,629537167,map,18.59784507751465,2.6101303100585938,-4.68538761138916,0.0029907224234193563,0.0,0.0,0.0,-0.012200278596912499,-0.002655733167802578,0.050644478961011104,0.9986386919373126,0,0,0,,0.9117958545684814,0.026157259941101074,0.0,False,False,4,False
66.679537167,1277,66,679537167,map,18.704084396362305,2.6312255859375,-3.894772529602051,0.0023433687165379524,0.0,0.0,0.0,-0.011592964784931402,-0.0026751737952864824,0.044862816096715455,0.998922306460584,0,0,0,,0.9216229915618896,0.012956738471984863,0.0,False,False,4,False
66.729537168,1278,66,729537168,map,18.816770553588867,2.648162841796875,-3.294835090637207,0.002126120962202549,0.0,0.0,0.0,-0.010758864534532184,-0.0027119124390069483,0.04058740694399301,0.9991143852244413,0,0,0,,0.91950523853302,0.003989040851593018,0.0,False,False,4,False
66.779537169,1279,66,779537169,map,18.932004928588867,2.670745849609375,-3.3471059799194336,0.0005601887824013829,0.0,0.0,0.0,-0.00997770103686395,-0.0027580597491253444,0.037430606875821885,0.9992456095762177,0,0,0,,0.916923999786377,0.007534384727478027,0.0,False,False,4,False
66.779537169,1280,66,829537170,map,19.04952621459961,2.6673126220703125,-3.183271884918213,-0.0009384157601743937,0.0,0.0,0.0,-0.009307885079506825,-0.002801064097990247,0.03488340066294683,0.9993441177459615,0,0,0,,0.9148850440979004,0.010507583618164062,0.0,False,False,4,False
66.82953717,1281,66,879537170,map,19.168254852294922,2.65533447265625,-3.115875720977783,-0.0014431000454351306,0.0,0.0,0.0,-0.008749199931477126,-0.0028326468216809163,0.03252301130944352,0.9994286774692371,0,0,0,,0.914607048034668,0.015496969223022461,0.0,False,False,4,False
66.929537171,1282,66,929537171,map,19.28406524658203,2.6190185546875,-3.813915252685547,-0.0023775100708007812,0.0,0.0,0.0,-0.008542543801052427,-0.0028471531518370514,0.029616293309289488,0.9995207820925762,0,0,0,,0.9016764163970947,0.03262889385223389,0.0,False,False,4,False
66.979537172,1283,66,979537172,map,19.397899627685547,2.548675537109375,-3.986647129058838,-0.00269145960919559,0.0,0.0,0.0,-0.008589556432156932,-0.0028363076914813333,0.025695090773512605,0.9996288997368569,0,0,0,,0.8914122581481934,0.041175127029418945,0.0,False,False,4,False
67.029537172,1284,67,29537172,map,19.509572982788086,2.4664688110351562,-4.089590072631836,-0.001831436064094305,0.0,0.0,0.0,-0.008733656663429254,-0.0027991688455604354,0.02073610735138751,0.999742917827864,0,0,0,,0.8856408596038818,0.04547762870788574,0.0,False,False,4,False
67.079537173,1285,67,79537173,map,19.617542266845703,2.3597335815429688,-4.4135260581970215,-0.0012119292514398694,0.0,0.0,0.0,-0.008983609872214417,-0.0027376666982520804,0.014786213877874365,0.9998465721368808,0,0,0,,0.873759388923645,0.05058646202087402,0.0,False,False,4,False
67.129537174,1286,67,129537174,map,19.72459602355957,2.2884750366210938,-4.370356559753418,-0.00055866246111691,0.0,0.0,0.0,-0.009224707711448465,-0.0026593479924238357,0.008122782658246064,0.9999209233923354,0,0,0,,0.8937356472015381,0.04763031005859375,0.0,False,False,4,False
67.179537175,1287,67,179537175,map,19.83487319946289,2.2966384887695312,-3.9873528480529785,0.0006086350185796618,0.0,0.0,0.0,-0.009277163943427145,-0.0025844440115471564,0.0013422691399516266,0.9999527254784967,0,0,0,,0.9141718149185181,0.036984145641326904,0.0,False,False,4,False
67.229537175,1288,67,229537175,map,19.951053619384766,2.3680877685546875,-3.303926944732666,0.001944160321727395,0.0,0.0,0.0,-0.008997518058569826,-0.0025359181035276407,-0.004779655388194805,0.9999448828223123,0,0,0,,0.9391244649887085,0.020513296127319336,0.0,False,False,4,False
67.279537176,1289,67,279537176,map,20.071186065673828,2.4192428588867188,-3.1407179832458496,0.0020029067527502775,0.0,0.0,0.0,-0.008555163458717025,-0.0025210207813334174,-0.009850253299459828,0.9999117091735407,0,0,0,,0.9343070983886719,0.012789487838745117,0.0,False,False,4,False
67.329537177,1290,67,329537177,map,20.19480323791504,2.4694442749023438,-2.152498960494995,0.0019790648948401213,0.0,0.0,0.0,-0.007809418697766814,-0.0025391234045468243,-0.013407349021866936,0.9998763967731938,0,0,0,,0.914654016494751,-0.004992038011550903,0.0,False,False,4,False
67.379537178,1291,67,379537178,map,20.31712532043457,2.43682861328125,-1.6137030124664307,0.00166149134747684,0.0,0.0,0.0,-0.006844205067536454,-0.0025752058726794787,-0.015206827004337896,0.9998576286572838,0,0,0,,0.8877487182617188,-0.014318346977233887,0.0,False,False,4,False
67.429537178,1292,67,429537178,map,20.435895919799805,2.363739013671875,-1.2477385997772217,0.0005500792758539319,0.0,0.0,0.0,-0.00583303624921569,-0.0026086035200648234,-0.01545846527151304,0.9998600935767162,0,0,0,,0.8755338191986084,-0.01755806803703308,0.0,False,False,4,False
67.429537178,1293,67,479537179,map,20.54998016357422,2.2761154174804688,-0.49620509147644043,-0.00022335094399750233,0.0,0.0,0.0,-0.004720762647764649,-0.002628976822008568,-0.014343793011026482,0.9998825223409745,0,0,0,,0.8500146865844727,-0.023734062910079956,0.0,False,False,4,False
67.52953718,1294,67,529537180,map,20.658615112304688,2.174835205078125,0.16839444637298584,-0.0005968089681118727,0.0,0.0,0.0,-0.003501946564229245,-0.0026296083179761583,-0.012031643200485116,0.9999180271863547,0,0,0,,0.8540229797363281,-0.027323424816131592,0.0,False,False,4,False
67.579537181,1295,67,579537181,map,20.76275062561035,2.0915985107421875,0.8264449238777161,-0.001013946603052318,0.0,0.0,0.0,-0.0022104076893951787,-0.0026111920924344403,-0.008741991678583682,0.9999559357067664,0,0,0,,0.8471754789352417,-0.029768407344818115,0.0,False,False,4,False
67.579537181,1296,67,629537181,map,20.863433837890625,2.0236587524414062,1.2261879444122314,-0.0014844895340502262,0.0,0.0,0.0,-0.0009554138071385227,-0.002576554174102496,-0.004807560796389147,0.9999846678385794,0,0,0,,0.8543238639831543,-0.027822226285934448,0.0,False,False,4,False
67.679537182,1297,67,679537182,map,20.962411880493164,1.9873046875,1.6940444707870483,-0.0015274046454578638,0.0,0.0,0.0,0.00023664202455644256,-0.0025323629998552275,-0.0005143765513535654,0.9999966332718089,0,0,0,,0.8718909025192261,-0.026834726333618164,0.0,False,False,4,False
67.729537183,1298,67,729537183,map,21.06146812438965,1.981658935546875,1.8768357038497925,-0.0015062332386150956,0.0,0.0,0.0,0.0012853469863836353,-0.002487630303477108,0.003838906178706165,0.9999887111252551,0,0,0,,0.8691983222961426,-0.022239357233047485,0.0,False,False,4,False
67.729537183,1299,67,779537184,map,21.160945892333984,1.9828414916992188,1.7029304504394531,-0.0010074615711346269,0.0,0.0,0.0,0.0020504367421269425,-0.0024479423219362336,0.0078090118710844245,0.9999644106772761,0,0,0,,0.8704841136932373,-0.012868881225585938,0.0,False,False,4,False
67.829537184,1300,67,829537184,map,21.260149002075195,1.9722747802734375,1.531779170036316,-0.000340080150635913,0.0,0.0,0.0,0.0025160564284280283,-0.002415615293789552,0.011021423865332922,0.9999331790068684,0,0,0,,0.8609164953231812,-0.004607260227203369,0.0,False,False,4,False
67.879537185,1301,67,879537185,map,21.358156204223633,1.9473648071289062,1.1841249465942383,0.0002582548768259585,0.0,0.0,0.0,0.0026809445023816816,-0.002389884477287142,0.013205913367245954,0.9999063480351034,0,0,0,,0.8533467054367065,0.004297733306884766,0.0,False,False,4,False
67.879537185,1302,67,929537186,map,21.4541015625,1.9110488891601562,0.6171184778213501,0.0007026672828942537,0.0,0.0,0.0,0.002513386661603083,-0.0023692757836173374,0.014114836018054164,0.9998944148378538,0,0,0,,0.8429391384124756,0.014424324035644531,0.0,False,False,4,False
67.979537187,1303,67,979537187,map,21.54758071899414,1.86279296875,0.49170613288879395,0.0006504058837890625,0.0,0.0,0.0,0.0021931550691732444,-0.0023492542842733586,0.01385759148426945,0.9998988139973992,0,0,0,,0.8420983552932739,0.015642881393432617,0.0,False,False,4,False
67.979537187,1304,68,29537187,map,21.638856887817383,1.8199539184570312,0.3825831413269043,0.0004272460355423391,0.0,0.0,0.0,0.0018489773552069807,-0.0023272555727360793,0.012809411927360112,0.9999135383273468,0,0,0,,0.8355484008789062,0.013727724552154541,0.0,False,False,4,False
68.079537188,1305,68,79537188,map,21.72743797302246,1.773529052734375,-0.11009037494659424,0.0002672195842023939,0.0,0.0,0.0,0.001392708486227068,-0.002303337364139842,0.011162342249028831,0.999934076384826,0,0,0,,0.8259916305541992,0.016103923320770264,0.0,False,False,4,False
68.129537189,1306,68,129537189,map,21.812883377075195,1.7164993286132812,-0.507463812828064,7.514950993936509e-05,0.0,0.0,0.0,0.0008150972976189944,-0.0022756556685077315,0.009020992827654749,0.9999563883970527,0,0,0,,0.8205937147140503,0.0170479416847229,0.0,False,False,4,False
68.129537189,1307,68,179537190,map,21.89436912536621,1.643218994140625,-1.0445404052734375,-0.0001491546572651714,0.0,0.0,0.0,0.00010457086820579728,-0.0022416997515315178,0.006417028669427533,0.9999768925281289,0,0,0,,0.8034894466400146,0.020117461681365967,0.0,False,False,4,False
68.22953719,1308,68,229537190,map,21.971134185791016,1.5451431274414062,-0.931476354598999,-0.0002613067626953125,0.0,0.0,0.0,-0.0005174057397475454,-0.002197323038896825,0.003656947298810943,0.9999907653569691,0,0,0,,0.778178334236145,0.013551533222198486,0.0,False,False,4,False
68.279537191,1309,68,279537191,map,22.04143524169922,1.4133453369140625,-0.8629739284515381,-0.00025176999042741954,0.0,0.0,0.0,-0.000957078595454089,-0.0021381631760236048,0.0011468335699603297,0.9999965985099938,0,0,0,,0.7579156160354614,0.007242381572723389,0.0,False,False,4,False
68.279537191,1310,68,329537192,map,22.10370445251465,1.250457763671875,-0.7720704078674316,-0.00018749237642623484,0.0,0.0,0.0,-0.0012270608025542337,-0.0020622348420474695,-0.0008477842256773122,0.9999967613803307,0,0,0,,0.7223498821258545,0.001546025276184082,0.0,False,False,4,False
68.329537192,1311,68,379537193,map,22.15572166442871,1.0448074340820312,-0.9843751788139343,6.809234764659777e-05,0.0,0.0,0.0,-0.0014611226507114182,-0.001965712343183355,-0.0023629469211298897,0.9999942087719463,0,0,0,,0.6908729076385498,0.001970529556274414,0.0,False,False,4,False
68.429537193,1312,68,429537193,map,22.19837188720703,0.8530807495117188,-0.014663338661193848,0.0001890182466013357,0.0,0.0,0.0,-0.0013448532875620712,-0.0018508721289655276,-0.0029989622203350458,0.999992885908494,0,0,0,,0.6930395364761353,-0.013520389795303345,0.0,False,False,4,False
68.429537193,1313,68,479537194,map,22.233930587768555,0.7111740112304688,-0.006355941295623779,0.0002624511835165322,0.0,0.0,0.0,-0.0010557226526852906,-0.0017283693536873207,-0.0026464932199084554,0.9999944471159301,0,0,0,,0.6887460947036743,-0.014455735683441162,0.0,False,False,4,False
68.529537195,1314,68,529537195,map,22.263202667236328,0.5858230590820312,-0.12055337429046631,0.00012187956599518657,0.0,0.0,0.0,-0.0008192451250945956,-0.0016062701091344035,-0.0016946964907561277,0.999996938364096,0,0,0,,0.670748233795166,-0.010610014200210571,0.0,False,False,4,False
68.579537196,1315,68,579537196,map,22.286638259887695,0.46875,-0.0006666779518127441,0.0010648726020008326,0.0,0.0,0.0,-0.0006137497339342811,-0.0014881615487796827,-0.0004650869197557548,0.9999985961893276,0,0,0,,0.6718168258666992,-0.0085812509059906,0.0,False,False,4,False
68.629537196,1316,68,629537196,map,22.306255340576172,0.39096832275390625,0.3831477463245392,-0.07402954250574112,0.0,0.0,0.0,-0.000333443515974523,-0.0013406569775415097,0.0009809249501336354,0.999998564619236,0,0,0,,0.6785545349121094,-0.010460197925567627,0.0,False,False,4,False
68.679537197,1317,68,679537197,map,22.32301139831543,0.33405303955078125,0.25052353739738464,-0.047017671167850494,0.0,0.0,0.0,-7.707191894305444e-05,-0.0011609314279084548,0.0024316353518750813,0.9999963667172269,0,0,0,,0.6662402153015137,-0.005187124013900757,0.0,False,False,4,False
68.729537198,1318,68,729537198,map,22.337060928344727,0.28106689453125,-0.014472901821136475,-0.046464718878269196,0.0,0.0,0.0,1.4527721885916344e-05,-0.0010000016799393162,0.0035121788843698156,0.9999933321703048,0,0,0,,0.672887921333313,0.0022355318069458008,0.0,False,False,4,False
68.779537199,1319,68,779537199,map,22.350215911865234,0.25981903076171875,0.6290842294692993,-0.031678974628448486,0.0,0.0,0.0,0.0002341539166742985,-0.0009017483967151438,0.0044079895296209,0.9999898507735362,0,0,0,,0.6896798610687256,-0.004658520221710205,0.0,False,False,4,False
68.829537199,1320,68,829537199,map,22.36394691467285,0.27256011962890625,0.33364713191986084,-0.012395475059747696,0.0,0.0,0.0,0.00041634267144403757,-0.0008451523112194558,0.005137028792763735,0.999986361562763,0,0,0,,0.6851929426193237,0.00026607513427734375,0.0,False,False,4,False
68.8795372,1321,68,879537200,map,22.378007888793945,0.27782440185546875,0.47495484352111816,-0.0016742758452892303,0.0,0.0,0.0,0.000565344031165627,-0.0008136805600175123,0.005685474590967697,0.9999833467057079,0,0,0,,0.6930755376815796,-0.000979781150817871,0.0,False,False,4,False
68.929537201,1322,68,929537201,map,22.39161491394043,0.2727508544921875,-0.07321447134017944,0.17867259681224823,0.0,0.0,0.0,0.00036781470569077746,-0.0008818064681602226,0.005832607107784695,0.9999825337594759,0,0,0,,0.6755273342132568,0.00738680362701416,0.0,False,False,4,False
68.979537202,1323,68,979537202,map,22.40397071838379,0.24616241455078125,0.12938886880874634,0.06303691864013672,0.0,0.0,0.0,0.0003346344775634018,-0.0010503951326844212,0.0056230448626134666,0.9999835828933915,0,0,0,,0.6737420558929443,0.004387617111206055,0.0,False,False,4,False
69.029537202,1324,69,29537202,map,22.415342330932617,0.22663116455078125,0.09834259748458862,0.02475280500948429,0.0,0.0,0.0,0.00026560485486545546,-0.0011411832656512337,0.005246961570967988,0.9999855481701164,0,0,0,,0.6734317541122437,0.0034870505332946777,0.0,False,False,4,False
69.079537203,1325,69,79537203,map,22.42559814453125,0.20679473876953125,-0.2170976996421814,0.029518887400627136,0.0,0.0,0.0,0.000125956716887916,-0.0010767190155992084,0.004658512599410387,0.9999885614702941,0,0,0,,0.6663572788238525,0.006660044193267822,0.0,False,False,4,False
69.129537204,1326,69,129537204,map,22.434696197509766,0.18192291259765625,0.008289515972137451,-0.028913114219903946,0.0,0.0,0.0,4.690722315106199e-05,-0.001009283546681584,0.004021402827970347,0.9999914036959168,0,0,0,,0.6703554391860962,0.0019338130950927734,0.0,False,False,4,False
69.129537204,1327,69,179537205,map,22.44224739074707,0.15350341796875,-0.34769803285598755,-0.021503638476133347,0.0,0.0,0.0,-0.0001105024343009319,-0.0009662660946951286,0.003327235654726935,0.9999939917929228,0,0,0,,0.6532396078109741,0.0054059624671936035,0.0,False,False,4,False
69.179537205,1328,69,229537205,map,22.447357177734375,0.10467529296875,-0.39116740226745605,-0.014951705001294613,0.0,0.0,0.0,-0.0003092267874687935,-0.0009325860058638459,0.0025345021893289897,0.9999963054735693,0,0,0,,0.6494052410125732,0.005056560039520264,0.0,False,False,4,False
69.279537206,1329,69,279537206,map,22.449966430664062,0.05481719970703125,-0.4905030131340027,-0.00959014892578125,0.0,0.0,0.0,-0.0005156832933722213,-0.0009008319064600339,0.0016680031687125545,0.9999980701671611,0,0,0,,0.6404643058776855,0.005380392074584961,0.0,False,False,4,False
69.329537207,1330,69,329537207,map,22.450790405273438,0.0167083740234375,-0.050031840801239014,-0.0058307647705078125,0.0,0.0,0.0,-0.0005493290290809103,-0.000868519678768094,0.0010128543305157665,0.9999989590181034,0,0,0,,0.6504369974136353,-0.002316772937774658,0.0,False,False,4,False
69.379537208,1331,69,379537208,map,22.451017379760742,0.00431060791015625,0.050265491008758545,-0.0031196593772619963,0.0,0.0,0.0,-0.00045368153392171424,-0.0008391100145699069,0.0007785929791628267,0.9999992419299236,0,0,0,,0.6527012586593628,-0.00534406304359436,0.0,False,False,4,False
69.379537208,1332,69,429537208,map,22.450891494750977,-0.00255584716796875,0.0034348666667938232,0.0942356064915657,0.0,0.0,0.0,-0.0003875211381447681,-0.0008509080881342576,0.0009019481333449421,0.9999991561358228,0,0,0,,0.6549649238586426,-0.0049787163734436035,0.0,False,False,4,False
69.479537209,1333,69,479537209,map,22.45072364807129,-0.003814697265625,0.08590683341026306,0.11184043437242508,0.0,0.0,0.0,-0.0003004748043090224,-0.0009731974464806629,0.0012958659364712963,0.9999986416656257,0,0,0,,0.65633225440979,-0.005482017993927002,0.0,False,False,4,False
69.52953721,1334,69,529537210,map,22.450759887695312,-0.00034332275390625,0.1971733570098877,0.052794646471738815,0.0,0.0,0.0,-0.00015843528931208168,-0.001125104276462892,0.0019138305817361628,0.9999975231424979,0,0,0,,0.6559946537017822,-0.006014734506607056,0.0,False,False,4,False
69.57953721,1335,69,579537210,map,22.451101303100586,0.00522613525390625,0.2879539132118225,-0.05022373050451279,0.0,0.0,0.0,6.888702663534463e-05,-0.0011073910126872953,0.00270397495605682,0.9999957287204579,0,0,0,,0.6526553630828857,-0.006111115217208862,0.0,False,False,4,False
69.629537211,1336,69,629537211,map,22.45104217529297,-0.0011444091796875,-0.005563795566558838,-0.052361860871315,0.0,0.0,0.0,0.000134625799926691,-0.0009569765159979652,0.0034039038018024944,0.9999937397357793,0,0,0,,0.6472609043121338,-2.6702880859375e-05,0.0,False,False,4,False
69.679537212,1337,69,679537212,map,22.450103759765625,-0.0189208984375,0.026327669620513916,-0.08171692490577698,0.0,0.0,0.0,0.00016421368719713518,-0.0008178627060161134,0.003862502881727709,0.9999921925724958,0,0,0,,0.645962119102478,0.0013950467109680176,0.0,False,False,4,False
69.679537212,1338,69,729537213,map,22.44891357421875,-0.02288818359375,-0.15371918678283691,-0.0583316795527935,0.0,0.0,0.0,9.754863110941524e-05,-0.0007538544714827027,0.003983349406859534,0.999991777523797,0,0,0,,0.6570754051208496,0.0051460862159729,0.0,False,False,4,False
69.779537213,1339,69,779537213,map,22.44866180419922,-0.00713348388671875,0.34661322832107544,-0.029320906847715378,0.0,0.0,0.0,0.0001635419949363426,-0.0007305174344381994,0.004027071296308359,0.9999916111123476,0,0,0,,0.6630829572677612,-0.0019000470638275146,0.0,False,False,4,False
69.829537214,1340,69,829537214,map,22.44894790649414,0.00579833984375,-0.012069344520568848,-0.011568639427423477,0.0,0.0,0.0,0.00018597568421913153,-0.0007282253162123203,0.004007380856122051,0.999991687965259,0,0,0,,0.6502304077148438,0.0024633407592773438,0.0,False,False,4,False
69.829537214,1341,69,879537215,map,22.448978424072266,-0.0019073486328125,0.36259979009628296,0.022599028423428535,0.0,0.0,0.0,0.00026823449147544097,-0.0007413542378791076,0.0040532483790070815,0.9999914747745251,0,0,0,,0.6586225032806396,-0.0032641589641571045,0.0,False,False,4,False
69.929537216,1342,69,929537216,map,22.449159622192383,0.0042724609375,-0.08806675672531128,0.03374118730425835,0.0,0.0,0.0,0.0002461894892726995,-0.0007852515159169852,0.004060699975945337,0.9999914167064123,0,0,0,,0.6512913703918457,0.002589285373687744,0.0,False,False,4,False
69.979537216,1343,69,979537216,map,22.44883918762207,-0.0057220458984375,-0.10288923978805542,0.026596643030643463,0.0,0.0,0.0,0.0001475796303329679,-0.0008374715976280535,0.0039027053609640323,0.9999920228444031,0,0,0,,0.6496888399124146,0.003049492835998535,0.0,False,False,4,False
70.029537217,1344,70,29537217,map,22.448348999023438,-0.00797271728515625,-0.2916085720062256,0.22433756291866302,0.0,0.0,0.0,-1.2268176677954495e-05,-0.0009010921179983759,0.003527067624651321,0.9999933738162758,0,0,0,,0.662717342376709,0.00554126501083374,0.0,False,False,4,False
70.079537218,1345,70,79537218,map,22.447021484375,-0.026702880859375,-0.1558426022529602,0.7495540380477905,0.0,0.0,0.0,-0.00012891047299622886,-0.0014916448969246913,0.003026209022839988,0.9999943002020268,0,0,0,,0.6615027189254761,0.0030486583709716797,0.0,False,False,4,False
70.129537219,1346,70,129537219,map,22.445764541625977,-0.02590179443359375,-0.05787760019302368,0.4011223316192627,0.0,0.0,0.0,-0.00016310298351761187,-0.0024319978405231662,0.0025793815121750037,0.9999937027676401,0,0,0,,0.6474454402923584,0.000547945499420166,0.0,False,False,4,False
70.179537219,1347,70,179537219,map,22.44425392150879,-0.03398895263671875,0.30194222927093506,0.5178446769714355,0.0,0.0,0.0,-4.309564315011706e-05,-0.0030509144471851475,0.0024595270225122937,0.9999923203658251,0,0,0,,0.6619865894317627,-0.0059184730052948,0.0,False,False,4,False
70.22953722,1348,70,229537220,map,22.44399070739746,-0.00698089599609375,0.08555322885513306,0.24855762720108032,0.0,0.0,0.0,5.6615533801677e-05,-0.003252541430969811,0.002630276750025957,0.9999912496682856,0,0,0,,0.6621222496032715,-0.00361478328704834,0.0,False,False,4,False
70.279537221,1349,70,279537221,map,22.4439754486084,-0.0011444091796875,0.07007956504821777,0.0774720311164856,0.0,0.0,0.0,9.727612893863526e-05,-0.003274461499619743,0.0029334725191023417,0.9999903315423714,0,0,0,,0.6550120115280151,-0.0028474926948547363,0.0,False,False,4,False
70.329537222,1350,70,329537222,map,22.443599700927734,-0.00640869140625,-0.1582685112953186,-0.012737363576889038,0.0,0.0,0.0,3.8515609648133286e-05,-0.0032276588877478097,0.003164970214327356,0.9999897817968915,0,0,0,,0.6553690433502197,0.0014063119888305664,0.0,False,False,4,False
70.329537222,1351,70,379537222,map,22.4432430267334,-0.00690460205078125,0.004235804080963135,-0.05273014307022095,0.0,0.0,0.0,-1.2701796492636046e-06,-0.0031632343920476994,0.003302792528497886,0.9999895426993631,0,0,0,,0.6604325771331787,4.70280647277832e-05,0.0,False,False,4,False
70.429537223,1352,70,429537223,map,22.442569732666016,-0.00820159912109375,-0.9189276695251465,-0.06246522068977356,0.0,0.0,0.0,-0.00031296303954466326,-0.0031054239866170393,0.0029012943928822944,0.999990920402203,0,0,0,,0.659027099609375,0.01441967487335205,0.0,False,False,4,False
70.429537223,1353,70,479537224,map,22.442596435546875,0.00270843505859375,-0.48719748854637146,-0.057680606842041016,0.0,0.0,0.0,-0.000586949032995858,-0.003062173041588639,0.0020016691926209224,0.9999931359302119,0,0,0,,0.6620738506317139,0.008890807628631592,0.0,False,False,4,False
70.529537225,1354,70,529537225,map,22.443134307861328,0.01239776611328125,-0.5238237977027893,-0.046431273221969604,0.0,0.0,0.0,-0.0007597553228265375,-0.003033059103426125,0.0008893097139062437,0.9999947162123195,0,0,0,,0.6643737554550171,0.007853090763092041,0.0,False,False,4,False
70.579537225,1355,70,579537225,map,22.444297790527344,0.02414703369140625,-0.43509846925735474,-0.03406256437301636,0.0,0.0,0.0,-0.0008502702336817549,-0.0030156655194884807,-0.0002432116514274012,0.9999950618128556,0,0,0,,0.6648877859115601,0.004665970802307129,0.0,False,False,4,False
70.629537226,1356,70,629537226,map,22.44595718383789,0.03353118896484375,-0.3334876596927643,-0.023305565118789673,0.0,0.0,0.0,-0.0008611363293095089,-0.003007032525543272,-0.0012003958785338803,0.9999943876089242,0,0,0,,0.6654649972915649,0.0012041926383972168,0.0,False,False,4,False
70.679537227,1357,70,679537227,map,22.447704315185547,0.0348663330078125,-0.6071625351905823,-0.01498788595199585,0.0,0.0,0.0,-0.0009294580524847269,-0.0030035445775746026,-0.0020478352671326142,0.9999929605744322,0,0,0,,0.662477970123291,0.0038154125213623047,0.0,False,False,4,False
70.729537228,1358,70,729537228,map,22.448728561401367,0.01918792724609375,-0.7617602348327637,-0.008823126554489136,0.0,0.0,0.0,-0.0010788563901608086,-0.0030006191429891083,-0.002935501633581987,0.9999906075477947,0,0,0,,0.6508779525756836,0.005753695964813232,0.0,False,False,4,False
70.779537228,1359,70,779537228,map,22.4487361907959,-0.00095367431640625,-0.36989545822143555,-0.004825592041015625,0.0,0.0,0.0,-0.0011061020384102286,-0.002995851378211174,-0.0036776402166339987,0.9999881381172665,0,0,0,,0.6510257720947266,-0.0003605782985687256,0.0,False,False,4,False
70.829537229,1360,70,829537229,map,22.44756317138672,-0.0254058837890625,-0.49085959792137146,-0.002207159996032715,0.0,0.0,0.0,-0.0010946567506435198,-0.0029879709787608453,-0.004223352472736133,0.9999860184272176,0,0,0,,0.6462748050689697,0.0006632208824157715,0.0,False,False,4,False
70.87953723,1361,70,879537230,map,22.443553924560547,-0.0826263427734375,0.02720281481742859,0.5175915360450745,0.0,0.0,0.0,-0.0009141834519520818,-0.003144458250141791,-0.004380240500692089,0.9999850449602161,0,0,0,,0.6373518705368042,-0.006873726844787598,0.0,False,False,4,False
70.929537231,1362,70,929537231,map,22.436805725097656,-0.138702392578125,0.2158130705356598,0.7341681718826294,0.0,0.0,0.0,-0.0006166099007062772,-0.003961627505573296,-0.003990763681091388,0.9999839994244802,0,0,0,,0.6437214612960815,-0.009680062532424927,0.0,False,False,4,False
70.979537231,1363,70,979537231,map,22.429584503173828,-0.147552490234375,0.18435761332511902,0.4983013868331909,0.0,0.0,0.0,-0.0003434171881868687,-0.005037822165158392,-0.003200826939275583,0.9999821283999888,0,0,0,,0.6456806659698486,-0.008265048265457153,0.0,False,False,4,False
71.029537232,1364,71,29537232,map,22.422773361206055,-0.13957977294921875,0.3898146152496338,0.5153849720954895,0.0,0.0,0.0,-6.562842297039436e-05,-0.005572520895254028,-0.002123769737939656,0.9999822159948056,0,0,0,,0.645524263381958,-0.009179502725601196,0.0,False,False,4,False
71.079537233,1365,71,79537233,map,22.41712188720703,-0.11508941650390625,0.04084877669811249,0.22639721632003784,0.0,0.0,0.0,6.714039196503538e-05,-0.005720481727909734,-0.0010915905258147903,0.999983039861723,0,0,0,,0.665938138961792,-0.001723557710647583,0.0,False,False,4,False
71.079537233,1366,71,129537234,map,22.41343879699707,-0.0731658935546875,0.541948676109314,0.059814453125,0.0,0.0,0.0,0.0002646601063985966,-0.005714109071788779,-8.305015241646617e-05,0.9999836358737157,0,0,0,,0.6678429841995239,-0.006448864936828613,0.0,False,False,4,False
71.129537234,1367,71,179537234,map,22.41128158569336,-0.0426483154296875,0.20464104413986206,-0.02564072608947754,0.0,0.0,0.0,0.0003842834994972764,-0.005660561971793882,0.0007835090487401015,0.9999835981044518,0,0,0,,0.6633205413818359,-0.00015184283256530762,0.0,False,False,4,False
71.229537235,1368,71,229537235,map,22.409482955932617,-0.0373077392578125,0.46953701972961426,0.1490744948387146,0.0,0.0,0.0,0.0005075992518407371,-0.005655758114652339,0.0014949679589359515,0.9999827597583619,0,0,0,,0.668116569519043,-0.0023883283138275146,0.0,False,False,4,False
71.279537236,1369,71,279537236,map,22.408334732055664,-0.02758026123046875,0.3429928123950958,0.4153132438659668,0.0,0.0,0.0,0.0005967840486825987,-0.0060553541315048745,0.0020591936646043346,0.9999793679154549,0,0,0,,0.6814682483673096,-2.3365020751953125e-05,0.0,False,False,4,False
71.329537237,1370,71,329537237,map,22.4091739654541,0.01434326171875,-0.09774447977542877,0.2170354127883911,0.0,0.0,0.0,0.0005025190468303326,-0.006688997440917283,0.002216830525640421,0.9999750449137537,0,0,0,,0.6794891357421875,0.0068961381912231445,0.0,False,False,4,False
71.329537237,1371,71,379537237,map,22.41177749633789,0.0484466552734375,0.04386717453598976,0.29872357845306396,0.0,0.0,0.0,0.00038159929680832807,-0.007068962270662777,0.0019905968632651203,0.9999729604736922,0,0,0,,0.6827617883682251,0.00516432523727417,0.0,False,False,4,False
71.429537238,1372,71,429537238,map,22.41567039489746,0.07633209228515625,-0.050538815557956696,0.1236724853515625,0.0,0.0,0.0,0.0002650065510249528,-0.0071914993783294984,0.0015192566405723307,0.9999729516179323,0,0,0,,0.6789085865020752,0.005351603031158447,0.0,False,False,4,False
71.479537239,1373,71,479537239,map,22.419649124145508,0.079345703125,-0.2759590446949005,0.02509474754333496,0.0,0.0,0.0,8.880698824982157e-05,-0.007204817912941451,0.0008040529081184378,0.9999737177601625,0,0,0,,0.6711215972900391,0.007251262664794922,0.0,False,False,4,False
71.52953724,1374,71,529537240,map,22.42270851135254,0.06137847900390625,-0.3304508328437805,-0.02396702766418457,0.0,0.0,0.0,-0.00010830315775609456,-0.0071761475535170385,-0.00010029757015345684,0.9999742402267738,0,0,0,,0.6622881889343262,0.006592512130737305,0.0,False,False,4,False
71.52953724,1375,71,579537240,map,22.424333572387695,0.03154754638671875,-0.2471279799938202,0.05458652973175049,0.0,0.0,0.0,-0.0002493426482863221,-0.0071525439978165906,-0.0010177596377257887,0.9999738712126047,0,0,0,,0.6625053882598877,0.0035219788551330566,0.0,False,False,4,False
71.629537241,1376,71,629537241,map,22.423534393310547,-0.0231170654296875,-0.383731871843338,0.4870295524597168,0.0,0.0,0.0,-0.00038373975626042626,-0.007491881509191366,-0.0018851187993720695,0.9999700849437267,0,0,0,,0.658519983291626,0.0035787224769592285,0.0,False,False,4,False
71.679537242,1377,71,679537242,map,22.421661376953125,-0.0418853759765625,-0.3488749861717224,0.2482384443283081,0.0,0.0,0.0,-0.0004938843377013655,-0.008098663179654932,-0.0026527417124770115,0.9999635646834191,0,0,0,,0.657482385635376,0.0018527507781982422,0.0,False,False,4,False
71.729537243,1378,71,729537243,map,22.4190673828125,-0.0566864013671875,0.0010193884372711182,0.32491326332092285,0.0,0.0,0.0,-0.0004576433105565548,-0.008526045258046762,-0.0030794142413765606,0.9999588063129341,0,0,0,,0.6590709686279297,-0.004426509141921997,0.0,False,False,4,False
71.779537243,1379,71,779537243,map,22.41583251953125,-0.06740570068359375,-0.07166370749473572,0.16099214553833008,0.0,0.0,0.0,-0.00038129250873233944,-0.008651664511793356,-0.0031356948091655185,0.9999575844680922,0,0,0,,0.6492090225219727,-0.004173338413238525,0.0,False,False,4,False
71.829537244,1380,71,829537244,map,22.411897659301758,-0.08022308349609375,-0.2380785346031189,0.04671216011047363,0.0,0.0,0.0,-0.00037324728391996593,-0.008647908876860325,-0.003038152355790206,0.9999579211090762,0,0,0,,0.6624366044998169,-0.0012059211730957031,0.0,False,False,4,False
71.879537245,1381,71,879537245,map,22.408348083496094,-0.0705718994140625,0.06785720586776733,-0.012736916542053223,0.0,0.0,0.0,-0.00030186127360857135,-0.008601112863906742,-0.002773607011210412,0.9999591175850246,0,0,0,,0.6624226570129395,-0.004589766263961792,0.0,False,False,4,False
71.879537245,1382,71,929537246,map,22.40526580810547,-0.06061553955078125,0.12856051325798035,-0.0381159782409668,0.0,0.0,0.0,-0.00017609323942769335,-0.008548724511312156,-0.0023139878349106874,0.9999607661107013,0,0,0,,0.6664626598358154,-0.004751443862915039,0.0,False,False,4,False
71.979537246,1383,71,979537246,map,22.40148162841797,-0.08319854736328125,0.28600013256073,0.5155849456787109,0.0,0.0,0.0,-4.371831795933776e-06,-0.008815416927913992,-0.0016675880427472762,0.999959752967785,0,0,0,,0.6689608097076416,-0.005865901708602905,0.0,False,False,4,False
72.029537247,1384,72,29537247,map,22.398345947265625,-0.06683349609375,0.3114241361618042,0.28183460235595703,0.0,0.0,0.0,0.00016564390073529536,-0.009401274357854084,-0.0008909968899784303,0.9999553963688023,0,0,0,,0.6686904430389404,-0.005118638277053833,0.0,False,False,4,False
72.079537248,1385,72,79537248,map,22.395519256591797,-0.0616455078125,0.22377602756023407,0.3102719783782959,0.0,0.0,0.0,0.0002753630347663845,-0.009912784257053053,-0.00013964412157323856,0.9999508194821342,0,0,0,,0.6631733179092407,-0.0023902058601379395,0.0,False,False,4,False
72.079537248,1386,72,129537248,map,22.393705368041992,-0.03932952880859375,0.5495420694351196,0.18760859966278076,0.0,0.0,0.0,0.0004451294789522164,-0.010091500205713705,0.000653937965124215,0.9999487666118114,0,0,0,,0.6843302249908447,-0.005858778953552246,0.0,False,False,4,False
72.129537248,1387,72,179537249,map,22.393970489501953,0.00400543212890625,0.4096776843070984,0.06291627883911133,0.0,0.0,0.0,0.0005844894082383416,-0.01012546032452372,0.0014547213360775648,0.9999475072278456,0,0,0,,0.6823099851608276,-0.003150045871734619,0.0,False,False,4,False
72.22953725,1388,72,229537250,map,22.395477294921875,0.02956390380859375,0.491644024848938,-0.004406571388244629,0.0,0.0,0.0,0.00069916845666912,-0.010107791077604988,0.0022126240772677775,0.9999462225628405,0,0,0,,0.6828615665435791,-0.003379255533218384,0.0,False,False,4,False
72.279537251,1389,72,279537251,map,22.39815330505371,0.0543212890625,-0.08891016244888306,-0.0337064266204834,0.0,0.0,0.0,0.0006057827264236216,-0.010079095686227535,0.0026137396943018807,0.9999456051317225,0,0,0,,0.6863555908203125,0.005980074405670166,0.0,False,False,4,False
72.329537251,1390,72,329537251,map,22.400049209594727,0.030059814453125,-0.30729207396507263,0.4372251033782959,0.0,0.0,0.0,0.00034463060629484323,-0.01027855444561137,0.002409324979120903,0.9999442122945653,0,0,0,,0.6744437217712402,0.010166525840759277,0.0,False,False,4,False
72.379537252,1391,72,379537252,map,22.401214599609375,0.01708984375,-0.17361211776733398,0.3204423189163208,0.0,0.0,0.0,0.00012325074868265923,-0.01083916875347523,0.0017549836350576455,0.9999397068135796,0,0,0,,0.6750967502593994,0.007963955402374268,0.0,False,False,4,False
72.429537253,1392,72,429537253,map,22.402238845825195,0.01445770263671875,-0.053971391171216965,0.2947157621383667,0.0,0.0,0.0,1.0091759041319126e-05,-0.01141326140972086,0.0009541389440990274,0.9999344113395764,0,0,0,,0.6764683723449707,0.00435483455657959,0.0,False,False,4,False
72.479537254,1393,72,479537254,map,22.403045654296875,0.01140594482421875,-0.652320384979248,0.21923542022705078,0.0,0.0,0.0,-0.00023503323122934852,-0.011633703720742728,-0.00010788277028855997,0.9999322927370763,0,0,0,,0.6726028919219971,0.011032581329345703,0.0,False,False,4,False
72.529537254,1394,72,529537254,map,22.4031925201416,0.0006866455078125,-0.378206729888916,0.07955014705657959,0.0,0.0,0.0,-0.0004374818251910247,-0.011675606479098322,-0.001300954259348322,0.99993089578281,0,0,0,,0.6626505851745605,0.005569159984588623,0.0,False,False,4,False
72.579537255,1395,72,579537255,map,22.402172088623047,-0.02040863037109375,0.04329495131969452,0.0033932924270629883,0.0,0.0,0.0,-0.0004216874720184791,-0.01164488314735477,-0.0021658214747366684,0.9999297615800321,0,0,0,,0.6666057109832764,-0.0031501948833465576,0.0,False,False,4,False
72.629537256,1396,72,629537256,map,22.400619506835938,-0.03017425537109375,0.1255997270345688,-0.0320357084274292,0.0,0.0,0.0,-0.00028709271165631013,-0.011592522937524028,-0.002485685215406463,0.9999296737064701,0,0,0,,0.6693181991577148,-0.006698966026306152,0.0,False,False,4,False
72.629537256,1397,72,679537257,map,22.396156311035156,-0.0982666015625,-0.6674575805664062,0.3459411859512329,0.0,0.0,0.0,-0.00039775310265035755,-0.011688772087200374,-0.0027296356922429468,0.9999278791435663,0,0,0,,0.6373447179794312,0.004350841045379639,0.0,False,False,4,False
72.729537257,1398,72,729537257,map,22.388687133789062,-0.157012939453125,0.18253423273563385,0.3566509485244751,0.0,0.0,0.0,-0.0003602064263099183,-0.012173241485241282,-0.0027523731095572728,0.9999220504045995,0,0,0,,0.6527043581008911,-0.006724268198013306,0.0,False,False,4,False
72.779537258,1399,72,779537258,map,22.380205154418945,-0.17669677734375,-0.2421409636735916,0.2724325656890869,0.0,0.0,0.0,-0.0003382072727124921,-0.01275868358071894,-0.0025927247211375588,0.999915186097125,0,0,0,,0.6488038301467896,-0.0008129775524139404,0.0,False,False,4,False
72.779537258,1400,72,829537259,map,22.371360778808594,-0.18238067626953125,0.17069421708583832,0.2472829818725586,0.0,0.0,0.0,-0.00023857308116841526,-0.013001882200086447,-0.0022534165911302136,0.9999129043350761,0,0,0,,0.6556711196899414,-0.005591988563537598,0.0,False,False,4,False
72.829537259,1401,72,879537260,map,22.363109588623047,-0.1666259765625,0.3077779710292816,0.0943446159362793,0.0,0.0,0.0,-5.1738656616970104e-05,-0.013047197014204114,-0.001639010221751245,0.9999135370714195,0,0,0,,0.6671534776687622,-0.006989657878875732,0.0,False,False,4,False
72.87953726,1402,72,929537260,map,22.356332778930664,-0.1354217529296875,0.24301163852214813,0.010612010955810547,0.0,0.0,0.0,0.00010990933099971534,-0.013019770641337906,-0.000872993292937712,0.9999148520624626,0,0,0,,0.67160964012146,-0.00491902232170105,0.0,False,False,4,False
72.979537261,1403,72,979537261,map,22.351192474365234,-0.10181427001953125,0.29926449060440063,-0.0296783447265625,0.0,0.0,0.0,0.00024333863191987562,-0.012976477673870106,-6.940065115659783e-05,0.9999157699511693,0,0,0,,0.6782457828521729,-0.004149734973907471,0.0,False,False,4,False
72.979537261,1404,73,29537262,map,22.347002029418945,-0.08968353271484375,0.20100601017475128,0.24187803268432617,0.0,0.0,0.0,0.00031589739079333675,-0.01302656392975223,0.0006399163074479931,0.9999148960527302,0,0,0,,0.6780896186828613,-0.001199871301651001,0.0,False,False,4,False
73.079537263,1405,73,79537263,map,22.342487335205078,-0.100860595703125,-0.40649092197418213,0.4036378860473633,0.0,0.0,0.0,0.00015406315688091927,-0.013486506002987404,0.0008474007406546058,0.999908681996691,0,0,0,,0.6672338247299194,0.0090828537940979,0.0,False,False,4,False
73.079537263,1406,73,129537263,map,22.33868408203125,-0.08243560791015625,0.2726978659629822,0.2514767646789551,0.0,0.0,0.0,0.00012616986726280755,-0.014129132542796893,0.000787978660839088,0.9998998603782193,0,0,0,,0.6837358474731445,0.0004050731658935547,0.0,False,False,4,False
73.179537264,1407,73,179537264,map,22.337024688720703,-0.0408172607421875,0.18686287105083466,0.28807997703552246,0.0,0.0,0.0,0.00018249013021554182,-0.014468812694945725,0.0007150788034829808,0.9998950489020614,0,0,0,,0.6896435022354126,0.00038820505142211914,0.0,False,False,4,False
73.229537265,1408,73,229537265,map,22.33637046813965,-0.01651763916015625,-0.29978278279304504,0.12060165405273438,0.0,0.0,0.0,8.031569337294736e-05,-0.014574337185906262,0.0004058421601034195,0.9998937031190476,0,0,0,,0.6743195056915283,0.0068291425704956055,0.0,False,False,4,False
73.229537265,1409,73,279537266,map,22.33568572998047,-0.01438140869140625,0.017680898308753967,0.02531886100769043,0.0,0.0,0.0,1.2070391379892467e-05,-0.014580388459193945,-2.8763541979273773e-05,0.9998936999998267,0,0,0,,0.679128885269165,0.001842498779296875,0.0,False,False,4,False
73.329537266,1410,73,329537266,map,22.335004806518555,-0.01331329345703125,-0.264392226934433,-0.022219419479370117,0.0,0.0,0.0,-8.918408577945097e-05,-0.014551078872920014,-0.0005485931421514764,0.9998939729768339,0,0,0,,0.6760350465774536,0.0046686530113220215,0.0,False,False,4,False
73.379537267,1411,73,379537267,map,22.33409881591797,-0.02147674560546875,0.029963180422782898,0.12298107147216797,0.0,0.0,0.0,-0.00011389207542571847,-0.014550303116901359,-0.0010024612038345366,0.9998936297323512,0,0,0,,0.6827969551086426,-0.0005442500114440918,0.0,False,False,4,False
73.379537267,1412,73,429537268,map,22.332130432128906,-0.052642822265625,-0.25219523906707764,0.45719027519226074,0.0,0.0,0.0,-0.00017375992506079235,-0.01493673541707847,-0.0014021248495328592,0.9998874425596488,0,0,0,,0.6720594167709351,0.002290666103363037,0.0,False,False,4,False
73.429537268,1413,73,479537269,map,22.32919692993164,-0.0658416748046875,-0.23833893239498138,0.22876858711242676,0.0,0.0,0.0,-0.0002564823398857176,-0.015567368425717737,-0.001802640011109365,0.999877163328625,0,0,0,,0.6651210784912109,0.0018048286437988281,0.0,False,False,4,False
73.529537269,1414,73,529537269,map,22.325485229492188,-0.0836181640625,0.1606704294681549,0.3292226791381836,0.0,0.0,0.0,-0.0001974148171012857,-0.01596305607141177,-0.0019603218052276017,0.9998706411364776,0,0,0,,0.6723994016647339,-0.004572004079818726,0.0,False,False,4,False
73.57953727,1415,73,579537270,map,22.32208824157715,-0.07190704345703125,0.2320050448179245,0.14509201049804688,0.0,0.0,0.0,-5.2861171283038616e-05,-0.01607920095277082,-0.0017475788486794894,0.9998691926800148,0,0,0,,0.6770349740982056,-0.006337255239486694,0.0,False,False,4,False
73.629537271,1416,73,629537271,map,22.31928825378418,-0.05695343017578125,0.18400800228118896,0.03831624984741211,0.0,0.0,0.0,7.212959031944751e-05,-0.016079611500951864,-0.0012685773258025827,0.9998699073393843,0,0,0,,0.6800593137741089,-0.005347132682800293,0.0,False,False,4,False
73.679537272,1417,73,679537272,map,22.316808700561523,-0.04955291748046875,-0.3093469440937042,-0.01644134521484375,0.0,0.0,0.0,2.2493986508405065e-06,-0.016041254506326,-0.0009216316784887475,0.9998709060393011,0,0,0,,0.6752947568893433,0.0031868815422058105,0.0,False,False,4,False
73.729537272,1418,73,729537272,map,22.31435203552246,-0.04863739013671875,0.04490390419960022,-0.014383792877197266,0.0,0.0,0.0,-3.7151092175156624e-05,-0.01600129309513813,-0.0007245085516202704,0.9998717079337921,0,0,0,,0.6801466941833496,-0.0003059208393096924,0.0,False,False,4,False
73.779537273,1419,73,779537273,map,22.311025619506836,-0.08274078369140625,-0.14405786991119385,0.5149471759796143,0.0,0.0,0.0,-8.26362773308442e-05,-0.01630121404661428,-0.0006762876800926959,0.9998668942548432,0,0,0,,0.6787500381469727,0.002749323844909668,0.0,False,False,4,False
73.829537274,1420,73,829537274,map,22.308197021484375,-0.06465911865234375,0.21676823496818542,0.26651501655578613,0.0,0.0,0.0,-2.4368052260275454e-05,-0.01689882791175769,-0.0006227674302767399,0.9998570103680497,0,0,0,,0.6859371662139893,-0.0021418631076812744,0.0,False,False,4,False
73.829537274,1421,73,879537275,map,22.30643653869629,-0.045166015625,0.13244163990020752,0.31287312507629395,0.0,0.0,0.0,5.7517477208531194e-05,-0.017390059600387642,-0.000490155768468799,0.9998486596811325,0,0,0,,0.687397837638855,-0.0014154016971588135,0.0,False,False,4,False
73.929537275,1422,73,929537275,map,22.305883407592773,-0.01651763916015625,0.5071889162063599,0.17694592475891113,0.0,0.0,0.0,0.00023807017166378516,-0.017558475070711902,-0.00011770840865761368,0.9998458028218729,0,0,0,,0.6934252977371216,-0.0070327818393707275,0.0,False,False,4,False
73.929537275,1423,73,979537276,map,22.306949615478516,0.01941680908203125,-0.08734950423240662,0.05748748779296875,0.0,0.0,0.0,0.0002530032313738077,-0.017589198782941993,0.00023550591085785862,0.9998452383306653,0,0,0,,0.6975514888763428,0.0016567707061767578,0.0,False,False,4,False
74.029537277,1424,74,29537277,map,22.30916976928711,0.04459381103515625,0.04990698769688606,-0.005576610565185547,0.0,0.0,0.0,0.0002055940683181449,-0.017570994775825362,0.0004233990594199119,0.9998455073694653,0,0,0,,0.6950438022613525,0.0008542537689208984,0.0,False,False,4,False
74.029537277,1425,74,79537278,map,22.31089973449707,0.0354766845703125,-0.41873157024383545,-0.03430485725402832,0.0,0.0,0.0,2.0321119991551814e-05,-0.017539669493891144,0.0002497794567167211,0.9998461367587115,0,0,0,,0.6754977703094482,0.0081825852394104,0.0,False,False,4,False
74.079537278,1426,74,129537278,map,22.310302734375,-0.0272369384765625,-0.08760571479797363,0.45078039169311523,0.0,0.0,0.0,-0.00010290298126073383,-0.017745736450423155,-0.00017362675226014856,0.9998425116499895,0,0,0,,0.6838722229003906,0.0035358667373657227,0.0,False,False,4,False
74.179537279,1427,74,179537279,map,22.30954360961914,-0.02574920654296875,0.12516729533672333,0.3105318546295166,0.0,0.0,0.0,-7.96282771563531e-05,-0.01830143858253713,-0.000525680676741844,0.9998323732831285,0,0,0,,0.6894276142120361,-0.0007967352867126465,0.0,False,False,4,False
74.22953728,1428,74,229537280,map,22.308956146240234,-0.02254486083984375,-0.30808937549591064,0.2941274642944336,0.0,0.0,0.0,-0.00014344717830670593,-0.018859454616320832,-0.0009161227910647376,0.9998217146639263,0,0,0,,0.6849884986877441,0.004279613494873047,0.0,False,False,4,False
74.279537281,1429,74,279537281,map,22.30851936340332,-0.016021728515625,0.20625784993171692,0.2121412754058838,0.0,0.0,0.0,-9.682158017151084e-05,-0.019068058458893502,-0.0011549954509070823,0.9998175162286858,0,0,0,,0.6850790977478027,-0.003630906343460083,0.0,False,False,4,False
74.329537281,1430,74,329537281,map,22.307859420776367,-0.01598358154296875,-0.04047758877277374,0.07558107376098633,0.0,0.0,0.0,-5.827970647886986e-05,-0.019106002489221795,-0.0012111877474219018,0.999816728354051,0,0,0,,0.6813427209854126,-0.0010747015476226807,0.0,False,False,4,False
74.329537281,1431,74,379537282,map,22.30659294128418,-0.02532958984375,0.07996290922164917,0.0018644332885742188,0.0,0.0,0.0,-1.870073775333897e-05,-0.019076671224210022,-0.0011296932936179077,0.9998173853551199,0,0,0,,0.6793086528778076,-0.0027450621128082275,0.0,False,False,4,False
74.429537283,1432,74,429537283,map,22.304460525512695,-0.042572021484375,-0.5804994106292725,-0.03322482109069824,0.0,0.0,0.0,-0.0001852542427684175,-0.019026757393376243,-0.00127273411791811,0.99981814763077,0,0,0,,0.6783466339111328,0.00739288330078125,0.0,False,False,4,False
74.479537284,1433,74,479537284,map,22.301488876342773,-0.0717926025390625,0.11133871972560883,0.3449082374572754,0.0,0.0,0.0,-0.0002134430823609784,-0.019128950114067858,-0.0014594294375548141,0.9998159369480469,0,0,0,,0.6879312992095947,-0.0018517076969146729,0.0,False,False,4,False
74.529537284,1434,74,529537284,map,22.298229217529297,-0.0783538818359375,0.06675034761428833,0.3554677963256836,0.0,0.0,0.0,-0.0001429064490030766,-0.019626299207381022,-0.0014767575075664704,0.999806284809429,0,0,0,,0.679100751876831,-0.0021001100540161133,0.0,False,False,4,False
74.579537285,1435,74,579537285,map,22.295059204101562,-0.07297515869140625,0.4352240264415741,0.27043581008911133,0.0,0.0,0.0,4.5890470676677086e-05,-0.02022909935220066,-0.0011661443125342025,0.9997946896942921,0,0,0,,0.6931962966918945,-0.007749587297439575,0.0,False,False,4,False
74.579537285,1436,74,629537286,map,22.293315887451172,-0.0445556640625,-0.031515881419181824,0.24921774864196777,0.0,0.0,0.0,0.00011200747571574621,-0.02049573631361042,-0.0007485904419470193,0.999789653807059,0,0,0,,0.6887810230255127,-0.0008792579174041748,0.0,False,False,4,False
74.679537286,1437,74,679537286,map,22.29250144958496,-0.02002716064453125,0.09913522750139236,0.0980830192565918,0.0,0.0,0.0,0.00012627001818809247,-0.020562679121299457,-0.0003786145702023885,0.9997884860980567,0,0,0,,0.6989144086837769,-0.0014255046844482422,0.0,False,False,4,False
74.729537287,1438,74,729537287,map,22.293107986450195,0.01171112060546875,0.18987882137298584,0.014587640762329102,0.0,0.0,0.0,0.000169324116000923,-0.020552798667938042,-9.562577558449114e-06,0.9997887545400859,0,0,0,,0.7014031410217285,-0.002062171697616577,0.0,False,False,4,False
74.779537288,1439,74,779537288,map,22.295230865478516,0.0435638427734375,0.2806067168712616,-0.02506732940673828,0.0,0.0,0.0,0.0002485311167958933,-0.02052260515726117,0.00040325876654142775,0.999789276944002,0,0,0,,0.7085117101669312,-0.0029755830764770508,0.0,False,False,4,False
74.829537289,1440,74,829537289,map,22.2978515625,0.04337310791015625,0.027211029082536697,0.23049592971801758,0.0,0.0,0.0,0.0002457484460199435,-0.0205721712400088,0.0007180644601236787,0.9997880824262729,0,0,0,,0.6994205713272095,0.0011909008026123047,0.0,False,False,4,False
74.829537289,1441,74,879537289,map,22.299203872680664,0.010528564453125,-0.1794162094593048,0.41266918182373047,0.0,0.0,0.0,0.0001328393315011835,-0.021025862667014925,0.0007378707134683868,0.9997786510021257,0,0,0,,0.6866476535797119,0.004937112331390381,0.0,False,False,4,False
74.92953729,1442,74,929537290,map,22.2996826171875,-0.0005340576171875,0.21020525693893433,0.24854421615600586,0.0,0.0,0.0,0.00012235616648851154,-0.021664217577702972,0.0006637145341026574,0.9997650754996055,0,0,0,,0.6926393508911133,-0.0005027353763580322,0.0,False,False,4,False
74.979537291,1443,74,979537291,map,22.299823760986328,-0.0093841552734375,-0.19629092514514923,0.29479265213012695,0.0,0.0,0.0,5.041528211328351e-05,-0.0220030445046476,0.0004513890374429092,0.999757800539092,0,0,0,,0.685250997543335,0.0046027302742004395,0.0,False,False,4,False
75.029537292,1444,75,29537292,map,22.299501419067383,-0.01171112060546875,-0.1544850617647171,0.12371540069580078,0.0,0.0,0.0,-5.0216976850992614e-05,-0.02209454019161223,6.38237382804637e-05,0.9997558825525894,0,0,0,,0.69207763671875,0.003802061080932617,0.0,False,False,4,False
75.079537292,1445,75,79537292,map,22.299175262451172,-0.0078582763671875,-0.2279617041349411,0.02755284309387207,0.0,0.0,0.0,-0.00015346847261896607,-0.02208428110643095,-0.00044197156907956834,0.9997560030510305,0,0,0,,0.6918082237243652,0.004104435443878174,0.0,False,False,4,False
75.129537293,1446,75,129537293,map,22.298885345458984,-0.00518798828125,-0.20517274737358093,-0.021327733993530273,0.0,0.0,0.0,-0.0002353591752221459,-0.022040265144701563,-0.0009947201326083847,0.999756561293932,0,0,0,,0.6929303407669067,0.0028845667839050293,0.0,False,False,4,False
75.179537294,1447,75,179537294,map,22.29832649230957,-0.0152587890625,0.0076961517333984375,0.09655237197875977,0.0,0.0,0.0,-0.00022468906444608356,-0.02201862369726731,-0.0014053673134766383,0.999756547699497,0,0,0,,0.689769983291626,-0.0013205111026763916,0.0,False,False,4,False
75.179537294,1448,75,229537295,map,22.29613494873047,-0.06397247314453125,-0.08123435080051422,0.4670536518096924,0.0,0.0,0.0,-0.00020051422170911528,-0.02237973447139579,-0.0016343958024261883,0.9997481863096316,0,0,0,,0.6883726119995117,-0.001051485538482666,0.0,False,False,4,False
75.229537295,1449,75,279537295,map,22.293590545654297,-0.06153106689453125,-0.1883835345506668,0.23490667343139648,0.0,0.0,0.0,-0.00022418254417167974,-0.02299665559633258,-0.001786835890040817,0.9997339199962522,0,0,0,,0.6872138977050781,0.0003209710121154785,0.0,False,False,4,False
75.329537296,1450,75,329537296,map,22.290769577026367,-0.070953369140625,-0.07825888693332672,0.32366037368774414,0.0,0.0,0.0,-0.00022979028976330556,-0.023409582043775634,-0.001858640036186719,0.9997242040293783,0,0,0,,0.687056303024292,-0.0010891258716583252,0.0,False,False,4,False
75.379537297,1451,75,379537297,map,22.288206100463867,-0.05767822265625,0.18387921154499054,0.1509261131286621,0.0,0.0,0.0,-0.00013573391077235973,-0.023534428721615992,-0.0017079043131375054,0.9997215588872282,0,0,0,,0.6931018829345703,-0.004874825477600098,0.0,False,False,4,False
75.379537297,1452,75,429537298,map,22.28607940673828,-0.04421234130859375,0.13103969395160675,0.041359663009643555,0.0,0.0,0.0,-2.8742542668747067e-05,-0.0235386606868071,-0.0013523676200248014,0.9997220122257777,0,0,0,,0.69228196144104,-0.0039855241775512695,0.0,False,False,4,False
75.479537298,1453,75,479537298,map,22.284149169921875,-0.03765106201171875,0.2356761395931244,-0.014827251434326172,0.0,0.0,0.0,8.471680880527038e-05,-0.02350103883747837,-0.0008425425639548876,0.99972345382043,0,0,0,,0.6925143003463745,-0.004738479852676392,0.0,False,False,4,False
75.529537299,1454,75,529537299,map,22.28293800354004,-0.02231597900390625,0.26172491908073425,-0.0386500358581543,0.0,0.0,0.0,0.00019396400808749427,-0.023457267173542497,-0.000225482191079513,0.9997247962076834,0,0,0,,0.7038887739181519,-0.004225373268127441,0.0,False,False,4,False
75.5795373,1455,75,579537300,map,22.281641006469727,-0.0493621826171875,0.23272864520549774,0.5159950256347656,0.0,0.0,0.0,0.0002700460509618096,-0.023734498789884144,0.00040288680554246826,0.9997181794508616,0,0,0,,0.7033978700637817,-0.00263369083404541,0.0,False,False,4,False
75.5795373,1456,75,629537301,map,22.28117561340332,-0.02227783203125,0.16438759863376617,0.27894020080566406,0.0,0.0,0.0,0.0002977430241273481,-0.02432562541381329,0.0009300089809421787,0.9997036112671664,0,0,0,,0.702934741973877,-0.0005596280097961426,0.0,False,False,4,False
75.679537301,1457,75,679537301,map,22.281036376953125,-0.01712799072265625,-0.1523091346025467,0.3059220314025879,0.0,0.0,0.0,0.00020126492813384296,-0.02484151907346892,0.0011326038350600598,0.9996907399946765,0,0,0,,0.6969618797302246,0.005105197429656982,0.0,False,False,4,False
75.729537302,1458,75,729537302,map,22.281240463256836,-0.00484466552734375,-0.0034457107540220022,0.18735170364379883,0.0,0.0,0.0,0.00011249552401857988,-0.02502342555048741,0.0010362154328490362,0.9996863216909857,0,0,0,,0.7006222009658813,0.003576219081878662,0.0,False,False,4,False
75.779537303,1459,75,779537303,map,22.28169822692871,0.00614166259765625,-0.2345593273639679,0.06194353103637695,0.0,0.0,0.0,-1.0155476206370744e-05,-0.0250548833479279,0.0006563943968537825,0.9996858615903719,0,0,0,,0.7012792825698853,0.006471455097198486,0.0,False,False,4,False
75.779537303,1460,75,829537304,map,22.28183364868164,0.00270843505859375,-0.27059534192085266,-0.004251003265380859,0.0,0.0,0.0,-0.0001490494995508587,-0.025028596421004336,1.9149988285125885e-05,0.9996867243185333,0,0,0,,0.689953088760376,0.00633549690246582,0.0,False,False,4,False
75.879537304,1461,75,879537304,map,22.281261444091797,-0.00980377197265625,-0.0007686764001846313,-0.03434896469116211,0.0,0.0,0.0,-0.0001785979284614723,-0.024984812626153666,-0.0006094983747956683,0.9996876290884804,0,0,0,,0.6954063177108765,0.0009930729866027832,0.0,False,False,4,False
75.929537305,1462,75,929537305,map,22.279220581054688,-0.06114959716796875,-0.20514923334121704,0.41358470916748047,0.0,0.0,0.0,-0.00021154910307666545,-0.02514962274091919,-0.0011644827624578706,0.9996829976061723,0,0,0,,0.691901445388794,0.0022107958793640137,0.0,False,False,4,False
75.929537305,1463,75,979537306,map,22.27610206604004,-0.07862091064453125,-0.17887279391288757,0.32254934310913086,0.0,0.0,0.0,-0.000252977286687509,-0.025680316835730705,-0.0016452052475896483,0.9996688204747622,0,0,0,,0.6880102157592773,0.0009480118751525879,0.0,False,False,4,False
75.979537306,1464,76,29537307,map,22.272275924682617,-0.09090423583984375,-0.10027922689914703,0.2825045585632324,0.0,0.0,0.0,-0.00025931206897323726,-0.02624789882837624,-0.0019728014010530837,0.9996534842729146,0,0,0,,0.689149022102356,-0.0009674429893493652,0.0,False,False,4,False
76.079537307,1465,76,79537307,map,22.268552780151367,-0.08548736572265625,0.08916988968849182,0.22062063217163086,0.0,0.0,0.0,-0.00018990236456156246,-0.02646801224705445,-0.002027830933884109,0.9996475859854238,0,0,0,,0.6932264566421509,-0.004266083240509033,0.0,False,False,4,False
76.129537308,1466,76,129537308,map,22.265289306640625,-0.06931304931640625,0.05426719784736633,0.08019685745239258,0.0,0.0,0.0,-0.00011089766611709398,-0.026509059528802954,-0.0018343967115245882,0.9996468838811586,0,0,0,,0.698818564414978,-0.0038802623748779297,0.0,False,False,4,False
76.179537309,1467,76,179537309,map,22.262117385864258,-0.0640106201171875,-0.14707542955875397,0.003368854522705078,0.0,0.0,0.0,-0.00011483391945192733,-0.026481957272966497,-0.0016032476007739951,0.9996479992223734,0,0,0,,0.6870534420013428,-0.00019073486328125,0.0,False,False,4,False
76.22953731,1468,76,229537310,map,22.25874900817871,-0.0650787353515625,0.36030352115631104,-0.03344535827636719,0.0,0.0,0.0,8.783480675974298e-07,-0.02643517419160885,-0.001191987931661115,0.9996498190513808,0,0,0,,0.7005922794342041,-0.006671428680419922,0.0,False,False,4,False
76.27953731,1469,76,279537310,map,22.255970001220703,-0.06195068359375,0.09376268833875656,0.12573957443237305,0.0,0.0,0.0,8.836609091402716e-05,-0.026451783831319957,-0.0006710981292639446,0.9996498611768403,0,0,0,,0.7003757953643799,-0.002366185188293457,0.0,False,False,4,False
76.329537311,1470,76,329537311,map,22.253658294677734,-0.05458831787109375,0.191814124584198,0.1658034324645996,0.0,0.0,0.0,0.0001513904938952439,-0.02667512160568936,-0.00015500583223031808,0.9996441321497527,0,0,0,,0.7054290771484375,-0.0025257468223571777,0.0,False,False,4,False
76.379537312,1471,76,379537312,map,22.252525329589844,-0.0283050537109375,0.2551362216472626,0.11120319366455078,0.0,0.0,0.0,0.0002251108263868041,-0.026977344975486837,0.00036095287613341744,0.9996359546836091,0,0,0,,0.7105069160461426,-0.0025830864906311035,0.0,False,False,4,False
76.429537313,1472,76,429537313,map,22.25259017944336,-0.00499725341796875,-0.034379661083221436,0.12099266052246094,0.0,0.0,0.0,0.00020139233189896976,-0.027125830616250002,0.0006941958726158264,0.9996317656250213,0,0,0,,0.7054766416549683,0.002453446388244629,0.0,False,False,4,False
76.479537313,1473,76,479537313,map,22.253440856933594,0.0146484375,0.18373064696788788,0.04573345184326172,0.0,0.0,0.0,0.0001990682156839039,-0.0271692348010367,0.0008771617643759208,0.9996304435337146,0,0,0,,0.7130997180938721,3.2961368560791016e-05,0.0,False,False,4,False
76.529537314,1474,76,529537314,map,22.255292892456055,0.03681182861328125,-0.07690113037824631,0.005726814270019531,0.0,0.0,0.0,0.00014490414544434153,-0.027171369066106666,0.0008698373150897559,0.9996304012428329,0,0,0,,0.7118747234344482,0.0037572383880615234,0.0,False,False,4,False
76.579537315,1475,76,579537315,map,22.25786590576172,0.05222320556640625,-0.05748148262500763,-0.013408660888671875,0.0,0.0,0.0,7.009673904856619e-05,-0.027161613071664065,0.0006587110678412459,0.9996308358396722,0,0,0,,0.7135417461395264,0.003462672233581543,0.0,False,False,4,False
76.579537315,1476,76,629537316,map,22.26042938232422,0.05237579345703125,-0.09965568780899048,-0.020267963409423828,0.0,0.0,0.0,-3.6068043950856857e-06,-0.027150335229571415,0.0003079549878312889,0.9996313142592316,0,0,0,,0.7005130052566528,0.0034559965133666992,0.0,False,False,4,False
76.679537316,1477,76,679537316,map,22.262191772460938,0.03631591796875,-0.028671957552433014,-0.01997232437133789,0.0,0.0,0.0,-4.2162101865520055e-05,-0.027138293862807052,-7.340440284516726e-05,0.9996316850922478,0,0,0,,0.7027585506439209,0.0015244483947753906,0.0,False,False,4,False
76.679537316,1478,76,729537317,map,22.263437271118164,0.025787353515625,-0.1229027509689331,-0.01769542694091797,0.0,0.0,0.0,-8.640399553850553e-05,-0.02712670117928843,-0.0004489800623700089,0.9996318987679329,0,0,0,,0.7014589309692383,0.001895129680633545,0.0,False,False,4,False
76.779537318,1479,76,779537318,map,22.264055252075195,0.01293182373046875,-0.1622420847415924,-0.013265609741210938,0.0,0.0,0.0,-0.00014468759819794138,-0.027115306967554643,-0.0008227498445132102,0.9996319634126589,0,0,0,,0.6979678869247437,0.0017894506454467773,0.0,False,False,4,False
76.829537319,1480,76,829537319,map,22.2640438079834,0.000152587890625,-0.1306525617837906,-0.010614395141601562,0.0,0.0,0.0,-0.00018772629947756236,-0.02710437402331086,-0.0011545523357564414,0.9996319245985219,0,0,0,,0.6992630958557129,0.0007483959197998047,0.0,False,False,4,False
76.879537319,1481,76,879537319,map,22.262969970703125,-0.02140045166015625,-0.18339860439300537,-0.007617473602294922,0.0,0.0,0.0,-0.00023120491240443336,-0.027092767834966613,-0.00144399665639923,0.9996318539087203,0,0,0,,0.6853257417678833,0.0010428428649902344,0.0,False,False,4,False
76.92953732,1482,76,929537320,map,22.26044273376465,-0.05023956298828125,0.023809820413589478,-0.006735324859619141,0.0,0.0,0.0,-0.00020639214814311676,-0.02707901724536984,-0.001589345796162013,0.9996320113958168,0,0,0,,0.6907439231872559,-0.002292543649673462,0.0,False,False,4,False
76.979537321,1483,76,979537321,map,22.25729751586914,-0.06259918212890625,0.044040530920028687,-0.005815029144287109,0.0,0.0,0.0,-0.00014380896314535545,-0.027064105273570702,-0.001538589903812667,0.9996325056068511,0,0,0,,0.6920335292816162,-0.002934366464614868,0.0,False,False,4,False
77.029537321,1484,77,29537321,map,22.254146575927734,-0.0634765625,-0.3051702678203583,-0.004611015319824219,0.0,0.0,0.0,-0.00019565831795994454,-0.02705062265447172,-0.0015285872280523768,0.9996328770868405,0,0,0,,0.7000430822372437,0.002543151378631592,0.0,False,False,4,False
77.029537321,1485,77,79537322,map,22.251773834228516,-0.04730224609375,0.028186962008476257,-0.0029969215393066406,0.0,0.0,0.0,-0.00019318452316019485,-0.02704222576238794,-0.0015162824866145899,0.9996331234973043,0,0,0,,0.702800989151001,-0.0015257298946380615,0.0,False,False,4,False
77.129537323,1486,77,129537323,map,22.250308990478516,-0.0286865234375,0.2980354428291321,-0.0010800361633300781,0.0,0.0,0.0,-5.863081625222557e-05,-0.027039574876595654,-0.001272579300678771,0.9996335521053921,0,0,0,,0.7082717418670654,-0.0056303441524505615,0.0,False,False,4,False
77.179537324,1487,77,179537324,map,22.250078201293945,-0.004425048828125,0.1402101218700409,5.245208740234375e-05,0.0,0.0,0.0,5.512165578166666e-05,-0.027042784311820618,-0.0008631717225705825,0.999633902842858,0,0,0,,0.7095450162887573,-0.003247886896133423,0.0,False,False,4,False
77.229537324,1488,77,229537324,map,22.250680923461914,0.01220703125,0.13759273290634155,0.0005125999450683594,0.0,0.0,0.0,0.00011974372253226883,-0.027050345729375994,-0.0004185837487512171,0.9996339776363183,0,0,0,,0.7075631618499756,-0.0022937357425689697,0.0,False,False,4,False
77.279537325,1489,77,279537325,map,22.25163459777832,0.01918792724609375,0.18345192074775696,0.0007843971252441406,0.0,0.0,0.0,0.00017358226647261948,-0.02705934706599823,2.305436462961676e-05,0.9996338134907476,0,0,0,,0.7052162885665894,-0.002079486846923828,0.0,False,False,4,False
77.329537326,1490,77,329537326,map,22.2528076171875,0.0234222412109375,0.04714205861091614,0.0017690658569335938,0.0,0.0,0.0,0.00017526215922248294,-0.027067929529250686,0.0003585567558306537,0.9996335168006463,0,0,0,,0.7075753211975098,0.0006736516952514648,0.0,False,False,4,False
77.379537327,1491,77,379537327,map,22.254426956176758,0.03238677978515625,0.1258118599653244,0.0018405914306640625,0.0,0.0,0.0,0.0001753125592656495,-0.027076055253901523,0.0005766982161410487,0.9996331946852114,0,0,0,,0.7104548215866089,0.00019305944442749023,0.0,False,False,4,False
77.429537327,1492,77,429537327,map,22.25621795654297,0.03574371337890625,-0.12978437542915344,0.0015115737915039062,0.0,0.0,0.0,0.00010381575030783214,-0.02708360431975689,0.0005782204469543882,0.9996329992854656,0,0,0,,0.7035657167434692,0.004159688949584961,0.0,False,False,4,False
77.479537328,1493,77,479537328,map,22.25754737854004,0.02655029296875,-0.0019567832350730896,0.0013446807861328125,0.0,0.0,0.0,4.548470324101099e-05,-0.027088589418793163,0.00040399117855920684,0.9996329541614609,0,0,0,,0.7006211280822754,0.0024015307426452637,0.0,False,False,4,False
77.529537329,1494,77,529537329,map,22.258508682250977,0.01918792724609375,0.25432753562927246,0.0016379356384277344,0.0,0.0,0.0,9.872488598668468e-05,-0.02709048224801136,0.0003016851312891984,0.9996329351372176,0,0,0,,0.7053574323654175,-0.0021454691886901855,0.0,False,False,4,False
77.57953733,1495,77,579537330,map,22.259763717651367,0.0251007080078125,-0.1494009643793106,0.001049041748046875,0.0,0.0,0.0,6.517839725166599e-05,-0.027091276096780186,0.00016563646104535517,0.9996329481743723,0,0,0,,0.709101676940918,0.00290757417678833,0.0,False,False,4,False
77.62953733,1496,77,629537330,map,22.261615753173828,0.0370025634765625,0.040557026863098145,0.001678466796875,0.0,0.0,0.0,3.5361104465573835e-05,-0.0270930729573638,3.0865751277260312e-06,0.9996329146930847,0,0,0,,0.7115154266357422,7.021427154541016e-05,0.0,False,False,4,False
77.679537331,1497,77,679537331,map,22.26371955871582,0.04192352294921875,-0.20345622301101685,0.0025796890258789062,0.0,0.0,0.0,-4.2902237016731454e-05,-0.02709616292036877,-0.00022840248069033717,0.9996328045571021,0,0,0,,0.7055990695953369,0.003140747547149658,0.0,False,False,4,False
77.729537332,1498,77,729537332,map,22.265493392944336,0.03520965576171875,-0.2269732654094696,0.002014636993408203,0.0,0.0,0.0,-0.00014875567777437485,-0.027098534184671567,-0.0005807894770071519,0.9996325875042159,0,0,0,,0.7030055522918701,0.0033814311027526855,0.0,False,False,4,False
77.779537333,1499,77,779537333,map,22.266847610473633,0.02689361572265625,-0.14973995089530945,0.0010251998901367188,0.0,0.0,0.0,-0.0002151054226475566,-0.027099015606307675,-0.0009675481464855388,0.9996322628513999,0,0,0,,0.7025017738342285,0.0017881989479064941,0.0,False,False,4,False
77.829537333,1500,77,829537333,map,22.267841339111328,0.01995086669921875,0.08902795612812042,0.0012087821960449219,0.0,0.0,0.0,-0.00017438456047258087,-0.02709777008468967,-0.0011925876939266789,0.999632061401121,0,0,0,,0.7026946544647217,-0.002498060464859009,0.0,False,False,4,False
77.829537333,1501,77,879537334,map,22.2680606842041,0.00415802001953125,-0.16189157962799072,0.00011682510375976562,0.0,0.0,0.0,-0.00017276328255772894,-0.027094597218336697,-0.0013193879369521838,0.9996319883686675,0,0,0,,0.6917355060577393,0.0005196928977966309,0.0,False,False,4,False
77.929537335,1502,77,929537335,map,22.267486572265625,-0.01132965087890625,0.09754825383424759,-0.000286102294921875,0.0,0.0,0.0,-0.0001266523433948298,-0.02708828441547768,-0.0013065943233494417,0.9996321831643297,0,0,0,,0.7027547359466553,-0.003148108720779419,0.0,False,False,4,False
77.979537336,1503,77,979537336,map,22.266721725463867,-0.01537322998046875,-0.09004291146993637,-0.0012111663818359375,0.0,0.0,0.0,-0.00011137063287371227,-0.027081400214434975,-0.001214179793088988,0.999632488030695,0,0,0,,0.6947299242019653,-0.00042378902435302734,0.0,False,False,4,False
78.029537336,1504,78,29537336,map,22.265657424926758,-0.0211334228515625,0.12103989720344543,-0.000591278076171875,0.0,0.0,0.0,-6.11555088310675e-05,-0.02707431633301415,-0.0010302144672328245,0.9996328907720349,0,0,0,,0.7030481100082397,-0.0029743313789367676,0.0,False,False,4,False
78.079537337,1505,78,79537337,map,22.265501022338867,-0.00308990478515625,0.045688338577747345,7.152557373046875e-05,0.0,0.0,0.0,-1.5884629043061413e-05,-0.027070011873168407,-0.0007779008736301414,0.9996332372801014,0,0,0,,0.7138692140579224,-0.0015762150287628174,0.0,False,False,4,False
78.129537338,1506,78,129537338,map,22.266681671142578,0.0237274169921875,0.1066829264163971,0.0007891654968261719,0.0,0.0,0.0,2.9654431462702098e-05,-0.027071223800409442,-0.0004966329361059226,0.9996333834552995,0,0,0,,0.7126591205596924,-0.0018433034420013428,0.0,False,False,4,False
78.179537339,1507,78,179537339,map,22.268571853637695,0.03780364990234375,-0.006626546382904053,0.0013709068298339844,0.0,0.0,0.0,3.5857506818888675e-05,-0.027077056530509215,-0.00026914211531806146,0.9996333124133091,0,0,0,,0.7088005542755127,0.00037926435470581055,0.0,False,False,4,False
78.179537339,1508,78,229537339,map,22.27069854736328,0.04253387451171875,0.07089991122484207,0.002353191375732422,0.0,0.0,0.0,4.464761992299294e-05,-0.027084259565665174,-0.00010773746028766519,0.9996331473510718,0,0,0,,0.7087116241455078,-0.00016900897026062012,0.0,False,False,4,False
78.229537339,1509,78,279537340,map,22.27313804626465,0.04886627197265625,0.36397719383239746,0.0024271011352539062,0.0,0.0,0.0,0.00015288579816909447,-0.027091498599854658,0.00016774746484681473,0.9996329322257919,0,0,0,,0.7134160995483398,-0.004415780305862427,0.0,False,False,4,False
78.329537341,1510,78,329537341,map,22.276254653930664,0.062255859375,0.023750625550746918,0.003445148468017578,0.0,0.0,0.0,0.00018335300549301607,-0.02709943074401197,0.00043778937172185816,0.9996326303075004,0,0,0,,0.7132208347320557,0.0004864335060119629,0.0,False,False,4,False
78.329537341,1511,78,379537342,map,22.279767990112305,0.07015228271484375,-0.10818812251091003,0.0036454200744628906,0.0,0.0,0.0,0.00011158385978460586,-0.027107439523069845,0.0005071383795577601,0.9996323909729062,0,0,0,,0.7132372856140137,0.003164231777191162,0.0,False,False,4,False
78.429537342,1512,78,429537342,map,22.283140182495117,0.06725311279296875,-0.25255870819091797,0.0031614303588867188,0.0,0.0,0.0,-2.5752019348103042e-05,-0.027114412292701902,0.00028633958165968297,0.9996322953929103,0,0,0,,0.7050807476043701,0.005689561367034912,0.0,False,False,4,False
78.479537343,1513,78,479537343,map,22.285932540893555,0.05558013916015625,-0.16054607927799225,0.0036644935607910156,0.0,0.0,0.0,-0.00013255621563095107,-0.027118200105603465,-0.00014012941065881884,0.9996322153750501,0,0,0,,0.7054688930511475,0.004142880439758301,0.0,False,False,4,False
78.529537344,1514,78,529537344,map,22.288169860839844,0.04467010498046875,-0.027834735810756683,0.0019860267639160156,0.0,0.0,0.0,-0.00015638544762459984,-0.027118430096334675,-0.0005772420296374879,0.9996320488481455,0,0,0,,0.7025957107543945,0.0011864304542541504,0.0,False,False,4,False
78.579537345,1515,78,579537345,map,22.289865493774414,0.033721923828125,-0.09967684745788574,0.0014829635620117188,0.0,0.0,0.0,-0.0001637221049320659,-0.027116048574981826,-0.0009556315620899444,0.9996318221590734,0,0,0,,0.7042359113693237,0.0010694265365600586,0.0,False,False,4,False
78.579537345,1516,78,629537345,map,22.291118621826172,0.0249481201171875,-0.04311487078666687,0.0016832351684570312,0.0,0.0,0.0,-0.0001565759826128454,-0.027111669291098137,-0.001231765813839474,0.9996316399680394,0,0,0,,0.700903058052063,-0.000507742166519165,0.0,False,False,4,False
78.679537346,1517,78,679537346,map,22.291807174682617,0.0139617919921875,0.1466200053691864,0.0005006790161132812,0.0,0.0,0.0,-8.203191866872612e-05,-0.02710580206719906,-0.0012789551671493046,0.9996317487148647,0,0,0,,0.7012786865234375,-0.00391542911529541,0.0,False,False,4,False
78.729537347,1518,78,729537347,map,22.29248046875,0.0131988525390625,-0.1910114586353302,0.0006937980651855469,0.0,0.0,0.0,-9.611259491162154e-05,-0.027099647725375813,-0.001258935908416988,0.9996319397337744,0,0,0,,0.7081050872802734,0.0008255243301391602,0.0,False,False,4,False
78.779537348,1519,78,779537348,map,22.293481826782227,0.02010345458984375,0.06132259964942932,0.0009822845458984375,0.0,0.0,0.0,-8.462111477050872e-05,-0.02709531739531098,-0.0011786846806845954,0.9996321560038662,0,0,0,,0.7053710222244263,-0.002248227596282959,0.0,False,False,4,False
78.829537348,1520,78,829537348,map,22.2947940826416,0.02613067626953125,-0.034577324986457825,0.0013971328735351562,0.0,0.0,0.0,-7.361513702887324e-05,-0.027093249991653037,-0.0010475230854746173,0.9996323589605763,0,0,0,,0.7107235193252563,-0.0006780326366424561,0.0,False,False,4,False
78.879537349,1521,78,879537349,map,22.29633903503418,0.03078460693359375,-0.05302786827087402,0.0015950202941894531,0.0,0.0,0.0,-8.058956425826709e-05,-0.027093784972270073,-0.0009416716290395425,0.9996324492410906,0,0,0,,0.7035572528839111,0.00013118982315063477,0.0,False,False,4,False
78.92953735,1522,78,929537350,map,22.297914505004883,0.03177642822265625,0.20294688642024994,0.0016641616821289062,0.0,0.0,0.0,-1.22154757997009e-05,-0.027094681300945965,-0.0007500577775996851,0.9996325902596976,0,0,0,,0.7115286588668823,-0.003276735544204712,0.0,False,False,4,False
78.979537351,1523,78,979537351,map,22.300064086914062,0.04306793212890625,0.15410485863685608,0.0021648406982421875,0.0,0.0,0.0,7.068407987159991e-05,-0.027096922406732945,-0.00045348483252130573,0.9996327056230958,0,0,0,,0.7106890678405762,-0.0025307536125183105,0.0,False,False,4,False
79.029537351,1524,79,29537351,map,22.302608489990234,0.05096435546875,0.20269006490707397,0.0028395652770996094,0.0,0.0,0.0,0.0001474249913119591,-0.027100655007898215,-8.844637431212901e-05,0.9996326950141505,0,0,0,,0.7118909358978271,-0.0027877390384674072,0.0,False,False,4,False
79.079537352,1525,79,79537352,map,22.30586814880371,0.065155029296875,0.1922847330570221,0.0031280517578125,0.0,0.0,0.0,0.0002075253395194987,-0.027105941379647922,0.00030729676741938605,0.9996324976929537,0,0,0,,0.7185581922531128,-0.002133011817932129,0.0,False,False,4,False
79.079537352,1526,79,129537353,map,22.30972671508789,0.077056884765625,-0.047783561050891876,0.004076957702636719,0.0,0.0,0.0,0.0001740146538332797,-0.027113000454104048,0.0005609724597914104,0.99963220248008,0,0,0,,0.7109158039093018,0.00205838680267334,0.0,False,False,4,False
79.179537354,1527,79,179537354,map,22.313379287719727,0.07293701171875,0.07951773703098297,0.004208087921142578,0.0,0.0,0.0,0.00014116553647842254,-0.027119380155617722,0.0006675549965914966,0.9996319691079277,0,0,0,,0.7087489366531372,0.0008715391159057617,0.0,False,False,4,False
79.229537354,1528,79,229537354,map,22.317197799682617,0.07625579833984375,-0.14229419827461243,0.0035142898559570312,0.0,0.0,0.0,6.065612510728106e-05,-0.027124383575493297,0.0005762535975087687,0.9996318982847012,0,0,0,,0.7190890312194824,0.004124641418457031,0.0,False,False,4,False
79.279537355,1529,79,279537355,map,22.322010040283203,0.0960540771484375,-0.1502329707145691,0.005133152008056641,0.0,0.0,0.0,-3.863540223466538e-05,-0.02713032395504403,0.0002721559651861875,0.9996318672193933,0,0,0,,0.7217923402786255,0.0042002201080322266,0.0,False,False,4,False
79.329537356,1530,79,329537356,map,22.327041625976562,0.10040283203125,-0.18815873563289642,0.004563331604003906,0.0,0.0,0.0,-0.00013135065835756136,-0.027137260508963184,-0.00018382312400763503,0.9996316911983794,0,0,0,,0.7078906297683716,0.004137754440307617,0.0,False,False,4,False
79.379537357,1531,79,379537357,map,22.33113670349121,0.08113861083984375,-0.4099362790584564,0.005125999450683594,0.0,0.0,0.0,-0.00027483558713545177,-0.027141056163399704,-0.0008341084220083517,0.9996312279030081,0,0,0,,0.7069762945175171,0.00659412145614624,0.0,False,False,4,False
79.429537357,1532,79,429537357,map,22.334766387939453,0.0727081298828125,0.09436190128326416,0.0030088424682617188,0.0,0.0,0.0,-0.00026235861348546027,-0.027141419268773125,-0.0013739241412250563,0.9996306252113774,0,0,0,,0.7096260786056519,-0.0018290877342224121,0.0,False,False,4,False
79.479537358,1533,79,479537358,map,22.337871551513672,0.0618743896484375,-0.07531754672527313,0.0031685829162597656,0.0,0.0,0.0,-0.00021741334691462736,-0.0271392791134274,-0.0016880369638513529,0.9996302130247208,0,0,0,,0.7034438848495483,-0.0010006725788116455,0.0,False,False,4,False
79.529537359,1534,79,529537359,map,22.340049743652344,0.0434112548828125,-0.06227120757102966,0.00225067138671875,0.0,0.0,0.0,-0.00019019294717247443,-0.027134061155431627,-0.0018321893620642587,0.9996301064063635,0,0,0,,0.7013523578643799,-0.0016478300094604492,0.0,False,False,4,False
79.579537359,1535,79,579537359,map,22.34170150756836,0.03322601318359375,0.14441922307014465,0.002048015594482422,0.0,0.0,0.0,-0.00010673276184919614,-0.02712683246575643,-0.0017274552265907261,0.999630501468884,0,0,0,,0.7080316543579102,-0.004789948463439941,0.0,False,False,4,False
79.62953736,1536,79,629537360,map,22.343345642089844,0.032958984375,0.08808694779872894,0.001926422119140625,0.0,0.0,0.0,-2.6864420158999395e-05,-0.027119815025322572,-0.0014129720835681207,0.9996311912006279,0,0,0,,0.7054219245910645,-0.003812342882156372,0.0,False,False,4,False
79.679537361,1537,79,679537361,map,22.344688415527344,0.02696990966796875,0.10566171258687973,0.0011992454528808594,0.0,0.0,0.0,3.3118726325384376e-05,-0.027113615869596177,-0.0009891257864193786,0.9996318684234735,0,0,0,,0.7033308744430542,-0.003220200538635254,0.0,False,False,4,False
79.729537362,1538,79,729537362,map,22.34591293334961,0.0244903564453125,0.025320835411548615,0.0012898445129394531,0.0,0.0,0.0,5.1036743358339514e-05,-0.027107884437271187,-0.0005793554855724403,0.9996323445866524,0,0,0,,0.7081599235534668,-0.0009866058826446533,0.0,False,False,4,False
79.779537362,1539,79,779537362,map,22.34723663330078,0.02674102783203125,0.4103264808654785,0.0013208389282226562,0.0,0.0,0.0,0.00016812583566508737,-0.02710380918741853,-5.9532742187029186e-05,0.9996326083702392,0,0,0,,0.7074931859970093,-0.005708098411560059,0.0,False,False,4,False
79.829537363,1540,79,829537363,map,22.34925651550293,0.040283203125,-0.13629233837127686,0.002257823944091797,0.0,0.0,0.0,0.0001509051574902419,-0.027102022334358954,0.0003299690167229544,0.9996326068778817,0,0,0,,0.7177637815475464,0.0028802156448364258,0.0,False,False,4,False
79.829537363,1541,79,879537364,map,22.352048873901367,0.05584716796875,0.1802118867635727,0.0027441978454589844,0.0,0.0,0.0,0.0001482680405689119,-0.02710431411352285,0.0005666577777886857,0.9996324389854435,0,0,0,,0.7097808122634888,-0.0004965662956237793,0.0,False,False,4,False
79.929537365,1542,79,929537365,map,22.354997634887695,0.05889892578125,0.18790653347969055,0.0033092498779296875,0.0,0.0,0.0,0.00018710416656064234,-0.02710807277514479,0.0007669620444854015,0.9996321969362886,0,0,0,,0.7131789922714233,-0.0006341040134429932,0.0,False,False,4,False
79.979537365,1543,79,979537365,map,22.358610153198242,0.07213592529296875,0.019176006317138672,0.0032591819763183594,0.0,0.0,0.0,0.0001745162854365309,-0.027113251882587303,0.0008549407254836186,0.9996319873797423,0,0,0,,0.7194442749023438,0.0018395185470581055,0.0,False,False,4,False
80.029537366,1544,80,29537366,map,22.36287498474121,0.08518218994140625,-0.17017629742622375,0.005190372467041016,0.0,0.0,0.0,7.610326594764258e-05,-0.027120255231289317,0.0007062252806552707,0.9996319258658838,0,0,0,,0.7148878574371338,0.004766941070556641,0.0,False,False,4,False
80.029537366,1545,80,79537367,map,22.367094039916992,0.08426666259765625,-0.08532972633838654,0.004100799560546875,0.0,0.0,0.0,-1.2621614986946957e-05,-0.02712728049006169,0.0003779408626457928,0.9996319160844219,0,0,0,,0.709723711013794,0.0033374428749084473,0.0,False,False,4,False
80.079537367,1546,80,129537368,map,22.37122344970703,0.08243560791015625,-0.060953132808208466,0.0043010711669921875,0.0,0.0,0.0,-6.186123954902058e-05,-0.027132337878673706,-5.310721860071043e-06,0.9996318484253194,0,0,0,,0.7163928747177124,0.0020949840545654297,0.0,False,False,4,False
80.179537368,1547,80,179537368,map,22.375085830688477,0.0771331787109375,-0.036166831851005554,0.0039005279541015625,0.0,0.0,0.0,-8.087590987698584e-05,-0.027135707717441573,-0.00035298627264785943,0.9996316932883091,0,0,0,,0.7029001712799072,0.0007300376892089844,0.0,False,False,4,False
80.179537368,1548,80,229537369,map,22.380401611328125,0.1703643798828125,-0.24758636951446533,-1.271226406097412,0.0,0.0,0.0,-0.00015213214670795687,-0.026549869502215835,-0.0007297242062460214,0.9996472121642755,0,0,0,,0.7066881656646729,0.003357529640197754,0.0,False,False,4,False
80.27953737,1549,80,279537370,map,22.386438369750977,0.16834259033203125,-0.1653122901916504,-0.9960770606994629,0.0,0.0,0.0,-0.00021652296979232617,-0.024974382610385894,-0.001116053108571109,0.9996874450329425,0,0,0,,0.7015557289123535,0.0015807747840881348,0.0,False,False,4,False
80.329537371,1550,80,329537371,map,22.39178466796875,0.14644622802734375,-0.47987446188926697,-0.8824253082275391,0.0,0.0,0.0,-0.0003560401843201554,-0.023333623823452415,-0.0016303346665067185,0.9997263411771883,0,0,0,,0.7055367231369019,0.005889415740966797,0.0,False,False,4,False
80.379537371,1551,80,379537371,map,22.39558982849121,0.10494232177734375,-0.36845341324806213,-0.6788218021392822,0.0,0.0,0.0,-0.00048043057073295336,-0.02266586592553353,-0.0022697379282354776,0.9997404043040622,0,0,0,,0.6952028274536133,0.003949761390686035,0.0,False,False,4,False
80.379537371,1552,80,429537372,map,22.397607803344727,0.04985809326171875,-0.5867235660552979,-0.27446627616882324,0.0,0.0,0.0,-0.0006302148162427055,-0.02250032068165578,-0.003041226147623437,0.9997420113919526,0,0,0,,0.6895778179168701,0.006377696990966797,0.0,False,False,4,False
80.479537373,1553,80,479537373,map,22.39727783203125,-0.00591278076171875,-0.2768683433532715,-0.048090219497680664,0.0,0.0,0.0,-0.0006780677236302988,-0.02253179925019461,-0.0037669018664188087,0.9997388002358615,0,0,0,,0.6681859493255615,0.0010901093482971191,0.0,False,False,4,False
80.529537374,1554,80,529537374,map,22.39435386657715,-0.0605010986328125,0.13099193572998047,0.06184697151184082,0.0,0.0,0.0,-0.0005288801212498771,-0.022617789148443763,-0.004086559526835035,0.9997356930364583,0,0,0,,0.682452917098999,-0.006221771240234375,0.0,False,False,4,False
80.529537374,1555,80,579537374,map,22.390613555908203,-0.07781982421875,0.3201797604560852,0.10279178619384766,0.0,0.0,0.0,-0.0002654435681557008,-0.022704303436161727,-0.003825679161077187,0.999734869014854,0,0,0,,0.6845117807388306,-0.009980887174606323,0.0,False,False,4,False
80.629537375,1556,80,629537375,map,22.385557174682617,-0.1204681396484375,0.6196516752243042,0.4936826229095459,0.0,0.0,0.0,-0.00038942745729456585,-0.02291749183682183,-0.002953444407099725,0.9997329213746534,0,0,0,,0.6871482133865356,-0.013400167226791382,0.0,False,False,4,False
80.629537375,1557,80,679537376,map,22.3796443939209,-0.14606475830078125,0.649970293045044,0.6506764888763428,0.0,0.0,0.0,-0.0008632649895679849,-0.02356948972265971,-0.0016276000057071473,0.9997205033638115,0,0,0,,0.6872891187667847,-0.011387377977371216,0.0,False,False,4,False
80.729537377,1558,80,729537377,map,22.37649917602539,-0.05519866943359375,0.42568862438201904,-0.16314983367919922,0.0,0.0,0.0,-0.00018003691526444172,-0.024173268227555632,-0.00010586386585508919,0.9997077620398622,0,0,0,,0.7072733640670776,-0.007980287075042725,0.0,False,False,4,False
80.729537377,1559,80,779537377,map,22.37777328491211,0.061492919921875,0.49580836296081543,-0.8159017562866211,0.0,0.0,0.0,3.2233075379538455e-05,-0.023457497693105255,0.0013211253737665921,0.9997239615967767,0,0,0,,0.7086715698242188,-0.005817621946334839,0.0,False,False,4,False
80.829537378,1560,80,829537378,map,22.382518768310547,0.13652801513671875,0.24898231029510498,-0.9909570217132568,0.0,0.0,0.0,0.00032739345434256757,-0.02183572020270447,0.0024331492170425813,0.9997585578136569,0,0,0,,0.7168242931365967,0.00046706199645996094,0.0,False,False,4,False
80.879537379,1561,80,879537379,map,22.389633178710938,0.195770263671875,-0.11047646403312683,-1.3470649719238281,0.0,0.0,0.0,0.0005005982746041245,-0.02020349573178434,0.0029793143018253944,0.9997913241511321,0,0,0,,0.713538646697998,0.007899820804595947,0.0,False,False,4,False
80.92953738,1562,80,929537380,map,22.397897720336914,0.204010009765625,0.3378225564956665,-1.0605573654174805,0.0,0.0,0.0,0.0004392781124623489,-0.01892742507744121,0.0031347786928202135,0.9998158494328968,0,0,0,,0.7096328735351562,0.002489030361175537,0.0,False,False,4,False
80.97953738,1563,80,979537380,map,22.40971565246582,0.35633087158203125,-0.2262614369392395,-3.8132941722869873,0.0,0.0,0.0,-0.0003529051756730691,-0.01681162999167325,0.0027913257765150605,0.9998547159739607,0,0,0,,0.6905555725097656,0.013242185115814209,0.0,False,False,4,False
81.029537381,1564,81,29537381,map,22.42005729675293,0.23334503173828125,-0.7117681503295898,-1.0070228576660156,0.0,0.0,0.0,-0.0001805491876888178,-0.012952490934549277,0.001806290474497734,0.9999144651895497,0,0,0,,0.6953954696655273,0.01735442876815796,0.0,False,False,4,False
81.079537382,1565,81,79537382,map,22.42747688293457,0.18047332763671875,-0.7638437747955322,-1.4188110828399658,0.0,0.0,0.0,-0.0006990778410899674,-0.011353964274767333,8.205964957584428e-05,0.9999352939323791,0,0,0,,0.682875394821167,0.01726919412612915,0.0,False,False,4,False
81.129537383,1566,81,129537383,map,22.436429977416992,0.2512359619140625,-0.9606702327728271,-4.529257774353027,0.0,0.0,0.0,-0.000866799554619049,-0.009342347416159498,-0.002029205120702855,0.9999539247034666,0,0,0,,0.6484740972518921,0.021734118461608887,0.0,False,False,4,False
81.179537383,1567,81,179537383,map,22.437639236450195,-0.0054168701171875,-0.9024791717529297,1.831563115119934,0.0,0.0,0.0,-0.0007468961272749534,-0.006649951586360808,-0.0042730602615863355,0.9999684801262863,0,0,0,,0.6462579965591431,0.009568095207214355,0.0,False,False,4,False
81.179537383,1568,81,229537384,map,22.431732177734375,-0.1070404052734375,-0.9503403306007385,-1.2678605318069458,0.0,0.0,0.0,-0.000996780464820031,-0.007477417018750044,-0.0066622927157419755,0.9999493529770406,0,0,0,,0.625309944152832,0.009813666343688965,0.0,False,False,4,False
81.279537385,1569,81,279537385,map,22.42110824584961,-0.2346038818359375,-0.6388422846794128,1.1560827493667603,0.0,0.0,0.0,-0.0009099499327967656,-0.009223495657693278,-0.008577351630481896,0.9999202608998277,0,0,0,,0.6140985488891602,-0.0015679597854614258,0.0,False,False,4,False
81.329537386,1570,81,329537386,map,22.40738296508789,-0.28797149658203125,0.048532187938690186,0.8503842353820801,0.0,0.0,0.0,-0.0006534649294797677,-0.01009547189340529,-0.009362578928499002,0.9999049937602286,0,0,0,,0.6161676645278931,-0.014060676097869873,0.0,False,False,4,False
81.379537386,1571,81,379537386,map,22.391267776489258,-0.3296661376953125,0.31923234462738037,0.5722534656524658,0.0,0.0,0.0,-0.00024939757403584636,-0.010504213405486398,-0.008911984708646922,0.999905083410488,0,0,0,,0.625184178352356,-0.019188225269317627,0.0,False,False,4,False
81.429537387,1572,81,429537387,map,22.37512969970703,-0.32497406005859375,0.5553671717643738,0.35804271697998047,0.0,0.0,0.0,0.00020918916530868068,-0.010678860373661454,-0.007413961053733457,0.9999154721087711,0,0,0,,0.6484593152999878,-0.021090775728225708,0.0,False,False,4,False
81.479537388,1573,81,479537388,map,22.36122703552246,-0.27545928955078125,1.0202481746673584,0.20608842372894287,0.0,0.0,0.0,0.0007615317469971904,-0.010746715627741774,-0.005017825659878683,0.9999293723049952,0,0,0,,0.6681326627731323,-0.024447917938232422,0.0,False,False,4,False
81.529537389,1574,81,529537389,map,22.351486206054688,-0.19214630126953125,1.1601293087005615,0.10693371295928955,0.0,0.0,0.0,0.0013180012342129163,-0.01077529032069498,-0.002005707106332194,0.9999390647085726,0,0,0,,0.6872937679290771,-0.021851569414138794,0.0,False,False,4,False
81.579537389,1575,81,579537389,map,22.347087860107422,-0.087127685546875,1.1258374452590942,0.04547238349914551,0.0,0.0,0.0,0.0017650572466851836,-0.010798282274994683,0.001173873014235659,0.9999394500143356,0,0,0,,0.7041305303573608,-0.015557944774627686,0.0,False,False,4,False
81.62953739,1576,81,629537390,map,22.348608016967773,0.0298309326171875,0.7235992550849915,0.012268424034118652,0.0,0.0,0.0,0.001961192315497292,-0.010831719360043447,0.003922351519330994,0.9999317190383379,0,0,0,,0.7174384593963623,-0.0035857856273651123,0.0,False,False,4,False
81.62953739,1577,81,679537391,map,22.355085372924805,0.1262664794921875,1.2618098258972168,-0.004361271858215332,0.0,0.0,0.0,0.002189570794114359,-0.010877439919363375,0.006210547497292526,0.9999191548221897,0,0,0,,0.7296813726425171,-0.0065475404262542725,0.0,False,False,4,False
81.729537392,1578,81,729537392,map,22.367040634155273,0.23899078369140625,0.08475840091705322,-0.00958859920501709,0.0,0.0,0.0,0.0020584931514003933,-0.010937351105027408,0.007515248988526027,0.999909824928924,0,0,0,,0.73469078540802,0.013477623462677002,0.0,False,False,4,False
81.779537392,1579,81,779537392,map,22.382549285888672,0.3102874755859375,0.0377008318901062,-0.009837150573730469,0.0,0.0,0.0,0.0017273083137808536,-0.011005175731480216,0.007576689723985379,0.9999092440246439,0,0,0,,0.7271859645843506,0.01663792133331299,0.0,False,False,4,False
81.829537393,1580,81,829537393,map,22.399625778198242,0.34275054931640625,-0.2463001012802124,-0.007138252258300781,0.0,0.0,0.0,0.0013242613317922276,-0.011071061559573301,0.006559197918266045,0.9999163239244263,0,0,0,,0.7182468175888062,0.01971834897994995,0.0,False,False,4,False
81.879537394,1581,81,879537394,map,22.416196823120117,0.33294677734375,-0.40339574217796326,-0.004388093948364258,0.0,0.0,0.0,0.0009065649250846887,-0.011124806705121235,0.004733640479808818,0.9999265020308333,0,0,0,,0.6955024003982544,0.018695712089538574,0.0,False,False,4,False
81.929537395,1582,81,929537395,map,22.430805206298828,0.29262542724609375,-0.1349279284477234,-0.0022220611572265625,0.0,0.0,0.0,0.0006416733150633635,-0.011158709508452424,0.0026674249722606395,0.9999339759711539,0,0,0,,0.6903625726699829,0.009622812271118164,0.0,False,False,4,False
81.929537395,1583,81,979537395,map,22.44253921508789,0.2359771728515625,-0.6458786129951477,-0.001589655876159668,0.0,0.0,0.0,0.00033057331462972664,-0.011171819877874386,0.000557793267849018,0.9999373830538443,0,0,0,,0.6777111291885376,0.011496543884277344,0.0,False,False,4,False
82.029537396,1584,82,29537396,map,22.45115089416504,0.172576904296875,-0.620712161064148,-0.0007385015487670898,0.0,0.0,0.0,2.3415600923406544e-05,-0.011165610863146679,-0.0014541251378948176,0.9999366050434625,0,0,0,,0.6700291633605957,0.006919384002685547,0.0,False,False,4,False
82.079537397,1585,82,79537397,map,22.455862045288086,0.09365081787109375,-0.6702451705932617,-0.0008851289749145508,0.0,0.0,0.0,-0.0002333719675160359,-0.011142765418297333,-0.0031888476184599064,0.9999328055260632,0,0,0,,0.6497774124145508,0.0038953423500061035,0.0,False,False,4,False
82.129537397,1586,82,129537397,map,22.45623016357422,0.00576019287109375,-0.778381884098053,-0.02110004425048828,0.0,0.0,0.0,-0.0004839932795571391,-0.011099496043140119,-0.004621950409537905,0.9999275996353464,0,0,0,,0.648137092590332,0.0029199719429016113,0.0,False,False,4,False
82.179537398,1587,82,179537398,map,22.454402923583984,-0.035247802734375,-0.40143251419067383,-0.14467597007751465,0.0,0.0,0.0,-0.0007859686145036562,-0.010970513354020349,-0.005575972718052735,0.9999239664186141,0,0,0,,0.6591494083404541,-0.003858238458633423,0.0,False,False,4,False
82.229537399,1588,82,229537399,map,22.451475143432617,-0.0545501708984375,-0.031565725803375244,-0.21358191967010498,0.0,0.0,0.0,-0.0008966554522662405,-0.010694995093459017,-0.0058107074919526575,0.9999255216101816,0,0,0,,0.6542191505432129,-0.010295242071151733,0.0,False,False,4,False
82.2795374,1589,82,279537400,map,22.446975708007812,-0.0861358642578125,0.046982914209365845,-0.19198298454284668,0.0,0.0,0.0,-0.0008062812652025754,-0.010351958919350956,-0.005349358467130172,0.9999317832837615,0,0,0,,0.648341178894043,-0.011435508728027344,0.0,False,False,4,False
82.3295374,1590,82,329537400,map,22.440940856933594,-0.1178741455078125,-0.0012767314910888672,-0.15329420566558838,0.0,0.0,0.0,-0.000741667758561646,-0.01010700035191336,-0.0044604730600112255,0.9999386994475727,0,0,0,,0.6493854522705078,-0.008700430393218994,0.0,False,False,4,False
82.379537401,1591,82,379537401,map,22.434097290039062,-0.1338958740234375,0.3350520133972168,-0.09153783321380615,0.0,0.0,0.0,-0.0005234569640994902,-0.010001635939150159,-0.003243410658837617,0.9999445852439253,0,0,0,,0.6573115587234497,-0.010851025581359863,0.0,False,False,4,False
82.429537402,1592,82,429537402,map,22.427108764648438,-0.1386260986328125,0.18356040120124817,-0.030865073204040527,0.0,0.0,0.0,-0.0003206338694838517,-0.009968469525323093,-0.0019268184534601029,0.9999484057589632,0,0,0,,0.6499979496002197,-0.00573962926864624,0.0,False,False,4,False
82.479537403,1593,82,479537403,map,22.42011260986328,-0.13881683349609375,0.4253861904144287,0.0004667043685913086,0.0,0.0,0.0,-0.0001011458077353141,-0.009964953204342757,-0.0006373396384793641,0.9999501403946829,0,0,0,,0.664609432220459,-0.006037205457687378,0.0,False,False,4,False
82.529537403,1594,82,529537403,map,22.414813995361328,-0.1055145263671875,0.43142169713974,0.015357732772827148,0.0,0.0,0.0,0.00010685770219647307,-0.009976043975918588,0.00055305685535021,0.9999500793820343,0,0,0,,0.6768511533737183,-0.003727644681930542,0.0,False,False,4,False
82.579537404,1595,82,579537404,map,22.41167640686035,-0.0627899169921875,0.43535029888153076,0.02055048942565918,0.0,0.0,0.0,0.00027179144078741337,-0.009996075590828726,0.0015521771717292919,0.999948796363205,0,0,0,,0.6787501573562622,-0.0017944872379302979,0.0,False,False,4,False
82.629537405,1596,82,629537405,map,22.410810470581055,-0.01773834228515625,-0.07186682522296906,0.019655227661132812,0.0,0.0,0.0,0.00023057970328299067,-0.010022258747557583,0.0020526349601834165,0.9999476425555078,0,0,0,,0.6905434131622314,0.007170200347900391,0.0,False,False,4,False
82.679537406,1597,82,679537406,map,22.412092208862305,0.02536773681640625,0.36696410179138184,0.01688361167907715,0.0,0.0,0.0,0.00023694903724962726,-0.010052968475465785,0.0021967587709129247,0.9999470265623511,0,0,0,,0.6839483976364136,0.0017139911651611328,0.0,False,False,4,False
82.729537406,1598,82,729537406,map,22.414655685424805,0.05092620849609375,0.14854148030281067,0.01323699951171875,0.0,0.0,0.0,0.00023194381960817213,-0.01008404862324723,0.002117097282847544,0.9999468866217462,0,0,0,,0.6871562004089355,0.003903329372406006,0.0,False,False,4,False
82.779537407,1599,82,779537407,map,22.418228149414062,0.07122039794921875,0.09404193609952927,0.009906291961669922,0.0,0.0,0.0,0.00018321346475651422,-0.01011298534043803,0.0018362222580641956,0.9999471597280277,0,0,0,,0.6849899291992188,0.0037577152252197266,0.0,False,False,4,False
82.779537407,1600,82,829537408,map,22.421953201293945,0.07476806640625,-0.3876667618751526,-0.004382729530334473,0.0,0.0,0.0,-2.0271681259834403e-05,-0.010135865986573987,0.0012049551808197684,0.9999479045894207,0,0,0,,0.679092526435852,0.009711205959320068,0.0,False,False,4,False
82.879537409,1601,82,879537409,map,22.426315307617188,0.09098052978515625,-0.09414438903331757,-0.20337045192718506,0.0,0.0,0.0,-6.816320952965497e-05,-0.01005200282847653,0.00039766325879650954,0.9999493959480379,0,0,0,,0.6834703683853149,0.00410693883895874,0.0,False,False,4,False
82.929537409,1602,82,929537409,map,22.430959701538086,0.09616851806640625,-0.18504628539085388,-0.1881420612335205,0.0,0.0,0.0,-0.00013778557999025168,-0.009785441715269703,-0.00039319799354063314,0.9999520346201155,0,0,0,,0.6786575317382812,0.0033046603202819824,0.0,False,False,4,False
82.97953741,1603,82,979537410,map,22.43514633178711,0.08640289306640625,-0.14474433660507202,-0.15974938869476318,0.0,0.0,0.0,-0.00016647824000868617,-0.009497981642372276,-0.0010708891670903181,0.9999543058690774,0,0,0,,0.6754099130630493,0.0009801387786865234,0.0,False,False,4,False
83.029537411,1604,83,29537411,map,22.438350677490234,0.0659942626953125,-0.15334218740463257,-0.12099146842956543,0.0,0.0,0.0,-0.00019395004688784763,-0.009373114155488098,-0.001572800706332002,0.9999548156853617,0,0,0,,0.670583963394165,-0.0002766847610473633,0.0,False,False,4,False
83.079537412,1605,83,79537412,map,22.44074058532715,0.0482940673828125,-0.163610577583313,-0.04291355609893799,0.0,0.0,0.0,-0.00023209461635310643,-0.009351229474471784,-0.0018967662981895636,0.9999544504211255,0,0,0,,0.6738066673278809,-0.0008876919746398926,0.0,False,False,4,False
83.079537412,1606,83,129537412,map,22.442487716674805,0.0345611572265625,-0.2461651712656021,-0.0033140182495117188,0.0,0.0,0.0,-0.00029273313165596265,-0.009369174587186396,-0.0021126211943625827,0.9999538337876193,0,0,0,,0.6676599979400635,0.00012117624282836914,0.0,False,False,4,False
83.179537413,1607,83,179537413,map,22.443347930908203,0.01708984375,0.09478829801082611,0.018126964569091797,0.0,0.0,0.0,-0.00024550823610304686,-0.009389005904669453,-0.002098269760614142,0.9999536907066445,0,0,0,,0.6672713756561279,-0.0047446489334106445,0.0,False,False,4,False
83.229537414,1608,83,229537414,map,22.443470001220703,0.0017547607421875,-0.01483522355556488,0.03948986530303955,0.0,0.0,0.0,-0.00017020655319334408,-0.009405410108142484,-0.0018740945449949155,0.9999539974719154,0,0,0,,0.6658782958984375,-0.0031048357486724854,0.0,False,False,4,False
83.279537415,1609,83,279537415,map,22.44285774230957,-0.01255035400390625,0.0818885862827301,0.026271343231201172,0.0,0.0,0.0,-3.6881996201491065e-05,-0.009432905467571279,-0.0015104012721326731,0.9999543677699275,0,0,0,,0.6638553142547607,-0.0037219226360321045,0.0,False,False,4,False
83.329537415,1610,83,329537415,map,22.441526412963867,-0.02719879150390625,0.11357612907886505,0.04323720932006836,0.0,0.0,0.0,6.892483903072395e-06,-0.00946818796527059,-0.0010570561352397697,0.9999546169709278,0,0,0,,0.6633167266845703,-0.0031305551528930664,0.0,False,False,4,False
83.379537416,1611,83,379537416,map,22.439891815185547,-0.03261566162109375,0.15557140111923218,0.008993744850158691,0.0,0.0,0.0,9.205652211667558e-05,-0.009472817523418215,-0.0005651932522717939,0.9999549678912307,0,0,0,,0.6666997671127319,-0.002723097801208496,0.0,False,False,4,False
83.429537417,1612,83,429537417,map,22.438356399536133,-0.03093719482421875,0.002920776605606079,0.011835694313049316,0.0,0.0,0.0,0.00010106291202040545,-0.009457880925657846,-0.00017170806984717786,0.999955253394382,0,0,0,,0.6690913438796997,0.0005491971969604492,0.0,False,False,4,False
83.479537418,1613,83,479537418,map,22.437400817871094,-0.0189971923828125,-0.006808489561080933,-0.00576019287109375,0.0,0.0,0.0,6.978435888220097e-05,-0.00943843088454776,3.9003083349450415e-05,0.9999554538234893,0,0,0,,0.6761676073074341,0.0017441511154174805,0.0,False,False,4,False
83.529537418,1614,83,529537418,map,22.436710357666016,-0.013580322265625,0.1039515808224678,-0.008060932159423828,0.0,0.0,0.0,7.401177184451044e-05,-0.009429006329415762,0.00013463703431748565,0.9999555341287764,0,0,0,,0.6631189584732056,0.0005107522010803223,0.0,False,False,4,False
83.579537419,1615,83,579537419,map,22.4357852935791,-0.018157958984375,0.2465646117925644,-0.01059114933013916,0.0,0.0,0.0,0.00014436543549406464,-0.009419146372489893,0.000254326508392424,0.9999555960932774,0,0,0,,0.6731078624725342,-0.0018066763877868652,0.0,False,False,4,False
83.579537419,1616,83,629537420,map,22.435768127441406,-0.00019073486328125,0.29099327325820923,-0.0061005353927612305,0.0,0.0,0.0,0.0002471526186764842,-0.009410482809441068,0.00047790327758427746,0.9999555756819067,0,0,0,,0.6808750629425049,-0.002888500690460205,0.0,False,False,4,False
83.679537421,1617,83,679537421,map,22.43706512451172,0.0260162353515625,-0.09003206342458725,-0.005061030387878418,0.0,0.0,0.0,0.00021620692598230972,-0.00941023306320241,0.0006022313966646837,0.9999555180534813,0,0,0,,0.6825295686721802,0.002687394618988037,0.0,False,False,4,False
83.729537421,1618,83,729537421,map,22.438840866088867,0.03551483154296875,-0.2353692352771759,-0.0016635656356811523,0.0,0.0,0.0,7.308248517975937e-05,-0.009417064535870753,0.000442714106378576,0.9999555577917939,0,0,0,,0.6721163988113403,0.005411207675933838,0.0,False,False,4,False
83.779537422,1619,83,779537422,map,22.440195083618164,0.02704620361328125,-0.09349934756755829,-0.0005555152893066406,0.0,0.0,0.0,-3.5831325154062546e-05,-0.009424907602610572,9.71209778242939e-05,0.9999555792135539,0,0,0,,0.6694797277450562,0.003251969814300537,0.0,False,False,4,False
83.829537423,1620,83,829537423,map,22.440961837768555,0.01522064208984375,-0.11663291603326797,-9.119510650634766e-05,0.0,0.0,0.0,-0.00010604511749529167,-0.009429579096948856,-0.0003175547997125332,0.9999554844849028,0,0,0,,0.6681833267211914,0.0026873350143432617,0.0,False,False,4,False
83.829537423,1621,83,879537424,map,22.440942764282227,-0.0005340576171875,-0.13954904675483704,0.0007826089859008789,0.0,0.0,0.0,-0.00016310368465056346,-0.009430745311981242,-0.0007489269315987211,0.9999552357723318,0,0,0,,0.6628539562225342,0.0021047592163085938,0.0,False,False,4,False
83.929537424,1622,83,929537424,map,22.440387725830078,-0.01171112060546875,-0.3630998730659485,0.0011217594146728516,0.0,0.0,0.0,-0.000280369016463163,-0.009427536692109204,-0.0012683518161125072,0.9999547160890858,0,0,0,,0.672288179397583,0.004639387130737305,0.0,False,False,4,False
83.979537425,1623,83,979537425,map,22.439889907836914,-0.0118255615234375,-0.6594330668449402,0.0005751848220825195,0.0,0.0,0.0,-0.0005084231925858116,-0.009423586965669504,-0.002044216127842551,0.999953378260697,0,0,0,,0.6707078218460083,0.008674979209899902,0.0,False,False,4,False
84.029537426,1624,84,29537426,map,22.43991470336914,0.0002288818359375,0.016913115978240967,0.01840949058532715,0.0,0.0,0.0,-0.0005317870343925591,-0.009431066153143538,-0.0027128074854133287,0.9999517052684656,0,0,0,,0.6754122972488403,-0.0019764304161071777,0.0,False,False,4,False
84.079537427,1625,84,79537427,map,22.440004348754883,7.62939453125e-05,-0.38754358887672424,0.01126408576965332,0.0,0.0,0.0,-0.0005564455063912076,-0.009450931374844368,-0.003231160169013657,0.9999499636824377,0,0,0,,0.6672866344451904,0.0022402405738830566,0.0,False,False,4,False
84.129537427,1626,84,129537427,map,22.439529418945312,-0.01079559326171875,-0.24390295147895813,0.011175870895385742,0.0,0.0,0.0,-0.000576931175312809,-0.009467626118910022,-0.0036453533475783906,0.9999483699697015,0,0,0,,0.6643288135528564,-6.833672523498535e-05,0.0,False,False,4,False
84.129537427,1627,84,179537428,map,22.438526153564453,-0.02056121826171875,-0.06665244698524475,0.008597970008850098,0.0,0.0,0.0,-0.000517727877463949,-0.009472162803004341,-0.003830990814782199,0.9999476654300742,0,0,0,,0.6664127111434937,-0.0030214786529541016,0.0,False,False,4,False
84.229537429,1628,84,229537429,map,22.437299728393555,-0.02475738525390625,-0.01979425549507141,0.005893111228942871,0.0,0.0,0.0,-0.0004174912513501886,-0.00947352660379136,-0.003762150494254046,0.9999479607551589,0,0,0,,0.6670390367507935,-0.003798454999923706,0.0,False,False,4,False
84.229537429,1629,84,279537430,map,22.436403274536133,-0.017852783203125,0.026192963123321533,0.003338456153869629,0.0,0.0,0.0,-0.0003083853900087253,-0.009474786882600665,-0.0034880254889760984,0.9999489821936761,0,0,0,,0.6759370565414429,-0.003945708274841309,0.0,False,False,4,False
84.27953743,1630,84,329537430,map,22.435754776000977,-0.014190673828125,-0.2321961522102356,0.0008821487426757812,0.0,0.0,0.0,-0.00029772535158395817,-0.009474950843817137,-0.0032341494240828318,0.9999498372136598,0,0,0,,0.6640185117721558,0.0008910894393920898,0.0,False,False,4,False
84.379537431,1631,84,379537431,map,22.434911727905273,-0.0152587890625,0.30579209327697754,-0.00048100948333740234,0.0,0.0,0.0,-0.00016611894871732764,-0.009473817985085991,-0.00286249540286852,0.9999510114487353,0,0,0,,0.673661470413208,-0.0057485103607177734,0.0,False,False,4,False
84.429537432,1632,84,429537432,map,22.434642791748047,-0.004119873046875,0.2704574167728424,-0.0019162893295288086,0.0,0.0,0.0,1.4911245600981836e-05,-0.009473896751945985,-0.0022976979659911703,0.9999524816920279,0,0,0,,0.6735250949859619,-0.004942744970321655,0.0,False,False,4,False
84.479537433,1633,84,479537433,map,22.43492889404297,0.00690460205078125,0.3030891716480255,-0.0006073713302612305,0.0,0.0,0.0,0.000176634943926688,-0.009475865724706928,-0.0016284616232927645,0.9999537613717974,0,0,0,,0.6768999099731445,-0.004449695348739624,0.0,False,False,4,False
84.529537433,1634,84,529537433,map,22.436222076416016,0.02658843994140625,0.20287677645683289,-0.0005674362182617188,0.0,0.0,0.0,0.00027189767204166315,-0.00948036928274314,-0.0009880489881745245,0.999954535181033,0,0,0,,0.6838085651397705,-0.0018239617347717285,0.0,False,False,4,False
84.529537433,1635,84,579537434,map,22.438283920288086,0.04146575927734375,0.0673571228981018,-0.0007617473602294922,0.0,0.0,0.0,0.00027789632001844834,-0.009487697420765774,-0.0005389150839638788,0.999954806949704,0,0,0,,0.6752140522003174,0.0014091134071350098,0.0,False,False,4,False
84.579537434,1636,84,629537435,map,22.440351486206055,0.041351318359375,0.010662078857421875,0.0005984306335449219,0.0,0.0,0.0,0.00022928140866747802,-0.009495317480029226,-0.00035861597725032136,0.9999548278650242,0,0,0,,0.6765525341033936,0.003153860569000244,0.0,False,False,4,False
84.629537435,1637,84,679537435,map,22.443056106567383,0.052947998046875,-0.34681156277656555,-0.0001710653305053711,0.0,0.0,0.0,5.6312764015804316e-05,-0.009502482411044875,-0.0006072926981690141,0.9999546643985812,0,0,0,,0.6900544166564941,0.00875788927078247,0.0,False,False,4,False
84.679537435,1638,84,729537436,map,22.44708251953125,0.0799560546875,-0.14580488204956055,0.0010848045349121094,0.0,0.0,0.0,-8.357738465718423e-05,-0.00951218956484268,-0.0011720424009870431,0.9999540677356703,0,0,0,,0.6845752000808716,0.005608260631561279,0.0,False,False,4,False
84.779537437,1639,84,779537437,map,22.45157814025879,0.09006500244140625,0.039228200912475586,0.0017154216766357422,0.0,0.0,0.0,-0.00010424963070782174,-0.009523138963416245,-0.001747601632878451,0.9999531213236101,0,0,0,,0.683376669883728,0.001303553581237793,0.0,False,False,4,False
84.829537438,1640,84,829537438,map,22.456039428710938,0.0881195068359375,-0.25321125984191895,0.0009685754776000977,0.0,0.0,0.0,-0.00016814152924560187,-0.009532834478839099,-0.0023307581034399264,0.9999518310208189,0,0,0,,0.6789366006851196,0.0038862228393554688,0.0,False,False,4,False
84.879537438,1641,84,879537438,map,22.460166931152344,0.08312225341796875,0.12482836842536926,0.0014084577560424805,0.0,0.0,0.0,-0.00013928549444053336,-0.009539769439346308,-0.002737475197259313,0.999950738600727,0,0,0,,0.6783117055892944,-0.0027203261852264404,0.0,False,False,4,False
84.929537439,1642,84,929537439,map,22.463502883911133,0.06603240966796875,-0.14693349599838257,0.0015187263488769531,0.0,0.0,0.0,-0.00014101711356193143,-0.00954259849649892,-0.002973914565670673,0.9999500361319382,0,0,0,,0.6680283546447754,8.52346420288086e-06,0.0,False,False,4,False
84.97953744,1643,84,979537440,map,22.465646743774414,0.042266845703125,-0.12793362140655518,0.0004696846008300781,0.0,0.0,0.0,-0.00017419062895144313,-0.009540033604162392,-0.0031304721770386026,0.9999495775089887,0,0,0,,0.6701103448867798,-0.0003313124179840088,0.0,False,False,4,False
85.029537441,1644,85,29537441,map,22.46707534790039,0.02964019775390625,0.22647976875305176,0.00016450881958007812,0.0,0.0,0.0,-9.098092771704571e-05,-0.009533803503359674,-0.003035095586893498,0.9999499420011028,0,0,0,,0.6715614795684814,-0.005619615316390991,0.0,False,False,4,False
85.079537441,1645,85,79537441,map,22.468488693237305,0.0283050537109375,0.012149065732955933,0.0005066394805908203,0.0,0.0,0.0,-2.8385175226617223e-05,-0.009526423767536162,-0.0027558754445124504,0.9999508245883982,0,0,0,,0.6776094436645508,-0.0025483369827270508,0.0,False,False,4,False
85.129537442,1646,85,129537442,map,22.470144271850586,0.0339508056640625,0.20824164152145386,0.0008702278137207031,0.0,0.0,0.0,5.53029858472607e-05,-0.009520959031471586,-0.002337198434727893,0.9999519417372905,0,0,0,,0.675795316696167,-0.004546046257019043,0.0,False,False,4,False
85.129537442,1647,85,179537443,map,22.471778869628906,0.03353118896484375,0.23959815502166748,0.0011610984802246094,0.0,0.0,0.0,0.0001592525178983088,-0.009517348231456788,-0.0017861805316444857,0.9999531010404364,0,0,0,,0.6739060878753662,-0.004292875528335571,0.0,False,False,4,False
85.229537444,1648,85,229537444,map,22.47378921508789,0.04085540771484375,0.2043434977531433,-0.00020623207092285156,0.0,0.0,0.0,0.0002384097623404765,-0.009515136199237353,-0.001199372296863144,0.999953982366183,0,0,0,,0.6841883659362793,-0.0027787983417510986,0.0,False,False,4,False
85.279537444,1649,85,279537444,map,22.476646423339844,0.0574493408203125,0.1072806864976883,0.001062154769897461,0.0,0.0,0.0,0.0002602597217285172,-0.009516342366186278,-0.0007099134832041643,0.9999544327196581,0,0,0,,0.6813713312149048,-0.0002224743366241455,0.0,False,False,4,False
85.329537445,1650,85,329537445,map,22.479625701904297,0.06015777587890625,0.24254128336906433,0.001583695411682129,0.0,0.0,0.0,0.00029738022401095044,-0.009519525220804877,-0.00030818613639564343,0.999954596582204,0,0,0,,0.6763339042663574,-0.001280069351196289,0.0,False,False,4,False
85.379537446,1651,85,379537446,map,22.48270034790039,0.06061553955078125,-0.34768468141555786,0.0012755393981933594,0.0,0.0,0.0,0.00015493598236116272,-0.009522991634286819,-0.0002738221525792694,0.9999546057929848,0,0,0,,0.6854801177978516,0.00793081521987915,0.0,False,False,4,False
85.379537446,1652,85,429537447,map,22.486408233642578,0.0745391845703125,0.14523230493068695,0.0007832050323486328,0.0,0.0,0.0,9.492406014088132e-05,-0.0095275832939911,-0.0004625787949815634,0.9999545000483059,0,0,0,,0.6795744895935059,0.0012662410736083984,0.0,False,False,4,False
85.479537447,1653,85,479537447,map,22.48990821838379,0.06984710693359375,-0.04929952323436737,0.0014984607696533203,0.0,0.0,0.0,5.8307623206790484e-05,-0.009531815506590057,-0.0007350056464630154,0.9999542993857614,0,0,0,,0.6767228841781616,0.0029679536819458008,0.0,False,False,4,False
85.529537448,1654,85,529537448,map,22.493507385253906,0.07793426513671875,-0.1274193823337555,-0.37614941596984863,0.0,0.0,0.0,-1.0701954910276067e-05,-0.00934252771147976,-0.0011169579095409523,0.9999557337534781,0,0,0,,0.6674240827560425,0.0034288763999938965,0.0,False,False,4,False
85.579537449,1655,85,579537449,map,22.495758056640625,0.0485992431640625,-0.15129998326301575,-0.252041220664978,0.0,0.0,0.0,-9.14576698041269e-05,-0.008901881823838727,-0.0015691339142006066,0.9999591421424419,0,0,0,,0.6624205112457275,0.0029488205909729004,0.0,False,False,4,False
85.62953745,1656,85,629537450,map,22.49620819091797,0.0116729736328125,-0.3141281008720398,-0.2474290132522583,0.0,0.0,0.0,-0.00021260814693960372,-0.008478525513689045,-0.0021172248255568993,0.9999617926510631,0,0,0,,0.655333399772644,0.004506886005401611,0.0,False,False,4,False
85.62953745,1657,85,679537450,map,22.49506187438965,-0.0208282470703125,-0.10953575372695923,-0.1687377691268921,0.0,0.0,0.0,-0.00027112951654411537,-0.008308165961596876,-0.0026337652531520455,0.9999619813511567,0,0,0,,0.6630754470825195,0.0006878376007080078,0.0,False,False,4,False
85.67953745,1658,85,729537451,map,22.49417495727539,-0.01766204833984375,-0.2026653289794922,-0.06561577320098877,0.0,0.0,0.0,-0.00031017700099740086,-0.008261034507195461,-0.0030559973562932765,0.9999611592353261,0,0,0,,0.67864990234375,0.0009652972221374512,0.0,False,False,4,False
85.779537452,1659,85,779537452,map,22.494365692138672,0.00278472900390625,-0.22832021117210388,-0.008050799369812012,0.0,0.0,0.0,-0.0003559919305639228,-0.008267811509383579,-0.0034092975469002438,0.9999599458242453,0,0,0,,0.6738104820251465,0.0008459091186523438,0.0,False,False,4,False
85.829537453,1660,85,829537453,map,22.49603271484375,0.04184722900390625,-0.011574774980545044,-0.6116807460784912,0.0,0.0,0.0,-0.0003294158052117473,-0.008024072839513728,-0.0035855802369413148,0.9999613239294098,0,0,0,,0.6658692359924316,-0.0026811957359313965,0.0,False,False,4,False
85.879537453,1661,85,879537453,map,22.497821807861328,0.0418853759765625,-0.1283368468284607,-0.5337482690811157,0.0,0.0,0.0,-0.0003009545480330308,-0.007232575543872386,-0.0036135421571444515,0.9999672702596025,0,0,0,,0.664086103439331,-0.0011314451694488525,0.0,False,False,4,False
85.879537453,1662,85,929537454,map,22.498889923095703,0.02704620361328125,0.09341567754745483,-0.44281721115112305,0.0,0.0,0.0,-0.00021988473420234508,-0.0063539820583252285,-0.003465876836195408,0.99997378278656,0,0,0,,0.6593486070632935,-0.004031926393508911,0.0,False,False,4,False
85.929537454,1663,85,979537455,map,22.497907638549805,-0.01522064208984375,0.11072665452957153,-0.36039918661117554,0.0,0.0,0.0,-0.00011251477645086367,-0.005986450352154263,-0.003136358786231828,0.9999771562421665,0,0,0,,0.6468830108642578,-0.003942906856536865,0.0,False,False,4,False
86.029537456,1664,86,29537456,map,22.495845794677734,-0.0399017333984375,-0.014854520559310913,-0.14033406972885132,0.0,0.0,0.0,-5.999675541198984e-05,-0.005893886754752716,-0.0027694254425882367,0.999978794166171,0,0,0,,0.6659140586853027,-0.0012415051460266113,0.0,False,False,4,False
86.029537456,1665,86,79537456,map,22.493925094604492,-0.037689208984375,0.10730013251304626,-0.01689314842224121,0.0,0.0,0.0,-5.557112482624714e-06,-0.005913226700468379,-0.0024081698443719703,0.9999796170108209,0,0,0,,0.6565630435943604,-0.0019153058528900146,0.0,False,False,4,False
86.129537457,1666,86,129537457,map,22.492656707763672,-0.0212860107421875,-0.04600033164024353,-0.45548170804977417,0.0,0.0,0.0,2.3951320308801626e-06,-0.0057944513825011115,-0.0021457389945600627,0.999980909883587,0,0,0,,0.6591801643371582,0.0011401772499084473,0.0,False,False,4,False
86.179537458,1667,86,179537458,map,22.492748260498047,0.0081634521484375,0.36111339926719666,-0.5629196763038635,0.0,0.0,0.0,0.0001155783301848921,-0.005099136780117259,-0.0018308641741284245,0.9999853165832602,0,0,0,,0.667428731918335,-0.004399418830871582,0.0,False,False,4,False
86.179537458,1668,86,229537459,map,22.49349594116211,0.016937255859375,-0.19114702939987183,-0.3836953639984131,0.0,0.0,0.0,9.723625479384716e-05,-0.004201625701298751,-0.0016527197777166263,0.9999898026499637,0,0,0,,0.6613385677337646,0.003976941108703613,0.0,False,False,4,False
86.229537459,1669,86,279537459,map,22.49352264404297,0.00370025634765625,0.15950486063957214,-0.3838467597961426,0.0,0.0,0.0,0.00010270814049638535,-0.003783265624789138,-0.0015887470281299766,0.9999915760820841,0,0,0,,0.6579698324203491,-0.0004203319549560547,0.0,False,False,4,False
86.32953746,1670,86,329537460,map,22.492502212524414,-0.01880645751953125,0.18180117011070251,-0.14859646558761597,0.0,0.0,0.0,0.00015993350319861162,-0.003681357785803537,-0.0014943050756062472,0.9999920945079858,0,0,0,,0.6473994255065918,-0.0011400580406188965,0.0,False,False,4,False
86.379537461,1671,86,379537461,map,22.491201400756836,-0.0263214111328125,-0.10686561465263367,-0.01889944076538086,0.0,0.0,0.0,0.00012488758838397103,-0.0037041952958278062,-0.0015070911279578228,0.9999919959762841,0,0,0,,0.6696606874465942,0.0029276609420776367,0.0,False,False,4,False
86.429537462,1672,86,429537462,map,22.49192237854004,0.015869140625,-0.041648149490356445,-0.30250266194343567,0.0,0.0,0.0,6.54338922355604e-05,-0.00367663846008844,-0.0016548320050877425,0.9999918697564868,0,0,0,,0.6697767972946167,0.002148151397705078,0.0,False,False,4,False
86.479537462,1673,86,479537462,map,22.494815826416016,0.0597381591796875,-0.18231138586997986,-0.6265323162078857,0.0,0.0,0.0,-2.48759516592635e-05,-0.0030735851513684744,-0.001941609064135961,0.9999933912830355,0,0,0,,0.6633783578872681,0.003922760486602783,0.0,False,False,4,False
86.529537463,1674,86,529537463,map,22.497900009155273,0.06298065185546875,0.034956932067871094,-0.35066157579421997,0.0,0.0,0.0,-5.012055859811278e-05,-0.0021685469404770404,-0.0022351404262757244,0.999995149507922,0,0,0,,0.6637133359909058,0.00010961294174194336,0.0,False,False,4,False
86.529537463,1675,86,579537464,map,22.500686645507812,0.0565338134765625,-0.04774749279022217,-0.43673568964004517,0.0,0.0,0.0,-5.7652968501762326e-05,-0.001670878194179321,-0.0024678504842530727,0.9999955572682223,0,0,0,,0.6644548177719116,0.000417172908782959,0.0,False,False,4,False
86.629537465,1676,86,629537465,map,22.501691818237305,0.01861572265625,-0.3584723174571991,-0.17977237701416016,0.0,0.0,0.0,-0.00017182713824401375,-0.0015360709883103475,-0.0028086262743302,0.999994861276699,0,0,0,,0.6319260597229004,0.004628121852874756,0.0,False,False,4,False
86.679537465,1677,86,679537465,map,22.500146865844727,-0.03223419189453125,-0.2466455101966858,-0.03457833081483841,0.0,0.0,0.0,-0.00028598452601017165,-0.001542360094133998,-0.0032551086516744484,0.9999934717816195,0,0,0,,0.6467108726501465,0.0029427409172058105,0.0,False,False,4,False
86.679537465,1678,86,729537466,map,22.498695373535156,-0.02803802490234375,0.16254931688308716,-0.05589161068201065,0.0,0.0,0.0,-0.00023162906104748552,-0.0015772900546117611,-0.003503552593190619,0.9999925917842034,0,0,0,,0.6619176864624023,-0.0038447976112365723,0.0,False,False,4,False
86.779537467,1679,86,779537467,map,22.499147415161133,0.00946044921875,0.021893084049224854,-0.31785672903060913,0.0,0.0,0.0,-0.00014879529564843533,-0.0013458955074176476,-0.0035052903198479744,0.999992939657584,0,0,0,,0.6601067781448364,-0.002764463424682617,0.0,False,False,4,False
86.829537468,1680,86,829537468,map,22.500232696533203,0.02269744873046875,0.17806068062782288,-0.1381547898054123,0.0,0.0,0.0,-3.92405881969627e-05,-0.0009230330691652303,-0.0032733780862346266,0.9999942157162881,0,0,0,,0.6624245643615723,-0.0049419403076171875,0.0,False,False,4,False
86.879537468,1681,86,879537468,map,22.50177764892578,0.031585693359375,0.139760822057724,-0.20710676908493042,0.0,0.0,0.0,5.928231765128701e-05,-0.0006465249274563931,-0.0028611787534449165,0.999995696064371,0,0,0,,0.6595456600189209,-0.003956913948059082,0.0,False,False,4,False
86.929537469,1682,86,929537469,map,22.502779006958008,0.020751953125,0.16566023230552673,-0.08405779302120209,0.0,0.0,0.0,0.0001403885607331497,-0.0005750406042270473,-0.0023583000888058704,0.9999970440156545,0,0,0,,0.6491565704345703,-0.003390878438949585,0.0,False,False,4,False
86.97953747,1683,86,979537470,map,22.502487182617188,-0.00591278076171875,-0.020161420106887817,-0.010466016829013824,0.0,0.0,0.0,0.00014334979888261417,-0.0005838082586043274,-0.0019377486013432983,0.9999979418724373,0,0,0,,0.6426780223846436,0.00044906139373779297,0.0,False,False,4,False
87.029537471,1684,87,29537471,map,22.501060485839844,-0.028228759765625,0.06773099303245544,0.025349818170070648,0.0,0.0,0.0,0.00013571151244563985,-0.0006148087747586864,-0.001654303064920834,0.9999984334357356,0,0,0,,0.6472961902618408,0.00032526254653930664,0.0,False,False,4,False
87.079537471,1685,87,79537471,map,22.499624252319336,-0.02704620361328125,0.4344567656517029,0.037668414413928986,0.0,0.0,0.0,0.0002575838042468394,-0.0006470436107711952,-0.0012916945891437563,0.9999989232545393,0,0,0,,0.659016489982605,-0.004720956087112427,0.0,False,False,4,False
87.079537471,1686,87,129537472,map,22.49954605102539,-0.001373291015625,0.05693480372428894,0.037877652794122696,0.0,0.0,0.0,0.0003029172867739833,-0.0006767437469118164,-0.0009586659770223908,0.9999992656090118,0,0,0,,0.6663057804107666,0.000722348690032959,0.0,False,False,4,False
87.179537473,1687,87,179537473,map,22.50084114074707,0.02735137939453125,0.550743043422699,0.01203613355755806,0.0,0.0,0.0,0.0004406752127507585,-0.0006999304130228135,-0.000525131418997375,0.999999520069768,0,0,0,,0.6682018041610718,-0.005988627672195435,0.0,False,False,4,False
87.179537473,1688,87,229537473,map,22.50299644470215,0.04215240478515625,-0.38230255246162415,-0.03558425232768059,0.0,0.0,0.0,0.00032255757646238733,-0.00067358949047664,-0.00036146779243061145,0.9999996557873624,0,0,0,,0.6579010486602783,0.007765352725982666,0.0,False,False,4,False
87.279537474,1689,87,279537474,map,22.50547218322754,0.050506591796875,0.40252619981765747,-0.01498471014201641,0.0,0.0,0.0,0.00031973284938664027,-0.0006144446023002128,-0.00031133626759855313,0.9999997116491904,0,0,0,,0.6673649549484253,-0.002742767333984375,0.0,False,False,4,False
87.329537475,1690,87,329537475,map,22.508710861206055,0.0646209716796875,-0.06830602884292603,-0.03204630687832832,0.0,0.0,0.0,0.0002797454581062058,-0.000582191973641731,-0.0003324867933583444,0.9999997361237236,0,0,0,,0.6650168895721436,0.0031391382217407227,0.0,False,False,4,False
87.379537476,1691,87,379537476,map,22.511465072631836,0.0537872314453125,-0.486392617225647,-0.012121591717004776,0.0,0.0,0.0,4.736024076837882e-05,-0.0005796907383032891,-0.0007486491645377965,0.9999995506199412,0,0,0,,0.6527957916259766,0.009492933750152588,0.0,False,False,4,False
87.429537476,1692,87,429537476,map,22.513748168945312,0.0453948974609375,-0.0751921534538269,-0.0027795694768428802,0.0,0.0,0.0,-9.587269099064034e-05,-0.0005859624229731337,-0.0013615488357448648,0.9999988968200084,0,0,0,,0.6600043773651123,0.003162205219268799,0.0,False,False,4,False
87.479537477,1693,87,479537477,map,22.51561737060547,0.0371551513671875,-0.06743907928466797,0.002771187573671341,0.0,0.0,0.0,-0.00014095484128805378,-0.0005932139247142946,-0.0019195684523562236,0.9999979717409077,0,0,0,,0.6516228914260864,0.001297295093536377,0.0,False,False,4,False
87.529537478,1694,87,529537478,map,22.515666961669922,-0.000457763671875,-0.37040576338768005,0.00490264967083931,0.0,0.0,0.0,-0.0002534292915398376,-0.0005954125099068301,-0.0025085807800720983,0.9999966441343727,0,0,0,,0.6341313123703003,0.004480957984924316,0.0,False,False,4,False
87.579537479,1695,87,579537479,map,22.51352310180664,-0.043487548828125,-0.1415693759918213,0.00509604811668396,0.0,0.0,0.0,-0.00031897510519606154,-0.0005886411261360222,-0.0030431872582172945,0.9999951453721255,0,0,0,,0.6381208896636963,0.00045239925384521484,0.0,False,False,4,False
87.629537479,1696,87,629537479,map,22.51003074645996,-0.071563720703125,-0.33807575702667236,0.004833601415157318,0.0,0.0,0.0,-0.0003988394140215698,-0.0005753932536087258,-0.0035213815907187565,0.999993554839939,0,0,0,,0.6392874717712402,0.0023770928382873535,0.0,False,False,4,False
87.67953748,1697,87,679537480,map,22.506046295166016,-0.0791168212890625,0.10494932532310486,0.0032732076942920685,0.0,0.0,0.0,-0.00034352187746098745,-0.0005600709268971057,-0.003753877938114998,0.9999927383304852,0,0,0,,0.6458065509796143,-0.004553854465484619,0.0,False,False,4,False
87.67953748,1698,87,729537481,map,22.501995086669922,-0.08136749267578125,-0.06499126553535461,0.0026369094848632812,0.0,0.0,0.0,-0.0002731494176687122,-0.0005466926056201129,-0.0037277087807991213,0.9999928653264663,0,0,0,,0.6423299312591553,-0.0027208030223846436,0.0,False,False,4,False
87.729537481,1699,87,779537482,map,22.497514724731445,-0.089874267578125,-0.04919230937957764,0.0017452239990234375,0.0,0.0,0.0,-0.00022747679792658632,-0.0005349194890766447,-0.0035626084715366015,0.9999934849469396,0,0,0,,0.6396582126617432,-0.0024091601371765137,0.0,False,False,4,False
87.829537482,1700,87,829537482,map,22.493005752563477,-0.088653564453125,0.3010667860507965,0.0014886818826198578,0.0,0.0,0.0,-7.91522044362177e-05,-0.0005255260138768771,-0.003147050175201103,0.9999949068032956,0,0,0,,0.6503195762634277,-0.006881386041641235,0.0,False,False,4,False
87.829537482,1701,87,879537483,map,22.489328384399414,-0.07221221923828125,0.3015314042568207,0.0002756156027317047,0.0,0.0,0.0,0.00010383399397638419,-0.0005206072692396717,-0.0024767943237994365,0.9999967918330792,0,0,0,,0.6511821746826172,-0.006342500448226929,0.0,False,False,4,False
87.929537484,1702,87,929537484,map,22.48698616027832,-0.04604339599609375,0.20635515451431274,-0.0003612600266933441,0.0,0.0,0.0,0.00022744662914221518,-0.0005211001783264564,-0.0017290081651483177,0.9999983436253281,0,0,0,,0.6639750003814697,-0.003637641668319702,0.0,False,False,4,False
87.979537485,1703,87,979537485,map,22.486413955688477,-0.011749267578125,-0.07518500089645386,0.00024432316422462463,0.0,0.0,0.0,0.00021039745752015568,-0.0005285263675633358,-0.0011885431872914823,0.9999991318785634,0,0,0,,0.6629762649536133,0.002202928066253662,0.0,False,False,4,False
88.029537485,1704,88,29537485,map,22.48674774169922,0.0079345703125,0.37156403064727783,-0.0005378574132919312,0.0,0.0,0.0,0.00027893415148851005,-0.0005407019426407238,-0.000741811346719678,0.9999995397764312,0,0,0,,0.6581674814224243,-0.002925783395767212,0.0,False,False,4,False
88.079537486,1705,88,79537486,map,22.48868751525879,0.03826141357421875,-0.17434000968933105,0.0002471916377544403,0.0,0.0,0.0,0.00022511121402421855,-0.0005555790373628725,-0.0005479194083816485,0.9999996702205438,0,0,0,,0.6829991340637207,0.005326569080352783,0.0,False,False,4,False
88.129537487,1706,88,129537487,map,22.492900848388672,0.08480072021484375,0.17337769269943237,0.0007474794983863831,0.0,0.0,0.0,0.00020567949077580921,-0.0005761333104880672,-0.0005542324935755849,0.9999996592962912,0,0,0,,0.6704012155532837,0.0009014606475830078,0.0,False,False,4,False
88.179537488,1707,88,179537488,map,22.497671127319336,0.09532928466796875,-0.02873837947845459,-0.0007318519055843353,0.0,0.0,0.0,0.00017130255767861937,-0.0005977151800151021,-0.000694350256081845,0.9999995656347653,0,0,0,,0.6667227745056152,0.00318068265914917,0.0,False,False,4,False
88.179537488,1708,88,229537488,map,22.50274658203125,0.1016998291015625,0.06393805146217346,-0.00010909512639045715,0.0,0.0,0.0,0.00014675485667416395,-0.0006169228986073342,-0.0009120701728711988,0.9999993829983841,0,0,0,,0.6702150106430054,0.001304030418395996,0.0,False,False,4,False
88.279537489,1709,88,279537489,map,22.50788116455078,0.10257720947265625,-0.039253830909729004,-7.210299372673035e-05,0.0,0.0,0.0,0.00010599048615750913,-0.0006325294892985581,-0.0011684954847121834,0.9999991116449876,0,0,0,,0.6621924638748169,0.001942455768585205,0.0,False,False,4,False
88.32953749,1710,88,329537490,map,22.512758255004883,0.09731292724609375,-0.0712500512599945,0.0005300529301166534,0.0,0.0,0.0,4.731114229106039e-05,-0.0006433825278685162,-0.0014582934369504316,0.999998728599607,0,0,0,,0.6676843166351318,0.0017510056495666504,0.0,False,False,4,False
88.379537491,1711,88,379537491,map,22.517208099365234,0.086822509765625,-0.5781136751174927,-0.0006011873483657837,0.0,0.0,0.0,-0.00017414620696163836,-0.0006494606729494096,-0.002012196062618095,0.9999977494679368,0,0,0,,0.6596925258636475,0.008760452270507812,0.0,False,False,4,False
88.379537491,1712,88,429537491,map,22.521291732788086,0.08220672607421875,0.12290060520172119,0.000324249267578125,0.0,0.0,0.0,-0.0002168313533014519,-0.0006516478672464697,-0.0025280511709196134,0.999996568642362,0,0,0,,0.6620792150497437,-0.0019142627716064453,0.0,False,False,4,False
88.479537492,1713,88,479537492,map,22.525554656982422,0.085601806640625,0.08154451847076416,0.005352208390831947,0.0,0.0,0.0,-0.00014693971044794953,-0.0006529841538359421,-0.0027519564244505444,0.9999959893700845,0,0,0,,0.6715739965438843,-0.0031048953533172607,0.0,False,False,4,False
88.479537492,1714,88,529537493,map,22.529050827026367,0.06885528564453125,-0.25076523423194885,0.03271770477294922,0.0,0.0,0.0,-0.00024483496278956127,-0.0006751512982015879,-0.0028939153572692155,0.999995554730355,0,0,0,,0.6417495012283325,0.0013683438301086426,0.0,False,False,4,False
88.529537493,1715,88,579537494,map,22.53022575378418,0.0241851806640625,0.15382200479507446,0.017772670835256577,0.0,0.0,0.0,-0.0003008392612960754,-0.0007070031225301951,-0.002873545827578586,0.9999955761785649,0,0,0,,0.6464822292327881,-0.004181236028671265,0.0,False,False,4,False
88.579537494,1716,88,629537494,map,22.53020477294922,-0.00087738037109375,-0.10783582925796509,0.0214399304240942,0.0,0.0,0.0,-0.0004174427055281523,-0.0007219766237725589,-0.002754008193126839,0.9999958599565373,0,0,0,,0.6490747928619385,-0.0004259049892425537,0.0,False,False,4,False
88.679537495,1717,88,679537495,map,22.529464721679688,-0.013885498046875,0.21862879395484924,0.04339103400707245,0.0,0.0,0.0,-0.0004348618182644639,-0.0007337231149219813,-0.0024954435844800377,0.9999965226474071,0,0,0,,0.6505639553070068,-0.004526615142822266,0.0,False,False,4,False
88.679537495,1718,88,729537496,map,22.528995513916016,-0.00972747802734375,-0.08596166968345642,0.024724770337343216,0.0,0.0,0.0,-0.0004706646464715637,-0.0007583811952523787,-0.0022169281797763804,0.9999971442770218,0,0,0,,0.6624336242675781,0.00020563602447509766,0.0,False,False,4,False
88.729537496,1719,88,779537497,map,22.528886795043945,-0.0014495849609375,0.183761864900589,0.02047576941549778,0.0,0.0,0.0,-0.0004449162237522632,-0.0007813392965397554,-0.0019191870380093625,0.9999977541372634,0,0,0,,0.6498703956604004,-0.002774149179458618,0.0,False,False,4,False
88.779537497,1720,88,829537497,map,22.528789520263672,-0.0026702880859375,-0.18175318837165833,0.011233710683882236,0.0,0.0,0.0,-0.0004823415065587814,-0.0007849246535129712,-0.0017509995115349063,0.9999980426184192,0,0,0,,0.661993145942688,0.0030024051666259766,0.0,False,False,4,False
88.829537497,1721,88,879537498,map,22.5296688079834,0.01811981201171875,0.13215899467468262,0.0026258465368300676,0.0,0.0,0.0,-0.0004652255205694757,-0.0007832667826001162,-0.0016631518962912407,0.9999982019904495,0,0,0,,0.6642714738845825,-0.0008229315280914307,0.0,False,False,4,False
88.929537499,1722,88,929537499,map,22.53119468688965,0.030364990234375,-0.03315553069114685,-0.0019317620899528265,0.0,0.0,0.0,-0.0004574784403354836,-0.0007826373495738795,-0.0016339242994368472,0.999998254240296,0,0,0,,0.6601924896240234,0.001429140567779541,0.0,False,False,4,False
88.9795375,1723,88,979537500,map,22.532821655273438,0.03330230712890625,0.2098815143108368,-0.003615188179537654,0.0,0.0,0.0,-0.00039324689885619405,-0.0007833636308976137,-0.0015694793518538069,0.9999983842151259,0,0,0,,0.6593358516693115,-0.002110302448272705,0.0,False,False,4,False
89.0295375,1724,89,29537500,map,22.53520393371582,0.04886627197265625,0.40145254135131836,-0.09871330112218857,0.0,0.0,0.0,-0.00013732343546346196,-0.0007544187981771707,-0.00128522640877566,0.9999988800931875,0,0,0,,0.6713693141937256,-0.005552858114242554,0.0,False,False,4,False
89.079537501,1725,89,79537501,map,22.538354873657227,0.0605010986328125,-0.7067983746528625,-0.28802958130836487,0.0,0.0,0.0,-0.00012801359997259,-0.0005325153785499296,-0.0013416613935811155,0.9999989499917462,0,0,0,,0.65375816822052,0.010949134826660156,0.0,False,False,4,False
89.129537502,1726,89,129537502,map,22.541561126708984,0.06439208984375,0.11436015367507935,-0.20116758346557617,0.0,0.0,0.0,-0.00015525318195395865,-0.0001589531440048793,-0.0016170962554267147,0.9999986678141366,0,0,0,,0.6642493009567261,0.00017625093460083008,0.0,False,False,4,False
89.179537503,1727,89,179537503,map,22.546308517456055,0.092620849609375,-0.13311073184013367,-0.8138973712921143,0.0,0.0,0.0,-8.657371568526177e-05,0.00040708708048590504,-0.0019113753473418158,0.9999980867128607,0,0,0,,0.659096360206604,0.0025673508644104004,0.0,False,False,4,False
89.229537503,1728,89,229537503,map,22.550722122192383,0.085601806640625,-0.14290779829025269,-0.5582913756370544,0.0,0.0,0.0,-0.00011279603936704265,0.0012343713936754912,-0.0022563357992677964,0.999996686271048,0,0,0,,0.6541974544525146,0.002283632755279541,0.0,False,False,4,False
89.279537504,1729,89,279537504,map,22.554420471191406,0.072174072265625,0.0957973301410675,-0.45880362391471863,0.0,0.0,0.0,-8.05777584452594e-05,0.0019725825378831834,-0.0024888374679906547,0.9999949540439762,0,0,0,,0.6547852754592896,-0.001921534538269043,0.0,False,False,4,False
89.329537505,1730,89,329537505,map,22.55741310119629,0.0583648681640625,0.04827171564102173,-0.29815539717674255,0.0,0.0,0.0,-2.9984954218874566e-05,0.0022365670707874367,-0.0025490904063648046,0.9999942494868362,0,0,0,,0.6568987369537354,-0.002036154270172119,0.0,False,False,4,False
89.379537506,1731,89,379537506,map,22.559904098510742,0.0494384765625,0.050197094678878784,-0.09888917207717896,0.0,0.0,0.0,9.792325156817413e-06,0.0022767588103891285,-0.0024720358850322858,0.9999943526400599,0,0,0,,0.6496398448944092,-0.0022139251232147217,0.0,False,False,4,False
89.429537506,1732,89,429537506,map,22.560733795166016,0.0193023681640625,0.07413581013679504,0.42189687490463257,0.0,0.0,0.0,0.00021856234929741722,0.0019760559450956307,-0.002276045147510807,0.9999954335155175,0,0,0,,0.647273063659668,-0.0025751888751983643,0.0,False,False,4,False
89.479537507,1733,89,479537507,map,22.559490203857422,-0.02460479736328125,-0.12286946177482605,0.14883607625961304,0.0,0.0,0.0,0.0001701981538455624,0.0015482307330512875,-0.002117488082201647,0.9999965451232355,0,0,0,,0.6205813884735107,0.0010600090026855469,0.0,False,False,4,False
89.529537508,1734,89,529537508,map,22.55698013305664,-0.048675537109375,0.0672401487827301,0.26919081807136536,0.0,0.0,0.0,0.00023754388436164294,0.0013052893599742339,-0.001986222310727592,0.9999971473526922,0,0,0,,0.6591931581497192,-0.0011031925678253174,0.0,False,False,4,False
89.579537509,1735,89,579537509,map,22.556251525878906,-0.01331329345703125,0.11200398206710815,0.19877761602401733,0.0,0.0,0.0,0.0003282473698543779,0.0011352923693968777,-0.0018125959325138326,0.9999976589277026,0,0,0,,0.6593033075332642,-0.0015550553798675537,0.0,False,False,4,False
89.629537509,1736,89,629537509,map,22.56082534790039,0.07923126220703125,0.057476311922073364,-2.0241289138793945,0.0,0.0,0.0,0.00046396245716936253,0.00223841257162719,-0.0016303185709780337,0.9999960581469082,0,0,0,,0.660392165184021,-0.0008425116539001465,0.0,False,False,4,False
89.67953751,1737,89,679537510,map,22.56685447692871,0.11127471923828125,0.14544963836669922,-1.0307717323303223,0.0,0.0,0.0,0.0005445910416337278,0.004537509009013698,-0.001428941857509287,0.9999885362131701,0,0,0,,0.6562745571136475,-0.0017226636409759521,0.0,False,False,4,False
89.67953751,1738,89,729537511,map,22.572744369506836,0.1013946533203125,-0.11220797896385193,-1.3207504749298096,0.0,0.0,0.0,0.0005753513272862302,0.006416592759083518,-0.0013263619276640782,0.9999783683021604,0,0,0,,0.6456947326660156,0.002387404441833496,0.0,False,False,4,False
89.779537511,1739,89,779537511,map,22.576080322265625,0.05260467529296875,-0.7265282869338989,-0.758177638053894,0.0,0.0,0.0,0.0003069633015145865,0.007074911411134992,-0.0017209515779842872,0.9999734445112641,0,0,0,,0.6456677913665771,0.012499451637268066,0.0,False,False,4,False
89.829537512,1740,89,829537512,map,22.57904052734375,0.05428314208984375,-0.08987396955490112,-0.2863466739654541,0.0,0.0,0.0,0.0001603229295663229,0.00719701620669549,-0.002379497390850733,0.9999712572101488,0,0,0,,0.6459243297576904,0.003265678882598877,0.0,False,False,4,False
89.829537512,1741,89,879537513,map,22.579689025878906,0.01293182373046875,0.0723770260810852,-0.027096271514892578,0.0,0.0,0.0,0.00019736665120443752,0.007115894968805966,-0.0028918768702242523,0.999970480630986,0,0,0,,0.6078978776931763,-0.0010712742805480957,0.0,False,False,4,False
89.929537514,1742,89,929537514,map,22.576982498168945,-0.05451202392578125,-0.34408003091812134,0.09624242782592773,0.0,0.0,0.0,0.0001498228051647893,0.006990804580480986,-0.003367127424850815,0.9999698838751843,0,0,0,,0.6256930828094482,0.0035821199417114258,0.0,False,False,4,False
89.929537514,1743,89,979537514,map,22.574125289916992,-0.0536346435546875,0.24258852005004883,0.13896644115447998,0.0,0.0,0.0,0.00023723056381637963,0.006875904278978553,-0.0035923628091029457,0.9999698798421149,0,0,0,,0.645327091217041,-0.005468517541885376,0.0,False,False,4,False
90.029537515,1744,90,29537515,map,22.572391510009766,-0.03215789794921875,0.07480338215827942,0.1369929313659668,0.0,0.0,0.0,0.00035266418045489813,0.0067825997599025595,-0.0034952693895719364,0.9999708271046547,0,0,0,,0.6415190696716309,-0.0040590763092041016,0.0,False,False,4,False
90.079537516,1745,90,79537516,map,22.570941925048828,-0.00797271728515625,0.5144919157028198,1.3661938905715942,0.0,0.0,0.0,-0.0021555554456585573,0.005801604533297581,-0.0030592596708031365,0.999976167663923,0,0,0,,0.6454073190689087,-0.00733792781829834,0.0,False,False,4,False
90.129537517,1746,90,129537517,map,22.567054748535156,-0.06244659423828125,0.3271274268627167,1.3194561004638672,0.0,0.0,0.0,-0.0024655870861581444,0.004119886322550228,-0.002369498031726283,0.9999856663453169,0,0,0,,0.6428656578063965,-0.0054534077644348145,0.0,False,False,4,False
90.179537517,1747,90,179537517,map,22.567338943481445,0.01377105712890625,0.5362976789474487,0.792965292930603,0.0,0.0,0.0,-0.0031639745662236348,0.0029195180712469665,-0.0013971397276853318,0.999989756787417,0,0,0,,0.6670099496841431,-0.008041530847549438,0.0,False,False,4,False
90.229537518,1748,90,229537518,map,22.56891441345215,0.03719329833984375,0.5579003095626831,0.723051130771637,0.0,0.0,0.0,-0.003899496962703793,0.002318376843663332,-0.00028501968157231466,0.9999896688546486,0,0,0,,0.6757869720458984,-0.00578540563583374,0.0,False,False,4,False
90.279537519,1749,90,279537519,map,22.574785232543945,0.11470794677734375,-0.3951641619205475,-0.34804314374923706,0.0,0.0,0.0,-0.0030925531066346977,0.0022842462466563674,0.0004020097791595144,0.9999925283333395,0,0,0,,0.6933977603912354,0.008125245571136475,0.0,False,False,4,False
90.32953752,1750,90,329537520,map,22.58725357055664,0.23456573486328125,-0.09850971400737762,-1.7150928974151611,0.0,0.0,0.0,-0.0008487256108158863,0.003563011725433465,0.0005958324554633587,0.9999931147742803,0,0,0,,0.6722644567489624,0.0032994747161865234,0.0,False,False,4,False
90.32953752,1751,90,379537520,map,22.602306365966797,0.27515411376953125,-0.811387836933136,-1.8847074508666992,0.0,0.0,0.0,0.00010665546875346702,0.006298034054089106,0.00010025606718978313,0.99998015647331,0,0,0,,0.6866656541824341,0.0171663761138916,0.0,False,False,4,False
90.37953752,1752,90,429537521,map,22.616809844970703,0.2556610107421875,-1.3745100498199463,-1.654055118560791,0.0,0.0,0.0,0.0007950802432008948,0.008837995575149703,-0.0014467855175939713,0.999959581429813,0,0,0,,0.6476809978485107,0.025798022747039795,0.0,False,False,4,False
90.429537521,1753,90,479537522,map,22.629520416259766,0.22411346435546875,-0.5883249640464783,-1.308571696281433,0.0,0.0,0.0,0.0010493709626544273,0.010095378291007515,-0.003515726246216659,0.9999423092492415,0,0,0,,0.6668169498443604,0.01187276840209961,0.0,False,False,4,False
90.529537523,1754,90,529537523,map,22.640419006347656,0.19256591796875,-1.3183233737945557,-0.5869930982589722,0.0,0.0,0.0,0.0007359619634586651,0.010447412583091821,-0.0059475651231659385,0.9999274655690844,0,0,0,,0.6539257764816284,0.019170701503753662,0.0,False,False,4,False
90.579537523,1755,90,579537523,map,22.64927864074707,0.16124725341796875,-1.0083091259002686,-0.16466498374938965,0.0,0.0,0.0,0.0003674607216528534,0.010431274148897638,-0.008500827371163288,0.9999093906080962,0,0,0,,0.6292524337768555,0.010868549346923828,0.0,False,False,4,False
90.629537524,1756,90,629537524,map,22.65433120727539,0.078277587890625,-1.5892696380615234,0.05112051963806152,0.0,0.0,0.0,-0.00010220135015496151,0.01030461102156491,-0.011115963048836414,0.9998851133565673,0,0,0,,0.6353776454925537,0.01536625623703003,0.0,False,False,4,False
90.629537524,1757,90,679537525,map,22.65652847290039,0.03665924072265625,-0.6065517663955688,0.14656782150268555,0.0,0.0,0.0,-0.00024690074834208165,0.010167652743340756,-0.013246501095735707,0.9998605343178778,0,0,0,,0.5956907272338867,-0.002353280782699585,0.0,False,False,4,False
90.729537526,1758,90,729537526,map,22.653656005859375,-0.0782012939453125,-1.2487637996673584,0.16529202461242676,0.0,0.0,0.0,-0.0003887984919481775,0.010068403535148561,-0.014862952361919885,0.9998387713692011,0,0,0,,0.6117606163024902,0.0036388635635375977,0.0,False,False,4,False
90.729537526,1759,90,779537526,map,22.649799346923828,-0.087432861328125,-0.6269276142120361,0.15196382999420166,0.0,0.0,0.0,-0.00036989029764749964,0.010004164672846975,-0.01589067086274268,0.9998236176695858,0,0,0,,0.6290700435638428,-0.0059893131256103516,0.0,False,False,4,False
90.829537527,1760,90,829537527,map,22.644092559814453,-0.12294769287109375,-0.4993128776550293,0.12312471866607666,0.0,0.0,0.0,-0.00020114786367413445,0.009963806602658824,-0.016212590722340027,0.9998189006012996,0,0,0,,0.5869153738021851,-0.008203506469726562,0.0,False,False,4,False
90.879537528,1761,90,879537528,map,22.635440826416016,-0.16742706298828125,0.15840888023376465,0.09422898292541504,0.0,0.0,0.0,0.00020526988638998116,0.00994442410757118,-0.01567918022786343,0.999827599939522,0,0,0,,0.614403486251831,-0.016692131757736206,0.0,False,False,4,False
90.929537529,1762,90,929537529,map,22.626651763916016,-0.16986846923828125,0.2025306224822998,0.06616652011871338,0.0,0.0,0.0,0.0006827383013125902,0.009936012501537526,-0.014396773092924321,0.999846759482918,0,0,0,,0.6132750511169434,-0.015288621187210083,0.0,False,False,4,False
90.979537529,1763,90,979537529,map,22.61804962158203,-0.15911102294921875,0.5476260185241699,0.04520714282989502,0.0,0.0,0.0,0.0012082064097727885,0.009930962994146546,-0.012558264958263779,0.9998710947879823,0,0,0,,0.6230823993682861,-0.0165615975856781,0.0,False,False,4,False
91.02953753,1764,91,29537530,map,22.609697341918945,-0.1465606689453125,0.9779715538024902,0.02963423728942871,0.0,0.0,0.0,0.0018299474357828457,0.009924854511026286,-0.010219097373094907,0.9998968539825476,0,0,0,,0.6157175302505493,-0.01883488893508911,0.0,False,False,4,False
91.02953753,1765,91,79537531,map,22.60289192199707,-0.11867523193359375,0.9388715028762817,0.01759350299835205,0.0,0.0,0.0,0.0023943856325527196,0.009917343769228504,-0.0076454428928972515,0.9999187269038303,0,0,0,,0.6465177536010742,-0.01384437084197998,0.0,False,False,4,False
91.129537532,1766,91,129537532,map,22.599306106567383,-0.05489349365234375,0.4796326160430908,0.435258150100708,0.0,0.0,0.0,0.0018973518108510745,0.00965564714161426,-0.005442498503770044,0.9999367718733116,0,0,0,,0.663798451423645,-0.0007166266441345215,0.0,False,False,4,False
91.179537532,1767,91,179537532,map,22.60041046142578,0.03570556640625,0.834810733795166,0.04573404788970947,0.0,0.0,0.0,0.0012263301628987117,0.009280948303562195,-0.0037662317824294126,0.9999490865094478,0,0,0,,0.6695315837860107,-0.001388251781463623,0.0,False,False,4,False
91.229537533,1768,91,229537533,map,22.6055908203125,0.11898040771484375,0.8926701545715332,0.17883598804473877,0.0,0.0,0.0,0.0004099596557909534,0.009097752859081267,-0.00253163443502853,0.9999553258286508,0,0,0,,0.6800692081451416,-0.00022855401039123535,0.0,False,False,4,False
91.279537534,1769,91,279537534,map,22.61400604248047,0.1802825927734375,0.41429460048675537,0.37138044834136963,0.0,0.0,0.0,-2.1075657812868606e-05,0.008869348660881512,-0.00188696408613354,0.9999588859431602,0,0,0,,0.686408281326294,0.007063567638397217,0.0,False,False,4,False
91.329537535,1770,91,329537535,map,22.626380920410156,0.25066375732421875,0.19767135381698608,0.04851400852203369,0.0,0.0,0.0,-0.0004165194994202927,0.00853286911787849,-0.0018981970371192696,0.9999617060188516,0,0,0,,0.6927919387817383,0.009564697742462158,0.0,False,False,4,False
91.379537535,1771,91,379537535,map,22.641450881958008,0.30643463134765625,0.22539526224136353,0.13858318328857422,0.0,0.0,0.0,-0.0006321212785677322,0.00835044548000808,-0.0023974387313677294,0.9999620606655555,0,0,0,,0.6857261657714844,0.007806658744812012,0.0,False,False,4,False
91.429537536,1772,91,429537536,map,22.658109664916992,0.33477783203125,0.14902055263519287,0.0009065866470336914,0.0,0.0,0.0,-0.0007207246555317338,0.008322728039055474,-0.0031500466473746726,0.999960144185796,0,0,0,,0.6863114833831787,0.0058563947677612305,0.0,False,False,4,False
91.479537537,1773,91,479537537,map,22.67542266845703,0.34027099609375,-0.5227357149124146,-0.02642691135406494,0.0,0.0,0.0,-0.0010369899110954342,0.008313436264146793,-0.004285634895837631,0.9999557214011757,0,0,0,,0.6841521263122559,0.013109266757965088,0.0,False,False,4,False
91.529537538,1774,91,529537538,map,22.69227409362793,0.32958984375,-0.5798155069351196,-0.03587484359741211,0.0,0.0,0.0,-0.0014435522509952177,0.008311891396758166,-0.005801109073584852,0.9999475865023245,0,0,0,,0.6645557880401611,0.011831998825073242,0.0,False,False,4,False
91.579537538,1775,91,579537538,map,22.706892013549805,0.2783203125,-0.9897708892822266,-0.03433525562286377,0.0,0.0,0.0,-0.0019365706987593825,0.008319563048599373,-0.007673680079059076,0.9999340724261041,0,0,0,,0.6612926721572876,0.015079021453857422,0.0,False,False,4,False
91.629537539,1776,91,629537539,map,22.720857620239258,0.25615692138671875,-0.7334452867507935,-0.6274646520614624,0.0,0.0,0.0,-0.0017562895487557215,0.008545678499124387,-0.009622823234943555,0.9999156404912364,0,0,0,,0.6503716707229614,0.008031904697418213,0.0,False,False,4,False
91.629537539,1777,91,679537540,map,22.733591079711914,0.2104949951171875,-1.1029738187789917,-1.1921876668930054,0.0,0.0,0.0,-0.0016370934022091632,0.00970609553180773,-0.011531622136603782,0.999885060057214,0,0,0,,0.6353496313095093,0.010410666465759277,0.0,False,False,4,False
91.729537541,1778,91,729537541,map,22.744138717651367,0.17292022705078125,-0.5554980039596558,-1.1651527881622314,0.0,0.0,0.0,-0.001539278131983816,0.0114482456870049,-0.013127626155199194,0.9998471051741118,0,0,0,,0.6299664974212646,-0.00011712312698364258,0.0,False,False,4,False
91.779537541,1779,91,779537541,map,22.74981689453125,0.06084442138671875,-0.924181342124939,-1.276850700378418,0.0,0.0,0.0,-0.0013966062826180348,0.012974196626456989,-0.014426483435446745,0.9998107802421797,0,0,0,,0.5891468524932861,0.003154575824737549,0.0,False,False,4,False
91.779537541,1780,91,829537542,map,22.749547958374023,-0.03665924072265625,-0.46914756298065186,-0.7295215129852295,0.0,0.0,0.0,-0.0013472932830969394,0.01401700133747667,-0.015309554690374035,0.9997836395988369,0,0,0,,0.600835919380188,-0.004484653472900391,0.0,False,False,4,False
91.829537542,1781,91,879537543,map,22.74355125427246,-0.14194488525390625,-0.3841078281402588,-0.43592095375061035,0.0,0.0,0.0,-0.0012480539927536183,0.014421860698918324,-0.01566664722361545,0.99977247834694,0,0,0,,0.561898946762085,-0.00636628270149231,0.0,False,False,4,False
91.929537544,1782,91,929537544,map,22.731578826904297,-0.24509429931640625,-0.09204387664794922,-0.10725736618041992,0.0,0.0,0.0,-0.001048435697042257,0.014500228524921572,-0.015447327703672183,0.9997749867955937,0,0,0,,0.5713956356048584,-0.010108619928359985,0.0,False,False,4,False
91.979537544,1783,91,979537544,map,22.716259002685547,-0.29018402099609375,0.6231200695037842,0.06078481674194336,0.0,0.0,0.0,-0.0005875940247969716,0.014460548603230428,-0.014398796840652539,0.9997915892409263,0,0,0,,0.5797299146652222,-0.019427895545959473,0.0,False,False,4,False
92.029537545,1784,92,29537545,map,22.70025634765625,-0.3125,0.1719212532043457,0.1299142837524414,0.0,0.0,0.0,-0.0002169037450154684,0.01439359493040525,-0.012860399715653526,0.9998136763902055,0,0,0,,0.5916630029678345,-0.010423153638839722,0.0,False,False,4,False
92.079537546,1785,92,79537546,map,22.684669494628906,-0.30033111572265625,0.33309340476989746,0.1437664031982422,0.0,0.0,0.0,6.635695566277477e-05,0.0143288028964748,-0.011225596442806615,0.9998343197694365,0,0,0,,0.5959267616271973,-0.008333355188369751,0.0,False,False,4,False
92.129537547,1786,92,129537547,map,22.67078399658203,-0.2497100830078125,1.1998045444488525,0.12834429740905762,0.0,0.0,0.0,0.0005876559713885879,0.01427030022178009,-0.009250880604507534,0.999855206717493,0,0,0,,0.6298508644104004,-0.017699390649795532,0.0,False,False,4,False
92.179537547,1787,92,179537547,map,22.661590576171875,-0.172119140625,0.9610980749130249,-0.18030405044555664,0.0,0.0,0.0,0.0010932846382108998,0.014292816068227686,-0.007043789498564145,0.9998724444483105,0,0,0,,0.6298131942749023,-0.011818796396255493,0.0,False,False,4,False
92.229537548,1788,92,229537548,map,22.657785415649414,-0.0742340087890625,0.9246671199798584,-0.420682430267334,0.0,0.0,0.0,0.001462706807324534,0.01474445830008993,-0.00494272101182893,0.9998780080325959,0,0,0,,0.6581499576568604,-0.007667183876037598,0.0,False,False,4,False
92.279537549,1789,92,279537549,map,22.65940284729004,0.03574371337890625,0.8464038372039795,-0.26860594749450684,0.0,0.0,0.0,0.0017047167006076314,0.015387139305370563,-0.0031486978184875054,0.9998752000059885,0,0,0,,0.6647796630859375,-0.0032470226287841797,0.0,False,False,4,False
92.329537549,1790,92,329537549,map,22.665328979492188,0.10959625244140625,0.09301185607910156,-0.3212857246398926,0.0,0.0,0.0,0.001607450884588362,0.015695332767320616,-0.0021169295759536095,0.9998732875920563,0,0,0,,0.6696302890777588,0.010375380516052246,0.0,False,False,4,False
92.329537549,1791,92,379537550,map,22.674884796142578,0.19481658935546875,0.6854838132858276,-0.14334559440612793,0.0,0.0,0.0,0.0015546422292809215,0.01573762543708707,-0.0016954337280767622,0.9998735098689306,0,0,0,,0.67478346824646,0.003368973731994629,0.0,False,False,4,False
92.37953755,1792,92,429537551,map,22.68808937072754,0.25012969970703125,-0.11552870273590088,-0.3908348083496094,0.0,0.0,0.0,0.0013288375438985241,0.01583671957450685,-0.001952991199564038,0.9998718009471388,0,0,0,,0.6692936420440674,0.014065563678741455,0.0,False,False,4,False
92.429537551,1793,92,479537552,map,22.70269203186035,0.2812957763671875,-0.2249234914779663,-0.24759531021118164,0.0,0.0,0.0,0.0009627883619188747,0.01615815865281976,-0.00294361234282147,0.9998646518873919,0,0,0,,0.6594623327255249,0.014477431774139404,0.0,False,False,4,False
92.479537552,1794,92,529537552,map,22.717647552490234,0.28594970703125,-0.4912000894546509,-0.2115631103515625,0.0,0.0,0.0,0.000528840584504135,0.016480640708680685,-0.004512562541677697,0.9998538621162469,0,0,0,,0.6649801731109619,0.01546710729598999,0.0,False,False,4,False
92.579537553,1795,92,579537553,map,22.7318115234375,0.2672576904296875,-0.8246755599975586,-0.1368868350982666,0.0,0.0,0.0,1.1644022804964635e-05,0.01656812262115207,-0.006566477010255262,0.9998411766660249,0,0,0,,0.6441425085067749,0.016812503337860107,0.0,False,False,4,False
92.629537554,1796,92,629537554,map,22.74482536315918,0.24566650390625,-0.614212155342102,-0.15272259712219238,0.0,0.0,0.0,-0.0003995766817444345,0.016579962210322114,-0.008750118905792283,0.9998241748481151,0,0,0,,0.6451102495193481,0.009595930576324463,0.0,False,False,4,False
92.679537555,1797,92,679537555,map,22.755373001098633,0.18161773681640625,-0.9933578968048096,-0.34929633140563965,0.0,0.0,0.0,-0.0008110533081989809,0.016843920356783764,-0.010910097528029157,0.9997982768096144,0,0,0,,0.6089495420455933,0.010936379432678223,0.0,False,False,4,False
92.729537555,1798,92,729537555,map,22.76110076904297,0.0994873046875,-0.4931187629699707,-0.1632523536682129,0.0,0.0,0.0,-0.0010225068448403401,0.01728970657798274,-0.012702168723150173,0.9997693111092819,0,0,0,,0.5976800918579102,-6.917119026184082e-05,0.0,False,False,4,False
92.779537556,1799,92,779537556,map,22.762271881103516,0.0070953369140625,-0.4282897710800171,-0.2161884307861328,0.0,0.0,0.0,-0.0010662080867001927,0.01757810011673578,-0.0138690485588375,0.9997487299760247,0,0,0,,0.6007869243621826,-0.004196673631668091,0.0,False,False,4,False
92.829537557,1800,92,829537557,map,22.759397506713867,-0.07862091064453125,-0.8514469861984253,-0.07931947708129883,0.0,0.0,0.0,-0.0011955324610053095,0.017688859430158976,-0.014658405847319592,0.9997353680310654,0,0,0,,0.5842938423156738,0.0007605552673339844,0.0,False,False,4,False
92.879537558,1801,92,879537558,map,22.75294303894043,-0.1274871826171875,0.589977502822876,-0.2998161315917969,0.0,0.0,0.0,-0.000887859268455451,0.01784638040562339,-0.014538960936000852,0.9997346333038776,0,0,0,,0.5785946846008301,-0.020693033933639526,0.0,False,False,4,False
92.929537558,1802,92,929537558,map,22.743364334106445,-0.20786285400390625,-0.3198659420013428,-0.24679899215698242,0.0,0.0,0.0,-0.0006574512433793659,0.018257750851320923,-0.013779596581938988,0.9997381382190802,0,0,0,,0.5668638944625854,-0.00692710280418396,0.0,False,False,4,False
92.979537559,1803,92,979537559,map,22.72979164123535,-0.2764892578125,0.10163962841033936,-0.1832568645477295,0.0,0.0,0.0,-0.00045168123659333157,0.018715908134451485,-0.012743632378205515,0.999743522409909,0,0,0,,0.5553652048110962,-0.009443879127502441,0.0,False,False,4,False
93.02953756,1804,93,29537560,map,22.713619232177734,-0.316314697265625,0.6160777807235718,-0.14033913612365723,0.0,0.0,0.0,-6.481368829969135e-05,0.018925702870710215,-0.011298670066934234,0.9997570472993695,0,0,0,,0.5854407548904419,-0.014211922883987427,0.0,False,False,4,False
93.079537561,1805,93,79537561,map,22.6986026763916,-0.2893829345703125,0.7393097877502441,-0.07950067520141602,0.0,0.0,0.0,0.0003973636680918906,0.01900046456813978,-0.009488583713050178,0.9997743701593028,0,0,0,,0.597396969795227,-0.013331383466720581,0.0,False,False,4,False
93.129537561,1806,93,129537561,map,22.687294006347656,-0.23471832275390625,0.3484398126602173,-0.37377119064331055,0.0,0.0,0.0,0.0006780245402293359,0.01925942465995472,-0.007753849609059626,0.9997842230505193,0,0,0,,0.6181740760803223,-0.003981858491897583,0.0,False,False,4,False
93.179537562,1807,93,179537562,map,22.679683685302734,-0.14324188232421875,0.9608161449432373,-0.1741313934326172,0.0,0.0,0.0,0.0010272854910209908,0.019681036523118298,-0.0060851320846484445,0.999787263698337,0,0,0,,0.6300323009490967,-0.009485572576522827,0.0,False,False,4,False
93.229537563,1808,93,229537563,map,22.676265716552734,-0.07198333740234375,0.329243540763855,-0.21399736404418945,0.0,0.0,0.0,0.0011888534255769245,0.019966373853580865,-0.004737109675409026,0.99978872284828,0,0,0,,0.6364408731460571,0.001960456371307373,0.0,False,False,4,False
93.229537563,1809,93,279537564,map,22.677059173583984,0.02140045166015625,0.6749868392944336,-0.10027170181274414,0.0,0.0,0.0,0.00131353386719848,0.020019181058903608,-0.0037670217511000144,0.9997916365751603,0,0,0,,0.6609292030334473,-0.0006900429725646973,0.0,False,False,4,False
93.329537564,1810,93,329537564,map,22.6828670501709,0.10715484619140625,0.10864794254302979,-0.256730318069458,0.0,0.0,0.0,0.0012588564422099905,0.020047907554707183,-0.003336166638236102,0.9997926618430932,0,0,0,,0.6511167287826538,0.008233189582824707,0.0,False,False,4,False
93.379537565,1811,93,379537565,map,22.692045211791992,0.16750335693359375,-0.2986431121826172,-0.2932465076446533,0.0,0.0,0.0,0.0009625341862949814,0.020324352282843874,-0.0037092861799710164,0.9997860948364197,0,0,0,,0.660704493522644,0.014825403690338135,0.0,False,False,4,False
93.429537566,1812,93,429537566,map,22.703828811645508,0.2272796630859375,-0.041579604148864746,-0.19186139106750488,0.0,0.0,0.0,0.0006975921672034742,0.020692272378579936,-0.004636046440290276,0.9997748998161448,0,0,0,,0.652522087097168,0.009726107120513916,0.0,False,False,4,False
93.479537567,1813,93,479537567,map,22.715518951416016,0.21877288818359375,-0.5117493867874146,-0.1846146583557129,0.0,0.0,0.0,0.00035563820782671756,0.020834099768658933,-0.005995083720528929,0.9997649087557927,0,0,0,,0.6363351345062256,0.013676702976226807,0.0,False,False,4,False
93.529537567,1814,93,529537567,map,22.726133346557617,0.207061767578125,-0.16188323497772217,-0.06893634796142578,0.0,0.0,0.0,0.00011781106648553119,0.02083740560575784,-0.007465721208882043,0.999754995813977,0,0,0,,0.629427433013916,0.005444467067718506,0.0,False,False,4,False
93.579537568,1815,93,579537568,map,22.734912872314453,0.14400482177734375,-0.9048134088516235,-0.3919827938079834,0.0,0.0,0.0,-0.00026158799751377544,0.021007396177007562,-0.009096056517253825,0.9997379069703304,0,0,0,,0.6098809242248535,0.013123273849487305,0.0,False,False,4,False
93.62953756900001,1816,93,629537569,map,22.741140365600586,0.10585784912109375,-0.5270630121231079,-0.21279335021972656,0.0,0.0,0.0,-0.0005659545250520593,0.021407373880191084,-0.01072047480409778,0.9997131966014073,0,0,0,,0.6115597486495972,0.0049721598625183105,0.0,False,False,4,False
93.67953757,1817,93,679537570,map,22.746028900146484,0.07816314697265625,-0.5366146564483643,-0.2136993408203125,0.0,0.0,0.0,-0.0007551946448195077,0.02176571899476397,-0.012083212750315825,0.9996897914489873,0,0,0,,0.625749945640564,0.0020936131477355957,0.0,False,False,4,False
93.72953757,1818,93,729537570,map,22.748409271240234,0.03131866455078125,-0.5382168292999268,-0.12059211730957031,0.0,0.0,0.0,-0.0008835819089236343,0.021892501147320057,-0.013126597323419337,0.9996737618439496,0,0,0,,0.579169511795044,4.374980926513672e-05,0.0,False,False,4,False
93.779537571,1819,93,779537571,map,22.746673583984375,-0.04047393798828125,0.1532965898513794,-0.19707441329956055,0.0,0.0,0.0,-0.0007404444463787519,0.02197007724445063,-0.01348962089836301,0.9996673434577691,0,0,0,,0.5882728099822998,-0.01150628924369812,0.0,False,False,4,False
93.829537572,1820,93,829537572,map,22.743696212768555,-0.075225830078125,-0.05718052387237549,-0.31628847122192383,0.0,0.0,0.0,-0.0005415249969406023,0.02230111755744634,-0.013197724672917778,0.9996640370493601,0,0,0,,0.5978119373321533,-0.009054005146026611,0.0,False,False,4,False
93.879537573,1821,93,879537573,map,22.73966407775879,-0.08167266845703125,0.339699387550354,-0.16970396041870117,0.0,0.0,0.0,-0.0002475340645148743,0.02276380633687009,-0.012328282749593371,0.9996648244748789,0,0,0,,0.5928158760070801,-0.013368964195251465,0.0,False,False,4,False
93.929537573,1822,93,929537573,map,22.734235763549805,-0.1166534423828125,0.05410134792327881,-0.19327163696289062,0.0,0.0,0.0,-3.3036696414120016e-05,0.02301688222983988,-0.011175151219247203,0.9996726154277816,0,0,0,,0.5875716209411621,-0.006800979375839233,0.0,False,False,4,False
93.979537574,1823,93,979537574,map,22.728466033935547,-0.11096954345703125,0.39891719818115234,-0.06779909133911133,0.0,0.0,0.0,0.00020909331557042248,0.02309350785773761,-0.009892289194449436,0.9996843445754781,0,0,0,,0.609490156173706,-0.008522868156433105,0.0,False,False,4,False
94.029537575,1824,94,29537575,map,22.724681854248047,-0.08098602294921875,0.594794750213623,-0.33961057662963867,0.0,0.0,0.0,0.0005237634251252371,0.023248695495537496,-0.008472361314935907,0.9996936745440472,0,0,0,,0.6082813739776611,-0.008975595235824585,0.0,False,False,4,False
94.079537576,1825,94,79537576,map,22.721927642822266,-0.05649566650390625,0.5674207210540771,-0.22942304611206055,0.0,0.0,0.0,0.000816225433580997,0.023631896544424977,-0.007047971476896718,0.9996955503251057,0,0,0,,0.6048791408538818,-0.0060405433177948,0.0,False,False,4,False
94.129537576,1826,94,129537576,map,22.720680236816406,-0.0244140625,0.6499958038330078,-0.1992630958557129,0.0,0.0,0.0,0.0010756777434139356,0.024011004884720966,-0.0057145941252087756,0.9996947824090122,0,0,0,,0.6307744979858398,-0.004919379949569702,0.0,False,False,4,False
94.179537577,1827,94,179537577,map,22.72029685974121,-0.02178192138671875,-0.4800701141357422,-0.13608455657958984,0.0,0.0,0.0,0.0009021933302497111,0.024136996823104266,-0.00511590512955891,0.9996951630103357,0,0,0,,0.5967659950256348,0.014105677604675293,0.0,False,False,4,False
94.179537577,1828,94,229537578,map,22.720260620117188,-0.00919342041015625,-0.0979924201965332,-0.13998031616210938,0.0,0.0,0.0,0.000648011040075202,0.02416296213934844,-0.005343820501021669,0.9996935405036871,0,0,0,,0.6279680728912354,0.010714292526245117,0.0,False,False,4,False
94.279537579,1829,94,279537579,map,22.723798751831055,0.0604248046875,0.4617345333099365,-0.35665035247802734,0.0,0.0,0.0,0.0006551035749485103,0.024411596483778723,-0.005778700319818452,0.9996850761209917,0,0,0,,0.6366207599639893,0.0008674263954162598,0.0,False,False,4,False
94.329537579,1830,94,329537579,map,22.729379653930664,0.10517120361328125,0.1237642765045166,-0.16818761825561523,0.0,0.0,0.0,0.0006703228899954398,0.024821056516317518,-0.006232759654787766,0.9996722555556509,0,0,0,,0.626335859298706,0.003116786479949951,0.0,False,False,4,False
94.37953758,1831,94,379537580,map,22.734384536743164,0.08228302001953125,-0.41579902172088623,-0.2276754379272461,0.0,0.0,0.0,0.00045901170274604,0.02506527329393267,-0.006959959350829169,0.999661482877475,0,0,0,,0.6042338609695435,0.009540379047393799,0.0,False,False,4,False
94.429537581,1832,94,429537581,map,22.737573623657227,0.05931854248046875,-0.0001633167266845703,-0.08975505828857422,0.0,0.0,0.0,0.0003059701952268612,0.02512213406642986,-0.007764758412227861,0.999654186851127,0,0,0,,0.6050779819488525,0.0021153688430786133,0.0,False,False,4,False
94.479537582,1833,94,479537582,map,22.740266799926758,0.03566741943359375,-0.18348515033721924,-0.29767751693725586,0.0,0.0,0.0,0.00018369901043394264,0.02521945278200903,-0.008483744676125962,0.9996459230809278,0,0,0,,0.6058199405670166,0.002494990825653076,0.0,False,False,4,False
94.529537582,1834,94,529537582,map,22.74248695373535,0.03025054931640625,-0.031012892723083496,-0.26340484619140625,0.0,0.0,0.0,0.00012337550475919966,0.025574146160130345,-0.009013601202653225,0.9996322838024113,0,0,0,,0.60477614402771,-0.0013120770454406738,0.0,False,False,4,False
94.579537583,1835,94,579537583,map,22.744279861450195,0.01911163330078125,-0.3930932283401489,-0.19376754760742188,0.0,0.0,0.0,-1.4212817982202147e-05,0.025988444204640054,-0.009472052712572319,0.9996173671876798,0,0,0,,0.6094809770584106,0.002966940402984619,0.0,False,False,4,False
94.629537584,1836,94,629537584,map,22.745595932006836,0.0164031982421875,-0.09228110313415527,-0.15814542770385742,0.0,0.0,0.0,-8.568756949221595e-05,0.026156377830421587,-0.009811211951833829,0.9996097121759416,0,0,0,,0.604543924331665,-0.0016570687294006348,0.0,False,False,4,False
94.679537585,1837,94,679537585,map,22.746294021606445,0.0038909912109375,-0.33631742000579834,-0.07745742797851562,0.0,0.0,0.0,-0.00017503419198437037,0.0261952086871071,-0.01007257762087398,0.9996060842076453,0,0,0,,0.6005994081497192,0.001453399658203125,0.0,False,False,4,False
94.729537585,1838,94,729537585,map,22.747621536254883,0.0012969970703125,-0.22639095783233643,-0.39301156997680664,0.0,0.0,0.0,-0.00024159599378122582,0.026425997943883058,-0.010294385474333435,0.999597736037728,0,0,0,,0.6114519834518433,0.00018012523651123047,0.0,False,False,4,False
94.779537586,1839,94,779537586,map,22.749086380004883,0.01712799072265625,-0.11063635349273682,-0.1866769790649414,0.0,0.0,0.0,-0.00023457999307331,0.026844758498086013,-0.010404207266079024,0.9995854422632269,0,0,0,,0.6009910106658936,-0.0015069544315338135,0.0,False,False,4,False
94.829537587,1840,94,829537587,map,22.749284744262695,-0.01216888427734375,-0.2253568172454834,-0.21603107452392578,0.0,0.0,0.0,-0.0002378709604510775,0.027160631635543733,-0.010465040592019645,0.9995762734438888,0,0,0,,0.589179515838623,0.000401914119720459,0.0,False,False,4,False
94.829537587,1841,94,879537587,map,22.74711799621582,-0.04093170166015625,0.42271673679351807,-0.10028839111328125,0.0,0.0,0.0,-3.646172768019334e-05,0.02725794897895282,-0.010213661959039924,0.9995762522176033,0,0,0,,0.5820052623748779,-0.00886198878288269,0.0,False,False,4,False
94.929537588,1842,94,929537588,map,22.744380950927734,-0.06931304931640625,-0.058301687240600586,-0.24125337600708008,0.0,0.0,0.0,9.149515726548902e-05,0.027342065973796646,-0.00978324829956771,0.999578256621076,0,0,0,,0.5982019901275635,-0.001753300428390503,0.0,False,False,4,False
94.929537588,1843,94,979537589,map,22.742435455322266,-0.052947998046875,0.12212812900543213,-0.28855323791503906,0.0,0.0,0.0,0.0001875997533516036,0.027678698490126025,-0.009330324986810292,0.9995733087132057,0,0,0,,0.5968203544616699,-0.0028900504112243652,0.0,False,False,4,False
95.02953759,1844,95,29537590,map,22.740467071533203,-0.052337646484375,-0.1476752758026123,-0.1798534393310547,0.0,0.0,0.0,0.0001891600732083878,0.02811231623243732,-0.009014706432619968,0.999564103478335,0,0,0,,0.593660831451416,0.0022280216217041016,0.0,False,False,4,False
95.07953759,1845,95,79537590,map,22.738292694091797,-0.05405426025390625,-0.026253461837768555,-0.17535686492919922,0.0,0.0,0.0,0.00017345687810478105,0.028312884792931453,-0.008884714592872428,0.9995596091849733,0,0,0,,0.6000828742980957,0.0016045570373535156,0.0,False,False,4,False
95.129537591,1846,95,129537591,map,22.7367000579834,-0.03223419189453125,0.16840100288391113,-0.059566497802734375,0.0,0.0,0.0,0.0002360117018234934,0.028354928664519788,-0.008788669329964497,0.9995592536764966,0,0,0,,0.6033220291137695,-0.0010563433170318604,0.0,False,False,4,False
95.129537591,1847,95,179537592,map,22.73672866821289,-0.02094268798828125,0.019054412841796875,-0.3787350654602051,0.0,0.0,0.0,0.0002777828193526945,0.02853241787686602,-0.008729928726884974,0.999554707012692,0,0,0,,0.6033296585083008,0.0009256601333618164,0.0,False,False,4,False
95.179537592,1848,95,229537593,map,22.737751007080078,0.01552581787109375,0.4153025150299072,-0.21157026290893555,0.0,0.0,0.0,0.00042600120329350916,0.028920647060177634,-0.008535950282785355,0.9995451726907421,0,0,0,,0.6121729612350464,-0.005084633827209473,0.0,False,False,4,False
95.279537593,1849,95,279537593,map,22.740310668945312,0.04604339599609375,0.4241830110549927,-0.21060705184936523,0.0,0.0,0.0,0.000625674720351711,0.02925986143602861,-0.008093407036296331,0.9995388765838142,0,0,0,,0.6177819967269897,-0.005752354860305786,0.0,False,False,4,False
95.329537594,1850,95,329537594,map,22.74349021911621,0.05367279052734375,-0.16318917274475098,-0.12368202209472656,0.0,0.0,0.0,0.0006013921150669976,0.029357832523210982,-0.007764714388916074,0.9995386261708556,0,0,0,,0.6036297082901001,0.00339353084564209,0.0,False,False,4,False
95.379537595,1851,95,379537595,map,22.746341705322266,0.04833221435546875,-0.12649893760681152,-0.1119375228881836,0.0,0.0,0.0,0.00046972618116987203,0.029373516402506215,-0.007739189271222617,0.9995384338988124,0,0,0,,0.6021287441253662,0.004187643527984619,0.0,False,False,4,False
95.429537596,1852,95,429537596,map,22.749853134155273,0.0656890869140625,0.2824634313583374,-0.15753507614135742,0.0,0.0,0.0,0.0004809354213498523,0.02949455457902205,-0.007747627297594535,0.9995347989052522,0,0,0,,0.6171550750732422,-0.0018841922283172607,0.0,False,False,4,False
95.479537596,1853,95,479537596,map,22.754535675048828,0.09197235107421875,0.1539897918701172,-0.07283449172973633,0.0,0.0,0.0,0.0005297587453723942,0.029680263113289657,-0.007687963844964559,0.9995297377012433,0,0,0,,0.6149216890335083,-0.0008767247200012207,0.0,False,False,4,False
95.529537597,1854,95,529537597,map,22.759912490844727,0.10387420654296875,0.09277939796447754,-0.08841991424560547,0.0,0.0,0.0,0.000541817474243923,0.029767000359045614,-0.00761896350959422,0.9995276802162553,0,0,0,,0.6171894073486328,-0.00021755695343017578,0.0,False,False,4,False
95.529537597,1855,95,579537598,map,22.76536750793457,0.10395050048828125,-0.2349853515625,-0.026140213012695312,0.0,0.0,0.0,0.000423411668411196,0.02977080143539369,-0.007724102062991357,0.9995268172249178,0,0,0,,0.6063327789306641,0.0046430230140686035,0.0,False,False,4,False
95.629537599,1856,95,629537599,map,22.770191192626953,0.09521484375,-0.10687530040740967,0.005338191986083984,0.0,0.0,0.0,0.00029921549226009247,0.029746719316558614,-0.00799993726523436,0.9995254094637832,0,0,0,,0.6060155630111694,0.0029235482215881348,0.0,False,False,4,False
95.629537599,1857,95,679537599,map,22.774660110473633,0.082244873046875,-0.49288153648376465,0.019254684448242188,0.0,0.0,0.0,7.633711683132502e-05,0.029719818294289217,-0.008542631698978391,0.9995217606519904,0,0,0,,0.610877513885498,0.008115649223327637,0.0,False,False,4,False
95.7295376,1858,95,729537600,map,22.779333114624023,0.101318359375,0.37278831005096436,0.020382404327392578,0.0,0.0,0.0,0.00011940971826833479,0.029694182681606094,-0.008925524281262786,0.9995191725387237,0,0,0,,0.6109722852706909,-0.005358248949050903,0.0,False,False,4,False
95.779537601,1859,95,779537601,map,22.784095764160156,0.092315673828125,-0.24505972862243652,0.01796722412109375,0.0,0.0,0.0,0.00011098168110115192,0.029674393444218995,-0.009158255359117937,0.9995176558798555,0,0,0,,0.6096311807632446,0.0018862485885620117,0.0,False,False,4,False
95.829537602,1860,95,829537602,map,22.788150787353516,0.0749969482421875,-0.39477765560150146,0.01341104507446289,0.0,0.0,0.0,-3.311090154470883e-05,0.02966200303800198,-0.009513865941279053,0.9995147076628204,0,0,0,,0.5973082780838013,0.004359126091003418,0.0,False,False,4,False
95.879537602,1861,95,879537602,map,22.791034698486328,0.056610107421875,-0.09745478630065918,0.009925365447998047,0.0,0.0,0.0,-0.00010025352096281327,0.029657118579150377,-0.00986112268830158,0.999511482438366,0,0,0,,0.5995603799819946,-5.0187110900878906e-05,0.0,False,False,4,False
95.879537602,1862,95,929537603,map,22.793033599853516,0.03322601318359375,-0.38200855255126953,0.006847381591796875,0.0,0.0,0.0,-0.00019926108502340623,0.029659651213208522,-0.010234605029617852,0.9995076379121965,0,0,0,,0.5972166061401367,0.00356215238571167,0.0,False,False,4,False
95.979537604,1863,95,979537604,map,22.793867111206055,0.02971649169921875,0.6827497482299805,0.005054473876953125,0.0,0.0,0.0,4.195150809268558e-05,0.029663533513560384,-0.01015159141551108,0.9995083882645975,0,0,0,,0.5937027931213379,-0.012575864791870117,0.0,False,False,4,False
96.029537605,1864,96,29537605,map,22.79439926147461,0.0164031982421875,0.31924009323120117,0.002734661102294922,0.0,0.0,0.0,0.0003298885192267921,0.029669686414849804,-0.00954183376301434,0.9995141591243459,0,0,0,,0.6025316715240479,-0.00833246111869812,0.0,False,False,4,False
96.029537605,1865,96,79537605,map,22.794479370117188,-0.00988006591796875,-0.650639533996582,0.0019025802612304688,0.0,0.0,0.0,0.00020343071838897856,0.029679387519612917,-0.00917986350398138,0.9995172948370886,0,0,0,,0.5901287794113159,0.0077443718910217285,0.0,False,False,4,False
96.129537606,1866,96,129537606,map,22.79462242126465,0.01186370849609375,0.49717605113983154,0.00043392181396484375,0.0,0.0,0.0,0.0002771489539754379,0.02968747155309289,-0.008838897607658729,0.9995201104081513,0,0,0,,0.612162709236145,-0.006878197193145752,0.0,False,False,4,False
96.179537607,1867,96,179537607,map,22.795757293701172,0.0274658203125,0.28035879135131836,-0.0013399124145507812,0.0,0.0,0.0,0.00045025686907493496,0.029689799091467524,-0.008308536809900617,0.9995245276203776,0,0,0,,0.600386381149292,-0.004097461700439453,0.0,False,False,4,False
96.229537608,1868,96,229537608,map,22.79651641845703,0.01598358154296875,0.04993736743927002,-0.0010657310485839844,0.0,0.0,0.0,0.0005118559450336085,0.029691261138057572,-0.007842780194165028,0.9995282176178666,0,0,0,,0.595142126083374,0.00021499395370483398,0.0,False,False,4,False
96.279537608,1869,96,279537608,map,22.797016143798828,0.00011444091796875,-0.5703723430633545,0.0005388259887695312,0.0,0.0,0.0,0.00029413110709364525,0.029694873490979993,-0.007876421592649317,0.9995279335557068,0,0,0,,0.6066799163818359,0.01080322265625,0.0,False,False,4,False
96.329537609,1870,96,329537609,map,22.7990779876709,0.04688262939453125,0.32392680644989014,-0.0030040740966796875,0.0,0.0,0.0,0.0002763362451396886,0.02969363541504166,-0.0080720246120243,0.9995264148949646,0,0,0,,0.6207972764968872,-0.001665353775024414,0.0,False,False,4,False
96.37953761,1871,96,379537610,map,22.802946090698242,0.07984161376953125,0.15380680561065674,-0.0051021575927734375,0.0,0.0,0.0,0.00035750358159186246,0.029685283482228927,-0.008156761652056643,0.9995259493255392,0,0,0,,0.6164083480834961,-0.000824272632598877,0.0,False,False,4,False
96.37953761,1872,96,429537611,map,22.807872772216797,0.10387420654296875,0.3332310914993286,-0.006155967712402344,0.0,0.0,0.0,0.0004890169719707258,0.02967172366768105,-0.008058369495350881,0.9995270943591605,0,0,0,,0.6191055774688721,-0.004189610481262207,0.0,False,False,4,False
96.429537611,1873,96,479537611,map,22.81263542175293,0.08663177490234375,-0.501856803894043,-0.006442070007324219,0.0,0.0,0.0,0.00034518769000274683,0.02966006170120774,-0.008169573446886383,0.999526597772683,0,0,0,,0.598020076751709,0.007920444011688232,0.0,False,False,4,False
96.529537612,1874,96,529537612,map,22.815731048583984,0.0568389892578125,-0.2819174528121948,-0.0038242340087890625,0.0,0.0,0.0,0.00013379796911372742,0.029654928845617608,-0.008606548677160297,0.9995231336057873,0,0,0,,0.5933773517608643,0.005559861660003662,0.0,False,False,4,False
96.529537612,1875,96,579537613,map,22.81708335876465,0.02796173095703125,0.05294501781463623,-0.0012445449829101562,0.0,0.0,0.0,8.43453832318097e-05,0.02965703896915209,-0.009036827992649755,0.9995192787861923,0,0,0,,0.5890600681304932,-0.0002232193946838379,0.0,False,False,4,False
96.579537613,1876,96,629537614,map,22.8173770904541,0.0091552734375,0.1873260736465454,-0.0008559226989746094,0.0,0.0,0.0,0.0001680810404965402,0.029664821318112045,-0.009221067473841398,0.9995173545464686,0,0,0,,0.5997354984283447,-0.003677457571029663,0.0,False,False,4,False
96.679537614,1877,96,679537614,map,22.817764282226562,0.01209259033203125,0.256727933883667,-0.0007343292236328125,0.0,0.0,0.0,0.00031025554789044927,0.029673345849538554,-0.0090849242100864,0.9995183142092424,0,0,0,,0.6024248600006104,-0.005594104528427124,0.0,False,False,4,False
96.679537614,1878,96,729537615,map,22.818025588989258,0.003814697265625,-0.08736908435821533,0.0007343292236328125,0.0,0.0,0.0,0.0003341393126982424,0.029681663446171895,-0.008850367543644098,0.9995201639788616,0,0,0,,0.5937894582748413,-0.00043514370918273926,0.0,False,False,4,False
96.729537615,1879,96,779537616,map,22.81751823425293,-0.01033782958984375,-0.013094544410705566,0.0008702278137207031,0.0,0.0,0.0,0.0003108679999120212,0.029690400444926924,-0.008650243558943947,0.9995216639817655,0,0,0,,0.5922963619232178,-0.0004927515983581543,0.0,False,False,4,False
96.779537616,1880,96,829537617,map,22.81688117980957,-0.01983642578125,-0.4043424129486084,0.0001811981201171875,0.0,0.0,0.0,0.00015663986492154368,0.029699724506550926,-0.008699876991129103,0.9995209922600561,0,0,0,,0.6044503450393677,0.006037533283233643,0.0,False,False,4,False
96.829537617,1881,96,879537617,map,22.81675910949707,-0.00545501708984375,-0.16709744930267334,0.0004410743713378906,0.0,0.0,0.0,3.1065693724799246e-05,0.029705945968607535,-0.008974309521339085,0.9995183928160842,0,0,0,,0.5979188680648804,0.0032467246055603027,0.0,False,False,4,False
96.929537618,1882,96,929537618,map,22.816816329956055,0.010528564453125,0.5283403396606445,0.00011682510375976562,0.0,0.0,0.0,0.0001998146180942849,0.02970735030273027,-0.008977965086525838,0.9995182987594646,0,0,0,,0.6059846878051758,-0.007822781801223755,0.0,False,False,4,False
96.929537618,1883,96,979537619,map,22.817699432373047,0.0203704833984375,0.1605665683746338,-0.0007915496826171875,0.0,0.0,0.0,0.00036812709312551657,0.029705092695026705,-0.008695076242570885,0.9995208189925606,0,0,0,,0.6053295135498047,-0.0035764575004577637,0.0,False,False,4,False
97.02953762,1884,97,29537620,map,22.81886100769043,0.02376556396484375,0.03396928310394287,-0.00156402587890625,0.0,0.0,0.0,0.00041975784581464135,0.029701779161430446,-0.008374673553079387,0.999523633017687,0,0,0,,0.6008787155151367,-0.0010487735271453857,0.0,False,False,4,False
97.07953762,1885,97,79537620,map,22.819351196289062,0.00469207763671875,-0.2949070930480957,-0.0014138221740722656,0.0,0.0,0.0,0.00030725711990101323,0.029700283171357273,-0.008282890781580017,0.9995244831883328,0,0,0,,0.5905225276947021,0.0048220157623291016,0.0,False,False,4,False
97.07953762,1886,97,129537621,map,22.819156646728516,-0.0031280517578125,0.046605467796325684,-0.0004100799560546875,0.0,0.0,0.0,0.0002519297810558523,0.02970157530959368,-0.00833780423841594,0.99952400370176,0,0,0,,0.5996067523956299,0.0005889534950256348,0.0,False,False,4,False
97.179537622,1887,97,179537622,map,22.819164276123047,0.0011444091796875,0.056722164154052734,7.390975952148438e-05,0.0,0.0,0.0,0.00026419431172208124,0.02970337928701489,-0.008392064531924275,0.9995234928270519,0,0,0,,0.6013280153274536,-1.9848346710205078e-05,0.0,False,False,4,False
97.229537623,1888,97,229537623,map,22.81907081604004,0.00209808349609375,-0.06852388381958008,0.08571863174438477,0.0,0.0,0.0,0.0002471820260406635,0.029684278505430036,-0.008484269326246859,0.9995232862143123,0,0,0,,0.5980868339538574,0.00150984525680542,0.0,False,False,4,False
97.229537623,1889,97,279537623,map,22.8183650970459,-0.00240325927734375,-0.06753683090209961,0.21661996841430664,0.0,0.0,0.0,0.00020896309681211795,0.029493473348561807,-0.008632115034276383,0.9995276774328447,0,0,0,,0.5979671478271484,0.0013912320137023926,0.0,False,False,4,False
97.279537623,1890,97,329537624,map,22.817197799682617,-0.01621246337890625,-0.027761459350585938,0.1290297508239746,0.0,0.0,0.0,0.00018603990771999025,0.02920673953824884,-0.008788126616262973,0.9995347420601619,0,0,0,,0.5911293029785156,0.0005288124084472656,0.0,False,False,4,False
97.379537625,1891,97,379537625,map,22.815458297729492,-0.0269317626953125,-0.06941795349121094,0.1552724838256836,0.0,0.0,0.0,0.00016106139928318832,0.0290416345160977,-0.008939703955532178,0.9995382129848996,0,0,0,,0.5931473970413208,0.0007816553115844727,0.0,False,False,4,False
97.429537625,1892,97,429537625,map,22.813827514648438,-0.027313232421875,0.0618058443069458,0.07280826568603516,0.0,0.0,0.0,0.0001804331989480528,0.02899332624857649,-0.009017240788966908,0.9995389156233279,0,0,0,,0.6011245250701904,-0.0014123022556304932,0.0,False,False,4,False
97.479537626,1893,97,479537626,map,22.812360763549805,-0.0139617919921875,0.11456131935119629,0.23033618927001953,0.0,0.0,0.0,0.0002414664267025849,0.028936825546104206,-0.008956371127985798,0.9995410873183238,0,0,0,,0.6012194156646729,-0.002517998218536377,0.0,False,False,4,False
97.529537627,1894,97,529537627,map,22.809951782226562,-0.02655029296875,-0.12839078903198242,0.41565418243408203,0.0,0.0,0.0,0.0002229229960136662,0.02854750006756183,-0.008895051852522451,0.9995528343203132,0,0,0,,0.5919137001037598,0.0010555386543273926,0.0,False,False,4,False
97.529537627,1895,97,579537628,map,22.80768394470215,-0.02197265625,0.5546408891677856,0.2468705177307129,0.0,0.0,0.0,0.00039233157794525924,0.027986732296482186,-0.008574783443160313,0.9995714391579028,0,0,0,,0.6109218597412109,-0.008592218160629272,0.0,False,False,4,False
97.629537628,1896,97,629537628,map,22.80794906616211,0.02445220947265625,0.22354423999786377,0.275421142578125,0.0,0.0,0.0,0.0005490960037644386,0.027680736854024574,-0.008019698159029164,0.9995844935483116,0,0,0,,0.6247110366821289,-0.004102081060409546,0.0,False,False,4,False
97.679537629,1897,97,679537629,map,22.8107967376709,0.06893157958984375,0.36482393741607666,0.11153697967529297,0.0,0.0,0.0,0.0006867634158860561,0.027583305924803635,-0.007352161567235018,0.9995922345189355,0,0,0,,0.6241710186004639,-0.005104780197143555,0.0,False,False,4,False
97.679537629,1898,97,729537630,map,22.814796447753906,0.1006317138671875,0.4017317295074463,0.26337623596191406,0.0,0.0,0.0,0.0008244537500707154,0.027498401672145133,-0.006597356591772178,0.9995997364282828,0,0,0,,0.6253483295440674,-0.0046589672565460205,0.0,False,False,4,False
97.779537631,1899,97,779537631,map,22.819398880004883,0.10944366455078125,-0.23264944553375244,0.3762078285217285,0.0,0.0,0.0,0.0007251317211161316,0.02708877040170049,-0.00615109717954759,0.9996138437944918,0,0,0,,0.6244595050811768,0.0057623982429504395,0.0,False,False,4,False
97.779537631,1900,97,829537631,map,22.81717872619629,-0.06591796875,-2.0088040828704834,0.23075580596923828,0.0,0.0,0.0,-0.00010021997111488658,0.026548863888114862,-0.007135045145589241,0.9996220480326442,0,0,0,,0.5124282836914062,0.035282790660858154,0.0,False,False,4,False
97.829537631,1901,97,879537632,map,22.809337615966797,-0.15743255615234375,-0.6852185726165771,0.24735450744628906,0.0,0.0,0.0,-0.0007199428892972384,0.026313489827090777,-0.009136240648245433,0.9996117301443461,0,0,0,,0.5753220319747925,0.016278624534606934,0.0,False,False,4,False
97.929537633,1902,97,929537633,map,22.79802703857422,-0.2259063720703125,-0.22416651248931885,0.10066747665405273,0.0,0.0,0.0,-0.0008710179027994444,0.026291782682372342,-0.011098358774358922,0.9995923218611232,0,0,0,,0.5245611667633057,0.004513561725616455,0.0,False,False,4,False
97.979537634,1903,97,979537634,map,22.779644012451172,-0.3408050537109375,0.5593371391296387,0.30173301696777344,0.0,0.0,0.0,-0.0005648735984187495,0.026272061717926003,-0.01220712504581716,0.999580134751098,0,0,0,,0.5231001377105713,-0.012288540601730347,0.0,False,False,4,False
97.979537634,1904,98,29537634,map,22.751665115356445,-0.5388641357421875,0.08577942848205566,0.3818345069885254,0.0,0.0,0.0,-0.0002735979405322455,0.025945191529708835,-0.012441319278163119,0.9995859071411884,0,0,0,,0.4280812740325928,-0.009041368961334229,0.0,False,False,4,False
98.079537635,1905,98,79537635,map,22.70204734802246,-1.0060501098632812,-1.248595118522644,0.27588844299316406,0.0,0.0,0.0,-0.000553020099154906,0.02554205387161927,-0.012803600806771218,0.999591599334033,0,0,0,,0.1488053798675537,0.01162940263748169,0.0,False,False,4,False
98.129537636,1906,98,129537636,map,22.616901397705078,-1.699371337890625,-0.4173624515533447,0.3101229667663574,0.0,0.0,0.0,-0.0007958427029909787,0.025514686504534125,-0.013353451942988178,0.9995849402267792,0,0,0,,0.12784481048583984,0.0019698739051818848,0.0,False,False,4,False
98.179537637,1907,98,179537637,map,22.499807357788086,-2.3305130004882812,0.21160364151000977,0.19848346710205078,0.0,0.0,0.0,-0.0006772904427176547,0.025766477662561734,-0.013527202505854064,0.9995762325600217,0,0,0,,0.006956338882446289,-0.008011072874069214,0.0,False,False,4,False
98.229537637,1908,98,229537637,map,22.33152198791504,-3.3290863037109375,0.8361417055130005,0.45889854431152344,0.0,0.0,0.0,-0.00021124779958043834,0.02609554369999638,-0.012902807542316647,0.9995761579444031,0,0,0,,0.0,-0.01836410164833069,0.17600440979003906,False,False,4,False
98.279537638,1909,98,279537638,map,22.116586685180664,-4.260902404785156,0.8150148391723633,0.5474114418029785,0.0,0.0,0.0,0.0003122671603602198,0.026232024230849988,-0.011516742296086993,0.999589489761101,0,0,0,,0.0,-0.017637550830841064,0.24108648300170898,False,False,4,False
98.329537639,1910,98,329537639,map,21.869848251342773,-4.914398193359375,0.2597731351852417,0.4522061347961426,0.0,0.0,0.0,0.0005600563384774097,0.026300690476696535,-0.009962947128841148,0.9996042715504245,0,0,0,,0.0,-0.005940437316894531,0.344507098197937,False,False,4,False
98.329537639,1911,98,379537640,map,21.60578155517578,-5.253791809082031,0.6268221139907837,0.47122716903686523,0.0,0.0,0.0,0.000763927756683014,0.02663121890059513,-0.008459617491377703,0.9996092383857557,0,0,0,,0.0,-0.007815062999725342,0.35143107175827026,False,False,4,False
98.42953764,1912,98,429537640,map,21.334747314453125,-5.415191650390625,-0.19151151180267334,0.33856868743896484,0.0,0.0,0.0,0.0006898124819271305,0.027074500142075665,-0.007463865635404847,0.9996053152672674,0,0,0,,0.0,0.008505284786224365,0.3545130491256714,False,False,4,False
98.479537641,1913,98,479537641,map,21.05613136291504,-5.5454254150390625,0.6412142515182495,0.46959400177001953,0.0,0.0,0.0,0.0007487286132360898,0.02744419962279176,-0.006815161753701841,0.9995998243711324,0,0,0,,0.0,-0.00213661789894104,0.3739863634109497,False,False,4,False
98.529537642,1914,98,529537642,map,20.775249481201172,-5.594673156738281,0.07442057132720947,0.6099414825439453,0.0,0.0,0.0,0.0007329755552599075,0.027429818419954427,-0.006505667866361936,0.9996022929615038,0,0,0,,0.0,0.006922483444213867,0.3669462203979492,False,False,4,False
98.529537642,1915,98,579537643,map,20.49071502685547,-5.689849853515625,-0.6265753507614136,0.42221903800964355,0.0,0.0,0.0,0.00039169130322882546,0.02717184993111712,-0.007001806779257264,0.9996061783777997,0,0,0,,0.0,0.019496142864227295,0.38953840732574463,False,False,4,False
98.629537643,1916,98,629537643,map,20.20913314819336,-5.628166198730469,-0.5936264991760254,0.49311041831970215,0.0,0.0,0.0,-4.235902013478496e-05,0.02703013366203943,-0.008320881395437699,0.9995999865009646,0,0,0,,0.0,0.019498884677886963,0.36800235509872437,False,False,4,False
98.629537643,1917,98,679537644,map,19.92208480834961,-5.735626220703125,-0.17341554164886475,0.35964488983154297,0.0,0.0,0.0,-0.00028004665737691494,0.027065451951403665,-0.009956339140207047,0.9995840405866138,0,0,0,,0.0,0.010330438613891602,0.41904497146606445,False,False,4,False
98.729537645,1918,98,729537645,map,19.649744033813477,-5.449485778808594,-0.3403836488723755,0.26447296142578125,0.0,0.0,0.0,-0.00044347363007189397,0.02714206891273839,-0.01161054865909168,0.9995640582704595,0,0,0,,0.0,0.009094655513763428,0.3233574628829956,False,False,4,False
98.779537646,1919,98,779537646,map,19.388805389404297,-5.195808410644531,0.1298213005065918,0.5915498733520508,0.0,0.0,0.0,-0.0004225645128964024,0.026985673495163426,-0.012906291753079892,0.9995524110812946,0,0,0,,0.0,-0.0019601285457611084,0.2853139042854309,False,False,4,False
98.829537646,1920,98,829537646,map,19.144611358642578,-4.871025085449219,-0.022181272506713867,0.4401373863220215,0.0,0.0,0.0,-0.00036659407793614347,0.026516620195438646,-0.013701344367377005,0.9995544045347003,0,0,0,,0.0,-0.00299188494682312,0.21196484565734863,False,False,4,False
98.879537647,1921,98,879537647,map,18.900035858154297,-4.849433898925781,1.4834684133529663,0.3601217269897461,0.0,0.0,0.0,0.00018406861375716641,0.02594063033660924,-0.013285291785588536,0.999575185185515,0,0,0,,0.0,-0.02984839677810669,0.24594712257385254,False,False,4,False
98.929537648,1922,98,929537648,map,18.662527084350586,-4.74090576171875,-0.07747352123260498,0.37495851516723633,0.0,0.0,0.0,0.00040273424632366987,0.025621499000754843,-0.012236423916061277,0.9995967419533877,0,0,0,,0.0,-0.006362229585647583,0.21758407354354858,False,False,4,False
98.929537648,1923,98,979537649,map,18.42624855041504,-4.71160888671875,0.39685606956481934,0.26412010192871094,0.0,0.0,0.0,0.000488751516597554,0.025477119167751836,-0.011065724796756075,0.999614039144904,0,0,0,,0.0,-0.00991910696029663,0.2347254753112793,False,False,4,False
99.029537649,1924,99,29537649,map,18.182912826538086,-4.8531341552734375,0.5219954252243042,0.210418701171875,0.0,0.0,0.0,0.0006342369947813381,0.025429989916347626,-0.009760486000920611,0.9996287542229438,0,0,0,,0.0,-0.009695887565612793,0.2872936725616455,False,False,4,False
99.07953765,1925,99,79537650,map,17.94776725769043,-4.681968688964844,0.1624840497970581,0.5417943000793457,0.0,0.0,0.0,0.0006657134623580509,0.02522942357497885,-0.008621883184539237,0.999644284804356,0,0,0,,0.0,-0.0016056597232818604,0.2305956482887268,False,False,4,False
99.129537651,1926,99,129537651,map,17.717281341552734,-4.5900726318359375,0.4515928030014038,0.3933382034301758,0.0,0.0,0.0,0.0007234946779994184,0.02479626829931783,-0.0076866353528888855,0.9996627117537347,0,0,0,,0.0,-0.0036672353744506836,0.23273539543151855,False,False,4,False
99.129537651,1927,99,179537652,map,17.494173049926758,-4.4461822509765625,0.5197346210479736,0.28710365295410156,0.0,0.0,0.0,0.0008374513349340365,0.024272759883801155,-0.006849430990038065,0.9996815578462962,0,0,0,,0.0,-0.003959208726882935,0.20379269123077393,False,False,4,False
99.229537652,1928,99,229537652,map,17.288061141967773,-4.108428955078125,0.24814903736114502,0.34012913703918457,0.0,0.0,0.0,0.0008643494204797003,0.0239310893282145,-0.006239321200208109,0.9996937664778174,0,0,0,,0.0,0.0009422898292541504,0.12774091958999634,False,False,4,False
99.279537653,1929,99,279537653,map,17.084224700927734,-4.0670013427734375,0.27686625719070435,0.23160338401794434,0.0,0.0,0.0,0.0008470756505551531,0.023753395102229274,-0.005884061222849589,0.9997001733057195,0,0,0,,0.0,0.001151740550994873,0.14850455522537231,False,False,4,False
99.329537654,1930,99,329537654,map,16.996675491333008,-1.7502593994140625,-0.05885511636734009,0.0793004035949707,0.0,0.0,0.0,0.0007217206089189258,0.023474790177298328,-0.005859950952214536,0.9997069942339767,0,0,0,,0.0,0.00584489107131958,0.09444862604141235,False,False,4,False
99.37953765500001,1931,99,379537655,map,16.985157012939453,-0.22014617919921875,0.17985254526138306,0.19405364990234375,0.0,0.0,0.0,0.0006376939017095464,0.022765723214019328,-0.006028493405969726,0.9997224477125061,0,0,0,,0.0,0.001940310001373291,0.052803754806518555,False,False,0,False
99.429537655,1932,99,429537655,map,16.813383102416992,-3.4193038940429688,0.2656632661819458,0.39128541946411133,0.0,0.0,0.0,0.000628375187133921,0.021963675088338287,-0.006172727378487287,0.999739515852979,0,0,0,,0.0,-0.0003153383731842041,0.033596575260162354,False,False,0,False
99.479537656,1933,99,479537656,map,16.43208885192871,-7.613983154296875,0.16596168279647827,0.41428089141845703,0.0,0.0,0.0,0.000594261089063069,0.022058697986793593,-0.006294953976846049,0.9997366824575935,0,0,0,,0.14358675479888916,0.0008360743522644043,0.0,False,False,3,False
99.529537657,1934,99,529537657,map,16.10257911682129,-6.58294677734375,-0.13169646263122559,0.37894725799560547,0.0,0.0,0.0,0.00044694412044959594,0.02239421226244744,-0.006547503408169657,0.99972767776891,0,0,0,,0.3180522918701172,0.005445957183837891,0.0,False,False,3,False
99.579537658,1935,99,579537658,map,15.829384803771973,-5.4547119140625,0.09554266929626465,0.32332777976989746,0.0,0.0,0.0,0.0003497901371952112,0.02275686150962995,-0.006843883986321355,0.999717542185328,0,0,0,,0.4509248733520508,0.0011791586875915527,0.0,False,False,3,False
99.579537658,1936,99,629537658,map,15.61324691772461,-4.318428039550781,0.013594627380371094,0.20288825035095215,0.0,0.0,0.0,0.00028686765890571694,0.022906594041640607,-0.007100048778094911,0.9997123561123502,0,0,0,,0.5331094264984131,0.0012848973274230957,0.0,False,False,3,False
99.679537659,1937,99,679537659,map,15.450166702270508,-3.2708740234375,-0.7187867164611816,0.12240886688232422,0.0,0.0,0.0,-1.0632147939431785e-05,0.02279112117383328,-0.0076930166153376155,0.9997106492270417,0,0,0,,0.6040949821472168,0.012676715850830078,0.0,False,False,3,False
99.72953766,1938,99,729537660,map,15.336151123046875,-2.2731781005859375,-0.05779147148132324,0.2677428722381592,0.0,0.0,0.0,-0.00016466095210812009,0.022376966133604386,-0.0084089871899073,0.9997142257704779,0,0,0,,0.68311607837677,0.0029796957969665527,0.0,False,False,3,False
99.72953766,1939,99,779537661,map,15.265915870666504,-1.395416259765625,0.008317828178405762,0.27872681617736816,0.0,0.0,0.0,-0.00015511403335146287,0.02156761852266492,-0.008921406584887541,0.9997275740297678,0,0,0,,0.6962254047393799,-6.970763206481934e-05,0.0,False,False,3,False
99.779537661,1940,99,829537661,map,15.231772422790527,-0.6781578063964844,0.029872655868530273,0.13104557991027832,0.0,0.0,0.0,-9.168428747628648e-05,0.02056457654683317,-0.009180775251227328,0.9997463694113758,0,0,0,,0.7255433797836304,-0.0018097758293151855,0.0,False,False,3,False
99.879537662,1941,99,879537662,map,15.224658012390137,-0.15542984008789062,-0.8645737171173096,0.08311986923217773,0.0,0.0,0.0,-0.0003275169978448777,0.01953523466023645,-0.009692852889757436,0.9997621296799769,0,0,0,,0.6984884738922119,0.01128774881362915,0.0,False,False,3,False
99.929537663,1942,99,929537663,map,15.23783016204834,0.2692604064941406,0.08166849613189697,0.11099457740783691,0.0,0.0,0.0,-0.0003655079539431871,0.01876690780959168,-0.010194343969827354,0.9997718464360891,0,0,0,,0.7257224321365356,-0.0011224746704101562,0.0,False,False,3,False
99.929537663,1943,99,979537663,map,15.26610279083252,0.5674552917480469,0.03350257873535156,0.024895668029785156,0.0,0.0,0.0,-0.0002564136753460833,0.01820769466531863,-0.010403646977495611,0.9997800649325677,0,0,0,,0.7038635015487671,-0.00230523943901062,0.0,False,False,3,False
99.979537663,1944,100,29537664,map,15.303966522216797,0.7646942138671875,0.40504753589630127,-0.02342820167541504,0.0,0.0,0.0,-1.0431174631406052e-05,0.017787070252394017,-0.010187022135667011,0.9997899002305607,0,0,0,,0.7146742343902588,-0.008582592010498047,0.0,False,False,3,False
100.079537665,1945,100,79537665,map,15.350120544433594,0.9281158447265625,0.19433856010437012,0.024330615997314453,0.0,0.0,0.0,0.0001952849496912275,0.017449208089268392,-0.009659218417577206,0.9998010734643203,0,0,0,,0.7232592105865479,-0.006193250417709351,0.0,False,False,3,False
100.129537666,1946,100,129537666,map,15.403252601623535,1.0590934753417969,-0.7085424661636353,0.2531707286834717,0.0,0.0,0.0,2.2316374283253893e-05,0.016959286212246974,-0.009492325054969376,0.9998111211014814,0,0,0,,0.7527310848236084,0.008322000503540039,0.0,False,False,3,False
100.179537666,1947,100,179537666,map,15.465706825256348,1.2664031982421875,0.6935304403305054,0.10357141494750977,0.0,0.0,0.0,0.0001655059164321322,0.01635496679294598,-0.009214588351470859,0.9998237739874494,0,0,0,,0.7717863321304321,-0.00977468490600586,0.0,False,False,3,False
100.179537666,1948,100,229537667,map,15.536103248596191,1.4156341552734375,0.37926435470581055,0.010429620742797852,0.0,0.0,0.0,0.00040928222160297476,0.015721253482045165,-0.008588356870230926,0.9998394445126108,0,0,0,,0.7639671564102173,-0.0073597729206085205,0.0,False,False,3,False
100.279537668,1949,100,279537668,map,15.609235763549805,1.4547157287597656,-0.7114076614379883,0.0979769229888916,0.0,0.0,0.0,0.00022705747104741236,0.015284304524765419,-0.008379267387218422,0.9998480516349234,0,0,0,,0.734312891960144,0.009700417518615723,0.0,False,False,3,False
100.279537668,1950,100,329537669,map,15.682446479797363,1.4493751525878906,-0.8470970392227173,0.020911693572998047,0.0,0.0,0.0,-0.00019224772097614634,0.015085367779450087,-0.008962432894682371,0.9998460229037173,0,0,0,,0.7377899885177612,0.015033900737762451,0.0,False,False,3,False
100.379537669,1951,100,379537669,map,15.755671501159668,1.4693260192871094,0.23050785064697266,-0.030469894409179688,0.0,0.0,0.0,-0.00024111670965644032,0.015000353309231261,-0.009624694158713875,0.9998411356438991,0,0,0,,0.7256580591201782,-0.0004506111145019531,0.0,False,False,3,False
100.42953767,1952,100,429537670,map,15.826194763183594,1.404876708984375,-0.23523986339569092,-0.05633711814880371,0.0,0.0,0.0,-0.00023060373649525225,0.014975841747924162,-0.010164692956961185,0.9998361615799605,0,0,0,,0.7063164710998535,0.0035493969917297363,0.0,False,False,3,False
100.479537671,1953,100,479537671,map,15.893439292907715,1.381683349609375,1.4618819952011108,0.2777278423309326,0.0,0.0,0.0,0.00031454514254417227,0.014795194796406593,-0.009784428350980376,0.9998426217331075,0,0,0,,0.7589446306228638,-0.022820323705673218,0.0,False,False,3,False
100.479537671,1954,100,529537672,map,15.96058464050293,1.3300132751464844,-1.0274738073349,0.1368337869644165,0.0,0.0,0.0,0.00023103745032212604,0.01443491945080424,-0.009451338038584207,0.9998511148823238,0,0,0,,0.6794247627258301,0.01073610782623291,0.0,False,False,3,False
100.529537672,1955,100,579537672,map,16.02044677734375,1.2053871154785156,0.3295910358428955,0.03903031349182129,0.0,0.0,0.0,0.000191202704896919,0.014017798678681255,-0.009289147364792904,0.999858578251427,0,0,0,,0.6665956974029541,-0.0045958757400512695,0.0,False,False,3,False
100.629537673,1956,100,629537673,map,16.073705673217773,1.0710906982421875,0.09840011596679688,0.11245906352996826,0.0,0.0,0.0,0.0002459601031594267,0.013745659464997,-0.009016418148662709,0.9998648411426758,0,0,0,,0.6719552278518677,-0.0022363662719726562,0.0,False,False,3,False
100.679537674,1957,100,679537674,map,16.12070083618164,0.94757080078125,0.3160834312438965,0.0536954402923584,0.0,0.0,0.0,0.000360439356733177,0.013712538348284032,-0.008615745864405227,0.9998687940418568,0,0,0,,0.639439582824707,-0.005199909210205078,0.0,False,False,3,False
100.729537675,1958,100,729537675,map,16.157608032226562,0.7337188720703125,-0.2861642837524414,0.0012665987014770508,0.0,0.0,0.0,0.00028761760076638824,0.01379569200294856,-0.008388847621864617,0.999869603195263,0,0,0,,0.5944292545318604,0.0038686394691467285,0.0,False,False,3,False
100.779537675,1959,100,779537675,map,16.183399200439453,0.52032470703125,0.28678059577941895,-0.02370893955230713,0.0,0.0,0.0,0.00030871285160709565,0.013936445794703007,-0.00821185912777436,0.9998691142067806,0,0,0,,0.592323899269104,-0.0031558871269226074,0.0,False,False,3,False
100.829537676,1960,100,829537676,map,16.199392318725586,0.33168792724609375,0.14064490795135498,0.31355440616607666,0.0,0.0,0.0,0.000360155603542902,0.01391504305611442,-0.007976468239722038,0.99987130062779,0,0,0,,0.5862325429916382,-0.001680135726928711,0.0,False,False,3,False
100.829537676,1961,100,879537677,map,16.207881927490234,0.1738739013671875,-0.07302999496459961,0.17860710620880127,0.0,0.0,0.0,0.0003181332237896596,0.013697623113095787,-0.0078491166055595,0.9998753248684638,0,0,0,,0.5763351917266846,0.001633286476135254,0.0,False,False,3,False
100.879537677,1962,100,929537678,map,16.212602615356445,0.1036834716796875,0.44944167137145996,0.0757443904876709,0.0,0.0,0.0,0.00041357303453973585,0.013391734858244481,-0.007601926791320428,0.9998813435122643,0,0,0,,0.614525318145752,-0.0056982338428497314,0.0,False,False,3,False
100.979537678,1963,100,979537678,map,16.21352767944336,0.0118255615234375,-0.6842958927154541,0.1516038179397583,0.0,0.0,0.0,0.00019900423193349072,0.0132035261455567,-0.007693601884753466,0.9998832110725122,0,0,0,,0.5513204336166382,0.010515213012695312,0.0,False,False,3,False
100.979537678,1964,101,29537679,map,16.207670211791992,-0.1352691650390625,-1.0856342315673828,0.08456587791442871,0.0,0.0,0.0,-0.0003127049636233832,0.013227227912937336,-0.008625344866395863,0.999875265262263,0,0,0,,0.5647131204605103,0.019240915775299072,0.0,False,False,3,False
101.07953768,1965,101,79537680,map,16.200031280517578,-0.15316009521484375,-0.05036115646362305,0.02583146095275879,0.0,0.0,0.0,-0.000496082046778634,0.013327500920461805,-0.00976467035026578,0.9998633820851569,0,0,0,,0.5849019289016724,0.004412710666656494,0.0,False,False,3,False
101.129537681,1966,101,129537681,map,16.189342498779297,-0.22174835205078125,-0.36634981632232666,-0.0026702880859375,0.0,0.0,0.0,-0.0005598692552208762,0.013442329128339217,-0.010799043267652807,0.9998511744247369,0,0,0,,0.5404345989227295,0.00599360466003418,0.0,False,False,3,False
101.179537681,1967,101,179537681,map,16.171504974365234,-0.34442901611328125,0.14286041259765625,0.347478985786438,0.0,0.0,0.0,-0.0004484124439405396,0.013354988449666308,-0.011480112755995905,0.9998448130689578,0,0,0,,0.5312354564666748,-0.002925366163253784,0.0,False,False,3,False
101.229537682,1968,101,229537682,map,16.149099349975586,-0.43361663818359375,0.4773712158203125,0.18565714359283447,0.0,0.0,0.0,-0.0001512756202401037,0.01307460403212367,-0.011501712208012486,0.9998483597333018,0,0,0,,0.5409128665924072,-0.010220617055892944,0.0,False,False,3,False
101.279537683,1969,101,279537683,map,16.124088287353516,-0.4903411865234375,0.40933847427368164,0.08577406406402588,0.0,0.0,0.0,0.00014705157115013108,0.012712420154975581,-0.010938786292757099,0.999859347960542,0,0,0,,0.5353124141693115,-0.010623127222061157,0.0,False,False,3,False
101.329537684,1970,101,329537684,map,16.09435272216797,-0.5855560302734375,0.27977943420410156,0.1699352264404297,0.0,0.0,0.0,0.0003426059941111563,0.012497678266210009,-0.010078728369451766,0.9998710466322854,0,0,0,,0.49381041526794434,-0.008127957582473755,0.0,False,False,3,False
101.379537684,1971,101,379537684,map,16.05529022216797,-0.7766342163085938,0.1428985595703125,0.09633541107177734,0.0,0.0,0.0,0.00041745977304012173,0.012498850517584537,-0.009210163692215329,0.9998793813994963,0,0,0,,0.441522479057312,-0.004369288682937622,0.0,False,False,3,False
101.429537685,1972,101,429537685,map,16.003150939941406,-1.0495948791503906,-0.41121602058410645,0.04528999328613281,0.0,0.0,0.0,0.00024711173477191286,0.0126125297328359,-0.008776552170180456,0.9998819106082142,0,0,0,,0.4010615348815918,0.006264030933380127,0.0,False,False,3,False
101.429537685,1973,101,479537686,map,15.935025215148926,-1.3643646240234375,-0.10138452053070068,0.030263662338256836,0.0,0.0,0.0,9.185091272689509e-05,0.012787275393296726,-0.008764436489303584,0.9998798236810515,0,0,0,,0.33625173568725586,0.004221081733703613,0.0,False,False,3,False
101.479537686,1974,101,529537687,map,15.84997844696045,-1.6926002502441406,0.0020647048950195312,0.3699260950088501,0.0,0.0,0.0,3.455979317258484e-05,0.012802512908838286,-0.008937638431982925,0.9998780991141365,0,0,0,,0.33301448822021484,0.002812027931213379,0.0,False,False,3,False
101.529537687,1975,101,579537687,map,15.747349739074707,-2.046966552734375,0.0709831714630127,0.21794915199279785,0.0,0.0,0.0,4.0764342709365624e-05,0.012661513318512205,-0.00914870231058918,0.9998779853886102,0,0,0,,0.20728528499603271,0.0012619495391845703,0.0,False,False,3,False
101.629537688,1976,101,629537688,map,15.623985290527344,-2.4681663513183594,-0.14136850833892822,0.12860417366027832,0.0,0.0,0.0,-8.291020477837273e-06,0.012485456587726403,-0.00944334592764174,0.9998774607534395,0,0,0,,0.212455153465271,0.004025161266326904,0.0,False,False,3,False
101.679537689,1977,101,679537689,map,15.488319396972656,-2.6971435546875,0.6707155704498291,0.207177996635437,0.0,0.0,0.0,0.00018791553923148906,0.012452195027065118,-0.009410496822603094,0.9998781676165902,0,0,0,,0.24623143672943115,-0.009152770042419434,0.0,False,False,3,False
101.72953769,1978,101,729537690,map,15.343822479248047,-2.877960205078125,0.5834570527076721,0.14303386211395264,0.0,0.0,0.0,0.0004664483198838741,0.012614322029578445,-0.008884838420323603,0.9998808533780132,0,0,0,,0.18483734130859375,-0.010208696126937866,0.0,False,False,3,False
101.77953769,1979,101,779537690,map,15.161813735961914,-3.649158477783203,-0.5770048499107361,0.10343968868255615,0.0,0.0,0.0,0.0003063425745384571,0.012894850064126141,-0.008634135201520806,0.9998795330965489,0,0,0,,0.0,0.00871044397354126,0.15138471126556396,False,False,3,False
101.829537691,1980,101,829537691,map,14.933928489685059,-4.567089080810547,-0.49882829189300537,0.09495377540588379,0.0,0.0,0.0,-3.4410850789050096e-05,0.01331410480019138,-0.008993164809925328,0.9998709198771432,0,0,0,,0.0,0.011501789093017578,0.224126935005188,False,False,3,False
101.879537692,1981,101,879537692,map,14.668954849243164,-5.244026184082031,3.4008195400238037,0.3612416982650757,0.0,0.0,0.0,0.0009604980407549654,0.01369103207644285,-0.007783349981006536,0.9998755185258156,0,0,0,,0.0,-0.05595293641090393,0.2990056276321411,False,False,3,False
101.879537692,1982,101,929537693,map,14.39728832244873,-5.452709197998047,-1.9637566804885864,0.302504301071167,0.0,0.0,0.0,0.0007602916166427561,0.013872502851209778,-0.006731257800229156,0.9998808257936181,0,0,0,,0.0,0.030941486358642578,0.269703209400177,False,False,3,False
101.979537693,1983,101,979537693,map,14.099445343017578,-5.917625427246094,4.678792476654053,0.21120190620422363,0.0,0.0,0.0,0.0017320560364423752,0.013933481055375984,-0.004653962459995475,0.9998905933755887,0,0,0,,0.0,-0.10353833436965942,0.3513963222503662,False,False,3,False
101.979537693,1984,102,29537694,map,13.790950775146484,-6.211109161376953,4.810904026031494,0.19949078559875488,0.0,0.0,0.0,0.0039396448214174835,0.013985144385665133,0.0011866409821735706,0.9998937377633548,0,0,0,,0.0,-0.10168182849884033,0.3514138460159302,False,False,3,False
102.079537695,1985,102,79537695,map,13.485626220703125,-6.2177276611328125,4.321821689605713,0.23084282875061035,0.0,0.0,0.0,0.005736449361186276,0.014191246117134607,0.009411513515100962,0.9998385495147327,0,0,0,,0.0,-0.09844732284545898,0.3439127206802368,False,False,3,False
102.129537696,1986,102,129537696,map,13.202583312988281,-5.716896057128906,1.4459234476089478,0.15755653381347656,0.0,0.0,0.0,0.006100553724876615,0.014397540244136559,0.017477720754146282,0.9997249738585148,0,0,0,,0.0,-0.0425378680229187,0.27279287576675415,False,False,3,False
102.179537696,1987,102,179537696,map,12.939452171325684,-5.120849609375,-4.417585372924805,0.11202991008758545,0.0,0.0,0.0,0.00403212464274416,0.014451848271903255,0.021502214705340646,0.9996562113122475,0,0,0,,0.0,0.1645141839981079,0.11094582080841064,False,False,3,False
102.179537696,1988,102,229537697,map,12.751612663269043,-3.683757781982422,-7.644524097442627,0.06250739097595215,0.0,0.0,0.0,-0.0003833102252706889,0.014308706668174472,0.017386513546733155,0.9997463794050193,0,0,0,,0.0,0.18505418300628662,0.05729418992996216,False,False,3,False
102.229537697,1989,102,279537698,map,12.719908714294434,-0.7067680358886719,-5.222160339355469,0.4744887351989746,0.0,0.0,0.0,-0.004007347561595145,0.01345945922660476,0.007418494785856885,0.9998738670742227,0,0,0,,0.0,0.1427861452102661,0.01778125762939453,False,False,0,False
102.279537698,1990,102,329537698,map,12.572081565856934,-2.9187393188476562,1.2414401769638062,0.5674898624420166,0.0,0.0,0.0,-0.0042998007522075206,0.012064902529324392,-0.002272767965169771,0.9999153886035687,0,0,0,,0.0,0.011602222919464111,0.14450860023498535,False,False,0,False
102.379537699,1991,102,379537699,map,12.023691177368164,-10.971393585205078,0.04145324230194092,-0.02416372299194336,0.0,0.0,0.0,-0.003380175202945688,0.012223972974490915,-0.008783485406483308,0.99988099256083,0,0,0,,0.0,0.014094769954681396,0.12949442863464355,False,False,2,False
102.379537699,1992,102,429537700,map,11.4960355758667,-10.498809814453125,3.0594756603240967,0.4978993535041809,0.0,0.0,0.0,-0.0015487117117049206,0.012679916078519595,-0.01143588490679661,0.999853010075318,0,0,0,,0.0,-0.0671464204788208,0.1501317024230957,False,False,2,False
102.479537701,1993,102,479537701,map,11.00866413116455,-9.735565185546875,3.7883994579315186,0.49589425325393677,0.0,0.0,0.0,0.0007449011490501098,0.01299679189328162,-0.009500223131874498,0.9998701287083266,0,0,0,,0.0,-0.10505720973014832,0.09091395139694214,False,False,2,False
102.529537701,1994,102,529537701,map,10.564674377441406,-8.891258239746094,1.483076810836792,0.41840165853500366,0.0,0.0,0.0,0.001991191297062517,0.013386157698956241,-0.005092618962298545,0.9998954501203524,0,0,0,,0.0,-0.06816500425338745,0.08435934782028198,False,False,2,False
102.579537702,1995,102,579537702,map,10.156262397766113,-8.287639617919922,4.523010730743408,-0.00437617301940918,0.0,0.0,0.0,0.003465395983875554,0.0133662568955971,0.0015756483387656351,0.9999034211060528,0,0,0,,0.0812995433807373,-0.13859522342681885,0.0,False,False,2,False
102.629537703,1996,102,629537703,map,9.787585258483887,-7.595939636230469,4.408788204193115,0.27112990617752075,0.0,0.0,0.0,0.005174820311532203,0.013098366698949879,0.010819024456439992,0.9998422889307963,0,0,0,,0.16807258129119873,-0.14018142223358154,0.0,False,False,2,False
102.679537704,1997,102,679537704,map,9.471004486083984,-6.367835998535156,0.3984677791595459,0.1743905246257782,0.0,0.0,0.0,0.005243709851968306,0.012775618146391601,0.019514840310084484,0.9997141882036275,0,0,0,,0.24041533470153809,-0.05664706230163574,0.0,False,False,2,False
102.729537704,1998,102,729537704,map,9.197793960571289,-5.662746429443359,2.5250399112701416,0.11285528540611267,0.0,0.0,0.0,0.005182298486331674,0.012347595955083826,0.027172899212991413,0.9995410517857128,0,0,0,,0.40527844429016113,-0.08191344141960144,0.0,False,False,2,False
102.779537705,1999,102,779537705,map,8.975944519042969,-4.539966583251953,1.0284638404846191,0.07007315754890442,0.0,0.0,0.0,0.004884996482581014,0.01177943182195906,0.03380491965423807,0.9993470914564606,0,0,0,,0.43952512741088867,-0.05323284864425659,0.0,False,False,2,False
102.829537706,2000,102,829537706,map,8.802459716796875,-3.57147216796875,0.9429872035980225,0.04968702793121338,0.0,0.0,0.0,0.004414391443124542,0.011081882691434106,0.03915449916912807,0.999161963957303,0,0,0,,0.45342910289764404,-0.043160438537597656,0.0,False,False,2,False
102.879537707,2001,102,879537707,map,8.658677101135254,-2.907276153564453,0.18613576889038086,0.029975473880767822,0.0,0.0,0.0,0.0037374288336460473,0.010323227059676067,0.04313992017544051,0.9990087136236822,0,0,0,,0.5335853099822998,-0.0246545672416687,0.0,False,False,2,False
102.929537707,2002,102,929537707,map,8.57302188873291,-1.6484642028808594,-0.746307373046875,0.0266169011592865,0.0,0.0,0.0,0.002735148336259924,0.009498089443968665,0.045404995950605306,0.9989197623449134,0,0,0,,0.5715148448944092,-0.0003992915153503418,0.0,False,False,2,False
102.979537708,2003,102,979537708,map,8.48246955871582,-1.9228744506835938,1.0406982898712158,0.023818016052246094,0.0,0.0,0.0,0.0023791103117515124,0.00873673421852954,0.04721855599527303,0.9988435399395845,0,0,0,,0.5531806945800781,-0.023133188486099243,0.0,False,False,2,False
103.029537709,2004,103,29537709,map,8.456585884094238,-0.5414009094238281,0.20389437675476074,0.015270411968231201,0.0,0.0,0.0,0.0021164800597836355,0.008013588537007057,0.048814306068442684,0.9987734810426099,0,0,0,,0.5122509002685547,-0.012365728616714478,0.0,False,False,2,False
103.07953771,2005,103,79537710,map,8.388723373413086,-1.2967491149902344,-0.6561005115509033,0.029085427522659302,0.0,0.0,0.0,0.0015619160325162022,0.007389355420693461,0.04970177786854486,0.9987355461389565,0,0,0,,0.554013729095459,0.0032926201820373535,0.0,False,False,2,False
103.12953771,2006,103,129537710,map,8.384417533874512,-0.3278923034667969,2.2364306449890137,0.013480335474014282,0.0,0.0,0.0,0.001934832414217925,0.006893860425582667,0.05124206183485316,0.9986605941013565,0,0,0,,0.5370023250579834,-0.04108425974845886,0.0,False,False,2,False
103.179537711,2007,103,179537711,map,8.328203201293945,-1.1477851867675781,0.14130473136901855,0.033876895904541016,0.0,0.0,0.0,0.0020539130049703944,0.006498854603743378,0.053310396129494265,0.9985547295940888,0,0,0,,0.540442705154419,-0.01875630021095276,0.0,False,False,2,False
103.179537711,2008,103,229537712,map,8.337380409240723,0.15529632568359375,0.25328516960144043,0.013472884893417358,0.0,0.0,0.0,0.0018799992233480803,0.0061426380433137985,0.054890975179306904,0.998471689355614,0,0,0,,0.5566520690917969,-0.014190822839736938,0.0,False,False,2,False
103.279537713,2009,103,279537713,map,8.289594650268555,-1.1310577392578125,1.3764619827270508,0.032436102628707886,0.0,0.0,0.0,0.002115717568959747,0.005900313903238735,0.05706899019343046,0.9983505598702862,0,0,0,,0.552475094795227,-0.03519025444984436,0.0,False,False,2,False
103.279537713,2010,103,329537713,map,8.30862808227539,0.2534294128417969,1.0054469108581543,0.019763708114624023,0.0,0.0,0.0,0.0023503523624429593,0.005669751767769897,0.05947756534150622,0.9982107738247022,0,0,0,,0.5632703304290771,-0.03180256485939026,0.0,False,False,2,False
103.379537714,2011,103,379537714,map,8.269304275512695,-0.9814643859863281,1.3663649559020996,0.027845054864883423,0.0,0.0,0.0,0.0026627745557484405,0.00551552314292776,0.06252100280569489,0.9980248558248913,0,0,0,,0.57203209400177,-0.04186663031578064,0.0,False,False,2,False
103.429537715,2012,103,429537715,map,8.293834686279297,0.145416259765625,2.351996898651123,0.020453184843063354,0.0,0.0,0.0,0.0032867715967122694,0.0053787735464671015,0.06631727596658818,0.9977786752762249,0,0,0,,0.5540938377380371,-0.0612446665763855,0.0,False,False,2,False
103.479537716,2013,103,479537716,map,8.261054992675781,-0.6338882446289062,-0.18844127655029297,0.025918781757354736,0.0,0.0,0.0,0.003119888242082309,0.005237414691191274,0.0699222480951461,0.9975338164724192,0,0,0,,0.5737957954406738,-0.02369263768196106,0.0,False,False,2,False
103.529537716,2014,103,529537716,map,8.293548583984375,0.3493309020996094,1.906280517578125,-0.12182801961898804,0.0,0.0,0.0,0.0030537798992407816,0.005152083361150228,0.07332477115316183,0.9972901325094433,0,0,0,,0.5783679485321045,-0.04853588342666626,0.0,False,False,2,False
103.529537716,2015,103,579537717,map,8.26576042175293,-0.7464218139648438,1.0572528839111328,-0.18204271793365479,0.0,0.0,0.0,0.0030518246003639307,0.005273423385229466,0.0770858464921411,0.9970058423314272,0,0,0,,0.5542861223220825,-0.04179385304450989,0.0,False,False,2,False
103.629537718,2016,103,629537718,map,8.30151081085205,0.45536041259765625,1.5093398094177246,-0.10383158922195435,0.0,0.0,0.0,0.00313214839953244,0.005490242141097929,0.08077701370341257,0.9967121555117074,0,0,0,,0.580521821975708,-0.04609474539756775,0.0,False,False,2,False
103.629537718,2017,103,679537719,map,8.27674674987793,-0.603179931640625,0.5347990989685059,-0.03682658076286316,0.0,0.0,0.0,0.0029747581141043576,0.005760052310916212,0.08437254450536294,0.9964131905716767,0,0,0,,0.5726326704025269,-0.03260982036590576,0.0,False,False,2,False
103.729537719,2018,103,729537719,map,8.313881874084473,0.35800933837890625,2.0622611045837402,-0.009664148092269897,0.0,0.0,0.0,0.0031709214102760984,0.0060610832299485854,0.08806140471349118,0.9960915608152577,0,0,0,,0.5726139545440674,-0.05322733521461487,0.0,False,False,2,False
103.77953772,2019,103,779537720,map,8.29276180267334,-0.5663681030273438,0.6723141670227051,0.013787895441055298,0.0,0.0,0.0,0.0031312076887322687,0.006377622120519783,0.09188334563473727,0.9957444312018346,0,0,0,,0.6090221405029297,-0.036589354276657104,0.0,False,False,2,False
103.829537721,2020,103,829537721,map,8.340753555297852,0.8704185485839844,0.5305242538452148,-0.048516541719436646,0.0,0.0,0.0,0.002738135460962388,0.0065657867261689155,0.09489814824380662,0.995461568579501,0,0,0,,0.6249686479568481,-0.024805337190628052,0.0,False,False,2,False
103.879537722,2021,103,879537722,map,8.331038475036621,-0.3254127502441406,0.6048417091369629,-0.06740912795066833,0.0,0.0,0.0,0.0024298355257670367,0.006605506169004801,0.0976242251059182,0.9951984595345985,0,0,0,,0.6076209545135498,-0.025173544883728027,0.0,False,False,2,False
103.929537722,2022,103,929537722,map,8.381413459777832,0.62744140625,1.8670320510864258,-0.04384860396385193,0.0,0.0,0.0,0.002616499570816181,0.00657091121766946,0.10051351734958791,0.9949105537111261,0,0,0,,0.5822508335113525,-0.04318970441818237,0.0,False,False,2,False
103.929537722,2023,103,979537723,map,8.368937492370605,-0.36128997802734375,0.47399282455444336,-0.006414204835891724,0.0,0.0,0.0,0.0025947519838605683,0.006523747901150311,0.10353410295260582,0.9946011248240492,0,0,0,,0.5578877925872803,-0.027610033750534058,0.0,False,False,2,False
104.029537724,2024,104,29537724,map,8.409732818603516,0.48309326171875,1.546773910522461,-0.006747245788574219,0.0,0.0,0.0,0.0027127905768739614,0.00648431791062775,0.1064975681372478,0.9942881183889167,0,0,0,,0.5376349687576294,-0.039700716733932495,0.0,False,False,2,False
104.079537725,2025,104,79537725,map,8.382160186767578,-0.8064079284667969,1.0128402709960938,0.01674056053161621,0.0,0.0,0.0,0.002845316841634629,0.006514432247066242,0.10982653471765537,0.9939253486135066,0,0,0,,0.4976375102996826,-0.03844732046127319,0.0,False,False,2,False
104.129537725,2026,104,129537725,map,8.40591049194336,0.14476776123046875,1.4070963859558105,0.004883408546447754,0.0,0.0,0.0,0.002992857261763328,0.006559088683854829,0.1131633455787505,0.9935502394838784,0,0,0,,0.5179746150970459,-0.04208555817604065,0.0,False,False,2,False
104.179537726,2027,104,179537726,map,8.369124412536621,-0.6926727294921875,-0.26253223419189453,0.017511844635009766,0.0,0.0,0.0,0.002645858427893188,0.006590332978424929,0.11606418091737052,0.9932163273186728,0,0,0,,0.5491586923599243,-0.017059236764907837,0.0,False,False,2,False
104.229537727,2028,104,229537727,map,8.388094902038574,-0.11896133422851562,2.0050668716430664,0.006363093852996826,0.0,0.0,0.0,0.0028131924545622892,0.0066575530642154655,0.11899751718994235,0.9928682459611851,0,0,0,,0.5128002166748047,-0.04743155837059021,0.0,False,False,2,False
104.229537727,2029,104,279537728,map,8.344246864318848,-1.1696052551269531,0.9910678863525391,0.019149035215377808,0.0,0.0,0.0,0.0030351559532725346,0.006762761478107286,0.1225249752415171,0.9924377478348932,0,0,0,,0.5032658576965332,-0.04178163409233093,0.0,False,False,2,False
104.329537728,2030,104,329537728,map,8.357895851135254,0.4608726501464844,-0.669245719909668,-0.0021286308765411377,0.0,0.0,0.0,0.002472527366789338,0.006736334580517919,0.1248783437425849,0.9921461120565601,0,0,0,,0.5114572048187256,-0.005040407180786133,0.0,False,False,2,False
104.329537728,2031,104,379537729,map,8.30398178100586,-1.5513038635253906,1.6073179244995117,0.022182464599609375,0.0,0.0,0.0,0.002538148450905424,0.006823969075135831,0.12745507199251982,0.9918176222833935,0,0,0,,0.4597306251525879,-0.04460090398788452,0.0,False,False,2,False
104.42953773,2032,104,429537730,map,8.306164741516113,-0.21291732788085938,0.9233188629150391,0.0034373998641967773,0.0,0.0,0.0,0.0027071669670127225,0.006905319851835934,0.1302530842293063,0.991453035626756,0,0,0,,0.4730788469314575,-0.03410530090332031,0.0,False,False,2,False
104.479537731,2033,104,479537731,map,8.24129867553711,-1.7179679870605469,1.276106834411621,0.022934824228286743,0.0,0.0,0.0,0.0029988401048524366,0.00704071131077041,0.1336691960550865,0.9909964588071195,0,0,0,,0.4667530059814453,-0.04753047227859497,0.0,False,False,2,False
104.529537731,2034,104,529537731,map,8.232416152954102,-0.8315372467041016,2.142791748046875,0.00962778925895691,0.0,0.0,0.0,0.0035458029188112786,0.007192548229218602,0.1377548155588482,0.9904338975024931,0,0,0,,0.4346003532409668,-0.06378751993179321,0.0,False,False,2,False
104.529537731,2035,104,579537732,map,8.159743309020996,-1.4934635162353516,-0.09087085723876953,0.020988285541534424,0.0,0.0,0.0,0.003443043944012317,0.007278095633134171,0.1418093556238597,0.9898612435235054,0,0,0,,0.47104430198669434,-0.03328081965446472,0.0,False,False,2,False
104.579537732,2036,104,629537733,map,8.150022506713867,-0.6747341156005859,1.490035057067871,0.11417672038078308,0.0,0.0,0.0,0.003307703784643483,0.007265664054979296,0.1455338106522325,0.9893210698143214,0,0,0,,0.47709226608276367,-0.04869416356086731,0.0,False,False,2,False
104.679537734,2037,104,679537734,map,8.075742721557617,-1.7792224884033203,0.6667375564575195,0.10431289672851562,0.0,0.0,0.0,0.002992169865054439,0.0071606018914651326,0.14946380632525505,0.9887367411494412,0,0,0,,0.47905492782592773,-0.0428600013256073,0.0,False,False,2,False
104.679537734,2038,104,729537734,map,8.074350357055664,-0.34336090087890625,0.9428644180297852,0.07410168647766113,0.0,0.0,0.0,0.0025592702677296416,0.006939593618217064,0.15296147120716097,0.9882044730227908,0,0,0,,0.5531904697418213,-0.03883892297744751,0.0,False,False,2,False
104.779537735,2039,104,779537735,map,8.011794090270996,-1.1777210235595703,-0.41793346405029297,0.15026196837425232,0.0,0.0,0.0,0.001979546091547848,0.0065877091930424325,0.1559280456233277,0.9877444649670019,0,0,0,,0.5307835340499878,-0.018457084894180298,0.0,False,False,2,False
104.829537736,2040,104,829537736,map,8.023029327392578,-0.14324188232421875,1.117873191833496,0.06222814321517944,0.0,0.0,0.0,0.0018159192562195348,0.006183444480416948,0.15843090378094585,0.9873490346269476,0,0,0,,0.5286211967468262,-0.03291696310043335,0.0,False,False,2,False
104.879537736,2041,104,879537736,map,7.9689483642578125,-1.0093498229980469,-0.3891563415527344,0.059275031089782715,0.0,0.0,0.0,0.0015053714518994605,0.005744053678728471,0.1607045338934024,0.9869846971915177,0,0,0,,0.5593981742858887,-0.014075309038162231,0.0,False,False,2,False
104.929537737,2042,104,929537737,map,7.989223957061768,-0.10172843933105469,1.5199851989746094,0.04647567868232727,0.0,0.0,0.0,0.0015910754116534778,0.005347517406950022,0.1629158341865389,0.9866241956834024,0,0,0,,0.5240129232406616,-0.03684037923812866,0.0,False,False,2,False
104.929537737,2043,104,979537738,map,7.936212062835693,-1.6404247283935547,1.4194393157958984,0.060882121324539185,0.0,0.0,0.0,0.001938300736654795,0.005127123331753307,0.16615078893027133,0.9860851235742499,0,0,0,,0.5228676795959473,-0.05097648501396179,0.0,False,False,2,False
105.029537739,2044,105,29537739,map,7.9624505043029785,0.39711952209472656,0.4399538040161133,0.021711289882659912,0.0,0.0,0.0,0.0017612059648958913,0.004810722830037365,0.16906629507610849,0.9855913671337833,0,0,0,,0.5791927576065063,-0.0269680917263031,0.0,False,False,2,False
105.079537739,2045,105,79537739,map,7.919178009033203,-1.3943767547607422,1.2492036819458008,0.06636053323745728,0.0,0.0,0.0,0.0018174487623191355,0.004633804589019682,0.1723640787637294,0.9850207353588848,0,0,0,,0.5734906196594238,-0.046721041202545166,0.0,False,False,2,False
105.12953774,2046,105,129537740,map,7.956022262573242,0.4149818420410156,0.9739065170288086,0.04339978098869324,0.0,0.0,0.0,0.0018013301501926897,0.004468613567799374,0.17548504876896018,0.9844703064902605,0,0,0,,0.5687611103057861,-0.03550666570663452,0.0,False,False,2,False
105.179537741,2047,105,179537741,map,7.923360824584961,-0.6172943115234375,-0.21424293518066406,0.03133520483970642,0.0,0.0,0.0,0.0014183256121299023,0.004290788138967098,0.17819610103285932,0.9839846172914959,0,0,0,,0.6055364608764648,-0.01865890622138977,0.0,False,False,2,False
105.229537742,2048,105,229537742,map,7.9676384925842285,0.12114524841308594,2.1041393280029297,0.020077675580978394,0.0,0.0,0.0,0.0015987784045636993,0.004190087026734909,0.18099580519879144,0.9834736425439996,0,0,0,,0.5740799903869629,-0.04852485656738281,0.0,False,False,2,False
105.279537742,2049,105,279537742,map,7.938216686248779,-1.1021995544433594,1.1461877822875977,0.019821077585220337,0.0,0.0,0.0,0.001903055583130774,0.004152127590679767,0.18459703350070664,0.9828036800087072,0,0,0,,0.556499719619751,-0.04825031757354736,0.0,False,False,2,False
105.279537742,2050,105,329537743,map,7.985441207885742,0.6541252136230469,0.8883237838745117,0.012641549110412598,0.0,0.0,0.0,0.0018395853408521737,0.004020869179221955,0.18783365065800361,0.9821909021250931,0,0,0,,0.6031413078308105,-0.03352442383766174,0.0,False,False,2,False
105.379537744,2051,105,379537744,map,7.962874889373779,-0.5515003204345703,0.14930248260498047,0.022355616092681885,0.0,0.0,0.0,0.0015279997682892182,0.0038649508940072973,0.19073519854536514,0.9816327273513018,0,0,0,,0.5975661277770996,-0.024490773677825928,0.0,False,False,2,False
105.429537745,2052,105,429537745,map,8.015169143676758,0.4798316955566406,1.5473604202270508,0.008420348167419434,0.0,0.0,0.0,0.001503606747621755,0.00373039924058358,0.19340630712488288,0.981110505321684,0,0,0,,0.5866959095001221,-0.0371776819229126,0.0,False,False,2,False
105.479537745,2053,105,479537745,map,7.997203350067139,-0.7325553894042969,0.7906389236450195,0.1095879077911377,0.0,0.0,0.0,0.0014304207593699002,0.003577032489872835,0.1964127025742946,0.9805137474826549,0,0,0,,0.6287529468536377,-0.035413891077041626,0.0,False,False,2,False
105.529537746,2054,105,529537746,map,8.055525779724121,0.4667091369628906,1.8312597274780273,0.0698678195476532,0.0,0.0,0.0,0.0014270741853708775,0.0033475307795401534,0.1995195902587425,0.9798870805352693,0,0,0,,0.6053173542022705,-0.044479817152023315,0.0,False,False,2,False
105.529537746,2055,105,579537747,map,8.04141902923584,-0.8817481994628906,1.2642478942871094,0.10094135999679565,0.0,0.0,0.0,0.0016332007585744101,0.00314264403705017,0.20322440445013773,0.9791257824608773,0,0,0,,0.5886915922164917,-0.048467934131622314,0.0,False,False,2,False
105.629537748,2056,105,629537748,map,8.101020812988281,1.5477180480957031,-0.5247259140014648,-0.02446681261062622,0.0,0.0,0.0,0.0011734177026150206,0.0027763335481096217,0.2056478767080292,0.9786214108982104,0,0,0,,0.6135674715042114,-0.0029831528663635254,0.0,False,False,2,False
105.679537748,2057,105,679537748,map,8.088354110717773,-1.1315059661865234,1.8603038787841797,-0.010973885655403137,0.0,0.0,0.0,0.0015159127206152028,0.0026648578783026768,0.20831359364049024,0.9780572821904129,0,0,0,,0.5938835144042969,-0.05146467685699463,0.0,False,False,2,False
105.679537748,2058,105,729537749,map,8.148214340209961,0.48392295837402344,1.7788505554199219,-0.08685305714607239,0.0,0.0,0.0,0.0020146066667270073,0.002620280567782211,0.2115646275909772,0.9773584213798004,0,0,0,,0.6175358295440674,-0.04589739441871643,0.0,False,False,2,False
105.729537749,2059,105,779537750,map,8.142155647277832,-0.25726318359375,0.25681018829345703,-0.012885481119155884,0.0,0.0,0.0,0.001870155878548141,0.0025612118641842323,0.21470982656989296,0.9766727359177706,0,0,0,,0.6181066036224365,-0.026858091354370117,0.0,False,False,2,False
105.829537751,2060,105,829537751,map,8.20455551147461,0.5871391296386719,1.6521596908569336,0.08174166083335876,0.0,0.0,0.0,0.001632460889165614,0.002483662180871762,0.21756505069536108,0.9760412979016522,0,0,0,,0.6116760969161987,-0.036990195512771606,0.0,False,False,2,False
105.829537751,2061,105,879537751,map,8.196418762207031,-0.8716964721679688,1.3950252532958984,0.09553119540214539,0.0,0.0,0.0,0.0015742025058218111,0.0025117143980990363,0.22096573554495436,0.9752770667314649,0,0,0,,0.5821542739868164,-0.04620864987373352,0.0,False,False,2,False
105.929537752,2062,105,929537752,map,8.25324535369873,0.5472946166992188,1.4379358291625977,0.08574545383453369,0.0,0.0,0.0,0.0016238195143464243,0.0024885041725854354,0.22434482329078123,0.9745052954293251,0,0,0,,0.598955512046814,-0.04008239507675171,0.0,False,False,2,False
105.979537753,2063,105,979537753,map,8.240973472595215,-0.9716129302978516,1.3494062423706055,0.04473559558391571,0.0,0.0,0.0,0.001904287674323448,0.002495302897977096,0.22817163869786022,0.973615863904155,0,0,0,,0.5809683799743652,-0.05012890696525574,0.0,False,False,2,False
106.029537754,2064,106,29537754,map,8.291972160339355,0.37445068359375,1.4785051345825195,-0.011721253395080566,0.0,0.0,0.0,0.0020761777344590767,0.002404379961823742,0.23193066621110686,0.9727271326090818,0,0,0,,0.5821423530578613,-0.043962836265563965,0.0,False,False,2,False
106.079537754,2065,106,79537754,map,8.276326179504395,-0.7631587982177734,0.7635068893432617,-0.01745261251926422,0.0,0.0,0.0,0.002068505911336283,0.0022511391329344335,0.23569924298199985,0.971821238970219,0,0,0,,0.5726584196090698,-0.039935171604156494,0.0,False,False,2,False
106.129537755,2066,106,129537755,map,8.319539070129395,0.12894630432128906,1.5720653533935547,0.013875961303710938,0.0,0.0,0.0,0.0020670365353923047,0.002102125801408637,0.23926097217762332,0.9709508203918954,0,0,0,,0.5494717359542847,-0.04355016350746155,0.0,False,False,2,False
106.179537756,2067,106,179537756,map,8.29593563079834,-0.8338737487792969,0.5331802368164062,-0.006631016731262207,0.0,0.0,0.0,0.0019057872437138776,0.0020104914060750864,0.24279445591715032,0.9700738003240694,0,0,0,,0.5587280988693237,-0.035658299922943115,0.0,False,False,2,False
106.229537757,2068,106,229537757,map,8.333976745605469,0.34951210021972656,0.9343814849853516,-0.028231516480445862,0.0,0.0,0.0,0.001771750159414347,0.0020021120640585552,0.2457699588467249,0.9693244966352261,0,0,0,,0.5696990489959717,-0.029871195554733276,0.0,False,False,2,False
106.279537757,2069,106,279537757,map,8.306806564331055,-1.0956478118896484,0.8326911926269531,-0.0020810961723327637,0.0,0.0,0.0,0.0018917513003236706,0.002168398814419148,0.2489005854384379,0.9685247636957984,0,0,0,,0.5498048067092896,-0.038508445024490356,0.0,False,False,2,False
106.329537758,2070,106,329537758,map,8.340082168579102,0.5859088897705078,0.31601905822753906,-0.003891587257385254,0.0,0.0,0.0,0.001702931894844609,0.002241723032847126,0.25135461159242267,0.9678909721306569,0,0,0,,0.5470434427261353,-0.017296046018600464,0.0,False,False,2,False
106.329537758,2071,106,379537759,map,8.308760643005371,-1.16668701171875,0.7703208923339844,-0.04615031182765961,0.0,0.0,0.0,0.0016401999884579188,0.0024135236810602055,0.25388383159735795,0.9672303162643751,0,0,0,,0.5588537454605103,-0.033149123191833496,0.0,False,False,2,False
106.42953776,2072,106,429537760,map,8.333690643310547,-0.5485248565673828,1.915273666381836,0.038580521941185,0.0,0.0,0.0,0.0018425454640028077,0.0026126820422519015,0.25689443250675187,0.96643418268695,0,0,0,,0.5004801750183105,-0.04910552501678467,0.0,False,False,2,False
106.42953776,2073,106,479537760,map,8.2902250289917,-1.1495018005371094,0.22691726684570312,0.03250434994697571,0.0,0.0,0.0,0.0017011483853566745,0.002721787344619405,0.26019343275109336,0.9655511770595198,0,0,0,,0.4858689308166504,-0.03408169746398926,0.0,False,False,2,False
106.529537761,2074,106,529537761,map,8.299054145812988,-0.6739616394042969,1.4457225799560547,0.03990978002548218,0.0,0.0,0.0,0.0017710178628186136,0.0027884741993960353,0.263501189686397,0.9646534149326493,0,0,0,,0.46926355361938477,-0.04643881320953369,0.0,False,False,2,False
106.579537762,2075,106,579537762,map,8.236303329467773,-1.3534069061279297,-0.19707679748535156,0.04693478345870972,0.0,0.0,0.0,0.0016840803701275468,0.0027854897155460633,0.26681083783965226,0.963743421109402,0,0,0,,0.41243672370910645,-0.030584067106246948,0.0,False,False,2,False
106.629537763,2076,106,629537763,map,8.227630615234375,-0.7407569885253906,0.8578014373779297,0.022788867354393005,0.0,0.0,0.0,0.0016825664569423938,0.002773344425571153,0.26978257277078516,0.9629158015942987,0,0,0,,0.46409332752227783,-0.03714743256568909,0.0,False,False,2,False
106.679537763,2077,106,679537763,map,8.150276184082031,-2.0464611053466797,0.33477783203125,-0.042736977338790894,0.0,0.0,0.0,0.0018467363264738816,0.002831781662298156,0.2731389367011928,0.961968654289369,0,0,0,,0.42332589626312256,-0.04303407669067383,0.0,False,False,2,False
106.679537763,2078,106,729537764,map,8.13222885131836,-0.4743003845214844,0.07052421569824219,0.0395829975605011,0.0,0.0,0.0,0.00162667606882742,0.002752851143619537,0.2759450397319964,0.9611680970479904,0,0,0,,0.4099903106689453,-0.025024443864822388,0.0,False,False,2,False
106.779537765,2079,106,779537765,map,8.042302131652832,-2.225980758666992,0.12418746948242188,0.03352127969264984,0.0,0.0,0.0,0.0015173714467797462,0.0027541108692406375,0.27889247653999605,0.9603171866558465,0,0,0,,0.4374070167541504,-0.03812870383262634,0.0,False,False,2,False
106.829537766,2080,106,829537766,map,8.016768455505371,-1.2077045440673828,0.8984756469726562,0.011667758226394653,0.0,0.0,0.0,0.0015770468167008588,0.0027947807336219923,0.28193115249845563,0.9594292716896236,0,0,0,,0.3804415464401245,-0.04377809166908264,0.0,False,False,2,False
106.879537766,2081,106,879537766,map,7.916323184967041,-1.70196533203125,-1.0685253143310547,0.04529789090156555,0.0,0.0,0.0,0.0012360126768318285,0.002793559210636035,0.2847496454164645,0.9585970518078997,0,0,0,,0.3946927785873413,-0.020414412021636963,0.0,False,False,2,False
106.929537767,2082,106,929537767,map,7.88731575012207,-1.0786151885986328,0.5621051788330078,0.020033828914165497,0.0,0.0,0.0,0.0011027905780307875,0.0028195516850350703,0.2871557605116744,0.957879117209577,0,0,0,,0.4458441734313965,-0.033237308263778687,0.0,False,False,2,False
106.929537767,2083,106,979537768,map,7.780602931976318,-2.8580188751220703,0.38887977600097656,0.12319698929786682,0.0,0.0,0.0,0.00145391675917956,0.002970182188852147,0.29040417702283816,0.9568983635222241,0,0,0,,0.36692941188812256,-0.05281168222427368,0.0,False,False,2,False
107.029537769,2084,107,29537769,map,7.743800163269043,-1.419687271118164,0.7383251190185547,0.1760697364807129,0.0,0.0,0.0,0.0018206941904616632,0.0029150626319606942,0.2939226927997184,0.9558230161174605,0,0,0,,0.3466876745223999,-0.050794392824172974,0.0,False,False,2,False
107.079537769,2085,107,79537769,map,7.62375545501709,-2.5935935974121094,-0.5021381378173828,0.10102024674415588,0.0,0.0,0.0,0.001923579676189347,0.0027638148106488057,0.29772302588841826,0.9546463539053434,0,0,0,,0.3448820114135742,-0.04553648829460144,0.0,False,False,2,False
107.12953777,2086,107,129537770,map,7.582921981811523,-0.8823585510253906,-0.17373085021972656,0.04564894363284111,0.0,0.0,0.0,0.0017236435857259057,0.0024514706810774443,0.30081003865650374,0.9536793695932412,0,0,0,,0.3711264133453369,-0.030625134706497192,0.0,False,False,2,False
107.12953777,2087,107,179537771,map,7.463194370269775,-2.212667465209961,-1.0291862487792969,0.016326904296875,0.0,0.0,0.0,0.0014625442021668489,0.0021224428114811145,0.3036082578646912,0.9527934623817146,0,0,0,,0.4618566036224365,-0.026625245809555054,0.0,False,False,2,False
107.179537771,2088,107,229537772,map,7.441546440124512,-0.7340335845947266,0.26841163635253906,-0.000691218301653862,0.0,0.0,0.0,0.0013734232681347524,0.00176563299049173,0.3058615286482157,0.9520733803345444,0,0,0,,0.5221850872039795,-0.027991026639938354,0.0,False,False,2,False
107.279537772,2089,107,279537772,map,7.3476643562316895,-1.679067611694336,-0.8871555328369141,-0.004642298445105553,0.0,0.0,0.0,0.001259166048641152,0.0013932732190328628,0.30804404190483226,0.9513702441938855,0,0,0,,0.5520830154418945,-0.02004268765449524,0.0,False,False,2,False
107.329537773,2090,107,329537773,map,7.355296611785889,-0.6608295440673828,1.1396026611328125,0.07621058821678162,0.0,0.0,0.0,0.0014750654688462127,0.001141497397001718,0.31015947775573466,0.9506827123303786,0,0,0,,0.5541222095489502,-0.038111746311187744,0.0,False,False,2,False
107.379537774,2091,107,379537774,map,7.282403469085693,-1.921987533569336,0.1184844970703125,0.04852294921875,0.0,0.0,0.0,0.0017674698555103132,0.00106024029456066,0.31298867189376284,0.949754622629975,0,0,0,,0.5653994083404541,-0.042537957429885864,0.0,False,False,2,False
107.429537774,2092,107,429537774,map,7.316671848297119,-0.12750625610351562,1.2848567962646484,0.018473245203495026,0.0,0.0,0.0,0.0019973280937786524,0.0009395953403440874,0.31581860298476866,0.9488170202150841,0,0,0,,0.6791045665740967,-0.04301673173904419,0.0,False,False,2,False
107.429537774,2093,107,479537775,map,7.276541709899902,-1.3225841522216797,0.384063720703125,0.006881332024931908,0.0,0.0,0.0,0.0021616435712659547,0.0008286661001314146,0.319081832552997,0.9477243400610679,0,0,0,,0.6709604263305664,-0.044084250926971436,0.0,False,False,2,False
107.529537776,2094,107,529537776,map,7.343234062194824,0.4764366149902344,1.5421867370605469,-0.0028072355780750513,0.0,0.0,0.0,0.002261826459556928,0.0006305293395108747,0.3220986275279921,0.9467032062470278,0,0,0,,0.6342813968658447,-0.04139065742492676,0.0,False,False,2,False
107.579537777,2095,107,579537777,map,7.315366744995117,-2.1877574920654297,1.7945289611816406,-0.0060977935791015625,0.0,0.0,0.0,0.0028779576266736205,0.0006841860711915403,0.3262675052612377,0.9452728517523008,0,0,0,,0.5680961608886719,-0.07952737808227539,0.0,False,False,2,False
107.629537777,2096,107,629537777,map,7.3776535987854,1.1772346496582031,0.5327415466308594,-0.00731811486184597,0.0,0.0,0.0,0.0027204776949539475,0.00046285619244959314,0.3298452888105771,0.9440309688854087,0,0,0,,0.44852280616760254,-0.029187053442001343,0.0,False,False,2,False
107.679537778,2097,107,679537778,map,7.334014415740967,-0.09770393371582031,-1.2532997131347656,-0.0018993369303643703,0.0,0.0,0.0,0.001887417158459959,0.00012876797045698702,0.33218020858671393,0.9432140425685821,0,0,0,,0.5354869365692139,-0.003233104944229126,0.0,False,False,2,False
107.729537779,2098,107,729537779,map,7.387934684753418,0.17313003540039062,1.4843082427978516,-0.003179740160703659,0.0,0.0,0.0,0.0016452782215928441,2.3109819153395612e-07,0.33389811663932356,0.9426077343010892,0,0,0,,0.7826752662658691,-0.02898302674293518,0.0,False,False,2,False
107.77953778,2099,107,779537780,map,7.379284381866455,-1.7426395416259766,1.792593002319336,-0.002916527446359396,0.0,0.0,0.0,0.0022263008772248146,0.0001705914189504505,0.336929419289545,0.9415272597754043,0,0,0,,0.9533830881118774,-0.06404265761375427,0.0,False,False,2,False
107.82953778,2100,107,829537780,map,7.513005256652832,0.3879547119140625,3.6181640625,-0.0034618377685546875,0.0,0.0,0.0,0.0031144947892192553,0.000264415624647312,0.3410950507900131,0.9400236147741947,0,0,0,,0.9758181571960449,-0.07566368579864502,0.0,False,False,2,False
107.879537781,2101,107,879537781,map,7.6150336265563965,1.0016441345214844,1.9411087036132812,-0.00218887347728014,0.0,0.0,0.0,0.003401286996852513,-2.576876679681768e-06,0.34554828826885653,0.9383948058864071,0,0,0,,0.9674160480499268,-0.049675941467285156,0.0,False,False,2,False
107.879537781,2102,107,929537782,map,7.84188175201416,2.677888870239258,3.802480697631836,-0.0017757434397935867,0.0,0.0,0.0,0.0035070168332678162,-0.0005191351315062729,0.3496393559463517,0.9368776612264095,0,0,0,,0.9670939445495605,-0.047795385122299194,0.0,False,False,2,False
107.979537783,2103,107,979537783,map,7.997539043426514,2.5157833099365234,1.86065673828125,-0.0011482229456305504,0.0,0.0,0.0,0.003150109648657043,-0.0011778367518951774,0.35285098091121975,0.9356734872698795,0,0,0,,0.9691861867904663,-0.02041792869567871,0.0,False,False,2,False
108.029537783,2104,108,29537783,map,8.238469123840332,2.4835777282714844,4.422206878662109,-0.001404760405421257,0.0,0.0,0.0,0.003266010983752721,-0.001628106080454848,0.35594462223155326,0.9344999242093504,0,0,0,,0.9715452194213867,-0.04368579387664795,0.0,False,False,2,False
108.079537784,2105,108,79537784,map,8.413736343383789,1.7512893676757812,3.262348175048828,-0.0011529913172125816,0.0,0.0,0.0,0.00351172708249601,-0.0018970132478504011,0.3592955351960794,0.9332152953642574,0,0,0,,0.971593976020813,-0.041041940450668335,0.0,False,False,2,False
108.129537785,2106,108,129537785,map,8.660633087158203,3.3072662353515625,3.690948486328125,-0.0011571915820240974,0.0,0.0,0.0,0.0034867865691278928,-0.002225296144506514,0.3623466360363827,0.9320342299130476,0,0,0,,0.9663166999816895,-0.027417868375778198,0.0,False,False,2,False
108.179537786,2107,108,179537786,map,8.848540306091309,1.2985897064208984,4.0825653076171875,-0.0005485536530613899,0.0,0.0,0.0,0.003829642555510167,-0.002293954512752605,0.36576267517510996,0.930697446573986,0,0,0,,0.9704241752624512,-0.0506061315536499,0.0,False,False,2,False
108.229537786,2108,108,229537786,map,9.092719078063965,2.606840133666992,4.324073791503906,-0.0008335104212164879,0.0,0.0,0.0,0.004124705520839166,-0.002349587017452532,0.3695050234824918,0.9292166076144017,0,0,0,,0.9655083417892456,-0.04275870323181152,0.0,False,False,2,False
108.279537787,2109,108,279537787,map,9.291413307189941,1.2828540802001953,4.350414276123047,-0.00041198451071977615,0.0,0.0,0.0,0.004549553733549651,-0.002273030454443014,0.3737262666551135,0.9275251007414353,0,0,0,,0.9669774770736694,-0.05650576949119568,0.0,False,False,2,False
108.329537788,2110,108,329537788,map,9.528796195983887,1.8906307220458984,4.803342819213867,-0.0005661044269800186,0.0,0.0,0.0,0.004973739520173945,-0.0021753792256050926,0.3784314364545501,0.9256134060953072,0,0,0,,0.9674246311187744,-0.05687516927719116,0.0,False,False,2,False
108.379537789,2111,108,379537789,map,9.739304542541504,2.3178958892822266,3.617868423461914,-2.918299287557602e-05,0.0,0.0,0.0,0.004931921778255955,-0.0022332232208704785,0.38281631946715733,0.9238086135186434,0,0,0,,0.9591615200042725,-0.03636768460273743,0.0,False,False,2,False
108.429537789,2112,108,429537789,map,9.969637870788574,1.7500686645507812,4.701738357543945,3.0328519642353058e-05,0.0,0.0,0.0,0.005030651238779054,-0.0022211154024218277,0.38710863365033543,0.9220177140097979,0,0,0,,0.9645135402679443,-0.04907029867172241,0.0,False,False,2,False
108.429537789,2113,108,479537790,map,10.185324668884277,2.3383426666259766,3.724546432495117,-0.00019931700080633163,0.0,0.0,0.0,0.00489644855177267,-0.002287710841397157,0.3910426188903629,0.9203567033395542,0,0,0,,0.9561910629272461,-0.03079742193222046,0.0,False,False,2,False
108.529537791,2114,108,529537791,map,10.408348083496094,1.5300655364990234,4.6685791015625,-0.0003330223262310028,0.0,0.0,0.0,0.004995211515230245,-0.0022441663174691037,0.39496257050213185,0.9186808909963274,0,0,0,,0.9617550373077393,-0.045764803886413574,0.0,False,False,2,False
108.529537791,2115,108,579537792,map,10.435420989990234,-0.9838294982910156,1.6312885284423828,0.0008560158312320709,0.0,0.0,0.0,0.005011985446364491,-0.0018314076863865149,0.39907035761902576,0.9169047800167663,0,0,0,,0.9633557796478271,-0.044769853353500366,0.0,False,False,2,False
108.629537792,2116,108,629537792,map,10.41711139678955,-0.7381248474121094,0.17263412475585938,0.001902771182358265,0.0,0.0,0.0,0.004479383425429045,-0.0012635906605612515,0.40265144533013136,0.9153415493881651,0,0,0,,0.9526383876800537,-0.024611324071884155,0.0,False,False,0,False
108.679537793,2117,108,679537793,map,10.682104110717773,2.072000503540039,5.251903533935547,-0.0003896700218319893,0.0,0.0,0.0,0.004362794204319811,-0.0009752832617398396,0.4061257936835729,0.9138062456309752,0,0,0,,0.9591634273529053,-0.039501726627349854,0.0,False,False,0,False
108.729537794,2118,108,729537794,map,11.070719718933105,4.059886932373047,6.777057647705078,-0.0031129829585552216,0.0,0.0,0.0,0.004677700608003498,-0.0015473933061448458,0.40964105035429016,0.912233486863759,0,0,0,,0.9522929191589355,-0.032843440771102905,0.0,False,False,3,False
108.729537794,2119,108,779537795,map,11.413846969604492,2.5893211364746094,6.826877593994141,-0.0026945117861032486,0.0,0.0,0.0,0.005308550407373467,-0.00207875143822231,0.4135682458504366,0.9104552729866654,0,0,0,,0.9631321430206299,-0.0498451292514801,0.0,False,False,3,False
108.829537795,2120,108,829537795,map,11.724997520446777,3.275470733642578,5.381736755371094,-0.0043941522017121315,0.0,0.0,0.0,0.005500278419417165,-0.002575639976380271,0.41735248032854344,0.9087243917600284,0,0,0,,0.9568891525268555,-0.02660045027732849,0.0,False,False,3,False
108.879537796,2121,108,879537796,map,12.006909370422363,2.430095672607422,5.32073974609375,-0.0021490082144737244,0.0,0.0,0.0,0.0055263078845528835,-0.0028608576869875633,0.42082718664267876,0.9071194818748345,0,0,0,,0.9590646028518677,-0.030809611082077026,0.0,False,False,3,False
108.879537796,2122,108,929537797,map,12.266368865966797,2.2751331329345703,4.853878021240234,-0.0008686073124408722,0.0,0.0,0.0,0.005456978067270353,-0.002957640816283023,0.4240788449727384,0.9056040012045902,0,0,0,,0.9460426568984985,-0.026100337505340576,0.0,False,False,3,False
108.979537798,2123,108,979537798,map,12.50442123413086,1.2804698944091797,5.100727081298828,-0.00029964372515678406,0.0,0.0,0.0,0.005585826166336753,-0.0027958110458306843,0.42752806900992724,0.9039804932603792,0,0,0,,0.9369866847991943,-0.03890341520309448,0.0,False,False,3,False
109.029537798,2124,109,29537798,map,12.726981163024902,1.328573226928711,4.641456604003906,-0.0011293403804302216,0.0,0.0,0.0,0.005682827065191557,-0.002553051472121406,0.4311973700769773,0.9022361195626264,0,0,0,,0.9150086641311646,-0.034456878900527954,0.0,False,False,3,False
109.079537799,2125,109,79537799,map,12.932929039001465,0.6489849090576172,4.734554290771484,-0.0009866710752248764,0.0,0.0,0.0,0.0058539891848520395,-0.0022212636618251804,0.4351722933996753,0.900325425529922,0,0,0,,0.9045321941375732,-0.042234599590301514,0.0,False,False,3,False
109.1295378,2126,109,129537800,map,13.12612247467041,0.7316780090332031,4.321346282958984,-0.0004379265010356903,0.0,0.0,0.0,0.005933536334616069,-0.00191295063706265,0.4393110628599801,0.8983133772883828,0,0,0,,0.8730822801589966,-0.036718517541885376,0.0,False,False,3,False
109.1295378,2127,109,179537801,map,13.304386138916016,0.3772926330566406,4.194755554199219,-0.00010299962013959885,0.0,0.0,0.0,0.005968065528099205,-0.0016177363977136379,0.4434926656621279,0.8962566711755624,0,0,0,,0.8480478525161743,-0.03746119141578674,0.0,False,False,3,False
109.229537801,2128,109,229537801,map,13.468408584594727,-0.23891448974609375,4.273567199707031,-0.0002113310620188713,0.0,0.0,0.0,0.006127231856975953,-0.0012547665210780202,0.44793082435392,0.8940463406246716,0,0,0,,0.8521928787231445,-0.04446983337402344,0.0,False,False,3,False
109.229537801,2129,109,279537802,map,13.621829986572266,-0.5526828765869141,4.204654693603516,-0.0015647895634174347,0.0,0.0,0.0,0.006364829953554913,-0.0008559428790009412,0.45274052935068937,0.8916191840604979,0,0,0,,0.836677074432373,-0.047496259212493896,0.0,False,False,3,False
109.329537803,2130,109,329537803,map,13.763711929321289,-1.3179683685302734,4.423542022705078,-0.005433466285467148,0.0,0.0,0.0,0.006786994955823268,-0.000361638702606418,0.4581638049891374,0.8888417934114001,0,0,0,,0.8390598297119141,-0.058945149183273315,0.0,False,False,3,False
109.329537803,2131,109,379537804,map,13.90015983581543,-0.6931400299072266,3.8055801391601562,-0.002654646523296833,0.0,0.0,0.0,0.006961049081802509,-1.219614444582023e-05,0.46374447665261487,0.8859416482032704,0,0,0,,0.7825322151184082,-0.044557392597198486,0.0,False,False,3,False
109.379537804,2132,109,429537804,map,14.022488594055176,-1.8532848358154297,4.211387634277344,-0.001298142597079277,0.0,0.0,0.0,0.007271467628172077,0.00041253779624727876,0.4696258173917481,0.88283551537658,0,0,0,,0.822041392326355,-0.059709370136260986,0.0,False,False,3,False
109.479537805,2133,109,479537805,map,14.142461776733398,-1.8785667419433594,4.107666015625,-0.0023735035210847855,0.0,0.0,0.0,0.007631145774433855,0.0008506434911374808,0.4759204993992309,0.8794547858027763,0,0,0,,0.8367767333984375,-0.05890724062919617,0.0,False,False,3,False
109.479537805,2134,109,529537806,map,14.261815071105957,-2.030925750732422,4.128208160400391,-0.0019491184502840042,0.0,0.0,0.0,0.007952119461030542,0.0012360306993122513,0.4824663390637658,0.8758775414945831,0,0,0,,0.8523550033569336,-0.05901944637298584,0.0,False,False,3,False
109.579537807,2135,109,579537807,map,14.380817413330078,-2.5495052337646484,4.37255859375,-0.0011537550017237663,0.0,0.0,0.0,0.008360197230680584,0.0016414474305205267,0.48936507690109554,0.8720374041646274,0,0,0,,0.8766238689422607,-0.06610089540481567,0.0,False,False,3,False
109.629537807,2136,109,629537807,map,14.504449844360352,-1.9609832763671875,4.054241180419922,8.411705493927002e-05,0.0,0.0,0.0,0.008558112458171997,0.0018884348403204122,0.4962403175671302,0.8681409676693532,0,0,0,,0.8299331665039062,-0.05319589376449585,0.0,False,False,3,False
109.679537808,2137,109,679537808,map,14.620267868041992,-2.8467941284179688,4.323635101318359,0.0003910018131136894,0.0,0.0,0.0,0.008838481193804433,0.002178155392779004,0.503186342271027,0.8641299912867141,0,0,0,,0.8254846334457397,-0.06380027532577515,0.0,False,False,3,False
109.729537809,2138,109,729537809,map,14.735159873962402,-2.0914840698242188,3.8043975830078125,0.0009128591045737267,0.0,0.0,0.0,0.008886498333090598,0.0023283026854273134,0.5098905674495126,0.8601902222066901,0,0,0,,0.7752393484115601,-0.047290265560150146,0.0,False,False,3,False
109.77953781,2139,109,779537810,map,14.839970588684082,-2.52716064453125,3.7569618225097656,0.0012830737978219986,0.0,0.0,0.0,0.008858665354786077,0.0024486516602305196,0.5162246113509066,0.8564039226841411,0,0,0,,0.7747430801391602,-0.0486888587474823,0.0,False,False,3,False
109.82953781,2140,109,829537810,map,14.938605308532715,-2.3746585845947266,3.4782981872558594,0.0011672964319586754,0.0,0.0,0.0,0.008751332281600407,0.0025350908327171225,0.5221761464443863,0.8527889888959975,0,0,0,,0.7587065696716309,-0.04246687889099121,0.0,False,False,3,False
109.82953781,2141,109,879537811,map,15.031333923339844,-2.223949432373047,3.218669891357422,-0.011407663114368916,0.0,0.0,0.0,0.008509349804513823,0.002551003531620017,0.5276190847281925,0.8494346265472525,0,0,0,,0.7591516971588135,-0.03627470135688782,0.0,False,False,3,False
109.929537812,2142,109,929537812,map,15.11951732635498,-2.5118541717529297,3.2146072387695312,-0.01023121178150177,0.0,0.0,0.0,0.008282972107273162,0.0025881392162049022,0.5327132326739535,0.8462513253416705,0,0,0,,0.7893071174621582,-0.03881406784057617,0.0,False,False,3,False
109.979537812,2143,109,979537812,map,15.210968971252441,-2.5156307220458984,3.2394981384277344,-0.011540595442056656,0.0,0.0,0.0,0.008113223072313765,0.0026450000693742084,0.5376421971997951,0.843129911328135,0,0,0,,0.8541861772537231,-0.03933408856391907,0.0,False,False,3,False
110.029537813,2144,110,29537813,map,15.309826850891113,-2.2237110137939453,3.219890594482422,-0.020296862348914146,0.0,0.0,0.0,0.00792623497586456,0.002655008234443857,0.542366833842028,0.8401001983564558,0,0,0,,0.8351726531982422,-0.035315483808517456,0.0,False,False,3,False
110.079537814,2145,110,79537814,map,15.415032386779785,-2.19818115234375,3.307018280029297,-0.015133097767829895,0.0,0.0,0.0,0.007742848156157242,0.0026158738050714187,0.5468945460604888,0.8371616098436184,0,0,0,,0.8938045501708984,-0.035123735666275024,0.0,False,False,3,False
110.129537815,2146,110,129537815,map,15.527594566345215,-2.4674606323242188,3.5442352294921875,-0.007945820689201355,0.0,0.0,0.0,0.007689749669192988,0.0026145313670204173,0.5514457956126404,0.8341711853551994,0,0,0,,0.8865780830383301,-0.04081106185913086,0.0,False,False,3,False
110.179537815,2147,110,179537815,map,15.647351264953613,-2.281770706176758,3.5753440856933594,-0.011129006743431091,0.0,0.0,0.0,0.007677806218449887,0.002595257385272975,0.5560585769675945,0.8311035885565348,0,0,0,,0.8954777717590332,-0.03916352987289429,0.0,False,False,3,False
110.179537815,2148,110,229537816,map,15.773632049560547,-2.025623321533203,3.5700607299804688,-0.005031768232584,0.0,0.0,0.0,0.007605772488359933,0.0025013276426955776,0.5605714714873504,0.8280673408240333,0,0,0,,0.8981480598449707,-0.03491368889808655,0.0,False,False,3,False
110.279537817,2149,110,279537817,map,15.900325775146484,-2.7551651000976562,3.8310813903808594,-0.0027338042855262756,0.0,0.0,0.0,0.007717538943804746,0.002531438153418674,0.5652626431032848,0.8248710055065669,0,0,0,,0.8890124559402466,-0.04655718803405762,0.0,False,False,3,False
110.329537818,2150,110,329537818,map,16.03111457824707,-2.536802291870117,3.7830543518066406,-0.0013908371329307556,0.0,0.0,0.0,0.007852941389965057,0.002587740021028336,0.5701793332400307,0.8214786441892836,0,0,0,,0.9010562896728516,-0.04380020499229431,0.0,False,False,3,False
110.379537818,2151,110,379537818,map,16.166025161743164,-2.4160385131835938,3.780803680419922,-0.00016517937183380127,0.0,0.0,0.0,0.007909257137106001,0.0025956970104210417,0.5751200091498406,0.8180266994933945,0,0,0,,0.9106857776641846,-0.040663301944732666,0.0,False,False,3,False
110.429537819,2152,110,429537819,map,16.2996883392334,-3.28125,4.017734527587891,-0.0009365007281303406,0.0,0.0,0.0,0.008152835315896187,0.002756851449553762,0.5803659420586266,0.8143103243511037,0,0,0,,0.9055697917938232,-0.0537148118019104,0.0,False,False,3,False
110.47953782,2153,110,479537820,map,16.40554428100586,-2.9123973846435547,3.2430076599121094,-0.0004871375858783722,0.0,0.0,0.0,0.008288201423406756,0.002886870996648007,0.5857576875785439,0.8104387102894648,0,0,0,,0.9159492254257202,-0.04400792717933655,0.0,False,False,3,False
110.529537821,2154,110,529537821,map,16.38566017150879,-3.9694595336914062,0.8960723876953125,0.01082591712474823,0.0,0.0,0.0,0.008171079055799188,0.003289095581741375,0.5911514645897056,0.8065124681186051,0,0,0,,0.915642499923706,-0.046200305223464966,0.0,False,False,0,False
110.579537821,2155,110,579537821,map,16.365671157836914,-3.837423324584961,0.8003044128417969,0.06600074470043182,0.0,0.0,0.0,0.00796381265993862,0.003758859002395935,0.5965028137041292,0.802562671640025,0,0,0,,0.9370887279510498,-0.04197290539741516,0.0,False,False,0,False
110.629537822,2156,110,629537822,map,16.637277603149414,-2.322864532470703,6.38580322265625,0.040625378489494324,0.0,0.0,0.0,0.008134014328299763,0.0036795725071147897,0.6017583360357931,0.7986283262998536,0,0,0,,0.9526305198669434,-0.04197856783866882,0.0,False,False,4,False
110.679537823,2157,110,679537823,map,16.8780517578125,-2.8024959564208984,5.8298492431640625,0.020322037860751152,0.0,0.0,0.0,0.008610929705130898,0.0033177371119870363,0.6069523854138887,0.7946846206832363,0,0,0,,0.9561115503311157,-0.045082271099090576,0.0,False,False,4,False
110.729537824,2158,110,729537824,map,17.094783782958984,-2.9462814331054688,5.314178466796875,0.03399658203125,0.0,0.0,0.0,0.00904978445113866,0.003023915151388515,0.6120897001866397,0.7907307735658039,0,0,0,,0.9619932174682617,-0.043805718421936035,0.0,False,False,4,False
110.729537824,2159,110,779537824,map,17.292545318603516,-3.253049850463867,4.94720458984375,0.017324255779385567,0.0,0.0,0.0,0.009370892439235144,0.002902228709434677,0.617223240448067,0.7867269125269569,0,0,0,,0.9616600275039673,-0.04561901092529297,0.0,False,False,4,False
110.779537824,2160,110,829537825,map,17.476232528686523,-3.429288864135742,4.64324951171875,0.0053030019626021385,0.0,0.0,0.0,0.009585139208104053,0.00292925064578736,0.6224071673194296,0.7826294542543226,0,0,0,,0.9608012437820435,-0.045913875102996826,0.0,False,False,4,False
110.879537826,2161,110,879537826,map,17.649173736572266,-3.569822311401367,4.397430419921875,-0.0007987977005541325,0.0,0.0,0.0,0.009708961231517233,0.00305041353377123,0.627639912290987,0.7784372624357341,0,0,0,,0.9597798585891724,-0.045616358518600464,0.0,False,False,4,False
110.929537827,2162,110,929537827,map,17.813589096069336,-3.716721534729004,4.1970062255859375,-0.003438950516283512,0.0,0.0,0.0,0.009774588234242935,0.003228198840894112,0.6329088959341167,0.7741578428231237,0,0,0,,0.9560396671295166,-0.0453738272190094,0.0,False,False,4,False
110.979537827,2163,110,979537827,map,17.971607208251953,-3.692793846130371,4.0030670166015625,-0.0039857858791947365,0.0,0.0,0.0,0.009768088385275948,0.0034012357619278215,0.638132626511247,0.7698569782930115,0,0,0,,0.9454662799835205,-0.04226449131965637,0.0,False,False,4,False
111.029537828,2164,111,29537828,map,18.12288475036621,-3.8880538940429688,3.8477706909179688,-0.003794098272919655,0.0,0.0,0.0,0.009746353096627445,0.0035880299477964806,0.6432943475959864,0.7655485072766217,0,0,0,,0.9440250396728516,-0.042594969272613525,0.0,False,False,4,False
111.079537829,2165,111,79537829,map,18.269254684448242,-3.967151641845703,3.7044143676757812,-0.00322475447319448,0.0,0.0,0.0,0.009721279119305258,0.0037791281709186656,0.6483974817795248,0.7612305304863456,0,0,0,,0.9405274391174316,-0.041590720415115356,0.0,False,False,4,False
111.12953783,2166,111,129537830,map,18.40719985961914,-4.779529571533203,3.608856201171875,-0.0034282682463526726,0.0,0.0,0.0,0.009865440469863873,0.004126896985755013,0.6537197099762374,0.7566612072745561,0,0,0,,0.9359275102615356,-0.05314674973487854,0.0,False,False,4,False
111.17953783,2167,111,179537830,map,18.542322158813477,-4.757847785949707,3.471527099609375,-0.0027832030318677425,0.0,0.0,0.0,0.01004530663189607,0.004509192283951446,0.6593263249457109,0.7517762674048715,0,0,0,,0.9290173053741455,-0.05191183090209961,0.0,False,False,4,False
111.229537831,2168,111,229537831,map,18.673316955566406,-4.972591400146484,3.3429336547851562,-0.0016836165450513363,0.0,0.0,0.0,0.010210925223701466,0.00487881051045308,0.6651357283297512,0.7466367236570478,0,0,0,,0.9261459112167358,-0.05297556519508362,0.0,False,False,4,False
111.229537831,2169,111,279537832,map,18.79973793029785,-5.33045768737793,3.2152938842773438,-0.001148986746557057,0.0,0.0,0.0,0.010407449842159263,0.005279185017293054,0.671166595951791,0.7412146893254488,0,0,0,,0.9231134653091431,-0.0561811625957489,0.0,False,False,4,False
111.329537833,2170,111,329537833,map,18.922630310058594,-5.58201789855957,3.0840682983398438,-0.0009017944103106856,0.0,0.0,0.0,0.010625163787078866,0.0057032502994879735,0.6774169673114083,0.7355003951250697,0,0,0,,0.9197156429290771,-0.05756214261054993,0.0,False,False,4,False
111.379537833,2171,111,379537833,map,19.042985916137695,-5.716683864593506,2.9535293579101562,-0.00045032502384856343,0.0,0.0,0.0,0.010821838155936122,0.0061096819705039615,0.6838056279625118,0.7295583751640036,0,0,0,,0.9164810180664062,-0.05649784207344055,0.0,False,False,4,False
111.429537834,2172,111,429537834,map,19.161447525024414,-5.7717108726501465,2.82623291015625,0.0002601623418740928,0.0,0.0,0.0,0.010965323333440405,0.006463470385691146,0.6902023009394348,0.7235045051778713,0,0,0,,0.9134502410888672,-0.05361968278884888,0.0,False,False,4,False
111.479537835,2173,111,479537835,map,19.276491165161133,-6.030087471008301,2.67913818359375,0.000325012078974396,0.0,0.0,0.0,0.011099287194721618,0.006808808825667608,0.6965671787633105,0.7173734114224382,0,0,0,,0.9071404933929443,-0.054197609424591064,0.0,False,False,4,False
111.529537836,2174,111,529537836,map,19.389089584350586,-6.098387241363525,2.5341415405273438,0.0003074647975154221,0.0,0.0,0.0,0.011207973467467795,0.0071309017936830345,0.7028601555275718,0.7112040026195852,0,0,0,,0.8986201286315918,-0.052126288414001465,0.0,False,False,4,False
111.579537836,2175,111,579537836,map,19.499813079833984,-6.037797451019287,2.3964309692382812,0.0007280349382199347,0.0,0.0,0.0,0.011249422959203354,0.007384308406265362,0.7089757835949997,0.7051044325121651,0,0,0,,0.8944358825683594,-0.0479426383972168,0.0,False,False,4,False
111.629537837,2176,111,629537837,map,19.610334396362305,-5.684185981750488,2.2948455810546875,0.00164623255841434,0.0,0.0,0.0,0.011155123911351872,0.007487185877816898,0.7147111416418553,0.6992907044077945,0,0,0,,0.8871743679046631,-0.03893214464187622,0.0,False,False,4,False
111.679537838,2177,111,679537838,map,19.72210693359375,-5.001841068267822,2.2411346435546875,0.0028291703201830387,0.0,0.0,0.0,0.010846264588084506,0.007339437616041395,0.7197474781690487,0.6941124252376271,0,0,0,,0.8897113800048828,-0.024748921394348145,0.0,False,False,4,False
111.729537839,2178,111,729537839,map,19.838356018066406,-2.843018054962158,2.30010986328125,0.005942916497588158,0.0,0.0,0.0,0.010001580619154822,0.006570142003613306,0.7232654548055031,0.690466424603079,0,0,0,,0.8719768524169922,0.011790096759796143,0.0,False,False,4,False
111.779537839,2179,111,779537839,map,19.950925827026367,-3.0627105236053467,2.2021865844726562,0.004159354604780674,0.0,0.0,0.0,0.009080028163306619,0.005669710422775299,0.7252386039672294,0.6884143917641028,0,0,0,,0.8905532360076904,0.010599195957183838,0.0,False,False,4,False
111.82953784,2180,111,829537840,map,20.064233779907227,-0.44895708560943604,2.2574234008789062,0.003185081295669079,0.0,0.0,0.0,0.007757195424568682,0.004301944262306522,0.7253073678564356,0.6883680275316963,0,0,0,,0.887549877166748,0.047292351722717285,0.0,False,False,4,False
111.879537841,2181,111,879537841,map,20.178077697753906,-0.7236117124557495,2.26165771484375,0.00019168946892023087,0.0,0.0,0.0,0.006455712741671244,0.0029245835108379506,0.7237080449698872,0.6900698777878578,0,0,0,,0.9008039236068726,0.037525057792663574,0.0,False,False,4,False
111.879537841,2182,111,929537842,map,20.292072296142578,0.5385011434555054,2.2922515869140625,-0.0024436949752271175,0.0,0.0,0.0,0.005159542002996398,0.0015445948081153813,0.7208874657127705,0.6930312079058324,0,0,0,,0.9015598297119141,0.04504638910293579,0.0,False,False,4,False
111.929537842,2183,111,979537842,map,20.405410766601562,1.5692740678787231,2.2973251342773438,-0.003318596165627241,0.0,0.0,0.0,0.0037853054287368968,9.538623007317149e-05,0.717028759396312,0.6970332994648564,0,0,0,,0.9010401964187622,0.04878503084182739,0.0,False,False,4,False
111.979537842,2184,112,29537843,map,20.518373489379883,2.1833744049072266,2.2911453247070312,-0.004021644592285156,0.0,0.0,0.0,0.0024393687882464854,-0.0012992331242597194,0.712476389929065,0.701690640714874,0,0,0,,0.8989932537078857,0.04562920331954956,0.0,False,False,4,False
112.079537844,2185,112,79537844,map,20.63180923461914,2.32759952545166,2.2896575927734375,-0.003960990346968174,0.0,0.0,0.0,0.0012818812397122166,-0.0024735421746945275,0.70773767649178,0.7064698292521868,0,0,0,,0.9008851051330566,0.03495383262634277,0.0,False,False,4,False
112.129537845,2186,112,129537845,map,20.745424270629883,2.4571022987365723,2.27996826171875,-0.0031316757667809725,0.0,0.0,0.0,0.00035517967445915233,-0.0033907374337579345,0.7032668994234138,0.7109177483523902,0,0,0,,0.9027764797210693,0.024785995483398438,0.0,False,False,4,False
112.129537845,2187,112,179537845,map,20.859159469604492,2.2776031494140625,2.2687911987304688,-0.0017417906783521175,0.0,0.0,0.0,-0.00030150792079417996,-0.004022518531409971,0.6994468037098076,0.7146732800502422,0,0,0,,0.8913775682449341,0.01216578483581543,0.0,False,False,4,False
112.229537846,2188,112,229537846,map,20.97173309326172,1.6230117082595825,2.2397994995117188,-0.00012760167010128498,0.0,0.0,0.0,-0.0005942425027822078,-0.0042865697515571035,0.6967089952403156,0.7173408172876007,0,0,0,,0.8729883432388306,-0.004977971315383911,0.0,False,False,4,False
112.279537847,2189,112,279537847,map,21.079967498779297,1.6889286041259766,2.14599609375,0.0006906507769599557,0.0,0.0,0.0,-0.0007084848551233572,-0.00436326992587104,0.6950872445040538,0.7189118043630427,0,0,0,,0.8490182161331177,-0.008133172988891602,0.0,False,False,4,False
112.329537848,2190,112,329537848,map,21.182531356811523,1.0181957483291626,2.0369338989257812,0.0012094498379155993,0.0,0.0,0.0,-0.0006127226070112672,-0.004218327592409109,0.6945609576929949,0.7194212301092594,0,0,0,,0.8195784091949463,-0.017866909503936768,0.0,False,False,4,False
112.379537848,2191,112,379537848,map,21.277746200561523,0.3630918264389038,1.8988037109375,0.0013080595526844263,0.0,0.0,0.0,-0.00029061693816485705,-0.0038308570344898407,0.6951409621994427,0.7188631877823551,0,0,0,,0.8050771951675415,-0.025103837251663208,0.0,False,False,4,False
112.429537849,2192,112,429537849,map,21.36603355407715,-0.07761359214782715,1.7672348022460938,0.0010990143055096269,0.0,0.0,0.0,0.00016200638915762357,-0.0032946217089287757,0.6966472189380164,0.7174062806859529,0,0,0,,0.7978532314300537,-0.026668936014175415,0.0,False,False,4,False
112.47953785,2193,112,479537850,map,21.448524475097656,-0.21293342113494873,1.6533660888671875,0.00041255945689044893,0.0,0.0,0.0,0.0006072367499628997,-0.002749023515907544,0.6986911893493795,0.7154178471765908,0,0,0,,0.7911837100982666,-0.02140742540359497,0.0,False,False,4,False
112.52953785,2194,112,529537850,map,21.526378631591797,-0.8477270603179932,1.5694427490234375,-4.177098162472248e-05,0.0,0.0,0.0,0.0011073621878545715,-0.0021402977466638347,0.7010509315825378,0.7131071337476552,0,0,0,,0.8064447641372681,-0.022642463445663452,0.0,False,False,4,False
112.579537851,2195,112,579537851,map,21.60253143310547,-0.6451129913330078,1.5313339233398438,-0.00035152427153661847,0.0,0.0,0.0,0.0015156205772997398,-0.0016270617115137183,0.7033759723562976,0.7108145307154923,0,0,0,,0.8075097799301147,-0.012101292610168457,0.0,False,False,4,False
112.629537852,2196,112,629537852,map,21.677005767822266,-0.9339037537574768,1.4996337890625,-0.00043811797513626516,0.0,0.0,0.0,0.0018645401010125334,-0.0011844535588467775,0.705437780725613,0.7087684093446184,0,0,0,,0.8100121021270752,-0.009151339530944824,0.0,False,False,4,False
112.679537853,2197,112,679537853,map,21.75077247619629,-0.8561351895332336,1.4828109741210938,-0.0003871917724609375,0.0,0.0,0.0,0.0021304104869677813,-0.0008402647420440352,0.7071060936248565,0.7071037601829846,0,0,0,,0.8141180276870728,-0.0028991401195526123,0.0,False,False,4,False
112.679537853,2198,112,729537853,map,21.823707580566406,-0.23726165294647217,1.4604949951171875,-0.0001506805419921875,0.0,0.0,0.0,0.0021704142353975962,-0.0007378544900435402,0.7080781726447516,0.706130332372762,0,0,0,,0.802095890045166,0.010005414485931396,0.0,False,False,4,False
112.779537854,2199,112,779537854,map,21.895137786865234,-0.9002710580825806,1.4340972900390625,-3.643035961431451e-05,0.0,0.0,0.0,0.002249372886322617,-0.000607690262956837,0.7085527361507151,0.7056540165885102,0,0,0,,0.8085198402404785,0.0020841360092163086,0.0,False,False,4,False
112.829537855,2200,112,829537855,map,21.96590805053711,-0.4614311456680298,1.4175033569335938,-3.7384030292741954e-05,0.0,0.0,0.0,0.0022703223870189893,-0.0005457636489556277,0.708660366601662,0.7055459110407322,0,0,0,,0.801785945892334,0.007109940052032471,0.0,False,False,4,False
112.829537855,2201,112,879537856,map,22.035024642944336,-0.35984858870506287,1.3835906982421875,9.822844731388614e-05,0.0,0.0,0.0,0.0022109039854517885,-0.000570316787175581,0.7084351159475708,0.7057722530212429,0,0,0,,0.7915194034576416,0.007013976573944092,0.0,False,False,4,False
112.929537856,2202,112,929537856,map,22.10154914855957,0.099545419216156,1.3301849365234375,0.0001443863002350554,0.0,0.0,0.0,0.002024746193110277,-0.0007207279241133237,0.7078668814402378,0.706342593303126,0,0,0,,0.7803502082824707,0.011410295963287354,0.0,False,False,4,False
112.979537857,2203,112,979537857,map,22.165006637573242,0.07909312844276428,1.2688827514648438,9.250640869140625e-05,0.0,0.0,0.0,0.0018071653918568823,-0.0008965228896098004,0.7070638412196787,0.7071468410730746,0,0,0,,0.7721350193023682,0.008487880229949951,0.0,False,False,4,False
112.979537857,2204,113,29537858,map,22.223447799682617,0.5458568334579468,1.1666107177734375,-1.3351436791708693e-05,0.0,0.0,0.0,0.0015095735737944119,-0.0011401614708379474,0.706049203885992,0.7081602522815035,0,0,0,,0.7338205575942993,0.01213693618774414,0.0,False,False,4,False
113.079537859,2205,113,79537859,map,22.27495002746582,0.45161426067352295,1.027679443359375,-3.814711817540228e-06,0.0,0.0,0.0,0.0012218937538304537,-0.0013517959046522067,0.704938748683445,0.7092658459478401,0,0,0,,0.7172026634216309,0.00784921646118164,0.0,False,False,4,False
113.129537859,2206,113,129537859,map,22.31965446472168,0.4598763585090637,0.8912277221679688,-4.940031431033276e-05,0.0,0.0,0.0,0.0009831641222511932,-0.0014911144638578143,0.703904782915391,0.7102920994596522,0,0,0,,0.709693193435669,0.004667401313781738,0.0,False,False,4,False
113.17953786,2207,113,179537860,map,22.358243942260742,0.13084590435028076,0.7709121704101562,-5.912788765272126e-06,0.0,0.0,0.0,0.0008636208287473284,-0.0014951531923357384,0.7031670408032763,0.7110225955649787,0,0,0,,0.6975840330123901,-0.0030105412006378174,0.0,False,False,4,False
113.229537861,2208,113,229537861,map,22.390703201293945,0.5532932281494141,0.644989013671875,-1.2779237295035273e-05,0.0,0.0,0.0,0.0007093726391771624,-0.0015229731843450498,0.7026551084384342,0.7115286191914635,0,0,0,,0.6849683523178101,0.0012052655220031738,0.0,False,False,4,False
113.279537862,2209,113,279537862,map,22.41759490966797,0.1341700553894043,0.5367279052734375,3.0326846172101796e-05,0.0,0.0,0.0,0.0006275357268407714,-0.0014738231031656125,0.702404944140681,0.7117757571673111,0,0,0,,0.6776443719863892,-0.005160421133041382,0.0,False,False,4,False
113.279537862,2210,113,329537862,map,22.439393997192383,0.06207972764968872,0.43544769287109375,7.591246685478836e-05,0.0,0.0,0.0,0.0006176109446570632,-0.0013536332615234352,0.7024695826534131,0.711712211276759,0,0,0,,0.6691645383834839,-0.006430327892303467,0.0,False,False,4,False
113.379537863,2211,113,379537863,map,22.45655059814453,0.07464885711669922,0.3424835205078125,1.6021731426008046e-05,0.0,0.0,0.0,0.0006178882460167977,-0.0012265497638172568,0.7027530732277409,0.7114325209454215,0,0,0,,0.661983847618103,-0.00531342625617981,0.0,False,False,4,False
113.429537864,2212,113,429537864,map,22.469593048095703,-0.04381924867630005,0.26123046875,2.880096872104332e-05,0.0,0.0,0.0,0.0006374801511073844,-0.0010865615680121083,0.7031781004794362,0.7110126384313767,0,0,0,,0.6574968099594116,-0.00536617636680603,0.0,False,False,4,False
113.479537865,2213,113,479537865,map,22.479042053222656,-0.02817302942276001,0.18924713134765625,-3.719329470186494e-05,0.0,0.0,0.0,0.0006550894152663787,-0.0009563370735212648,0.7036525577206741,0.7105432670080079,0,0,0,,0.6513237953186035,-0.0032986700534820557,0.0,False,False,4,False
113.529537865,2214,113,529537865,map,22.485748291015625,-0.23975074291229248,0.13614654541015625,3.0899045668775216e-05,0.0,0.0,0.0,0.0007093696550547172,-0.0007996307817016253,0.7041609826827419,0.7100395537240026,0,0,0,,0.6580581665039062,-0.004549354314804077,0.0,False,False,4,False
113.579537866,2215,113,579537866,map,22.490646362304688,-0.466633141040802,0.10150909423828125,-8.087157766567543e-05,0.0,0.0,0.0,0.0008268175995271894,-0.0005935525347235574,0.7047609319396957,0.7094441435937979,0,0,0,,0.6536058187484741,-0.006579965353012085,0.0,False,False,4,False
113.629537867,2216,113,629537867,map,22.49468994140625,-0.05559414625167847,0.08129119873046875,2.861015673261136e-06,0.0,0.0,0.0,0.0008550718330759613,-0.0004911180832502695,0.7052729382937276,0.7089351946163487,0,0,0,,0.664920449256897,0.0007483363151550293,0.0,False,False,4,False
113.679537868,2217,113,679537868,map,22.498098373413086,0.19059807062149048,0.06679534912109375,-3.490447852527723e-05,0.0,0.0,0.0,0.0007656720639488317,-0.0005219729711902031,0.7054756118069745,0.7087335905938723,0,0,0,,0.6521604061126709,0.0062476396560668945,0.0,False,False,4,False
113.729537868,2218,113,729537868,map,22.500083923339844,0.13805687427520752,0.03864288330078125,-3.1089784897631034e-05,0.0,0.0,0.0,0.0006568333560236785,-0.0005827225723217544,0.7053663183082273,0.7088424267780836,0,0,0,,0.6490674018859863,0.006435751914978027,0.0,False,False,4,False
113.779537869,2219,113,779537869,map,22.501323699951172,-0.13940244913101196,0.0258636474609375,-2.1743771867477335e-05,0.0,0.0,0.0,0.000631692144864345,-0.0005682404001364844,0.7051434449997055,0.7090641720195917,0,0,0,,0.658585786819458,0.0017812848091125488,0.0,False,False,4,False
113.82953787,2220,113,829537870,map,22.502464294433594,0.06120175123214722,0.0223541259765625,2.7084342946182005e-05,0.0,0.0,0.0,0.0006055978661021432,-0.0005634415084110967,0.7048705770246476,0.7093354533856541,0,0,0,,0.6545470952987671,0.003269016742706299,0.0,False,False,4,False
113.879537871,2221,113,879537871,map,22.50324249267578,0.01284480094909668,0.0154876708984375,-7.781981548760086e-05,0.0,0.0,0.0,0.0005785932050331924,-0.0005668384731130484,0.7045838969829008,0.7096202336718122,0,0,0,,0.6542853116989136,0.0015291571617126465,0.0,False,False,4,False
113.929537871,2222,113,929537871,map,22.504005432128906,0.18896251916885376,0.01377105712890625,-3.0517549021169543e-06,0.0,0.0,0.0,0.0005192333722815838,-0.0006081015217381219,0.7042765097556114,0.7099253189003042,0,0,0,,0.6600260734558105,0.003036975860595703,0.0,False,False,4,False
113.979537872,2223,113,979537872,map,22.505096435546875,0.2244555950164795,0.019989013671875,1.888274709926918e-05,0.0,0.0,0.0,0.00044236576178775284,-0.0006733350074330409,0.7039366208861846,0.710262335132478,0,0,0,,0.6587179899215698,0.0028734803199768066,0.0,False,False,4,False
113.979537872,2224,114,29537873,map,22.506317138671875,0.09435474872589111,0.02361297607421875,-5.283355858409777e-05,0.0,0.0,0.0,0.0004050065302942105,-0.0007041985654479295,0.7036435309016873,0.710552687345771,0,0,0,,0.6578207015991211,0.00019055604934692383,0.0,False,False,4,False
114.079537874,2225,114,79537874,map,22.507431030273438,0.32976120710372925,0.01926422119140625,-1.0299681889591739e-05,0.0,0.0,0.0,0.0003396279313881036,-0.0007654175978710013,0.7033571025156907,0.7108361872678552,0,0,0,,0.6563634872436523,0.002900421619415283,0.0,False,False,4,False
114.129537874,2226,114,129537874,map,22.50823974609375,0.05045056343078613,0.015716552734375,2.7465821403893642e-05,0.0,0.0,0.0,0.0003266120551941662,-0.0007753137186491224,0.7031442316981832,0.711046750673101,0,0,0,,0.6521288156509399,-0.0014317631721496582,0.0,False,False,4,False
114.179537875,2227,114,179537875,map,22.507984161376953,0.23293733596801758,-0.0074005126953125,-4.615783836925402e-05,0.0,0.0,0.0,0.000306869358946481,-0.0007892892346971162,0.7029954086402848,0.7111938823445965,0,0,0,,0.6422741413116455,0.0007268786430358887,0.0,False,False,4,False
114.229537876,2228,114,229537876,map,22.506738662719727,0.023832321166992188,-0.02513885498046875,-1.659393274167087e-05,0.0,0.0,0.0,0.00032059000001630227,-0.0007653807630629654,0.7029344448604277,0.7112541582606753,0,0,0,,0.6506904363632202,-0.0021997690200805664,0.0,False,False,4,False
114.279537877,2229,114,279537877,map,22.505149841308594,0.12244105339050293,-0.0330352783203125,3.643035961431451e-05,0.0,0.0,0.0,0.0003320351438817445,-0.0007420912856233726,0.7029440826406683,0.7112446525167386,0,0,0,,0.6467225551605225,-0.0007421970367431641,0.0,False,False,4,False
114.279537877,2230,114,329537877,map,22.502357482910156,0.21842986345291138,-0.05817413330078125,1.4114377336227335e-05,0.0,0.0,0.0,0.0003083582871211474,-0.0007514901700729598,0.7029335125201857,0.7112550999140359,0,0,0,,0.6333132982254028,0.0012333989143371582,0.0,False,False,4,False
114.379537878,2231,114,379537878,map,22.49846076965332,-0.25024235248565674,-0.0753021240234375,1.5449522834387608e-05,0.0,0.0,0.0,0.00037976191532136926,-0.0006629453539114365,0.7030389104724121,0.7111509731738467,0,0,0,,0.6473928689956665,-0.0051836371421813965,0.0,False,False,4,False
114.429537879,2232,114,429537879,map,22.493833541870117,0.29395192861557007,-0.095672607421875,-3.242489583499264e-06,0.0,0.0,0.0,0.00036853641404861086,-0.0006556364497131151,0.7031222443259068,0.7110685929330988,0,0,0,,0.6281970739364624,0.002845168113708496,0.0,False,False,4,False
114.47953788,2233,114,479537880,map,22.48853302001953,0.28695404529571533,-0.1092529296875,-4.1961669921875e-05,0.0,0.0,0.0,0.00029523376594954245,-0.000708124682927612,0.7030428906402677,0.711147034948915,0,0,0,,0.6520514488220215,0.003963887691497803,0.0,False,False,4,False
114.47953788,2234,114,529537880,map,22.484811782836914,-0.3188645839691162,-0.07083892822265625,1.1253358024987392e-05,0.0,0.0,0.0,0.0003662639670139647,-0.0006254166253741685,0.703046283292976,0.7111437254540629,0,0,0,,0.6605279445648193,-0.004789471626281738,0.0,False,False,4,False
114.579537881,2235,114,579537881,map,22.4824275970459,0.2021116018295288,-0.04993438720703125,-7.4386593951203395e-06,0.0,0.0,0.0,0.00038770429749162086,-0.0006031363888329368,0.7030650993576871,0.7111251310262066,0,0,0,,0.6513516902923584,0.0021953582763671875,0.0,False,False,4,False
114.629537882,2236,114,629537882,map,22.48000144958496,0.035575032234191895,-0.0489044189453125,2.4986265998450108e-05,0.0,0.0,0.0,0.00039099536315436025,-0.000604232819261154,0.7030365009009191,0.711153401472789,0,0,0,,0.644240140914917,0.00041037797927856445,0.0,False,False,4,False
114.679537883,2237,114,679537883,map,22.47776222229004,-0.3171953558921814,-0.04131317138671875,-7.247922440001275e-06,0.0,0.0,0.0,0.00048570795492938637,-0.000515800976947224,0.7031333912713599,0.7110576151876666,0,0,0,,0.6602127552032471,-0.004937708377838135,0.0,False,False,4,False
114.729537883,2238,114,729537883,map,22.476823806762695,0.07385313510894775,-0.01953125,-5.7220458984375e-05,0.0,0.0,0.0,0.0005224485166796584,-0.0004886835464760076,0.7032631147205003,0.7109293071111636,0,0,0,,0.6589088439941406,0.000536799430847168,0.0,False,False,4,False
114.779537884,2239,114,779537884,map,22.47576904296875,0.23350268602371216,-0.0237274169921875,1.0490416570974048e-05,0.0,0.0,0.0,0.0004708649385403824,-0.0005506093660285039,0.703255874403027,0.7109364600533365,0,0,0,,0.641331672668457,0.0037443041801452637,0.0,False,False,4,False
114.779537884,2240,114,829537885,map,22.47359848022461,-0.1027292013168335,-0.04222869873046875,-8.01086389401462e-06,0.0,0.0,0.0,0.0004729055346579346,-0.0005538683442488646,0.7032145959470971,0.7109772863018716,0,0,0,,0.6435370445251465,-0.0007860660552978516,0.0,False,False,4,False
114.879537886,2241,114,879537886,map,22.471025466918945,-0.0935855507850647,-0.0504302978515625,2.6702878130890895e-06,0.0,0.0,0.0,0.0005102778919195879,-0.0005166525545627034,0.7032253694979355,0.7109666323964176,0,0,0,,0.649081826210022,-0.001178443431854248,0.0,False,False,4,False
114.879537886,2242,114,929537886,map,22.469085693359375,-0.32656043767929077,-0.03536224365234375,-1.659393274167087e-05,0.0,0.0,0.0,0.0006020447328422868,-0.00042475753911420065,0.7033722032028767,0.7108213565198385,0,0,0,,0.66135573387146,-0.004874706268310547,0.0,False,False,4,False
114.929537886,2243,114,979537887,map,22.469234466552734,-0.5700507760047913,0.0084686279296875,-2.8991697035962716e-05,0.0,0.0,0.0,0.0007670265245937682,-0.00026692592036562995,0.7037691396584881,0.7104282782133712,0,0,0,,0.6789419651031494,-0.008788883686065674,0.0,False,False,4,False
115.029537888,2244,115,29537888,map,22.47222328186035,-0.15610873699188232,0.06114959716796875,4.158019874012098e-05,0.0,0.0,0.0,0.0008458058635819617,-0.0002073344394529225,0.7042440324017669,0.7099574525641452,0,0,0,,0.6748979091644287,-0.0023217201232910156,0.0,False,False,4,False
115.079537888,2245,115,79537888,map,22.476337432861328,-0.021332502365112305,0.0824737548828125,2.8610236313397763e-06,0.0,0.0,0.0,0.0008289336687168334,-0.0002508213648412073,0.7045905053677176,0.7096136059175305,0,0,0,,0.6653488874435425,0.001257777214050293,0.0,False,False,4,False
115.129537889,2246,115,129537889,map,22.480878829956055,-0.0847095251083374,0.091552734375,-2.47955313170678e-06,0.0,0.0,0.0,0.0007994687870741786,-0.00030707353996885125,0.7047839740502684,0.7094214660393426,0,0,0,,0.6712157726287842,0.0014685392379760742,0.0,False,False,4,False
115.17953789,2247,115,179537890,map,22.485858917236328,0.10304301977157593,0.098724365234375,1.5640256606275216e-05,0.0,0.0,0.0,0.0007358954002807682,-0.0003947638691583615,0.7047856308868,0.7094198454476321,0,0,0,,0.6660914421081543,0.004576146602630615,0.0,False,False,4,False
115.229537891,2248,115,229537891,map,22.490997314453125,-0.11443585157394409,0.103759765625,-2.6702880859375e-05,0.0,0.0,0.0,0.000712852328906373,-0.0004377771958473231,0.7046830093266333,0.7095217801865169,0,0,0,,0.6695655584335327,0.0013148188591003418,0.0,False,False,4,False
115.229537891,2249,115,279537891,map,22.495851516723633,0.2475595474243164,0.09494781494140625,-1.6975405742414296e-05,0.0,0.0,0.0,0.0006367718471566095,-0.0005282462106775862,0.7044412305589098,0.7097618390461721,0,0,0,,0.6581846475601196,0.005819559097290039,0.0,False,False,4,False
115.329537892,2250,115,329537892,map,22.500133514404297,0.4991835355758667,0.08090972900390625,-2.7084348403150216e-05,0.0,0.0,0.0,0.0004737276223617183,-0.000697391180863987,0.7039492237971322,0.7102498008046857,0,0,0,,0.6685085296630859,0.009180724620819092,0.0,False,False,4,False
115.329537892,2251,115,379537893,map,22.50450897216797,0.10309338569641113,0.08647918701171875,4.00543212890625e-05,0.0,0.0,0.0,0.0003944936851240035,-0.000779908261372549,0.7033966039405974,0.7107970552011809,0,0,0,,0.6587764024734497,0.0023640990257263184,0.0,False,False,4,False
115.429537894,2252,115,429537894,map,22.508459091186523,0.013853907585144043,0.07884979248046875,-1.0681151252356358e-05,0.0,0.0,0.0,0.0004020176351378897,-0.000772672338477456,0.7029853894417001,0.711203756732752,0,0,0,,0.665489912033081,-0.0009970366954803467,0.0,False,False,4,False
115.479537894,2253,115,479537894,map,22.511388778686523,0.531475841999054,0.05283355712890625,1.5068053471622989e-05,0.0,0.0,0.0,0.00031271437898707535,-0.0008572791405104608,0.7025696169356075,0.7116144325694541,0,0,0,,0.6448233127593994,0.005363941192626953,0.0,False,False,4,False
115.529537895,2254,115,529537895,map,22.512920379638672,-0.04169762134552002,0.03108978271484375,-1.5830992197152227e-05,0.0,0.0,0.0,0.00030685274882597007,-0.0008522069282570716,0.7022740622731588,0.7119061181385489,0,0,0,,0.6554235219955444,-0.0033067166805267334,0.0,False,False,4,False
115.529537895,2255,115,579537896,map,22.512510299682617,0.31725525856018066,-0.01190185546875,4.1198727558366954e-05,0.0,0.0,0.0,0.0002809186659477426,-0.0008607286328913085,0.7020873268407528,0.7120902791925541,0,0,0,,0.6245269775390625,0.0009748339653015137,0.0,False,False,4,False
115.629537897,2256,115,629537897,map,22.508577346801758,0.19413411617279053,-0.08106231689453125,4.4059750507585704e-05,0.0,0.0,0.0,0.0002470223775438489,-0.0008637342278619411,0.7019532341462256,0.7122224722758914,0,0,0,,0.6236253976821899,-0.00048553943634033203,0.0,False,False,4,False
115.629537897,2257,115,679537897,map,22.502769470214844,-0.4106009006500244,-0.11119842529296875,5.149840944795869e-06,0.0,0.0,0.0,0.000363274547460842,-0.0007090577947764392,0.7021017659508376,0.7120761725527417,0,0,0,,0.6414649486541748,-0.009436756372451782,0.0,False,False,4,False
115.729537898,2258,115,729537898,map,22.496826171875,0.04303097724914551,-0.1194000244140625,5.187988426769152e-05,0.0,0.0,0.0,0.0004323071402652612,-0.0006029793941164734,0.7024224226494731,0.7117599241918806,0,0,0,,0.6351923942565918,-0.0028229951858520508,0.0,False,False,4,False
115.779537899,2259,115,779537899,map,22.49134063720703,-0.383433997631073,-0.10540008544921875,1.3351473171496764e-06,0.0,0.0,0.0,0.0005391512693856378,-0.0004667521748853079,0.702888486304884,0.7112997028527037,0,0,0,,0.6594865322113037,-0.007557958364486694,0.0,False,False,4,False
115.8295379,2260,115,829537900,map,22.487613677978516,-0.04330754280090332,-0.07404327392578125,-3.643035961431451e-05,0.0,0.0,0.0,0.0005929970647677391,-0.00039790397135644977,0.7033761466635208,0.7108174775085992,0,0,0,,0.6505022048950195,-0.001478344202041626,0.0,False,False,4,False
115.8295379,2261,115,879537900,map,22.484722137451172,-0.13148874044418335,-0.05645751953125,-4.196167537884321e-06,0.0,0.0,0.0,0.0006198006888832944,-0.00036763167270035917,0.7037749590792477,0.7104226120184114,0,0,0,,0.6560217142105103,-0.000925898551940918,0.0,False,False,4,False
115.929537901,2262,115,929537901,map,22.48291778564453,-0.2540940046310425,-0.0334930419921875,-2.212524486822076e-05,0.0,0.0,0.0,0.0006738608612876759,-0.0003193583420750101,0.7041180564226235,0.7100825350206946,0,0,0,,0.658466100692749,-0.0016697049140930176,0.0,False,False,4,False
115.979537902,2263,115,979537902,map,22.482223510742188,0.1352149248123169,-0.0152587890625,-6.1035143517074175e-06,0.0,0.0,0.0,0.0006456878491157606,-0.0003595712248582159,0.7042721894539428,0.7099296704304489,0,0,0,,0.6615265607833862,0.004697144031524658,0.0,False,False,4,False
116.029537903,2264,116,29537903,map,22.48186492919922,0.4183754324913025,-0.01163482666015625,2.365112231927924e-05,0.0,0.0,0.0,0.000508431319801624,-0.0005107630219108618,0.704069010818276,0.7101311911359076,0,0,0,,0.650519609451294,0.009746909141540527,0.0,False,False,4,False
116.079537903,2265,116,79537903,map,22.481908798217773,-0.26126712560653687,0.00370025634765625,-4.348754737293348e-05,0.0,0.0,0.0,0.0005094604249704483,-0.0005240915727724586,0.7037884823249596,0.7104092045608847,0,0,0,,0.6640316247940063,-0.0005585849285125732,0.0,False,False,4,False
116.079537903,2266,116,129537904,map,22.482866287231445,0.1408696174621582,0.01766204833984375,-2.6702878130890895e-06,0.0,0.0,0.0,0.0005049594542500719,-0.0005438073249400858,0.7035054730639093,0.7106894530374488,0,0,0,,0.6596418619155884,0.003410637378692627,0.0,False,False,4,False
116.129537904,2267,116,179537905,map,22.484458923339844,-0.35604327917099,0.03559112548828125,-5.855560448253527e-05,0.0,0.0,0.0,0.0005845439414641477,-0.00048048012929923336,0.7033689021621801,0.7108246020773307,0,0,0,,0.6672728061676025,-0.004824817180633545,0.0,False,False,4,False
116.229537906,2268,116,229537906,map,22.487110137939453,-0.04165232181549072,0.05344390869140625,1.5640260244254023e-05,0.0,0.0,0.0,0.0006368651501931961,-0.00044564320325629576,0.7033789582717866,0.7108146290457251,0,0,0,,0.6655381917953491,-0.0015159249305725098,0.0,False,False,4,False
116.279537906,2269,116,279537906,map,22.49013900756836,-0.12299835681915283,0.06175994873046875,-2.9563900170614943e-05,0.0,0.0,0.0,0.0006674896195420254,-0.00043232903496854766,0.7034751726473262,0.7107193883791464,0,0,0,,0.6623415946960449,-0.002625972032546997,0.0,False,False,4,False
116.329537907,2270,116,329537907,map,22.49302864074707,0.003719925880432129,0.0577545166015625,-2.880096508306451e-05,0.0,0.0,0.0,0.0006646264666322004,-0.00044929795001535575,0.703598654038187,0.710597136525798,0,0,0,,0.6579015254974365,-0.0005692243576049805,0.0,False,False,4,False
116.379537908,2271,116,379537908,map,22.495433807373047,0.26028841733932495,0.04550933837890625,2.0599363779183477e-05,0.0,0.0,0.0,0.000583798748851769,-0.0005381367994462499,0.7036010519287594,0.7105947715206953,0,0,0,,0.6577330827713013,0.003839731216430664,0.0,False,False,4,False
116.429537909,2272,116,429537909,map,22.498109817504883,-0.22060871124267578,0.05573272705078125,4.806518700206652e-05,0.0,0.0,0.0,0.0005922205538802941,-0.0005349972575558852,0.7036150581883939,0.7105808982398085,0,0,0,,0.6692427396774292,-0.002759695053100586,0.0,False,False,4,False
116.479537909,2273,116,479537909,map,22.501344680786133,0.2250450849533081,0.06244659423828125,0.0,0.0,0.0,0.0,0.0005560188615530056,-0.0005767150618345607,0.7035827592986481,0.7106128756647067,0,0,0,,0.6612788438796997,0.003323793411254883,0.0,False,False,4,False
116.52953791,2274,116,529537910,map,22.504167556762695,0.0831344723701477,0.0556182861328125,-1.1634827387752011e-05,0.0,0.0,0.0,0.0005132054344928351,-0.0006233659097864111,0.7034681210128874,0.7107263543402075,0,0,0,,0.6552616357803345,0.0016571879386901855,0.0,False,False,4,False
116.579537911,2275,116,579537911,map,22.506134033203125,0.07212817668914795,0.03856658935546875,5.722040441469289e-07,0.0,0.0,0.0,0.0004897995125370992,-0.000646503859597295,0.7033309552971325,0.7108620889103738,0,0,0,,0.6528308391571045,0.001178145408630371,0.0,False,False,4,False
116.629537912,2276,116,629537912,map,22.507368087768555,-0.09747415781021118,0.0257110595703125,2.937316821771674e-05,0.0,0.0,0.0,0.0005139977889153441,-0.0006176888013222034,0.7032578549366806,0.7109344159180063,0,0,0,,0.6540803909301758,-0.001744776964187622,0.0,False,False,4,False
116.679537912,2277,116,679537912,map,22.50801658630371,-0.06365209817886353,0.01361846923828125,6.103515261202119e-06,0.0,0.0,0.0,0.0005483379607058257,-0.0005755035964074588,0.7032745044446669,0.7109179555470516,0,0,0,,0.6510775089263916,-0.0017416775226593018,0.0,False,False,4,False
116.729537913,2278,116,729537913,map,22.507919311523438,-0.0010383129119873047,-0.00194549560546875,4.38690176451928e-06,0.0,0.0,0.0,0.0005592025063001787,-0.0005539393971486703,0.7033332111933503,0.710859883856271,0,0,0,,0.6486146450042725,-0.0007973909378051758,0.0,False,False,4,False
116.779537914,2279,116,779537914,map,22.507795333862305,0.23498892784118652,-0.00492095947265625,-4.081725637661293e-05,0.0,0.0,0.0,0.0005012465251051636,-0.0005997916197241608,0.7033116387744491,0.7108812332354348,0,0,0,,0.663310170173645,0.003056049346923828,0.0,False,False,4,False
116.829537915,2280,116,829537915,map,22.50887107849121,-0.17425090074539185,0.023345947265625,4.577636354952119e-05,0.0,0.0,0.0,0.0005173310736890557,-0.0005781771001559315,0.7033156798451303,0.710877241557066,0,0,0,,0.6663229465484619,-0.002567857503890991,0.0,False,False,4,False
116.879537915,2281,116,879537915,map,22.510679244995117,0.06925731897354126,0.03543853759765625,3.776549783651717e-05,0.0,0.0,0.0,0.0005259739792713631,-0.0005709691173733165,0.703341574507564,0.7108516208850205,0,0,0,,0.6595406532287598,0.0006066560745239258,0.0,False,False,4,False
116.929537916,2282,116,929537916,map,22.51228141784668,-0.13835102319717407,0.0334930419921875,-4.6920773456804454e-05,0.0,0.0,0.0,0.0005604707115059559,-0.0005406916420054645,0.7034059613632033,0.710787905808644,0,0,0,,0.6548562049865723,-0.0021765530109405518,0.0,False,False,4,False
116.979537917,2283,116,979537917,map,22.513507843017578,-0.07003933191299438,0.02521514892578125,3.585815284168348e-05,0.0,0.0,0.0,0.0005942555134811041,-0.0005095917300578364,0.7035161926611909,0.7106787979390939,0,0,0,,0.6561895608901978,-0.0012472569942474365,0.0,False,False,4,False
117.029537918,2284,117,29537918,map,22.513017654418945,0.39503902196884155,-0.0139617919921875,-5.149840944795869e-06,0.0,0.0,0.0,0.0005049936823393607,-0.000595012304360965,0.7034634133075234,0.7107310441225058,0,0,0,,0.6278769969940186,0.006058633327484131,0.0,False,False,4,False
117.079537918,2285,117,79537918,map,22.509708404541016,0.08827865123748779,-0.067138671875,-1.6403197150793858e-05,0.0,0.0,0.0,0.0004325046267325525,-0.0006507715743293013,0.7032804023211554,0.7109121360246282,0,0,0,,0.6313581466674805,0.0022149085998535156,0.0,False,False,4,False
117.129537919,2286,117,129537919,map,22.505046844482422,-0.07651537656784058,-0.0923919677734375,-1.1253356205997989e-05,0.0,0.0,0.0,0.0004367589962309841,-0.0006212064604946431,0.7031366677572862,0.7110543226781569,0,0,0,,0.6414808034896851,-0.0009012222290039062,0.0,False,False,4,False
117.17953792,2287,117,179537920,map,22.5001220703125,-0.24435877799987793,-0.0959014892578125,3.604888843256049e-05,0.0,0.0,0.0,0.0005080665336377964,-0.0005243718773716347,0.7031509486630526,0.7110402311380001,0,0,0,,0.6427149772644043,-0.004205852746963501,0.0,False,False,4,False
117.229537921,2288,117,229537921,map,22.495059967041016,0.5564698576927185,-0.10738372802734375,-1.869201696536038e-05,0.0,0.0,0.0,0.00040683588624298,-0.0006020681221015601,0.703040148646568,0.7111497882932607,0,0,0,,0.6440057754516602,0.007405519485473633,0.0,False,False,4,False
117.279537921,2289,117,279537921,map,22.489835739135742,-0.607684850692749,-0.097808837890625,1.1444091796875e-05,0.0,0.0,0.0,0.0004922942805083846,-0.0004998157106176304,0.7030767327311362,0.7111136447310703,0,0,0,,0.6395653486251831,-0.009090721607208252,0.0,False,False,4,False
117.329537922,2290,117,329537922,map,22.485191345214844,0.045216381549835205,-0.09334564208984375,8.583067028666846e-06,0.0,0.0,0.0,0.0005465536650100448,-0.0004339862936631172,0.7032553877164006,0.7109369680800425,0,0,0,,0.6537121534347534,-0.0007021427154541016,0.0,False,False,4,False
117.379537923,2291,117,379537923,map,22.480018615722656,0.8876052498817444,-0.11363983154296875,-9.5367431640625e-06,0.0,0.0,0.0,0.00033381878046796927,-0.0006368840489055417,0.7030707509380476,0.7111195413706053,0,0,0,,0.6289610862731934,0.013157069683074951,0.0,False,False,4,False
117.429537924,2292,117,429537924,map,22.473981857299805,-0.19640684127807617,-0.1183319091796875,-7.4386593951203395e-06,0.0,0.0,0.0,0.0002844561267199251,-0.0006767347009480199,0.7027887625224774,0.7113982122461242,0,0,0,,0.6359490156173706,-0.0017744898796081543,0.0,False,False,4,False
117.479537924,2293,117,479537924,map,22.467464447021484,0.42055726051330566,-0.13561248779296875,4.57763690064894e-06,0.0,0.0,0.0,0.00022525635009561289,-0.0007248598241145147,0.7024692669242885,0.7117136733719992,0,0,0,,0.6378109455108643,0.005640625953674316,0.0,False,False,4,False
117.529537925,2294,117,529537925,map,22.460716247558594,-0.2572190761566162,-0.13172149658203125,-2.0980837689421605e-06,0.0,0.0,0.0,0.0002822599469638746,-0.0006585283659646489,0.7022712822733831,0.7119090761914838,0,0,0,,0.6352881193161011,-0.0046509504318237305,0.0,False,False,4,False
117.579537926,2295,117,579537926,map,22.453243255615234,0.12232303619384766,-0.1509857177734375,-8.392333256779239e-06,0.0,0.0,0.0,0.0003199031685863676,-0.0006110705042139224,0.7022059126051652,0.7119735813618004,0,0,0,,0.6268240213394165,-0.0003294050693511963,0.0,False,False,4,False
117.629537926,2296,117,629537926,map,22.444204330444336,0.18034398555755615,-0.18310546875,-1.029968279908644e-05,0.0,0.0,0.0,0.0002979442449615958,-0.0006184689963935956,0.7021437112494386,0.7120349271476731,0,0,0,,0.6183382272720337,0.0008552670478820801,0.0,False,False,4,False
117.629537926,2297,117,679537927,map,22.434518814086914,-0.6330609321594238,-0.1859283447265625,4.57763690064894e-06,0.0,0.0,0.0,0.00044914966907281194,-0.00045111386855045866,0.7023633923815918,0.7118182772330832,0,0,0,,0.6444425582885742,-0.011092901229858398,0.0,False,False,4,False
117.729537928,2298,117,729537928,map,22.4256534576416,0.2881842851638794,-0.1807403564453125,2.4414061044808477e-05,0.0,0.0,0.0,0.00046257853154282994,-0.00042495176521964586,0.7026324036423321,0.7115527463153372,0,0,0,,0.625286340713501,0.0021866559982299805,0.0,False,False,4,False
117.779537929,2299,117,779537929,map,22.416168212890625,-0.16595780849456787,-0.18772125244140625,2.47955322265625e-05,0.0,0.0,0.0,0.0004720561767859281,-0.00040484766584209767,0.7028608662738686,0.7113270808299655,0,0,0,,0.6297597885131836,-0.002580106258392334,0.0,False,False,4,False
117.829537929,2300,117,829537929,map,22.407012939453125,-0.5555886030197144,-0.176849365234375,-3.967285010730848e-05,0.0,0.0,0.0,0.000606870538758769,-0.00026322872900656487,0.7032658848534209,0.7109266190122017,0,0,0,,0.6429164409637451,-0.008077472448348999,0.0,False,False,4,False
117.87953793,2301,117,879537930,map,22.399436950683594,-0.1713845133781433,-0.14972686767578125,-2.9182432626839727e-05,0.0,0.0,0.0,0.0006885985743133238,-0.00018196516212102653,0.7037305681890422,0.7104665932448977,0,0,0,,0.6453360319137573,-0.0021113157272338867,0.0,False,False,4,False
117.929537931,2302,117,929537931,map,22.392526626586914,-0.10447263717651367,-0.13713836669921875,4.291534423828125e-05,0.0,0.0,0.0,0.0006977032852161579,-0.0001793959189711386,0.7040892660386256,0.7101111085431767,0,0,0,,0.6348241567611694,0.00032252073287963867,0.0,False,False,4,False
117.979537932,2303,117,979537932,map,22.385879516601562,-0.08609920740127563,-0.13210296630859375,-3.6621091567212716e-05,0.0,0.0,0.0,0.0006798950824927478,-0.00020572376357712576,0.7043022640944779,0.7098998635102012,0,0,0,,0.6451547145843506,0.001593470573425293,0.0,False,False,4,False
118.029537932,2304,118,29537932,map,22.38066291809082,-0.3248417377471924,-0.1012420654296875,-2.231597864010837e-05,0.0,0.0,0.0,0.0007159764081271177,-0.0001820581765807702,0.7044709847813975,0.709732404384731,0,0,0,,0.6563123464584351,-0.0016172826290130615,0.0,False,False,4,False
118.079537933,2305,118,79537933,map,22.374818801879883,0.8365613222122192,-0.12531280517578125,1.0871885933738668e-05,0.0,0.0,0.0,0.0005075406074351825,-0.0004023387554551494,0.7042288684597549,0.709972732824262,0,0,0,,0.6165270805358887,0.015610337257385254,0.0,False,False,4,False
118.129537934,2306,118,129537934,map,22.36372947692871,0.595473051071167,-0.22876739501953125,2.2888181774760596e-05,0.0,0.0,0.0,0.00023763217215999266,-0.0006651821011055677,0.7035012511642751,0.7106936686604312,0,0,0,,0.5623651742935181,0.012916386127471924,0.0,False,False,4,False
118.129537934,2307,118,179537935,map,22.33867073059082,0.7845085859298706,-0.511627197265625,-8.296966552734375e-05,0.0,0.0,0.0,-4.205427612618775e-05,-0.0008866452071716001,0.7024317873655049,0.7117505154126808,0,0,0,,0.4180835485458374,0.014118671417236328,0.0,False,False,4,False
118.229537935,2308,118,229537935,map,22.289716720581055,0.4537999629974365,-0.9858322143554688,-1.7738339010975324e-05,0.0,0.0,0.0,-0.0002581830351199061,-0.0009466908087688294,0.7012791261489615,0.7128861229858398,0,0,0,,0.3340871334075928,0.006814718246459961,0.0,False,False,4,False
118.229537935,2309,118,279537936,map,22.20330810546875,0.44357478618621826,-1.735382080078125,5.874633643543348e-05,0.0,0.0,0.0,-0.00046599363385406743,-0.0008586888474476428,0.7002538758882461,0.7138932376811572,0,0,0,,0.0,0.003623068332672119,0.038370728492736816,False,False,4,False
118.329537937,2310,118,329537937,map,22.053813934326172,-0.6932574510574341,-2.9794692993164062,0.00024833681527525187,0.0,0.0,0.0,-0.0004996367613438929,-0.0003687049749826627,0.6998486625136456,0.7142908819224906,0,0,0,,0.0,-0.016580164432525635,0.14649873971939087,False,False,4,False
118.379537938,2311,118,379537938,map,21.842945098876953,-0.11921048164367676,-4.2160797119140625,0.0001512527378508821,0.0,0.0,0.0,-0.0006866780848252615,0.00021888280217883838,0.7000136394315818,0.7141291095966318,0,0,0,,0.0,-0.009885966777801514,0.32608747482299805,False,False,4,False
118.429537938,2312,118,429537938,map,21.58884048461914,-0.2527505159378052,-5.0789642333984375,-9.689330909168348e-05,0.0,0.0,0.0,-0.0010274809739299533,0.0008289038793417863,0.700509364285359,0.7136419884996461,0,0,0,,0.0,-0.01055803894996643,0.3536735773086548,False,False,4,False
118.479537939,2313,118,479537939,map,21.322738647460938,-0.47820568084716797,-5.315971374511719,-0.00018997190636582673,0.0,0.0,0.0,-0.001335482403651315,0.0014499996869753492,0.7012934492056997,0.7128699825976895,0,0,0,,0.0,-0.012366294860839844,0.32202374935150146,False,False,4,False
118.52953794,2314,118,529537940,map,21.051288604736328,-0.6122696399688721,-5.4216766357421875,-0.00016422272892668843,0.0,0.0,0.0,-0.0015477444022087834,0.0020262725825121743,0.7023122828432111,0.7118644225372164,0,0,0,,0.0,-0.012439697980880737,0.30280089378356934,False,False,4,False
118.579537941,2315,118,579537941,map,20.775501251220703,-0.6525018811225891,-5.50872802734375,-0.00013332365779206157,0.0,0.0,0.0,-0.0016850444927823654,0.002513546458414646,0.7034600861963597,0.7107283235089685,0,0,0,,0.0,-0.01058506965637207,0.2988277077674866,False,False,4,False
118.629537941,2316,118,629537941,map,20.50167465209961,-0.7213270664215088,-5.4697418212890625,2.1362302504712716e-05,0.0,0.0,0.0,-0.001755276332717856,0.0029074890242317725,0.704639074249598,0.7095577781641459,0,0,0,,0.0,-0.009028136730194092,0.2678747773170471,False,False,4,False
118.679537942,2317,118,679537942,map,20.229690551757812,-0.6039619445800781,-5.434837341308594,0.00010509491403354332,0.0,0.0,0.0,-0.0018060418250552181,0.0031767487480637594,0.705719629071401,0.7084817934313078,0,0,0,,0.0,-0.0046422481536865234,0.25822269916534424,False,False,4,False
118.729537943,2318,118,729537943,map,19.95155143737793,-0.8753889799118042,-5.5571746826171875,5.493163189385086e-05,0.0,0.0,0.0,-0.0017870397213196841,0.0034249637690605635,0.7067216699842614,0.707481135640288,0,0,0,,0.0,-0.007070213556289673,0.2987369894981384,False,False,4,False
118.729537943,2319,118,779537944,map,19.67256736755371,0.4680982232093811,-5.5826568603515625,0.0001756668061716482,0.0,0.0,0.0,-0.002049874335864244,0.003336784759840301,0.7071751227130548,0.7070275876501918,0,0,0,,0.0,0.016500890254974365,0.2967491149902344,False,False,4,False
118.829537944,2320,118,829537944,map,19.40104103088379,1.1426160335540771,-5.440216064453125,0.00028514862060546875,0.0,0.0,0.0,-0.0025775020941077365,0.0029161732019586718,0.7066042089387372,0.7075982930497164,0,0,0,,0.0,0.031120777130126953,0.25573480129241943,False,False,4,False
118.829537944,2321,118,879537945,map,19.134557723999023,0.47528594732284546,-5.334930419921875,-7.534028554800898e-05,0.0,0.0,0.0,-0.002942190815332211,0.002589871965307384,0.7053408538847137,0.7088574722168007,0,0,0,,0.0,0.020447075366973877,0.25142496824264526,False,False,4,False
118.929537946,2322,118,929537946,map,18.877452850341797,0.4096856713294983,-5.1473236083984375,-0.00013999939255882055,0.0,0.0,0.0,-0.0031132903812471032,0.002398972552702845,0.70383940697075,0.7103482537099367,0,0,0,,0.0,0.015106379985809326,0.2113223671913147,False,False,4,False
118.929537946,2323,118,979537947,map,18.631805419921875,-0.7420116662979126,-4.9047088623046875,0.000102424637589138,0.0,0.0,0.0,-0.0029088202738075677,0.002519286120699131,0.7027844595489435,0.7113924341589218,0,0,0,,0.0,-0.009019821882247925,0.1683751940727234,False,False,4,False
118.979537947,2324,119,29537947,map,18.41172981262207,0.18438637256622314,-4.403800964355469,3.719327651197091e-05,0.0,0.0,0.0,-0.0027436230906600937,0.002514305186373378,0.7021652138380127,0.7120043281312157,0,0,0,,0.0,8.344650268554688e-06,0.0374186635017395,False,False,4,False
119.029537947,2325,119,79537948,map,18.209379196166992,0.16584157943725586,-4.049186706542969,0.00011234285921091214,0.0,0.0,0.0,-0.002639436790037297,0.002355710353058195,0.7017684431527103,0.7123963336494548,0,0,0,,0.03560209274291992,-0.001273423433303833,0.0,False,False,4,False
119.129537949,2326,119,129537949,map,18.016145706176758,0.24716436862945557,-3.8679885864257812,3.1471245165448636e-05,0.0,0.0,0.0,-0.002556151985464033,0.002144152170710925,0.7015229491156848,0.7126390534923891,0,0,0,,0.08232879638671875,-0.0003167092800140381,0.0,False,False,4,False
119.129537949,2327,119,179537950,map,17.833702087402344,-0.06998449563980103,-3.6482620239257812,-7.667542377021164e-05,0.0,0.0,0.0,-0.0023998700220286633,0.0020031119355111756,0.7014821662249553,0.7126801517053742,0,0,0,,0.15709328651428223,-0.005175292491912842,0.0,False,False,4,False
119.22953795,2328,119,229537950,map,17.665742874145508,-0.0831526517868042,-3.3584213256835938,-7.934570021461695e-05,0.0,0.0,0.0,-0.0021956515991239933,0.0019024611065227223,0.7016534659987355,0.712512437370573,0,0,0,,0.2280728816986084,-0.0054350197315216064,0.0,False,False,4,False
119.22953795,2329,119,279537951,map,17.51504898071289,-0.24129271507263184,-3.01116943359375,-5.741119821323082e-05,0.0,0.0,0.0,-0.0019416405504250143,0.0018304646803789931,0.702015790168046,0.7121563801481814,0,0,0,,0.3131237030029297,-0.007255643606185913,0.0,False,False,4,False
119.329537952,2330,119,329537952,map,17.384483337402344,-0.2423161268234253,-2.6086807250976562,-8.907318260753527e-05,0.0,0.0,0.0,-0.0016651408531418589,0.0017474461710625653,0.702512531570943,0.7116672795089033,0,0,0,,0.3924217224121094,-0.006430268287658691,0.0,False,False,4,False
119.379537953,2331,119,379537953,map,17.276275634765625,-0.2929157018661499,-2.161102294921875,-1.8310529412701726e-05,0.0,0.0,0.0,-0.0013712650599708815,0.0016395767078425075,0.7030774932673783,0.711110026564957,0,0,0,,0.4868096113204956,-0.005964100360870361,0.0,False,False,4,False
119.429537953,2332,119,429537953,map,17.1864070892334,-0.404016375541687,-1.7934417724609375,-6.694794137729332e-05,0.0,0.0,0.0,-0.001047481803887194,0.0015275157544910605,0.7036937129806417,0.7105010399633548,0,0,0,,0.4142172336578369,-0.006491363048553467,0.0,False,False,4,False
119.479537954,2333,119,479537954,map,17.107585906982422,0.7764032483100891,-1.5846633911132812,-3.5095217754133046e-05,0.0,0.0,0.0,-0.0010151817457372404,0.0011389916436611745,0.7038807026494656,0.7103165692434279,0,0,0,,0.4671163558959961,0.013000667095184326,0.0,False,False,4,False
119.529537955,2334,119,529537955,map,17.03772735595703,0.03101557493209839,-1.3976287841796875,-9.765624417923391e-05,0.0,0.0,0.0,-0.0009468699759420712,0.0008201319130144492,0.7037076056858101,0.7104885900004575,0,0,0,,0.417177677154541,0.004689276218414307,0.0,False,False,4,False
119.579537956,2335,119,579537956,map,16.96683692932129,-0.33793121576309204,-1.4140701293945312,-0.00012474060349632055,0.0,0.0,0.0,-0.0007299510820453376,0.0007179548311272585,0.7035756300334758,0.710619648289629,0,0,0,,0.32080841064453125,-0.002094745635986328,0.0,False,False,4,False
119.579537956,2336,119,629537956,map,16.88854217529297,-0.03560006618499756,-1.5655899047851562,-0.00011730193364201114,0.0,0.0,0.0,-0.0005788373646565382,0.0006568639398029834,0.7034974288355367,0.7106972640293888,0,0,0,,0.2880815267562866,0.0007717609405517578,0.0,False,False,4,False
119.679537957,2337,119,679537957,map,16.801298141479492,-0.2794113755226135,-1.742095947265625,-6.84738188283518e-05,0.0,0.0,0.0,-0.00046204801989704165,0.000671666132938801,0.7035150632035321,0.7106798795674205,0,0,0,,0.23574602603912354,-0.003333747386932373,0.0,False,False,4,False
119.729537958,2338,119,729537958,map,16.70102310180664,-0.20470350980758667,-2.0035934448242188,4.9591108108870685e-06,0.0,0.0,0.0,-0.00040481587326041287,0.0007313988346335855,0.7036446860620805,0.7105515160468306,0,0,0,,0.13242602348327637,-0.0030117928981781006,0.0,False,False,4,False
119.779537959,2339,119,779537959,map,16.590946197509766,0.9360334277153015,-2.2118759155273438,-3.4332333598285913e-06,0.0,0.0,0.0,-0.0006805050769489332,0.0005509588480282335,0.7034116806421754,0.7107821332119557,0,0,0,,0.28637397289276123,0.015204906463623047,0.0,False,False,4,False
119.829537959,2340,119,829537959,map,16.484827041625977,-0.34093767404556274,-2.1184921264648438,3.204346285201609e-05,0.0,0.0,0.0,-0.0007724694366218802,0.000564190147941421,0.7031110116985121,0.7110794542164337,0,0,0,,0.2871253490447998,-0.0025115609169006348,0.0,False,False,4,False
119.87953796,2341,119,879537960,map,16.384883880615234,0.730745792388916,-2.008209228515625,6.141663470771164e-05,0.0,0.0,0.0,-0.0009464301033186644,0.0004607180372244929,0.7026658793495721,0.7115191873778545,0,0,0,,0.3665196895599365,0.011786699295043945,0.0,False,False,4,False
119.929537961,2342,119,929537961,map,16.298664093017578,-0.538591742515564,-1.7175674438476562,9.536742436466739e-05,0.0,0.0,0.0,-0.0008653139008764641,0.0005379413348138682,0.7023845680797083,0.7117969375983961,0,0,0,,0.5051639080047607,-0.0070909857749938965,0.0,False,False,4,False
119.979537962,2343,119,979537962,map,16.2337589263916,-0.04986971616744995,-1.297607421875,0.00010967254638671875,0.0,0.0,0.0,-0.000710005357089981,0.0005819216082767512,0.7023646272391171,0.7118167514626857,0,0,0,,0.5657318830490112,-0.002629309892654419,0.0,False,False,4,False
120.029537962,2344,120,29537962,map,16.189971923828125,-0.24797499179840088,-0.8728790283203125,0.00010719298734329641,0.0,0.0,0.0,-0.0005066879237280545,0.0005651726080718594,0.7025287384599375,0.7116549694094463,0,0,0,,0.6199938058853149,-0.00561109185218811,0.0,False,False,4,False
120.079537963,2345,120,79537963,map,16.165985107421875,-0.11814773082733154,-0.47847747802734375,-2.1171566913835704e-05,0.0,0.0,0.0,-0.00029438572499804536,0.00047279992022637593,0.7028088205271837,0.7113785571595963,0,0,0,,0.6590033769607544,-0.0037459135055541992,0.0,False,False,4,False
120.129537964,2346,120,129537964,map,16.15777587890625,-0.3332051634788513,-0.16071319580078125,-6.980895705055445e-05,0.0,0.0,0.0,-3.5297687236405314e-05,0.00037746407985441967,0.703200129621404,0.710991866321537,0,0,0,,0.6536896228790283,-0.006269693374633789,0.0,False,False,4,False
120.179537964,2347,120,179537964,map,16.15941619873047,-0.13491898775100708,0.03414154052734375,-1.697540210443549e-05,0.0,0.0,0.0,0.00018532505034472618,0.00024046470086519216,0.7036166353512899,0.7105797198684208,0,0,0,,0.6366446018218994,-0.002993643283843994,0.0,False,False,4,False
120.229537965,2348,120,229537965,map,16.166345596313477,-0.044108033180236816,0.139007568359375,-0.00013294219388626516,0.0,0.0,0.0,0.00033487830045089993,6.704862873309193e-05,0.7039398205854444,0.7102595387287227,0,0,0,,0.6269820928573608,-0.0005199015140533447,0.0,False,False,4,False
120.279537966,2349,120,279537966,map,16.175621032714844,-0.09861141443252563,0.18642425537109375,-7.305145118152723e-05,0.0,0.0,0.0,0.0004526534621852445,-8.255194066074804e-05,0.7041632696563349,0.7100379412094259,0,0,0,,0.612373948097229,-0.0003941357135772705,0.0,False,False,4,False
120.329537967,2350,120,329537967,map,16.18376922607422,-0.6215399503707886,0.167999267578125,-6.446838960982859e-05,0.0,0.0,0.0,0.0006665741926014531,-7.048629905053664e-05,0.704512207769142,0.7096915525880074,0,0,0,,0.5787866115570068,-0.00808185338973999,0.0,False,False,4,False
120.379537967,2351,120,379537967,map,16.185840606689453,1.1923787593841553,0.03070831298828125,5.912779670325108e-05,0.0,0.0,0.0,0.0004638188057562542,-0.000394898752980832,0.70438947539636,0.7098134232866629,0,0,0,,0.5238796472549438,0.018780410289764404,0.0,False,False,4,False
120.429537968,2352,120,429537968,map,16.17962646484375,0.061772167682647705,-0.124969482421875,8.39234417071566e-06,0.0,0.0,0.0,0.00030857827999222754,-0.0005913405458969636,0.7039132849381079,0.710285606206015,0,0,0,,0.47655344009399414,0.005278289318084717,0.0,False,False,4,False
120.479537969,2353,120,479537969,map,16.160856246948242,0.18939286470413208,-0.37754058837890625,4.005432856502011e-06,0.0,0.0,0.0,0.00022570597643655033,-0.0006335711358314856,0.7034009604241868,0.7107929631888315,0,0,0,,0.40540361404418945,0.005127072334289551,0.0,False,False,4,False
120.52953797,2354,120,529537970,map,16.129413604736328,0.5657312273979187,-0.635986328125,5.93185359321069e-05,0.0,0.0,0.0,4.226271671975093e-05,-0.0006976245145123931,0.702757479420391,0.7114291508313375,0,0,0,,0.4056128263473511,0.009691774845123291,0.0,False,False,4,False
120.52953797,2355,120,579537970,map,16.094881057739258,-0.985930860042572,-0.6789779663085938,0.00014839171490166336,0.0,0.0,0.0,0.0001867914667959808,-0.00040223363405877076,0.7025628659370875,0.7116215445890585,0,0,0,,0.6155180931091309,-0.014584243297576904,0.0,False,False,4,False
120.629537971,2356,120,629537971,map,16.072235107421875,0.6172937154769897,-0.45993804931640625,8.659363084007055e-05,0.0,0.0,0.0,0.00013754522861609322,-0.00034898399723153246,0.7025003508211337,0.7116832978141779,0,0,0,,0.5814813375473022,0.005734920501708984,0.0,False,False,4,False
120.679537972,2357,120,679537972,map,16.05992317199707,-0.9411558508872986,-0.23609161376953125,6.866457624710165e-06,0.0,0.0,0.0,0.0003186870723582141,-0.00014708304901717986,0.7027658136731305,0.711421174788514,0,0,0,,0.6557092666625977,-0.015578299760818481,0.0,False,False,4,False
120.679537972,2358,120,729537973,map,16.059865951538086,0.4824483394622803,-0.0060272216796875,-1.0490416570974048e-05,0.0,0.0,0.0,0.00033563501978184005,-0.0001905189007634374,0.7030650926488324,0.7111253943928388,0,0,0,,0.6515390872955322,0.0037060976028442383,0.0,False,False,4,False
120.779537973,2359,120,779537973,map,16.0677547454834,-0.10545521974563599,0.1589202880859375,-6.561279587913305e-05,0.0,0.0,0.0,0.00036357520797819726,-0.0002796297818085015,0.703254091246291,0.710938445131227,0,0,0,,0.649016261100769,-0.0019228756427764893,0.0,False,False,4,False
120.779537973,2360,120,829537974,map,16.083932876586914,-0.6395828723907471,0.32970428466796875,-2.0027162463520654e-05,0.0,0.0,0.0,0.0005814087338477466,-0.00021108082300792677,0.7036511348840127,0.7105453523774619,0,0,0,,0.7219200134277344,-0.009981036186218262,0.0,False,False,4,False
120.879537975,2361,120,879537975,map,16.108854293823242,-0.402277410030365,0.5015945434570312,-9.078979201149195e-05,0.0,0.0,0.0,0.0008094235149163499,-0.00015679457340618487,0.704230667920282,0.7099707646161133,0,0,0,,0.6810969114303589,-0.007307827472686768,0.0,False,False,4,False
120.879537975,2362,120,929537976,map,16.136796951293945,-0.4822012782096863,0.5620193481445312,-4.8828133003553376e-05,0.0,0.0,0.0,0.0010069948181147762,-0.00012857246776448885,0.7048983702383862,0.7093075898831365,0,0,0,,0.6724315881729126,-0.007714420557022095,0.0,False,False,4,False
120.979537976,2363,120,979537976,map,16.164005279541016,0.14060497283935547,0.5433273315429688,1.6212470654863864e-05,0.0,0.0,0.0,0.001021562563348775,-0.0002540825618354913,0.7053728373644407,0.7088357018099604,0,0,0,,0.6225788593292236,0.0025099515914916992,0.0,False,False,4,False
120.979537976,2364,121,29537977,map,16.185232162475586,-0.5124317407608032,0.4273223876953125,-1.2397758837323636e-05,0.0,0.0,0.0,0.0010858059392963165,-0.0002766468585144297,0.7057691919858259,0.7084409588213066,0,0,0,,0.5770226716995239,-0.005215734243392944,0.0,False,False,4,False
121.079537978,2365,121,79537978,map,16.195890426635742,0.982927680015564,0.2071380615234375,5.855559720657766e-05,0.0,0.0,0.0,0.0008279661242953173,-0.0005482747854904318,0.7056759661442759,0.7085340109502151,0,0,0,,0.5140347480773926,0.01703709363937378,0.0,False,False,4,False
121.129537979,2366,121,129537979,map,16.19818115234375,0.5122036933898926,0.04150390625,7.247924077091739e-05,0.0,0.0,0.0,0.000514802110535343,-0.0008059997648249036,0.7050531811140004,0.7091537894872979,0,0,0,,0.5499639511108398,0.012869775295257568,0.0,False,False,4,False
121.179537979,2367,121,179537979,map,16.196632385253906,0.4750680923461914,-0.03570556640625,1.7166144061775412e-06,0.0,0.0,0.0,0.00028139178340898447,-0.0009493349200546837,0.7041856128168266,0.7100152408812533,0,0,0,,0.551110029220581,0.011236488819122314,0.0,False,False,4,False
121.22953798,2368,121,229537980,map,16.191905975341797,-0.6840640306472778,-0.08792877197265625,5.9318539570085704e-05,0.0,0.0,0.0,0.000377417572230713,-0.0007557761862092574,0.7036706317926587,0.7105258111503432,0,0,0,,0.5436291694641113,-0.00833091139793396,0.0,False,False,4,False
121.279537981,2369,121,279537981,map,16.188474655151367,0.09041547775268555,-0.069427490234375,2.8800966902053915e-05,0.0,0.0,0.0,0.0004356494357638874,-0.0006104822580499043,0.7034823746060761,0.7107123089827404,0,0,0,,0.6224310398101807,-0.000993281602859497,0.0,False,False,4,False
121.329537982,2370,121,329537982,map,16.185466766357422,-0.5474580526351929,-0.0557708740234375,4.062651714775711e-05,0.0,0.0,0.0,0.0005671577592010866,-0.0004214880772051151,0.7036418638296411,0.7105544512183608,0,0,0,,0.5185251235961914,-0.010614007711410522,0.0,False,False,4,False
121.379537982,2371,121,379537982,map,16.174625396728516,1.088779091835022,-0.22647857666015625,-5.34057107870467e-06,0.0,0.0,0.0,0.00034327011195073423,-0.0005795052678743736,0.7035681359610527,0.710627486380568,0,0,0,,0.4838402271270752,0.01340329647064209,0.0,False,False,4,False
121.429537983,2372,121,429537983,map,16.15346908569336,0.4770544171333313,-0.42850494384765625,-2.1553041733568534e-05,0.0,0.0,0.0,7.660270390745755e-05,-0.0007505161947111486,0.7031324212027814,0.7110585272050266,0,0,0,,0.40580272674560547,0.008088886737823486,0.0,False,False,4,False
121.479537984,2373,121,479537984,map,16.121644973754883,-0.5186423659324646,-0.6307220458984375,-3.4332242648815736e-06,0.0,0.0,0.0,0.00010828387064214888,-0.0005846752644043287,0.7029188462017634,0.7112698096248852,0,0,0,,0.4295508861541748,-0.007353395223617554,0.0,False,False,4,False
121.529537985,2374,121,529537985,map,16.083086013793945,-1.7181613445281982,-0.7578277587890625,8.850097219692543e-05,0.0,0.0,0.0,0.0005413900580070862,1.657950643965038e-06,0.7035949146475589,0.7106010856846131,0,0,0,,0.44100964069366455,-0.029358208179473877,0.0,False,False,4,False
121.579537985,2375,121,579537985,map,16.039936065673828,0.3386057913303375,-0.8649063110351562,-7.286071922862902e-05,0.0,0.0,0.0,0.0005785148853797617,0.000195949808487008,0.7044506601018451,0.7097526994709318,0,0,0,,0.37064361572265625,-0.000562518835067749,0.0,False,False,4,False
121.629537986,2376,121,629537986,map,15.988580703735352,-1.0705530643463135,-1.0222816467285156,-2.2125241230241954e-05,0.0,0.0,0.0,0.0006689381150511536,0.00044931622142895943,0.7054293674122016,0.7087797670850603,0,0,0,,0.37387585639953613,-0.017205864191055298,0.0,False,False,4,False
121.629537986,2377,121,679537987,map,15.934329986572266,-1.3681607246398926,-1.0840225219726562,-0.00016536712064407766,0.0,0.0,0.0,0.000921442439703195,0.0008598316355100419,0.7068416276597725,0.707370712597484,0,0,0,,0.42743706703186035,-0.022570043802261353,0.0,False,False,4,False
121.729537988,2378,121,729537988,map,15.881803512573242,-1.6955246925354004,-1.0574531555175781,-0.0003025055048055947,0.0,0.0,0.0,0.0012601351985191548,0.0013278512367056242,0.7087235567956797,0.7054839253400859,0,0,0,,0.44475603103637695,-0.027663350105285645,0.0,False,False,4,False
121.779537988,2379,121,779537988,map,15.83435344696045,-1.95357346534729,-0.9683036804199219,-0.0004154204798396677,0.0,0.0,0.0,0.0016438770051629633,0.0017983552668412422,0.711051718866853,0.7031354895631565,0,0,0,,0.510725736618042,-0.03109908103942871,0.0,False,False,4,False
121.829537989,2380,121,829537989,map,15.793442726135254,-2.053104877471924,-0.8516120910644531,-0.00027141577447764575,0.0,0.0,0.0,0.0020195948846015877,0.002208513476742561,0.713713439189502,0.7004314173600568,0,0,0,,0.4892923831939697,-0.03131312131881714,0.0,False,False,4,False
121.829537989,2381,121,879537990,map,15.757267951965332,-2.32424259185791,-0.7776069641113281,-0.0002889633469749242,0.0,0.0,0.0,0.002400167855747191,0.0025873502623266166,0.7166381903357526,0.6974361970568936,0,0,0,,0.5277050733566284,-0.033595502376556396,0.0,False,False,4,False
121.87953799,2382,121,929537991,map,15.730618476867676,-2.0147716999053955,-0.5939483642578125,6.237038178369403e-05,0.0,0.0,0.0,0.0026721654028300135,0.002816731751028544,0.7195937904931186,0.6943844052382286,0,0,0,,0.5924080610275269,-0.026581883430480957,0.0,False,False,4,False
121.979537991,2383,121,979537991,map,15.717164993286133,-2.3857367038726807,-0.35797119140625,4.119865479879081e-05,0.0,0.0,0.0,0.002951527991885491,0.0030042469759322594,0.7225331984875583,0.6913233975976506,0,0,0,,0.6894118785858154,-0.029266536235809326,0.0,False,False,4,False
122.029537992,2384,122,29537992,map,15.722028732299805,-1.6973531246185303,0.023193359375,0.0004505157994572073,0.0,0.0,0.0,0.003084055081650942,0.0029680069103759556,0.725198382331163,0.6885266776265809,0,0,0,,0.7125096321105957,-0.01661151647567749,0.0,False,False,4,False
122.079537993,2385,122,79537993,map,15.740676879882812,-2.715182304382324,0.235748291015625,7.534028554800898e-05,0.0,0.0,0.0,0.0033680600181921756,0.003038995937006382,0.7278114368991496,0.6857623006510375,0,0,0,,0.7708669900894165,-0.029605329036712646,0.0,False,False,4,False
122.129537994,2386,122,129537994,map,15.775718688964844,-1.6132676601409912,0.6092071533203125,0.00028953549917787313,0.0,0.0,0.0,0.0034906875654752718,0.0028934866834317806,0.7301741974646602,0.683245990981266,0,0,0,,0.756371021270752,-0.013021320104598999,0.0,False,False,4,False
122.129537994,2387,122,179537994,map,15.819223403930664,-1.9957530498504639,0.7458686828613281,0.00041751860408112407,0.0,0.0,0.0,0.003577835299910872,0.0026999112651911084,0.7322323760457076,0.6810401288060669,0,0,0,,0.7637397050857544,-0.016398578882217407,0.0,False,False,4,False
122.229537995,2388,122,229537995,map,15.87059211730957,-1.869063377380371,0.9007453918457031,0.00019149780564475805,0.0,0.0,0.0,0.003655478424247606,0.002510940461985823,0.7340966300769114,0.6790305371374755,0,0,0,,0.7790182828903198,-0.014710098505020142,0.0,False,False,4,False
122.279537996,2389,122,279537996,map,15.926932334899902,-1.8163514137268066,0.9943199157714844,6.294249033089727e-06,0.0,0.0,0.0,0.0037047581265736073,0.002320184408053135,0.7358019087279402,0.6771827246939014,0,0,0,,0.7506375312805176,-0.01425209641456604,0.0,False,False,4,False
122.279537996,2390,122,329537997,map,15.983041763305664,-1.1000585556030273,1.0387611389160156,0.00041351316031068563,0.0,0.0,0.0,0.0035753902483834353,0.00198204471121408,0.7371572989086226,0.6757088165394013,0,0,0,,0.6923151016235352,-0.0038528144359588623,0.0,False,False,4,False
122.379537997,2391,122,379537997,map,16.029672622680664,-0.048203468322753906,0.9317588806152344,0.0008691787952557206,0.0,0.0,0.0,0.003131023850844285,0.0013759516665743134,0.7377590171389925,0.6750555059228571,0,0,0,,0.5876247882843018,0.012766897678375244,0.0,False,False,4,False
122.379537997,2392,122,429537998,map,16.062057495117188,-1.780552864074707,0.501708984375,-0.00020866398699581623,0.0,0.0,0.0,0.0029843492691031433,0.0012039027787806413,0.7382571050616699,0.6745117427469309,0,0,0,,0.5913527011871338,-0.013049900531768799,0.0,False,False,4,False
122.479537999,2393,122,479537999,map,16.086044311523438,-1.4990997314453125,0.349273681640625,-0.0006914138793945312,0.0,0.0,0.0,0.002977563431924007,0.001271596491869711,0.7390766654972021,0.673613538815772,0,0,0,,0.5926995277404785,-0.014621824026107788,0.0,False,False,4,False
122.529538,2394,122,529538000,map,16.10187530517578,-2.110896110534668,0.11997222900390625,-0.0007289886707440019,0.0,0.0,0.0,0.0030982833107391864,0.0015362103153443263,0.7404162308185638,0.6721397517174718,0,0,0,,0.5770063400268555,-0.027253329753875732,0.0,False,False,4,False
122.579538,2395,122,579538000,map,16.110448837280273,-0.7534360885620117,0.0982666015625,8.106230961857364e-05,0.0,0.0,0.0,0.0029512088903035734,0.0015343105311458995,0.7418351672631422,0.6705740234075174,0,0,0,,0.5008671283721924,-0.008706837892532349,0.0,False,False,4,False
122.579538,2396,122,629538001,map,16.10279655456543,-0.39113759994506836,-0.1929473876953125,0.0006692886236123741,0.0,0.0,0.0,0.0025666429249063894,0.001308362020820057,0.7428788690675856,0.6694196639073158,0,0,0,,0.39043641090393066,-0.0007919073104858398,0.0,False,False,4,False
122.679538002,2397,122,679538002,map,16.079870223999023,-2.683258056640625,-0.7428550720214844,-0.00041904448880814016,0.0,0.0,0.0,0.002646135656169996,0.0016587732199457635,0.7443479526467974,0.6677846747477926,0,0,0,,0.6294873952865601,-0.03694760799407959,0.0,False,False,4,False
122.679538002,2398,122,729538002,map,16.0678768157959,-2.8081178665161133,-0.5610084533691406,-0.0011507034068927169,0.0,0.0,0.0,0.003020976137727748,0.0023072986860230675,0.7467272612065919,0.6651194986217521,0,0,0,,0.6717605590820312,-0.04303160309791565,0.0,False,False,4,False
122.779538003,2399,122,779538003,map,16.06354522705078,-0.5367946624755859,-0.15123367309570312,0.0003244399558752775,0.0,0.0,0.0,0.002908927418020295,0.0023072297916459346,0.7489780726742985,0.662584380652803,0,0,0,,0.3954157829284668,-0.007335543632507324,0.0,False,False,4,False
122.779538003,2400,122,829538004,map,16.04505729675293,-1.25349760055542,-0.5256080627441406,0.0009172439458779991,0.0,0.0,0.0,0.002687709692155779,0.0021716846252929824,0.7507960529709338,0.6605250539122388,0,0,0,,0.4767550230026245,-0.011938333511352539,0.0,False,False,4,False
122.829538004,2401,122,879538005,map,16.02256965637207,-3.2894134521484375,-0.8796119689941406,-0.0006504058837890625,0.0,0.0,0.0,0.0029685392671402735,0.00262559658565678,0.7530811086445549,0.6579157528284885,0,0,0,,0.7847073078155518,-0.04455384612083435,0.0,False,False,4,False
122.879538005,2402,122,929538005,map,16.02512550354004,-1.4783096313476562,-0.15130996704101562,-0.0004318237188272178,0.0,0.0,0.0,0.0030849618842533704,0.002802421864091397,0.7555087223558146,0.6551253314337286,0,0,0,,0.7354931831359863,-0.01769047975540161,0.0,False,False,4,False
122.979538006,2403,122,979538006,map,16.041425704956055,-2.261514663696289,0.00553131103515625,0.00024089807993732393,0.0,0.0,0.0,0.0032074178939481015,0.002870048544729989,0.7578647003022005,0.6523975561938137,0,0,0,,0.7154371738433838,-0.025332719087600708,0.0,False,False,4,False
123.029538007,2404,123,29538007,map,16.06682586669922,-1.9215154647827148,0.225982666015625,0.00017299654427915812,0.0,0.0,0.0,0.0033109050544111755,0.002844676229476751,0.7601262170134264,0.6497607867005574,0,0,0,,0.6947433948516846,-0.019063591957092285,0.0,False,False,4,False
123.029538007,2405,123,79538008,map,16.09348487854004,-1.1689376831054688,0.3589630126953125,0.0006689071888104081,0.0,0.0,0.0,0.0032130952832687817,0.0025658479487390405,0.7619446372438107,0.6476291085323469,0,0,0,,0.6063566207885742,-0.005634397268295288,0.0,False,False,4,False
123.129538008,2406,123,129538008,map,16.113651275634766,-1.4298534393310547,0.18190383911132812,0.0005144119495525956,0.0,0.0,0.0,0.0030868408579041804,0.002298344434882785,0.7633479031498691,0.6459761356142152,0,0,0,,0.5888864994049072,-0.007598251104354858,0.0,False,False,4,False
123.179538009,2407,123,179538009,map,16.13191032409668,-1.4728879928588867,0.13010025024414062,1.3351382222026587e-06,0.0,0.0,0.0,0.0029990973073826003,0.002132212554588516,0.7645378271353428,0.6445683594190237,0,0,0,,0.6675372123718262,-0.008984774351119995,0.0,False,False,4,False
123.22953801,2408,123,229538010,map,16.15007972717285,-0.8646821975708008,0.22443771362304688,0.00016975398466456681,0.0,0.0,0.0,0.0028090657720825562,0.001870483699296148,0.7654287821834487,0.6435117635641027,0,0,0,,0.5762931108474731,-0.0009131729602813721,0.0,False,False,4,False
123.279538011,2409,123,279538011,map,16.162111282348633,-2.2596311569213867,-0.14303207397460938,-0.0005113601218909025,0.0,0.0,0.0,0.0028793197989772272,0.001962903188615692,0.7665206323186647,0.6422102278525015,0,0,0,,0.6198585033416748,-0.02366897463798523,0.0,False,False,4,False
123.329538011,2410,123,329538011,map,16.175426483154297,-1.432809829711914,0.016613006591796875,-0.0004489898565225303,0.0,0.0,0.0,0.002913728073666806,0.0020317948903160734,0.7678453504677869,0.6406253973760626,0,0,0,,0.6126326322555542,-0.014989465475082397,0.0,False,False,4,False
123.379538012,2411,123,379538012,map,16.185283660888672,-1.7939567565917969,-0.1265716552734375,-0.00011768339027184993,0.0,0.0,0.0,0.0029464453336476458,0.0021122201157490455,0.7693442763155763,0.6388241084105551,0,0,0,,0.569543719291687,-0.02093672752380371,0.0,False,False,4,False
123.379538012,2412,123,429538013,map,16.189037322998047,-1.449122428894043,-0.19527435302734375,-8.16345345810987e-05,0.0,0.0,0.0,0.0029159622372937543,0.0021414649199455313,0.7709358091055425,0.6369025745991376,0,0,0,,0.5258315801620483,-0.016635030508041382,0.0,False,False,4,False
123.479538014,2413,123,479538014,map,16.18154525756836,-1.5211248397827148,-0.4451179504394531,0.0001430511474609375,0.0,0.0,0.0,0.0028542648452908356,0.0021764003858322617,0.7725552522537232,0.6349373974406761,0,0,0,,0.4458887577056885,-0.01769930124282837,0.0,False,False,4,False
123.529538014,2414,123,529538014,map,16.158912658691406,-1.023406982421875,-0.6626129150390625,0.00035514828050509095,0.0,0.0,0.0,0.0026762370556568196,0.0021324232358394864,0.774046713973448,0.6331192424127324,0,0,0,,0.37483716011047363,-0.010416954755783081,0.0,False,False,4,False
123.579538015,2415,123,579538015,map,16.123001098632812,-1.718902587890625,-1.0791015625,-9.403229341842234e-05,0.0,0.0,0.0,0.0025955382446321844,0.002270758875982013,0.7755912567261141,0.6312260366345442,0,0,0,,0.4233635663986206,-0.021152406930923462,0.0,False,False,4,False
123.629538016,2416,123,629538016,map,16.084457397460938,-1.1701345443725586,-1.0291481018066406,-5.092620267532766e-05,0.0,0.0,0.0,0.0024725981861852316,0.00236648190254953,0.7771452244418303,0.6293119942833378,0,0,0,,0.46956539154052734,-0.013866603374481201,0.0,False,False,4,False
123.679538017,2417,123,679538017,map,16.048538208007812,-0.7058620452880859,-0.8826255798339844,0.00035839079646393657,0.0,0.0,0.0,0.002225496649364841,0.002262644272405727,0.7784322412374038,0.6277206173192599,0,0,0,,0.5073971748352051,-0.005296379327774048,0.0,False,False,4,False
123.729538017,2418,123,729538017,map,16.014917373657227,-2.3668575286865234,-1.1991500854492188,-0.0004371643008198589,0.0,0.0,0.0,0.0023215858797320413,0.0025250123514157204,0.7799726866396077,0.6258041567837502,0,0,0,,0.530461311340332,-0.030788272619247437,0.0,False,False,4,False
123.779538018,2419,123,779538018,map,15.989622116088867,-1.7446136474609375,-0.9079742431640625,-0.0005559921264648438,0.0,0.0,0.0,0.0024701340070236604,0.002782987650459165,0.7818421971989964,0.6234652613392109,0,0,0,,0.5805535316467285,-0.0238988995552063,0.0,False,False,4,False
123.829538019,2420,123,829538019,map,15.971796989440918,-1.7137336730957031,-0.7590103149414062,-6.75201226840727e-05,0.0,0.0,0.0,0.002562363958558259,0.0028986284632548875,0.7838078667675752,0.6209913527878139,0,0,0,,0.5691661834716797,-0.022228509187698364,0.0,False,False,4,False
123.87953802,2421,123,879538020,map,15.960132598876953,-2.854132652282715,-0.9174346923828125,-0.00043315888615325093,0.0,0.0,0.0,0.0028679379218964135,0.003241438460668822,0.7861669164155188,0.6179990675903132,0,0,0,,0.6864000558853149,-0.039867907762527466,0.0,False,False,4,False
123.92953802,2422,123,929538020,map,15.96524715423584,-2.3720836639404297,-0.4791259765625,-0.0004961012746207416,0.0,0.0,0.0,0.003156233712126485,0.0034961527056589586,0.7888272069823871,0.6145969839084628,0,0,0,,0.7099123001098633,-0.03208822011947632,0.0,False,False,4,False
123.979538021,2423,123,979538021,map,15.98159122467041,-1.8825387954711914,-0.14001846313476562,0.0005348204867914319,0.0,0.0,0.0,0.0032652607165662676,0.0034573598100798575,0.791359679513528,0.6113323501793789,0,0,0,,0.6648099422454834,-0.02096375823020935,0.0,False,False,4,False
124.029538022,2424,124,29538022,map,16.00248146057129,-1.2321853637695312,0.11297225952148438,0.0011213301913812757,0.0,0.0,0.0,0.0031539835615101773,0.003112306255888664,0.79337647827367,0.6087151465665465,0,0,0,,0.6545445919036865,-0.006764233112335205,0.0,False,False,4,False
124.079538023,2425,124,79538023,map,16.02516746520996,-1.7493724822998047,0.008525848388671875,0.0006229400751180947,0.0,0.0,0.0,0.0030830913708121107,0.0028360558629520953,0.7949872057987387,0.606611732454175,0,0,0,,0.6680397987365723,-0.01153331995010376,0.0,False,False,4,False
124.129538023,2426,124,129538023,map,16.05117416381836,-1.8159961700439453,0.050048828125,-3.547669621184468e-05,0.0,0.0,0.0,0.0030882130367178313,0.002684680399897186,0.7964209984752889,0.6047287396998873,0,0,0,,0.6862409114837646,-0.0130234956741333,0.0,False,False,4,False
124.179538024,2427,124,179538024,map,16.08160400390625,-1.7809391021728516,0.14181137084960938,-0.0002235412539448589,0.0,0.0,0.0,0.0031094601065834496,0.002573860253891852,0.7977654324222881,0.6029544106591463,0,0,0,,0.7041255235671997,-0.013386666774749756,0.0,False,False,4,False
124.229538025,2428,124,229538025,map,16.113000869750977,-0.5846500396728516,0.4891204833984375,0.0003475189150776714,0.0,0.0,0.0,0.0028850099422692487,0.002153226095594846,0.7986806314753042,0.6017443720062726,0,0,0,,0.6173593997955322,0.0046141743659973145,0.0,False,False,4,False
124.279538026,2429,124,279538026,map,16.138107299804688,-2.1355342864990234,-0.08150100708007812,-0.0001750946103129536,0.0,0.0,0.0,0.002880459824189361,0.0020794224108912508,0.7995980685851978,0.6005250266795379,0,0,0,,0.6415492296218872,-0.01932641863822937,0.0,False,False,4,False
124.329538026,2430,124,329538026,map,16.163984298706055,-1.8506908416748047,0.00392913818359375,-0.0005578994168899953,0.0,0.0,0.0,0.0029701110692515026,0.002172975952041697,0.8008051127643541,0.5989137066274394,0,0,0,,0.6751095056533813,-0.019383132457733154,0.0,False,False,4,False
124.379538027,2431,124,379538027,map,16.18973731994629,-1.8703842163085938,-0.014667510986328125,-0.00044879913912154734,0.0,0.0,0.0,0.003045750399167153,0.002267527005318344,0.8022429560844687,0.596985612170544,0,0,0,,0.6297928094863892,-0.021346747875213623,0.0,False,False,4,False
124.379538027,2432,124,429538028,map,16.212316513061523,-1.6391277313232422,-0.021228790283203125,-4.3296786316204816e-05,0.0,0.0,0.0,0.0030525864601746652,0.0022938754742608237,0.8037941618737163,0.5948952556450099,0,0,0,,0.614205002784729,-0.018442153930664062,0.0,False,False,4,False
124.479538029,2433,124,479538029,map,16.23176383972168,-1.19415283203125,0.0421905517578125,0.0004455566231627017,0.0,0.0,0.0,0.0029306802090528355,0.0021687517581709123,0.8052280852477861,0.5929539934577622,0,0,0,,0.6088104248046875,-0.010769039392471313,0.0,False,False,4,False
124.529538029,2434,124,529538029,map,16.244470596313477,-0.9912395477294922,-0.040035247802734375,0.0004322052118368447,0.0,0.0,0.0,0.0027277573370567106,0.001958691238447707,0.8064076924232269,0.5913504514830348,0,0,0,,0.5292459726333618,-0.006442606449127197,0.0,False,False,4,False
124.57953803,2435,124,579538030,map,16.246461868286133,-1.460123062133789,-0.4151153564453125,-7.629387255292386e-06,0.0,0.0,0.0,0.002618010485242484,0.0019249081350904682,0.8075280537718603,0.5898202125403997,0,0,0,,0.5197570323944092,-0.014188498258590698,0.0,False,False,4,False
124.57953803,2436,124,629538031,map,16.241443634033203,-1.4176273345947266,-0.5561447143554688,-0.00022602081298828125,0.0,0.0,0.0,0.0025636781198639194,0.002007174182748774,0.8087292816733397,0.5881720392626821,0,0,0,,0.5290007591247559,-0.01566004753112793,0.0,False,False,4,False
124.679538032,2437,124,679538032,map,16.228431701660156,-0.7009220123291016,-0.49907684326171875,0.0001758575381245464,0.0,0.0,0.0,0.0023764990636776246,0.001927757801174857,0.8097959196528861,0.586703676923536,0,0,0,,0.43690013885498047,-0.005529999732971191,0.0,False,False,4,False
124.729538032,2438,124,729538032,map,16.205787658691406,-2.2159576416015625,-1.2025642395019531,-0.00046825408935546875,0.0,0.0,0.0,0.0024412466921502865,0.002231452285993824,0.811150273693509,0.5848284316124078,0,0,0,,0.5430068969726562,-0.030663013458251953,0.0,False,False,4,False
124.779538033,2439,124,779538033,map,16.187715530395508,-2.2814559936523438,-1.1483192443847656,-0.0008193969260901213,0.0,0.0,0.0,0.0026616518982746696,0.002730326072950605,0.8130619803572275,0.5821646476953845,0,0,0,,0.5992207527160645,-0.03521859645843506,0.0,False,False,4,False
124.829538034,2440,124,829538034,map,16.170671463012695,-0.8912467956542969,-0.6654548645019531,0.0002191543171647936,0.0,0.0,0.0,0.0026020467860745976,0.002778232891554242,0.8149429560768194,0.5795286784235085,0,0,0,,0.35904645919799805,-0.012477904558181763,0.0,False,False,4,False
124.879538035,2441,124,879538035,map,16.1385440826416,-1.134958267211914,-1.0734939575195312,0.0006061553722247481,0.0,0.0,0.0,0.002437602327497586,0.0026997773343171347,0.816571110046169,0.5772333943347399,0,0,0,,0.4154939651489258,-0.013651937246322632,0.0,False,False,4,False
124.879538035,2442,124,929538035,map,16.100561141967773,-2.903308868408203,-1.8367195129394531,-0.0005876540672034025,0.0,0.0,0.0,0.0026423968884244932,0.0031824767166019506,0.8186087415711542,0.57433667635275,0,0,0,,0.7493205070495605,-0.04389995336532593,0.0,False,False,4,False
124.929538035,2443,124,979538036,map,16.086227416992188,-2.7378273010253906,-1.3077163696289062,-0.0011209486983716488,0.0,0.0,0.0,0.002976708432385281,0.00376704557535327,0.8212075042369863,0.5706094842879867,0,0,0,,0.7632780075073242,-0.04206278920173645,0.0,False,False,4,False
125.029538037,2444,125,29538037,map,16.08888816833496,0.46401023864746094,0.22867202758789062,0.0018112180987372994,0.0,0.0,0.0,0.002646213264016262,0.0032242392465235475,0.8230625520958592,0.5679354163759234,0,0,0,,0.4085944890975952,0.014359772205352783,0.0,False,False,4,False
125.029538037,2445,125,79538038,map,16.076051712036133,-3.134298324584961,-1.4519882202148438,0.0003267287975177169,0.0,0.0,0.0,0.002738161496529143,0.003295589707470621,0.8248049627173232,0.5654011098653537,0,0,0,,0.7528188228607178,-0.038015782833099365,0.0,False,False,4,False
125.129538038,2446,125,129538038,map,16.081523895263672,-2.275848388671875,-0.7615089416503906,-0.0009508132934570312,0.0,0.0,0.0,0.0029759707704748966,0.003562794884820326,0.8268542694588077,0.5623970725104491,0,0,0,,0.7823858261108398,-0.027314335107803345,0.0,False,False,4,False
125.129538038,2447,125,179538039,map,16.099470138549805,0.23467063903808594,0.47664642333984375,0.0013641356490552425,0.0,0.0,0.0,0.0026620260671809323,0.002927357765908422,0.8281507982499053,0.5604913911486712,0,0,0,,0.5007839202880859,0.016362130641937256,0.0,False,False,4,False
125.22953804,2448,125,229538040,map,16.10737419128418,-2.6790332794189453,-0.8858489990234375,0.0001430511474609375,0.0,0.0,0.0,0.002696293891592442,0.002841336011991453,0.8292989746337818,0.5587914346876437,0,0,0,,0.7828350067138672,-0.026895463466644287,0.0,False,False,4,False
125.27953804,2449,125,279538040,map,16.131710052490234,-1.7245769500732422,-0.16893386840820312,-0.0007083892705850303,0.0,0.0,0.0,0.002809009401049708,0.0028655428363004018,0.8306107768778893,0.5568389672649959,0,0,0,,0.7598686218261719,-0.015195369720458984,0.0,False,False,4,False
125.329538041,2450,125,329538041,map,16.1643009185791,-0.8719158172607422,0.34923553466796875,0.0003118514723610133,0.0,0.0,0.0,0.0026953004056855688,0.0025094716540188153,0.8316203175605809,0.5553324097584973,0,0,0,,0.6620221138000488,-0.000329822301864624,0.0,False,False,4,False
125.379538042,2451,125,379538042,map,16.196014404296875,-1.5158462524414062,0.063934326171875,0.00020236970158293843,0.0,0.0,0.0,0.0026268686930569288,0.002235672550844291,0.8324462097377981,0.5540951265101405,0,0,0,,0.6789330244064331,-0.009475022554397583,0.0,False,False,4,False
125.429538043,2452,125,429538043,map,16.230560302734375,-1.8471527099609375,-0.019550323486328125,-0.0004297256236895919,0.0,0.0,0.0,0.002690218808857994,0.0021904954746918832,0.833394584044341,0.5526675598747368,0,0,0,,0.7300174236297607,-0.016928523778915405,0.0,False,False,4,False
125.479538043,2453,125,479538043,map,16.269906997680664,-1.549997329711914,0.20101547241210938,-0.00032253266545012593,0.0,0.0,0.0,0.0027364736842613235,0.002131348272413907,0.8344435130149775,0.5510825642801087,0,0,0,,0.7025632858276367,-0.01368415355682373,0.0,False,False,4,False
125.529538044,2454,125,529538044,map,16.306058883666992,-1.0102558135986328,0.3562164306640625,0.00016231538029387593,0.0,0.0,0.0,0.00264572329487733,0.0018930486790683359,0.8353648210840199,0.5496863034588083,0,0,0,,0.5988311767578125,-0.005334079265594482,0.0,False,False,4,False
125.579538045,2455,125,579538045,map,16.32953643798828,-1.7551326751708984,-0.2429962158203125,-9.803771536098793e-05,0.0,0.0,0.0,0.002647368393571288,0.0018816923693848087,0.8363618537787314,0.5481681313413063,0,0,0,,0.5524011850357056,-0.01860770583152771,0.0,False,False,4,False
125.629538046,2456,125,629538046,map,16.338851928710938,-1.8136787414550781,-0.5878257751464844,-0.000446319580078125,0.0,0.0,0.0,0.0027204052228737108,0.0020896500239093512,0.8376478155468448,0.5461999357998861,0,0,0,,0.4897334575653076,-0.023831605911254883,0.0,False,False,4,False
125.629538046,2457,125,679538046,map,16.33250617980957,-1.4270496368408203,-0.7703590393066406,-0.00010242460120934993,0.0,0.0,0.0,0.0027098063495730497,0.0022777801585348078,0.8391145812659522,0.5439431846929998,0,0,0,,0.42969560623168945,-0.020462244749069214,0.0,False,False,4,False
125.729538047,2458,125,729538047,map,16.311790466308594,-1.461782455444336,-1.1102485656738281,3.948211087845266e-05,0.0,0.0,0.0,0.0026481863611055667,0.0024771336406184943,0.8406938453856966,0.541498577328264,0,0,0,,0.440102219581604,-0.02226841449737549,0.0,False,False,4,False
125.729538047,2459,125,779538048,map,16.28074073791504,-1.1838340759277344,-1.2209510803222656,0.0002235412539448589,0.0,0.0,0.0,0.0025241641194658645,0.002622842792255187,0.8422901901286607,0.5390120452310965,0,0,0,,0.40366601943969727,-0.01833099126815796,0.0,False,False,4,False
125.829538049,2460,125,829538049,map,16.2383975982666,-1.5476703643798828,-1.6477012634277344,-1.3732897059526294e-05,0.0,0.0,0.0,0.0024540766293388015,0.0028740992533432762,0.8439730110479723,0.5363723274778431,0,0,0,,0.37698495388031006,-0.025094807147979736,0.0,False,False,4,False
125.879538049,2461,125,879538049,map,16.18891143798828,-1.1081886291503906,-1.6129112243652344,2.6130674086743966e-05,0.0,0.0,0.0,0.0023395964786953466,0.003052122970092865,0.8456629111020965,0.5337035240843178,0,0,0,,0.3935955762863159,-0.018688082695007324,0.0,False,False,4,False
125.92953805,2462,125,929538050,map,16.134510040283203,-0.9942817687988281,-1.6771316528320312,0.00022068023099564016,0.0,0.0,0.0,0.0021832852096905827,0.0031312784052092415,0.8472401594348967,0.5311963296202006,0,0,0,,0.3749814033508301,-0.01598718762397766,0.0,False,False,4,False
125.979538051,2463,125,979538051,map,16.074750900268555,-0.9481430053710938,-1.7829322814941406,0.0001644134463276714,0.0,0.0,0.0,0.00203007885367343,0.003178296411085453,0.8486958991191619,0.5288677037124581,0,0,0,,0.35281991958618164,-0.015063762664794922,0.0,False,False,4,False
126.029538052,2464,126,29538052,map,16.01169204711914,-1.7051029205322266,-2.2385025024414062,-0.00036716461181640625,0.0,0.0,0.0,0.0020480531685723572,0.003467909995979205,0.8503021958408682,0.5262793505607799,0,0,0,,0.42029857635498047,-0.029099881649017334,0.0,False,False,4,False
126.079538052,2465,126,79538052,map,15.953093528747559,-0.6456279754638672,-1.6293525695800781,0.00012817383685614914,0.0,0.0,0.0,0.0019457739472814152,0.0034948956945802475,0.8518400369374318,0.5237867420413241,0,0,0,,0.41886746883392334,-0.011713802814483643,0.0,False,False,4,False
126.129538053,2466,126,129538053,map,15.895853042602539,-0.8044815063476562,-1.6851043701171875,0.0004455566522665322,0.0,0.0,0.0,0.0018028243692133259,0.0033857107894859216,0.8531628069052144,0.5216306276479169,0,0,0,,0.40723538398742676,-0.011958599090576172,0.0,False,False,4,False
126.129538053,2467,126,179538054,map,15.839775085449219,-0.7325649261474609,-1.6299819946289062,0.00020217892597429454,0.0,0.0,0.0,0.0016789587238272901,0.0032568172907726694,0.8543179619538356,0.5197378128650859,0,0,0,,0.4221339225769043,-0.010391086339950562,0.0,False,False,4,False
126.229538055,2468,126,229538055,map,15.788211822509766,-1.7391777038574219,-2.0569992065429688,-0.00047969812294468284,0.0,0.0,0.0,0.0017735163409444937,0.003446896091509925,0.8556534182580363,0.5175347344579501,0,0,0,,0.5504908561706543,-0.02833092212677002,0.0,False,False,4,False
126.279538055,2469,126,279538055,map,15.752983093261719,-1.2493228912353516,-1.4503860473632812,-0.0004013061407022178,0.0,0.0,0.0,0.0018732696900245012,0.003554851180976861,0.85714379821322,0.5150615138780651,0,0,0,,0.603341817855835,-0.020207107067108154,0.0,False,False,4,False
126.329538056,2470,126,329538056,map,15.727505683898926,-0.2247333526611328,-0.6952667236328125,0.000770950282458216,0.0,0.0,0.0,0.0017388213931215488,0.003173610625035175,0.8582977856976917,0.513139177769738,0,0,0,,0.490334153175354,-2.7477741241455078e-05,0.0,False,False,4,False
126.379538057,2471,126,379538057,map,15.704498291015625,-1.5376091003417969,-1.3426971435546875,4.863737558480352e-05,0.0,0.0,0.0,0.0017686650380159554,0.003046955448715482,0.859371698477137,0.5113392921955024,0,0,0,,0.6074750423431396,-0.019524365663528442,0.0,False,False,4,False
126.429538058,2472,126,429538058,map,15.695676803588867,-2.101278305053711,-1.3421440124511719,-0.0007389067905023694,0.0,0.0,0.0,0.002023266241814675,0.003268837900052274,0.8607764313618731,0.5089687183947718,0,0,0,,0.7608091831207275,-0.03077220916748047,0.0,False,False,4,False
126.479538058,2473,126,479538058,map,15.706928253173828,-1.0240554809570312,-0.3068351745605469,-4.253386578056961e-05,0.0,0.0,0.0,0.0021176311988085174,0.0031309715065907734,0.862156448065864,0.5066280407892797,0,0,0,,0.6773459911346436,-0.010528624057769775,0.0,False,False,4,False
126.529538059,2474,126,529538059,map,15.72353744506836,-1.6258621215820312,-0.5241012573242188,0.0002521514834370464,0.0,0.0,0.0,0.0022121355758587995,0.002963126150273486,0.8634389252528041,0.5044398365493095,0,0,0,,0.6482725143432617,-0.017363041639328003,0.0,False,False,4,False
126.529538059,2475,126,579538060,map,15.738682746887207,-1.2732791900634766,-0.368499755859375,9.17434663278982e-05,0.0,0.0,0.0,0.002265905538226121,0.0027686291771562583,0.8646286341015503,0.5023987713522585,0,0,0,,0.5530542135238647,-0.011857807636260986,0.0,False,False,4,False
126.629538061,2476,126,629538061,map,15.745641708374023,-1.8511962890625,-0.8937835693359375,-0.00020008085994049907,0.0,0.0,0.0,0.0023853913946606385,0.00279981217878658,0.8658964865351048,0.5002097015910615,0,0,0,,0.5572915077209473,-0.023266583681106567,0.0,False,False,4,False
126.679538061,2477,126,679538061,map,15.747461318969727,-0.9569549560546875,-0.5091476440429688,4.463195728021674e-05,0.0,0.0,0.0,0.002359126640604125,0.002683734266141278,0.867097868139208,0.49812500354863043,0,0,0,,0.5118238925933838,-0.00991794466972351,0.0,False,False,4,False
126.679538061,2478,126,729538062,map,15.74101734161377,-0.7098960876464844,-0.5608367919921875,0.0004207610909361392,0.0,0.0,0.0,0.0021967323924436026,0.002424296995324858,0.8680472706755308,0.4964707776129793,0,0,0,,0.48891782760620117,-0.005225330591201782,0.0,False,False,4,False
126.779538063,2479,126,779538063,map,15.729683876037598,-1.5466880798339844,-1.1693191528320312,-0.00012607575627043843,0.0,0.0,0.0,0.0021711385839834,0.002475383138264628,0.869047599849255,0.494717523271429,0,0,0,,0.5681626796722412,-0.020593464374542236,0.0,False,False,4,False
126.829538064,2480,126,829538064,map,15.725205421447754,-1.9637489318847656,-1.2732124328613281,-0.00071125035174191,0.0,0.0,0.0,0.002305392603954429,0.0028053951309344786,0.8703840061641172,0.4923601291095806,0,0,0,,0.7305760383605957,-0.03014475107192993,0.0,False,False,4,False
126.879538064,2481,126,879538064,map,15.7393159866333,-1.8142509460449219,-0.7670402526855469,-0.00037517547025345266,0.0,0.0,0.0,0.002446323968167826,0.0030409755155690024,0.8719566997694207,0.48956744345817826,0,0,0,,0.7471057176589966,-0.025902003049850464,0.0,False,False,4,False
126.929538065,2482,126,929538065,map,15.764386177062988,-0.9778785705566406,-0.009613037109375,0.0005432128673419356,0.0,0.0,0.0,0.002402137464177801,0.0028261646780929307,0.8733332381357146,0.4871091229860127,0,0,0,,0.6539124250411987,-0.007625877857208252,0.0,False,False,4,False
126.979538066,2483,126,979538066,map,15.791810989379883,-1.8061637878417969,-0.468902587890625,0.0003629684215411544,0.0,0.0,0.0,0.002433078321826823,0.0027087025630998965,0.8745877446030768,0.484853606824171,0,0,0,,0.7116045951843262,-0.018452465534210205,0.0,False,False,4,False
126.979538066,2484,127,29538067,map,15.825338363647461,-2.1786117553710938,-0.570831298828125,-0.0003458022838458419,0.0,0.0,0.0,0.0025996993088176572,0.0028266446736668217,0.8759741538623655,0.48234275511145114,0,0,0,,0.7292282581329346,-0.025248616933822632,0.0,False,False,4,False
127.079538067,2485,127,79538067,map,15.862913131713867,-1.3952445983886719,0.00690460205078125,8.888244337867945e-05,0.0,0.0,0.0,0.0026438756728989514,0.0027202775826709875,0.8772761950096364,0.47997092378675826,0,0,0,,0.6548957824707031,-0.011134505271911621,0.0,False,False,4,False
127.129538068,2486,127,129538068,map,15.89466381072998,-1.3834571838378906,-0.12899398803710938,0.0004507064586505294,0.0,0.0,0.0,0.002602615336544248,0.002510507304925077,0.8783695752046844,0.47796842270303164,0,0,0,,0.6000359058380127,-0.00981295108795166,0.0,False,False,4,False
127.129538068,2487,127,179538069,map,15.922452926635742,-2.2690200805664062,-0.8032989501953125,-0.0003376007080078125,0.0,0.0,0.0,0.0027086774978572837,0.0026572376885646938,0.879588576360192,0.4757200211161284,0,0,0,,0.7692093849182129,-0.026823580265045166,0.0,False,False,4,False
127.22953807,2488,127,229538070,map,15.961042404174805,-1.683807373046875,-0.1792144775390625,-0.0003093719424214214,0.0,0.0,0.0,0.002769469061709878,0.002714649380500601,0.8808797718755337,0.47332418934633486,0,0,0,,0.72710120677948,-0.016430765390396118,0.0,False,False,4,False
127.27953807,2489,127,279538070,map,16.003658294677734,-1.81640625,-0.17917633056640625,0.0001661300630075857,0.0,0.0,0.0,0.002795639225273776,0.0026819463394496586,0.8821290561441031,0.4709918469267468,0,0,0,,0.7246320247650146,-0.01690089702606201,0.0,False,False,4,False
127.329538071,2490,127,329538071,map,16.048446655273438,-1.8447685241699219,-0.15567779541015625,9.384154691360891e-05,0.0,0.0,0.0,0.002823573965823457,0.002643727234278831,0.88334989550851,0.46869819739516255,0,0,0,,0.712106466293335,-0.016685962677001953,0.0,False,False,4,False
127.379538072,2491,127,379538072,map,16.089677810668945,-0.5697250366210938,0.6106185913085938,0.000778579618781805,0.0,0.0,0.0,0.002616009985409288,0.0021775097503796003,0.8841753184388846,0.4671428274163483,0,0,0,,0.5967279672622681,0.006398916244506836,0.0,False,False,4,False
127.379538072,2492,127,429538073,map,16.115568161010742,-2.2467994689941406,-0.8978462219238281,-0.00015010831702966243,0.0,0.0,0.0,0.0026295108637963607,0.0022308163909667126,0.8850310071603227,0.4655193073285274,0,0,0,,0.5557820796966553,-0.02494862675666809,0.0,False,False,4,False
127.479538073,2493,127,479538073,map,16.13003158569336,-1.2016487121582031,-0.4738807678222656,-0.00034103391226381063,0.0,0.0,0.0,0.002597611375655681,0.0023106469127867294,0.8860026291135871,0.46366718077711416,0,0,0,,0.5075052976608276,-0.012591153383255005,0.0,False,False,4,False
127.529538074,2494,127,529538074,map,16.129987716674805,-1.75140380859375,-1.2166213989257812,-0.0004062652587890625,0.0,0.0,0.0,0.002592915529395102,0.002552050889420174,0.8871466243495583,0.46147332613109826,0,0,0,,0.4950416088104248,-0.02589935064315796,0.0,False,False,4,False
127.579538075,2495,127,579538075,map,16.116952896118164,-1.24755859375,-1.1955833435058594,-0.00014591217041015625,0.0,0.0,0.0,0.0025322013426121726,0.0027678603324334736,0.8884450327264712,0.458967701182992,0,0,0,,0.40688931941986084,-0.021078556776046753,0.0,False,False,4,False
127.629538075,2496,127,629538075,map,16.090641021728516,-1.6271400451660156,-1.8053436279296875,-0.00019054411677643657,0.0,0.0,0.0,0.0025017102432924694,0.00311332955604903,0.8899473601132039,0.4560457705674653,0,0,0,,0.4599151611328125,-0.031019151210784912,0.0,False,False,4,False
127.629538075,2497,127,679538076,map,16.059926986694336,-1.0298538208007812,-1.5012168884277344,0.00011062620615120977,0.0,0.0,0.0,0.0023920907214612197,0.0033057643988277222,0.8915131451407471,0.45297644736230247,0,0,0,,0.4460674524307251,-0.02102401852607727,0.0,False,False,4,False
127.729538077,2498,127,729538077,map,16.02497673034668,-0.20420074462890625,-1.0132408142089844,0.0008300781482830644,0.0,0.0,0.0,0.002095542062337474,0.003085923792503522,0.8927645662446847,0.45050806323056186,0,0,0,,0.4353283643722534,-0.0037509799003601074,0.0,False,False,4,False
127.779538078,2499,127,779538078,map,15.988639831542969,-0.5186843872070312,-1.28082275390625,0.0006772993947379291,0.0,0.0,0.0,0.0018222299320175715,0.002848251441735261,0.8937002305455272,0.44865183033692274,0,0,0,,0.49599575996398926,-0.006337493658065796,0.0,False,False,4,False
127.829538078,2500,127,829538078,map,15.957951545715332,-0.6759071350097656,-1.2621307373046875,-9.155264706350863e-06,0.0,0.0,0.0,0.001655927218443189,0.0027243644276042046,0.8944820781291333,0.4470924374771954,0,0,0,,0.562675952911377,-0.008216023445129395,0.0,False,False,4,False
127.879538079,2501,127,879538079,map,15.937479019165039,-1.85302734375,-1.8974113464355469,-0.000834083475638181,0.0,0.0,0.0,0.0017711822123747897,0.003042852171421145,0.8955128696260104,0.4450216896943581,0,0,0,,0.6899268627166748,-0.030681967735290527,0.0,False,False,4,False
127.879538079,2502,127,929538080,map,15.934796333312988,-2.182025909423828,-1.7286300659179688,-0.0011487959418445826,0.0,0.0,0.0,0.0020598677776713405,0.0035583794072690006,0.8969978355157594,0.4420158118899988,0,0,0,,0.7139887809753418,-0.03780129551887512,0.0,False,False,4,False
127.979538081,2503,127,979538081,map,15.941439628601074,-0.4115486145019531,-0.14894485473632812,0.0005813598399981856,0.0,0.0,0.0,0.002037239264549055,0.0033073085656437464,0.8983005566657606,0.4393643377200923,0,0,0,,0.43712127208709717,-0.002087712287902832,0.0,False,False,4,False
127.979538081,2504,128,29538081,map,15.930063247680664,-1.2359809875488281,-1.2452888488769531,0.0006723403930664062,0.0,0.0,0.0,0.002002842714102856,0.0031015486770709978,0.8993962407672103,0.437118715122879,0,0,0,,0.41871583461761475,-0.016404688358306885,0.0,False,False,4,False
128.079538082,2505,128,79538082,map,15.907913208007812,-0.6252670288085938,-1.0512733459472656,0.00024471283541060984,0.0,0.0,0.0,0.001910680005041286,0.002919812036583689,0.9003574633872365,0.4351370613065386,0,0,0,,0.4605909585952759,-0.008153080940246582,0.0,False,False,4,False
128.129538083,2506,128,129538083,map,15.883524894714355,-1.7317771911621094,-1.9926261901855469,-0.0005067825550213456,0.0,0.0,0.0,0.00197975758839158,0.003164659475063119,0.9014863200845866,0.43279149736408673,0,0,0,,0.638275146484375,-0.03068941831588745,0.0,False,False,4,False
128.179538084,2507,128,179538084,map,15.86542797088623,-0.014438629150390625,-0.4747772216796875,0.0002931594499386847,0.0,0.0,0.0,0.0018271502416920891,0.002915385806166847,0.9024366974088592,0.43080873855736324,0,0,0,,0.3494480848312378,0.0016154646873474121,0.0,False,False,4,False
128.179538084,2508,128,229538084,map,15.832050323486328,-1.9937896728515625,-2.46856689453125,-0.00043373103835619986,0.0,0.0,0.0,0.0019097888172100283,0.0032245373981354495,0.9035767062617608,0.428409956661128,0,0,0,,0.6494855880737305,-0.03860682249069214,0.0,False,False,4,False
128.279538085,2509,128,279538085,map,15.810735702514648,-1.0267257690429688,-1.3935470581054688,-0.0005426406860351562,0.0,0.0,0.0,0.001965398852786843,0.003452862387253233,0.9049255407486704,0.42555138426447503,0,0,0,,0.5676794052124023,-0.02106630802154541,0.0,False,False,4,False
128.329538086,2510,128,329538086,map,15.79012680053711,-0.2733421325683594,-0.7606887817382812,0.00077056884765625,0.0,0.0,0.0,0.0018131322443753302,0.0031713583129120626,0.9060167401280377,0.4232260880967515,0,0,0,,0.4307917356491089,-0.0037797391414642334,0.0,False,False,4,False
128.379538087,2511,128,379538087,map,15.759331703186035,-0.13055801391601562,-0.9089088439941406,0.00082569126971066,0.0,0.0,0.0,0.0015792753443498054,0.002735730553332936,0.906742594143915,0.42167272811137546,0,0,0,,0.39686381816864014,4.464387893676758e-05,0.0,False,False,4,False
128.429538087,2512,128,429538087,map,15.722257614135742,-1.7026710510253906,-2.398052215576172,-0.0005813598399981856,0.0,0.0,0.0,0.0016460513207462574,0.0030126572884520116,0.9076734401665787,0.4196631273143736,0,0,0,,0.6885557174682617,-0.03377583622932434,0.0,False,False,4,False
128.479538088,2513,128,479538088,map,15.708597183227539,-1.4394760131835938,-1.5874862670898438,-0.000946044921875,0.0,0.0,0.0,0.001799278764566816,0.003384858030104562,0.9089307915278844,0.41692939635451126,0,0,0,,0.7561608552932739,-0.027867913246154785,0.0,False,False,4,False
128.479538088,2514,128,529538089,map,15.713032722473145,-0.9921073913574219,-0.7386207580566406,0.00018997190636582673,0.0,0.0,0.0,0.001848772027148069,0.0033337663886299357,0.9101554187193086,0.41424941981798574,0,0,0,,0.5951517820358276,-0.013842731714248657,0.0,False,False,4,False
128.57953809,2515,128,579538090,map,15.717975616455078,-1.0351753234863281,-0.7691764831542969,0.0004837036249227822,0.0,0.0,0.0,0.0018527538399337631,0.0031124126227075185,0.9112148239738336,0.4119155553765969,0,0,0,,0.5869210958480835,-0.011821568012237549,0.0,False,False,4,False
128.62953809,2516,128,629538090,map,15.722506523132324,-1.4328193664550781,-1.1379051208496094,3.0136106943245977e-05,0.0,0.0,0.0,0.0019248880640874227,0.0030643251498466318,0.9122524562858362,0.40961245185879724,0,0,0,,0.6001856327056885,-0.019269585609436035,0.0,False,False,4,False
128.679538091,2517,128,679538091,map,15.728835105895996,-1.1910438537597656,-0.8880233764648438,-7.705688767600805e-05,0.0,0.0,0.0,0.001978520013104854,0.003014436078699172,0.9132737498660478,0.40733040205623333,0,0,0,,0.6035118103027344,-0.014940261840820312,0.0,False,False,4,False
128.729538092,2518,128,729538092,map,15.734960556030273,-1.36199951171875,-1.0569381713867188,-7.171630568336695e-05,0.0,0.0,0.0,0.002033639567817597,0.003011892576229645,0.9142957618111542,0.4050309281368259,0,0,0,,0.5858304500579834,-0.018350422382354736,0.0,False,False,4,False
128.779538093,2519,128,779538093,map,15.74113655090332,-1.2478828430175781,-0.9642791748046875,-4.5204160414868966e-05,0.0,0.0,0.0,0.002066122986051739,0.003002109762471417,0.9153192546309026,0.40271252845511224,0,0,0,,0.6011878252029419,-0.01660817861557007,0.0,False,False,4,False
128.829538093,2520,128,829538093,map,15.750329971313477,-1.7785263061523438,-1.3821220397949219,-0.0002971649228129536,0.0,0.0,0.0,0.002170181232031934,0.0031818097617831802,0.9164699003086431,0.40008510123263274,0,0,0,,0.6837360858917236,-0.027216345071792603,0.0,False,False,4,False
128.879538094,2521,128,879538094,map,15.761863708496094,-0.514678955078125,-0.16201019287109375,0.00045642853365279734,0.0,0.0,0.0,0.0020804909002763647,0.0028988147546529174,0.9174287326066526,0.39788414019458357,0,0,0,,0.45911431312561035,-0.0013225674629211426,0.0,False,False,4,False
128.879538094,2522,128,929538095,map,15.760334014892578,-0.62774658203125,-0.6252670288085938,0.0006757735973224044,0.0,0.0,0.0,0.0019130350661950288,0.002520924537100239,0.9180914357634012,0.396356027851489,0,0,0,,0.5129525661468506,-0.003283590078353882,0.0,False,False,4,False
128.979538096,2523,128,979538096,map,15.754987716674805,-2.0131492614746094,-2.0404434204101562,-0.0006690978771075606,0.0,0.0,0.0,0.002009898388692459,0.002847994390602659,0.9189952009834367,0.3942533066517403,0,0,0,,0.7752008438110352,-0.035189658403396606,0.0,False,False,4,False
129.029538096,2524,129,29538096,map,15.768120765686035,-1.9734001159667969,-1.5245437622070312,-0.00100536341778934,0.0,0.0,0.0,0.002211001647247198,0.003349857800954607,0.9202911980341987,0.3912134976521244,0,0,0,,0.740503191947937,-0.034403830766677856,0.0,False,False,4,False
129.079538097,2525,129,79538097,map,15.787833213806152,-0.1468658447265625,0.40599822998046875,0.0008390425937250257,0.0,0.0,0.0,0.002073000098330879,0.0029249505194779996,0.9212874893352075,0.3888656700320572,0,0,0,,0.44376683235168457,0.006441295146942139,0.0,False,False,4,False
129.129538098,2526,129,129538098,map,15.78941822052002,-2.358264923095703,-2.2509193420410156,-4.806518700206652e-05,0.0,0.0,0.0,0.002177760705969164,0.00316424908787886,0.9223919983130318,0.3862359982369709,0,0,0,,0.7953670024871826,-0.04070448875427246,0.0,False,False,4,False
129.179538099,2527,129,179538099,map,15.803241729736328,-0.40924072265625,-0.0148773193359375,0.000179290771484375,0.0,0.0,0.0,0.002094016615087018,0.002955039893016582,0.9233882947763347,0.3838501529291075,0,0,0,,0.6380977630615234,0.00017768144607543945,0.0,False,False,4,False
129.229538099,2528,129,229538099,map,15.822198867797852,-1.0253143310546875,-0.4804420471191406,0.0006017684936523438,0.0,0.0,0.0,0.001974943637694891,0.0026069651321495198,0.924096847336276,0.38214437072078306,0,0,0,,0.7001645565032959,-0.005883634090423584,0.0,False,False,4,False
129.2795381,2529,129,279538100,map,15.849197387695312,-1.398468017578125,-0.6311798095703125,-1.8882783479057252e-05,0.0,0.0,0.0,0.0019734233233795855,0.0024776782499240394,0.9247445352230125,0.38057523735268306,0,0,0,,0.7193158864974976,-0.01189538836479187,0.0,False,False,4,False
129.329538101,2530,129,329538101,map,15.881543159484863,-1.9724273681640625,-1.0692596435546875,-0.0006990432157181203,0.0,0.0,0.0,0.0021229531790579767,0.0026723526792182487,0.925565788911685,0.378571422583966,0,0,0,,0.7140102386474609,-0.02506062388420105,0.0,False,False,4,False
129.329538101,2531,129,379538102,map,15.914549827575684,-2.1660995483398438,-1.2704277038574219,-0.0007610321044921875,0.0,0.0,0.0,0.0023477578719607985,0.0030587923847402282,0.9266864149474532,0.3758156731350598,0,0,0,,0.6503970623016357,-0.03251168131828308,0.0,False,False,4,False
129.429538102,2532,129,429538102,map,15.94085693359375,-1.7252731323242188,-1.0304069519042969,-0.00035705562913790345,0.0,0.0,0.0,0.002482681448250146,0.0032999640671506057,0.9279711615382769,0.37262913182316176,0,0,0,,0.5408828258514404,-0.026195883750915527,0.0,False,False,4,False
129.479538103,2533,129,479538103,map,15.953256607055664,-1.4456748962402344,-1.1568832397460938,0.00028705596923828125,0.0,0.0,0.0,0.0024984968442788576,0.0033948250412504156,0.9292708198634412,0.36937511560307706,0,0,0,,0.5040161609649658,-0.02287691831588745,0.0,False,False,4,False
129.529538104,2534,129,529538104,map,15.95335578918457,-1.1594009399414062,-1.2266159057617188,0.00048599240835756063,0.0,0.0,0.0,0.0024181533365904774,0.0033997507805226435,0.9305002413086659,0.36626751856202766,0,0,0,,0.49266529083251953,-0.01867353916168213,0.0,False,False,4,False
129.579538105,2535,129,579538105,map,15.943678855895996,-0.09752273559570312,-0.38715362548828125,0.0011167526245117188,0.0,0.0,0.0,0.0021293123547917194,0.0029691628106049087,0.931369801693344,0.3640562354840267,0,0,0,,0.46410322189331055,0.003778517246246338,0.0,False,False,4,False
129.629538105,2536,129,629538105,map,15.927289962768555,-0.9395408630371094,-1.4904022216796875,0.0003293991321697831,0.0,0.0,0.0,0.0019340088392870867,0.002824412781542463,0.9320630364744165,0.36227997231469994,0,0,0,,0.535773754119873,-0.013439863920211792,0.0,False,False,4,False
129.679538106,2537,129,679538106,map,15.914640426635742,-0.6092453002929688,-1.0336494445800781,-0.00014247896615415812,0.0,0.0,0.0,0.001784141965828288,0.002744631519521291,0.9326930131987395,0.36065638350862983,0,0,0,,0.5907080173492432,-0.0075127482414245605,0.0,False,False,4,False
129.729538107,2538,129,729538107,map,15.906912803649902,-0.8041572570800781,-1.1077499389648438,-0.00021247862605378032,0.0,0.0,0.0,0.0016874509788528304,0.002689708030722212,0.9332830452204396,0.3591276590350101,0,0,0,,0.5850694179534912,-0.010938107967376709,0.0,False,False,4,False
129.779538108,2539,129,779538108,map,15.90119743347168,-0.38913726806640625,-0.5979728698730469,-7.820126484148204e-06,0.0,0.0,0.0,0.0015630243404460438,0.0024631572595975805,0.9337638352798797,0.3578778978012409,0,0,0,,0.5496538877487183,-0.002285897731781006,0.0,False,False,4,False
129.829538108,2540,129,829538108,map,15.895395278930664,-1.5485191345214844,-1.8938636779785156,-0.0005092620849609375,0.0,0.0,0.0,0.0016360370407571944,0.002711961597499373,0.9344393207510786,0.3561083044262768,0,0,0,,0.6364648342132568,-0.029510468244552612,0.0,False,False,4,False
129.879538109,2541,129,879538109,map,15.899017333984375,-1.3979911804199219,-1.4661216735839844,-0.0008192061795853078,0.0,0.0,0.0,0.0017765673839179028,0.0030653208494682447,0.935406176922836,0.35355725390808207,0,0,0,,0.659398078918457,-0.027634531259536743,0.0,False,False,4,False
129.92953811,2542,129,929538110,map,15.906152725219727,-1.0771369934082031,-1.010894775390625,8.010829333215952e-06,0.0,0.0,0.0,0.0018416676922134519,0.003150602064034036,0.9364457417394195,0.35079346451274424,0,0,0,,0.5567501783370972,-0.019192546606063843,0.0,False,False,4,False
129.979538111,2543,129,979538111,map,15.910325050354004,-1.4029502868652344,-1.489105224609375,9.193419828079641e-05,0.0,0.0,0.0,0.001915611204380317,0.0032810512004976112,0.937552127119841,0.34782405619766243,0,0,0,,0.6095293760299683,-0.026185303926467896,0.0,False,False,4,False
130.029538111,2544,130,29538111,map,15.916640281677246,-1.7586517333984375,-1.861724853515625,-0.0004430770641192794,0.0,0.0,0.0,0.0020562510209617777,0.0036169084152952273,0.9388358077833319,0.3443399712915609,0,0,0,,0.6416988372802734,-0.03437387943267822,0.0,False,False,4,False
130.079538112,2545,130,79538112,map,15.929688453674316,-1.5135955810546875,-1.3907432556152344,-0.00011348725820425898,0.0,0.0,0.0,0.0021560001389305163,0.0038224268342990455,0.9401887708040303,0.3406256243598009,0,0,0,,0.6648697853088379,-0.026215434074401855,0.0,False,False,4,False
130.129538113,2546,130,129538113,map,15.944650650024414,-0.4989051818847656,-0.1300811767578125,0.0012413025833666325,0.0,0.0,0.0,0.0020391271915934134,0.003393550317911705,0.9412085681854991,0.33780283739296635,0,0,0,,0.5638384819030762,0.001351475715637207,0.0,False,False,4,False
130.179538113,2547,130,179538113,map,15.955364227294922,-0.9728240966796875,-0.8343696594238281,0.0008487701416015625,0.0,0.0,0.0,0.001923402984225517,0.0030021630501106673,0.9419161413606321,0.33582922770699797,0,0,0,,0.6115639209747314,-0.0058800578117370605,0.0,False,False,4,False
130.179538113,2548,130,229538114,map,15.96800422668457,-2.0755767822265625,-2.1304893493652344,-0.000765037490054965,0.0,0.0,0.0,0.0020452875698915734,0.0033161960304327626,0.9427801948326633,0.33339214728893923,0,0,0,,0.7725679874420166,-0.03378778696060181,0.0,False,False,4,False
130.279538115,2549,130,279538115,map,15.994623184204102,-1.0893440246582031,-0.498809814453125,-0.0003744125715456903,0.0,0.0,0.0,0.0020835998572890863,0.0033074684570620428,0.9436485275452343,0.33092623910133145,0,0,0,,0.6490738391876221,-0.008958637714385986,0.0,False,False,4,False
130.329538116,2550,130,329538116,map,16.022096633911133,-1.7340087890625,-1.2837409973144531,-1.6975391190499067e-05,0.0,0.0,0.0,0.002147735705014473,0.00334049874351694,0.944508285907424,0.3284635842094306,0,0,0,,0.7104073762893677,-0.022134363651275635,0.0,False,False,4,False
130.329538116,2551,130,379538116,map,16.055496215820312,-1.6126441955566406,-0.9598159790039062,-0.00011119842383777723,0.0,0.0,0.0,0.0022202003246757063,0.0033746976565246305,0.9454053964677617,0.3258716287986416,0,0,0,,0.7047542333602905,-0.018615156412124634,0.0,False,False,4,False
130.429538117,2552,130,429538117,map,16.091218948364258,-1.525421142578125,-0.7879257202148438,0.00018444060697220266,0.0,0.0,0.0,0.0022578642168987733,0.003304141714845666,0.9462673893663388,0.3233604993169698,0,0,0,,0.6786142587661743,-0.015416473150253296,0.0,False,False,4,False
130.479538118,2553,130,479538118,map,16.126798629760742,-1.6485023498535156,-0.9643936157226562,7.362365431617945e-05,0.0,0.0,0.0,0.002296581900192771,0.003270014312424513,0.9471142995979931,0.32087152602712415,0,0,0,,0.6888604164123535,-0.018164604902267456,0.0,False,False,4,False
130.529538119,2554,130,529538119,map,16.159475326538086,-0.9238052368164062,-0.12887954711914062,0.0004528045537881553,0.0,0.0,0.0,0.002215052231741406,0.002927746423030634,0.9477830731058428,0.31889460355819416,0,0,0,,0.5852634906768799,-0.0013775229454040527,0.0,False,False,4,False
130.579538119,2555,130,579538119,map,16.179338455200195,-1.1957740783691406,-0.9103012084960938,0.00029983522836118937,0.0,0.0,0.0,0.0021360898985426325,0.0027230296547122064,0.948337893167983,0.31724322311304937,0,0,0,,0.5320086479187012,-0.011086255311965942,0.0,False,False,4,False
130.62953812,2556,130,629538120,map,16.185762405395508,-1.0288619995117188,-1.1461448669433594,-0.0003391265927348286,0.0,0.0,0.0,0.0020663484007870693,0.0027149809480956346,0.948914887989683,0.31551369928145045,0,0,0,,0.4958761930465698,-0.014278531074523926,0.0,False,False,4,False
130.679538121,2557,130,679538121,map,16.178829193115234,-0.6321334838867188,-1.0735511779785156,-5.207060894463211e-05,0.0,0.0,0.0,0.001939154229031602,0.0026850272179970115,0.9494934245157868,0.3137694489764716,0,0,0,,0.4459412097930908,-0.011199086904525757,0.0,False,False,4,False
130.729538122,2558,130,729538122,map,16.162900924682617,-1.0906982421875,-2.004718780517578,-0.00036258698673918843,0.0,0.0,0.0,0.0018760758379902432,0.002959867811736356,0.9502257980024648,0.3115423764635658,0,0,0,,0.5904719829559326,-0.02775779366493225,0.0,False,False,4,False
130.779538122,2559,130,779538122,map,16.15361785888672,-1.4603424072265625,-2.3152923583984375,-0.0008935928344726562,0.0,0.0,0.0,0.001919216979799309,0.0035080076647843483,0.9512595716057891,0.30836542918553395,0,0,0,,0.6518900394439697,-0.038186609745025635,0.0,False,False,4,False
130.829538123,2560,130,829538123,map,16.153432846069336,-1.078033447265625,-1.5053176879882812,-0.0001951217564055696,0.0,0.0,0.0,0.0019266674422576495,0.003776989120058062,0.952414128591303,0.3047775417668152,0,0,0,,0.5949959754943848,-0.025261610746383667,0.0,False,False,4,False
130.879538124,2561,130,879538124,map,16.14838981628418,-0.3119659423828125,-0.6110191345214844,0.00103759765625,0.0,0.0,0.0,0.0017819894828418979,0.00346369996710693,0.9533466045751574,0.3018527436367595,0,0,0,,0.4065549373626709,-0.003923267126083374,0.0,False,False,4,False
130.929538125,2562,130,929538125,map,16.125757217407227,-0.23458480834960938,-1.1131668090820312,0.0010103224776685238,0.0,0.0,0.0,0.0015901382912758121,0.0030848951563488174,0.9540148002990549,0.2997394129780784,0,0,0,,0.39296984672546387,-0.004517853260040283,0.0,False,False,4,False
130.979538125,2563,130,979538125,map,16.094768524169922,-0.020999908447265625,-1.1057662963867188,0.0002899169921875,0.0,0.0,0.0,0.0013874490643469523,0.0027766589702601877,0.9544876968848766,0.298234138967122,0,0,0,,0.500016450881958,-0.001811295747756958,0.0,False,False,4,False
130.979538125,2564,131,29538126,map,16.066370010375977,-1.3744926452636719,-2.9724502563476562,-0.0009380340343341231,0.0,0.0,0.0,0.001430176860856233,0.0032520343939496277,0.95517530380305,0.2960194552241429,0,0,0,,0.7429361343383789,-0.040863752365112305,0.0,False,False,4,False
131.079538127,2565,131,79538127,map,16.059446334838867,-0.5230903625488281,-1.0084724426269531,-0.0006368636968545616,0.0,0.0,0.0,0.001443269460782806,0.0034054864164996834,0.9559687372702831,0.29344521293998166,0,0,0,,0.6141105890274048,-0.012229293584823608,0.0,False,False,4,False
131.079538127,2566,131,129538128,map,16.058311462402344,-0.98663330078125,-1.494598388671875,0.0001502990780863911,0.0,0.0,0.0,0.0014722995693354866,0.0034174803216778845,0.9567430010650427,0.29091061011122404,0,0,0,,0.6273083686828613,-0.0195196270942688,0.0,False,False,4,False
131.129538128,2567,131,179538128,map,16.063709259033203,-1.5838623046875,-2.175579071044922,-0.0004056930774822831,0.0,0.0,0.0,0.0016261075921044366,0.0037440685239031714,0.9576823265769474,0.28779836533092434,0,0,0,,0.703143835067749,-0.03434738516807556,0.0,False,False,4,False
131.229538129,2568,131,229538129,map,16.08137321472168,-1.4861869812011719,-1.6174507141113281,-0.00045547483023256063,0.0,0.0,0.0,0.0017890781594838874,0.004000102720980205,0.9587435965801668,0.2842384815504176,0,0,0,,0.7036157846450806,-0.027840018272399902,0.0,False,False,4,False
131.27953813,2569,131,279538130,map,16.102563858032227,-0.6899261474609375,-0.2827644348144531,0.0009696960332803428,0.0,0.0,0.0,0.0017854215261338788,0.0036321719706404083,0.9595953440612051,0.28135457211996234,0,0,0,,0.5597549676895142,-0.002075791358947754,0.0,False,False,4,False
131.329538131,2570,131,329538131,map,16.11541175842285,-0.9165000915527344,-0.9434127807617188,0.0008668898954056203,0.0,0.0,0.0,0.0017467572044448584,0.003248999095298194,0.9602205253065385,0.2792184371136383,0,0,0,,0.5741791725158691,-0.007329314947128296,0.0,False,False,4,False
131.379538131,2571,131,379538131,map,16.12638282775879,-1.5302467346191406,-1.9879913330078125,-0.000467491103336215,0.0,0.0,0.0,0.0018228840946526435,0.0033997351422674774,0.9609084484692914,0.2768394346094481,0,0,0,,0.7152795791625977,-0.0267716646194458,0.0,False,False,4,False
131.379538131,2572,131,429538132,map,16.148618698120117,-1.4895439147949219,-1.5334129333496094,-0.0007648468017578125,0.0,0.0,0.0,0.0019264045819933151,0.003638266062058084,0.9617144316762649,0.2740226339028343,0,0,0,,0.7171375751495361,-0.023945152759552002,0.0,False,False,4,False
131.479538133,2573,131,479538133,map,16.1788330078125,-1.5678024291992188,-1.3819503784179688,-0.00018215173622593284,0.0,0.0,0.0,0.002018736233669065,0.003770482869813463,0.9625694743012405,0.27100131975025626,0,0,0,,0.718725323677063,-0.022861629724502563,0.0,False,False,4,False
131.479538133,2574,131,529538134,map,16.209529876708984,-0.736083984375,-0.02506256103515625,0.0008829116122797132,0.0,0.0,0.0,0.001960275960823016,0.0033304908127178862,0.9632150456773281,0.26870400244493303,0,0,0,,0.5555124282836914,0.002278447151184082,0.0,False,False,4,False
131.529538134,2575,131,579538134,map,16.223087310791016,-0.5037117004394531,-0.3029632568359375,0.0010122299427166581,0.0,0.0,0.0,0.0018111615445541803,0.00272245010063898,0.9635694743540721,0.2674381723919117,0,0,0,,0.448755145072937,0.004725396633148193,0.0,False,False,4,False
131.629538135,2576,131,629538135,map,16.217451095581055,-1.7908668518066406,-3.182697296142578,-0.0010393142001703382,0.0,0.0,0.0,0.0018824357318744148,0.0032237979882579573,0.9641631109257041,0.2652839216618956,0,0,0,,0.7149753570556641,-0.045512259006500244,0.0,False,False,4,False
131.679538136,2577,131,679538136,map,16.220075607299805,0.0707244873046875,0.22092819213867188,-2.784729076665826e-05,0.0,0.0,0.0,0.0017401252645989798,0.002983265655628204,0.9646996840651278,0.2633298153546882,0,0,0,,0.3785182237625122,0.007693767547607422,0.0,False,False,4,False
131.729538137,2578,131,729538137,map,16.20367431640625,-0.2400970458984375,-1.0446929931640625,0.0006929397932253778,0.0,0.0,0.0,0.0015362693812351882,0.0026114618545722604,0.9650479781898808,0.26205575730175057,0,0,0,,0.41238415241241455,-0.00492134690284729,0.0,False,False,4,False
131.779538137,2579,131,779538137,map,16.17584228515625,-1.1384010314941406,-3.0415725708007812,-0.0008987426408566535,0.0,0.0,0.0,0.00152797635214735,0.0031159373218443806,0.965645829590231,0.259838580695531,0,0,0,,0.7587311267852783,-0.04303738474845886,0.0,False,False,4,False
131.829538138,2580,131,829538138,map,16.168790817260742,-0.9941291809082031,-2.0111083984375,-0.0010210036998614669,0.0,0.0,0.0,0.0015710382202363672,0.0036659699688999067,0.9665218827054282,0.2565531967344239,0,0,0,,0.7371785640716553,-0.032229989767074585,0.0,False,False,4,False
131.829538138,2581,131,879538139,map,16.17922592163086,-1.0969352722167969,-1.5120601654052734,-4.196168447379023e-05,0.0,0.0,0.0,0.0016112434680883197,0.0038648053626329218,0.9674616178913594,0.25298317153721633,0,0,0,,0.695258378982544,-0.02494710683822632,0.0,False,False,4,False
131.92953814,2582,131,929538140,map,16.1978702545166,-1.1620712280273438,-1.3132286071777344,0.0004749298095703125,0.0,0.0,0.0,0.0016589169716277156,0.0038475107445401784,0.968357784289002,0.24953085232581254,0,0,0,,0.6736862659454346,-0.01987406611442566,0.0,False,False,4,False
131.97953814,2583,131,979538140,map,16.217880249023438,-0.9976387023925781,-0.97625732421875,0.0006380080594681203,0.0,0.0,0.0,0.0016829412237668278,0.0036440576304012573,0.9691259970971954,0.24653334521559192,0,0,0,,0.6045616865158081,-0.011465340852737427,0.0,False,False,4,False
132.029538141,2584,132,29538141,map,16.233272552490234,-1.0613250732421875,-1.2977886199951172,0.0003595351881813258,0.0,0.0,0.0,0.0017057196361131457,0.003499996185577071,0.969789037669015,0.2439140483125761,0,0,0,,0.5945882797241211,-0.013906270265579224,0.0,False,False,4,False
132.079538142,2585,132,79538142,map,16.24384307861328,-0.9141921997070312,-1.2453842163085938,2.269745891680941e-05,0.0,0.0,0.0,0.0017084701756031277,0.0033978567819016965,0.9703791394652,0.24155715967390923,0,0,0,,0.5635737180709839,-0.012060225009918213,0.0,False,False,4,False
132.079538142,2586,132,129538143,map,16.250768661499023,-0.9028053283691406,-1.3947010040283203,-7.70568658481352e-05,0.0,0.0,0.0,0.0016955228635225149,0.0033576398649537193,0.9709296036255786,0.23933565605699747,0,0,0,,0.6026384830474854,-0.014144450426101685,0.0,False,False,4,False
132.179538143,2587,132,179538143,map,16.260265350341797,-1.1482429504394531,-1.7703533172607422,-0.0003948211669921875,0.0,0.0,0.0,0.0017155431333915085,0.0034974072887579005,0.9715262727032372,0.23689982376812585,0,0,0,,0.6809788942337036,-0.022114098072052002,0.0,False,False,4,False
132.229538144,2588,132,229538144,map,16.27720832824707,-1.1578559875488281,-1.493539810180664,-0.00020332336134742945,0.0,0.0,0.0,0.0017472140562344004,0.003617595695597358,0.9721710463590192,0.23423773578489582,0,0,0,,0.6720786094665527,-0.020042210817337036,0.0,False,False,4,False
132.279538145,2589,132,279538145,map,16.29825210571289,-1.2188911437988281,-1.4560794830322266,-4.9591071729082614e-05,0.0,0.0,0.0,0.001782440147661718,0.0036777462497926817,0.9728343151320241,0.23146639581426828,0,0,0,,0.6669100522994995,-0.019971877336502075,0.0,False,False,4,False
132.329538146,2590,132,329538146,map,16.321269989013672,-1.0563850402832031,-1.0681343078613281,0.00019073486328125,0.0,0.0,0.0,0.0017883750959954577,0.0035740550991705394,0.9734534884132846,0.22885002455903566,0,0,0,,0.6411031484603882,-0.013157367706298828,0.0,False,False,4,False
132.329538146,2591,132,379538146,map,16.34196662902832,-1.0380744934082031,-1.1495208740234375,0.0003036498965229839,0.0,0.0,0.0,0.001778678402618732,0.00342895955281205,0.97400952074204,0.22647413106884168,0,0,0,,0.6110490560531616,-0.012884795665740967,0.0,False,False,4,False
132.429538147,2592,132,429538147,map,16.358137130737305,-0.9299087524414062,-1.1501598358154297,0.00023822783259674907,0.0,0.0,0.0,0.0017529718195969525,0.003297515863805967,0.9745150406889833,0.22429108085226393,0,0,0,,0.5865421295166016,-0.01195371150970459,0.0,False,False,4,False
132.479538148,2593,132,479538148,map,16.361913681030273,-0.364990234375,-0.5723094940185547,0.0003232955641578883,0.0,0.0,0.0,0.0016445388795383788,0.002948578740104136,0.974893412653969,0.22264643572082013,0,0,0,,0.3578507900238037,-0.00026094913482666016,0.0,False,False,4,False
132.529538149,2594,132,529538149,map,16.337968826293945,-0.4146003723144531,-1.949319839477539,-0.0001396179141011089,0.0,0.0,0.0,0.0015362742686894698,0.0029608700723370712,0.9752772742893666,0.22095952426743126,0,0,0,,0.3247356414794922,-0.018831491470336914,0.0,False,False,4,False
132.579538149,2595,132,579538149,map,16.296573638916016,0.1166534423828125,-1.6718292236328125,-0.0003179549821652472,0.0,0.0,0.0,0.001370434591635244,0.0030531226492524427,0.9757151439939523,0.219017711913853,0,0,0,,0.3666372299194336,-0.014835119247436523,0.0,False,False,4,False
132.62953815,2596,132,629538150,map,16.245662689208984,0.3533172607421875,-1.631317138671875,-9.269714064430445e-05,0.0,0.0,0.0,0.0011560244688428754,0.003060347823880167,0.9761583516355868,0.21703495204855405,0,0,0,,0.3669281005859375,-0.013227075338363647,0.0,False,False,4,False
132.679538151,2597,132,679538151,map,16.192554473876953,0.27294158935546875,-1.920623779296875,-5.93185359321069e-05,0.0,0.0,0.0,0.0009665185172067225,0.003134322874023578,0.9766306235747664,0.21489966718922637,0,0,0,,0.4943350553512573,-0.017957031726837158,0.0,False,False,4,False
132.729538151,2598,132,729538151,map,16.1487979888916,0.0482940673828125,-1.981201171875,-0.00020446778216864914,0.0,0.0,0.0,0.0008514418434465271,0.0032882719281693206,0.9771615841960754,0.21247047015039489,0,0,0,,0.5492281913757324,-0.02110159397125244,0.0,False,False,4,False
132.779538152,2599,132,779538152,map,16.11661148071289,-0.5338668823242188,-2.7339839935302734,-0.0005975723033770919,0.0,0.0,0.0,0.0008751793930410119,0.0037407363776539087,0.9778463132744423,0.2092888639368188,0,0,0,,0.6342084407806396,-0.036641091108322144,0.0,False,False,4,False
132.779538152,2600,132,829538153,map,16.10177993774414,-0.8089637756347656,-2.553853988647461,-0.0007253646035678685,0.0,0.0,0.0,0.000990864153800223,0.004247906624276718,0.9786912075137932,0.20529124144184377,0,0,0,,0.6861088275909424,-0.03755366802215576,0.0,False,False,4,False
132.879538154,2601,132,879538154,map,16.096803665161133,-0.3068733215332031,-0.95062255859375,0.0006742476252838969,0.0,0.0,0.0,0.0010398966054466655,0.004110500731844683,0.9794493858487443,0.20164553791071393,0,0,0,,0.4514803886413574,-0.01013532280921936,0.0,False,False,4,False
132.929538154,2602,132,929538154,map,16.08280372619629,-0.902252197265625,-2.8083038330078125,0.0002271652629133314,0.0,0.0,0.0,0.0011434681112371602,0.004305319382936003,0.9802067134234235,0.19792664213122094,0,0,0,,0.6879931688308716,-0.03526425361633301,0.0,False,False,4,False
132.979538155,2603,132,979538155,map,16.081527709960938,-0.5562210083007812,-1.384725570678711,5.989073542878032e-05,0.0,0.0,0.0,0.001206815471971421,0.004277182185441208,0.9809160789507612,0.19438079988731763,0,0,0,,0.6186543703079224,-0.014038413763046265,0.0,False,False,4,False
132.979538155,2604,133,29538156,map,16.08769416809082,-0.9026145935058594,-1.8523788452148438,0.0004220962291583419,0.0,0.0,0.0,0.0012782628386174156,0.004224539582390539,0.9815480863099545,0.1911645196439399,0,0,0,,0.7079733610153198,-0.019418656826019287,0.0,False,False,4,False
133.079538157,2605,133,79538157,map,16.1060848236084,-0.8881187438964844,-1.200418472290039,0.00030498503474518657,0.0,0.0,0.0,0.0013474023692393307,0.004033046977377066,0.9820861679180943,0.18838438847974215,0,0,0,,0.7009174823760986,-0.00987023115158081,0.0,False,False,4,False
133.129538157,2606,133,129538157,map,16.13182258605957,-1.1151313781738281,-1.3894462585449219,0.0002159118594136089,0.0,0.0,0.0,0.0014350854084457482,0.0038595349023337684,0.9825452918398572,0.18597793956149172,0,0,0,,0.7076499462127686,-0.012698560953140259,0.0,False,False,4,False
133.179538158,2607,133,179538158,map,16.163482666015625,-1.1248588562011719,-1.1158370971679688,5.91277057537809e-06,0.0,0.0,0.0,0.0015216853670173198,0.0036661897730995356,0.982943624932792,0.18386428073493302,0,0,0,,0.7020413875579834,-0.00968274474143982,0.0,False,False,4,False
133.229538159,2608,133,229538159,map,16.200077056884766,-1.2819290161132812,-1.2651634216308594,-6.38961500953883e-05,0.0,0.0,0.0,0.0016131830400471035,0.003539084292994591,0.9833136203066996,0.1818768722025376,0,0,0,,0.73830246925354,-0.01330617070198059,0.0,False,False,4,False
133.229538159,2609,133,279538160,map,16.24286651611328,-1.3975715637207031,-1.2440013885498047,-0.00029048920259810984,0.0,0.0,0.0,0.0017103220578247422,0.0034765993440264986,0.9836889520386357,0.17983613010902508,0,0,0,,0.7452338933944702,-0.015209078788757324,0.0,False,False,4,False
133.27953816,2610,133,329538160,map,16.290510177612305,-1.4348983764648438,-1.092081069946289,-0.00012741087994072586,0.0,0.0,0.0,0.0017974537890205326,0.0033979113425859015,0.9840688556699505,0.1777461973118371,0,0,0,,0.742074728012085,-0.014461010694503784,0.0,False,False,4,False
133.379538161,2611,133,379538161,map,16.34100341796875,-1.4282417297363281,-0.9315681457519531,3.9482114516431466e-05,0.0,0.0,0.0,0.0018636287271940684,0.0032645143978587083,0.9844368261124289,0.17569862044820045,0,0,0,,0.7333880662918091,-0.0126056969165802,0.0,False,False,4,False
133.429538162,2612,133,429538162,map,16.389238357543945,-1.3210296630859375,-0.7878398895263672,0.0001262664736714214,0.0,0.0,0.0,0.0018982424327530112,0.0030715563710326174,0.9847741439576309,0.17380117263597855,0,0,0,,0.6565529108047485,-0.009996414184570312,0.0,False,False,4,False
133.479538163,2613,133,479538163,map,16.429794311523438,-1.5016365051269531,-1.7483901977539062,-0.0003503799089230597,0.0,0.0,0.0,0.0019470727847982925,0.003201457953714902,0.985168949073242,0.1715462076423295,0,0,0,,0.6718140840530396,-0.02506232261657715,0.0,False,False,4,False
133.529538163,2614,133,529538163,map,16.46526527404785,-1.0003852844238281,-0.6855201721191406,7.133483450161293e-05,0.0,0.0,0.0,0.001921955085937733,0.003107494020250321,0.9855580211839486,0.16929866050722644,0,0,0,,0.5884906053543091,-0.009071707725524902,0.0,False,False,4,False
133.579538164,2615,133,579538164,map,16.489660263061523,-0.890045166015625,-1.0463523864746094,0.00030517578125,0.0,0.0,0.0,0.0018457609442914962,0.0029565175160210914,0.9859039399813958,0.16727603922820017,0,0,0,,0.5812222957611084,-0.011539280414581299,0.0,False,False,4,False
133.629538165,2616,133,629538165,map,16.509157180786133,-0.9030723571777344,-1.396493911743164,-4.901885404251516e-05,0.0,0.0,0.0,0.001768654413562626,0.002969249524416269,0.9862580842232334,0.16517580550172728,0,0,0,,0.6607625484466553,-0.016696453094482422,0.0,False,False,4,False
133.679538166,2617,133,679538166,map,16.53032112121582,-0.9100723266601562,-1.3384628295898438,-0.00012207032705191523,0.0,0.0,0.0,0.0017049088318156539,0.0030370297095541096,0.9866329703011799,0.16292099818958053,0,0,0,,0.6499688625335693,-0.016707003116607666,0.0,False,False,4,False
133.729538166,2618,133,729538166,map,16.55072593688965,-0.9359931945800781,-1.485891342163086,-0.00019416808208916336,0.0,0.0,0.0,0.0016609557136754004,0.003146505163851208,0.9870320958567685,0.16048358944130672,0,0,0,,0.6303119659423828,-0.01908576488494873,0.0,False,False,4,False
133.779538167,2619,133,779538167,map,16.569969177246094,-0.9415435791015625,-1.6046428680419922,-0.00010776519047794864,0.0,0.0,0.0,0.0016330290068963685,0.003298025809837888,0.9874618170742205,0.15781513255229623,0,0,0,,0.6425876617431641,-0.02097567915916443,0.0,False,False,4,False
133.829538168,2620,133,829538168,map,16.587310791015625,-1.0759925842285156,-2.1756839752197266,-0.00041389462421648204,0.0,0.0,0.0,0.0016385733096788086,0.0036335226548641904,0.9879607159210767,0.15465360127503933,0,0,0,,0.6289111375808716,-0.03019183874130249,0.0,False,False,4,False
133.879538169,2621,133,879538169,map,16.606536865234375,-0.8456611633300781,-1.3800334930419922,2.956388925667852e-05,0.0,0.0,0.0,0.001616668719337732,0.0037387717251295815,0.9884628534663144,0.15140870280624813,0,0,0,,0.6554811000823975,-0.017575621604919434,0.0,False,False,4,False
133.929538169,2622,133,929538169,map,16.63005828857422,-1.1037254333496094,-1.9448661804199219,0.00015754700871184468,0.0,0.0,0.0,0.0016161373536193423,0.0038789237604704326,0.9889611527449609,0.1481154293511402,0,0,0,,0.7468326091766357,-0.02454507350921631,0.0,False,False,4,False
133.97953817,2623,133,979538170,map,16.666553497314453,-1.3698768615722656,-1.9777393341064453,-0.00016479493933729827,0.0,0.0,0.0,0.0016650093666844188,0.004097997736579459,0.9894789125555127,0.14460952861523355,0,0,0,,0.81829833984375,-0.025981605052947998,0.0,False,False,4,False
134.029538171,2624,134,29538171,map,16.71786117553711,-1.6507148742675781,-1.9383716583251953,-0.00021877283870708197,0.0,0.0,0.0,0.0017632253095486755,0.004309748976009112,0.9900077978746121,0.14093572026896678,0,0,0,,0.8353183269500732,-0.02600798010826111,0.0,False,False,4,False
134.079538172,2625,134,79538172,map,16.782432556152344,-1.8125534057617188,-1.6004753112792969,0.0001064300158759579,0.0,0.0,0.0,0.001885048305674125,0.004382619330030795,0.9905134027298933,0.1373333107921804,0,0,0,,0.8530919551849365,-0.020565539598464966,0.0,False,False,4,False
134.079538172,2626,134,129538172,map,16.856550216674805,-2.0284652709960938,-1.708383560180664,0.00020771025447174907,0.0,0.0,0.0,0.0020271095807174906,0.004423734533583378,0.9909883178472466,0.13385990919542975,0,0,0,,0.850063681602478,-0.021356433629989624,0.0,False,False,4,False
134.179538173,2627,134,179538173,map,16.939149856567383,-2.09442138671875,-1.3624954223632812,0.00020008085994049907,0.0,0.0,0.0,0.0021626793724811967,0.004356975795997372,0.99141644651595,0.13065132665813817,0,0,0,,0.8673856258392334,-0.015641719102859497,0.0,False,False,4,False
134.229538174,2628,134,229538174,map,17.02713966369629,-2.2160720825195312,-1.4391517639160156,0.0002700805780477822,0.0,0.0,0.0,0.0022909396291849694,0.004271924770721391,0.9917990997605587,0.12771471320296005,0,0,0,,0.8457059860229492,-0.016105234622955322,0.0,False,False,4,False
134.279538175,2629,134,279538175,map,17.118940353393555,-2.281494140625,-1.4328861236572266,-1.1253359843976796e-05,0.0,0.0,0.0,0.0024053626405626865,0.004209740194475577,0.9921517127209768,0.12494587333279486,0,0,0,,0.8702149391174316,-0.016218245029449463,0.0,False,False,4,False
134.329538175,2630,134,329538175,map,17.215747833251953,-2.2888946533203125,-1.1054801940917969,0.00015850065392442048,0.0,0.0,0.0,0.002494144945798629,0.004057814885454211,0.9924644843613412,0.122440028833391,0,0,0,,0.8709237575531006,-0.011568695306777954,0.0,False,False,4,False
134.379538176,2631,134,379538176,map,17.315780639648438,-2.406158447265625,-1.3382911682128906,7.534027099609375e-05,0.0,0.0,0.0,0.002574507347009156,0.0039590033395427516,0.9927541567594423,0.12007032290006633,0,0,0,,0.8823429346084595,-0.015334069728851318,0.0,False,False,4,False
134.429538177,2632,134,429538177,map,17.41951560974121,-2.448577880859375,-1.2439537048339844,-0.0001089096040232107,0.0,0.0,0.0,0.00264606303766965,0.003889219835007092,0.9930352592626518,0.11772360078010483,0,0,0,,0.8830220699310303,-0.015033543109893799,0.0,False,False,4,False
134.479538178,2633,134,479538178,map,17.526805877685547,-2.4852752685546875,-1.1324405670166016,1.3351473171496764e-06,0.0,0.0,0.0,0.0027047239341438612,0.003793858639328204,0.9933048835381333,0.11542833033688261,0,0,0,,0.8987517356872559,-0.013989835977554321,0.0,False,False,4,False
134.529538178,2634,134,529538178,map,17.63857650756836,-2.5425338745117188,-1.02020263671875,6.828307232353836e-05,0.0,0.0,0.0,0.002754665387645806,0.0036644324331340035,0.9935585948877255,0.11322677368128937,0,0,0,,0.9161238670349121,-0.012694835662841797,0.0,False,False,4,False
134.579538179,2635,134,579538179,map,17.753799438476562,-2.6495361328125,-1.207571029663086,-6.999968900345266e-05,0.0,0.0,0.0,0.002809914483355641,0.003605244331942066,0.9938099969934625,0.11099908319331911,0,0,0,,0.9062583446502686,-0.01599225401878357,0.0,False,False,4,False
134.579538179,2636,134,629538180,map,17.870418548583984,-2.621307373046875,-0.9966325759887695,-5.321502612787299e-05,0.0,0.0,0.0,0.002855803952319753,0.0035237875323515487,0.9940558552446563,0.10877676203595826,0,0,0,,0.8804279565811157,-0.013253659009933472,0.0,False,False,4,False
134.62953818,2637,134,679538181,map,17.982667922973633,-2.3873519897460938,-0.3808784484863281,0.00033416750375181437,0.0,0.0,0.0,0.0028584382238733682,0.0032138030986992566,0.9942538171321655,0.10696189937861726,0,0,0,,0.7943699359893799,-0.0028937160968780518,0.0,False,False,4,False
134.729538181,2638,134,729538181,map,18.076814651489258,-2.126617431640625,-0.8890962600708008,0.0001890182466013357,0.0,0.0,0.0,0.0028186526709592227,0.002985690838688125,0.9944178539464441,0.10543373558726277,0,0,0,,0.5868932008743286,-0.008439362049102783,0.0,False,False,4,False
134.779538182,2639,134,779538182,map,18.137258529663086,-1.3006973266601562,-0.2870941162109375,0.0003986358060501516,0.0,0.0,0.0,0.002664463597723144,0.0026293687988665835,0.9945339600604804,0.10434648695511892,0,0,0,,0.4525564908981323,0.002189815044403076,0.0,False,False,4,False
134.779538182,2640,134,829538183,map,18.164594650268555,-0.9237289428710938,-1.6858530044555664,-0.0001512526796432212,0.0,0.0,0.0,0.0024320455453982425,0.0026621885810044666,0.9946655429646405,0.10308955109651585,0,0,0,,0.5251860618591309,-0.017344743013381958,0.0,False,False,4,False
134.879538184,2641,134,879538184,map,18.18067741394043,-0.6504440307617188,-1.523580551147461,-0.00034236907958984375,0.0,0.0,0.0,0.002161375864379935,0.002859283293448216,0.9948480231995942,0.10131418306081476,0,0,0,,0.731663703918457,-0.017383068799972534,0.0,False,False,4,False
134.929538184,2642,134,929538184,map,18.206493377685547,-0.9970855712890625,-2.28912353515625,-0.0004989624139852822,0.0,0.0,0.0,0.0019550851481738383,0.003299378042365684,0.9951080557330629,0.09871802855486936,0,0,0,,0.8244398832321167,-0.031151145696640015,0.0,False,False,4,False
134.979538185,2643,134,979538185,map,18.248332977294922,-1.3029098510742188,-2.2687196731567383,-0.0007331848028115928,0.0,0.0,0.0,0.0018545401219328729,0.0038093570493766965,0.995446016162495,0.09523275899617913,0,0,0,,0.8181464672088623,-0.03284728527069092,0.0,False,False,4,False
135.029538186,2644,135,29538186,map,18.301555633544922,-1.518096923828125,-2.272024154663086,-0.0004644393629860133,0.0,0.0,0.0,0.0018405209885046438,0.004248093594212043,0.9958281287861307,0.09113124657118961,0,0,0,,0.8193225860595703,-0.03208029270172119,0.0,False,False,4,False
135.029538186,2645,135,79538187,map,18.362590789794922,-1.6883087158203125,-2.4327516555786133,-0.00022430423996411264,0.0,0.0,0.0,0.0018851110275235645,0.004645836952511809,0.9962286428774304,0.08662190061420767,0,0,0,,0.8176809549331665,-0.03224438428878784,0.0,False,False,4,False
135.079538187,2646,135,129538187,map,18.430423736572266,-1.8101119995117188,-2.455277442932129,-0.00013904573279432952,0.0,0.0,0.0,0.001959892783607714,0.004986131451447654,0.9966247845532509,0.08191664133502838,0,0,0,,0.8365882635116577,-0.029785454273223877,0.0,False,False,4,False
135.179538188,2647,135,179538188,map,18.50665283203125,-1.9854736328125,-2.611260414123535,-4.501343937590718e-05,0.0,0.0,0.0,0.002053897433928852,0.005305218348909196,0.9970036097855637,0.07714556525268963,0,0,0,,0.8920081853866577,-0.029332250356674194,0.0,False,False,4,False
135.229538189,2648,135,229538189,map,18.592329025268555,-2.19879150390625,-2.9003286361694336,-0.00023612970835529268,0.0,0.0,0.0,0.0021690964304946865,0.005674930522313706,0.9973667232382335,0.07226831644137721,0,0,0,,0.897374153137207,-0.03164377808570862,0.0,False,False,4,False
135.279538189,2649,135,279538189,map,18.688217163085938,-2.3089599609375,-2.435946464538574,0.0002065658918581903,0.0,0.0,0.0,0.002286155581268654,0.005865808424426998,0.9976938102750637,0.06758273983060671,0,0,0,,0.9094288349151611,-0.022438496351242065,0.0,False,False,4,False
135.32953819,2650,135,329538190,map,18.790342330932617,-2.4680709838867188,-2.8186750411987305,0.0002773285086732358,0.0,0.0,0.0,0.0024062963896390012,0.006051897600861134,0.9979859922087715,0.06309947407219577,0,0,0,,0.9205210208892822,-0.025872766971588135,0.0,False,False,4,False
135.379538191,2651,135,379538191,map,18.900381088256836,-2.5252151489257812,-2.240157127380371,0.0004989623557776213,0.0,0.0,0.0,0.002515818774242528,0.006051467483533305,0.9982347460922251,0.05902916305845719,0,0,0,,0.9187479019165039,-0.01583036780357361,0.0,False,False,4,False
135.429538192,2652,135,429538192,map,19.012737274169922,-2.6153564453125,-2.727060317993164,0.0004144668346270919,0.0,0.0,0.0,0.002616982530271204,0.006099333485963035,0.9984509900069698,0.0552410181619134,0,0,0,,0.9116864204406738,-0.021904796361923218,0.0,False,False,4,False
135.479538192,2653,135,479538192,map,19.12865447998047,-2.5995254516601562,-2.186121940612793,0.00037555693415924907,0.0,0.0,0.0,0.0026963280548492675,0.006021055839890299,0.9986358604958213,0.051796668168564854,0,0,0,,0.9026788473129272,-0.013897329568862915,0.0,False,False,4,False
135.529538193,2654,135,529538193,map,19.245981216430664,-2.53814697265625,-1.5281438827514648,0.0010288237826898694,0.0,0.0,0.0,0.002746107935698828,0.005644612195553933,0.998773672894335,0.04910954670455641,0,0,0,,0.8911764621734619,-0.003168821334838867,0.0,False,False,4,False
135.579538194,2655,135,579538194,map,19.360841751098633,-2.5627899169921875,-2.300858497619629,0.00028400419978424907,0.0,0.0,0.0,0.002782029950468769,0.00544774708576604,0.9988873234179837,0.04676213720415783,0,0,0,,0.8959380388259888,-0.014931917190551758,0.0,False,False,4,False
135.629538195,2656,135,629538195,map,19.477113723754883,-2.53875732421875,-1.9465088844299316,-0.00018844599253498018,0.0,0.0,0.0,0.0028025775693341173,0.005297962161039661,0.9989914881584216,0.04449813190382442,0,0,0,,0.9091013669967651,-0.012259989976882935,0.0,False,False,4,False
135.679538195,2657,135,679538195,map,19.59421157836914,-2.5630569458007812,-2.1589207649230957,-0.0002603531174827367,0.0,0.0,0.0,0.0028155151123889625,0.005214140413314306,0.9990929363664172,0.04216859159531518,0,0,0,,0.9154739379882812,-0.017192214727401733,0.0,False,False,4,False
135.729538196,2658,135,729538196,map,19.713632583618164,-2.5650787353515625,-1.820077896118164,-0.00012397763202898204,0.0,0.0,0.0,0.002822885295394349,0.005071914249976181,0.999190646082,0.039804017217931385,0,0,0,,0.9158339500427246,-0.013697385787963867,0.0,False,False,4,False
135.779538197,2659,135,779538197,map,19.83380126953125,-2.574920654296875,-1.8848752975463867,-5.130768840899691e-05,0.0,0.0,0.0,0.0028282091992713047,0.004923811168512059,0.9992832710636155,0.037425946730882335,0,0,0,,0.9145448207855225,-0.015205562114715576,0.0,False,False,4,False
135.779538197,2660,135,829538198,map,19.953937530517578,-2.5793075561523438,-2.0914602279663086,-0.00024852753267623484,0.0,0.0,0.0,0.0028329419039961933,0.004875446706425869,0.9993758695096887,0.03487227984137016,0,0,0,,0.9134764671325684,-0.01904025673866272,0.0,False,False,4,False
135.879538198,2661,135,879538198,map,20.074462890625,-2.5693893432617188,-2.027738094329834,-0.0002141952427336946,0.0,0.0,0.0,0.002834144378719896,0.004858471639551693,0.9994678713876263,0.03213000066691272,0,0,0,,0.912062406539917,-0.018562674522399902,0.0,False,False,4,False
135.929538199,2662,135,929538199,map,20.193925857543945,-2.5604629516601562,-2.3973655700683594,-0.00030899044941179454,0.0,0.0,0.0,0.002832291746041217,0.004961822758175794,0.9995609190206821,0.029074518137213137,0,0,0,,0.9119739532470703,-0.024050205945968628,0.0,False,False,4,False
135.9795382,2663,135,979538200,map,20.31359100341797,-2.5431442260742188,-2.312142848968506,-0.00035114289494231343,0.0,0.0,0.0,0.0028253751583555953,0.005082219428751332,0.9996517870745648,0.025738937420214634,0,0,0,,0.9098594188690186,-0.02242836356163025,0.0,False,False,4,False
136.029538201,2664,136,29538201,map,20.432344436645508,-2.5186538696289062,-2.4747824668884277,-0.00012989046808797866,0.0,0.0,0.0,0.0028135501047174974,0.005221203480776774,0.999736047629761,0.02219590141546066,0,0,0,,0.9065374135971069,-0.023575514554977417,0.0,False,False,4,False
136.029538201,2665,136,79538201,map,20.550228118896484,-2.4853897094726562,-2.491062879562378,-8.506773156113923e-05,0.0,0.0,0.0,0.002796594157165898,0.005355423061447973,0.999810159160337,0.018524150310735118,0,0,0,,0.9011054039001465,-0.022297710180282593,0.0,False,False,4,False
136.079538201,2666,136,129538202,map,20.66655731201172,-2.4411773681640625,-2.575129270553589,3.128050593659282e-05,0.0,0.0,0.0,0.002773824690776555,0.005485448388247798,0.9998715402112596,0.014802662872891543,0,0,0,,0.8959126472473145,-0.021767228841781616,0.0,False,False,4,False
136.129538202,2667,136,179538203,map,20.782054901123047,-2.3980331420898438,-2.306849956512451,0.0002990722714457661,0.0,0.0,0.0,0.002746520174172941,0.005504291992363896,0.9999177351742795,0.011255322320355718,0,0,0,,0.8919771909713745,-0.015787065029144287,0.0,False,False,4,False
136.179538203,2668,136,229538204,map,20.895301818847656,-2.3430633544921875,-2.4382317066192627,0.0002662658807821572,0.0,0.0,0.0,0.0027155496677089496,0.005500130309332991,0.9999496122033241,0.00794653452796893,0,0,0,,0.8863929510116577,-0.015887677669525146,0.0,False,False,4,False
136.279538204,2669,136,279538204,map,21.005558013916016,-2.2734832763671875,-2.673006534576416,3.681183443404734e-05,0.0,0.0,0.0,0.002678928202717837,0.005577705943362819,0.9999697610480244,0.004710576360803001,0,0,0,,0.8763406276702881,-0.018730372190475464,0.0,False,False,4,False
136.329538205,2670,136,329538205,map,21.11319923400879,-2.2034835815429688,-2.6732993125915527,-0.0001291275111725554,0.0,0.0,0.0,0.002635706065854777,0.005680153352070376,0.9999793135737498,0.001470148292984091,0,0,0,,0.872505784034729,-0.018591701984405518,0.0,False,False,4,False
136.329538205,2671,136,379538206,map,21.218461990356445,-2.136993408203125,-2.5030949115753174,0.00011386872211005539,0.0,0.0,0.0,-0.002587996552090907,-0.005707049196493134,-0.9999789635765964,0.0016745947543480575,0,0,0,,0.8607062101364136,-0.01557275652885437,0.0,False,False,4,False
136.429538207,2672,136,429538207,map,21.320066452026367,-2.0488739013671875,-2.52396821975708,0.00023136139498092234,0.0,0.0,0.0,-0.002535424885474727,-0.005693878776031828,-0.9999695913964413,0.004686965710173994,0,0,0,,0.849703311920166,-0.015317469835281372,0.0,False,False,4,False
136.429538207,2673,136,479538207,map,21.417524337768555,-1.950836181640625,-2.570011615753174,7.43865966796875e-05,0.0,0.0,0.0,-0.002476247016930203,-0.005687465092176543,-0.9999517115052942,0.0076220469146808115,0,0,0,,0.8393290042877197,-0.01588284969329834,0.0,False,False,4,False
136.529538208,2674,136,529538208,map,21.512418746948242,-1.8920135498046875,-1.45285964012146,0.0008979797130450606,0.0,0.0,0.0,-0.0024197920329339963,-0.005318961410219505,-0.9999336196197605,0.009930237165260007,0,0,0,,0.8181219100952148,0.0013698935508728027,0.0,False,False,4,False
136.579538209,2675,136,579538209,map,21.600122451782227,-1.7343521118164062,-2.3452188968658447,0.00040473940316587687,0.0,0.0,0.0,-0.0023547784418039325,-0.0051021519451579945,-0.9999136829320916,0.011876436721460748,0,0,0,,0.8147225379943848,-0.011334657669067383,0.0,False,False,4,False
136.62953821,2676,136,629538210,map,21.68444061279297,-1.664886474609375,-1.6597161293029785,-8.964561857283115e-06,0.0,0.0,0.0,-0.002286516029479008,-0.004838736387639591,-0.9998939471006234,0.01354448323686644,0,0,0,,0.8030424118041992,-0.0031018853187561035,0.0,False,False,4,False
136.67953821,2677,136,679538210,map,21.764575958251953,-1.583709716796875,-1.182439923286438,0.00043659209040924907,0.0,0.0,0.0,-0.002221283825742844,-0.004379798857624887,-0.9998808519503565,0.014634382910178519,0,0,0,,0.7988256216049194,0.003217458724975586,0.0,False,False,4,False
136.729538211,2678,136,729538211,map,21.84104347229004,-1.5280532836914062,-0.0872725248336792,0.0007217406528070569,0.0,0.0,0.0,-0.0021651322615229337,-0.0035524668175889113,-0.9998840162313868,0.014650811130855873,0,0,0,,0.8001437187194824,0.018577158451080322,0.0,False,False,4,False
136.779538212,2679,136,779538212,map,21.91458511352539,-1.4703369140625,-0.041121840476989746,0.00022602092940360308,0.0,0.0,0.0,-0.0021162625269882103,-0.0026639140677565012,-0.9999015563009936,0.013612593493054598,0,0,0,,0.7960307598114014,0.017723798751831055,0.0,False,False,4,False
136.829538213,2680,136,829538213,map,21.98448371887207,-1.4067840576171875,0.5008971691131592,-0.00033912656363099813,0.0,0.0,0.0,-0.002070885329003186,-0.0017552305687225705,-0.9999277985884248,0.011705904907835225,0,0,0,,0.7790548801422119,0.021583914756774902,0.0,False,False,4,False
136.829538213,2681,136,879538213,map,22.051185607910156,-1.34246826171875,0.5195927619934082,-0.0006578446482308209,0.0,0.0,0.0,-0.0020241049785634673,-0.0009548738909023883,-0.9999544718153788,0.009276071976598086,0,0,0,,0.7856707572937012,0.01674830913543701,0.0,False,False,4,False
136.929538214,2682,136,929538214,map,22.114213943481445,-1.2776565551757812,1.2174707651138306,-0.0007843016646802425,0.0,0.0,0.0,-0.001975888784968735,-0.00010899163545686406,-0.9999774030731946,0.0064247433662906655,0,0,0,,0.7687422037124634,0.021352171897888184,0.0,False,False,4,False
136.929538214,2683,136,979538215,map,22.172870635986328,-1.1843490600585938,0.975954532623291,-0.0006814956432208419,0.0,0.0,0.0,-0.0019220126230093473,0.0005778548642127372,-0.9999918935640467,0.0034906671891425933,0,0,0,,0.73720383644104,0.01258087158203125,0.0,False,False,4,False
137.029538216,2684,137,29538216,map,22.22415542602539,-1.0367202758789062,1.2358477115631104,-0.0005245208740234375,0.0,0.0,0.0,-0.0018549702411035356,0.0011469779616327623,-0.9999973484828739,0.0007392930283498508,0,0,0,,0.7127740383148193,0.010968267917633057,0.0,False,False,4,False
137.079538216,2685,137,79538216,map,22.26825714111328,-0.8843994140625,0.3304031491279602,-0.00018711088341660798,0.0,0.0,0.0,0.0017727733599150013,-0.0013063146155836052,0.9999968261083606,0.0012241690833935087,0,0,0,,0.6970275640487671,-0.006747901439666748,0.0,False,False,4,False
137.129538217,2686,137,129538217,map,22.301939010620117,-0.6824493408203125,1.917179822921753,-7.70568658481352e-05,0.0,0.0,0.0,0.0016725219380521125,-0.0017541014575803645,0.9999927042277487,0.0029525056676651677,0,0,0,,0.6590820550918579,0.013719499111175537,0.0,False,False,4,False
137.179538218,2687,137,179538218,map,22.32795524597168,-0.5215835571289062,0.9010980129241943,-5.569458153331652e-05,0.0,0.0,0.0,0.0015575602074104483,-0.0020263934339878396,0.9999868996090312,0.0044349009197844815,0,0,0,,0.6553716659545898,-0.0007026195526123047,0.0,False,False,4,False
137.229538219,2688,137,229538219,map,22.34684944152832,-0.37769317626953125,0.6185672283172607,0.00036582944449037313,0.0,0.0,0.0,0.0014372168870450189,-0.001993231501934898,0.9999831507276761,0.005259248667747822,0,0,0,,0.651370644569397,-0.006094753742218018,0.0,False,False,4,False
137.279538219,2689,137,279538219,map,22.35796356201172,-0.22090911865234375,0.7654830813407898,0.0003377914254087955,0.0,0.0,0.0,0.0013151366008241421,-0.001912056619479599,0.9999817310241897,0.005581404220275972,0,0,0,,0.6074767112731934,-0.003635913133621216,0.0,False,False,4,False
137.279538219,2690,137,329538220,map,22.361799240112305,-0.07770538330078125,-0.4720956087112427,0.00041732791578397155,0.0,0.0,0.0,0.001192552617673271,-0.0014464917875021768,0.9999856990611424,0.005008707713690716,0,0,0,,0.6391037702560425,-0.020376741886138916,0.0,False,False,4,False
137.379538221,2691,137,379538221,map,22.36237907409668,-0.0112152099609375,0.21475449204444885,0.00017585749446880072,0.0,0.0,0.0,0.001079270544897413,-0.0010678281665347283,0.999991433844492,0.003850604593401261,0,0,0,,0.622754693031311,-0.008706212043762207,0.0,False,False,4,False
137.429538222,2692,137,429538222,map,22.35901641845703,0.06744384765625,0.08974894881248474,7.62956915423274e-07,0.0,0.0,0.0,0.0009774031532821612,-0.0008212077127320369,0.9999957800587155,0.002609629423846524,0,0,0,,0.618765115737915,-0.005898654460906982,0.0,False,False,4,False
137.429538222,2693,137,479538222,map,22.352693557739258,0.126953125,0.18831081688404083,-0.00020847318228334188,0.0,0.0,0.0,0.0008872367845942021,-0.0006709102735616777,0.9999981512015058,0.0015685292038139693,0,0,0,,0.6221621036529541,-0.0003427863121032715,0.0,False,False,4,False
137.529538223,2694,137,529538223,map,22.34536361694336,0.14537811279296875,-0.578003466129303,-2.250671968795359e-05,0.0,0.0,0.0,0.0008122424645087348,-0.0003319764251061462,0.9999994856559287,0.0005086666003758612,0,0,0,,0.6429681777954102,-0.008443236351013184,0.0,False,False,4,False
137.579538224,2695,137,579538224,map,22.339357376098633,0.11997222900390625,-0.12474708259105682,-0.00019760133000090718,0.0,0.0,0.0,-0.0007577886150995974,7.849331125654358e-05,-0.999999611396955,0.0004436227609186309,0,0,0,,0.6487780809402466,-0.0002829134464263916,0.0,False,False,4,False
137.629538225,2696,137,629538225,map,22.334129333496094,0.10471343994140625,0.11766932904720306,-0.00010662077693268657,0.0,0.0,0.0,-0.0007229104627020075,2.6752206132166248e-05,-0.9999992980968528,0.0009383445977203643,0,0,0,,0.6408225297927856,0.005623936653137207,0.0,False,False,4,False
137.629538225,2697,137,679538225,map,22.329463958740234,0.09449005126953125,0.5652078986167908,-9.231567673850805e-05,0.0,0.0,0.0,-0.0007021660735652154,0.00020617583408873199,-0.999999493340508,0.0006912112977654236,0,0,0,,0.6564953327178955,0.01382291316986084,0.0,False,False,4,False
137.729538226,2698,137,729538226,map,22.327733993530273,0.03421783447265625,-0.14464512467384338,-6.618499173782766e-05,0.0,0.0,0.0,-0.0006964430886328972,0.00022177058247523635,-0.9999997277603274,0.00010131191540461099,0,0,0,,0.6749815940856934,0.003369748592376709,0.0,False,False,4,False
137.779538227,2699,137,779538227,map,22.32899284362793,-0.0232696533203125,0.6243834495544434,-5.836486161570065e-05,0.0,0.0,0.0,0.0007060055084555741,-0.0003689076904488951,0.9999993303051465,0.0008395549990874384,0,0,0,,0.6776386499404907,0.012498557567596436,0.0,False,False,4,False
137.829538227,2700,137,829538227,map,22.332067489624023,-0.05680084228515625,0.9669765830039978,-0.00011234283010708168,0.0,0.0,0.0,0.0007250657171514641,-0.0007183697506384807,0.9999966928652239,0.0023606107732024014,0,0,0,,0.6686806678771973,0.01659095287322998,0.0,False,False,4,False
137.879538228,2701,137,879538228,map,22.3353328704834,-0.0591278076171875,0.8886927366256714,-0.00017795563326217234,0.0,0.0,0.0,0.0007455465496760221,-0.0010588719069433592,0.999990028668865,0.004273817201225969,0,0,0,,0.6506466865539551,0.01341700553894043,0.0,False,False,4,False
137.929538229,2702,137,929538229,map,22.3321590423584,0.06893157958984375,0.6319278478622437,5.1498318498488516e-06,0.0,0.0,0.0,0.0007517569866864135,-0.0012374291719308612,0.9999799871189187,0.006158651810628321,0,0,0,,0.5342384576797485,0.0063700079917907715,0.0,False,False,4,False
137.929538229,2703,137,979538230,map,22.30509376525879,0.5657577514648438,2.0896964073181152,-0.00022258756507653743,0.0,0.0,0.0,0.0006950159214334698,-0.0017953710558254825,0.9999617446714236,0.00853245505837759,0,0,0,,0.25911569595336914,0.025901079177856445,0.0,False,False,4,False
138.02953823,2704,138,29538230,map,22.23078727722168,1.5013504028320312,0.9911853075027466,-9.95635855360888e-05,0.0,0.0,0.0,0.0005079582494010473,-0.0021426642353437825,0.999936464010217,0.011055266217301537,0,0,0,,0.0,0.008339405059814453,0.023136436939239502,False,False,4,False
138.079538231,2705,138,79538231,map,22.081817626953125,2.988433837890625,0.5095720291137695,0.00033740996150299907,0.0,0.0,0.0,0.00011825228090016618,-0.0021013448423810956,0.9999136808470149,0.012969241351185283,0,0,0,,0.0,-0.002620398998260498,0.35847461223602295,False,False,4,False
138.079538231,2706,138,129538232,map,21.847713470458984,4.696388244628906,0.7300776243209839,0.00042171479435637593,0.0,0.0,0.0,-0.0005372748223966097,-0.002014930955326051,0.9998957328296394,0.014288976803426145,0,0,0,,0.0,-0.0011780261993408203,0.4022442698478699,False,False,4,False
138.129538232,2707,138,179538233,map,21.576683044433594,5.429573059082031,0.3931182622909546,0.0001409530668752268,0.0,0.0,0.0,-0.0013174201934019524,-0.0018624399626271846,0.9998842127603692,0.015045158490235588,0,0,0,,0.0,-0.006678491830825806,0.4475059509277344,False,False,4,False
138.179538233,2708,138,229538233,map,21.286653518676758,5.80780029296875,0.2806335687637329,-6.46591215627268e-05,0.0,0.0,0.0,-0.002076605915751738,-0.0016561684597452568,0.9998802619306131,0.015244888175129888,0,0,0,,0.0,-0.008146464824676514,0.4484637975692749,False,False,4,False
138.279538234,2709,138,279538234,map,20.98476791381836,6.039390563964844,0.01260221004486084,-1.564025296829641e-05,0.0,0.0,0.0,-0.00273517903066466,-0.0013809321193632548,0.9998840435745201,0.014916810222671469,0,0,0,,0.0,-0.011095404624938965,0.455532431602478,False,False,4,False
138.279538234,2710,138,329538235,map,20.677616119384766,6.1350250244140625,-0.43937206268310547,-8.716584125068039e-05,0.0,0.0,0.0,-0.003265470680137206,-0.0009654020027732986,0.9998966474805968,0.013967786412793745,0,0,0,,0.0,-0.01670539379119873,0.44481223821640015,False,False,4,False
138.329538235,2711,138,379538236,map,20.370006561279297,6.1338043212890625,-0.9756416082382202,6.67572021484375e-05,0.0,0.0,0.0,-0.0036634433910451543,-0.00036955373694136633,0.9999182670199186,0.012243442834385531,0,0,0,,0.0,-0.023644715547561646,0.426700234413147,False,False,4,False
138.379538236,2712,138,429538236,map,20.063566207885742,6.1022186279296875,-1.5962237119674683,-0.0001392364501953125,0.0,0.0,0.0,-0.003944530549568407,0.0004209390581696361,0.9999462916872296,0.009574822714323278,0,0,0,,0.0,-0.03179216384887695,0.4118530750274658,False,False,4,False
138.479538237,2713,138,479538237,map,19.7584228515625,6.0828399658203125,-1.5173256397247314,-0.0002454757341183722,0.0,0.0,0.0,-0.004135200102533461,0.0011521402213805446,0.9999715055399125,0.0062097343955290745,0,0,0,,0.0,-0.027370542287826538,0.4088808298110962,False,False,4,False
138.529538238,2714,138,529538238,map,19.45415496826172,6.0707855224609375,-1.4971802234649658,-0.00026035308837890625,0.0,0.0,0.0,-0.004262949963477453,0.0017208514729141736,0.9999860867443365,0.0025869374877378827,0,0,0,,0.0,-0.02205011248588562,0.41128700971603394,False,False,4,False
138.579538239,2715,138,579538239,map,19.146427154541016,6.151466369628906,-0.42664825916290283,9.975436114473268e-05,0.0,0.0,0.0,0.004353628158994558,-0.0017975930779138818,-0.9999888297539946,0.0003936346222977075,0,0,0,,0.0,0.0013634562492370605,0.4456769824028015,False,False,4,False
138.629538239,2716,138,629538239,map,18.84019660949707,6.122589111328125,-0.32318398356437683,0.00038509367732331157,0.0,0.0,0.0,0.004418075410781122,-0.001605202072346471,-0.9999864724763193,0.002226836397035653,0,0,0,,0.0,0.00958782434463501,0.438595712184906,False,False,4,False
138.629538239,2717,138,679538240,map,18.54038429260254,5.991935729980469,-0.8244102001190186,7.324219041038305e-05,0.0,0.0,0.0,0.004447232498216079,-0.0015556442558620795,-0.9999836052766967,0.0032544234321839715,0,0,0,,0.0,0.0040776729583740234,0.4148210287094116,False,False,4,False
138.67953824,2718,138,729538241,map,18.256105422973633,5.683441162109375,-0.6278057098388672,4.1770927055040374e-05,0.0,0.0,0.0,0.004424516773803284,-0.0015463966465342823,-0.9999820680149072,0.0037277281767552884,0,0,0,,0.0,0.006350278854370117,0.3443344831466675,False,False,4,False
138.779538242,2719,138,779538242,map,17.99603843688965,5.2011871337890625,-1.8300533294677734,-0.0001222610444528982,0.0,0.0,0.0,0.0043282655134653045,-0.0019257768931239363,-0.9999788989031835,0.0044451377233852805,0,0,0,,0.0,-0.015650182962417603,0.22764891386032104,False,False,4,False
138.829538242,2720,138,829538242,map,17.772502899169922,4.485206604003906,-2.44500732421875,-0.00045604706974700093,0.0,0.0,0.0,0.004137525482836358,-0.002657087400378373,-0.9999686371016717,0.006208508874991923,0,0,0,,0.0,-0.031327903270721436,0.03695034980773926,False,False,4,False
138.879538243,2721,138,879538243,map,17.577199935913086,3.9034652709960938,0.3067129850387573,0.0006559371831826866,0.0,0.0,0.0,0.003844411629023849,-0.0024810732318958414,-0.9999604237652631,0.007629919923570434,0,0,0,,0.17640292644500732,0.011186301708221436,0.0,False,False,4,False
138.929538244,2722,138,929538244,map,17.399187088012695,3.5611343383789062,-0.08479207754135132,0.0010114670731127262,0.0,0.0,0.0,0.0035043688587704652,-0.001954558956890148,-0.9999593838696652,0.008070297961371436,0,0,0,,0.13376641273498535,0.009789586067199707,0.0,False,False,4,False
138.979538245,2723,138,979538245,map,17.231277465820312,3.3544540405273438,0.4616740345954895,0.00028476715669967234,0.0,0.0,0.0,0.0031702023528051146,-0.0013199470168833514,-0.9999654341040336,0.007572196117826092,0,0,0,,0.14799058437347412,0.018657982349395752,0.0,False,False,4,False
139.029538245,2724,139,29538245,map,17.07012367248535,3.2167434692382812,1.0351563692092896,-6.618502084165812e-05,0.0,0.0,0.0,0.002870119607644851,-0.0005357724489473626,-0.9999778161244672,0.0059868706568595815,0,0,0,,0.12287712097167969,0.027507007122039795,0.0,False,False,4,False
139.079538246,2725,139,79538246,map,16.910783767700195,3.1846237182617188,0.5708240866661072,-0.0005481720436364412,0.0,0.0,0.0,0.0026255115130740816,3.902390529801659e-05,-0.9999893057390632,0.0038070426758694906,0,0,0,,0.05425894260406494,0.018331706523895264,0.0,False,False,4,False
139.129538247,2726,139,129538247,map,16.748001098632812,3.2542037963867188,1.3663464784622192,-0.0006490707164630294,0.0,0.0,0.0,0.0024503653178412316,0.0006674947308742004,-0.99999613360222,0.0011326699450597989,0,0,0,,0.03204143047332764,0.027000248432159424,0.0,False,False,4,False
139.179538248,2727,139,179538248,map,16.584087371826172,3.2804107666015625,0.9041314125061035,-0.0005680083995684981,0.0,0.0,0.0,-0.0023383582461570947,-0.0011251966680133128,0.9999951876883323,0.0017001803869482691,0,0,0,,0.05588507652282715,0.01699012517929077,0.0,False,False,4,False
139.179538248,2728,139,229538248,map,16.424030303955078,3.2109832763671875,1.589685082435608,-0.0004230499325785786,0.0,0.0,0.0,-0.0022646497231900236,-0.0016344605725195156,0.9999851905715228,0.004671031781436557,0,0,0,,0.17503881454467773,0.024036049842834473,0.0,False,False,4,False
139.279538249,2729,139,279538249,map,16.279876708984375,2.8865432739257812,0.363975465297699,-2.632143150549382e-05,0.0,0.0,0.0,-0.0021805485566065404,-0.0017306766404825602,0.9999705715691314,0.007148843407367603,0,0,0,,0.4384596347808838,0.002147376537322998,0.0,False,False,4,False
139.32953825,2730,139,329538250,map,16.167484283447266,2.25982666015625,1.032765507698059,0.00022315980459097773,0.0,0.0,0.0,-0.002026537593783828,-0.0018011429675265185,0.9999551465956531,0.009074900895176246,0,0,0,,0.5770134925842285,0.007775545120239258,0.0,False,False,4,False
139.32953825,2731,139,379538251,map,16.091947555541992,1.511993408203125,0.08564382791519165,0.0004283904854673892,0.0,0.0,0.0,-0.001762499143835605,-0.0016121944992154656,0.9999449851995458,0.010213765218799171,0,0,0,,0.6417465209960938,-0.007721811532974243,0.0,False,False,4,False
139.429538251,2732,139,429538251,map,16.047103881835938,0.8916473388671875,-0.413668155670166,0.0004793167463503778,0.0,0.0,0.0,-0.001403338003279098,-0.0011285216154191186,0.9999464888943757,0.010187071670608599,0,0,0,,0.6630725860595703,-0.01763501763343811,0.0,False,False,4,False
139.479538252,2733,139,479538252,map,16.02019691467285,0.552215576171875,1.0198038816452026,-1.926422555698082e-05,0.0,0.0,0.0,-0.0010095858766192385,-0.001091759559364246,0.9999494220839199,0.009946962926295603,0,0,0,,0.5582394599914551,0.00393146276473999,0.0,False,False,4,False
139.529538253,2734,139,529538253,map,15.997159957885742,0.4544639587402344,-0.4303830862045288,-0.0001430511474609375,0.0,0.0,0.0,-0.0006479139412492662,-0.0008408265827719878,0.9999551854236393,0.009407463130822661,0,0,0,,0.5035488605499268,-0.012972652912139893,0.0,False,False,4,False
139.579538254,2735,139,579538254,map,15.975911140441895,0.4265785217285156,0.11025160551071167,-0.0001293182431254536,0.0,0.0,0.0,-0.0003571136151254185,-0.0006086680708608434,0.9999624941860814,0.008632045771223996,0,0,0,,0.5491410493850708,-0.00469854474067688,0.0,False,False,4,False
139.629538254,2736,139,629538254,map,15.959961891174316,0.3170967102050781,-0.1364871859550476,-0.00019168852304574102,0.0,0.0,0.0,-0.00012887445021941471,-0.0004035359975664124,0.9999691659226706,0.00784141275494124,0,0,0,,0.5797392129898071,-0.005565077066421509,0.0,False,False,4,False
139.679538255,2737,139,679538255,map,15.952248573303223,0.1473236083984375,-0.5286112427711487,-0.00018749237642623484,0.0,0.0,0.0,5.948507341509848e-05,-8.696368777070265e-05,0.9999763666127193,0.006874235584208729,0,0,0,,0.6411862373352051,-0.009900152683258057,0.0,False,False,4,False
139.729538256,2738,139,729538256,map,15.956035614013672,-0.0846099853515625,-0.8013474941253662,-0.00014228819054551423,0.0,0.0,0.0,0.00023297824425936353,0.0003273365368450456,0.9999843293187378,0.005583877584924128,0,0,0,,0.6888316869735718,-0.013523459434509277,0.0,False,False,4,False
139.779538257,2739,139,779538257,map,15.970441818237305,-0.29247283935546875,-0.47927141189575195,-4.978181095793843e-05,0.0,0.0,0.0,0.000403750546689149,0.0006059793706083191,0.999990894362871,0.004204874058005701,0,0,0,,0.677304744720459,-0.00807201862335205,0.0,False,False,4,False
139.829538257,2740,139,829538257,map,15.989348411560059,-0.3838157653808594,-0.8102595806121826,-0.00011768341209972277,0.0,0.0,0.0,0.0005621068616996439,0.0008725527391798673,0.9999956249057746,0.0027699922206693753,0,0,0,,0.6424878835678101,-0.011214286088943481,0.0,False,False,4,False
139.829538257,2741,139,879538258,map,16.008710861206055,-0.38501739501953125,0.3550831973552704,0.00013599393423646688,0.0,0.0,0.0,0.0006916064773202167,0.000734101827543227,0.9999977157604522,0.0018844757534282111,0,0,0,,0.6242632865905762,0.007238268852233887,0.0,False,False,4,False
139.929538259,2742,139,929538259,map,16.023149490356445,-0.291900634765625,-0.5183583498001099,0.00010833740816451609,0.0,0.0,0.0,0.000780640734100508,0.0006902451748027706,0.9999985068413728,0.0013785777699752964,0,0,0,,0.5405845642089844,-0.0025690197944641113,0.0,False,False,4,False
139.97953826,2743,139,979538260,map,16.026426315307617,-0.0666046142578125,-0.21445080637931824,6.637573824264109e-05,0.0,0.0,0.0,0.000811144405511281,0.0006721534887107381,0.9999989035465534,0.0010407497932097525,0,0,0,,0.48428595066070557,0.0008556842803955078,0.0,False,False,4,False
140.02953826,2744,140,29538260,map,16.02057456970215,0.1141357421875,-0.9445915222167969,2.422331817797385e-05,0.0,0.0,0.0,0.00078421960968649,0.0008709198374359534,0.9999991979126204,0.00048028362055025693,0,0,0,,0.5327973365783691,-0.010553508996963501,0.0,False,False,4,False
140.079538261,2745,140,79538261,map,16.006114959716797,0.291900634765625,0.9002939462661743,0.00017986298189498484,0.0,0.0,0.0,0.0007206327006014806,0.0005497814588597631,0.9999994850931911,0.0004563356338621493,0,0,0,,0.41297972202301025,0.015592455863952637,0.0,False,False,4,False
140.129538262,2746,140,129538262,map,15.98130989074707,0.49617767333984375,0.016033947467803955,0.00011138916306663305,0.0,0.0,0.0,0.0006221616501480346,0.00026143687888779613,0.9999993275370541,0.0009431283470765123,0,0,0,,0.458728551864624,0.005436062812805176,0.0,False,False,4,False
140.179538263,2747,140,179538263,map,15.949236869812012,0.6513786315917969,1.4618470668792725,8.468628220725805e-05,0.0,0.0,0.0,0.000505682615919589,-0.0003433646702170592,0.9999972373818438,0.002269716827219072,0,0,0,,0.42807674407958984,0.026323258876800537,0.0,False,False,4,False
140.229538263,2748,140,229538263,map,15.913233757019043,0.7247543334960938,0.47415316104888916,-0.00014591217041015625,0.0,0.0,0.0,0.00038700201667167387,-0.0007350170039205362,0.9999913563051301,0.004073977720776979,0,0,0,,0.4477386474609375,0.012563705444335938,0.0,False,False,4,False
140.279538264,2749,140,279538264,map,15.877680778503418,0.7257652282714844,1.1775392293930054,-5.9890749980695546e-05,0.0,0.0,0.0,0.00028315740915233395,-0.001124823730526953,0.9999802719357977,0.006173356677265435,0,0,0,,0.5147740840911865,0.02003800868988037,0.0,False,False,4,False
140.329538265,2750,140,329538265,map,15.851516723632812,0.5185890197753906,-0.3441759943962097,7.133484177757055e-05,0.0,0.0,0.0,0.00022468497798008218,-0.0010113758680332285,0.999969420621515,0.00775141647610067,0,0,0,,0.6236770153045654,-0.004624366760253906,0.0,False,False,4,False
140.379538265,2751,140,379538265,map,15.841422080993652,0.19287109375,-0.749225914478302,0.00026378632173873484,0.0,0.0,0.0,0.00023764036494378077,-0.0005020816022329256,0.9999670819410655,0.008094842518055543,0,0,0,,0.6958745718002319,-0.01647275686264038,0.0,False,False,4,False
140.429538266,2752,140,429538266,map,15.848407745361328,-0.1442718505859375,-0.4473957419395447,-2.861015673261136e-06,0.0,0.0,0.0,0.00032401576036895935,-5.648066915559562e-05,0.9999721247286716,0.007459329014516852,0,0,0,,0.7136204242706299,-0.014843523502349854,0.0,False,False,4,False
140.429538266,2753,140,479538267,map,15.86789321899414,-0.3931999206542969,-0.3910765051841736,-0.000171661376953125,0.0,0.0,0.0,0.00046157992529028465,0.00023580554745743844,0.9999801003702525,0.00628730492468999,0,0,0,,0.7069218158721924,-0.013103604316711426,0.0,False,False,4,False
140.529538268,2754,140,529538268,map,15.896379470825195,-0.5724334716796875,-0.35019993782043457,-0.0001409530668752268,0.0,0.0,0.0,0.0006211074912015036,0.0004169256910421674,0.9999876769137488,0.0049077916720959,0,0,0,,0.7218008041381836,-0.01029232144355774,0.0,False,False,4,False
140.579538268,2755,140,579538268,map,15.931506156921387,-0.7045555114746094,-0.3027181327342987,-0.00012111662363167852,0.0,0.0,0.0,0.0007821962591752199,0.0005173920223716206,0.9999931865097927,0.003570351313000054,0,0,0,,0.711440920829773,-0.006999224424362183,0.0,False,False,4,False
140.629538269,2756,140,629538269,map,15.969108581542969,-0.7552146911621094,-0.6096002459526062,-0.0001123428373830393,0.0,0.0,0.0,0.000926646213922795,0.0006759771897965022,0.9999968136162423,0.002248808350166886,0,0,0,,0.6844737529754639,-0.00932091474533081,0.0,False,False,4,False
140.67953827,2757,140,679538270,map,16.00155258178711,-0.6421279907226562,1.127376675605774,5.588532076217234e-05,0.0,0.0,0.0,0.0010316741729929008,0.00027542094441416234,0.9999977004712338,0.0018597967492441528,0,0,0,,0.5937585830688477,0.018510818481445312,0.0,False,False,4,False
140.67953827,2758,140,729538271,map,16.02405548095703,-0.455322265625,-0.8069208264350891,7.896422903286293e-05,0.0,0.0,0.0,0.0010792074119941341,0.000272489957936653,0.999997821778358,0.001765644110304425,0,0,0,,0.5478450059890747,-0.006266206502914429,0.0,False,False,4,False
140.779538271,2759,140,779538271,map,16.03060531616211,-0.1259613037109375,0.7828059792518616,3.376007225597277e-05,0.0,0.0,0.0,0.0010573119888157086,4.883326213876608e-05,0.9999972441117427,0.0020955847848252857,0,0,0,,0.4261702299118042,0.014568507671356201,0.0,False,False,4,False
140.829538272,2760,140,829538272,map,16.021181106567383,0.18596649169921875,-0.3542494773864746,7.07626313669607e-05,0.0,0.0,0.0,0.0009643926589589274,1.7931946299442487e-05,0.9999962280936103,0.002571657791551873,0,0,0,,0.4683506488800049,-0.0008400082588195801,0.0,False,False,4,False
140.879538273,2761,140,879538273,map,16.000547409057617,0.41110992431640625,-0.25895193219184875,5.874633643543348e-05,0.0,0.0,0.0,0.0008285727770247786,0.0001306955903251528,0.9999957874284203,0.00277876073627398,0,0,0,,0.41530561447143555,-0.0023948848247528076,0.0,False,False,4,False
140.929538274,2762,140,929538274,map,15.972576141357422,0.5622673034667969,0.4414525628089905,0.00010528564598644152,0.0,0.0,0.0,0.0006727943999807343,1.0820349798139295e-05,0.9999949503037274,0.003105897239335521,0,0,0,,0.49276959896087646,0.006902217864990234,0.0,False,False,4,False
140.979538274,2763,140,979538274,map,15.949541091918945,0.460052490234375,-0.09470388293266296,4.501343209994957e-05,0.0,0.0,0.0,0.0005406045752658325,-3.834513940510246e-05,0.9999939367172352,0.003439884461684935,0,0,0,,0.6350736618041992,-0.00036472082138061523,0.0,False,False,4,False
141.029538275,2764,141,29538275,map,15.940695762634277,0.18138885498046875,0.5750375986099243,1.430511474609375e-05,0.0,0.0,0.0,0.00047589991867799534,-0.00022345358230541223,0.9999920843123582,0.003943970130446407,0,0,0,,0.6606841087341309,0.008478879928588867,0.0,False,False,4,False
141.079538276,2765,141,79538276,map,15.947834014892578,-0.14532089233398438,-0.31012266874313354,-3.738404484465718e-05,0.0,0.0,0.0,0.000491554146883901,-0.00018293874148426448,0.9999906625237225,0.004289495693469607,0,0,0,,0.7594096660614014,-0.004141777753829956,0.0,False,False,4,False
141.129538277,2766,141,129538277,map,15.971467971801758,-0.4747962951660156,-0.2933807671070099,-8.125304884742945e-05,0.0,0.0,0.0,0.0005839875974134634,-5.654378862323958e-06,0.9999909677355165,0.004209913763863791,0,0,0,,0.7399885654449463,-0.0061380863189697266,0.0,False,False,4,False
141.179538277,2767,141,179538277,map,1.0451902151107788,298.51934814453125,-1.9509763717651367,-0.05757255479693413,0.0,0.0,0.0,0.002822228085626442,4.4198652839094896e-05,0.9999886422731121,0.0038403645516547967,0,0,0,,0.0,0.0,1.0,False,False,4,False
