Time,header.seq,header.stamp.secs,header.stamp.nsecs,header.frame_id,velocity,acceleration.linear.x,acceleration.linear.y,acceleration.linear.z,acceleration.angular.x,acceleration.angular.y,acceleration.angular.z,orientation.x,orientation.y,orientation.z,orientation.w,control.header.seq,control.header.stamp.secs,control.header.stamp.nsecs,control.header.frame_id,control.throttle,control.steer,control.brake,control.hand_brake,control.reverse,control.gear,control.manual_gear_shift
20.958234172,1,20,958234172,map,3.5184974670410156,-2.8017187118530273,5.043979644775391,0.0011510848999023438,0.0,0.0,0.0,0.004028655580357505,0.0010178908528115282,0.9777183411563155,0.20987991614008483,0,0,0,,1.0,-0.06375154107809067,0.0,False,False,1,False
21.008234173,2,21,8234173,map,3.7395572662353516,-4.320054054260254,1.0199642181396484,-0.0001964569673873484,0.0,0.0,0.0,0.0039166825338523455,7.753641428737373e-05,0.9787138886752671,0.20519205077236882,0,0,0,,1.0,-0.12718862295150757,0.0,False,False,1,False
21.008234173,3,21,58234173,map,3.9601809978485107,-4.481821060180664,0.4798007011413574,-0.0007780075538903475,0.0,0.0,0.0,0.00401021099743221,0.0001814981591313523,0.9798491797622092,0.1996984481299246,0,0,0,,1.0,-0.13530956208705902,0.0,False,False,1,False
21.058234173,4,21,108234174,map,4.174139499664307,-4.857220649719238,-1.3132691383361816,-0.0010063170921057463,0.0,0.0,0.0,0.004214936433724561,0.0010893834252194122,0.9812383136035098,0.19274962897799047,0,0,0,,1.0,-0.18481725454330444,0.0,False,False,1,False
21.158234175,5,21,158234175,map,4.390440940856934,-4.872465133666992,-1.5112996101379395,-0.0012639998458325863,0.0,0.0,0.0,0.004429663877698973,0.002314377097209365,0.9829000985534778,0.18407177404519742,0,0,0,,1.0,-0.20615795254707336,0.0,False,False,1,False
21.158234175,6,21,208234176,map,4.608943939208984,-4.90574836730957,-1.8337810039520264,-0.00128593435510993,0.0,0.0,0.0,0.0045962090796540095,0.0034857231102814316,0.9847360230551832,0.17395887299576376,0,0,0,,1.0,-0.2259303480386734,0.0,False,False,1,False
21.258234176,7,21,258234176,map,4.842179298400879,-4.715375900268555,0.24055123329162598,0.0005306242383085191,0.0,0.0,0.0,0.004648097990524085,0.0038102310653680546,0.9864661265237,0.16385499243424503,0,0,0,,1.0,-0.18468235433101654,0.0,False,False,1,False
21.308234177,8,21,308234177,map,5.0682525634765625,-4.964389801025391,-1.8993330001831055,0.00023746499209664762,0.0,0.0,0.0,0.004699520271668523,0.004281977160640036,0.9881814202996272,0.15315697749506388,0,0,0,,1.0,-0.21573057770729065,0.0,False,False,1,False
21.358234178,9,21,358234178,map,5.287753582000732,-4.875860214233398,-2.7147817611694336,0.05728702247142792,0.0,0.0,0.0,0.004759786242992964,0.005197365035350899,0.9899844322437489,0.1410005522919405,0,0,0,,1.0,-0.23807433247566223,0.0,False,False,1,False
21.408234179,10,21,408234179,map,5.171186447143555,2.061471939086914,-2.187683582305908,-0.03504161536693573,0.0,0.0,0.0,0.004080175723908411,0.005386171332852698,0.991662417548967,0.12868562835597983,0,0,0,,1.0,-0.23378455638885498,0.0,False,False,0,False
21.408234179,11,21,458234179,map,5.290286540985107,-2.671175003051758,-2.5009512901306152,-0.017386246472597122,0.0,0.0,0.0,0.003294365324349771,0.005471464312080524,0.993237109682578,0.11592779729120102,0,0,0,,1.0,-0.23640993237495422,0.0,False,False,0,False
21.50823418,12,21,508234180,map,5.6027984619140625,-6.458425521850586,-2.2300095558166504,-0.009960174560546875,0.0,0.0,0.0,0.0031619892386362466,0.005795803773659669,0.994670735313302,0.10289090724630309,0,0,0,,1.0,-0.22651128470897675,0.0,False,False,0,False
21.558234181,13,21,558234181,map,6.062887191772461,-9.345808029174805,-2.1654458045959473,-0.006755066104233265,0.0,0.0,0.0,0.00410691012213781,0.006406891926723903,0.9960621066564794,0.08833099517238593,0,0,0,,1.0,-0.21902860701084137,0.0,False,False,2,False
21.608234182,14,21,608234182,map,6.479874134063721,-8.419723510742188,-1.9128972291946411,-0.0016233441419899464,0.0,0.0,0.0,0.0050415569244121345,0.006689153251200169,0.9972400875906504,0.07377022187002,0,0,0,,1.0,-0.19877669215202332,0.0,False,False,2,False
21.658234182,15,21,658234182,map,6.85439920425415,-7.532024383544922,-1.7677602767944336,0.002205085474997759,0.0,0.0,0.0,0.005663686091313195,0.006655624986859346,0.9981943194361659,0.05942832625325156,0,0,0,,1.0,-0.1755537986755371,0.0,False,False,2,False
21.658234182,16,21,708234183,map,7.206653594970703,-7.060461044311523,-1.6789495944976807,0.004141617100685835,0.0,0.0,0.0,0.005965055364266603,0.0064133812986418995,0.9988953375114416,0.046166994191985285,0,0,0,,1.0,-0.15287038683891296,0.0,False,False,2,False
21.708234183000002,17,21,758234184,map,7.529283046722412,-6.453161239624023,-0.34322893619537354,0.00537452707067132,0.0,0.0,0.0,0.006023666987748053,0.005641848564997462,0.9993701306981185,0.03451415433145565,0,0,0,,1.0,-0.10672812163829803,0.0,False,False,2,False
21.808234184,18,21,808234184,map,7.840346813201904,-6.21464729309082,-1.5135700702667236,0.0034816740080714226,0.0,0.0,0.0,0.005944537207689344,0.005087607831357711,0.9996698276340622,0.024474771541836235,0,0,0,,1.0,-0.10271304100751877,0.0,False,False,2,False
21.858234185,19,21,858234185,map,8.130207061767578,-5.791969299316406,-0.5214092135429382,0.0022115707397460938,0.0,0.0,0.0,0.005787194687104812,0.004428386925092861,0.999848297639433,0.01582022358953094,0,0,0,,1.0,-0.07126202434301376,0.0,False,False,2,False
21.908234186,20,21,908234186,map,8.416447639465332,-5.720672607421875,-0.35736769437789917,0.0013263702858239412,0.0,0.0,0.0,0.0056093721624774,0.003670322124854934,0.9999366732683522,0.009039531650664364,0,0,0,,1.0,-0.050949130207300186,0.0,False,False,2,False
21.958234187,21,21,958234187,map,8.687215805053711,-5.414085388183594,-0.12948065996170044,0.0003759382525458932,0.0,0.0,0.0,0.005432829306633051,0.002915277376377711,0.9999738273003691,0.0037855300547774092,0,0,0,,1.0,-0.033196400851011276,0.0,False,False,2,False
22.008234187,22,22,8234187,map,8.956607818603516,-5.3916168212890625,0.2509996294975281,-0.0002601623418740928,0.0,0.0,0.0,0.005276338764231432,0.002126981433682356,0.9999837897002573,0.00023777286962610973,0,0,0,,1.0,-0.015475895255804062,0.0,False,False,2,False
22.058234188,23,22,58234188,map,9.216623306274414,-5.200901031494141,0.017432868480682373,-0.0006776809459552169,0.0,0.0,0.0,-0.005140019393989799,-0.0015099325551874514,-0.9999833191321776,0.002159111322175872,0,0,0,,1.0,-0.009980309754610062,0.0,False,False,2,False
22.108234189,24,22,108234189,map,9.475533485412598,-5.183372497558594,0.46784743666648865,-0.0007547378772869706,0.0,0.0,0.0,-0.00502713942381072,-0.0009105981557007589,-0.999981211277128,0.003387591023124767,0,0,0,,1.0,0.0025722049176692963,0.0,False,False,2,False
22.15823419,25,22,158234190,map,9.72900104522705,-5.074367523193359,0.6814558506011963,-0.0006303786067292094,0.0,0.0,0.0,-0.0049329632866406984,-0.00030981962496255824,-0.9999812322341598,0.0036200917756381234,0,0,0,,1.0,0.011302676051855087,0.0,False,False,2,False
22.20823419,26,22,208234190,map,9.981078147888184,-5.044269561767578,0.9301626682281494,-0.0005950927734375,0.0,0.0,0.0,-0.004855554341299253,0.00028406823433571555,-0.9999840561128737,0.0028688703913024036,0,0,0,,1.0,0.019188594073057175,0.0,False,False,2,False
22.20823419,27,22,258234191,map,10.12403392791748,-2.8585433959960938,0.5930576324462891,-0.0002254486025776714,0.0,0.0,0.0,-0.0046417118551537245,0.0006713332859172796,-0.9999877016428924,0.0016125711266036999,0,0,0,,1.0,0.016467761248350143,0.0,False,False,2,False
22.308234192,28,22,308234192,map,10.09508228302002,0.5805015563964844,0.4250146448612213,0.0011203766334801912,0.0,0.0,0.0,-0.0038618517737848516,0.000835847992805367,-0.999992166649823,0.00023258977332239712,0,0,0,,1.0,0.013453293591737747,0.0,False,False,0,False
22.358234193,29,22,358234193,map,10.195449829101562,-2.0020103454589844,0.8241373896598816,0.0007429122342728078,0.0,0.0,0.0,0.0030831227542926845,-0.0010298988538404385,0.9999938483036609,0.0013179595091666212,0,0,0,,1.0,0.018451999872922897,0.0,False,False,0,False
22.408234193,30,22,408234193,map,10.621914863586426,-8.528118133544922,0.17173990607261658,-0.0013387680519372225,0.0,0.0,0.0,0.0034260113471134683,-0.0010114595721259414,0.9999899147235631,0.002722103404340311,0,0,0,,1.0,0.007118668407201767,0.0,False,False,3,False
22.408234193,31,22,458234194,map,11.007453918457031,-7.702999114990234,0.7746192812919617,-0.0020303726196289062,0.0,0.0,0.0,0.004196537081826179,-0.0010708918470468066,0.9999823207994414,0.004074353413233164,0,0,0,,1.0,0.014272931963205338,0.0,False,False,3,False
22.508234195,32,22,508234195,map,11.351638793945312,-6.881961822509766,0.18247872591018677,-0.0012308120494708419,0.0,0.0,0.0,0.004850749821275795,-0.0010000644140156318,0.9999740594793672,0.005229767269611324,0,0,0,,1.0,0.004877220839262009,0.0,False,False,3,False
22.558234196,33,22,558234196,map,11.666315078735352,-6.298828125,-0.42364344000816345,-4.997244104743004e-05,0.0,0.0,0.0,0.005252252466945695,-0.0006454519484150687,0.9999696747455439,0.005713740027087018,0,0,0,,1.0,-0.0072134993970394135,0.0,False,False,3,False
22.558234196,34,22,608234196,map,11.956991195678711,-5.811271667480469,0.23941531777381897,0.0005378722562454641,0.0,0.0,0.0,0.005417651055372159,-0.00044771880872265823,0.999968058534501,0.005859224833658135,0,0,0,,1.0,0.0006457826821133494,0.0,False,False,3,False
22.658234197,35,22,658234197,map,12.228795051574707,-5.432891845703125,0.30469685792922974,0.0008115767268463969,0.0,0.0,0.0,0.005412867728474576,-0.0004182904420279037,0.9999670440291681,0.006036286244691796,0,0,0,,1.0,0.0028137750923633575,0.0,False,False,3,False
22.708234198,36,22,708234198,map,12.485565185546875,-5.141696929931641,-0.5448610782623291,0.0008792877779342234,0.0,0.0,0.0,0.005306327866210599,-0.00015992930802025213,0.9999688050840385,0.005848603764384088,0,0,0,,1.0,-0.009954866021871567,0.0,False,False,3,False
22.758234199,37,22,758234199,map,12.731233596801758,-4.9149322509765625,-0.14333024621009827,0.0005889892345294356,0.0,0.0,0.0,0.005149313637621247,5.892719570816667e-05,0.999972391769238,0.005356939047303035,0,0,0,,1.0,-0.0055768974125385284,0.0,False,False,3,False
22.808234199,38,22,808234199,map,12.967991828918457,-4.7381591796875,-0.3423929214477539,0.00038909912109375,0.0,0.0,0.0,0.004976686693769311,0.00024623484363544364,0.9999765888671075,0.004689741534208816,0,0,0,,1.0,-0.007926438003778458,0.0,False,False,3,False
22.8582342,39,22,858234200,map,13.198057174682617,-4.601268768310547,0.02277478575706482,0.00014438628568314016,0.0,0.0,0.0,0.004809324193936835,0.00028792994792913154,0.9999800707985447,0.004079890057400737,0,0,0,,1.0,-0.0019057058962062001,0.0,False,False,3,False
22.908234201,40,22,908234201,map,13.422789573669434,-4.496936798095703,-0.3199312090873718,6.065369234420359e-05,0.0,0.0,0.0,0.004658652066546055,0.0003590048543368371,0.9999829970589229,0.0034890786020918036,0,0,0,,1.0,-0.005725931376218796,0.0,False,False,3,False
22.908234201,41,22,958234202,map,13.643505096435547,-4.413337707519531,0.16586244106292725,-7.972717867232859e-05,0.0,0.0,0.0,0.004528792717486192,0.00029721256768865367,0.9999849116013119,0.003094878176595229,0,0,0,,1.0,0.0018719917861744761,0.0,False,False,3,False
22.958234202,42,23,8234202,map,13.8610200881958,-4.352397918701172,-0.3346233069896698,-0.00014801026554778218,0.0,0.0,0.0,0.004420765152407213,0.0003273895965135806,0.9999863977475479,0.0027484489084194878,0,0,0,,1.0,-0.004489269107580185,0.0,False,False,3,False
23.058234203,43,23,58234203,map,14.07614803314209,-4.302101135253906,0.09404897689819336,-0.0001672744401730597,0.0,0.0,0.0,0.00433266000516576,0.00028440017775082787,0.999987426325966,0.002508857068310155,0,0,0,,1.0,0.0014586037723347545,0.0,False,False,3,False
23.108234204,44,23,108234204,map,14.289304733276367,-4.264507293701172,-0.25618672370910645,-0.0001560211239848286,0.0,0.0,0.0,0.004262001171060434,0.0003005324523862462,0.9999882521349743,0.002289239677708447,0,0,0,,1.0,-0.0031851716339588165,0.0,False,False,3,False
23.158234205,45,23,158234205,map,14.500967979431152,-4.233741760253906,-0.09737946093082428,-6.179809133755043e-05,0.0,0.0,0.0,0.004205983230872456,0.0003122071907078148,0.9999890008506317,0.002051928236318134,0,0,0,,1.0,-0.0013780632289126515,0.0,False,False,3,False
23.208234205,46,23,208234205,map,14.711309432983398,-4.2081451416015625,-0.35814985632896423,-7.877350435592234e-05,0.0,0.0,0.0,0.004161833938424749,0.00038834328369181725,0.9999898164528479,0.001701563505239793,0,0,0,,1.0,-0.005325283855199814,0.0,False,False,3,False
23.258234206,47,23,258234206,map,14.920745849609375,-4.188652038574219,0.030846521258354187,-8.277892629848793e-05,0.0,0.0,0.0,0.004126927969836766,0.0003638475570453189,0.9999904503279893,0.0013911625758341061,0,0,0,,1.0,0.00020990136545151472,0.0,False,False,3,False
23.308234207,48,23,308234207,map,15.129327774047852,-4.171295166015625,0.11809900403022766,-3.566742088878527e-05,0.0,0.0,0.0,0.004099801019738992,0.00024840481311391905,0.9999907309162741,0.0012915139113328753,0,0,0,,1.0,0.002467881888151169,0.0,False,False,3,False
23.358234208,49,23,358234208,map,15.337209701538086,-4.158191680908203,-0.17386816442012787,-2.365112231927924e-05,0.0,0.0,0.0,0.004078531871956549,0.0002207596410421092,0.9999909030986389,0.001229049599748713,0,0,0,,1.0,-0.0016042107017710805,0.0,False,False,3,False
23.408234208,50,23,408234208,map,15.36674690246582,-0.5906486511230469,0.02974964678287506,0.00042095183744095266,0.0,0.0,0.0,0.003747197388884708,0.00018116063245562846,0.9999922444350267,0.0011986502208744237,0,0,0,,1.0,0.001020554336719215,0.0,False,False,3,False
23.458234209,51,23,458234209,map,15.354702949523926,0.24091720581054688,0.014578551054000854,0.001024436904117465,0.0,0.0,0.0,0.003048455823740881,0.00012767316802876857,0.9999945823105938,0.0012353000097152804,0,0,0,,1.0,0.0009715742198750377,0.0,False,False,0,False
23.50823421,52,23,508234210,map,15.545259475708008,-3.8123321533203125,-0.6445282101631165,0.0002218247391283512,0.0,0.0,0.0,0.0026569845255912075,0.00030418612785436963,0.9999959746556412,0.0009479327743145455,0,0,0,,1.0,-0.009489264339208603,0.0,False,False,0,False
23.50823421,53,23,558234211,map,15.844057083129883,-5.975914001464844,0.049725957214832306,-0.00115032191388309,0.0,0.0,0.0,0.0030453298525953414,0.0003420938765241048,0.9999951464925595,0.0005620757892304649,0,0,0,,1.0,-0.00036830094177275896,0.0,False,False,4,False
23.608234211,54,23,608234211,map,16.111093521118164,-5.340557098388672,0.1516438126564026,-0.0011093139182776213,0.0,0.0,0.0,0.003560746212611686,0.00023006476635069984,0.9999935551805104,0.00039718264827154153,0,0,0,,1.0,0.002613503485918045,0.0,False,False,4,False
23.658234212,55,23,658234212,map,16.353769302368164,-4.853324890136719,0.1255955547094345,-0.00074424734339118,0.0,0.0,0.0,0.003948366787587794,0.00010215912441776184,0.9999920984336363,0.0004505924064543536,0,0,0,,1.0,0.003011588007211685,0.0,False,False,4,False
23.708234213,56,23,708234213,map,16.577810287475586,-4.481048583984375,-0.16400951147079468,-0.00011920928955078125,0.0,0.0,0.0,0.004162525487222284,9.359112773259817e-05,0.9999912068700048,0.0005008042933538857,0,0,0,,1.0,-0.0014935993822291493,0.0,False,False,4,False
23.708234213,57,23,758234214,map,16.787593841552734,-4.1959381103515625,-0.32945311069488525,0.00030708310077898204,0.0,0.0,0.0,0.004233058696011291,0.00020087786574511188,0.9999909622189228,0.00034109035795968365,0,0,0,,1.0,-0.004915062338113785,0.0,False,False,4,False
23.808234214,58,23,808234214,map,16.9866943359375,-3.9820098876953125,-0.09118372201919556,0.0004543304385151714,0.0,0.0,0.0,0.004207797207425731,0.00025367244593062314,0.9999911119316708,7.842583805613334e-05,0,0,0,,1.0,-0.0018123799236491323,0.0,False,False,4,False
23.858234215,59,23,858234215,map,17.1776180267334,-3.8183975219726562,-0.20381268858909607,0.000400543212890625,0.0,0.0,0.0,-0.004128792957922138,-0.00029333723180879754,-0.999991406010599,0.00023436493823308458,0,0,0,,1.0,-0.003061410039663315,0.0,False,False,4,False
23.858234215,60,23,908234216,map,17.362396240234375,-3.6956024169921875,0.028132610023021698,0.00031433103140443563,0.0,0.0,0.0,-0.004026637483934876,-0.00025805855075424427,-0.9999917470447279,0.00047480394942977296,0,0,0,,1.0,0.0007071680156514049,0.0,False,False,4,False
23.958234217,61,23,958234217,map,17.542482376098633,-3.6017608642578125,0.16992850601673126,0.00020961760310456157,0.0,0.0,0.0,-0.003920834492835559,-0.00013923389361155528,-0.9999921828280469,0.0004918877926477242,0,0,0,,1.0,0.0036057420074939728,0.0,False,False,4,False
24.008234217,62,24,8234217,map,17.71906089782715,-3.5315704345703125,0.05983283743262291,0.00010738374840002507,0.0,0.0,0.0,-0.003822480936692152,-4.4511825538523996e-05,-0.9999926340961679,0.00034410985678932736,0,0,0,,1.0,0.002334069460630417,0.0,False,False,4,False
24.058234218,63,24,58234218,map,17.892955780029297,-3.4778976440429688,0.014959634281694889,5.397796485340223e-05,0.0,0.0,0.0,-0.0037364272570459527,-1.1088151707664298e-06,-0.999993008270098,0.00015007012723287948,0,0,0,,1.0,0.0012430882779881358,0.0,False,False,4,False
24.108234219,64,24,108234219,map,18.064788818359375,-3.4366607666015625,-0.01402734313160181,7.629387255292386e-06,0.0,0.0,0.0,0.0036643062875378247,-7.249526429222699e-06,0.9999932862506771,1.6138364746891426e-05,0,0,0,,1.0,0.00022586795967072248,0.0,False,False,4,False
24.158234219,65,24,158234219,map,18.235031127929688,-3.4048080444335938,0.07599961012601852,-8.544922457076609e-05,0.0,0.0,0.0,0.003605352427947705,-3.177712388630929e-05,0.9999934854643169,0.00017161879786703395,0,0,0,,1.0,0.001112382742576301,0.0,False,False,4,False
24.158234219,66,24,208234220,map,18.404029846191406,-3.3800125122070312,-0.0069808028638362885,-0.0001031875581247732,0.0,0.0,0.0,0.0035583788666177993,-3.7506166106444994e-05,0.9999936270377562,0.0002870836154840847,0,0,0,,1.0,-0.000323597458191216,0.0,False,False,4,False
24.258234221,67,24,258234221,map,18.57129669189453,-3.3443450927734375,-0.9662063121795654,-9.422301081940532e-05,0.0,0.0,0.0,-0.0035196566340915314,-0.0002864082981191453,-0.9999937496775746,0.00017490925900982254,0,0,0,,1.0,-0.015507567673921585,0.0,False,False,4,False
24.308234222,68,24,308234222,map,18.738544464111328,-3.3441925048828125,-0.2912214994430542,-0.00010757445852505043,0.0,0.0,0.0,-0.003489739734927133,-0.0005089642145934876,-0.9999932504477562,0.0010304032910674582,0,0,0,,1.0,-0.006519723683595657,0.0,False,False,4,False
24.358234222,69,24,358234222,map,18.905101776123047,-3.3317947387695312,0.23027144372463226,1.888275073724799e-05,0.0,0.0,0.0,-0.0034674156492122575,-0.00041568605099959665,-0.9999925704887013,0.0016319317456839702,0,0,0,,1.0,0.0033749453723430634,0.0,False,False,4,False
24.408234223,70,24,408234223,map,19.071144104003906,-3.3200454711914062,-0.29757335782051086,1.2207032341393642e-05,0.0,0.0,0.0,-0.0034503859938933177,-0.00038130696884570954,-0.9999918662367308,0.002053509646665307,0,0,0,,1.0,-0.002451349049806595,0.0,False,False,4,False
24.458234224,71,24,458234224,map,19.236751556396484,-3.3119964599609375,-0.045674219727516174,-5.302429053699598e-05,0.0,0.0,0.0,-0.0034375553346737723,-0.0003433033164302866,-0.9999913115049418,0.002332867501682685,0,0,0,,1.0,0.001418258878402412,0.0,False,False,4,False
24.508234225,72,24,508234225,map,19.401622772216797,-3.2988739013671875,0.5696651339530945,-1.6403195331804454e-05,0.0,0.0,0.0,-0.0034275162287149296,-8.06152997920431e-05,-0.999991932285965,0.0020930830507618525,0,0,0,,1.0,0.011390838772058487,0.0,False,False,4,False
24.558234225,73,24,558234225,map,19.56648826599121,-3.2971954345703125,-0.05865730345249176,-2.498627145541832e-05,0.0,0.0,0.0,-0.0034197087314405752,4.592121498070622e-05,-0.999992869199185,0.0016015724198086083,0,0,0,,1.0,0.0023846738040447235,0.0,False,False,4,False
24.608234226,74,24,608234226,map,19.730972290039062,-3.2892227172851562,-0.21926574409008026,-6.484983714472037e-06,0.0,0.0,0.0,-0.0034135437403079606,-7.94074040373897e-06,-0.999993367272106,0.0012700660898171093,0,0,0,,1.0,-0.001956447958946228,0.0,False,False,4,False
24.658234227,75,24,658234227,map,19.89508628845215,-3.2813262939453125,-0.33667951822280884,-1.7166121324407868e-06,0.0,0.0,0.0,-0.003408417937769664,-0.00014982953717421495,-0.9999933864266667,0.0012598972968389582,0,0,0,,1.0,-0.005296412855386734,0.0,False,False,4,False
24.658234227,76,24,708234228,map,20.059011459350586,-3.2785415649414062,0.004364997148513794,-3.738403393072076e-05,0.0,0.0,0.0,-0.003404295860410199,-0.00018588676112615696,-0.9999932213231151,0.0013905120016179267,0,0,0,,1.0,-0.0008147471817210317,0.0,False,False,4,False
24.758234228,77,24,758234228,map,20.22260856628418,-3.2711029052734375,-0.245705246925354,6.6757183958543465e-06,0.0,0.0,0.0,-0.003401012723055521,-0.00023382545083385097,-0.9999928418672589,0.001641539630817007,0,0,0,,1.0,-0.0040771327912807465,0.0,False,False,4,False
24.808234229,78,24,808234229,map,20.385910034179688,-3.2646560668945312,-0.33572614192962646,1.6021731426008046e-05,0.0,0.0,0.0,-0.0033978437402624588,-0.0003329332722788492,-0.9999919951710065,0.0020864820303604903,0,0,0,,1.0,-0.005364980548620224,0.0,False,False,4,False
24.808234229,79,24,858234230,map,20.549022674560547,-3.2616043090820312,-0.13992995023727417,-4.1198727558366954e-05,0.0,0.0,0.0,-0.0033952658025876376,-0.000369841989563347,-0.9999908550287065,0.0025739553199964483,0,0,0,,1.0,-0.0019253977807238698,0.0,False,False,4,False
24.85823423,80,24,908234231,map,20.711679458618164,-3.2550811767578125,0.4373057186603546,5.798339407192543e-05,0.0,0.0,0.0,-0.0033931323089353184,-0.0001731506258262148,-0.999990643661506,0.0026775476543592965,0,0,0,,1.0,0.007996495813131332,0.0,False,False,4,False
24.958234231,81,24,958234231,map,20.874126434326172,-3.2503128051757812,0.41062241792678833,-1.449584942747606e-05,0.0,0.0,0.0,-0.0033915454947725954,9.588581661101273e-05,-0.9999916604171779,0.0022731742482271482,0,0,0,,1.0,0.008896898478269577,0.0,False,False,4,False
24.958234231,82,25,8234232,map,21.03645133972168,-3.2456207275390625,-0.2898136377334595,-9.91821252682712e-06,0.0,0.0,0.0,-0.0033896572508880962,9.617386151876621e-05,-0.9999924923243566,0.0018751717871499968,0,0,0,,1.0,-0.0022831708192825317,0.0,False,False,4,False
25.008234232,83,25,58234233,map,21.061880111694336,-0.5074310302734375,-0.2994360029697418,0.00033321380033157766,0.0,0.0,0.0,-0.0031522774072771545,-5.168806810417671e-05,-0.9999934218807748,0.00179350792302116,0,0,0,,1.0,-0.00457705557346344,0.0,False,False,4,False
25.108234234,84,25,108234234,map,21.042560577392578,0.3850555419921875,0.3542022407054901,0.000728607177734375,0.0,0.0,0.0,-0.0025884035031020283,6.846929047421653e-06,-0.9999952455188741,0.0016760250808109823,0,0,0,,0.554086446762085,0.0043954551219940186,0.0,False,False,0,False
25.158234234,85,25,158234234,map,21.132997512817383,-1.8084716796875,2.8851919174194336,0.0002113341906806454,0.0,0.0,0.0,-0.0021740420440310103,0.000988773662240288,-0.9999971476587921,2.328337888518156e-05,0,0,0,,0.0,0.04717286303639412,0.33052438497543335,False,False,0,False
25.208234235,86,25,208234235,map,21.174423217773438,-0.8310699462890625,-1.674843430519104,-0.00023899076040834188,0.0,0.0,0.0,0.0020306761450333555,-0.0008312603179365609,0.9999966720013701,0.0013569623658380365,0,0,0,,0.0,-0.02414914034307003,1.0,False,False,5,False
25.258234236,87,25,258234236,map,21.044652938842773,2.5971603393554688,-1.0397617816925049,0.0004222869174554944,0.0,0.0,0.0,0.0015107022563249552,-8.690564323904117e-05,0.999998233284008,0.001115192792608034,0,0,0,,0.0,-0.021983034908771515,1.0,False,False,5,False
25.308234237,88,25,308234237,map,20.786108016967773,5.188331604003906,-2.7649664878845215,5.723268259316683e-07,0.0,0.0,0.0,-0.0005246495164738232,-0.0011247994594179229,-0.9999984965267638,0.0012109968095950837,0,0,0,,0.0,-0.053050797432661057,1.0,False,False,5,False
25.308234237,89,25,358234237,map,20.4781494140625,6.151390075683594,0.9398296475410461,-0.0002660752215888351,0.0,0.0,0.0,0.0006613846909438413,-0.0011899132012606671,-0.9999921826589518,0.003712317045928548,0,0,0,,0.0,0.006212146952748299,1.0,False,False,5,False
25.408234238,90,25,408234238,map,20.141090393066406,6.7583465576171875,-1.741499662399292,-0.0006208418635651469,0.0,0.0,0.0,0.0018042406782643858,-0.0014520447801199489,-0.9999772038399048,0.006342561159095737,0,0,0,,0.0,-0.027548786252737045,1.0,False,False,5,False
25.458234239,91,25,458234239,map,19.785112380981445,7.1002197265625,2.0947024822235107,-0.0003122329362668097,0.0,0.0,0.0,0.002786770462704841,-0.0007616145283147239,-0.9999664607911113,0.007663624899313989,0,0,0,,0.0,0.037460509687662125,1.0,False,False,5,False
25.50823424,92,25,508234240,map,19.41573143005371,7.378349304199219,2.7871594429016113,-0.000377655029296875,0.0,0.0,0.0,0.0035818779584348326,0.0006709896880594852,-0.9999745365906916,0.006135641234705338,0,0,0,,0.0,0.060365695506334305,1.0,False,False,5,False
25.55823424,93,25,558234240,map,19.043067932128906,7.456016540527344,1.3680845499038696,-0.0009428024059161544,0.0,0.0,0.0,0.00419757386535586,0.0015966006613138842,-0.9999861472121949,0.0027452911837573786,0,0,0,,0.0,0.039574380964040756,1.0,False,False,5,False
25.55823424,94,25,608234241,map,18.66679573059082,7.539634704589844,2.10932993888855,-0.00044155115028843284,0.0,0.0,0.0,-0.00465654408843753,-0.002317480196610338,0.9999847206212065,0.0018720060946728462,0,0,0,,0.0,0.04669983312487602,1.0,False,False,5,False
25.608234241,95,25,658234242,map,18.291719436645508,7.504158020019531,0.2276676893234253,0.00031719202524982393,0.0,0.0,0.0,-0.004982529105609512,-0.0023294480333340877,0.9999646764827075,0.006355616603105746,0,0,0,,0.0,0.009133227169513702,1.0,False,False,5,False
25.708234243,96,25,708234243,map,17.913793563842773,7.598686218261719,2.756746768951416,8.239752787631005e-05,0.0,0.0,0.0,-0.005215771296899826,-0.0028266970695747236,0.9999209439049639,0.011086543810460887,0,0,0,,0.0,0.041770536452531815,1.0,False,False,5,False
25.758234243,97,25,758234243,map,17.577394485473633,6.730537414550781,0.07550477981567383,0.00054931640625,0.0,0.0,0.0,-0.005316635281644393,-0.0027539868173083156,0.9998678931734705,0.015111093499057779,0,0,0,,0.0,-0.005837190896272659,1.0,False,False,5,False
25.808234244,98,25,808234244,map,17.294437408447266,5.6268310546875,-2.063643455505371,0.0023012161254882812,0.0,0.0,0.0,-0.005118042342012796,-0.0015853972443216325,0.9998517461885543,0.016363917680730207,0,0,0,,0.0,-0.054514896124601364,1.0,False,False,0,False
25.808234244,99,25,858234245,map,16.95265769958496,6.8056488037109375,-4.742035388946533,0.0010662077693268657,0.0,0.0,0.0,-0.0048944181218882835,0.0007363757703896287,0.9999028991307137,0.013026693055667516,0,0,0,,0.0,-0.12099280953407288,1.0,False,False,0,False
25.908234246,100,25,908234246,map,16.463289260864258,9.787406921386719,-0.010932348668575287,-0.002428054576739669,0.0,0.0,0.0,-0.005214731616829312,0.0016248235081090699,0.9999560941273932,0.0076142196067508295,0,0,0,,0.0,-0.030345764011144638,1.0,False,False,4,False
25.958234246,101,25,958234246,map,15.998106956481934,9.315624237060547,2.97705078125,-0.0008966445457190275,0.0,0.0,0.0,-0.005698973585528703,0.00041170108239952497,0.999973922702616,0.004416572996430479,0,0,0,,0.0,0.03868458792567253,1.0,False,False,4,False
26.008234247,102,26,8234247,map,15.56345272064209,8.728046417236328,2.632021903991699,-0.0010992049938067794,0.0,0.0,0.0,-0.0060743418450390305,-0.0012111376226610461,0.9999711991119826,0.0043859392781884846,0,0,0,,0.0,0.05234583094716072,0.9288522005081177,False,False,4,False
26.008234247,103,26,58234248,map,15.174521446228027,7.769279479980469,-0.62877357006073,-0.00014991761418059468,0.0,0.0,0.0,-0.006220672626770316,-0.0014496199169321683,0.999965391477409,0.005330823726143403,0,0,0,,0.0,0.0035021863877773285,0.7838385701179504,False,False,4,False
26.108234249,104,26,108234249,map,14.79359245300293,7.610378265380859,-0.6054824590682983,0.00127067556604743,0.0,0.0,0.0,-0.00618565750804787,-0.0009652067509205171,0.9999628657740336,0.005922253802682573,0,0,0,,0.0,-0.0028056800365448,0.8647614121437073,False,False,4,False
26.108234249,105,26,158234249,map,14.412275314331055,7.647247314453125,1.2122005224227905,0.000566673232242465,0.0,0.0,0.0,-0.006103592909275784,-0.0010292627108561337,0.9999561525046393,0.007027079050947625,0,0,0,,0.0,0.024991709738969803,0.8925131559371948,False,False,4,False
26.20823425,106,26,208234250,map,14.050559043884277,7.213306427001953,-1.327277660369873,0.0005495071527548134,0.0,0.0,0.0,-0.0059757775134834015,-0.0005617316236426731,0.9999523779157891,0.007695221975421477,0,0,0,,0.0,-0.015609022229909897,0.818282961845398,False,False,4,False
26.258234251,107,26,258234251,map,13.720000267028809,6.593303680419922,-1.5497761964797974,0.0003726959112100303,0.0,0.0,0.0,-0.005773431753297159,0.00028719099592255525,0.9999588035006913,0.00699830755166964,0,0,0,,0.0,-0.027548782527446747,0.6876561641693115,False,False,4,False
26.308234252,108,26,308234252,map,13.45029067993164,5.401859283447266,0.6979161500930786,0.00027790068998001516,0.0,0.0,0.0,-0.005454287056721459,0.0003282485962085582,0.9999653399652253,0.006281868654576186,0,0,0,,0.0,0.006268184632062912,0.13788127899169922,False,False,4,False
26.308234252,109,26,358234252,map,13.284950256347656,3.3276939392089844,1.4029345512390137,0.000739669834729284,0.0,0.0,0.0,-0.004867121815209227,-0.00029427797560465085,0.9999654691346819,0.006729417802791415,0,0,0,,0.6540753841400146,0.024003107100725174,0.0,False,False,4,False
26.408234253,110,26,408234253,map,13.148945808410645,2.6801109313964844,-4.439247131347656,0.00045394888729788363,0.0,0.0,0.0,-0.004128299835809904,0.0008563470758718917,0.9999761938902487,0.005462184812237364,0,0,0,,1.0,-0.08254802972078323,0.0,False,False,4,False
26.458234254,111,26,458234254,map,13.06364917755127,1.7234992980957031,-3.2078373432159424,-0.0013042449718341231,0.0,0.0,0.0,-0.0033528988329771035,0.0025818997345591695,0.9999903848587458,0.0011498057375113,0,0,0,,1.0,-0.06712570786476135,0.0,False,False,4,False
26.508234255,112,26,508234255,map,13.057024002075195,0.13628005981445312,-0.3083273768424988,-0.00036144256591796875,0.0,0.0,0.0,0.002469528604092061,-0.0029025874431526395,-0.9999873096260932,0.003294996415253249,0,0,0,,1.0,-0.019806750118732452,0.0,False,False,0,False
26.508234255,113,26,558234255,map,13.047250747680664,0.20704269409179688,-0.8046635985374451,0.0003488540824037045,0.0,0.0,0.0,0.001652051589038506,-0.0026946223570433,-0.9999716320444572,0.006837019982770561,0,0,0,,1.0,-0.01609693095088005,0.0,False,False,0,False
26.608234256,114,26,608234256,map,12.839027404785156,4.146442413330078,1.3766783475875854,0.00023555759980808944,0.0,0.0,0.0,0.0013818918787304362,-0.001756491880100369,-0.9999616783741775,0.008464448842577639,0,0,0,,1.0,0.02508050575852394,0.0,False,False,0,False
26.658234257,115,26,658234257,map,12.698158264160156,2.81494140625,0.25090157985687256,-0.00041770937968976796,0.0,0.0,0.0,0.0014701998372393015,-0.0009791150327528523,-0.9999621404586067,0.008520416400199297,0,0,0,,1.0,0.014699369668960571,0.0,False,False,3,False
26.708234257,116,26,708234257,map,12.65100383758545,0.9401893615722656,0.3140716254711151,-0.0005750656127929688,0.0,0.0,0.0,0.0013553869435796969,-0.0004833056179255936,-0.9999688380936913,0.007762227996254372,0,0,0,,1.0,0.015166025608778,0.0,False,False,3,False
26.758234258,117,26,758234258,map,12.671693801879883,-0.42263031005859375,1.5778217315673828,-0.00018749237642623484,0.0,0.0,0.0,0.0009595214664032397,0.00028632938233715243,-0.9999822983436308,0.005865179744048261,0,0,0,,1.0,0.0339234322309494,0.0,False,False,3,False
26.808234259,118,26,808234259,map,12.743749618530273,-1.4398956298828125,-0.3830397129058838,-0.00020503997802734375,0.0,0.0,0.0,0.00037057591712184434,0.00045073969271077196,-0.999992056755097,0.003942833236361554,0,0,0,,1.0,0.005000460892915726,0.0,False,False,3,False
26.85823426,119,26,858234260,map,12.851174354553223,-2.1492385864257812,0.2058851718902588,-0.00023097993107512593,0.0,0.0,0.0,-0.00030029642235951154,0.00043228081928156463,-0.9999967396926929,0.002498711535354243,0,0,0,,1.0,0.006641555577516556,0.0,False,False,3,False
26.90823426,120,26,908234260,map,12.98433780670166,-2.663898468017578,0.2302401065826416,-0.0003219603968318552,0.0,0.0,0.0,-0.0009641250252967818,0.00044714970870612486,-0.9999984890909335,0.001375622013476692,0,0,0,,1.0,0.004621583968400955,0.0,False,False,3,False
26.958234261,121,26,958234261,map,13.134589195251465,-3.0021286010742188,-0.7866538763046265,-0.0002958298136945814,0.0,0.0,0.0,-0.0015644643161830663,0.00012987037261610434,-0.9999981847662363,0.0010798376367960193,0,0,0,,0.9767414331436157,-0.012882564216852188,0.0,False,False,3,False
26.958234261,122,27,8234262,map,13.286137580871582,-3.0330848693847656,0.49464359879493713,-0.00030250544659793377,0.0,0.0,0.0,-0.0020589826019553116,0.00011368547705442712,-0.9999973228836665,0.0010497103206006978,0,0,0,,0.6910108923912048,0.003464117646217346,0.0,False,False,3,False
27.058234263,123,27,58234263,map,13.400894165039062,-2.2965431213378906,0.8787115812301636,-6.446847692131996e-05,0.0,0.0,0.0,-0.002354862072276419,0.0004351787792693585,-0.9999969779916845,0.0005561039015524188,0,0,0,,0.3930622935295105,0.012269672006368637,0.0,False,False,3,False
27.108234263,124,27,108234263,map,13.448318481445312,-0.9478759765625,-0.5870798826217651,0.00032958987867459655,0.0,0.0,0.0,-0.0023575226306870416,0.00032469932530323434,-0.9999971195631195,0.00031228649963920143,0,0,0,,0.11037798970937729,-0.008072718977928162,0.0,False,False,3,False
27.158234264,125,27,158234264,map,13.4044189453125,0.8777618408203125,0.11848151683807373,0.0007787704234942794,0.0,0.0,0.0,-0.002007437395732783,0.00021075363325399058,-0.9999979020856464,0.0003487152336573356,0,0,0,,0.0,-0.0006213077576830983,0.0553920641541481,False,False,3,False
27.208234265,126,27,208234265,map,13.272187232971191,2.6443099975585938,0.6404080390930176,0.0006093978881835938,0.0,0.0,0.0,-0.0013348181275115302,0.00036873069909126367,-0.9999990373648147,8.69924249480687e-05,0,0,0,,0.0,0.008904341608285904,0.23395800590515137,False,False,3,False
27.208234265,127,27,258234266,map,13.086319923400879,3.7174034118652344,0.06596393883228302,0.00041732791578397155,0.0,0.0,0.0,0.00046240518555856796,-0.0004222498411820431,0.9999997588031432,0.0003004665893676324,0,0,0,,0.0,0.0020546019077301025,0.23329874873161316,False,False,3,False
27.308234266,128,27,308234266,map,12.877305030822754,4.180316925048828,0.008224695920944214,-0.00011386873666197062,0.0,0.0,0.0,-0.0004141033379963946,-0.0003614181726956385,0.9999996823541203,0.0005772235170764699,0,0,0,,0.0,0.00021763506811112165,0.2114093005657196,False,False,3,False
27.358234267,129,27,358234267,map,12.658588409423828,4.376678466796875,0.8619449138641357,-0.0004316330305300653,0.0,0.0,0.0,-0.0011815067615713085,-0.0005663697585732373,0.9999984241694023,0.0011978838762916688,0,0,0,,0.0,0.014161631464958191,0.16948020458221436,False,False,3,False
27.358234267,130,27,408234268,map,12.44252872467041,4.320106506347656,-0.2861274778842926,-0.0003303527773823589,0.0,0.0,0.0,-0.0017822166213246142,-0.0005010389511309282,0.999996777839733,0.001736943878122358,0,0,0,,0.0,-0.002415236085653305,0.10170330852270126,False,False,3,False
27.458234269,131,27,458234269,map,12.286276817321777,3.1236839294433594,-0.6966049075126648,-0.0001604080171091482,0.0,0.0,0.0,-0.0021605805264467964,-0.00012939834467318195,0.9999963510093046,0.0016165135114185073,0,0,0,,0.0,-0.012383472174406052,0.06399187445640564,False,False,3,False
27.508234269,132,27,508234269,map,12.266584396362305,0.3952980041503906,0.7173147797584534,0.00046005245530977845,0.0,0.0,0.0,-0.0019300496541873975,-0.00018229985626356008,0.9999968678547453,0.0015830210972079656,0,0,0,,0.0032767727971076965,0.007468566298484802,0.0,False,False,0,False
27.55823427,133,27,558234270,map,12.256865501403809,0.19479751586914062,0.11317960917949677,0.0004270553181413561,0.0,0.0,0.0,-0.00142819820679342,-0.00027282432706322325,0.9999973538532927,0.0017827235291175726,0,0,0,,0.0,0.002209208905696869,0.007816202938556671,False,False,0,False
27.608234271,134,27,608234271,map,11.720121383666992,10.733718872070312,-0.3758864104747772,-0.0005258559831418097,0.0,0.0,0.0,-0.0020266863818603643,-0.00013888839739954542,0.9999963677355632,0.0017713746082799278,0,0,0,,0.0,-0.007494170218706131,0.012326937168836594,False,False,2,False
27.608234271,135,27,658234272,map,11.229432106018066,9.813156127929688,-0.36799514293670654,-0.0015768050216138363,0.0,0.0,0.0,-0.003300857936841212,7.263409880501005e-05,0.9999935197148196,0.001435127010097727,0,0,0,,0.0,-0.008986268192529678,0.008626081049442291,False,False,2,False
27.658234272,136,27,708234272,map,10.75841999053955,9.420433044433594,-0.5882325172424316,-0.0015701294178143144,0.0,0.0,0.0,-0.0045108000007698405,0.00033427752728819863,0.9999895040679233,0.0007298601760411923,0,0,0,,0.0,-0.014471065253019333,0.14017713069915771,False,False,2,False
27.708234272,137,27,758234273,map,10.313156127929688,8.904991149902344,0.27126699686050415,-0.0007587432628497481,0.0,0.0,0.0,-0.005430387894575453,0.00029324570528700255,0.9999852004100422,0.00015445115204901607,0,0,0,,0.0,0.0013749412028118968,0.14817866683006287,False,False,2,False
27.808234274,138,27,808234274,map,9.882158279418945,8.623905181884766,-1.157329797744751,7.705675670877099e-05,0.0,0.0,0.0,0.006029558702017326,-0.0005846313690646025,-0.9999813369400002,0.0007927166648592663,0,0,0,,0.0,-0.023799534887075424,0.24380075931549072,False,False,2,False
27.858234275,139,27,858234275,map,9.478645324707031,8.067989349365234,0.4499758780002594,0.0009449006756767631,0.0,0.0,0.0,0.006348425892654403,-0.000505731325327523,-0.9999784577518734,0.00158926294143238,0,0,0,,0.0,0.0022289827466011047,0.20539140701293945,False,False,2,False
27.908234275,140,27,908234275,map,9.10677719116211,7.440052032470703,-0.463838130235672,0.0013883588835597038,0.0,0.0,0.0,0.006422255519503572,-0.000502610644774284,-0.9999767046397215,0.0022565891219361064,0,0,0,,0.0,-0.010134559124708176,0.15473103523254395,False,False,2,False
27.958234276,141,27,958234276,map,8.763401985168457,6.863117218017578,1.2748332023620605,0.0014022826217114925,0.0,0.0,0.0,0.006308162721808005,-2.447656902067225e-05,-0.9999778357245496,0.00212944678701,0,0,0,,0.0,0.021909315139055252,0.0934365913271904,False,False,2,False
27.958234276,142,28,8234277,map,8.448945999145508,6.292705535888672,1.09001886844635,0.0009471893426962197,0.0,0.0,0.0,0.0060679294068816505,0.0005824259272921982,-0.9999809503185821,0.000969542519806669,0,0,0,,0.0,0.028027143329381943,0.05111011117696762,False,False,2,False
28.008234277,143,28,58234278,map,8.142601013183594,6.12884521484375,0.24126999080181122,0.0006366729503497481,0.0,0.0,0.0,-0.0057671980596538325,-0.0007904283624324104,0.9999829538727446,0.00045454756081370464,0,0,0,,0.0,0.016214843839406967,0.03188026696443558,False,False,2,False
28.108234278,144,28,108234278,map,7.8819169998168945,5.218286514282227,0.44695034623146057,0.00024375913199037313,0.0,0.0,0.0,-0.005426963784971188,-0.0008548914499374353,0.9999831882735046,0.0018548301921884488,0,0,0,,0.0,0.018163565546274185,0.000558067113161087,False,False,2,False
28.108234278,145,28,158234279,map,7.585813045501709,5.919256210327148,-0.29819533228874207,0.00015754703781567514,0.0,0.0,0.0,-0.0051078911051239025,-0.0006446412494038468,0.9999825865557911,0.0028845227174740754,0,0,0,,0.034126587212085724,0.004046406596899033,0.0,False,False,2,False
28.158234279,146,28,208234280,map,7.376075267791748,4.188871383666992,-0.8396174907684326,-0.00016384132322855294,0.0,0.0,0.0,-0.004762715796116565,-0.00015607530936999876,0.9999839293034866,0.003071369971671866,0,0,0,,0.09133702516555786,-0.011861171573400497,0.0,False,False,2,False
28.258234281,147,28,258234281,map,7.10576868057251,5.406866073608398,0.13349220156669617,-0.00020275110728107393,0.0,0.0,0.0,-0.0044517174867491575,1.3121708134235051e-05,0.9999855688711331,0.0030073391420237477,0,0,0,,0.14032286405563354,-3.130745608359575e-05,0.0,False,False,2,False
28.258234281,148,28,308234281,map,6.948897838592529,3.1473922729492188,1.053519606590271,-0.00031642906833440065,0.0,0.0,0.0,-0.004087273467432269,-0.00033608540747993317,0.9999854017728035,0.0035181647895042444,0,0,0,,0.19070526957511902,0.020635943859815598,0.0,False,False,2,False
28.358234282,149,28,358234282,map,6.729044437408447,4.398899078369141,0.10169580578804016,-0.0001333237742073834,0.0,0.0,0.0,-0.003722404950657946,-0.0004927503581909905,0.9999828785682416,0.004488147595719207,0,0,0,,0.19275018572807312,0.011259399354457855,0.0,False,False,2,False
28.408234283,150,28,408234283,map,6.622191429138184,2.125530242919922,-1.1353309154510498,-0.0001270293432753533,0.0,0.0,0.0,-0.003304235037745617,-5.903553615036817e-05,0.9999845981968472,0.00445891407307051,0,0,0,,0.23110723495483398,-0.017170915380120277,0.0,False,False,2,False
28.458234284,151,28,458234284,map,6.422010898590088,4.002094268798828,-0.31498387455940247,-0.00019054416043218225,0.0,0.0,0.0,-0.0029651380014560744,0.00026382022331445423,0.9999867362766934,0.00420304963197574,0,0,0,,0.2389005720615387,-0.011172780767083168,0.0,False,False,2,False
28.458234284,152,28,508234284,map,6.341204643249512,1.6193771362304688,0.5405008792877197,-0.00021266932890284806,0.0,0.0,0.0,-0.002618281077709382,0.00011964069780554841,0.9999889868183605,0.003893139130640644,0,0,0,,0.28524962067604065,0.006478734314441681,0.0,False,False,2,False
28.558234285,153,28,558234285,map,6.158304214477539,3.6598873138427734,0.19185766577720642,-0.00019741058349609375,0.0,0.0,0.0,-0.002361938521083841,-6.181591173379793e-05,0.9999880851498217,0.004271648816141,0,0,0,,0.2904554009437561,0.0057688020169734955,0.0,False,False,2,False
28.608234286,154,28,608234286,map,6.099981307983398,1.1648368835449219,-0.1808936893939972,-0.0001924514799611643,0.0,0.0,0.0,-0.002085282409921855,-5.562613165833419e-05,0.9999888743222091,0.004230807819448058,0,0,0,,0.31674903631210327,-0.0016419329913333058,0.0,False,False,2,False
28.658234287,155,28,658234287,map,5.931497573852539,3.365468978881836,-0.8082108497619629,-0.00011692047701217234,0.0,0.0,0.0,-0.0018922341613717537,0.00024664389435762274,0.999989916805956,0.004065083404424007,0,0,0,,0.35902947187423706,-0.018626868724822998,0.0,False,False,2,False
28.708234287,156,28,708234287,map,5.895625114440918,0.7172298431396484,-0.19573378562927246,-0.00017147063044831157,0.0,0.0,0.0,-0.0016594673950759116,0.0004060406035953781,0.9999933782153462,0.003213226486351289,0,0,0,,0.3858591914176941,-0.012473732233047485,0.0,False,False,2,False
28.708234287,157,28,758234288,map,5.744345188140869,3.0268383026123047,0.49947792291641235,3.7384030292741954e-05,0.0,0.0,0.0,-0.0014992540808882583,0.0002053703314999186,0.9999939397533708,0.0031353654905684515,0,0,0,,0.38066208362579346,0.0045460425317287445,0.0,False,False,2,False
28.808234289,158,28,808234289,map,5.726409435272217,0.3591442108154297,0.08460253477096558,-5.302429053699598e-05,0.0,0.0,0.0,-0.0012934405747764507,3.601347623005018e-05,0.9999949525777682,0.0029018155517377174,0,0,0,,0.39331746101379395,0.0012014805106446147,0.0,False,False,2,False
28.85823429,159,28,858234290,map,5.586239337921143,2.8075695037841797,0.5230004191398621,4.0817263652570546e-05,0.0,0.0,0.0,-0.00116555730047052,-0.0002015661674481924,0.9999933210622021,0.0034581321904673923,0,0,0,,0.39115196466445923,0.012752912938594818,0.0,False,False,2,False
28.90823429,160,28,908234290,map,5.5823140144348145,0.07368087768554688,-0.6661617755889893,-4.76837158203125e-05,0.0,0.0,0.0,-0.0009908298037885792,-4.120954183403305e-05,0.9999940777381982,0.0032956102021102635,0,0,0,,0.43266505002975464,-0.011440005153417587,0.0,False,False,2,False
28.90823429,161,28,958234291,map,5.453950881958008,2.5664520263671875,-0.26347699761390686,-1.754760705807712e-05,0.0,0.0,0.0,-0.0008876688758768542,0.00015580818833540303,0.9999943528389934,0.003237600639074969,0,0,0,,0.45772868394851685,-0.009900141507387161,0.0,False,False,2,False
29.008234292,162,29,8234292,map,5.468277454376221,-0.2867317199707031,-0.2519835829734802,2.3269651137525216e-05,0.0,0.0,0.0,-0.0007218166659951712,0.0002799408056354401,0.9999964560729019,0.0025472446845211188,0,0,0,,0.4952908158302307,-0.01168893277645111,0.0,False,False,2,False
29.058234293,163,29,58234293,map,5.356612205505371,2.2333145141601562,0.0972062200307846,-5.722045443690149e-06,0.0,0.0,0.0,-0.0006177622573997854,0.00024191251768484795,0.9999969253011418,0.002389400843294995,0,0,0,,0.5051347017288208,-0.004304978996515274,0.0,False,False,2,False
29.108234293,164,29,108234293,map,5.389911651611328,-0.6659126281738281,0.0838131308555603,6.86645489622606e-06,0.0,0.0,0.0,-0.0004439545001819591,0.00014548385721443948,0.999998042930348,0.001922465688415156,0,0,0,,0.5253027081489563,-0.002358958125114441,0.0,False,False,2,False
29.158234294,165,29,158234294,map,5.292959213256836,1.9417476654052734,0.6265261769294739,3.318786548334174e-05,0.0,0.0,0.0,-0.0003377893555050856,-0.0001304996555731174,0.9999971683434502,0.002352057242638804,0,0,0,,0.4959634840488434,0.012818556278944016,0.0,False,False,2,False
29.158234294,166,29,208234295,map,5.33946418762207,-0.9318447113037109,-0.2961612939834595,-2.3269654775504023e-05,0.0,0.0,0.0,-0.0001714771747204295,-0.00012717175682804745,0.9999973376829466,0.002297618319335287,0,0,0,,0.5142991542816162,-0.0033590421080589294,0.0,False,False,2,False
29.258234295,167,29,258234295,map,5.253749847412109,1.7133235931396484,-0.34214890003204346,-3.967285010730848e-05,0.0,0.0,0.0,-8.036327070736184e-05,4.301224659588772e-05,0.9999971160606874,0.002399908748117881,0,0,0,,0.5728317499160767,-0.009100697934627533,0.0,False,False,2,False
29.308234296,168,29,308234296,map,5.317543983459473,-1.2758350372314453,0.036268897354602814,-3.585815284168348e-05,0.0,0.0,0.0,8.15478747259515e-05,9.497264981677335e-05,0.9999980458107788,0.0019729938579955077,0,0,0,,0.5679770112037659,-0.003466945141553879,0.0,False,False,2,False
29.358234297,169,29,358234297,map,5.247222423553467,1.4066600799560547,0.10721836239099503,-3.280639793956652e-05,0.0,0.0,0.0,0.0001746209692274361,4.649228460238547e-05,0.9999977533770961,0.0021120101195763047,0,0,0,,0.5483980774879456,-0.00028926145751029253,0.0,False,False,2,False
29.408234298,170,29,408234298,map,5.323366165161133,-1.5227317810058594,0.054021235555410385,6.866455078125e-05,0.0,0.0,0.0,0.0003311608204955635,-1.684781551371329e-06,0.9999981953353696,0.0018707366667628214,0,0,0,,0.5803830027580261,-0.0001595356734469533,0.0,False,False,2,False
29.458234298,171,29,458234298,map,5.264523029327393,1.1776065826416016,0.18475644290447235,-2.632141149661038e-05,0.0,0.0,0.0,0.00041299766479980566,-8.267191124670522e-05,0.9999974694164189,0.002209922858881894,0,0,0,,0.5688374042510986,0.003682311624288559,0.0,False,False,2,False
29.458234298,172,29,508234299,map,5.353036880493164,-1.7714691162109375,-0.4059799909591675,-5.321502248989418e-05,0.0,0.0,0.0,0.0005594041179672423,3.865138011415345e-05,0.9999980498918798,0.0018936170523668296,0,0,0,,0.6164990067481995,-0.009001776576042175,0.0,False,False,2,False
29.5582343,173,29,558234300,map,5.307899475097656,0.9028244018554688,0.06403210759162903,9.536688594380394e-07,0.0,0.0,0.0,0.0006368441945741023,7.45771726635831e-05,0.9999978725156887,0.001960569257513167,0,0,0,,0.6123431921005249,-0.00230204313993454,0.0,False,False,2,False
29.5582343,174,29,608234301,map,5.409848213195801,-2.0383167266845703,0.2429790049791336,-2.1553041733568534e-05,0.0,0.0,0.0,0.0007839476452582207,-1.8956805919953666e-05,0.9999981433291869,0.0017602286522020176,0,0,0,,0.6080759763717651,0.0033634938299655914,0.0,False,False,2,False
29.658234301,175,29,658234301,map,5.374543190002441,0.7070541381835938,0.19807782769203186,2.5939943952835165e-05,0.0,0.0,0.0,0.0008536156743300498,-0.00012969041088056402,0.9999972570677949,0.002177240814465492,0,0,0,,0.5859944820404053,0.005139939486980438,0.0,False,False,2,False
29.708234302,176,29,708234302,map,5.480981349945068,-2.1290206909179688,-0.04050731658935547,7.781982276355848e-05,0.0,0.0,0.0,0.0009778307044299437,-0.00013179990872968519,0.9999971986313113,0.002151558836522218,0,0,0,,0.5909394025802612,0.0008733830181881785,0.0,False,False,2,False
29.758234303000002,177,29,758234303,map,5.448353290557861,0.6515789031982422,-0.2399044930934906,-2.47955322265625e-05,0.0,0.0,0.0,0.001014839123867619,-2.184677653595398e-05,0.9999966751810235,0.0023704959754720723,0,0,0,,0.5800946950912476,-0.0049385204911231995,0.0,False,False,2,False
29.808234304,178,29,808234304,map,5.554296016693115,-2.1193504333496094,-0.2989945411682129,-1.7929078239831142e-05,0.0,0.0,0.0,0.0011014591810810657,0.00013702128350344587,0.9999975614853185,0.0019091978045877817,0,0,0,,0.561042845249176,-0.009202085435390472,0.0,False,False,2,False
29.858234304,179,29,858234304,map,5.518367290496826,0.71990966796875,0.512266993522644,-3.4332242648815736e-06,0.0,0.0,0.0,0.0010948750846200665,-2.276533887551858e-06,0.9999971452098696,0.0021238680461238956,0,0,0,,0.5328006744384766,0.007462996989488602,0.0,False,False,2,False
29.908234305,180,29,908234305,map,5.6154656410217285,-1.942281723022461,-0.06469190120697021,3.223419116693549e-05,0.0,0.0,0.0,0.0011315983024845627,-5.7946135744067276e-05,0.9999973174537917,0.0020202011651524513,0,0,0,,0.5300824642181396,-9.791192132979631e-05,0.0,False,False,2,False
29.958234306,181,29,958234306,map,5.572376251220703,0.8631515502929688,0.25004470348358154,1.5258774510584772e-06,0.0,0.0,0.0,0.0010790361705991897,-0.0001416625264292672,0.9999964026630839,0.002451585928088185,0,0,0,,0.5341103672981262,0.005971163511276245,0.0,False,False,2,False
30.008234307,182,30,8234307,map,5.664137363433838,-1.8375682830810547,-0.8363844156265259,1.0299681889591739e-05,0.0,0.0,0.0,0.0010842983316417926,0.00013287397825485797,0.9999973888739699,0.002007208727523339,0,0,0,,0.578074038028717,-0.017436116933822632,0.0,False,False,2,False
30.058234307,183,30,58234307,map,5.6219096183776855,0.8445167541503906,0.1429845094680786,3.147125244140625e-05,0.0,0.0,0.0,0.0010270047370293728,0.00019965881953893787,0.9999977097278178,0.001867066347314409,0,0,0,,0.558322012424469,-0.0034089796245098114,0.0,False,False,2,False
30.108234308,184,30,108234308,map,5.714789867401123,-1.8575763702392578,-0.1287299394607544,3.833770824712701e-05,0.0,0.0,0.0,0.0010443732316168853,0.00020886049605692872,0.9999985472792917,0.0013308272436612747,0,0,0,,0.5660903453826904,-0.006635207682847977,0.0,False,False,2,False
30.158234309,185,30,158234309,map,5.674128532409668,0.8136463165283203,0.41466888785362244,1.5640256606275216e-05,0.0,0.0,0.0,0.0010010577320815903,3.811709107040628e-05,0.9999984008290127,0.0014814755893324343,0,0,0,,0.5708819627761841,0.005417384207248688,0.0,False,False,2,False
30.158234309,186,30,208234310,map,5.768026828765869,-1.8774223327636719,0.15693482756614685,-2.5749204723979346e-05,0.0,0.0,0.0,0.0010317322159218946,-0.00010028719745838899,0.9999984283221486,0.001438340830696005,0,0,0,,0.5752875804901123,0.004135098308324814,0.0,False,False,2,False
30.25823431,187,30,258234310,map,5.728838920593262,0.7837200164794922,-0.010318607091903687,-3.356933666509576e-05,0.0,0.0,0.0,0.0010004138564229646,-0.00012645840052713585,0.9999978322469156,0.0018217249678543067,0,0,0,,0.5490745306015015,0.0012533626286312938,0.0,False,False,2,False
30.308234311,188,30,308234311,map,5.821155548095703,-1.8471336364746094,-0.6613526344299316,3.4332275390625e-05,0.0,0.0,0.0,0.0010328792628181576,0.00012277860724360144,0.9999985179442649,0.0013719311628554486,0,0,0,,0.5688231587409973,-0.014600738883018494,0.0,False,False,2,False
30.358234312,189,30,358234312,map,5.780766010284424,0.8076286315917969,0.17351514101028442,-1.71661376953125e-05,0.0,0.0,0.0,0.0009976278647870673,0.0001588929600831473,0.9999986723921795,0.0012785560406065194,0,0,0,,0.5456241369247437,-0.001983530819416046,0.0,False,False,2,False
30.408234313,190,30,408234313,map,5.868597030639648,-1.7538070678710938,-0.7946673631668091,3.3760068617993966e-05,0.0,0.0,0.0,0.0010201816355676517,0.0003934930428870062,0.999999311697609,0.000425437379165209,0,0,0,,0.519844114780426,-0.021036144345998764,0.0,False,False,2,False
30.458234313,191,30,458234313,map,5.820376873016357,0.9620761871337891,1.1503698825836182,-5.664824857376516e-05,0.0,0.0,0.0,0.0009627020530013629,5.161029850017805e-05,0.9999993930939045,0.0005332475570044894,0,0,0,,0.5009873509407043,0.016583900898694992,0.0,False,False,2,False
30.508234314,192,30,508234314,map,5.898233890533447,-1.5574264526367188,-0.12013325095176697,5.187987699173391e-05,0.0,0.0,0.0,0.0009565391650003284,-0.00010649435299153608,0.9999993998655011,0.0005234122810607936,0,0,0,,0.5119219422340393,0.0007652341155335307,0.0,False,False,2,False
30.558234315,193,30,558234315,map,5.843326568603516,1.0988330841064453,0.23858235776424408,3.681183443404734e-05,0.0,0.0,0.0,0.0008778417784782164,-0.00019422454224247401,0.9999990943159957,0.0010015177620064214,0,0,0,,0.5022249817848206,0.006239902228116989,0.0,False,False,2,False
30.608234316,194,30,608234316,map,5.9141669273376465,-1.4170551300048828,-0.8451448678970337,1.1253350749029778e-05,0.0,0.0,0.0,0.000858302172412287,9.174949426774627e-05,0.9999994484484516,0.0005983328537354839,0,0,0,,0.5007335543632507,-0.01686277985572815,0.0,False,False,2,False
30.658234316,195,30,658234316,map,5.852226257324219,1.2401103973388672,1.063156247138977,-2.7084348403150216e-05,0.0,0.0,0.0,0.0007710818502215817,-0.000144043131397937,0.9999992000412917,0.0009922706955705876,0,0,0,,0.48354506492614746,0.018190249800682068,0.0,False,False,2,False
30.708234317,196,30,708234317,map,5.917421817779541,-1.3045883178710938,-0.12900206446647644,1.8501283193472773e-05,0.0,0.0,0.0,0.0007495009673296646,-0.00022751212695945185,0.9999990083688409,0.0011703622801906431,0,0,0,,0.5163601040840149,0.0024921484291553497,0.0,False,False,2,False
30.708234317,197,30,758234318,map,5.853315353393555,1.2812042236328125,-0.2672506868839264,-2.5367738999193534e-05,0.0,0.0,0.0,0.0006724881240940104,-0.00010008388699002219,0.9999986315160349,0.001508213842940827,0,0,0,,0.4971316456794739,-0.0037699639797210693,0.0,False,False,2,False
30.758234318,198,30,808234319,map,5.917072772979736,-1.2754631042480469,-0.21928904950618744,-4.348754373495467e-05,0.0,0.0,0.0,0.0006666806867507219,5.187699240166419e-05,0.9999990628180334,0.0011946584006520256,0,0,0,,0.5107957720756531,-0.005977034568786621,0.0,False,False,2,False
30.808234319,199,30,858234319,map,5.851841449737549,1.30462646484375,-0.12689554691314697,-1.754760705807712e-05,0.0,0.0,0.0,0.0006052706620755271,0.00013974544476961592,0.9999991190510585,0.001173036974349166,0,0,0,,0.5081237554550171,-0.005624882876873016,0.0,False,False,2,False
30.858234319,200,30,908234320,map,5.914628982543945,-1.2556934356689453,-0.06732827425003052,5.149840944795869e-06,0.0,0.0,0.0,0.0006144048914399514,0.0001690500098707343,0.9999995477230671,0.0007060328495534768,0,0,0,,0.4961375594139099,-0.004836384207010269,0.0,False,False,2,False
30.90823432,201,30,958234321,map,5.845938205718994,1.3756752014160156,-0.5364218354225159,2.9945371352368966e-05,0.0,0.0,0.0,0.0005598153598993181,0.0003314697805346094,0.9999997140852382,0.00038543999434719666,0,0,0,,0.46406251192092896,-0.01560572162270546,0.0,False,False,2,False
31.008234322,202,31,8234322,map,5.901979923248291,-1.12274169921875,0.752588152885437,4.3106076191179454e-05,0.0,0.0,0.0,0.0005621338643714768,9.832530146523562e-05,0.9999998368331355,2.591053645279398e-05,0,0,0,,0.4670889377593994,0.009682934731245041,0.0,False,False,2,False
31.058234322,203,31,58234322,map,5.827637672424316,1.4868736267089844,0.036316148936748505,-2.6702877221396193e-05,0.0,0.0,0.0,0.0004958885664504417,-6.143091250952114e-05,0.999999810567594,0.0003594239123634487,0,0,0,,0.47423940896987915,0.002156335860490799,0.0,False,False,2,False
31.108234323,204,31,108234323,map,5.88112735748291,-1.0692119598388672,0.2714422643184662,-7.820126484148204e-06,0.0,0.0,0.0,0.0004938059810654521,-0.00018210567417325358,0.9999997694795557,0.0004289918554833151,0,0,0,,0.49987104535102844,0.007062423974275589,0.0,False,False,2,False
31.158234324,205,31,158234324,map,5.808003902435303,1.4648628234863281,0.4518507719039917,-6.103516625444172e-06,0.0,0.0,0.0,0.00043796590953979543,-0.00035632266422825,0.9999991240695548,0.0011971132543631504,0,0,0,,0.5262815952301025,0.0133783258497715,0.0,False,False,2,False
31.158234324,206,31,208234325,map,5.868428707122803,-1.2114429473876953,-0.697471022605896,-5.111694190418348e-05,0.0,0.0,0.0,0.00046500259494700866,-0.00012997469714652127,0.999999196510134,0.0011721169955229093,0,0,0,,0.5578230619430542,-0.0100017748773098,0.0,False,False,2,False
31.208234325,207,31,258234325,map,5.803238868713379,1.3037681579589844,-0.03157682716846466,1.7166144061775412e-06,0.0,0.0,0.0,0.0004496306569569237,2.4993221755897427e-05,0.9999990535902427,0.0013000100884372982,0,0,0,,0.5182342529296875,-0.003049097955226898,0.0,False,False,2,False
31.308234326,208,31,308234326,map,5.868124485015869,-1.297769546508789,-0.09070797264575958,5.7220458984375e-05,0.0,0.0,0.0,0.0005063687265076792,9.129068644083255e-05,0.9999994165969767,0.0009497696719588613,0,0,0,,0.5011239647865295,-0.003999367356300354,0.0,False,False,2,False
31.358234327,209,31,358234327,map,5.80181884765625,1.3265800476074219,-0.35077962279319763,-5.4550167988054454e-05,0.0,0.0,0.0,0.0004941811018403535,0.0002162367903927077,0.9999995169908116,0.0008216111200972765,0,0,0,,0.49544474482536316,-0.010439809411764145,0.0,False,False,2,False
31.408234328,210,31,408234328,map,5.864502429962158,-1.2491130828857422,-0.7551124095916748,-3.871917579090223e-05,0.0,0.0,0.0,-0.000536766491650955,-0.0004958494340558715,-0.9999997155814081,0.00018668737298505048,0,0,0,,0.5125742554664612,-0.022783000022172928,0.0,False,False,2,False
31.458234328,211,31,458234328,map,5.796597003936768,1.3530826568603516,1.0781354904174805,5.435943603515625e-05,0.0,0.0,0.0,-0.000509283167488834,-0.00016596728300891412,-0.9999998296510146,0.00023191260815849535,0,0,0,,0.48373112082481384,0.013796254992485046,0.0,False,False,2,False
31.508234329,212,31,508234329,map,5.857055187225342,-1.208953857421875,0.22832901775836945,3.337860107421875e-05,0.0,0.0,0.0,-0.0005396842624518359,0.00012559871813375384,-0.999999828467949,0.00018981551946551162,0,0,0,,0.5001736879348755,0.007233224809169769,0.0,False,False,2,False
31.508234329,213,31,558234330,map,5.788962364196777,1.3619422912597656,0.04250887781381607,1.9073468138230965e-07,0.0,0.0,0.0,0.0005044847303192834,-0.0002060301768368385,0.9999997961235234,0.0003328657911574921,0,0,0,,0.5216123461723328,0.0038270466029644012,0.0,False,False,2,False
31.608234331,214,31,608234331,map,5.853245258331299,-1.2850189208984375,0.20449501276016235,-3.376007225597277e-05,0.0,0.0,0.0,0.0005394127103662352,-0.0002569984875376008,0.9999996963527382,0.0005002800582849872,0,0,0,,0.5434815287590027,0.006845168769359589,0.0,False,False,2,False
31.658234331,215,31,658234331,map,5.790088653564453,1.264352798461914,0.2393198013305664,-3.24249267578125e-05,0.0,0.0,0.0,0.0005200825669312914,-0.0003212688503817383,0.9999990930854895,0.0012000536020685725,0,0,0,,0.5231457948684692,0.008865796029567719,0.0,False,False,2,False
31.708234332,216,31,708234332,map,5.859779357910156,-1.3959407806396484,-0.6249684691429138,4.291534423828125e-05,0.0,0.0,0.0,0.0005729514676975212,-8.025605408699874e-05,0.9999992328340622,0.0010952702262596507,0,0,0,,0.5716067552566528,-0.009883727878332138,0.0,False,False,2,False
31.758234333,217,31,758234333,map,5.803292751312256,1.1297130584716797,-0.044607654213905334,-5.111694190418348e-05,0.0,0.0,0.0,0.0005733546611524328,6.569741367273373e-05,0.9999991486872086,0.0011702876315153065,0,0,0,,0.5476722717285156,-0.0037104785442352295,0.0,False,False,2,False
31.808234333,218,31,808234333,map,5.878386497497559,-1.5018749237060547,-0.0005241646431386471,6.427764310501516e-05,0.0,0.0,0.0,0.0006427343207838625,9.245950035150838e-05,0.9999994433549142,0.0008316451739212744,0,0,0,,0.5294771790504456,-0.0023142583668231964,0.0,False,False,2,False
31.858234334,219,31,858234334,map,5.821194648742676,1.152496337890625,-1.4577205181121826,-0.00013790131197310984,0.0,0.0,0.0,0.0006381436021048864,0.0005709676218221126,0.9999996245672137,0.00013279363502474552,0,0,0,,0.5272923111915588,-0.03655774146318436,0.0,False,False,2,False
31.908234335,220,31,908234335,map,5.893703460693359,-1.4577579498291016,0.9152774810791016,5.359650094760582e-05,0.0,0.0,0.0,-0.000689448140953684,-0.0004057991378067755,-0.9999994121920676,0.0007318496019850573,0,0,0,,0.4967010021209717,0.005623243749141693,0.0,False,False,2,False
31.958234336,221,31,958234336,map,5.83359432220459,1.2011241912841797,0.5811917185783386,9.918212890625e-05,0.0,0.0,0.0,-0.0006619099438628512,7.618910296295334e-07,-0.9999996759044415,0.00045832920204438285,0,0,0,,0.4917648434638977,0.010810866951942444,0.0,False,False,2,False
32.008234336,222,32,8234336,map,5.899434566497803,-1.3164424896240234,0.22712863981723785,-3.5667417250806466e-05,0.0,0.0,0.0,-0.000683133839387662,0.00022830564455693706,-0.9999997005376978,0.000283071023942828,0,0,0,,0.4951865077018738,0.008216388523578644,0.0,False,False,2,False
32.058234337,223,32,58234337,map,5.83540153503418,1.2804508209228516,-0.09966260194778442,-1.182556115963962e-05,0.0,0.0,0.0,0.0006323494393169764,-0.0002249274922192454,0.999999743998437,0.00024808238528757534,0,0,0,,0.5184927582740784,0.0013974345056340098,0.0,False,False,2,False
32.058234337,224,32,108234338,map,5.901418209075928,-1.3202285766601562,0.05816536024212837,7.705688767600805e-05,0.0,0.0,0.0,0.0006471907253945774,-0.00018900987384282811,0.9999997287440751,0.0002965319694889485,0,0,0,,0.5271137952804565,0.0028167851269245148,0.0,False,False,2,False
32.108234338,225,32,158234339,map,5.839164733886719,1.2471389770507812,0.4802556335926056,-8.506774611305445e-05,0.0,0.0,0.0,0.0006043787098875196,-0.00031484921430399303,0.9999992810839593,0.0009866245039478246,0,0,0,,0.5232241153717041,0.01261337473988533,0.0,False,False,2,False
32.158234339,226,32,208234339,map,5.908277988433838,-1.3836956024169922,-0.2731097340583801,6.713866605423391e-05,0.0,0.0,0.0,0.0006344620505482379,-0.00023322356901941596,0.9999991103200567,0.001149966855325721,0,0,0,,0.5597139000892639,-0.0007139054359868169,0.0,False,False,2,False
32.25823434,227,32,258234340,map,5.851551532745361,1.133718490600586,-0.3072981536388397,-8.201598393497989e-05,0.0,0.0,0.0,0.0006147091740790206,-3.840915038647968e-05,0.999998834918538,0.0013967171993200305,0,0,0,,0.5518791675567627,-0.0056956447660923,0.0,False,False,2,False
32.25823434,228,32,308234341,map,5.926100254058838,-1.4909553527832031,-0.34132394194602966,4.386902219266631e-06,0.0,0.0,0.0,0.0006684385162091576,0.00016271655634232679,0.9999993326388561,0.0009281352890053684,0,0,0,,0.5394469499588013,-0.009705163538455963,0.0,False,False,2,False
32.308234341,229,32,358234342,map,5.870190620422363,1.1217117309570312,-0.7461433410644531,-2.6702878130890895e-06,0.0,0.0,0.0,0.000656668770610493,0.00046444948151489954,0.9999995987703987,0.0003943752611344663,0,0,0,,0.5067766308784485,-0.021669603884220123,0.0,False,False,2,False
32.408234342,230,32,408234342,map,5.941256999969482,-1.4247608184814453,0.7001858353614807,-4.844665454584174e-05,0.0,0.0,0.0,-0.0006996965120127144,-0.00027588326923234046,-0.9999996919121081,0.000224697356275178,0,0,0,,0.5153703689575195,0.005625337362289429,0.0,False,False,2,False
32.458234343,231,32,458234343,map,5.883157730102539,1.1617755889892578,0.18836021423339844,7.171630568336695e-05,0.0,0.0,0.0,-0.0006700142231458458,-4.444948665953692e-05,-0.9999997739885704,3.358558896089017e-05,0,0,0,,0.5177614092826843,0.0031827427446842194,0.0,False,False,2,False
32.508234344,232,32,508234344,map,5.953306198120117,-1.402292251586914,0.44339221715927124,1.182556115963962e-05,0.0,0.0,0.0,0.0006995646943288338,-0.00018727579046285157,0.9999997345982983,7.962631305610895e-05,0,0,0,,0.5492987632751465,0.010519985109567642,0.0,False,False,2,False
32.558234345,233,32,558234345,map,5.899929046630859,1.0670661926269531,-0.18453961610794067,-4.215240551275201e-05,0.0,0.0,0.0,0.0006738449848582515,-0.00018493855692533725,0.9999995955104629,0.0005663122614015528,0,0,0,,0.5948086977005005,-0.00020960543770343065,0.0,False,False,2,False
32.608234345,234,32,608234345,map,5.981250286102295,-1.62567138671875,0.25878024101257324,9.536756806483027e-07,0.0,0.0,0.0,0.0007317976065056492,-0.00021727799509340718,0.9999994782022702,0.0006788650259014434,0,0,0,,0.6040628552436829,0.006675831973552704,0.0,False,False,2,False
32.658234346,235,32,658234346,map,5.93837308883667,0.8568096160888672,-0.7109070420265198,-2.670290086825844e-06,0.0,0.0,0.0,0.0007440727109486565,3.50280873516025e-05,0.9999994077732357,0.0007934620416335982,0,0,0,,0.5680457949638367,-0.013141926378011703,0.0,False,False,2,False
32.658234346,236,32,708234347,map,6.023598670959473,-1.7027568817138672,0.9216287732124329,-4.825591895496473e-05,0.0,0.0,0.0,0.0008213994318006829,-0.00015834140814622994,0.9999993050266127,0.0008307690796088319,0,0,0,,0.549797773361206,0.01613606885075569,0.0,False,False,2,False
32.758234348,237,32,758234348,map,5.979403495788574,0.8847618103027344,-1.514563798904419,3.5095217754133046e-05,0.0,0.0,0.0,0.0008236573953595895,0.0002555644331471795,0.9999994331790364,0.0006244332803990143,0,0,0,,0.5523446798324585,-0.02902405336499214,0.0,False,False,2,False
32.808234348,238,32,808234348,map,6.061533451080322,-1.645364761352539,0.9565528631210327,3.8337704609148204e-05,0.0,0.0,0.0,0.0008766896448872909,0.0001220775284808523,0.9999995877948606,0.00020229298549360327,0,0,0,,0.5246357321739197,0.011007403954863548,0.0,False,False,2,False
32.808234348,239,32,858234349,map,6.013720512390137,0.9569263458251953,0.2909430265426636,-5.7411190937273204e-05,0.0,0.0,0.0,0.0008499384245673681,-0.00012679309302603335,0.9999994141673378,0.0006581741163201534,0,0,0,,0.5093468427658081,0.007914122194051743,0.0,False,False,2,False
32.858234349,240,32,908234350,map,6.090042591094971,-1.5270614624023438,-0.2514980733394623,4.806518700206652e-05,0.0,0.0,0.0,0.0008707608126160329,-0.00010015065269258594,0.9999994174704027,0.0006299240501936327,0,0,0,,0.5669416785240173,-0.002463502809405327,0.0,False,False,2,False
32.958234351,241,32,958234351,map,6.0435075759887695,0.9325790405273438,0.5231741070747375,1.1634827387752011e-05,0.0,0.0,0.0,0.0008309739775036941,-0.00023054777699288765,0.9999989279080743,0.0011834325806959524,0,0,0,,0.5759917497634888,0.01142868772149086,0.0,False,False,2,False
33.008234351,242,33,8234351,map,6.125239372253418,-1.6364097595214844,-0.45794785022735596,-1.7547608877066523e-05,0.0,0.0,0.0,0.0008648583476980764,-0.0001075292975007934,0.999998947855256,0.0011596317818488343,0,0,0,,0.5793070793151855,-0.005797848105430603,0.0,False,False,2,False
33.058234352,243,33,58234352,map,6.084570407867432,0.8138179779052734,-0.6396389603614807,1.621246337890625e-05,0.0,0.0,0.0,0.0008481974981495278,0.00020379180885512395,0.9999991285520274,0.0009909213331075952,0,0,0,,0.5898460745811462,-0.015358028933405876,0.0,False,False,2,False
33.058234352,244,33,108234353,map,6.170195579528809,-1.706399917602539,-0.8901194334030151,-8.125305612338707e-05,0.0,0.0,0.0,-0.000900386636706691,-0.0006039663850404221,-0.9999993924206798,0.0001992154141825805,0,0,0,,0.5582500696182251,-0.026320848613977432,0.0,False,False,2,False
33.158234354,245,33,158234354,map,6.129211902618408,0.8133983612060547,0.9424808621406555,0.00014495849609375,0.0,0.0,0.0,-0.000886733664137149,-0.00034087935595060746,-0.9999994039618131,0.0005381270222433333,0,0,0,,0.5213278532028198,0.00826181098818779,0.0,False,False,2,False
33.158234354,246,33,208234354,map,6.205968856811523,-1.5354728698730469,0.5534961223602295,6.027221024851315e-05,0.0,0.0,0.0,-0.000916815983123529,6.767550471265854e-05,-0.9999994279294588,0.0005468173683545841,0,0,0,,0.4973655343055725,0.011523067951202393,0.0,False,False,2,False
33.258234355,247,33,258234355,map,6.155082702636719,1.0176658630371094,-0.36087337136268616,-3.4332268114667386e-05,0.0,0.0,0.0,-0.0008630333752712808,8.076941684972605e-05,-0.9999995999397783,0.0002208392578172186,0,0,0,,0.5070047378540039,-0.004262413829565048,0.0,False,False,2,False
33.258234355,248,33,308234356,map,6.2232842445373535,-1.364126205444336,0.2037341147661209,-2.384185791015625e-05,0.0,0.0,0.0,-0.0008548796049592372,0.00010121357103908738,-0.9999995857616651,0.00029565718662294567,0,0,0,,0.5132010579109192,0.0035143867135047913,0.0,False,False,2,False
33.308234356,249,33,358234357,map,6.168299674987793,1.1004352569580078,0.38535183668136597,-6.408691115211695e-05,0.0,0.0,0.0,0.0007817723916887012,-0.00023908693081331063,0.9999996325919455,0.0002578475153605407,0,0,0,,0.541136622428894,0.009488202631473541,0.0,False,False,2,False
33.408234357,250,33,408234357,map,6.237936019897461,-1.3934326171875,-0.31967097520828247,7.400512549793348e-05,0.0,0.0,0.0,0.0007800625752447241,-0.00015069071022117992,0.9999996438012048,0.0002849423661902962,0,0,0,,0.5799753665924072,-0.003140551969408989,0.0,False,False,2,False
33.408234357,251,33,458234358,map,6.190941333770752,0.9401226043701172,0.1493731439113617,5.531310307560489e-06,0.0,0.0,0.0,0.0007411659710512316,-0.00012191070108526001,0.9999995163007768,0.0006349873987868998,0,0,0,,0.5938926935195923,0.003054516389966011,0.0,False,False,2,False
33.458234358,252,33,508234359,map,6.27136754989624,-1.6080379486083984,0.17491905391216278,-6.4849853515625e-05,0.0,0.0,0.0,0.0007888117513417727,-0.00016380727014064542,0.9999994273807293,0.0007044014571584043,0,0,0,,0.6082979440689087,0.004932546988129616,0.0,False,False,2,False
33.55823436,253,33,558234360,map,6.237321853637695,0.6803131103515625,-0.6344899535179138,9.536742254567798e-06,0.0,0.0,0.0,0.0008013699202560429,5.6995741715017285e-05,0.9999993665053214,0.0007883823262119755,0,0,0,,0.6484667062759399,-0.011588267982006073,0.0,False,False,2,False
33.55823436,254,33,608234360,map,6.332602024078369,-1.9056034088134766,-0.002512633800506592,-3.204345557605848e-05,0.0,0.0,0.0,0.0008996057836506661,0.00016136585807214455,0.9999995292540552,0.0003258253545077848,0,0,0,,0.6315861940383911,-0.004095137119293213,0.0,False,False,2,False
33.60823436,255,33,658234361,map,6.310830593109131,0.4353046417236328,0.2976675033569336,-0.00011672973050735891,0.0,0.0,0.0,0.0009492861992205513,5.0885117414481165e-05,0.9999994486614259,0.0004460305608612178,0,0,0,,0.6083217859268188,0.0035840682685375214,0.0,False,False,2,False
33.708234362,256,33,708234362,map,6.412959098815918,-2.0412635803222656,-0.6839489340782166,5.3596493671648204e-05,0.0,0.0,0.0,-0.0010576682738360436,-0.0002212636682765366,-0.9999994135974949,7.200609633538874e-05,0,0,0,,0.6674619913101196,-0.014245767146348953,0.0,False,False,2,False
33.758234363,257,33,758234363,map,6.401890277862549,0.22238731384277344,-0.19015736877918243,-3.62396240234375e-05,0.0,0.0,0.0,-0.0011107471324470065,-0.00034741018490622746,-0.9999992112408672,0.0004722971676984572,0,0,0,,0.6365127563476562,-0.009767213836312294,0.0,False,False,2,False
33.808234363,258,33,808234363,map,6.510522842407227,-2.173128128051758,0.07768332958221436,2.784729076665826e-05,0.0,0.0,0.0,-0.0012179833950265496,-0.0003008914757736019,-0.9999985897092631,0.001116494627967355,0,0,0,,0.6171977519989014,-0.003967432305216789,0.0,False,False,2,False
33.808234363,259,33,858234364,map,6.498988628387451,0.22884368896484375,0.5987501740455627,5.092620995128527e-05,0.0,0.0,0.0,-0.0012467342718643134,-1.7161523230242977e-05,-0.9999987746154979,0.0009466396569954206,0,0,0,,0.5686248540878296,0.009058037772774696,0.0,False,False,2,False
33.908234365,260,33,908234365,map,6.599887847900391,-2.016782760620117,-0.47131139039993286,-6.618499173782766e-05,0.0,0.0,0.0,-0.0013034339995401803,-5.0867366051202146e-05,-0.9999984418622093,0.0011894307350365605,0,0,0,,0.6224126815795898,-0.007657051086425781,0.0,False,False,2,False
33.958234366,261,33,958234366,map,6.585444450378418,0.2890777587890625,-0.04618316888809204,5.512237112270668e-05,0.0,0.0,0.0,-0.0012857764850181033,-0.00010873253163916761,-0.9999983997029814,0.00123917212016791,0,0,0,,0.581944465637207,-0.0036857686936855316,0.0,False,False,2,False
34.008234366,262,34,8234366,map,6.6808366775512695,-1.9069766998291016,-0.16826120018959045,2.0217894416418858e-05,0.0,0.0,0.0,-0.0013078684087768004,-0.00016297966846896486,-0.9999976959979582,0.0016943779472726494,0,0,0,,0.5804147720336914,-0.005766149610280991,0.0,False,False,2,False
34.058234367,263,34,58234367,map,6.662709712982178,0.3704261779785156,-0.8628048896789551,-2.3269654775504023e-05,0.0,0.0,0.0,-0.001260736529321978,-0.00045269267534434195,-0.9999964781198054,0.0022911483433085875,0,0,0,,0.6271777153015137,-0.021120723336935043,0.0,False,False,2,False
34.108234368,264,34,108234368,map,6.758368492126465,-1.9154548645019531,0.1854512095451355,1.7547608877066523e-05,0.0,0.0,0.0,-0.0012756489014409977,-0.0004511700474231002,-0.9999939455284358,0.003205943221622307,0,0,0,,0.6102021932601929,-0.005187021568417549,0.0,False,False,2,False
34.108234368,265,34,158234369,map,6.74355936050415,0.3043556213378906,-0.6198716163635254,-4.57763671875e-05,0.0,0.0,0.0,-0.0012394613474730493,-0.0005539696940717848,-0.9999913892807926,0.0039215070338553416,0,0,0,,0.6053327322006226,-0.01769191026687622,0.0,False,False,2,False
34.208234369,266,34,208234369,map,6.841433525085449,-1.949920654296875,-0.4608204960823059,3.0326846172101796e-05,0.0,0.0,0.0,-0.0012655130447109541,-0.0006837249898885689,-0.9999855139240635,0.005186804304995842,0,0,0,,0.6924008131027222,-0.017679058015346527,0.0,False,False,2,False
34.25823437,267,34,258234370,map,6.838705539703369,0.07540702819824219,-0.9444469213485718,-0.00011920928955078125,0.0,0.0,0.0,-0.0012597805326580525,-0.0009445560149113318,-0.9999772889643912,0.006553039170530662,0,0,0,,0.6570029854774475,-0.028834041208028793,0.0,False,False,2,False
34.25823437,268,34,308234371,map,6.943227291107178,-2.0965576171875,0.2238902449607849,0.0001260757417185232,0.0,0.0,0.0,-0.0013241809458700408,-0.0008294716939069698,-0.9999665979027069,0.008022568193379539,0,0,0,,0.5889937877655029,-0.008991919457912445,0.0,False,False,2,False
34.358234371,269,34,358234371,map,6.933231353759766,0.2172565460205078,-0.665794312953949,-6.561279587913305e-05,0.0,0.0,0.0,-0.0013127380741862144,-0.0008432714665770518,-0.9999566706466176,0.009177278535288689,0,0,0,,0.5319322943687439,-0.02149796299636364,0.0,False,False,2,False
34.408234372,270,34,408234372,map,6.998751163482666,-1.3609504699707031,5.134105682373047,0.0002849579032044858,0.0,0.0,0.0,-0.0012974494429381035,0.0007721235502344365,-0.9999654666816931,0.008172263715153717,0,0,0,,0.5280439853668213,0.18368518352508545,0.0,False,False,2,False
34.408234372,271,34,458234373,map,6.965648651123047,0.7039356231689453,2.41717529296875,-0.00144195556640625,0.0,0.0,0.0,-0.0011736546218016214,0.00258839364375813,-0.9999895527309798,0.0035801092258467004,0,0,0,,0.47058188915252686,0.08338484168052673,0.0,False,False,2,False
34.508234374,272,34,508234374,map,7.024254322052002,-1.2190723419189453,-3.4582674503326416,0.0011993407970294356,0.0,0.0,0.0,-0.0010831391318546282,0.001660108905910805,-0.9999974542568819,0.0010781130725994526,0,0,0,,0.6361536979675293,-0.0449846126139164,0.0,False,False,2,False
34.558234374,273,34,558234374,map,6.973631858825684,1.138143539428711,-6.084296703338623,0.0010086059337481856,0.0,0.0,0.0,-0.0009352492820555658,-0.0012266843130543789,-0.9999934771758354,0.003265908779859599,0,0,0,,0.7932925820350647,-0.17059803009033203,0.0,False,False,2,False
34.608234375,274,34,608234375,map,7.061318397521973,-1.8394660949707031,2.558725357055664,-0.00146141042932868,0.0,0.0,0.0,-0.0009341148729850487,-0.002017710892135707,-0.9999703428098266,0.007373586166704758,0,0,0,,0.5819240808486938,0.07953846454620361,0.0,False,False,2,False
34.658234376,275,34,658234376,map,7.056582927703857,0.13724327087402344,-1.4641640186309814,0.0009353638160973787,0.0,0.0,0.0,-0.0009623016635261539,-0.0014700667404227326,-0.9999572359250397,0.00907960353987429,0,0,0,,0.8144508600234985,-0.049989182502031326,0.0,False,False,2,False
34.708234377,276,34,708234377,map,7.162543296813965,-1.8087387084960938,-5.777034759521484,-0.0014596938854083419,0.0,0.0,0.0,-0.0010417783785865548,-0.0030809838118818367,-0.9998977955955988,0.013921946689411473,0,0,0,,1.0,-0.21242335438728333,0.0,False,False,2,False
34.758234377,277,34,758234377,map,7.232591152191162,-1.5810871124267578,2.758788585662842,-0.0007987975841388106,0.0,0.0,0.0,-0.0012438786479291913,-0.0031169061042953766,-0.9998096264877658,0.01922104171579698,0,0,0,,0.8820216655731201,0.0694255456328392,0.0,False,False,2,False
34.758234377,278,34,808234378,map,7.442153453826904,-3.971710205078125,-3.4922475814819336,0.0021499632857739925,0.0,0.0,0.0,-0.0016626160036617183,-0.002602724305970395,-0.9997407256427844,0.022559765633763003,0,0,0,,1.0,-0.22982801496982574,0.0,False,False,2,False
34.858234379,279,34,858234379,map,7.527625560760498,-0.7744026184082031,-8.907768249511719,-0.004712867550551891,0.0,0.0,0.0,-0.001854290268755882,-0.005439285500018449,-0.9994992144986954,0.03111745486602771,0,0,0,,1.0,-0.5,0.0,False,False,2,False
34.90823438,280,34,908234380,map,7.657957077026367,-0.5610561370849609,-11.907556533813477,-0.013382339850068092,0.0,0.0,0.0,-0.001656811896037761,-0.009993742402039443,-0.9988341705011595,0.04719830427465839,0,0,0,,1.0,-0.5,0.0,False,False,2,False
34.95823438,281,34,958234380,map,7.72204065322876,1.7758560180664062,-12.08214282989502,-0.01909790188074112,0.0,0.0,0.0,-0.0009927644305474045,-0.014607361293670228,-0.9974066958754915,0.07046646321163601,0,0,0,,1.0,-0.4259977340698242,0.0,False,False,2,False
35.008234381,282,35,8234381,map,7.859809875488281,1.5883445739746094,-13.06187629699707,-0.014149665832519531,0.0,0.0,0.0,-7.004024869146645e-05,-0.018496588861948278,-0.9948914188480997,0.09924180569321844,0,0,0,,1.0,-0.5,0.0,False,False,2,False
35.058234382,283,35,58234382,map,7.968633651733398,3.098468780517578,-12.484512329101562,-0.0065193185582757,0.0,0.0,0.0,0.001084870441344275,-0.021526194148726138,-0.9909776727530487,0.13228264484258132,0,0,0,,1.0,-0.5,0.0,False,False,2,False
35.108234383,284,35,108234383,map,8.26104736328125,-2.8680992126464844,-7.2745561599731445,0.018956758081912994,0.0,0.0,0.0,0.001597562888744684,-0.021806638431820163,-0.9860427350516857,0.16505042552175256,0,0,0,,1.0,-0.23100249469280243,0.0,False,False,2,False
35.158234383,285,35,158234383,map,8.474029541015625,0.4300880432128906,-9.482231140136719,0.03665103763341904,0.0,0.0,0.0,0.0016450750645039289,-0.020741580164926877,-0.9807249047616775,0.1942826337079381,0,0,0,,1.0,-0.406264066696167,0.0,False,False,2,False
35.208234384,286,35,208234384,map,8.632325172424316,4.587306976318359,-12.899627685546875,-0.003581428434699774,0.0,0.0,0.0,0.0025451612354370555,-0.021942928933794844,-0.9740238239560207,0.22536552617954445,0,0,0,,1.0,-0.5,0.0,False,False,2,False
35.258234385,287,35,258234385,map,8.752793312072754,6.575632095336914,-12.537460327148438,-0.019740676507353783,0.0,0.0,0.0,0.00413567836658058,-0.024060137484615985,-0.9653367956807324,0.25986318872346204,0,0,0,,1.0,-0.5,0.0,False,False,2,False
35.258234385,288,35,308234386,map,9.027658462524414,0.8745098114013672,-9.383373260498047,0.003748703747987747,0.0,0.0,0.0,0.005017197669773042,-0.024295346920487983,-0.9554596666981535,0.29407718231547464,0,0,0,,1.0,-0.2949484586715698,0.0,False,False,2,False
35.308234386,289,35,358234386,map,9.23611068725586,4.55998420715332,-10.73664665222168,0.020406149327754974,0.0,0.0,0.0,0.005500389786670272,-0.023806294426107356,-0.945101904731063,0.32586100676762286,0,0,0,,0.967589259147644,-0.3840796947479248,0.0,False,False,2,False
35.408234387,290,35,408234387,map,9.404733657836914,7.298460006713867,-11.215581893920898,-0.005431556608527899,0.0,0.0,0.0,0.006648930025367579,-0.024457055227800912,-0.9332754600810093,0.35826604610217033,0,0,0,,0.8091427087783813,-0.4170107841491699,0.0,False,False,2,False
35.458234388,291,35,458234388,map,9.625181198120117,2.423858642578125,-7.688264846801758,0.00818481482565403,0.0,0.0,0.0,0.0071237871609343,-0.023655364707633745,-0.9209855703204382,0.3888126215011179,0,0,0,,0.30655375123023987,-0.23326103389263153,0.0,False,False,2,False
35.508234389,292,35,508234389,map,9.760099411010742,3.961658477783203,-6.408805847167969,0.025820350274443626,0.0,0.0,0.0,0.006956538244925779,-0.021627082689715197,-0.9096751447703041,0.4146986940624544,0,0,0,,0.26831290125846863,-0.22937890887260437,0.0,False,False,2,False
35.558234389,293,35,558234389,map,9.786552429199219,0.15481948852539062,-0.7685661315917969,0.024822235107421875,0.0,0.0,0.0,0.006085286204830099,-0.018019951220211234,-0.9004371712890122,0.4345700762948003,0,0,0,,0.0,-0.05815914273262024,0.21278685331344604,False,False,2,False
35.558234389,294,35,608234390,map,9.683114051818848,6.426000595092773,-1.9939994812011719,0.007861517369747162,0.0,0.0,0.0,0.005740667062227504,-0.015074151074515173,-0.8932493387293251,0.44927211528280575,0,0,0,,0.0,-0.21452486515045166,0.15003615617752075,False,False,2,False
35.60823439,295,35,658234391,map,9.486088752746582,11.37918472290039,-2.592620849609375,-0.029195595532655716,0.0,0.0,0.0,0.007170606920962578,-0.014974598537985558,-0.8850685509994222,0.46516449114995273,0,0,0,,0.04758521914482117,-0.3133542835712433,0.0,False,False,2,False
35.658234391,296,35,708234392,map,9.289026260375977,8.060626983642578,-0.081634521484375,-0.02401561476290226,0.0,0.0,0.0,0.008592126378991777,-0.014775315844059346,-0.8759213577832532,0.48215105556779364,0,0,0,,0.0,-0.20052120089530945,0.009068705141544342,False,False,2,False
35.758234392,297,35,758234392,map,9.025504112243652,11.425800323486328,0.0543212890625,-0.010829352773725986,0.0,0.0,0.0,0.010009260314712803,-0.014598004095585601,-0.8661108913770869,0.49953842376974955,0,0,0,,0.0,-0.3595396876335144,0.030873335897922516,False,False,2,False
35.758234392,298,35,808234393,map,8.791619300842285,6.020545959472656,2.3636627197265625,-0.0012981416657567024,0.0,0.0,0.0,0.010705482386001726,-0.013486676559096123,-0.856082786878536,0.5165518020610831,0,0,0,,0.03162571042776108,-0.14298535883426666,0.0,False,False,2,False
35.858234394,299,35,858234394,map,8.533258438110352,9.292454719543457,1.689310073852539,0.009336089715361595,0.0,0.0,0.0,0.010978683333301695,-0.0121818437725395,-0.8467689805203009,0.5317079694937614,0,0,0,,0.027365487068891525,-0.34400296211242676,0.0,False,False,2,False
35.858234394,300,35,908234395,map,8.214613914489746,12.883448600769043,2.174253463745117,-0.01134414691478014,0.0,0.0,0.0,0.012378675065951332,-0.012521252613687923,-0.8357944089418495,0.5487601412440046,0,0,0,,0.03544509783387184,-0.4384418725967407,0.0,False,False,2,False
35.958234395,301,35,958234395,map,7.9404473304748535,8.428864479064941,3.237438201904297,-0.005763052962720394,0.0,0.0,0.0,0.01332860228080552,-0.012305169730857272,-0.8236687986534474,0.5667809464721991,0,0,0,,0.0,-0.2631576657295227,0.06889072805643082,False,False,2,False
36.008234396,302,36,8234396,map,7.647515773773193,10.009279251098633,3.625202178955078,0.00542335445061326,0.0,0.0,0.0,0.013859976420424858,-0.011753156230361425,-0.8111453497007655,0.5845622174166516,0,0,0,,0.17981818318367004,-0.3258264660835266,0.0,False,False,2,False
36.058234397,303,36,58234397,map,7.414478302001953,9.450831413269043,3.038787841796875,0.0013750075595453382,0.0,0.0,0.0,0.01439299950587062,-0.011424528575193922,-0.7976203983857286,0.6028797739110595,0,0,0,,0.2107982039451599,-0.3395255208015442,0.0,False,False,2,False
36.108234398,304,36,108234398,map,7.189269065856934,3.7031614780426025,4.034051895141602,0.014278601855039597,0.0,0.0,0.0,0.01355219827608672,-0.009842866351748133,-0.7848935968235526,0.6194041472005606,0,0,0,,0.11369002610445023,-0.19976766407489777,0.0,False,False,2,False
36.158234398,305,36,158234398,map,7.056976318359375,3.0805087089538574,2.3014259338378906,0.017665483057498932,0.0,0.0,0.0,0.011829623705518152,-0.007766678843778152,-0.7743809020511842,0.6325614256664074,0,0,0,,0.24556955695152283,-0.18026667833328247,0.0,False,False,2,False
36.208234399,306,36,208234399,map,6.854958534240723,3.6342275142669678,3.709993362426758,0.003118133172392845,0.0,0.0,0.0,0.010350711919692389,-0.006245996888005952,-0.7649118544143546,0.6440215099373806,0,0,0,,0.23685285449028015,-0.17326763272285461,0.0,False,False,2,False
36.2582344,307,36,258234400,map,6.768840312957764,2.1410365104675293,1.5632343292236328,-0.003081131726503372,0.0,0.0,0.0,0.008889686682189443,-0.005006338282604406,-0.7567020842721335,0.6536802472967204,0,0,0,,0.311551570892334,-0.14298398792743683,0.0,False,False,2,False
36.308234401,308,36,308234401,map,6.5865478515625,2.5640110969543457,3.497495651245117,-0.005961225833743811,0.0,0.0,0.0,0.007693944602954425,-0.004075428113412948,-0.7491860616489497,0.662302377417653,0,0,0,,0.27265438437461853,-0.13624367117881775,0.0,False,False,2,False
36.358234401,309,36,358234401,map,6.525547981262207,1.015576720237732,1.1727237701416016,-0.005409432575106621,0.0,0.0,0.0,0.006449294711263433,-0.003189159218535872,-0.7429510603996213,0.6693070728090988,0,0,0,,0.3309040665626526,-0.10262373834848404,0.0,False,False,2,False
36.408234402,310,36,408234402,map,6.358825206756592,0.8932158350944519,3.3003902435302734,-0.0044765472412109375,0.0,0.0,0.0,0.005294488857598226,-0.002325654304079553,-0.7376128515559567,0.6751991120693841,0,0,0,,0.31380680203437805,-0.08169949054718018,0.0,False,False,2,False
36.458234403,311,36,458234403,map,6.313523769378662,1.3547775745391846,0.8616161346435547,-0.00448760949075222,0.0,0.0,0.0,0.004474959767541642,-0.0018580225507030957,-0.7331660824847938,0.6800323653923984,0,0,0,,0.33524560928344727,-0.08628839999437332,0.0,False,False,2,False
36.458234403,312,36,508234404,map,6.1558685302734375,-0.22753268480300903,3.1610870361328125,-0.0026027681306004524,0.0,0.0,0.0,0.0035561691185174767,-0.0011727716267189371,-0.7294349333851395,0.6840399522142906,0,0,0,,0.3245433568954468,-0.04442116245627403,0.0,False,False,2,False
36.558234404,313,36,558234404,map,6.1208882331848145,0.3216344118118286,0.6904983520507812,-0.0018568038940429688,0.0,0.0,0.0,0.002799452922133238,-0.0006927306496837429,-0.7267810112455324,0.6868631922592044,0,0,0,,0.27226337790489197,-0.04415055736899376,0.0,False,False,2,False
36.608234405,314,36,608234405,map,5.960927486419678,0.9098401665687561,3.177814483642578,-0.0015571594703942537,0.0,0.0,0.0,0.0024361760637362155,-0.0004727185674446976,-0.7241454383270832,0.6896428247530884,0,0,0,,0.2739725708961487,-0.05000798776745796,0.0,False,False,2,False
36.658234406,315,36,658234406,map,5.925449848175049,1.0776445865631104,0.6917095184326172,-0.0009817122481763363,0.0,0.0,0.0,0.002298424661027168,-0.0005086941543453358,-0.7217623126090953,0.6921369969677288,0,0,0,,0.30036938190460205,-0.0580253005027771,0.0,False,False,2,False
36.708234407,316,36,708234407,map,5.7665629386901855,-0.5350865125656128,3.185911178588867,7.553098839707673e-05,0.0,0.0,0.0,0.0018937229340821012,-0.00015239674464457588,-0.7196488065267431,0.6943356435135066,0,0,0,,0.29526159167289734,-0.01994585245847702,0.0,False,False,2,False
36.758234407,317,36,758234407,map,5.739058971405029,-0.19255727529525757,0.5536270141601562,0.00028152461163699627,0.0,0.0,0.0,0.0014479468183339773,0.00017445886564808723,-0.7184553817251852,0.6955715185976449,0,0,0,,0.3478396236896515,-0.01601029559969902,0.0,False,False,2,False
36.758234407,318,36,808234408,map,5.586061000823975,-0.01782640814781189,3.0608749389648438,0.00021247862605378032,0.0,0.0,0.0,0.0011722656571888502,0.000415245309583003,-0.7173380923994201,0.6967241308849025,0,0,0,,0.34624356031417847,-0.012125249952077866,0.0,False,False,2,False
36.858234409,319,36,858234409,map,5.569131374359131,-0.5481034517288208,0.35076141357421875,0.00015964506019372493,0.0,0.0,0.0,0.0008324139697965989,0.0006280269190609816,-0.7169762106589571,0.6970968555504281,0,0,0,,0.3752865493297577,0.002547435462474823,0.0,False,False,2,False
36.908234409,320,36,908234409,map,5.423984050750732,0.8816090226173401,2.8852081298828125,0.00020885468984488398,0.0,0.0,0.0,0.0008795806179882107,0.0005295259645247155,-0.7162022553086089,0.6978920227592887,0,0,0,,0.3723908066749573,-0.0232919380068779,0.0,False,False,2,False
36.95823441,321,36,958234410,map,5.417357444763184,0.8729754686355591,0.12114524841308594,8.8310225692112e-05,0.0,0.0,0.0,0.0010547793581551607,0.00020454034865801307,-0.7153552609524227,0.6987601135092374,0,0,0,,0.4009755849838257,-0.03370293974876404,0.0,False,False,2,False
37.008234411,322,37,8234411,map,5.281519889831543,-0.12593328952789307,2.7181053161621094,0.0001491546572651714,0.0,0.0,0.0,0.0010104561077908414,0.00018722894714591704,-0.7142564473408475,0.6998833269594347,0,0,0,,0.3978731632232666,-0.01340208575129509,0.0,False,False,2,False
37.008234411,323,37,58234412,map,5.2882256507873535,0.3145807981491089,-0.13693809509277344,0.00015563966007903218,0.0,0.0,0.0,0.000910898471590449,0.00012634226185013515,-0.7135676390284513,0.7005857398155985,0,0,0,,0.44838130474090576,-0.019937779754400253,0.0,False,False,2,False
37.108234412,324,37,108234412,map,5.16335916519165,-0.023498833179473877,2.497577667236328,0.00013275146193336695,0.0,0.0,0.0,0.0007942724646182594,0.00016604014359236418,-0.7126722255916003,0.7014967144842789,0,0,0,,0.46436822414398193,-0.01107703521847725,0.0,False,False,2,False
37.158234413,325,37,158234413,map,5.186674118041992,-0.2909044921398163,-0.4636192321777344,6.923676119185984e-05,0.0,0.0,0.0,0.000548088494640091,0.00022646252432053805,-0.7123757106864169,0.7017980444100349,0,0,0,,0.5041271448135376,-0.002180296927690506,0.0,False,False,2,False
37.208234414,326,37,208234414,map,5.076272487640381,0.08353948593139648,2.2072887420654297,3.604888843256049e-05,0.0,0.0,0.0,0.0004204226338325228,0.0002488217952640991,-0.7118645303552739,0.7023166321215728,0,0,0,,0.4904051125049591,-0.005623277276754379,0.0,False,False,2,False
37.258234415,327,37,258234415,map,5.114063739776611,0.31166404485702515,-0.7585048675537109,1.7166134057333693e-05,0.0,0.0,0.0,0.00036353515229412805,9.610192373817674e-05,-0.7116181017970126,0.7025663924508698,0,0,0,,0.48380640149116516,-0.012665517628192902,0.0,False,False,2,False
37.308234415,328,37,308234415,map,5.013063430786133,0.6268095374107361,2.0175838470458984,-3.108978125965223e-05,0.0,0.0,0.0,0.0004636771434134708,-0.00010841767978652173,-0.7107971141951469,0.7033969261384109,0,0,0,,0.4817538261413574,-0.022691290825605392,0.0,False,False,2,False
37.308234415,329,37,358234416,map,5.052206516265869,-0.6116127371788025,-0.7804679870605469,-0.09485606849193573,0.0,0.0,0.0,0.00025405630708852253,-7.47684848742287e-05,-0.7103765387889422,0.7038217835527039,0,0,0,,0.48482030630111694,0.0031769387423992157,0.0,False,False,2,False
37.358234416,330,37,408234417,map,5.0880961418151855,0.02629980444908142,-0.7180309295654297,0.10300197452306747,0.0,0.0,0.0,-9.597495013212714e-05,-0.00022677098897332148,-0.7101942917107185,0.7040056870404091,0,0,0,,0.4916542172431946,-0.0025297030806541443,0.0,False,False,2,False
37.458234418,331,37,458234418,map,5.207808971405029,0.2873317003250122,-2.395753860473633,-0.0036039352416992188,0.0,0.0,0.0,-0.0003247464111581581,-0.0005380857354647071,-0.7098793994905475,0.7043229679503924,0,0,0,,0.48940908908843994,-0.008610624819993973,0.0,False,False,2,False
37.508234418,332,37,508234418,map,5.090674877166748,-0.5627104640007019,2.346353530883789,-0.0023694990668445826,0.0,0.0,0.0,-0.0004785678121986,-0.0004195150391865401,-0.7100044382594991,0.704196913250686,0,0,0,,0.44607070088386536,0.00931665301322937,0.0,False,False,2,False
37.558234419,333,37,558234419,map,5.118345737457275,-0.09516775608062744,-0.5525112152099609,-0.001293182373046875,0.0,0.0,0.0,-0.0004972086263103115,-0.00026885290738794905,-0.709990305709123,0.7042112227881363,0,0,0,,0.4648054242134094,0.004705458879470825,0.0,False,False,2,False
37.60823442,334,37,608234420,map,5.0079545974731445,0.15809908509254456,2.2064208984375,-0.0007863998180255294,0.0,0.0,0.0,-0.0003304323472373364,-0.000163628503928736,-0.7102709401498273,0.7039283028965786,0,0,0,,0.47173506021499634,-0.0013805256457999349,0.0,False,False,2,False
37.658234421,335,37,658234421,map,5.0846476554870605,0.4104974567890167,-1.5366458892822266,0.010673712939023972,0.0,0.0,0.0,-0.00020036354465053356,-0.0002962945425419772,-0.7101695636846638,0.7040305837674442,0,0,0,,0.49571356177330017,-0.009931094944477081,0.0,False,False,2,False
37.708234421,336,37,708234421,map,5.084987163543701,0.6636779308319092,-0.0076961517333984375,-0.00462074251845479,0.0,0.0,0.0,-0.00010921405506300272,-0.0006429765256837195,-0.709713666551038,0.7044899475252714,0,0,0,,0.4784679710865021,-0.01901475340127945,0.0,False,False,2,False
37.758234422,337,37,758234422,map,5.124968528747559,0.040222760289907455,-0.7995414733886719,-0.0030612945556640625,0.0,0.0,0.0,-0.00012075150024617028,-0.0007537550391696086,-0.7090324575330984,0.7051754330923555,0,0,0,,0.49616795778274536,-0.012625236064195633,0.0,False,False,2,False
37.808234423,338,37,808234423,map,5.011225700378418,-0.7269220352172852,2.2758007049560547,-0.0017789839766919613,0.0,0.0,0.0,-0.00023718886351080363,-0.0004145541701232865,-0.7090477144945733,0.7051603437916125,0,0,0,,0.4900436997413635,0.009876716881990433,0.0,False,False,2,False
37.858234424,339,37,858234424,map,5.086215972900391,0.2788531184196472,-1.5007877349853516,0.01004485972225666,0.0,0.0,0.0,-0.00027993110921037834,-0.0003550009960897263,-0.7089731880700928,0.7052352899639919,0,0,0,,0.5150747895240784,-0.006153702735900879,0.0,False,False,2,False
37.908234424,340,37,908234424,map,5.091128826141357,0.34348294138908386,-0.09840011596679688,-0.005094336811453104,0.0,0.0,0.0,-0.00031068064541592787,-0.0005576062635020797,-0.7087237816486964,0.7054857857379992,0,0,0,,0.5480912923812866,-0.010882161557674408,0.0,False,False,2,False
37.958234425,341,37,958234425,map,5.1355485916137695,-0.9393527507781982,-0.8852863311767578,-0.0031671524047851562,0.0,0.0,0.0,-0.0005840441928129658,-0.0003973110521789773,-0.708679359828457,0.705530343776536,0,0,0,,0.5437510013580322,0.0161018967628479,0.0,False,False,2,False
38.008234426,342,38,8234426,map,5.0308685302734375,-0.19721902906894684,2.0954513549804688,-0.0019319532439112663,0.0,0.0,0.0,-0.0006183531711030886,-0.00015283549999914797,-0.7091790756168425,0.7050281079417379,0,0,0,,0.5268560647964478,0.010183770209550858,0.0,False,False,2,False
38.058234427,343,38,58234427,map,5.077913761138916,0.882628858089447,-0.9458732604980469,-0.0010400771861895919,0.0,0.0,0.0,-0.0003428285765918533,-0.00030833528203323663,-0.7089790790703236,0.7052293618664189,0,0,0,,0.5756717920303345,-0.0173475444316864,0.0,False,False,2,False
38.108234427,344,38,108234427,map,5.083536148071289,0.06549476832151413,-0.11250495910644531,0.011628531850874424,0.0,0.0,0.0,-0.00019814165387202026,-0.0004149812248638962,-0.7089259183636065,0.7052828020041215,0,0,0,,0.5910161733627319,-0.007597576826810837,0.0,False,False,2,False
38.108234427,345,38,158234428,map,5.217606544494629,0.10630559921264648,-2.681417465209961,-0.005014610476791859,0.0,0.0,0.0,-0.00039510206204706663,-0.0007002159920451015,-0.7086750851736102,0.7055345329933193,0,0,0,,0.5855468511581421,-0.007906198501586914,0.0,False,False,2,False
38.208234429,346,38,208234429,map,5.138238430023193,-0.2192351073026657,1.5874958038330078,-0.0033353802282363176,0.0,0.0,0.0,-0.0005507043301696073,-0.0007192283981721471,-0.7083610697141741,0.7058496825448339,0,0,0,,0.5584887862205505,-0.0004037433536723256,0.0,False,False,2,False
38.25823443,347,38,258234430,map,5.195032119750977,-0.5177658200263977,-1.13372802734375,-0.0019588470458984375,0.0,0.0,0.0,-0.0007058619006218116,-0.000530785140668918,-0.7085808082218392,0.7056291223056179,0,0,0,,0.5507513880729675,0.01066197082400322,0.0,False,False,2,False
38.30823443,348,38,308234430,map,5.115168571472168,0.483517587184906,1.5951919555664062,-0.0010869979159906507,0.0,0.0,0.0,-0.0005487723782829427,-0.0004923253024852992,-0.7083524763440502,0.7058585026206918,0,0,0,,0.5642130374908447,-0.008294694125652313,0.0,False,False,2,False
38.358234431,349,38,358234431,map,5.186750411987305,-0.060713719576597214,-1.4315032958984375,-0.0005765914684161544,0.0,0.0,0.0,-0.00048244100021988434,-0.0005012176372383997,-0.708384943292171,0.7058259616566318,0,0,0,,0.5984920859336853,-0.0012906977208331227,0.0,False,False,2,False
38.408234432,350,38,408234432,map,5.124640941619873,-0.08411765098571777,1.2424468994140625,-0.00023956297081895173,0.0,0.0,0.0,-0.00045660069749572804,-0.0004398389225366389,-0.7081471115350516,0.7060646333602104,0,0,0,,0.6092753410339355,0.0011986641911789775,0.0,False,False,2,False
38.408234432,351,38,458234433,map,5.216123580932617,-0.07318541407585144,-1.829385757446289,-6.942747859284282e-05,0.0,0.0,0.0,-0.0005245654103479646,-0.0004570067849562309,-0.7082932835258944,0.7059179417524644,0,0,0,,0.6430284976959229,0.0018853171495720744,0.0,False,False,2,False
38.508234433,352,38,508234433,map,5.17551851272583,0.11741423606872559,0.8116912841796875,5.0163253035862e-05,0.0,0.0,0.0,-0.0005250130682690758,-0.0005066328124184002,-0.7080874095923089,0.7061244140102546,0,0,0,,0.6734572649002075,-0.0016492475988343358,0.0,False,False,2,False
38.558234434,353,38,558234434,map,5.2904791831970215,-0.010454896837472916,-2.2991943359375,7.972717867232859e-05,0.0,0.0,0.0,-0.0006146046794104726,-0.0006236004535341504,-0.7081868353451852,0.7060245318877625,0,0,0,,0.676464319229126,-0.0001989883603528142,0.0,False,False,2,False
38.608234435,354,38,608234435,map,5.270273208618164,-0.19471235573291779,0.40488243103027344,-4.024506779387593e-05,0.0,0.0,0.0,-0.0007283454286068925,-0.0006473874849860073,-0.7080650095570009,0.7061465801400055,0,0,0,,0.6472112536430359,0.00487707182765007,0.0,False,False,2,False
38.658234436,355,38,658234436,map,5.398354530334473,-0.10041724890470505,-2.5611305236816406,7.820130122127011e-05,0.0,0.0,0.0,-0.0008878860929866429,-0.0007284257689371034,-0.7083228983278138,0.7058876346548866,0,0,0,,0.6470388770103455,0.004462100565433502,0.0,False,False,2,False
38.658234436,356,38,708234436,map,5.386956214904785,0.15787512063980103,0.22719383239746094,7.610320608364418e-05,0.0,0.0,0.0,-0.0009096480237845385,-0.0008289528496970663,-0.7082170355801443,0.705993708110574,0,0,0,,0.6355359554290771,-0.0008064714493229985,0.0,False,False,2,False
38.758234437,357,38,758234437,map,5.518172740936279,-0.12148328125476837,-2.6237869262695312,6.828307959949598e-05,0.0,0.0,0.0,-0.0010073268519491495,-0.0009242805016866315,-0.7084146830038371,0.7057951316796824,0,0,0,,0.624626874923706,0.003327401354908943,0.0,False,False,2,False
38.808234438,358,38,808234438,map,5.506163597106934,-0.047495998442173004,0.24044036865234375,-4.749297659145668e-05,0.0,0.0,0.0,-0.0010438003683563752,-0.0009401244788817012,-0.7083499522234634,0.7058600228315614,0,0,0,,0.5654277801513672,0.003165699541568756,0.0,False,False,2,False
38.808234438,359,38,858234439,map,5.626911640167236,0.846060037612915,-2.416505813598633,8.18252592580393e-05,0.0,0.0,0.0,-0.0008811651084227156,-0.001197855365607497,-0.7082319235034408,0.7059782795675738,0,0,0,,0.5804746747016907,-0.017694037407636642,0.0,False,False,2,False
38.858234439,360,38,908234439,map,5.607069492340088,0.2860243618488312,0.3977775573730469,5.91278076171875e-05,0.0,0.0,0.0,-0.0007114335177326808,-0.0013201195069594358,-0.7075847853891706,0.7066268623768832,0,0,0,,0.5782681703567505,-0.01307375356554985,0.0,False,False,2,False
38.95823444,361,38,958234440,map,5.720084190368652,-0.6515114903450012,-2.261362075805664,6.332397606456652e-05,0.0,0.0,0.0,-0.0008863220364398606,-0.0011647087459496,-0.7075263889059394,0.7066854087134574,0,0,0,,0.5738606452941895,0.007731497287750244,0.0,False,False,2,False
39.008234441,362,39,8234441,map,5.693170070648193,-0.22409586608409882,0.538787841796875,8.316039748024195e-05,0.0,0.0,0.0,-0.001000416794456198,-0.0009531505975220959,-0.7074467156132137,0.7067653325101992,0,0,0,,0.5452991724014282,0.006313204765319824,0.0,False,False,2,False
39.058234442,363,39,58234442,map,5.7982001304626465,0.23399166762828827,-2.101116180419922,7.553100294899195e-05,0.0,0.0,0.0,-0.000984859156097252,-0.0009526084150939428,-0.7076049468197543,0.7066069358744386,0,0,0,,0.5998990535736084,-0.002682870253920555,0.0,False,False,2,False
39.108234442,364,39,108234442,map,5.769646167755127,-0.37033575773239136,0.5720996856689453,-7.915496098576114e-05,0.0,0.0,0.0,-0.0009995706128973143,-0.0008322741744744048,-0.7075707550099629,0.7066413056373931,0,0,0,,0.5678306221961975,0.008238140493631363,0.0,False,False,2,False
39.108234442,365,39,158234443,map,5.871349811553955,-0.1727607548236847,-2.033224105834961,2.8610225854208693e-05,0.0,0.0,0.0,-0.0010626712999960365,-0.0007618477901243385,-0.7079421288551049,0.706269235143196,0,0,0,,0.5668452978134155,0.00732862763106823,0.0,False,False,2,False
39.158234443,366,39,208234444,map,5.839542865753174,0.9145357608795166,0.6344318389892578,-2.0599363779183477e-05,0.0,0.0,0.0,-0.0007889262687758588,-0.0009376923287806423,-0.7076528574652373,0.7065592202000648,0,0,0,,0.5746550559997559,-0.01650237664580345,0.0,False,False,2,False
39.258234445,367,39,258234445,map,5.936264991760254,1.1058865785598755,-1.9270706176757812,-5.5694577895337716e-05,0.0,0.0,0.0,-0.00042000927209680017,-0.0013028673398250326,-0.7070369843102751,0.7071752462765775,0,0,0,,0.5670820474624634,-0.030468255281448364,0.0,False,False,2,False
39.308234445,368,39,308234445,map,5.900887966156006,-0.884892463684082,0.7008266448974609,-3.623962356869015e-06,0.0,0.0,0.0,-0.0005127101519700067,-0.001118027154694334,-0.7064061074800005,0.7078056925869806,0,0,0,,0.5240742564201355,0.0063772499561309814,0.0,False,False,2,False
39.358234446,369,39,358234446,map,5.987285614013672,-0.4611136019229889,-1.7288494110107422,7.896422903286293e-05,0.0,0.0,0.0,-0.0007695787645478037,-0.0008436582627617119,-0.7065319238884153,0.7076802501948144,0,0,0,,0.4716549813747406,0.009054649621248245,0.0,False,False,2,False
39.408234447,370,39,408234447,map,5.934246063232422,-0.22736001014709473,1.0610103607177734,-1.373291524942033e-05,0.0,0.0,0.0,-0.0008510795272072187,-0.0006171531002578286,-0.7065817227274739,0.7076306691298535,0,0,0,,0.4452349543571472,0.008068259805440903,0.0,False,False,2,False
39.408234447,371,39,458234447,map,6.0015668869018555,0.15965396165847778,-1.3466167449951172,1.2207028703414835e-05,0.0,0.0,0.0,-0.0007981979673309719,-0.0005828583901336978,-0.7068668712704166,0.7073459192336339,0,0,0,,0.4919666647911072,0.0004103033570572734,0.0,False,False,2,False
39.508234448,372,39,508234448,map,5.938018321990967,-0.010902532376348972,1.2709808349609375,-1.4305110198620241e-05,0.0,0.0,0.0,-0.0006737341646263739,-0.0005239749862864222,-0.7068023008213183,0.7074106156159803,0,0,0,,0.4756214916706085,0.0017240679590031505,0.0,False,False,2,False
39.558234449,373,39,558234449,map,5.997886657714844,-0.46794459223747253,-1.196146011352539,3.299712625448592e-05,0.0,0.0,0.0,-0.0007223007137261492,-0.0003877228194028043,-0.7071910814756106,0.7070219955800884,0,0,0,,0.49404868483543396,0.012077324092388153,0.0,False,False,2,False
39.60823445,374,39,608234450,map,5.931558132171631,0.2547997832298279,1.32568359375,-1.9073486328125e-05,0.0,0.0,0.0,-0.0006031542456474755,-0.0003525216097387613,-0.7072362883923692,0.7069769050785579,0,0,0,,0.5345264673233032,-0.00016099598724395037,0.0,False,False,2,False
39.65823445,375,39,658234450,map,5.995063781738281,-0.2526555061340332,-1.269235610961914,-2.6321404220652767e-05,0.0,0.0,0.0,-0.0005991961260907526,-0.0003292874280511431,-0.7075785554431717,0.7066343611874153,0,0,0,,0.5479316711425781,0.007572062313556671,0.0,False,False,2,False
39.708234451,376,39,708234451,map,5.935059070587158,-0.17575733363628387,1.2010478973388672,5.149840944795869e-06,0.0,0.0,0.0,-0.000596079179322885,-0.0002560075443588712,-0.7077121866856328,0.7065005590701179,0,0,0,,0.5420964956283569,0.008113542571663857,0.0,False,False,2,False
39.708234451,377,39,758234452,map,6.0052971839904785,0.8620589971542358,-1.406869888305664,-4.711151268566027e-05,0.0,0.0,0.0,-0.0003970365123776579,-0.0005007043141876897,-0.7077674175014315,0.7064452380620541,0,0,0,,0.5845173001289368,-0.014769311994314194,0.0,False,False,2,False
39.808234453,378,39,808234453,map,5.953826427459717,0.07677138596773148,1.0295295715332031,1.0299681889591739e-05,0.0,0.0,0.0,-0.000272136258890828,-0.0006145789783487225,-0.7073422437366158,0.706870920649722,0,0,0,,0.551689863204956,-0.0058548226952552795,0.0,False,False,2,False
39.858234453,379,39,858234453,map,6.028273105621338,0.6412609815597534,-1.4860820770263672,-5.7411190937273204e-05,0.0,0.0,0.0,-0.00016151474234737967,-0.0008114539010029827,-0.7069783918202581,0.7072346632870848,0,0,0,,0.5118566155433655,-0.01774401217699051,0.0,False,False,2,False
39.908234454,380,39,908234454,map,5.973232269287109,-0.3588162362575531,1.0988044738769531,-2.9373170036706142e-05,0.0,0.0,0.0,-0.0002238812972566975,-0.0007329674075350508,-0.7064462888915409,0.707766242164257,0,0,0,,0.5050979852676392,7.999304216355085e-05,0.0,False,False,2,False
39.908234454,381,39,958234455,map,6.041742324829102,-0.032366104423999786,-1.3703346252441406,2.2315980459097773e-05,0.0,0.0,0.0,-0.00034896827038866795,-0.0006576838519366566,-0.7063712931570857,0.7078411134404978,0,0,0,,0.4952990412712097,-0.0015732237370684743,0.0,False,False,2,False
40.008234456,382,40,8234456,map,5.979386329650879,-0.35576072335243225,1.2462615966796875,-3.242494130972773e-06,0.0,0.0,0.0,-0.00045788278454929327,-0.00048507718127884165,-0.7062145283965489,0.7079975952820207,0,0,0,,0.4736504554748535,0.006484959274530411,0.0,False,False,2,False
40.008234456,383,40,58234456,map,6.039440631866455,-0.3423054814338684,-1.2009143829345703,4.0435788832837716e-05,0.0,0.0,0.0,-0.0006022213074993062,-0.00034232088262963004,-0.7065629217246935,0.7076498836216782,0,0,0,,0.4839448928833008,0.009882751852273941,0.0,False,False,2,False
40.058234456,384,40,108234457,map,5.971907138824463,0.18901267647743225,1.3504600524902344,-1.8501283193472773e-05,0.0,0.0,0.0,-0.000537756742965504,-0.000309395955682128,-0.7065815468483917,0.7076313537041456,0,0,0,,0.5071415901184082,0.0002994014648720622,0.0,False,False,2,False
40.158234458,385,40,158234458,map,6.030107021331787,-0.024499014019966125,-1.1639881134033203,2.059936559817288e-05,0.0,0.0,0.0,-0.0005029329705000012,-0.00033981697189233847,-0.7068210168754654,0.7073921696527223,0,0,0,,0.4999346137046814,0.0022114962339401245,0.0,False,False,2,False
40.158234458,386,40,208234459,map,5.9617438316345215,-0.06283487379550934,1.3673114776611328,-1.678466833254788e-05,0.0,0.0,0.0,-0.00045308000911166945,-0.0003050422455672812,-0.7067768067926432,0.7074363908138515,0,0,0,,0.49255073070526123,0.003123745322227478,0.0,False,False,2,False
40.258234459,387,40,258234459,map,6.020768165588379,0.22470040619373322,-1.1805152893066406,3.7574765883618966e-05,0.0,0.0,0.0,-0.00039431538305570565,-0.00037832478493526753,-0.7069196125199332,0.7072936892270447,0,0,0,,0.5559527277946472,-0.0030268169939517975,0.0,False,False,2,False
40.30823446,388,40,308234460,map,5.959421157836914,-0.021047726273536682,1.2269210815429688,4.4059750507585704e-05,0.0,0.0,0.0,-0.0003442023214315755,-0.0003839901087804751,-0.7067359310548919,0.707477248985671,0,0,0,,0.5692778825759888,0.00014276045840233564,0.0,False,False,2,False
40.30823446,389,40,358234461,map,6.030030250549316,-0.3891493082046509,-1.4117908477783203,-6.4849853515625e-05,0.0,0.0,0.0,-0.0004767375016750402,-0.00032921577437250546,-0.7070046310892533,0.7072086792147542,0,0,0,,0.5813957452774048,0.009034793823957443,0.0,False,False,2,False
40.408234462,390,40,408234462,map,5.981130123138428,0.5010616183280945,0.9777355194091797,2.956390380859375e-05,0.0,0.0,0.0,-0.00039964078299439674,-0.0004281128719002512,-0.7068488971528395,0.7073643287588286,0,0,0,,0.6186429858207703,-0.007326129823923111,0.0,False,False,2,False
40.458234462,391,40,458234462,map,6.067159652709961,-0.0802788957953453,-1.7206859588623047,-4.634857032215223e-05,0.0,0.0,0.0,-0.0004403596620665622,-0.0005325319950197954,-0.7069060451122323,0.7073071227386482,0,0,0,,0.629502534866333,0.00018989841919392347,0.0,False,False,2,False
40.458234462,392,40,508234463,map,6.03304386138916,-0.08763901144266129,0.6822681427001953,-3.9863589336164296e-05,0.0,0.0,0.0,-0.0005083471099722438,-0.0005453897652333085,-0.7067512748001895,0.7074617160677508,0,0,0,,0.6003621816635132,0.0018565728096291423,0.0,False,False,2,False
40.558234464,393,40,558234464,map,6.127835273742676,-0.15606652200222015,-1.895751953125,1.6212467016885057e-05,0.0,0.0,0.0,-0.0006484078439395662,-0.0005759729075755158,-0.7069597408377647,0.7072532592056952,0,0,0,,0.5981449484825134,0.004344077780842781,0.0,False,False,2,False
40.608234465,394,40,608234465,map,6.099615097045898,0.32270097732543945,0.5644702911376953,-1.6975405742414296e-05,0.0,0.0,0.0,-0.0006210015262665056,-0.0006738943120099828,-0.7067886093073315,0.7074242164196596,0,0,0,,0.612701416015625,-0.0049426499754190445,0.0,False,False,2,False
40.658234465,395,40,658234465,map,6.1993184089660645,0.04585184156894684,-1.9939994812011719,-6.446838233387098e-05,0.0,0.0,0.0,-0.000653125859434127,-0.0007888291306070161,-0.7068086488316871,0.7074040465758866,0,0,0,,0.6133910417556763,-0.0021541453897953033,0.0,False,False,2,False
40.708234466,396,40,708234466,map,6.17616605758667,-0.013980213552713394,0.4630279541015625,-1.9073468138230965e-06,0.0,0.0,0.0,-0.0006787527825679281,-0.0008088500182935005,-0.7065802572584496,0.7076321255489262,0,0,0,,0.5903584361076355,-0.0006847084732726216,0.0,False,False,2,False
40.758234467,397,40,758234467,map,6.277451038360596,0.48299598693847656,-2.023944854736328,6.084441702114418e-05,0.0,0.0,0.0,-0.0006351931712427299,-0.0009666688972536758,-0.7064476581298074,0.7077643452476177,0,0,0,,0.6311308741569519,-0.010841157287359238,0.0,False,False,2,False
40.758234467,398,40,808234468,map,6.258626937866211,0.11100403964519501,0.37715911865234375,-2.269744436489418e-05,0.0,0.0,0.0,-0.0005929129037292675,-0.0010287029476930569,-0.7059657238016368,0.7082450049536284,0,0,0,,0.5978168249130249,-0.006750637665390968,0.0,False,False,2,False
40.858234468,399,40,858234468,map,6.357875347137451,0.36516374349594116,-1.9821548461914062,5.626678102998994e-05,0.0,0.0,0.0,-0.000572609401007513,-0.0011338599399126265,-0.7056487105196689,0.708560712869433,0,0,0,,0.5452209115028381,-0.011579994112253189,0.0,False,False,2,False
40.908234469,400,40,908234469,map,6.327084541320801,-0.7153642177581787,0.6112194061279297,2.7847288947668858e-05,0.0,0.0,0.0,-0.0007368577301815249,-0.0009246238061784264,-0.7053815761606278,0.7088268012177946,0,0,0,,0.4846319556236267,0.009597018361091614,0.0,False,False,2,False
40.908234469,401,40,958234470,map,6.4075422286987305,0.14530378580093384,-1.6085624694824219,2.384185791015625e-05,0.0,0.0,0.0,-0.0008065477852155543,-0.0008377026744635838,-0.7055044700606979,0.708704515619361,0,0,0,,0.5358946919441223,-0.0009556302102282643,0.0,False,False,2,False
41.008234471,402,41,8234471,map,6.365689754486084,-0.014949887990951538,0.8369922637939453,1.277923547604587e-05,0.0,0.0,0.0,-0.0007547857931381733,-0.0007600474469273928,-0.7053537387234945,0.7088546789681741,0,0,0,,0.532423734664917,0.00028270657639950514,0.0,False,False,2,False
41.058234471,403,41,58234471,map,6.440666675567627,-0.07588986307382584,-1.4998817443847656,8.563994924770668e-05,0.0,0.0,0.0,-0.00075506951848381,-0.0007105651853061559,-0.7054991824002408,0.7087099749543049,0,0,0,,0.5734955072402954,0.0019508450059220195,0.0,False,False,2,False
41.058234471,404,41,108234472,map,6.4028215408325195,0.5312294960021973,0.7601451873779297,-7.03811674611643e-05,0.0,0.0,0.0,-0.0005784418461630568,-0.0007805034119565561,-0.7051855406002783,0.7090221502518435,0,0,0,,0.6317768692970276,-0.010575719177722931,0.0,False,False,2,False
41.158234473,405,41,158234473,map,6.489043712615967,-0.19060134887695312,-1.7258930206298828,2.899169885495212e-05,0.0,0.0,0.0,-0.0005947729192341297,-0.0007907264004447918,-0.7051296825138634,0.7090776768696309,0,0,0,,0.6222802996635437,0.0004937163321301341,0.0,False,False,2,False
41.208234474,406,41,208234474,map,6.4624457359313965,0.2953842878341675,0.5342578887939453,-4.100799560546875e-05,0.0,0.0,0.0,-0.0005472570174868416,-0.0008226302757751644,-0.7047814369179383,0.7094238154763852,0,0,0,,0.5961374640464783,-0.007082495838403702,0.0,False,False,2,False
41.208234474,407,41,258234474,map,6.555593967437744,0.7698172330856323,-1.8540191650390625,-6.31332368357107e-05,0.0,0.0,0.0,-0.0004053407865939442,-0.0010507925876946825,-0.7043672085738966,0.7098348871530626,0,0,0,,0.6624867916107178,-0.018967237323522568,0.0,False,False,2,False
41.308234475,408,41,308234475,map,6.539659023284912,-0.02415597438812256,0.31838417053222656,-8.773804438533261e-05,0.0,0.0,0.0,-0.000393474765813694,-0.001095391399160647,-0.7036703775313107,0.710525611839738,0,0,0,,0.6160391569137573,-0.007713641971349716,0.0,False,False,2,False
41.358234476,409,41,358234476,map,6.6374664306640625,-0.22088304162025452,-1.9593238830566406,7.114410254871473e-05,0.0,0.0,0.0,-0.0005733739884111742,-0.001031172333987963,-0.703443181588312,0.7107505175536631,0,0,0,,0.5799492597579956,-0.00036006805021315813,0.0,False,False,2,False
41.408234477,410,41,408234477,map,6.615149974822998,0.4207289218902588,0.4523658752441406,-2.937316821771674e-05,0.0,0.0,0.0,-0.0005595736688646074,-0.0010469289920068277,-0.7029445530727262,0.7112436615692123,0,0,0,,0.5235280394554138,-0.010795630514621735,0.0,False,False,2,False
41.458234477,411,41,458234477,map,6.695274353027344,1.491120457649231,-1.571035385131836,-6.198883056640625e-05,0.0,0.0,0.0,-0.00022803743249320536,-0.0013950962455058973,-0.7020942504032835,0.7120826253013384,0,0,0,,0.5218403935432434,-0.035940591245889664,0.0,False,False,2,False
41.508234478,412,41,508234478,map,6.646458148956299,-3.8947877883911133,0.9286117553710938,0.0002418518124613911,0.0,0.0,0.0,-0.0009461044179664955,-0.0005583834829750464,-0.7022094236566833,0.7119696049846966,0,0,0,,0.4684387743473053,0.0870496854186058,0.0,False,False,2,False
41.558234479,413,41,558234479,map,6.707136154174805,0.41605085134506226,-1.2138652801513672,-0.00018043516320176423,0.0,0.0,0.0,-0.0013346496190842889,-8.01347463770687e-05,-0.7034971174537217,0.7106968538154093,0,0,0,,0.4545595645904541,0.010980697348713875,0.0,False,False,2,False
41.60823448,414,41,608234480,map,6.648664951324463,2.6210217475891113,1.1974048614501953,0.00025577546330168843,0.0,0.0,0.0,-0.0005249440654091806,-0.0006848085616109939,-0.7031497234711674,0.7110412940563879,0,0,0,,0.6312115788459778,-0.04542094096541405,0.0,False,False,2,False
41.65823448,415,41,658234480,map,6.707550525665283,-3.3588430881500244,-1.2042617797851562,5.397796485340223e-05,0.0,0.0,0.0,-0.0008761863282651778,-0.0002573681145235774,-0.7035809614680951,0.7106145204812541,0,0,0,,0.6274080276489258,0.07722591608762741,0.0,False,False,2,False
41.708234481,416,41,708234481,map,6.675241470336914,2.4044461250305176,0.6565093994140625,-0.00012321471876930445,0.0,0.0,0.0,-0.0006850798018394442,-0.00038036512400956105,-0.703862923993615,0.7103353927654149,0,0,0,,0.8530853986740112,-0.04094361886382103,0.0,False,False,2,False
41.758234482,417,41,758234482,map,6.771059989929199,5.636507987976074,-1.7251873016357422,-0.0005428313743323088,0.0,0.0,0.0,0.0007794013407877509,-0.001946947490904744,-0.7017178211327794,0.7124518941189519,0,0,0,,0.9455360174179077,-0.1775219887495041,0.0,False,False,2,False
41.758234482,418,41,808234483,map,6.801201343536377,7.650237560272217,0.030689239501953125,-0.005257988348603249,0.0,0.0,0.0,0.003182101626121371,-0.004411082010002615,-0.6952837832955059,0.7187147398453925,0,0,0,,1.0,-0.22192451357841492,0.0,False,False,2,False
41.858234483,419,41,858234483,map,7.0369648933410645,2.656177282333374,-4.4319915771484375,-0.0029979704413563013,0.0,0.0,0.0,0.003948341900096793,-0.005678481402431916,-0.687438194914462,0.7262099514726774,0,0,0,,1.0,-0.13487786054611206,0.0,False,False,2,False
41.908234484,420,41,908234484,map,7.192592144012451,3.9893686771392822,-2.585010528564453,0.0019039155449718237,0.0,0.0,0.0,0.0039942674005253,-0.006362063112605651,-0.6792389126079561,0.733878783982781,0,0,0,,1.0,-0.15066209435462952,0.0,False,False,2,False
41.908234484,421,41,958234485,map,7.452223300933838,5.475208759307861,-4.340143203735352,0.00029087066650390625,0.0,0.0,0.0,0.004276417860034653,-0.007234684224438577,-0.6700415045156453,0.7422760630795456,0,0,0,,1.0,-0.1774718165397644,0.0,False,False,2,False
41.958234485,422,42,8234485,map,7.637060642242432,-0.6650304794311523,-3.8770008087158203,0.005741119384765625,0.0,0.0,0.0,0.0031710673703828135,-0.006769600318385585,-0.6621138633956765,0.7493659644943274,0,0,0,,0.9762647151947021,-0.05318102240562439,0.0,False,False,2,False
42.058234486,423,42,58234486,map,7.89486837387085,5.186522006988525,-4.259967803955078,0.0034925458021461964,0.0,0.0,0.0,0.002621917371017909,-0.006716417264299259,-0.6550950309122974,0.7555120884290651,0,0,0,,0.9417015314102173,-0.1600022315979004,0.0,False,False,2,False
42.058234486,424,42,108234487,map,8.017254829406738,8.586397171020508,-0.5188751220703125,-0.006969832815229893,0.0,0.0,0.0,0.004183666793140273,-0.008024627107046507,-0.6451528343408968,0.7639999493677103,0,0,0,,0.7910309433937073,-0.2528682351112366,0.0,False,False,2,False
42.158234488,425,42,158234488,map,8.240145683288574,3.1891632080078125,-3.763294219970703,-0.0027942657470703125,0.0,0.0,0.0,0.00482850814838986,-0.008450025289016925,-0.6341111814916578,0.7731806335449238,0,0,0,,0.5917653441429138,-0.12841275334358215,0.0,False,False,2,False
42.158234488,426,42,208234488,map,8.332277297973633,5.595541000366211,-0.29173851013183594,0.0028474805876612663,0.0,0.0,0.0,0.005274583446166688,-0.008463284664632358,-0.6231850807029897,0.7820108098813999,0,0,0,,0.5920727252960205,-0.1791374683380127,0.0,False,False,2,False
42.258234489,427,42,258234489,map,8.417622566223145,8.398284912109375,1.0174083709716797,-0.0036121367011219263,0.0,0.0,0.0,0.0068500271854705815,-0.009033023233398656,-0.6102968186231555,0.7920917085775349,0,0,0,,0.5627651214599609,-0.2660669982433319,0.0,False,False,2,False
42.30823449,428,42,308234490,map,8.473154067993164,1.4853143692016602,-0.6377792358398438,0.002826881129294634,0.0,0.0,0.0,0.007066292058763112,-0.008492483322624944,-0.5974669517086534,0.801817427385764,0,0,0,,0.5881069898605347,-0.09983815997838974,0.0,False,False,2,False
42.358234491,429,42,358234491,map,8.542784690856934,6.198468208312988,0.9323978424072266,0.00727424630895257,0.0,0.0,0.0,0.0071071048908874475,-0.007901636813155886,-0.5858960227763419,0.810316545363975,0,0,0,,0.6647334694862366,-0.21635398268699646,0.0,False,False,2,False
42.408234491,430,42,408234491,map,8.5233154296875,8.33831787109375,4.134836196899414,-0.008440780453383923,0.0,0.0,0.0,0.008971595049865782,-0.008402838244154892,-0.5715852832519469,0.8204505876416296,0,0,0,,0.6500886678695679,-0.27630579471588135,0.0,False,False,2,False
42.408234491,431,42,458234492,map,8.588501930236816,4.74787712097168,0.8941555023193359,-0.0023561478592455387,0.0,0.0,0.0,0.009843136910916218,-0.008340589982871337,-0.5563857863168177,0.8308239308055029,0,0,0,,0.486911416053772,-0.1891852170228958,0.0,False,False,2,False
42.508234493,432,42,508234493,map,8.58050537109375,4.866838455200195,2.7724266052246094,0.004920387174934149,0.0,0.0,0.0,0.010096227468021248,-0.00791154445294953,-0.5416157496112042,0.8405283180407287,0,0,0,,0.5222434401512146,-0.19540709257125854,0.0,False,False,2,False
42.508234493,433,42,558234494,map,8.621458053588867,0.8539295196533203,-0.4625701904296875,0.011062812991440296,0.0,0.0,0.0,0.008861793382438919,-0.006716947359746796,-0.5292726446784825,0.8483789358719712,0,0,0,,0.514001190662384,-0.08850044757127762,0.0,False,False,2,False
42.558234494,434,42,608234494,map,8.591609001159668,4.764490127563477,3.4535598754882812,0.0036918639671057463,0.0,0.0,0.0,0.008415570643155696,-0.006039127921341329,-0.5182135795858386,0.8551885131580823,0,0,0,,0.7115223407745361,-0.17838414013385773,0.0,False,False,2,False
42.608234494,435,42,658234495,map,8.590333938598633,7.7874755859375,5.01704216003418,-0.011116409674286842,0.0,0.0,0.0,0.009918674589165084,-0.00646664429081708,-0.5046696789614242,0.8632313233096811,0,0,0,,0.7938810586929321,-0.2797721028327942,0.0,False,False,2,False
42.658234495,436,42,708234496,map,8.63337230682373,1.6054058074951172,0.056171417236328125,-0.003235244657844305,0.0,0.0,0.0,0.009936721124259442,-0.006231091371789488,-0.49071289207264424,0.8712423845448044,0,0,0,,0.8142837285995483,-0.07644999772310257,0.0,False,False,2,False
42.758234497,437,42,758234497,map,8.719108581542969,5.496006011962891,1.8193531036376953,0.008053969591856003,0.0,0.0,0.0,0.009196559788031352,-0.00584847848408337,-0.47883841120095155,0.877835402878031,0,0,0,,0.7479825615882874,-0.19664353132247925,0.0,False,False,2,False
42.808234497,438,42,808234497,map,8.702900886535645,7.890453338623047,6.6094970703125,-0.010220909491181374,0.0,0.0,0.0,0.010830885431682457,-0.006511879834807287,-0.4639552631356281,0.8857684805582849,0,0,0,,0.5864668488502502,-0.32277411222457886,0.0,False,False,2,False
42.858234498,439,42,858234498,map,8.768976211547852,4.187679290771484,1.8446731567382812,-0.006013297475874424,0.0,0.0,0.0,0.011677267344157517,-0.006693276230956744,-0.4474135206745029,0.8942259127302873,0,0,0,,0.5019214153289795,-0.16224637627601624,0.0,False,False,2,False
42.908234499,440,42,908234499,map,8.760002136230469,5.085115432739258,4.891185760498047,0.005077361594885588,0.0,0.0,0.0,0.011927176750696487,-0.006509773735469335,-0.4312568905039228,0.9021268534377848,0,0,0,,0.5564505457878113,-0.22424767911434174,0.0,False,False,2,False
42.9582345,441,42,958234500,map,8.738261222839355,6.607847213745117,7.268228530883789,-0.004607010167092085,0.0,0.0,0.0,0.013349154664814903,-0.006642529204765426,-0.41302174260741675,0.9105990978520851,0,0,0,,0.5270752310752869,-0.3083258867263794,0.0,False,False,2,False
43.0082345,442,43,8234500,map,8.7367525100708,2.7730941772460938,3.0681514739990234,0.002684974577277899,0.0,0.0,0.0,0.013518293373165399,-0.006222572783092224,-0.3945348843557789,0.9187604477548041,0,0,0,,0.6223783493041992,-0.1709042489528656,0.0,False,False,2,False
43.058234501,443,43,58234501,map,8.765664100646973,4.616527557373047,4.463205337524414,0.0092315673828125,0.0,0.0,0.0,0.013187192116399215,-0.0057389519898580505,-0.3773313482077794,0.9259666387369703,0,0,0,,0.7526910901069641,-0.20743104815483093,0.0,False,False,2,False
43.108234502,444,43,108234502,map,8.811483383178711,0.060672760009765625,-1.3555526733398438,0.013544846326112747,0.0,0.0,0.0,0.011012288549121462,-0.00477918445340944,-0.36341064411242774,0.931551712275095,0,0,0,,0.8548029661178589,-0.03808608278632164,0.0,False,False,2,False
43.158234503,445,43,158234503,map,8.909847259521484,4.591236114501953,2.5040149688720703,0.007544326595962048,0.0,0.0,0.0,0.009268032243552698,-0.0042479273506471,-0.35289483163828533,0.9356074478618381,0,0,0,,1.0,-0.18135297298431396,0.0,False,False,2,False
43.158234503,446,43,208234503,map,8.964460372924805,6.675348281860352,7.053260803222656,-0.015666579827666283,0.0,0.0,0.0,0.010616914012319891,-0.004797749905084606,-0.33934935483043216,0.9405882617324504,0,0,0,,1.0,-0.26571381092071533,0.0,False,False,2,False
43.258234504,447,43,258234504,map,9.127945899963379,6.097927093505859,3.10638427734375,-0.013261985033750534,0.0,0.0,0.0,0.011820148347968514,-0.005355461677093809,-0.32335310766814934,0.9461893948278046,0,0,0,,1.0,-0.19211477041244507,0.0,False,False,2,False
43.308234505,448,43,308234505,map,9.238415718078613,7.05876350402832,7.131872177124023,-0.007514571771025658,0.0,0.0,0.0,0.013326075337089677,-0.00591556715969452,-0.3052374367817866,0.9521646543367245,0,0,0,,1.0,-0.30119258165359497,0.0,False,False,2,False
43.358234506,449,43,358234506,map,9.381929397583008,7.593040466308594,7.839899063110352,-0.012023162096738815,0.0,0.0,0.0,0.015605373631080957,-0.006472477116891577,-0.28338896294231286,0.9588562327253687,0,0,0,,1.0,-0.3120233416557312,0.0,False,False,2,False
43.408234506,450,43,408234506,map,9.589991569519043,6.237277984619141,3.2140541076660156,0.0047695147804915905,0.0,0.0,0.0,0.01608316084902189,-0.006568845261653403,-0.26111717594189043,0.9651507667909531,0,0,0,,1.0,-0.20216195285320282,0.0,False,False,2,False
43.408234506,451,43,458234507,map,9.774336814880371,7.265777587890625,7.215433120727539,0.00801792275160551,0.0,0.0,0.0,0.016628617507310525,-0.006621691722895448,-0.23884714274808894,0.9708922106390577,0,0,0,,1.0,-0.27942585945129395,0.0,False,False,2,False
43.508234508,452,43,508234508,map,10.00806999206543,6.197681427001953,2.869420051574707,0.008479690179228783,0.0,0.0,0.0,0.01629832597231239,-0.006488630209491243,-0.21728776037693096,0.975949943101019,0,0,0,,1.0,-0.1669350266456604,0.0,False,False,2,False
43.558234509,453,43,558234509,map,10.11189079284668,4.775028228759766,7.018251419067383,0.0073699951171875,0.0,0.0,0.0,0.016186330602932685,-0.006227503027712701,-0.19677213776178287,0.9802958465220131,0,0,0,,1.0,-0.2231825292110443,0.0,False,False,2,False
43.608234509,454,43,608234509,map,10.08178997039795,1.146697998046875,5.440196990966797,0.005747604183852673,0.0,0.0,0.0,0.01571357768434752,-0.005326859930690972,-0.17749315032703747,0.9839821592013854,0,0,0,,1.0,-0.16516584157943726,0.0,False,False,0,False
43.608234509,455,43,658234510,map,10.133052825927734,3.4881019592285156,8.41651439666748,-0.0008516310481354594,0.0,0.0,0.0,0.016062376296534366,-0.004459063702940302,-0.1582998009662589,0.9872503683628812,0,0,0,,1.0,-0.2267194390296936,0.0,False,False,0,False
43.708234511,456,43,708234511,map,10.52120590209961,9.59177017211914,6.668539047241211,-0.010449791327118874,0.0,0.0,0.0,0.016991542570014378,-0.004681984199316398,-0.13768296687897336,0.9903195277971915,0,0,0,,1.0,-0.21590137481689453,0.0,False,False,3,False
43.708234511,457,43,758234512,map,10.893782615661621,8.594970703125,4.887652397155762,-0.0015754697378724813,0.0,0.0,0.0,0.017030000835663327,-0.005239719327240969,-0.11752580281522337,0.9929099707856429,0,0,0,,1.0,-0.16919255256652832,0.0,False,False,3,False
43.808234512,458,43,808234512,map,11.203790664672852,7.5514984130859375,7.590591907501221,-0.0007850650581531227,0.0,0.0,0.0,0.01736092741759583,-0.0056612062433870295,-0.0974297968292444,0.9950748633308365,0,0,0,,1.0,-0.20048147439956665,0.0,False,False,3,False
43.858234513,459,43,858234513,map,11.499919891357422,6.849784851074219,6.7794084548950195,-0.0002824782859534025,0.0,0.0,0.0,0.017590791351755133,-0.005800375412363618,-0.0773894487797755,0.9968288684233906,0,0,0,,1.0,-0.17526590824127197,0.0,False,False,3,False
43.908234514,460,43,908234514,map,11.762001037597656,6.018581390380859,8.028989791870117,0.0003906252095475793,0.0,0.0,0.0,0.017958414187743677,-0.005679811114021855,-0.057335856794571705,0.9981772561179717,0,0,0,,1.0,-0.18480582535266876,0.0,False,False,3,False
43.908234514,461,43,958234515,map,12.018438339233398,5.567150115966797,7.219593524932861,0.0021646497771143913,0.0,0.0,0.0,0.018060358552660888,-0.005384361594195749,-0.037674849187840066,0.9991123249354128,0,0,0,,1.0,-0.1587563157081604,0.0,False,False,3,False
43.958234515,462,44,8234515,map,12.269268035888672,5.211048126220703,6.380218505859375,0.006199073977768421,0.0,0.0,0.0,0.017627668767246477,-0.0050239753566010455,-0.01937317751032068,0.9996442892142194,0,0,0,,1.0,-0.12835077941417694,0.0,False,False,3,False
44.058234516,463,44,58234516,map,12.516985893249512,4.986896514892578,5.0536370277404785,0.008695983327925205,0.0,0.0,0.0,0.016544005813228922,-0.004690528135052527,-0.0034515453641357626,0.9998461789955819,0,0,0,,1.0,-0.08937601000070572,0.0,False,False,3,False
44.108234517,464,44,108234517,map,12.762377738952637,4.891605377197266,2.0847063064575195,0.01178894005715847,0.0,0.0,0.0,0.014329837999342395,-0.004461471502560554,0.008380956411514352,0.9998522443764243,0,0,0,,1.0,-0.023653794080018997,0.0,False,False,3,False
44.158234518,465,44,158234518,map,12.997021675109863,4.648246765136719,2.6738643646240234,0.005291749257594347,0.0,0.0,0.0,0.012091741315928875,-0.004325825541542081,0.016297843149033812,0.9997847054911484,0,0,0,,1.0,-0.016782809048891068,0.0,False,False,3,False
44.158234518,466,44,208234518,map,13.225310325622559,4.5489501953125,0.7767176628112793,-0.0005962373688817024,0.0,0.0,0.0,0.009698754106617545,-0.004262026433506006,0.02058920371928475,0.999731891053629,0,0,0,,1.0,0.017407428473234177,0.0,False,False,3,False
44.258234519,467,44,258234519,map,13.444637298583984,4.412574768066406,-1.1233192682266235,-0.002664185594767332,0.0,0.0,0.0,0.006893577443697956,-0.004250219881422199,0.020934292867093817,0.9997480530629415,0,0,0,,1.0,0.053124796599149704,0.0,False,False,3,False
44.258234519,468,44,308234520,map,13.663543701171875,4.388065338134766,-0.4843440651893616,-0.0066078174859285355,0.0,0.0,0.0,0.004521572039471096,-0.0042549339663378915,0.01850445176630478,0.9998094999488966,0,0,0,,1.0,0.04334178939461708,0.0,False,False,3,False
44.358234521,469,44,358234521,map,13.87943172454834,4.334907531738281,-1.0503965616226196,-0.007774734403938055,0.0,0.0,0.0,0.0026105872880891104,-0.00425500986924735,0.01457507262794592,0.9998813164485644,0,0,0,,1.0,0.044382791966199875,0.0,False,False,3,False
44.408234521,470,44,408234521,map,14.0928316116333,4.285030364990234,-1.5332999229431152,-0.006388855166733265,0.0,0.0,0.0,0.0009693039727701811,-0.004242737549322624,0.009770041558834978,0.9999428013220728,0,0,0,,1.0,0.043994177132844925,0.0,False,False,3,False
44.458234522,471,44,458234522,map,14.30624771118164,4.273948669433594,-0.8364630937576294,-0.004574012476950884,0.0,0.0,0.0,-9.570154865275941e-05,-0.004218869092049772,0.005090337646837251,0.9999781399847892,0,0,0,,1.0,0.02520383521914482,0.0,False,False,3,False
44.508234523,472,44,508234523,map,14.51774787902832,4.233589172363281,-1.2020225524902344,-0.002494621556252241,0.0,0.0,0.0,-0.0008462146957498028,-0.004187749872768315,0.000981533677153188,0.9999903915855054,0,0,0,,1.0,0.021657776087522507,0.0,False,False,3,False
44.558234523,473,44,558234523,map,14.728473663330078,4.214305877685547,-0.6945788860321045,-0.000853919773362577,0.0,0.0,0.0,-0.001233769594898199,-0.00415502821542163,-0.0022327530734309754,0.9999881141127773,0,0,0,,1.0,0.008021403104066849,0.0,False,False,3,False
44.608234524,474,44,608234524,map,14.938112258911133,4.191837310791016,-0.4250134229660034,0.00013771059457212687,0.0,0.0,0.0,-0.001302972014732897,-0.004125143820391097,-0.004303210208338501,0.9999813837438639,0,0,0,,1.0,-0.001237567630596459,0.0,False,False,3,False
44.658234525,475,44,658234525,map,15.146822929382324,4.172573089599609,-0.4608677327632904,0.0006334303179755807,0.0,0.0,0.0,-0.0012564902964978253,-0.004099790836226956,-0.005397356565273081,0.999976240462413,0,0,0,,1.0,-0.0034634731709957123,0.0,False,False,3,False
44.708234526,476,44,708234526,map,15.354645729064941,4.1570281982421875,0.13096369802951813,0.0008127212640829384,0.0,0.0,0.0,-0.0009945528348286176,-0.004079569428527055,-0.005517310241219043,0.999975963343939,0,0,0,,1.0,-0.012829657644033432,0.0,False,False,3,False
44.758234526,477,44,758234526,map,15.384185791015625,0.5904388427734375,-0.0922597199678421,0.0010047912364825606,0.0,0.0,0.0,-0.0007483972987556707,-0.003749014504987646,-0.004987229374057485,0.9999802559725341,0,0,0,,1.0,-0.008997064083814621,0.0,False,False,3,False
44.808234527,478,44,808234527,map,15.37210750579834,-0.24206161499023438,-0.11238813400268555,0.0014801025390625,0.0,0.0,0.0,-0.0005900642122811185,-0.003050406354658217,-0.0042485867679259055,0.9999861480819483,0,0,0,,1.0,-0.006061617285013199,0.0,False,False,0,False
44.808234527,479,44,858234528,map,15.562950134277344,3.8180160522460938,0.2757713198661804,0.0005393981700763106,0.0,0.0,0.0,-0.00034811572080359717,-0.0026597262320097997,-0.0033201376863652397,0.9999908906372895,0,0,0,,1.0,-0.009414512664079666,0.0,False,False,0,False
44.908234529,480,44,908234529,map,15.861929893493652,5.9793853759765625,-0.06757408380508423,-0.00095367431640625,0.0,0.0,0.0,-0.0001988913193085446,-0.0030485962695227142,-0.0024313217517993604,0.9999923775597331,0,0,0,,1.0,-0.002537805587053299,0.0,False,False,4,False
44.908234529,481,44,958234529,map,16.129131317138672,5.344810485839844,0.2235863357782364,-0.0010631560580804944,0.0,0.0,0.0,-4.663202326609888e-05,-0.003564456615405454,-0.001651400765545099,0.9999922826452227,0,0,0,,1.0,-0.0044592879712581635,0.0,False,False,4,False
45.00823453,482,45,8234530,map,16.371932983398438,4.85565185546875,-0.12160509824752808,-0.0006605148082599044,0.0,0.0,0.0,-8.219378019877843e-06,-0.003952009171647176,-0.0011363839952359732,0.9999915450579392,0,0,0,,1.0,0.0021388791501522064,0.0,False,False,4,False
45.058234531,483,45,58234531,map,16.595617294311523,4.47540283203125,0.8380879163742065,-5.893714842386544e-05,0.0,0.0,0.0,0.00027011868357175575,-0.004165049442071437,-0.00046962809529306693,0.9999911793853453,0,0,0,,1.0,-0.011403221637010574,0.0,False,False,4,False
45.058234531,484,45,108234532,map,16.805578231811523,4.199104309082031,-0.13930214941501617,0.00025596620980650187,0.0,0.0,0.0,0.0003328718710312724,-0.0042349283601337065,8.609595017459788e-05,0.9999909735420562,0,0,0,,1.0,0.002707015722990036,0.0,False,False,4,False
45.158234532,485,45,158234532,map,17.004724502563477,3.983154296875,0.2786678969860077,0.0004858016618527472,0.0,0.0,0.0,0.000358973331902915,-0.0042092862562600015,0.00044704595961155854,0.9999909765579238,0,0,0,,1.0,-0.0018592142732813954,0.0,False,False,4,False
45.208234533,486,45,208234533,map,17.195709228515625,3.8196563720703125,0.23220258951187134,0.00036449433537200093,0.0,0.0,0.0,0.0004016338157805026,-0.004130050044240185,0.0007539823977575707,0.9999911064041788,0,0,0,,1.0,-0.0013809019001200795,0.0,False,False,4,False
45.258234534,487,45,258234534,map,17.38051986694336,3.6960983276367188,0.19517727196216583,0.00032444001408293843,0.0,0.0,0.0,0.00042100454998627706,-0.004027770513454209,0.0010022209147216602,0.9999912976486837,0,0,0,,1.0,-0.0009108820231631398,0.0,False,False,4,False
45.308234535,488,45,308234535,map,17.5605411529541,3.6005783081054688,-0.33060580492019653,0.0002815246698446572,0.0,0.0,0.0,0.0002534018681302468,-0.003921741982009442,0.0009277522926768264,0.9999918474682697,0,0,0,,1.0,0.007139232009649277,0.0,False,False,4,False
45.358234535,489,45,358234535,map,17.73707389831543,3.5305404663085938,-0.2667402923107147,8.58306884765625e-05,0.0,0.0,0.0,3.733800059416459e-05,-0.003823014510058513,0.0004885556316283792,0.9999925722120762,0,0,0,,1.0,0.0068181343376636505,0.0,False,False,4,False
45.358234535,490,45,408234536,map,17.91097068786621,3.4778213500976562,-0.12907154858112335,-9.918221621774137e-06,0.0,0.0,0.0,-9.461231588954944e-05,-0.003736776445282663,-9.055541479930657e-05,0.9999930096505797,0,0,0,,1.0,0.004014905542135239,0.0,False,False,4,False
45.458234537,491,45,458234537,map,18.082809448242188,3.4368133544921875,0.02687498927116394,1.2207019608467817e-05,0.0,0.0,0.0,-0.00011341871346221172,-0.0036645400512012156,-0.0005732773859096077,0.9999931147940205,0,0,0,,1.0,0.0002409479347988963,0.0,False,False,4,False
45.458234537,492,45,508234538,map,18.25288200378418,3.401641845703125,0.41550952196121216,-5.2452069212449715e-05,0.0,0.0,0.0,4.363567469994557e-05,-0.0036053276494390123,-0.0006554482244105652,0.9999932850255011,0,0,0,,1.0,-0.0071632154285907745,0.0,False,False,4,False
45.558234538,493,45,558234538,map,18.421838760375977,3.379058837890625,0.2216528207063675,-0.00010509491403354332,0.0,0.0,0.0,0.0001911262887218452,-0.003557984104889574,-0.00037159219726110693,0.9999935830489564,0,0,0,,1.0,-0.00547466054558754,0.0,False,False,4,False
45.558234538,494,45,608234539,map,18.589725494384766,3.3572006225585938,0.4128227233886719,-4.749297659145668e-05,0.0,0.0,0.0,0.00034834462759495723,-0.0035205855176745106,0.00021454161696683136,0.9999937190330386,0,0,0,,1.0,-0.008009377866983414,0.0,False,False,4,False
45.608234539,495,45,658234540,map,18.756906509399414,3.3440017700195312,-0.2433529496192932,-7.80105619924143e-05,0.0,0.0,0.0,0.00028267532515569276,-0.0034914992244554034,0.0006872708724186654,0.9999936285729896,0,0,0,,1.0,0.002679724246263504,0.0,False,False,4,False
45.708234541,496,45,708234541,map,18.923463821411133,3.3308029174804688,0.2445484697818756,-6.294249033089727e-06,0.0,0.0,0.0,0.0002638210608728557,-0.0034691257179298826,0.0010488498520017894,0.9999933977177994,0,0,0,,1.0,-0.0027454160153865814,0.0,False,False,4,False
45.758234541,497,45,758234541,map,19.089502334594727,3.3207321166992188,0.014883056282997131,-2.47955322265625e-05,0.0,0.0,0.0,0.00023858244007404723,-0.0034519232507130232,0.001316667602496166,0.9999931468218745,0,0,0,,1.0,0.0008611566154286265,0.0,False,False,4,False
45.808234542,498,45,808234542,map,19.25507354736328,3.3113479614257812,0.044111013412475586,-8.583069757150952e-06,0.0,0.0,0.0,0.00019948177878601554,-0.0034388375268321223,0.0014414301088256855,0.9999930284170613,0,0,0,,1.0,0.0009954831330105662,0.0,False,False,4,False
45.858234543,499,45,858234543,map,19.42022132873535,3.3025741577148438,0.1912042498588562,-6.847381155239418e-05,0.0,0.0,0.0,0.00021586127094067346,-0.003428481400888604,0.0015405519658220376,0.9999929127843037,0,0,0,,1.0,-0.0012139641912654042,0.0,False,False,4,False
45.908234544,500,45,908234544,map,19.58355712890625,3.2608413696289062,1.4168574810028076,-0.0001066207914846018,0.0,0.0,0.0,0.0006595079106945394,-0.0034163148637403424,0.0023319437442080302,0.9999912279017458,0,0,0,,1.0,-0.020660359412431717,0.0,False,False,4,False
45.958234544,501,45,958234544,map,19.748167037963867,3.2925033569335938,-0.04703119397163391,-2.5177005227305926e-05,0.0,0.0,0.0,0.0007721871561428575,-0.0034080559181570904,0.0032819856134254236,0.9999885086601185,0,0,0,,1.0,0.00030193093698471785,0.0,False,False,4,False
45.958234544,502,46,8234545,map,19.903764724731445,3.1161117553710938,-0.8812688589096069,0.00014591217041015625,0.0,0.0,0.0,0.0003455742884488653,-0.003392140357901957,0.003370538770828203,0.9999885066492503,0,0,0,,0.7628517150878906,0.016275696456432343,0.0,False,False,4,False
46.008234545,503,46,58234546,map,19.992290496826172,1.7398452758789062,3.7440366744995117,-4.920959327137098e-05,0.0,0.0,0.0,0.001287654555135291,-0.0032401343958339715,0.00486754448666874,0.9999820750821056,0,0,0,,0.0,-0.0566861554980278,1.0,False,False,4,False
46.108234547,504,46,108234547,map,19.939434051513672,-1.0256195068359375,-4.004806995391846,0.0008169173961505294,0.0,0.0,0.0,0.0005755251813388094,-0.002725527173398352,0.005475874479198222,0.9999811273574519,0,0,0,,0.0,0.09719289839267731,1.0,False,False,4,False
46.158234547,505,46,158234547,map,19.748493194580078,-3.8193130493164062,0.15354089438915253,0.0011413574684411287,0.0,0.0,0.0,-0.00034933236026463724,-0.001737351357031979,0.0038755967952440176,0.9999909196220957,0,0,0,,0.0,0.003955064341425896,1.0,False,False,4,False
46.208234548,506,46,208234548,map,19.44115447998047,-6.1754608154296875,3.5966639518737793,0.00034465789212845266,0.0,0.0,0.0,0.0007760424417912572,-0.000389184985432808,0.004425928989029996,0.9999898286711519,0,0,0,,0.0,-0.056421685963869095,1.0,False,False,4,False
46.258234549,507,46,258234549,map,19.126527786254883,-6.265411376953125,-3.213841438293457,-0.0005235671414993703,0.0,0.0,0.0,0.00035350892311317107,0.0009745123956510223,0.004625276700994743,0.9999887660231345,0,0,0,,0.0,0.06358132511377335,0.5643478631973267,False,False,4,False
46.30823455,508,46,308234550,map,18.882400512695312,-4.8839569091796875,-3.648953914642334,-0.0010353089310228825,0.0,0.0,0.0,-0.0014807190345464717,0.0019474367109254766,0.0015088938396661089,0.9999958690918571,0,0,0,,1.0,0.06906534731388092,0.0,False,False,4,False
46.35823455,509,46,358234550,map,18.732398986816406,-3.01239013671875,-1.6486363410949707,-0.00129184708930552,0.0,0.0,0.0,-0.002554352719696878,0.0023509801985006924,-0.00311791172124119,0.9999891133411344,0,0,0,,1.0,0.035826586186885834,0.0,False,False,4,False
46.408234551,510,46,408234551,map,18.628307342529297,-2.0904159545898438,-0.790664553642273,0.00044460297795012593,0.0,0.0,0.0,-0.0027340504431433033,0.0023206697570234197,-0.0074598886377195426,0.9999657441740522,0,0,0,,1.0,0.01275768131017685,0.0,False,False,4,False
46.458234552,511,46,458234552,map,18.584604263305664,-0.865325927734375,0.8174300193786621,0.0015586853260174394,0.0,0.0,0.0,-0.002050534880639283,0.001968664216815325,-0.009970696100799911,0.9999462509991075,0,0,0,,1.0,-0.02180720493197441,0.0,False,False,4,False
46.508234553,512,46,508234553,map,18.597917556762695,0.26271820068359375,-0.3499165177345276,0.0007043838268145919,0.0,0.0,0.0,-0.0015079019129556944,0.001384734828058567,-0.010815623066403515,0.9999394136841304,0,0,0,,1.0,-0.012377675622701645,0.0,False,False,4,False
46.508234553,513,46,558234553,map,18.650501251220703,1.060638427734375,0.9577381610870361,-8.087154128588736e-05,0.0,0.0,0.0,-0.0008041131862866239,0.0006858404173904437,-0.01000057046456882,0.9999494345292109,0,0,0,,1.0,-0.032071616500616074,0.0,False,False,4,False
46.608234554,514,46,608234554,map,18.733078002929688,1.6575241088867188,0.8754695653915405,-0.0008178711286745965,0.0,0.0,0.0,-7.956931049792637e-05,-2.6567286566583693e-05,-0.0077067405670117,0.999970299115297,0,0,0,,1.0,-0.03022298589348793,0.0,False,False,4,False
46.608234554,515,46,658234555,map,18.83771324157715,2.0963668823242188,0.8007670640945435,-0.0010169983142986894,0.0,0.0,0.0,0.00047335231172902217,-0.000686770692835389,-0.004655955833192853,0.9999888131168686,0,0,0,,1.0,-0.024071354418992996,0.0,False,False,4,False
46.708234556,516,46,708234556,map,18.958065032958984,2.4090957641601562,0.9262486696243286,-0.0010793686378747225,0.0,0.0,0.0,0.0009102742161571484,-0.0012610734126409454,-0.0013933427055292903,0.9999978198430255,0,0,0,,1.0,-0.019292477518320084,0.0,False,False,4,False
46.758234556,517,46,758234556,map,19.090227127075195,2.6434326171875,0.37061864137649536,-0.0006160734919831157,0.0,0.0,0.0,0.0010632214192184929,-0.0017397563776192818,0.0013880191347477617,0.9999969581007943,0,0,0,,1.0,-0.0044396258890628815,0.0,False,False,4,False
46.758234556,518,46,808234557,map,19.22934341430664,2.779083251953125,1.5918498039245605,-0.0003782272688113153,0.0,0.0,0.0,0.0014554358458465342,-0.002122617485967478,0.003959182156479019,0.9999888504769235,0,0,0,,1.0,-0.017253290861845016,0.0,False,False,4,False
46.858234558,519,46,858234558,map,19.37580108642578,2.9278564453125,0.28876468539237976,-8.049013558775187e-05,0.0,0.0,0.0,0.001530156247390004,-0.0024254671104008713,0.005886820716673932,0.9999785603066721,0,0,0,,1.0,0.004455719143152237,0.0,False,False,4,False
46.908234558,520,46,908234558,map,19.519153594970703,2.8562545776367188,1.5889383554458618,7.667549652978778e-05,0.0,0.0,0.0,0.0017913195416028582,-0.0026478347605332683,0.007485425538463404,0.9999668737262694,0,0,0,,0.8404265642166138,-0.011873479932546616,0.0,False,False,4,False
46.958234559,521,46,958234559,map,19.64014434814453,2.4263381958007812,-0.8269128203392029,0.0006462096935138106,0.0,0.0,0.0,0.0013968832358057254,-0.0027617914967804397,0.007948166969032828,0.99996362327176,0,0,0,,0.48733198642730713,0.024243727326393127,0.0,False,False,4,False
47.00823456,522,47,8234560,map,19.672882080078125,0.6630706787109375,-3.2682647705078125,0.0010686874156817794,0.0,0.0,0.0,-0.0001224546947152558,-0.002639059778394618,0.005569591330693093,0.9999809998298681,0,0,0,,0.0,0.06951946765184402,0.625139057636261,False,False,4,False
47.058234561,523,47,58234561,map,19.567562103271484,-2.1073150634765625,-0.41619986295700073,0.00046882627066224813,0.0,0.0,0.0,-0.000976916872683718,-0.00206774520792678,0.0017671064827173163,0.9999958236902081,0,0,0,,0.0,0.022448722273111343,0.9434452056884766,False,False,4,False
47.108234561,524,47,108234561,map,19.333436965942383,-4.682807922363281,2.207831859588623,0.0010419845348224044,0.0,0.0,0.0,-0.0003010698357615799,-0.001043800440946602,-0.0003826616816791913,0.9999993367035956,0,0,0,,0.0,-0.03083353117108345,1.0,False,False,4,False
47.158234562,525,47,158234562,map,19.002443313598633,-6.630401611328125,1.8923670053482056,7.820126484148204e-05,0.0,0.0,0.0,0.0007823965608463986,0.00027743076444831515,-0.00011313872097967028,0.9999996490436496,0,0,0,,0.0,-0.03949156776070595,1.0,False,False,4,False
47.208234563,526,47,208234563,map,18.63617706298828,-7.318458557128906,-1.0467944145202637,-0.0005685806390829384,0.0,0.0,0.0,0.0007394947995720237,0.0016241914544205013,0.0005974751600024989,0.9999982290849289,0,0,0,,0.0,0.005371272563934326,1.0,False,False,4,False
47.258234564,527,47,258234564,map,18.250993728637695,-7.700386047363281,-0.7645637392997742,-0.0007505416870117188,0.0,0.0,0.0,0.000210775268080319,0.002804195815184035,0.0007490798289362763,0.9999957654605476,0,0,0,,0.0,0.007415600121021271,1.0,False,False,4,False
47.308234564,528,47,308234564,map,17.852331161499023,-7.985038757324219,1.9121283292770386,-0.0009725569980219007,0.0,0.0,0.0,0.0005991062286737132,0.003765174991111648,0.0018099861793928105,0.9999910941998651,0,0,0,,0.0,-0.035684455186128616,1.0,False,False,4,False
47.358234565,529,47,358234565,map,17.447954177856445,-8.080520629882812,-0.959947407245636,-0.0004165649297647178,0.0,0.0,0.0,0.0004744847885021876,0.004503682093874939,0.002911002584000636,0.9999855087828717,0,0,0,,0.0,0.008974054828286171,1.0,False,False,4,False
47.408234566,530,47,408234566,map,17.062963485717773,-7.693519592285156,-2.8051435947418213,-7.877344614826143e-05,0.0,0.0,0.0,-0.0006542236251933113,0.00502644661996997,0.0021009796957592204,0.9999849462417635,0,0,0,,0.0,0.050083842128515244,1.0,False,False,4,False
47.458234567,531,47,458234567,map,16.781999588012695,-5.626487731933594,-1.6693115234375,0.00045928952749818563,0.0,0.0,0.0,-0.001662893739339168,0.0050847485407990835,-0.0005077756838768282,0.9999855610360299,0,0,0,,0.0,0.03513183817267418,1.0,False,False,0,False
47.508234567,532,47,508234567,map,16.50358772277832,-5.575981140136719,-0.9189881086349487,0.0009468078496865928,0.0,0.0,0.0,-0.002044823166947321,0.004896313855970683,-0.0036761715298542523,0.9999791650688142,0,0,0,,0.0,0.021340245380997658,1.0,False,False,0,False
47.558234568,533,47,558234568,map,15.907064437866211,-11.915607452392578,2.5522878170013428,0.00023574830265715718,0.0,0.0,0.0,-0.001019658167182829,0.005332003073597688,-0.005051000282146277,0.9999725083404019,0,0,0,,0.0,-0.052667342126369476,1.0,False,False,3,False
47.558234568,534,47,608234569,map,15.335776329040527,-11.458930969238281,-3.9054510593414307,-0.002058601239696145,0.0,0.0,0.0,-0.0014369668781534727,0.006169375805769378,-0.006564687612131424,0.9999583885366997,0,0,0,,0.0,0.09927583485841751,1.0,False,False,3,False
47.608234569,535,47,658234570,map,14.830991744995117,-10.080642700195312,1.2169820070266724,-0.0017482758266851306,0.0,0.0,0.0,-0.0016081694751379433,0.006864451729814351,-0.008737235817756343,0.999936974915746,0,0,0,,0.0,-0.03247765824198723,0.6623895168304443,False,False,3,False
47.70823457,536,47,708234570,map,14.362025260925293,-9.361724853515625,4.166297435760498,0.001302528427913785,0.0,0.0,0.0,0.00022093856156509627,0.007200713219146342,-0.0073666043354604594,0.9999469156189504,0,0,0,,0.0,-0.09657815843820572,0.7258158326148987,False,False,3,False
47.758234571,537,47,758234571,map,13.947559356689453,-8.307170867919922,-4.086014270782471,0.0010406493674963713,0.0,0.0,0.0,-2.4496769681564052e-05,0.007264215363462841,-0.005755610662222834,0.999957050838168,0,0,0,,0.0,0.17561084032058716,0.40379244089126587,False,False,3,False
47.808234572,538,47,808234572,map,13.592035293579102,-7.3224639892578125,-7.94567346572876,-0.0007062911754474044,0.0,0.0,0.0,-0.003491151602255147,0.007094925420049295,-0.010345365503236174,0.99991522005937,0,0,0,,1.0,0.17277204990386963,0.0,False,False,3,False
47.858234573,539,47,858234573,map,13.35269832611084,-4.8590850830078125,-1.5209293365478516,-0.0015346526633948088,0.0,0.0,0.0,-0.0051324910708042334,0.006568620949933902,-0.0177793889558712,0.9998071834521793,0,0,0,,1.0,0.042876288294792175,0.0,False,False,3,False
47.908234573,540,47,908234573,map,13.175333023071289,-3.3649444580078125,4.741194248199463,0.007449150085449219,0.0,0.0,0.0,-0.0031558149894458528,0.005697251135058622,-0.02141921281627069,0.9997493683336779,0,0,0,,1.0,-0.1064351350069046,0.0,False,False,3,False
47.908234573,541,47,958234574,map,13.062582969665527,-2.137908935546875,6.554081439971924,0.0045066834427416325,0.0,0.0,0.0,0.0007898675698838274,0.004650017711986319,-0.017871818712683937,0.999829161177249,0,0,0,,1.0,-0.14514410495758057,0.0,False,False,3,False
48.008234575,542,48,8234575,map,13.046248435974121,-0.3368377685546875,4.13832950592041,-0.004183578304946423,0.0,0.0,0.0,0.0036270852579638234,0.003491900776730534,-0.009755766803412821,0.9999397361319204,0,0,0,,1.0,-0.11034571379423141,0.0,False,False,3,False
48.008234575,543,48,58234576,map,13.098861694335938,1.0218238830566406,2.1207900047302246,-0.0032506941352039576,0.0,0.0,0.0,0.0046932930113582644,0.002285874534044007,-0.0006703676345503573,0.9999861490968558,0,0,0,,1.0,-0.06687536090612411,0.0,False,False,3,False
48.108234576,544,48,108234576,map,13.193794250488281,1.9115257263183594,-0.7433587312698364,0.0008157729171216488,0.0,0.0,0.0,0.003976125718370404,0.0011169236850447422,0.006151720265045335,0.9999725492449951,0,0,0,,1.0,-0.0037115924060344696,0.0,False,False,3,False
48.158234577,545,48,158234577,map,13.318525314331055,2.4795913696289062,0.8995985984802246,0.0003711700264830142,0.0,0.0,0.0,0.0032214034433174824,6.229121762745667e-05,0.010565214476447716,0.9999389956005947,0,0,0,,1.0,-0.009243860840797424,0.0,False,False,3,False
48.208234578,546,48,208234578,map,13.461160659790039,2.875843048095703,-1.4265567064285278,-0.00037403107853606343,0.0,0.0,0.0,0.002016788926320571,-0.000838530037642303,0.012202139659080014,0.9999231656570134,0,0,0,,1.0,0.033101025968790054,0.0,False,False,3,False
48.208234578,547,48,258234579,map,13.618833541870117,3.1714248657226562,-1.8209033012390137,-0.000971031142398715,0.0,0.0,0.0,0.0005589326437257884,-0.0015768261754592861,0.010855675801966693,0.9999396759387013,0,0,0,,1.0,0.048234377056360245,0.0,False,False,3,False
48.308234579,548,48,308234579,map,13.791383743286133,3.455677032470703,-1.0397670269012451,-0.0016315458342432976,0.0,0.0,0.0,-0.0004545277805169278,-0.002164154731326047,0.007791558295991264,0.9999672001911442,0,0,0,,1.0,0.037148021161556244,0.0,False,False,3,False
48.35823458,549,48,358234580,map,13.973657608032227,3.646221160888672,-0.43081048130989075,-0.00106983189471066,0.0,0.0,0.0,-0.0008770718124464397,-0.002621510313978391,0.0044342018099940645,0.9999863480483211,0,0,0,,1.0,0.021654698997735977,0.0,False,False,3,False
48.408234581,550,48,408234581,map,14.162044525146484,3.7673568725585938,0.2718786597251892,-0.000280189560726285,0.0,0.0,0.0,-0.0007766457940375031,-0.0029711849929095215,0.0018562873241870887,0.9999935615184823,0,0,0,,1.0,0.0027666278183460236,0.0,False,False,3,False
48.458234582,551,48,458234582,map,14.352412223815918,3.8019561767578125,1.3034045696258545,0.00023689281078986824,0.0,0.0,0.0,-0.0001519273735677157,-0.003230353968244388,0.0009491774020214778,0.9999943203806573,0,0,0,,0.9860935211181641,-0.021163657307624817,0.0,False,False,3,False
48.508234582,552,48,508234582,map,14.536654472351074,3.6843490600585938,0.08855700492858887,0.0002229689562227577,0.0,0.0,0.0,0.00018712387757694937,-0.0034079204646427,0.0011167491216880895,0.9999935519462915,0,0,0,,0.7318665981292725,-0.00841682031750679,0.0,False,False,3,False
48.508234582,553,48,558234583,map,14.680089950561523,2.875041961669922,-2.136852741241455,0.00043582922080531716,0.0,0.0,0.0,-0.00047192257985663455,-0.0034374315891420623,0.00045936277355639667,0.9999938751507387,0,0,0,,0.5411920547485352,0.028188932687044144,0.0,False,False,3,False
48.608234584,554,48,608234584,map,14.76836109161377,1.7647933959960938,-0.43623387813568115,0.0005186080816201866,0.0,0.0,0.0,-0.0009130279617679806,-0.0032647353993142817,-0.0007680839472317788,0.9999939589466347,0,0,0,,0.15077340602874756,0.008374784141778946,0.0,False,False,3,False
48.658234585,555,48,658234585,map,14.758316040039062,-0.20029067993164062,0.4033624529838562,0.000965118408203125,0.0,0.0,0.0,-0.0007502941161190691,-0.0028049151845393875,-0.0014561985579158413,0.9999947244837379,0,0,0,,0.0,-0.006631195545196533,0.0471033975481987,False,False,3,False
48.708234585,556,48,708234585,map,14.642309188842773,-2.3200416564941406,0.3037750720977783,0.0010009764228016138,0.0,0.0,0.0,-0.0004226569456642264,-0.00202332097049798,-0.0014554760131041458,0.9999968045563605,0,0,0,,0.0,-0.008671753108501434,0.38309335708618164,False,False,3,False
48.758234586,557,48,758234586,map,14.414689064025879,-4.552555084228516,-0.3689858913421631,0.00047149660531431437,0.0,0.0,0.0,-0.0003578470494597818,-0.0009317372971938114,-0.0013415039617362347,0.9999986020881324,0,0,0,,0.0,0.0015428065089508891,0.6497753262519836,False,False,3,False
48.808234587,558,48,808234587,map,14.0968017578125,-6.358890533447266,-0.5494424700737,-0.00025863642804324627,0.0,0.0,0.0,-0.0005006460181719466,0.0003661443523572863,-0.0015329151115265486,0.9999986327306346,0,0,0,,0.0,0.007263254374265671,0.8104767799377441,False,False,3,False
48.858234588,559,48,858234588,map,13.73842716217041,-7.1662139892578125,0.772533118724823,-0.0008470535394735634,0.0,0.0,0.0,-0.00024324005503103003,0.001674152945666694,-0.001375356636715686,0.9999976232173314,0,0,0,,0.0,-0.01323692500591278,0.8421411514282227,False,False,3,False
48.858234588,560,48,908234588,map,13.361795425415039,-7.533626556396484,0.8161884546279907,-0.0012279510265216231,0.0,0.0,0.0,0.0002146641216825052,0.0028238971299079777,-0.0005019643819624772,0.9999958637694827,0,0,0,,0.0,-0.017717409878969193,0.8522976040840149,False,False,3,False
48.958234589,561,48,958234589,map,12.99260425567627,-7.382907867431641,-0.9561116695404053,-0.0009342192788608372,0.0,0.0,0.0,4.166512019824699e-05,0.003722241078876011,-1.5618504282510788e-05,0.9999930714467128,0,0,0,,0.0,0.011801887303590775,0.7501150369644165,False,False,3,False
48.958234589,562,49,8234590,map,12.665342330932617,-6.546192169189453,-0.5057840943336487,-0.00020141596905887127,0.0,0.0,0.0,-0.00028071592609171954,0.004301304454725813,-0.00024149076847469343,0.9999906807869589,0,0,0,,0.0,0.010596014559268951,0.37699365615844727,False,False,3,False
49.058234591,563,49,58234591,map,12.561603546142578,-2.0753097534179688,-0.16281947493553162,0.0010728834895417094,0.0,0.0,0.0,-0.00040620016238761535,0.004164154495726962,-0.0007485539982091011,0.999990967202042,0,0,0,,0.0,0.005727112293243408,0.22129562497138977,False,False,3,False
49.108234591,564,49,108234591,map,12.516220092773438,-0.9112548828125,-0.7192783951759338,0.00199546804651618,0.0,0.0,0.0,-0.0006120250289147696,0.0034252770216206645,-0.0016208605687982568,0.9999926328297152,0,0,0,,0.0,0.013503018766641617,0.12682366371154785,False,False,0,False
49.158234592,565,49,158234592,map,12.156638145446777,-7.188568115234375,0.6006424427032471,0.0004774093395099044,0.0,0.0,0.0,-0.0004116762844993245,0.003090680682479766,-0.002168223622310603,0.9999927884849367,0,0,0,,0.0,-0.007559705525636673,0.1030997559428215,False,False,0,False
49.208234593,566,49,208234593,map,11.638886451721191,-10.35491943359375,0.04789009690284729,-0.0020622252486646175,0.0,0.0,0.0,-0.00022641359329326474,0.003928421449578531,-0.002360048546007751,0.9999894731509225,0,0,0,,0.0027468502521514893,-0.0013886020751670003,0.0,False,False,2,False
49.208234593,567,49,258234594,map,11.166751861572266,-9.442920684814453,-0.03552965819835663,-0.0020572661887854338,0.0,0.0,0.0,-0.0001612670167709718,0.004921648984388778,-0.002458280835954174,0.9999848539950771,0,0,0,,0.148190438747406,0.00029017392080277205,0.0,False,False,2,False
49.308234594,568,49,308234594,map,10.746071815490723,-8.419075012207031,-0.8221662640571594,-0.0009639740455895662,0.0,0.0,0.0,-0.00040880906654610966,0.005652918318095635,-0.0029622159045426914,0.9999795511242073,0,0,0,,0.24335911870002747,0.016484390944242477,0.0,False,False,2,False
49.358234595,569,49,358234595,map,10.380837440490723,-7.30560302734375,-0.07207870483398438,0.000342559942509979,0.0,0.0,0.0,-0.0005112310705781818,0.006000899630425617,-0.0036507667561190894,0.9999751995667246,0,0,0,,0.3270372748374939,0.0056953951716423035,0.0,False,False,2,False
49.358234595,570,49,408234596,map,10.065469741821289,-6.312847137451172,-0.4920634627342224,0.0014318465255200863,0.0,0.0,0.0,-0.0006206344154448562,0.005993300028807071,-0.004463458730447266,0.9999718859567246,0,0,0,,0.287191241979599,0.012080889195203781,0.0,False,False,2,False
49.458234596,571,49,458234596,map,9.77951717376709,-5.713005065917969,0.6083691120147705,0.0016164779663085938,0.0,0.0,0.0,-0.0003834443368249496,0.005745528026023666,-0.004872966916724882,0.9999715476310171,0,0,0,,0.08695338666439056,-0.0071258582174777985,0.0,False,False,2,False
49.508234597,572,49,508234597,map,9.498359680175781,-5.615386962890625,1.4463591575622559,0.0011123657459393144,0.0,0.0,0.0,0.0002831213606477557,0.005421555582843614,-0.004152564587087931,0.9999766411195351,0,0,0,,0.029499776661396027,-0.02835623174905777,0.0,False,False,2,False
49.508234597,573,49,558234598,map,9.200467109680176,-5.960884094238281,1.4321088790893555,0.00017318714526481926,0.0,0.0,0.0,0.0009961013735515132,0.005153555751291309,-0.002307736831706173,0.9999835613628294,0,0,0,,0.0,-0.03628936782479286,0.11997271329164505,False,False,2,False
49.608234599,574,49,608234599,map,8.902280807495117,-5.967998504638672,0.5386295318603516,-0.00032844539964571595,0.0,0.0,0.0,0.0012761462146947677,0.004975884721690246,-0.0001508087810212166,0.9999867945522014,0,0,0,,0.0,-0.023951929062604904,0.09932296723127365,False,False,2,False
49.658234599,575,49,658234599,map,8.617256164550781,-5.6978607177734375,-0.33579930663108826,-0.00012989039532840252,0.0,0.0,0.0,0.001019693022136203,0.004830229890965015,0.0014033049181687272,0.9999868298335972,0,0,0,,0.0,-0.004914999008178711,0.0498441681265831,False,False,2,False
49.658234599,576,49,708234600,map,8.33886432647705,-5.5655670166015625,-0.3614349663257599,-7.762908353470266e-05,0.0,0.0,0.0,0.0006014828861712122,0.004691877470243566,0.0021542660163962673,0.9999864917297995,0,0,0,,0.0,0.0020874962210655212,0.030965499579906464,False,False,2,False
49.758234601,577,49,758234601,map,8.07702350616455,-5.234546661376953,-1.3128567934036255,-0.00013122560631018132,0.0,0.0,0.0,-9.32531718747144e-05,0.004546647309492945,0.0017671093626480665,0.9999880982424688,0,0,0,,0.02760026603937149,0.024878937751054764,0.0,False,False,2,False
49.758234601,578,49,808234602,map,7.808744430541992,-5.367670059204102,-0.5185964107513428,-0.000263404828729108,0.0,0.0,0.0,-0.0005359202645644715,0.004398320553839858,0.0006904980705542712,0.9999899453385469,0,0,0,,0.07031156867742538,0.01862889528274536,0.0,False,False,2,False
49.858234602,579,49,858234602,map,7.599288463592529,-4.194602966308594,-0.672846794128418,-0.00014324189396575093,0.0,0.0,0.0,-0.000808476207282274,0.0042097206079585005,-0.0007049152485343662,0.999990563812038,0,0,0,,0.11136261373758316,0.022535856813192368,0.0,False,False,2,False
49.908234603,580,49,908234603,map,7.338687896728516,-5.21327018737793,-0.08954048156738281,9.403229341842234e-05,0.0,0.0,0.0,-0.0008066911337649077,0.004023231295441133,-0.0020425505288046712,0.999989495368174,0,0,0,,0.1442837417125702,0.013342708349227905,0.0,False,False,2,False
49.958234604,581,49,958234604,map,7.177792549133301,-3.2194995880126953,-0.11701434850692749,6.523132469737902e-05,0.0,0.0,0.0,-0.0006968241433687946,0.003769509021777185,-0.0031386466704383265,0.9999877269921499,0,0,0,,0.1683042347431183,0.011121775954961777,0.0,False,False,2,False
49.958234604,582,50,8234605,map,6.944716930389404,-4.653539657592773,0.8714572191238403,0.00017948145978152752,0.0,0.0,0.0,-0.0002506015612664914,0.0035319414379782676,-0.003543464480620809,0.9999874531452937,0,0,0,,0.18925830721855164,-0.009463217109441757,0.0,False,False,2,False
50.058234605,583,50,58234605,map,6.833619594573975,-2.2266674041748047,-0.5474517345428467,-1.564025296829641e-05,0.0,0.0,0.0,-0.0002127009177284801,0.0032139233695398194,-0.0037548499161720547,0.999987763203631,0,0,0,,0.21147242188453674,0.009665310382843018,0.0,False,False,2,False
50.108234606,584,50,108234606,map,6.634498596191406,-3.9794254302978516,0.3358950614929199,4.8446672735735774e-05,0.0,0.0,0.0,-0.00010293462084638026,0.002928048016979439,-0.004136978434822964,0.9999871505917982,0,0,0,,0.24494603276252747,-0.0028516985476017,0.0,False,False,2,False
50.158234607,585,50,158234607,map,6.549281120300293,-1.7026042938232422,0.24117901921272278,-0.00011901851394213736,0.0,0.0,0.0,4.9393862026222545e-05,0.002611876849428481,-0.00393967814367199,0.9999888272354317,0,0,0,,0.2739253640174866,-0.005034971982240677,0.0,False,False,2,False
50.208234608,586,50,208234608,map,6.366624355316162,-3.6507797241210938,0.5092697739601135,-8.068087481660768e-05,0.0,0.0,0.0,0.00026718208815294396,0.0023715788173902437,-0.003737058483161551,0.9999901692624473,0,0,0,,0.30747196078300476,-0.01278393529355526,0.0,False,False,2,False
50.258234608,587,50,258234608,map,6.305881977081299,-1.2148189544677734,0.012758448719978333,-0.00023250581580214202,0.0,0.0,0.0,0.0003099241335792328,0.0021021372811119658,-0.0031023721154090755,0.9999929301015784,0,0,0,,0.3357371985912323,-0.005974285304546356,0.0,False,False,2,False
50.308234609,588,50,308234609,map,6.14058256149292,-3.3096694946289062,-0.6681962013244629,-4.367826477391645e-05,0.0,0.0,0.0,2.5508122202143638e-05,0.001906975120543682,-0.003323231239943496,0.9999926594377337,0,0,0,,0.3497840166091919,0.01129966601729393,0.0,False,False,2,False
50.308234609,589,50,358234610,map,6.102482795715332,-0.7581424713134766,0.741740345954895,-5.9700014389818534e-05,0.0,0.0,0.0,0.00013911744180664838,0.0016712064569423995,-0.002963230592706487,0.9999942034730853,0,0,0,,0.4098852276802063,-0.013970259577035904,0.0,False,False,2,False
50.408234611,590,50,408234611,map,5.95600700378418,-2.929534912109375,-0.00748978927731514,-1.850128683145158e-05,0.0,0.0,0.0,0.00020398946790139752,0.0014998534456468118,-0.002842143469948638,0.999994815510778,0,0,0,,0.4104706645011902,-0.00474974513053894,0.0,False,False,2,False
50.458234611,591,50,458234611,map,5.940532684326172,-0.3092670440673828,0.12601087987422943,-6.332396878860891e-05,0.0,0.0,0.0,0.00021675025653539935,0.0012788575585898497,-0.0023044794390945154,0.99999650345248,0,0,0,,0.42177045345306396,-0.006635043770074844,0.0,False,False,2,False
50.458234611,592,50,508234612,map,5.809225082397461,-2.626781463623047,-0.25953465700149536,-6.12258882028982e-05,0.0,0.0,0.0,9.773811491869249e-05,0.001128682961645625,-0.0023725197660299587,0.9999965438300238,0,0,0,,0.4436648488044739,0.0021327249705791473,0.0,False,False,2,False
50.508234612,593,50,558234613,map,5.8121256828308105,0.05789756774902344,-0.03281407058238983,-1.7356869648210704e-05,0.0,0.0,0.0,1.1666457622055985e-05,0.0009283788117046567,-0.002150065548247175,0.9999972575936465,0,0,0,,0.45996785163879395,-6.292131729424e-06,0.0,False,False,2,False
50.608234614,594,50,608234614,map,5.694921970367432,-2.345762252807617,-0.3173295259475708,4.4822685595136136e-05,0.0,0.0,0.0,-0.000124450661198162,0.0007997985552776688,-0.0025628564353938183,0.9999963882940756,0,0,0,,0.46658653020858765,0.007105845957994461,0.0,False,False,2,False
50.608234614,595,50,658234614,map,5.714993953704834,0.4031944274902344,0.3386947512626648,-0.00011234283010708168,0.0,0.0,0.0,-4.698416512614745e-05,0.0006166653304568858,-0.002408877154760418,0.9999969074088237,0,0,0,,0.5095281600952148,-0.005698408931493759,0.0,False,False,2,False
50.708234615,596,50,708234615,map,5.612453460693359,-2.0510482788085938,-0.05612034350633621,5.435943603515625e-05,0.0,0.0,0.0,-8.276103089718816e-06,0.0005010003682123985,-0.002617368185428655,0.9999964491506552,0,0,0,,0.4938663840293884,-0.00040260714013129473,0.0,False,False,2,False
50.758234616,597,50,758234616,map,5.648426055908203,0.7199954986572266,0.15206880867481232,-2.5367735361214727e-05,0.0,0.0,0.0,4.849675266063997e-05,0.0003282507673781541,-0.002311071135245936,0.9999972744211388,0,0,0,,0.5122544169425964,-0.0046067312359809875,0.0,False,False,2,False
50.808234617,598,50,808234617,map,5.5570878982543945,-1.8271732330322266,-0.11613406240940094,-3.604888843256049e-05,0.0,0.0,0.0,2.496287678983283e-05,0.00022917805762943887,-0.0024880078919257685,0.9999968783306288,0,0,0,,0.4934597611427307,0.0005012004403397441,0.0,False,False,2,False
50.808234617,599,50,858234617,map,5.603572368621826,0.9299945831298828,0.08293464779853821,-7.476806786144152e-05,0.0,0.0,0.0,3.1856528593186686e-05,7.79520407057012e-05,-0.0022170398633227627,0.9999975388184139,0,0,0,,0.5091962218284607,-0.0028391145169734955,0.0,False,False,2,False
50.908234618,600,50,908234618,map,5.520145416259766,-1.6684246063232422,0.03877472132444382,1.6212470654863864e-05,0.0,0.0,0.0,4.6517713572898864e-05,4.7182985492416745e-06,-0.0023580407086654337,0.9999972187250604,0,0,0,,0.5136435031890869,-0.0025411657989025116,0.0,False,False,2,False
50.908234618,601,50,958234619,map,5.5757293701171875,1.1118698120117188,0.07667649537324905,1.8501277736504562e-05,0.0,0.0,0.0,7.134067908684748e-05,-0.0001241216208766176,-0.0020144278064387505,0.9999979607903925,0,0,0,,0.5200846195220947,-0.0037876591086387634,0.0,False,False,2,False
51.00823462,602,51,8234620,map,5.499114036560059,-1.5328693389892578,-0.185543030500412,-1.1062620615120977e-05,0.0,0.0,0.0,4.797878180286312e-06,-0.00017644084104370564,-0.0022228904474078416,0.9999975137987438,0,0,0,,0.5038304328918457,0.002110045403242111,0.0,False,False,2,False
51.05823462,603,51,58234620,map,5.561006546020508,1.2385368347167969,0.2480498105287552,-3.471374657237902e-05,0.0,0.0,0.0,5.664894980861928e-05,-0.00028489930504817837,-0.0019032320123452979,0.9999981466638775,0,0,0,,0.5380208492279053,-0.006190851330757141,0.0,False,False,2,False
51.05823462,604,51,108234621,map,5.490994930267334,-1.4009475708007812,-0.25533536076545715,4.253387305652723e-05,0.0,0.0,0.0,-8.137769271708432e-06,-0.0003210736587834341,-0.0021207035692808168,0.9999976997282812,0,0,0,,0.52897709608078,0.0032134465873241425,0.0,False,False,2,False
51.108234621,605,51,158234622,map,5.560440540313721,1.3895797729492188,0.22867053747177124,4.1580202378099784e-05,0.0,0.0,0.0,3.369687822407432e-05,-0.000420454160986116,-0.0018373233351636374,0.9999982231613119,0,0,0,,0.5435751676559448,-0.005361031740903854,0.0,False,False,2,False
51.208234623,606,51,208234623,map,5.496750354766846,-1.2758064270019531,-0.48775747418403625,-1.544952465337701e-05,0.0,0.0,0.0,-0.00011045327695400843,-0.00044929417237704475,-0.0022193336628228704,0.999997430243155,0,0,0,,0.5358604192733765,0.009214464575052261,0.0,False,False,2,False
51.258234623,607,51,258234623,map,5.572934150695801,1.5258121490478516,0.8069944977760315,-6.637572369072586e-05,0.0,0.0,0.0,0.00010949654749575138,-0.0005426014150667825,-0.0018111371105785274,0.9999982066866805,0,0,0,,0.5792900323867798,-0.016498710960149765,0.0,False,False,2,False
51.308234624,608,51,308234624,map,5.51764440536499,-1.1085700988769531,0.6785216331481934,-3.2234194804914296e-05,0.0,0.0,0.0,0.0004477969647776873,-0.0005718146169523123,-0.0012577652845876782,0.9999989452656494,0,0,0,,0.571763277053833,-0.022600561380386353,0.0,False,False,2,False
51.358234625,609,51,358234625,map,5.601964950561523,1.6891956329345703,-0.8925924301147461,8.087157766567543e-05,0.0,0.0,0.0,0.00019816635830957008,-0.0006703960890654053,-0.0007153898662442009,0.9999994997581336,0,0,0,,0.5476467609405518,0.00953291729092598,0.0,False,False,2,False
51.408234626,610,51,408234626,map,5.551446437835693,-1.0109233856201172,-0.26282936334609985,2.880096508306451e-05,0.0,0.0,0.0,-7.61160948031253e-05,-0.0006944911904132895,-0.0010779896041867598,0.9999991749130294,0,0,0,,0.5430855751037598,0.006382353603839874,0.0,False,False,2,False
51.458234626,611,51,458234626,map,5.637469291687012,1.7209720611572266,0.22181659936904907,1.5068053471622989e-05,0.0,0.0,0.0,-7.237351177092518e-05,-0.0007757457452655072,-0.0009468548853688839,0.9999992482229371,0,0,0,,0.5682922005653381,-0.0032155103981494904,0.0,False,False,2,False
51.508234627,612,51,508234627,map,5.590445041656494,-0.9417247772216797,-0.40235310792922974,-1.754760705807712e-05,0.0,0.0,0.0,-0.0001755258408841226,-0.0007840347957997179,-0.0013886905499429986,0.9999987130085092,0,0,0,,0.5709764957427979,0.008299831300973892,0.0,False,False,2,False
51.558234628,613,51,558234628,map,5.681053638458252,1.8108940124511719,-0.22498679161071777,-2.269744800287299e-05,0.0,0.0,0.0,-0.0002783362881746783,-0.0008573870955983746,-0.001594912031588344,0.9999983218345371,0,0,0,,0.5760192275047302,0.008108321577310562,0.0,False,False,2,False
51.608234629,614,51,608234629,map,5.637969017028809,-0.8601665496826172,0.2764650881290436,-1.945495569088962e-05,0.0,0.0,0.0,-0.0001762042715385186,-0.0008617023147498828,-0.002050643564946511,0.999997510637974,0,0,0,,0.553647518157959,-0.0023726709187030792,0.0,False,False,2,False
51.658234629,615,51,658234629,map,5.729759216308594,1.8367481231689453,0.6700014472007751,-1.7929078239831142e-05,0.0,0.0,0.0,0.00014120881457950236,-0.0009258228436681798,-0.0015674429035200065,0.9999983330160492,0,0,0,,0.5730394124984741,-0.015554841607809067,0.0,False,False,2,False
51.70823463,616,51,708234630,map,5.687055587768555,-0.8539390563964844,-0.17969481647014618,4.730224463855848e-05,0.0,0.0,0.0,0.00018818886689812416,-0.0009160999815017484,-0.0014548406125175762,0.9999985043911648,0,0,0,,0.5332486629486084,-0.0022134892642498016,0.0,False,False,2,False
51.758234631,617,51,758234631,map,5.774453163146973,1.7479515075683594,0.014170604757964611,-2.841949390131049e-05,0.0,0.0,0.0,0.00015166791985932404,-0.0009588370387525057,-0.0010261457453564782,0.9999990023261446,0,0,0,,0.5144363641738892,-0.0032993778586387634,0.0,False,False,2,False
51.758234631,618,51,808234632,map,5.724911689758301,-0.9909248352050781,-0.15834206342697144,2.346038854739163e-05,0.0,0.0,0.0,5.8449824073098235e-05,-0.0009163104758325242,-0.0011536345716523018,0.9999989130424118,0,0,0,,0.5113348364830017,0.0010874121217057109,0.0,False,False,2,False
51.858234632,619,51,858234632,map,5.8037519454956055,1.5719127655029297,1.2234406471252441,1.2969969247933477e-05,0.0,0.0,0.0,0.000430794965719125,-0.0009220662026228494,-0.00023592134047621351,0.9999994542752193,0,0,0,,0.5246816277503967,-0.029217708855867386,0.0,False,False,2,False
51.908234633,620,51,908234633,map,5.748044490814209,-1.1093521118164062,-0.8692299127578735,-3.299712989246473e-05,0.0,0.0,0.0,0.0002514133425874053,-0.000854017371539069,-8.567637677733457e-06,0.9999996036860495,0,0,0,,0.4829690158367157,0.007525771856307983,0.0,False,False,2,False
51.958234634,621,51,958234634,map,5.820182800292969,1.4427375793457031,-0.4344608187675476,9.994506399380043e-05,0.0,0.0,0.0,-7.186013012259921e-05,-0.000844124707082908,5.3468821877168736e-05,0.9999996397152779,0,0,0,,0.5201979279518127,0.009146120399236679,0.0,False,False,2,False
51.958234634,622,52,8234634,map,5.760699272155762,-1.1895370483398438,0.08494527637958527,4.558562795864418e-05,0.0,0.0,0.0,-0.0001467593856219208,-0.0007701567073063843,-0.0003708937993115447,0.9999996238789886,0,0,0,,0.5032665133476257,0.0008298157481476665,0.0,False,False,2,False
52.058234635,623,52,58234635,map,5.8305792808532715,1.39739990234375,-0.11394193768501282,-1.3351382222026587e-06,0.0,0.0,0.0,-0.00016486980113436238,-0.0007641888642074518,-0.00037503199947328263,0.9999996240920933,0,0,0,,0.5186050534248352,0.003406926989555359,0.0,False,False,2,False
52.108234636,624,52,108234636,map,5.769169807434082,-1.2302970886230469,-0.48689156770706177,-1.1444094525359105e-05,0.0,0.0,0.0,-0.0003157907702148864,-0.0006988885721116338,-0.001057164701972647,0.9999991471165093,0,0,0,,0.5122681856155396,0.01276429370045662,0.0,False,False,2,False
52.158234637,625,52,158234637,map,5.839605808258057,1.409921646118164,0.21453559398651123,1.0108947208209429e-05,0.0,0.0,0.0,-0.0002605388355547624,-0.0007074813433363185,-0.0012448016948209707,0.9999989410286416,0,0,0,,0.5558715462684631,0.0005698165623471141,0.0,False,False,2,False
52.208234637,626,52,208234637,map,5.781932830810547,-1.1533927917480469,1.0391861200332642,-3.6621091567212716e-05,0.0,0.0,0.0,0.00017880063902152532,-0.000666818582028203,-0.0011181147559322637,0.9999991366009786,0,0,0,,0.5594131350517273,-0.022291574627161026,0.0,False,False,2,False
52.208234637,627,52,258234638,map,5.85818338394165,1.525735855102539,-0.8154488205909729,-5.092620995128527e-05,0.0,0.0,0.0,6.799444342383327e-05,-0.0007067856895053167,-0.0007841271216860186,0.9999994404875444,0,0,0,,0.5422834157943726,0.010170787572860718,0.0,False,False,2,False
52.308234639,628,52,308234639,map,5.803575038909912,-1.0944461822509766,-0.4843447804450989,-7.82012921263231e-06,0.0,0.0,0.0,-0.00021747622386796667,-0.0006875341509969525,-0.0013980193881818746,0.9999987627705714,0,0,0,,0.5068941116333008,0.012866247445344925,0.0,False,False,2,False
52.35823464,629,52,358234640,map,5.87711763381958,1.473531723022461,0.7712266445159912,5.931854684604332e-05,0.0,0.0,0.0,-2.1674229849126873e-05,-0.0007272694608551529,-0.0012396683560488109,0.9999989669153293,0,0,0,,0.5327025651931763,-0.012375473976135254,0.0,False,False,2,False
52.40823464,630,52,408234640,map,5.820004463195801,-1.14227294921875,-0.035119544714689255,-7.972717139637098e-05,0.0,0.0,0.0,8.870642808302392e-05,-0.0006976671907176357,-0.0012797638886086764,0.9999989337974565,0,0,0,,0.5088464617729187,-0.0028366409242153168,0.0,False,False,2,False
52.458234641,631,52,458234641,map,5.890472412109375,1.4027595520019531,1.3013660907745361,-2.9373170036706142e-05,0.0,0.0,0.0,0.0005379603539696249,-0.0007228770801186297,-0.00020663728552997856,0.9999995726741172,0,0,0,,0.5235650539398193,-0.032757680863142014,0.0,False,False,2,False
52.508234642,632,52,508234642,map,5.830207347869873,-1.1987018585205078,-1.2018752098083496,5.91278076171875e-05,0.0,0.0,0.0,0.0002522956908384991,-0.0006791371277047212,-7.479169574586403e-06,0.9999997375318195,0,0,0,,0.49539443850517273,0.013501424342393875,0.0,False,False,2,False
52.558234643,633,52,558234643,map,5.896928787231445,1.3344192504882812,0.012718508951365948,8.60214204294607e-05,0.0,0.0,0.0,2.474174608402004e-05,-0.000694687684584348,0.00017551934322508422,0.9999997429948805,0,0,0,,0.4951696991920471,0.0007600783137604594,0.0,False,False,2,False
52.608234643,634,52,608234643,map,5.831902503967285,-1.3010215759277344,-0.4040941298007965,-5.569458153331652e-05,0.0,0.0,0.0,-0.00017116654297603622,-0.000639089238535373,-0.00029995630853704567,0.9999997361465517,0,0,0,,0.47683024406433105,0.009199429303407669,0.0,False,False,2,False
52.658234644,635,52,658234644,map,5.893509864807129,1.2313556671142578,-0.21025404334068298,4.0435788832837716e-05,0.0,0.0,0.0,-0.0002930313898976692,-0.0006408878833050804,-0.0005463660393197497,0.9999996024396592,0,0,0,,0.5038027167320251,0.008227333426475525,0.0,False,False,2,False
52.658234644,636,52,708234645,map,5.826720714569092,-1.335897445678711,-0.020208880305290222,2.937316457973793e-05,0.0,0.0,0.0,-0.00029204209316100545,-0.0005812747010930224,-0.001190912197949413,0.9999990792792134,0,0,0,,0.5224661231040955,0.004600871354341507,0.0,False,False,2,False
52.708234645,637,52,758234646,map,5.890495300292969,1.2765979766845703,0.8482646942138672,-7.228850881801918e-05,0.0,0.0,0.0,5.566018403591014e-05,-0.0005950210148551334,-0.0008498879881039627,0.999999460271026,0,0,0,,0.5275115966796875,-0.01656879484653473,0.0,False,False,2,False
52.808234646,638,52,808234646,map,5.825531959533691,-1.3005733489990234,-0.887758731842041,2.956390380859375e-05,0.0,0.0,0.0,-9.813258506546358e-05,-0.0005539680721535819,-0.0011929792254488755,0.9999991301445907,0,0,0,,0.5044780969619751,0.014670167118310928,0.0,False,False,2,False
52.858234647,639,52,858234647,map,5.890161037445068,1.290597915649414,1.5364528894424438,3.795623342739418e-05,0.0,0.0,0.0,0.0003267094201558477,-0.0005813017543054231,-0.00047884136501512796,0.9999996630300294,0,0,0,,0.5555899739265442,-0.031358275562524796,0.0,False,False,2,False
52.908234648,640,52,908234648,map,5.8286943435668945,-1.2257766723632812,-1.02610182762146,-0.00013713835505768657,0.0,0.0,0.0,0.00015730087927382817,-0.0005566533404778388,-0.00041446206544018196,0.9999997468073121,0,0,0,,0.5123735666275024,0.011851344257593155,0.0,False,False,2,False
52.908234648,641,52,958234649,map,5.8961615562438965,1.3488006591796875,-0.26960986852645874,8.525847806595266e-05,0.0,0.0,0.0,-0.00010412616832781365,-0.000600530808816731,-0.000437846466942061,0.9999997184054404,0,0,0,,0.5139137506484985,0.007458709180355072,0.0,False,False,2,False
53.008234649,642,53,8234649,map,5.834218978881836,-1.2403297424316406,-0.32130733132362366,-4.615783836925402e-05,0.0,0.0,0.0,-0.0002818724697317471,-0.000578269383252681,-0.0011112975611283897,0.9999991755847412,0,0,0,,0.5103008151054382,0.010331865400075912,0.0,False,False,2,False
53.05823465,643,53,58234650,map,5.90201997756958,1.3566303253173828,1.2827248573303223,-1.1253356205997989e-05,0.0,0.0,0.0,0.00014201880678069013,-0.0006168214678434355,-0.0006489924874880926,0.9999995890852589,0,0,0,,0.5656650066375732,-0.024798069149255753,0.0,False,False,2,False
53.108234651,644,53,108234651,map,5.844287395477295,-1.1541080474853516,-1.0491039752960205,-1.907349087559851e-06,0.0,0.0,0.0,-2.3949188209354037e-05,-0.000599602361684158,-0.0008561947921157222,0.9999994534168117,0,0,0,,0.5400227308273315,0.015320613980293274,0.0,False,False,2,False
53.108234651,645,53,158234652,map,5.916576862335205,1.4445209503173828,-0.25748875737190247,-6.0462949477368966e-05,0.0,0.0,0.0,-0.00024625678884971237,-0.0006520441507171134,-0.0010941176033494205,0.9999991585509906,0,0,0,,0.5195475816726685,0.009524822235107422,0.0,False,False,2,False
53.208234652,646,53,208234652,map,5.858401298522949,-1.163778305053711,1.476597547531128,5.3405754442792386e-05,0.0,0.0,0.0,0.00022993142147856307,-0.0006360716305533675,-0.000909440094862797,0.9999993577313618,0,0,0,,0.5418668985366821,-0.02939065545797348,0.0,False,False,2,False
53.258234653,647,53,258234653,map,5.931569576263428,1.4655113220214844,-1.0246235132217407,1.544952465337701e-05,0.0,0.0,0.0,8.835257600853737e-05,-0.0006835928570627107,-0.0005298070642057789,0.99999962209948,0,0,0,,0.5360140800476074,0.01266193762421608,0.0,False,False,2,False
53.308234654,648,53,308234654,map,5.876210689544678,-1.1080074310302734,-0.2497321516275406,-6.637573096668348e-05,0.0,0.0,0.0,-0.00014822208819888994,-0.0006662282189621227,-0.0010251510730596499,0.9999992416174376,0,0,0,,0.5188902020454407,0.007740620523691177,0.0,False,False,2,False
53.358234655,649,53,358234655,map,5.9471588134765625,1.4151668548583984,1.6001532077789307,5.836486161570065e-05,0.0,0.0,0.0,0.0003511106434278213,-0.0007038364236539234,-0.00024037028897899837,0.9999996617788073,0,0,0,,0.5390210747718811,-0.033480264246463776,0.0,False,False,2,False
53.408234655,650,53,408234655,map,5.890352725982666,-1.1312198638916016,-1.170121192932129,-5.264282299322076e-05,0.0,0.0,0.0,0.00015126986213659933,-0.0006755241215067257,-0.00016344209368469571,0.9999997470356041,0,0,0,,0.5161550045013428,0.01390480250120163,0.0,False,False,2,False
53.408234655,651,53,458234656,map,5.961920261383057,1.430959701538086,-0.23027172684669495,8.98361176950857e-05,0.0,0.0,0.0,-0.00011652318632140052,-0.0007098081116336553,-0.00020164957025878015,0.9999997209660823,0,0,0,,0.5429564118385315,0.007013704627752304,0.0,False,False,2,False
53.508234657,652,53,508234657,map,5.906270980834961,-1.114950180053711,-0.4337337017059326,-3.5667417250806466e-05,0.0,0.0,0.0,-0.00032793844720830614,-0.0006816310184280041,-0.0009330677899452794,0.9999992786097542,0,0,0,,0.5210257172584534,0.012727633118629456,0.0,False,False,2,False
53.508234657,653,53,558234658,map,5.979858875274658,1.4712142944335938,-0.0858478993177414,8.010864803509321e-06,0.0,0.0,0.0,-0.00038178729684935415,-0.0007180863096301746,-0.0013302398751961874,0.9999987845254544,0,0,0,,0.5779483318328857,0.007653199136257172,0.0,False,False,2,False
53.608234658,654,53,608234658,map,5.9289445877075195,-1.0162162780761719,0.3858250081539154,2.0217894416418858e-05,0.0,0.0,0.0,-0.00019728176568986386,-0.0007017262917167824,-0.0018140451945251636,0.9999980889482484,0,0,0,,0.5520832538604736,-0.003985617309808731,0.0,False,False,2,False
53.608234658,655,53,658234659,map,6.006855010986328,1.558685302734375,0.14934727549552917,6.67572021484375e-06,0.0,0.0,0.0,-2.4660204145036895e-05,-0.0007539595825756025,-0.0016239302040754796,0.9999983968924723,0,0,0,,0.5429815649986267,-0.003616500645875931,0.0,False,False,2,False
53.70823466,656,53,708234660,map,5.957179069519043,-0.9933376312255859,0.5182716846466064,-4.9591064453125e-05,0.0,0.0,0.0,0.00021012677931646958,-0.0007415560573926036,-0.0014847959688492492,0.9999986006601616,0,0,0,,0.5536781549453735,-0.01308051124215126,0.0,False,False,2,False
53.758234661,657,53,758234661,map,6.035677909851074,1.5701580047607422,-0.14332623779773712,4.6539309551008046e-05,0.0,0.0,0.0,0.00022612578282812972,-0.0007908678334623128,-0.000937314253051014,0.9999992224182934,0,0,0,,0.543593168258667,-0.0026011615991592407,0.0,False,False,2,False
53.758234661,658,53,808234661,map,5.985226154327393,-1.0168743133544922,1.2983348369598389,-9.860992577159777e-05,0.0,0.0,0.0,0.0006115514477073228,-0.0007690073432089075,-0.00017562475958309164,0.9999995018941144,0,0,0,,0.5317410826683044,-0.032706454396247864,0.0,False,False,2,False
53.808234661,659,53,858234662,map,6.059490203857422,1.4931106567382812,-1.4513657093048096,0.00011482238915050402,0.0,0.0,0.0,0.00021327157119441182,-0.00080202427973413,0.00035330590200154734,0.9999995932235329,0,0,0,,0.5198455452919006,0.018383175134658813,0.0,False,False,2,False
53.858234662,660,53,908234663,map,6.0059356689453125,-1.0710620880126953,0.06797851622104645,3.070831371587701e-05,0.0,0.0,0.0,-3.992870455311793e-05,-0.0007632383602264147,2.4470583477104903e-05,0.9999997076370045,0,0,0,,0.4945583641529083,0.0013039110926911235,0.0,False,False,2,False
53.958234664,661,53,958234664,map,6.074045658111572,1.3619709014892578,-0.2239231914281845,4.57763690064894e-06,0.0,0.0,0.0,-0.0001598009336013474,-0.0007738446345107953,-1.4747647808211985e-05,0.9999996877052764,0,0,0,,0.5107955932617188,0.005702607333660126,0.0,False,False,2,False
54.008234664,662,54,8234664,map,6.014912128448486,-1.185007095336914,-0.5498878955841064,-4.5394899643724784e-05,0.0,0.0,0.0,-0.00036727280701866785,-0.0007142548832857806,-0.0007780172904257723,0.9999993748196759,0,0,0,,0.5094105005264282,0.014608357101678848,0.0,False,False,2,False
54.058234665,663,54,58234665,map,6.080636978149414,1.314229965209961,1.6159656047821045,6.885529001010582e-05,0.0,0.0,0.0,0.00015753930537953212,-0.0007153584902043382,-0.00027421342550563413,0.9999996941252506,0,0,0,,0.567262589931488,-0.030251752585172653,0.0,False,False,2,False
54.108234666,664,54,108234666,map,6.025021076202393,-1.1096858978271484,-1.0518882274627686,-2.7275087632006034e-05,0.0,0.0,0.0,4.4485420858767024e-05,-0.0006696729562345182,-0.0003328196028490139,0.999999719395106,0,0,0,,0.5389316082000732,0.013295173645019531,0.0,False,False,2,False
54.158234667,665,54,158234667,map,6.095205783843994,1.4029216766357422,-0.2642045021057129,-6.847381155239418e-05,0.0,0.0,0.0,-0.00018222069333831946,-0.0006988387929163987,-0.0004677833449058284,0.9999996297992827,0,0,0,,0.5263564586639404,0.00828602910041809,0.0,False,False,2,False
54.208234667,666,54,208234667,map,6.040578365325928,-1.0920333862304688,0.15197855234146118,-2.86102294921875e-05,0.0,0.0,0.0,-0.0001740038314098697,-0.0006706269022161377,-0.0009425768460650937,0.9999993157653229,0,0,0,,0.5386865139007568,0.0002769510028883815,0.0,False,False,2,False
54.208234667,667,54,258234668,map,6.111879825592041,1.4252376556396484,0.8863331079483032,7.82012939453125e-05,0.0,0.0,0.0,0.00018172190669938357,-0.0007069870919167255,-0.00041821060844069466,0.9999996461230811,0,0,0,,0.557388424873352,-0.018882110714912415,0.0,False,False,2,False
54.258234668,668,54,308234669,map,6.059207916259766,-1.0525131225585938,-0.8345732688903809,-6.523132469737902e-05,0.0,0.0,0.0,2.767206494199522e-05,-0.0006854090938042541,-0.0005521032594927055,0.9999996123152358,0,0,0,,0.5247511267662048,0.011360617354512215,0.0,False,False,2,False
54.308234669,669,54,358234670,map,6.131278038024902,1.4417171478271484,0.24635133147239685,1.1444091796875e-05,0.0,0.0,0.0,-9.085304623882893e-06,-0.0007256232178709592,-0.00040913535572463094,0.9999996529982718,0,0,0,,0.5536537170410156,-0.003163481131196022,0.0,False,False,2,False
54.40823467,670,54,408234670,map,6.079726696014404,-1.0312080383300781,-0.17689195275306702,3.8146970382513246e-06,0.0,0.0,0.0,-5.4014815180000306e-05,-0.0007050858698557225,-0.0006882910606442604,0.9999995130957473,0,0,0,,0.5285199284553528,0.0030128415673971176,0.0,False,False,2,False
54.458234671,671,54,458234671,map,6.150943279266357,1.4235115051269531,0.7122930288314819,-1.4686585018353071e-05,0.0,0.0,0.0,0.00017404531425789028,-0.0007415173781045946,-0.0002051203106142461,0.999999688892884,0,0,0,,0.5288326740264893,-0.015130635350942612,0.0,False,False,2,False
54.508234672,672,54,508234672,map,6.096042633056641,-1.0980606079101562,-1.0066754817962646,-1.621246337890625e-05,0.0,0.0,0.0,-8.373007641670392e-05,-0.0007085359179594474,-0.0005266879590785517,0.9999996067828831,0,0,0,,0.5050743818283081,0.01646905019879341,0.0,False,False,2,False
54.558234672,673,54,558234672,map,6.164078235626221,1.3612556457519531,0.1492263674736023,4.76837158203125e-05,0.0,0.0,0.0,-0.000172777571476677,-0.0007302242678072598,-0.0006452148816921081,0.999999510308973,0,0,0,,0.5474308729171753,0.0013332999078556895,0.0,False,False,2,False
54.608234673,674,54,608234673,map,6.1084184646606445,-1.114034652709961,0.932974100112915,-7.362365431617945e-05,0.0,0.0,0.0,0.00017296397780763474,-0.0006907904264897254,-0.0005307912973438249,0.999999605576246,0,0,0,,0.5160995125770569,-0.019261348992586136,0.0,False,False,2,False
54.658234674,675,54,658234674,map,6.173858165740967,1.30950927734375,-0.972952127456665,1.2779237295035273e-05,0.0,0.0,0.0,-2.2086125820356065e-05,-0.0007086914037725526,-0.00035025393155229713,0.9999996872953915,0,0,0,,0.49662280082702637,0.014315571635961533,0.0,False,False,2,False
54.708234675,676,54,708234675,map,6.115859508514404,-1.159353256225586,0.33091530203819275,-4.76837158203125e-06,0.0,0.0,0.0,-4.570550927048943e-05,-0.0006617605997919305,-0.0006525000127266484,0.9999995671137306,0,0,0,,0.5497742891311646,-0.0038355793803930283,0.0,False,False,2,False
54.758234675,677,54,758234675,map,6.182928085327148,1.3411998748779297,-0.1480609029531479,-1.525881998531986e-06,0.0,0.0,0.0,-5.922566008193295e-05,-0.0006828583264049844,-0.0005415946588066328,0.9999996184359536,0,0,0,,0.5405094027519226,0.002415895462036133,0.0,False,False,2,False
54.758234675,678,54,808234676,map,6.129157066345215,-1.0772705078125,-0.4928116798400879,-2.1743777324445546e-05,0.0,0.0,0.0,-0.00023535504437208386,-0.0006522287717356206,-0.0011201422527416314,0.9999991322431064,0,0,0,,0.564278244972229,0.011587059125304222,0.0,False,False,2,False
54.858234677,679,54,858234677,map,6.202523708343506,1.4685916900634766,1.1474498510360718,4.329681905801408e-05,0.0,0.0,0.0,0.00011621011901382298,-0.0006965653524410864,-0.0007314716459458578,0.9999994831204408,0,0,0,,0.6035246849060059,-0.020845873281359673,0.0,False,False,2,False
54.908234678,680,54,908234678,map,6.158374786376953,-0.8873653411865234,0.6884435415267944,-6.618499901378527e-05,0.0,0.0,0.0,0.0005207888232634242,-0.0006987618492462433,-3.18947944732381e-05,0.9999996197467285,0,0,0,,0.5776171684265137,-0.022338375449180603,0.0,False,False,2,False
54.958234678,681,54,958234678,map,6.237707614898682,1.59149169921875,-0.841192901134491,9.746551950229332e-05,0.0,0.0,0.0,0.0002917496374059691,-0.0007705090989879906,0.0006135501711090176,0.9999994723768935,0,0,0,,0.5344130992889404,0.007512966170907021,0.0,False,False,2,False
54.958234678,682,55,8234679,map,6.191586017608643,-0.9222126007080078,-0.45340240001678467,4.19616708313697e-06,0.0,0.0,0.0,-5.678396676130591e-05,-0.0007697495779382881,0.00026973425012212873,0.9999996657522454,0,0,0,,0.5055732131004333,0.009440891444683075,0.0,False,False,2,False
55.05823468,683,55,58234680,map,6.263752460479736,1.4433765411376953,0.3003374934196472,5.149840944795869e-06,0.0,0.0,0.0,-6.683196572992078e-05,-0.0008084408419006379,0.0003458902506292901,0.9999996111583385,0,0,0,,0.542556643486023,-0.003521222621202469,0.0,False,False,2,False
55.05823468,684,55,108234681,map,6.214319705963135,-0.9885883331298828,-0.14426423609256744,-9.72747784544481e-06,0.0,0.0,0.0,-7.717751167701525e-05,-0.0007758789294087596,6.971486102858874e-05,0.9999996935976314,0,0,0,,0.5393152236938477,0.002273429185152054,0.0,False,False,2,False
55.158234681,685,55,158234681,map,6.284953594207764,1.4124202728271484,-0.24349653720855713,2.28881845032447e-06,0.0,0.0,0.0,-0.00016057239435038226,-0.0007979901174529717,2.011186998508488e-05,0.9999996685118407,0,0,0,,0.5259867906570435,0.00584832951426506,0.0,False,False,2,False
55.208234682,686,55,208234682,map,6.234879493713379,-1.0017204284667969,0.6069111227989197,4.9972531996900216e-05,0.0,0.0,0.0,3.421349042712238e-05,-0.000757577876489863,-8.644285944296331e-05,0.9999997087163727,0,0,0,,0.5705283284187317,-0.011014390736818314,0.0,False,False,2,False
55.258234683,687,55,258234683,map,6.309772491455078,1.4981937408447266,-0.153443843126297,-4.100799560546875e-05,0.0,0.0,0.0,8.037640664634227e-05,-0.0007877134581205572,0.0002669118203948635,0.9999996509025497,0,0,0,,0.591411292552948,-0.0004617703380063176,0.0,False,False,2,False
55.308234684,688,55,308234684,map,6.268444538116455,-0.8266162872314453,0.03569958731532097,1.525878701613692e-06,0.0,0.0,0.0,7.13969181345583e-05,-0.000774727221774144,0.00019393324898107746,0.9999996785450017,0,0,0,,0.584130585193634,-0.0021442603319883347,0.0,False,False,2,False
55.358234684,689,55,358234684,map,6.353025436401367,1.6900062561035156,0.4461801052093506,5.14984139954322e-06,0.0,0.0,0.0,0.000211836322764834,-0.0008378875285020127,0.0007264207117688657,0.9999993626912027,0,0,0,,0.658322811126709,-0.011090658605098724,0.0,False,False,2,False
55.408234685,690,55,408234685,map,6.3253397941589355,-0.5594253540039062,0.7004077434539795,-0.00011100768460892141,0.0,0.0,0.0,0.00048449725788998754,-0.0008643900015543585,0.0013477102289063667,0.9999986008837568,0,0,0,,0.6136356592178345,-0.020185353234410286,0.0,False,False,2,False
55.458234686,691,55,458234686,map,6.41768741607666,1.8540573120117188,-1.0465296506881714,8.79287690622732e-05,0.0,0.0,0.0,0.00016263776152024146,-0.0009588098585505039,0.001781807070844537,0.9999979396959655,0,0,0,,0.566668689250946,0.012906325981020927,0.0,False,False,2,False
55.508234687,692,55,508234687,map,6.389046669006348,-0.5723953247070312,-0.2620352506637573,-5.0926206313306466e-05,0.0,0.0,0.0,-0.00013664505621913638,-0.0009790105307117545,0.001334640259049012,0.9999986207999929,0,0,0,,0.5556646585464478,0.007521769031882286,0.0,False,False,2,False
55.558234687,693,55,558234687,map,6.476977348327637,1.7583656311035156,0.19131766259670258,4.005432856502011e-06,0.0,0.0,0.0,-0.00013926058612467968,-0.001037243658222189,0.0013056009702299511,0.9999986000681147,0,0,0,,0.6055390238761902,-0.0009744988055899739,0.0,False,False,2,False
55.608234688,694,55,608234688,map,6.450456619262695,-0.5303955078125,-0.012006163597106934,3.814693627646193e-06,0.0,0.0,0.0,-9.908469941571522e-05,-0.0010309039830508169,0.0010185549802388014,0.9999989449819197,0,0,0,,0.605099081993103,0.00046623486559838057,0.0,False,False,2,False
55.608234688,695,55,658234689,map,6.5454206466674805,1.8944454193115234,0.9006330370903015,-5.531310307560489e-06,0.0,0.0,0.0,0.00023607745416633611,-0.001086509205628912,0.0016210528037188393,0.9999980679746283,0,0,0,,0.6805417537689209,-0.018790191039443016,0.0,False,False,2,False
55.658234689,696,55,708234690,map,6.533254623413086,-0.24636268615722656,0.30357927083969116,-6.50405854685232e-05,0.0,0.0,0.0,0.0004576984163424404,-0.0011061942651365787,0.002237821930324346,0.999996779494522,0,0,0,,0.6501916646957397,-0.013715993613004684,0.0,False,False,2,False
55.75823469,697,55,758234690,map,6.63878059387207,2.1134567260742188,-0.28342360258102417,9.155272709904239e-05,0.0,0.0,0.0,0.0003506184303699079,-0.0011972590638100083,0.002959447820878276,0.9999948426397238,0,0,0,,0.6180357933044434,-0.0014271234394982457,0.0,False,False,2,False
55.808234691,698,55,808234691,map,6.62932014465332,-0.19158363342285156,0.2431497722864151,-6.0272213886491954e-05,0.0,0.0,0.0,0.0003104127974887059,-0.0012234507104863243,0.003265668080755584,0.9999938710933384,0,0,0,,0.598472535610199,-0.008090898394584656,0.0,False,False,2,False
55.858234692,699,55,858234692,map,6.732592582702637,2.063779830932617,0.1602180302143097,6.999969627941027e-05,0.0,0.0,0.0,0.00031618786533227534,-0.0012908144536528262,0.00393760514422571,0.9999913645072183,0,0,0,,0.6567845344543457,-0.00743803009390831,0.0,False,False,2,False
55.908234693,700,55,908234693,map,6.728367328643799,-0.08854866027832031,0.31358376145362854,-6.980895705055445e-05,0.0,0.0,0.0,0.0003759726634178369,-0.0012998884787607553,0.00439068483670492,0.9999894453548817,0,0,0,,0.6419168710708618,-0.0109064020216465,0.0,False,False,2,False
55.958234693,701,55,958234693,map,6.834626197814941,2.126455307006836,-0.07921978831291199,9.326934377895668e-05,0.0,0.0,0.0,0.0003160414782736318,-0.001362350057886313,0.005062796423939257,0.9999862060110997,0,0,0,,0.6170411705970764,-0.003798937425017357,0.0,False,False,2,False
56.008234694,702,56,8234694,map,6.830777168273926,-0.10910987854003906,1.6607353687286377,-0.00011482238915050402,0.0,0.0,0.0,0.0007873617535875845,-0.0013543218753536276,0.006183540231760012,0.9999796546449978,0,0,0,,0.6518368721008301,-0.03848235681653023,0.0,False,False,2,False
56.058234695,703,56,58234695,map,6.922736644744873,1.8819332122802734,-4.089963436126709,0.0001794815034372732,0.0,0.0,0.0,-0.00032545382036146725,-0.0013866942882756702,0.005945802418169125,0.9999813091215085,0,0,0,,0.5204222202301025,0.09337002038955688,0.0,False,False,2,False
56.108234696,704,56,108234696,map,6.908433437347412,-0.2853584289550781,0.18537747859954834,-0.00025787355843931437,0.0,0.0,0.0,-0.0010606615696262518,-0.0013332830777241,0.0038553573228417193,0.9999911167471351,0,0,0,,0.5643860697746277,0.015629615634679794,0.0,False,False,2,False
56.158234696,705,56,158234696,map,6.991541385650635,1.6384410858154297,3.0446109771728516,0.00044078828068450093,0.0,0.0,0.0,4.773468130593898e-05,-0.00130306527368856,0.004219550586701079,0.999990247520014,0,0,0,,0.6581156253814697,-0.05139097943902016,0.0,False,False,2,False
56.158234696,706,56,208234697,map,6.963681221008301,-0.5396556854248047,-3.9929466247558594,-7.896423630882055e-05,0.0,0.0,0.0,-0.0005082264579831032,-0.0012232089164929745,0.003624989988560325,0.9999925524289653,0,0,0,,0.47468870878219604,0.17602986097335815,0.0,False,False,2,False
56.258234698,707,56,258234698,map,7.039390563964844,1.5193653106689453,0.6948952674865723,-0.0002964019658975303,0.0,0.0,0.0,-0.0010402392317768125,-0.001177637132269592,0.0018011986596320965,0.9999971433741767,0,0,0,,0.6351124048233032,-0.0007739030988886952,0.0,False,False,2,False
56.308234699,708,56,308234699,map,7.011627197265625,-0.6033897399902344,4.4228668212890625,0.00033473968505859375,0.0,0.0,0.0,0.0005449703529273214,-0.00108919341316793,0.0025620149266597646,0.9999959763641746,0,0,0,,0.8479146957397461,-0.10972119122743607,0.0,False,False,2,False
56.358234699,709,56,358234699,map,7.100829601287842,1.3705730438232422,7.7249345779418945,-0.00266265869140625,0.0,0.0,0.0,0.0038577334953215628,-0.0010460543218952694,0.009084542830063089,0.9999507461591314,0,0,0,,1.0,-0.2744896411895752,0.0,False,False,2,False
56.4082347,710,56,408234700,map,7.181617736816406,1.5364646911621094,1.010967493057251,-0.0035383221693336964,0.0,0.0,0.0,0.005368271985757067,-0.0011594496064511147,0.017999121150053348,0.9998229188062867,0,0,0,,0.8101991415023804,-0.07240097969770432,0.0,False,False,2,False
56.4082347,711,56,458234701,map,7.3643598556518555,3.169393539428711,4.898940086364746,0.0013149259611964226,0.0,0.0,0.0,0.006035885325851879,-0.0014435008201132186,0.027081092589128813,0.9996139749012589,0,0,0,,0.9645873308181763,-0.16603508591651917,0.0,False,False,2,False
56.508234702,712,56,508234702,map,7.445870399475098,0.42510032653808594,8.321161270141602,-0.00479965191334486,0.0,0.0,0.0,0.008313820231561736,-0.001517165034914994,0.03994289369795075,0.9991662243322921,0,0,0,,0.9370192289352417,-0.2660096287727356,0.0,False,False,2,False
56.558234702,713,56,558234702,map,7.672129154205322,4.6500396728515625,-0.3441309928894043,0.000993156572803855,0.0,0.0,0.0,0.008398365474672171,-0.0017662597577659735,0.05330814681983552,0.9985412306291899,0,0,0,,0.8159213662147522,0.0018681621877476573,0.0,False,False,2,False
56.608234703,714,56,608234703,map,7.796680450439453,2.0485305786132812,2.7404403686523438,0.011366080492734909,0.0,0.0,0.0,0.006866151069642948,-0.0020912008232355454,0.06278416408396063,0.9980013184304338,0,0,0,,0.7369654178619385,-0.2169744074344635,0.0,False,False,2,False
56.658234704,715,56,658234704,map,7.943716526031494,1.1988162994384766,8.592874526977539,-0.0041786194778978825,0.0,0.0,0.0,0.008334059873569824,-0.001991677630203621,0.07505580206367156,0.9971425190226421,0,0,0,,1.0,-0.36123210191726685,0.0,False,False,2,False
56.658234704,716,56,708234705,map,7.978993892669678,-2.357807159423828,11.210004806518555,-0.014077948406338692,0.0,0.0,0.0,0.011807657314501575,-0.0013144991586659046,0.09323506250634415,0.9955732391141011,0,0,0,,1.0,-0.5,0.0,False,False,2,False
56.708234705,717,56,758234705,map,8.161252975463867,0.6025218963623047,9.43626880645752,-0.012682914733886719,0.0,0.0,0.0,0.014735991445398987,-0.0005993351907150775,0.11593137439206046,0.9931477270703579,0,0,0,,1.0,-0.32323601841926575,0.0,False,False,2,False
56.808234706,718,56,808234706,map,8.246261596679688,-2.995309829711914,11.599187850952148,-0.006223677191883326,0.0,0.0,0.0,0.01736056110694903,0.0002711473848021292,0.14196574483926436,0.9897192858024848,0,0,0,,1.0,-0.5,0.0,False,False,2,False
56.808234706,719,56,858234707,map,8.356099128723145,-4.288053512573242,13.212671279907227,-0.01274109072983265,0.0,0.0,0.0,0.020557337979998865,0.0016262995292586472,0.17276716544437093,0.9847467986997137,0,0,0,,1.0,-0.5,0.0,False,False,2,False
56.908234708,720,56,908234708,map,8.565460205078125,0.22092819213867188,7.858400344848633,0.006379131227731705,0.0,0.0,0.0,0.021506120074073116,0.0024591086142306843,0.2045620041143219,0.9786142376119994,0,0,0,,0.8763245344161987,-0.2561102509498596,0.0,False,False,2,False
56.958234708,721,56,958234708,map,8.774942398071289,-1.6302871704101562,10.128164291381836,0.02922515571117401,0.0,0.0,0.0,0.02103443651083998,0.002751120838519223,0.2336688329541838,0.9720848009925025,0,0,0,,0.9684551358222961,-0.4159088432788849,0.0,False,False,2,False
56.958234708,722,57,8234709,map,8.86011028289795,-7.083930969238281,12.20327377319336,-0.0042819976806640625,0.0,0.0,0.0,0.02246614669403003,0.003942265946106008,0.26490389689354193,0.964005008390801,0,0,0,,0.9104995131492615,-0.5,0.0,False,False,2,False
57.008234709,723,57,58234710,map,9.074610710144043,-1.7981338500976562,8.692598342895508,-0.0028692244086414576,0.0,0.0,0.0,0.022975335146369468,0.004909043451104081,0.2968384937685533,0.9546386457107859,0,0,0,,0.7582634091377258,-0.11557739228010178,0.0,False,False,2,False
57.10823471,724,57,108234710,map,9.267013549804688,-1.9794559478759766,7.777996063232422,0.027871321886777878,0.0,0.0,0.0,0.021528454566523938,0.0049407305523604585,0.3248033518794606,0.9455236101935549,0,0,0,,0.8237683773040771,-0.2643842101097107,0.0,False,False,2,False
57.10823471,725,57,158234711,map,9.390539169311523,-6.731700897216797,9.98143196105957,0.003273582085967064,0.0,0.0,0.0,0.021395029149915697,0.0055705187766177215,0.3518627158878965,0.9357904953654034,0,0,0,,0.8964464664459229,-0.3943905830383301,0.0,False,False,2,False
57.208234712,726,57,208234712,map,9.569472312927246,-1.4487361907958984,6.069736480712891,-0.002078819088637829,0.0,0.0,0.0,0.020632156388331706,0.005913589934224707,0.37785232840561717,0.9256170706589799,0,0,0,,0.38451847434043884,-0.06007832661271095,0.0,False,False,2,False
57.258234713,727,57,258234713,map,9.704346656799316,-2.3972034454345703,5.533885955810547,0.02151660807430744,0.0,0.0,0.0,0.01835940245228645,0.005403131478221398,0.39878139816132985,0.9168462984559183,0,0,0,,0.6816884875297546,-0.17494867742061615,0.0,False,False,2,False
57.308234713,728,57,308234713,map,9.741244316101074,-7.684469223022461,6.870431900024414,-0.005977631080895662,0.0,0.0,0.0,0.017800401828177916,0.005841335972402244,0.41868058599939856,0.9079403016696709,0,0,0,,0.4671667218208313,-0.38895443081855774,0.0,False,False,2,False
57.358234714,729,57,358234714,map,9.7852783203125,-3.1690216064453125,3.3437633514404297,-0.008925055153667927,0.0,0.0,0.0,0.016855284666169663,0.006181252502535303,0.4377182863055087,0.8989329192604368,0,0,0,,0.35703936219215393,-0.1304454654455185,0.0,False,False,2,False
57.408234715,730,57,408234715,map,9.739383697509766,-7.73162841796875,4.031639099121094,0.00019340543076395988,0.0,0.0,0.0,0.01589761884894531,0.006576800329375237,0.45481806442038186,0.8904181824790297,0,0,0,,0.26224517822265625,-0.40053844451904297,0.0,False,False,2,False
57.458234716,731,57,458234716,map,9.646418571472168,-4.890222549438477,0.8283805847167969,-0.0043230061419308186,0.0,0.0,0.0,0.01473923143546949,0.006991929952063318,0.4710084489964402,0.8819778392602644,0,0,0,,0.0,-0.1352897733449936,0.12887263298034668,False,False,2,False
57.458234716,732,57,508234716,map,9.476856231689453,-9.316368103027344,1.3989448547363281,-0.002772712614387274,0.0,0.0,0.0,0.013982182146188403,0.007752281961549148,0.4863051307433573,0.8736427877110334,0,0,0,,0.15626081824302673,-0.5,0.0,False,False,2,False
57.558234717,733,57,558234717,map,9.238290786743164,-13.136234283447266,1.2047386169433594,-0.019330596551299095,0.0,0.0,0.0,0.01488110482465637,0.00971582153352158,0.5043489069439275,0.863317053923755,0,0,0,,0.38813483715057373,-0.5,0.0,False,False,2,False
57.608234718,734,57,608234718,map,8.949527740478516,-15.535368919372559,0.12804031372070312,-0.02518329583108425,0.0,0.0,0.0,0.01659048409977976,0.012494944046477774,0.5264614997174494,0.8499452461928735,0,0,0,,0.3455049395561218,-0.5,0.0,False,False,2,False
57.658234719,735,57,658234719,map,8.673553466796875,-15.222125053405762,-0.9330177307128906,-0.018714332953095436,0.0,0.0,0.0,0.01802745389051398,0.01532480231123695,0.5520885198438529,0.8334497150980197,0,0,0,,0.30848297476768494,-0.5,0.0,False,False,2,False
57.658234719,736,57,708234719,map,8.414587020874023,-14.455795288085938,-1.9511222839355469,-0.0016513792797923088,0.0,0.0,0.0,0.018633451789484702,0.017609067231187138,0.5795931305408396,0.8145026201649236,0,0,0,,0.23239383101463318,-0.5,0.0,False,False,2,False
57.75823472,737,57,758234720,map,8.166830062866211,-13.76452350616455,-2.9422569274902344,0.010966681875288486,0.0,0.0,0.0,0.01851944447349516,0.019320611741556967,0.6076790675901494,0.7937316265281935,0,0,0,,0.16711047291755676,-0.5,0.0,False,False,2,False
57.808234721,738,57,808234721,map,7.912003040313721,-13.09855842590332,-4.194498062133789,0.016299819573760033,0.0,0.0,0.0,0.01787891985089507,0.020558050346159793,0.6354767617752082,0.7716391618072695,0,0,0,,0.12701989710330963,-0.5,0.0,False,False,2,False
57.858234722,739,57,858234722,map,7.667532920837402,-12.253677368164062,-5.006513595581055,0.016350744292140007,0.0,0.0,0.0,0.016885380341467707,0.02139905129199991,0.662412357214923,0.748643328657576,0,0,0,,0.113834910094738,-0.5,0.0,False,False,2,False
57.908234722,740,57,908234722,map,7.42941427230835,-10.189716339111328,-5.640125274658203,0.018374251201748848,0.0,0.0,0.0,0.015431945365394831,0.021571376292734794,0.6877417677307068,0.7254707380078946,0,0,0,,0.1079135611653328,-0.4584183692932129,0.0,False,False,2,False
57.958234723,741,57,958234723,map,7.294902801513672,-3.053988218307495,-3.1171798706054688,0.03123168833553791,0.0,0.0,0.0,0.012802669695342194,0.01984656738416131,0.7092266586729934,0.7045848082660309,0,0,0,,0.2593146562576294,-0.18801049888134003,0.0,False,False,2,False
58.008234724,742,58,8234724,map,7.126947402954102,3.0443501472473145,-2.9789066314697266,0.04950504004955292,0.0,0.0,0.0,0.00843210438976819,0.015239655705202328,0.7230790606434228,0.6905456716022282,0,0,0,,0.018201276659965515,-0.07446389645338058,0.0,False,False,2,False
58.058234725,743,58,58234725,map,6.9844231605529785,5.443072319030762,-2.2837162017822266,0.012589078396558762,0.0,0.0,0.0,0.0038971160363495336,0.00992083849844608,0.7295151451282905,0.6838815997514017,0,0,0,,0.028352893888950348,0.05281956121325493,0.0,False,False,2,False
58.058234725,744,58,108234725,map,6.736760139465332,5.76871395111084,-4.568271636962891,-0.022981837391853333,0.0,0.0,0.0,-8.414000309868008e-06,0.005289233695023767,0.7304531760623417,0.6829422973550265,0,0,0,,0.1428864300251007,0.12365647405385971,0.0,False,False,2,False
58.158234726,745,58,158234726,map,6.610548496246338,3.755715847015381,-2.394418716430664,-0.03553371503949165,0.0,0.0,0.0,-0.002519701918653184,0.0021482953363560213,0.727714857971909,0.6858717966328061,0,0,0,,0.12439052015542984,0.12008243799209595,0.0,False,False,2,False
58.208234727,746,58,208234727,map,6.392645835876465,2.2275352478027344,-4.329748153686523,-0.02758312039077282,0.0,0.0,0.0,-0.0036633517250482,0.0005885665455257262,0.7238569730251656,0.6899400814899833,0,0,0,,0.13503623008728027,0.10174193978309631,0.0,False,False,2,False
58.208234727,747,58,258234728,map,6.451163291931152,1.4537837505340576,1.1685657501220703,-0.014936255291104317,0.0,0.0,0.0,-0.003724945906911058,-0.00034679409312661676,0.7194840391782384,0.6944988998404641,0,0,0,,0.182210773229599,0.08649428188800812,0.0,False,False,0,False
58.308234728,748,58,308234728,map,6.388847827911377,1.8219119310379028,-1.271963119506836,-0.006290435791015625,0.0,0.0,0.0,-0.0034872297604073817,-0.0010598933227393193,0.7153369750447528,0.6987701539051059,0,0,0,,0.16739416122436523,0.08992452174425125,0.0,False,False,0,False
58.358234729,749,58,358234729,map,5.986049652099609,-1.0615196228027344,-8.03858757019043,-0.0012739183148369193,0.0,0.0,0.0,-0.003082644826928725,-0.0003660807114056726,0.7120547768730892,0.7021170543563223,0,0,0,,0.24029511213302612,0.02971954643726349,0.0,False,False,0,False
58.40823473,750,58,408234730,map,5.433079719543457,0.015330016613006592,-11.060781478881836,-0.0004030228592455387,0.0,0.0,0.0,-0.0033818067984235237,0.001116335445317868,0.710008550961656,0.7041840489099999,0,0,0,,0.281680166721344,0.03541098162531853,0.0,False,False,1,False
58.458234731,751,58,458234731,map,5.083320140838623,-0.6140844821929932,-6.987886428833008,-0.0002937315730378032,0.0,0.0,0.0,-0.0036143189782826698,0.0024168626659048596,0.7087096770456037,0.7054868454727513,0,0,0,,0.39224615693092346,0.014962002635002136,0.0,False,False,1,False
58.458234731,752,58,508234731,map,4.74581241607666,-0.3561165928840637,-6.747303009033203,-0.0628087967634201,0.0,0.0,0.0,-0.003655764370500085,0.003162354374180538,0.7080009369191477,0.7061949505790089,0,0,0,,0.45333343744277954,0.008566062897443771,0.0,False,False,1,False
58.558234732,753,58,558234732,map,4.522788047790527,-0.5108229517936707,-4.458131790161133,0.03794746473431587,0.0,0.0,0.0,-0.003402123239581827,0.0034713924923958153,0.7077502556189057,0.7064459998209348,0,0,0,,0.5747724175453186,-0.001357041415758431,0.0,False,False,1,False
58.608234733,754,58,608234733,map,4.386598587036133,-0.010932683944702148,-2.7237606048583984,0.024147985503077507,0.0,0.0,0.0,-0.0030096893414252013,0.003299724604185564,0.7076317941697658,0.7065672632295406,0,0,0,,0.6564232110977173,0.0035374462604522705,0.0,False,False,1,False
58.658234734,755,58,658234734,map,4.324789047241211,0.01760423183441162,-1.2362289428710938,0.013781356625258923,0.0,0.0,0.0,-0.0024889838424186233,0.0027872827500502705,0.7074977576289535,0.7067057088805113,0,0,0,,0.7041099071502686,0.004468414932489395,0.0,False,False,1,False
58.708234734,756,58,708234734,map,4.322678089141846,0.06424403190612793,-0.04238128662109375,0.006522750947624445,0.0,0.0,0.0,-0.0018758867658371856,0.002093062487384178,0.7073322569560124,0.7068756456462333,0,0,0,,0.7566209435462952,0.005522146821022034,0.0,False,False,1,False
58.758234735,757,58,758234735,map,4.363724708557129,-1.664289951324463,0.8098602294921875,0.0015405646990984678,0.0,0.0,0.0,-0.0008415660205463179,0.001734802551226853,0.7078514380901823,0.7063587076127839,0,0,0,,0.7887396812438965,-0.03375677391886711,0.0,False,False,1,False
58.758234735,758,58,808234736,map,4.432648658752441,1.0501961708068848,1.389169692993164,-0.0010419846512377262,0.0,0.0,0.0,-0.00029860270961546196,0.0009432951216610174,0.7081200584719002,0.7060913565683181,0,0,0,,0.7379157543182373,0.006899736821651459,0.0,False,False,1,False
58.858234737000004,759,58,858234737,map,4.513508319854736,0.17926251888275146,1.617746353149414,-0.002341842046007514,0.0,0.0,0.0,8.516447950361841e-05,0.00017216742032350284,0.7080649572842638,0.706147278810465,0,0,0,,0.7306387424468994,0.00390574149787426,0.0,False,False,1,False
58.858234737000004,760,58,908234737,map,4.599307537078857,0.2800638973712921,1.7161273956298828,-0.0027254102751612663,0.0,0.0,0.0,0.0003924627188944432,-0.000442774444571049,0.7078763794876257,0.7063360965484463,0,0,0,,0.7178210020065308,0.007676457986235619,0.0,False,False,1,False
58.958234738,761,58,958234738,map,4.686804294586182,0.3633241057395935,1.7488574981689453,-0.0023017884232103825,0.0,0.0,0.0,0.0005984973368197667,-0.0009259854657819675,0.7075379873580571,0.7066744517790103,0,0,0,,0.7173106670379639,0.01204172894358635,0.0,False,False,1,False
59.008234739,762,59,8234739,map,4.775150299072266,0.023721642792224884,1.766815185546875,-0.001792526338249445,0.0,0.0,0.0,0.0008051575853991761,-0.0012090091825562423,0.7072004158481904,0.7070116419424829,0,0,0,,0.717104971408844,0.007659509778022766,0.0,False,False,1,False
59.05823474,763,59,58234740,map,4.861634731292725,0.35080745816230774,1.7273330688476562,-0.0011983870062977076,0.0,0.0,0.0,0.0009141749450187254,-0.0014281981093942978,0.7067862642259507,0.707425120585815,0,0,0,,0.6974927186965942,0.013386117294430733,0.0,False,False,1,False
59.05823474,764,59,108234740,map,4.944708824157715,-0.5184303522109985,1.6645622253417969,-0.0006898880237713456,0.0,0.0,0.0,0.0011389335953976836,-0.0014032588287914392,0.7066001056760874,0.7076107859222234,0,0,0,,0.696291446685791,-0.002470165491104126,0.0,False,False,1,False
59.10823474,765,59,158234741,map,5.0251665115356445,-0.3950498700141907,1.6095733642578125,0.10445842146873474,0.0,0.0,0.0,0.0013766068814168,-0.0012739818086104008,0.706699184625035,0.7075116567054962,0,0,0,,0.694953978061676,-0.006935391575098038,0.0,False,False,1,False
59.208234742,766,59,208234742,map,5.099523544311523,0.273217111825943,1.4870262145996094,-0.055824849754571915,0.0,0.0,0.0,0.0013984436854921451,-0.0012920154428437002,0.7067159212476573,0.707494863378123,0,0,0,,0.6756380796432495,0.002786882221698761,0.0,False,False,1,False
59.208234742,767,59,258234743,map,5.132708549499512,0.037777386605739594,0.6636333465576172,-0.0329769104719162,0.0,0.0,0.0,0.0013182794863835971,-0.0012813525636855877,0.7068031249273898,0.7074079182958585,0,0,0,,0.6436060070991516,0.002084823325276375,0.0,False,False,1,False
59.308234743,768,59,308234743,map,5.081753730773926,0.1477636992931366,-1.0195350646972656,-0.017255211248993874,0.0,0.0,0.0,0.0010171590822998695,-0.0010836274985354388,0.7064104977887153,0.7078008192653813,0,0,0,,0.6301985383033752,0.00516100600361824,0.0,False,False,1,False
59.358234744,769,59,358234744,map,5.041205883026123,-0.29063212871551514,-0.8102893829345703,-0.00762329064309597,0.0,0.0,0.0,0.0007811325241442802,-0.00073517174596526,0.7066555267977174,0.7075569346707896,0,0,0,,0.648125410079956,-0.004614783450961113,0.0,False,False,1,False
59.408234745,770,59,408234745,map,5.0099778175354,0.16784009337425232,-0.6248569488525391,-0.0022499088663607836,0.0,0.0,0.0,0.000531832489580821,-0.0005140184958335143,0.7063647673831325,0.7078476307362778,0,0,0,,0.6383061408996582,0.0030349157750606537,0.0,False,False,1,False
59.458234746,771,59,458234746,map,5.09487247467041,0.08654066920280457,1.6976451873779297,0.011412621475756168,0.0,0.0,0.0,0.0004588137689842364,-0.0005089042727719232,0.7062813027467002,0.7079309654880132,0,0,0,,0.642151415348053,0.0026026442646980286,0.0,False,False,1,False
59.508234746,772,59,508234746,map,5.171993255615234,-0.3216310739517212,1.5429973602294922,-0.0027179718017578125,0.0,0.0,0.0,0.0007546292172169491,-0.0006665695659378556,0.7063761867903009,0.7078359053872247,0,0,0,,0.6639004945755005,-0.0052599310874938965,0.0,False,False,1,False
59.508234746,773,59,558234747,map,5.240458011627197,0.051887575536966324,1.3692665100097656,-0.0008481978438794613,0.0,0.0,0.0,0.0008988125282659741,-0.0007813685977466984,0.7063653246931823,0.7078464591069511,0,0,0,,0.6483755111694336,-0.0015625861706212163,0.0,False,False,1,False
59.558234747,774,59,608234748,map,5.145558834075928,0.06910782307386398,-1.898050308227539,0.00020294188288971782,0.0,0.0,0.0,0.0007536526571144143,-0.0006916902320974676,0.706613831324775,0.7075986482129667,0,0,0,,0.6348416209220886,0.00045673910062760115,0.0,False,False,1,False
59.658234748,775,59,658234748,map,5.200789451599121,0.2512279748916626,1.103963851928711,0.000624275126028806,0.0,0.0,0.0,0.0005702096305714104,-0.0006659487478606163,0.7064165265832536,0.707795819670683,0,0,0,,0.655494749546051,0.005969686433672905,0.0,False,False,1,False
59.658234748,776,59,708234749,map,5.122066497802734,-0.21066197752952576,-1.5738773345947266,0.0006376266246661544,0.0,0.0,0.0,0.0004684642827926696,-0.0005128514778869295,0.7066031946479684,0.7076096684174564,0,0,0,,0.6636604070663452,-0.002495003864169121,0.0,False,False,1,False
59.75823475,777,59,758234750,map,5.194058895111084,-0.06954357028007507,1.4399433135986328,0.0005426406278274953,0.0,0.0,0.0,0.00047757673201606144,-0.00043931734702686557,0.7065278610127972,0.7076849302715263,0,0,0,,0.670600414276123,-0.0019928961992263794,0.0,False,False,1,False
59.808234751,778,59,808234751,map,5.130519390106201,0.06826046854257584,-1.2708854675292969,0.0004095077165402472,0.0,0.0,0.0,0.0004314147790979463,-0.00040479184785382507,0.7067583402429461,0.707454803165463,0,0,0,,0.6491685509681702,0.0012873186497017741,0.0,False,False,1,False
59.858234751,779,59,858234751,map,5.21533727645874,0.23442266881465912,1.6956901550292969,0.0003198623890057206,0.0,0.0,0.0,0.00040448990736716476,-0.0005091701503218577,0.7065406298187779,0.7076721808499734,0,0,0,,0.65712970495224,0.006346236914396286,0.0,False,False,1,False
59.908234752,780,59,908234752,map,5.162261962890625,-0.31604278087615967,-1.0607242584228516,0.00022048948449082673,0.0,0.0,0.0,0.00046845139527172544,-0.00046021655079148274,0.706738476318212,0.7074745895404504,0,0,0,,0.6670236587524414,-0.0044418200850486755,0.0,False,False,1,False
59.958234753,781,59,958234753,map,5.257750511169434,0.044522128999233246,1.9097137451171875,9.994506399380043e-05,0.0,0.0,0.0,0.0005611763419970372,-0.0005074496008118384,0.7066500734599502,0.7075627896201601,0,0,0,,0.6636637449264526,0.00027792516630142927,0.0,False,False,1,False
59.958234753,782,60,8234754,map,5.212486743927002,-1.1837079524993896,-0.91033935546875,5.092620995128527e-05,0.0,0.0,0.0,0.0008688644900285872,-0.00024453584209180036,0.7073371502426443,0.7068757607694119,0,0,0,,0.6286736726760864,-0.028764378279447556,0.0,False,False,1,False
60.058234754,783,60,58234754,map,5.307800769805908,0.7367945909500122,1.911020278930664,5.550384958041832e-05,0.0,0.0,0.0,0.0008386080852812745,-0.000404791666994583,0.7075456293489222,0.7066670469672569,0,0,0,,0.5632486343383789,0.00586831197142601,0.0,False,False,1,False
60.108234755,784,60,108234755,map,5.253113746643066,0.06949195265769958,-1.0935688018798828,0.00010375975398346782,0.0,0.0,0.0,0.0007007756228158568,-0.0005274585647019068,0.707833712970092,0.7063785567837987,0,0,0,,0.5381433963775635,0.0009292288450524211,0.0,False,False,1,False
60.158234756,785,60,158234756,map,5.333015441894531,-0.00712195411324501,1.5980243682861328,1.71661376953125e-05,0.0,0.0,0.0,0.000664128259772155,-0.0005938064784488261,0.7077570443946453,0.7064553577100798,0,0,0,,0.5455557107925415,-0.00025981676299124956,0.0,False,False,1,False
60.208234757,786,60,208234757,map,5.265804767608643,0.22474658489227295,-1.3439464569091797,-3.623963493737392e-06,0.0,0.0,0.0,0.000536658539804541,-0.0006095653925363263,0.7079011319510368,0.7063110701455022,0,0,0,,0.5605125427246094,0.005398835986852646,0.0,False,False,1,False
60.258234757,787,60,258234757,map,5.335853576660156,0.06594228744506836,1.4009666442871094,6.885529001010582e-05,0.0,0.0,0.0,0.0004781360831065412,-0.0006343250999516632,0.7076559238075829,0.70655676524791,0,0,0,,0.5594519376754761,0.004018932580947876,0.0,False,False,1,False
60.308234758,788,60,308234758,map,5.261181831359863,0.10987280309200287,-1.4935493469238281,-1.7166139514301904e-05,0.0,0.0,0.0,0.0003833072744613247,-0.0005877584744032858,0.7076968423571005,0.7065158787552468,0,0,0,,0.5363412499427795,0.005400773137807846,0.0,False,False,1,False
60.308234758,789,60,358234759,map,5.323112964630127,-0.1222267746925354,1.2387371063232422,-4.4059750507585704e-05,0.0,0.0,0.0,0.0003959519802026361,-0.00052805798106862,0.7074638191838452,0.7067492546318006,0,0,0,,0.5666044354438782,0.00041298929136246443,0.0,False,False,1,False
60.40823476,790,60,408234760,map,5.242969989776611,-0.04176910221576691,-1.6028499603271484,-3.986358569818549e-05,0.0,0.0,0.0,0.0003673493631264764,-0.00041762978475439334,0.7076148753452552,0.7065981027641721,0,0,0,,0.5480338335037231,0.0006247347919270396,0.0,False,False,1,False
60.40823476,791,60,458234760,map,5.3006672859191895,0.07930859178304672,1.1539173126220703,2.880096508306451e-05,0.0,0.0,0.0,0.0003483843894227515,-0.000403792773333594,0.7074192448354867,0.7067939781973973,0,0,0,,0.5626676082611084,0.003144986927509308,0.0,False,False,1,False
60.508234761,792,60,508234761,map,5.217583656311035,-0.25414901971817017,-1.6617965698242188,2.8800966902053915e-05,0.0,0.0,0.0,0.0003513233621986999,-0.0002825129824398669,0.7076450031616884,0.7065680054025967,0,0,0,,0.5762200951576233,-0.004151895642280579,0.0,False,False,1,False
60.558234762,793,60,558234762,map,5.275354862213135,0.07056361436843872,1.1555194854736328,-1.5830995835131034e-05,0.0,0.0,0.0,0.00035734433832241403,-0.000274047355392658,0.7075518559937892,0.7066612825695311,0,0,0,,0.57825767993927,0.0009444019524380565,0.0,False,False,1,False
60.608234763,794,60,608234763,map,5.192351818084717,0.046563223004341125,-1.6600227355957031,2.384185791015625e-05,0.0,0.0,0.0,0.0002932517116122676,-0.00025369450901591086,0.7077453488761609,0.7064675298884523,0,0,0,,0.5618146657943726,0.00176417815964669,0.0,False,False,1,False
60.658234763,795,60,658234763,map,5.24968957901001,0.2008218765258789,1.1466789245605469,-1.7547605239087716e-05,0.0,0.0,0.0,0.00024320930258496341,-0.000326495127257455,0.7075107119054473,0.7067025023227342,0,0,0,,0.5682163238525391,0.0062115974724292755,0.0,False,False,1,False
60.658234763,796,60,708234764,map,5.166200637817383,-0.2594720423221588,-1.6697502136230469,2.460479299770668e-05,0.0,0.0,0.0,0.00025329668190641704,-0.0002481624371810598,0.7076846248860545,0.706528375902964,0,0,0,,0.5893696546554565,-0.0031093619763851166,0.0,False,False,1,False
60.758234765,797,60,758234765,map,5.226250648498535,0.06383425742387772,1.2010478973388672,-2.3841854272177443e-05,0.0,0.0,0.0,0.00028661362850581024,-0.00025858047060568756,0.7075509208835414,0.7066622569131741,0,0,0,,0.5999563932418823,0.0015547944931313396,0.0,False,False,1,False
60.758234765,798,60,808234766,map,5.146223068237305,0.06655661761760712,-1.6005325317382812,-3.528594970703125e-05,0.0,0.0,0.0,0.000246001046483489,-0.00025800129911273,0.707707576495986,0.70650538503892,0,0,0,,0.5793195962905884,0.002806529402732849,0.0,False,False,1,False
60.858234766,799,60,858234766,map,5.208732604980469,0.2027658373117447,1.2499713897705078,2.28881845032447e-06,0.0,0.0,0.0,0.0002204135439519302,-0.00034744822030821854,0.7074373447360379,0.7067759432595513,0,0,0,,0.583139955997467,0.006936829537153244,0.0,False,False,1,False
60.908234767,800,60,908234767,map,5.130171298980713,-0.35187041759490967,-1.5711021423339844,-4.196167537884321e-06,0.0,0.0,0.0,0.00027582917503112946,-0.0002597614369164713,0.707619467343407,0.706593621453587,0,0,0,,0.6031560897827148,-0.004865959286689758,0.0,False,False,1,False
60.958234768,801,60,958234768,map,5.196545600891113,0.032168395817279816,1.327524185180664,-2.7847288947668858e-05,0.0,0.0,0.0,0.00034383090591888775,-0.0002664942771000294,0.7075229232776771,0.7066902601548424,0,0,0,,0.6087929010391235,0.0002106166211888194,0.0,False,False,1,False
60.958234768,802,61,8234769,map,5.121995449066162,0.18399469554424286,-1.4909744262695312,2.365112231927924e-05,0.0,0.0,0.0,0.0002884175268555636,-0.0003045173015873193,0.7076692205869711,0.7065437695701322,0,0,0,,0.5870746374130249,0.005058936774730682,0.0,False,False,1,False
61.058234769,803,61,58234769,map,5.190835475921631,0.1362800896167755,1.3766098022460938,-4.749298022943549e-05,0.0,0.0,0.0,0.00027408592750948396,-0.00040073636336363227,0.7073927997149466,0.706820480177761,0,0,0,,0.5906671285629272,0.0060274600982666016,0.0,False,False,1,False
61.058234769,804,61,108234770,map,5.117727756500244,-0.3468415141105652,-1.4620208740234375,5.722044988942798e-06,0.0,0.0,0.0,0.00033893780968481495,-0.00031491240943539535,0.7075799736014983,0.7066331204447175,0,0,0,,0.6088570356369019,-0.004910238087177277,0.0,False,False,1,False
61.158234771,805,61,158234771,map,5.189751148223877,0.06722955405712128,1.4405345916748047,-2.613067590573337e-05,0.0,0.0,0.0,0.0004013880215730564,-0.00033387093440440075,0.7074731131882624,0.7067400664555276,0,0,0,,0.6100690364837646,0.0010151638416573405,0.0,False,False,1,False
61.208234772,806,61,208234772,map,5.12027645111084,0.08886052668094635,-1.389474868774414,2.7275087632006034e-05,0.0,0.0,0.0,0.00036658074316360317,-0.0003531931452599835,0.7076405493336482,0.7065724264446878,0,0,0,,0.6006286144256592,0.002998698502779007,0.0,False,False,1,False
61.258234772,807,61,258234772,map,5.195261478424072,0.19921661913394928,1.4994621276855469,-1.5258788153005298e-05,0.0,0.0,0.0,0.00034609618226566524,-0.00045802414657700744,0.7073766233274567,0.7068366029013773,0,0,0,,0.609726071357727,0.006782328709959984,0.0,False,False,1,False
61.308234773,808,61,308234773,map,5.129693984985352,-0.26598361134529114,-1.3111209869384766,-2.098086042678915e-06,0.0,0.0,0.0,0.00038785615384205315,-0.00040282767192688536,0.7075270461892597,0.7066860450073794,0,0,0,,0.6441383361816406,-0.002742193639278412,0.0,False,False,1,False
61.358234774,809,61,358234774,map,5.21211576461792,0.10259397327899933,1.6484260559082031,-1.8310543964616954e-05,0.0,0.0,0.0,0.00044299473904534185,-0.00044756976643273703,0.7073615704684959,0.7068516195506016,0,0,0,,0.6485376358032227,0.0028164926916360855,0.0,False,False,1,False
61.408234775,810,61,408234775,map,5.154947757720947,0.1338256299495697,-1.1435222625732422,1.1444089977885596e-05,0.0,0.0,0.0,0.0004121928007007846,-0.0004912212108151741,0.7074509996950211,0.7067621041265104,0,0,0,,0.6292296648025513,0.005164895206689835,0.0,False,False,1,False
61.408234775,811,61,458234775,map,5.244593620300293,-0.4463459551334381,1.7927932739257812,-6.771086918888614e-05,0.0,0.0,0.0,0.0005701923905515015,-0.00045325654498758135,0.7073790263695063,0.7068340558374867,0,0,0,,0.6717808246612549,-0.007903579622507095,0.0,False,False,1,False
61.508234776,812,61,508234776,map,5.1961164474487305,-0.03766145557165146,-0.9696483612060547,6.828307232353836e-05,0.0,0.0,0.0,0.0006367593085430455,-0.00041714426513212344,0.7077160139698873,0.706496612942213,0,0,0,,0.6409107446670532,-0.0029894355684518814,0.0,False,False,1,False
61.558234777,813,61,558234777,map,5.292512893676758,0.26733559370040894,1.9283390045166016,7.057192306092475e-06,0.0,0.0,0.0,0.0006291426615977495,-0.0005560601837395668,0.7075993489158755,0.7066133712224901,0,0,0,,0.6424509286880493,0.004975777119398117,0.0,False,False,1,False
61.608234778,814,61,608234778,map,5.246227264404297,0.16313724219799042,-0.9258079528808594,1.5258774510584772e-06,0.0,0.0,0.0,0.0005589058129910434,-0.0006475767445272574,0.7076727054165843,0.7065398858359125,0,0,0,,0.6029476523399353,0.005964213982224464,0.0,False,False,1,False
61.608234778,815,61,658234778,map,5.341248512268066,-0.3777509927749634,1.9002532958984375,-1.2207033250888344e-05,0.0,0.0,0.0,0.0006784891619571496,-0.0006280309055567386,0.7075588281839773,0.7066538402135486,0,0,0,,0.6383994221687317,-0.00584067590534687,0.0,False,False,1,False
61.708234779,816,61,708234779,map,5.294704437255859,0.09289447963237762,-0.9307098388671875,-2.0980833141948096e-05,0.0,0.0,0.0,0.0006863092916772721,-0.0006052447655580575,0.7077920278735426,0.7064202771275668,0,0,0,,0.6060069799423218,0.0010516083566471934,0.0,False,False,1,False
61.75823478,817,61,758234780,map,5.386725902557373,0.09728877991437912,1.84051513671875,9.422302537132055e-05,0.0,0.0,0.0,0.0006830898787822265,-0.0006732726769374887,0.7076383877237937,0.7065741237207812,0,0,0,,0.595415472984314,0.0028069671243429184,0.0,False,False,1,False
61.808234781,818,61,808234781,map,5.333850383758545,0.29483214020729065,-1.0577869415283203,-5.874633643543348e-05,0.0,0.0,0.0,0.0005676531902663999,-0.0007300915719065076,0.7076609587792834,0.70655156369209,0,0,0,,0.5715126991271973,0.008788397535681725,0.0,False,False,1,False
61.858234781,819,61,858234781,map,5.417724132537842,-0.3601102828979492,1.677703857421875,8.392333256779239e-06,0.0,0.0,0.0,0.0006381723191863041,-0.0006759017807751442,0.7074758330609681,0.706736925261135,0,0,0,,0.60590660572052,-0.004206206649541855,0.0,False,False,1,False
61.908234782,820,61,908234782,map,5.361056327819824,0.13226312398910522,-1.1332988739013672,3.4713742934400216e-05,0.0,0.0,0.0,0.0006044160031588534,-0.0006189493632058463,0.7076313339794311,0.7065813093717322,0,0,0,,0.6023792028427124,0.0030943602323532104,0.0,False,False,1,False
61.908234782,821,61,958234783,map,5.442280292510986,0.10387171804904938,1.6244125366210938,5.664825584972277e-05,0.0,0.0,0.0,0.0005768666340148506,-0.0006531791517583969,0.7074050349253357,0.7068078643762864,0,0,0,,0.5961841344833374,0.004201393574476242,0.0,False,False,1,False
62.008234784,822,62,8234784,map,5.382194995880127,0.10140199959278107,-1.2018775939941406,-3.566742088878527e-05,0.0,0.0,0.0,0.0005006795669289989,-0.0006376037286850475,0.7074449537264553,0.7067679818925231,0,0,0,,0.5775464177131653,0.005136352032423019,0.0,False,False,1,False
62.058234784,823,62,58234784,map,5.459637641906738,-0.1883258819580078,1.549081802368164,7.26699799997732e-05,0.0,0.0,0.0,0.000547523692030701,-0.0005955081088681895,0.7072450686899707,0.7069680038032964,0,0,0,,0.6272985935211182,-0.00124810088891536,0.0,False,False,1,False
62.058234784,824,62,108234785,map,5.400467872619629,0.10113435983657837,-1.1834716796875,-1.7166139514301904e-05,0.0,0.0,0.0,0.000512007794800418,-0.0005515401985560621,0.7073659207197561,0.7068471460335105,0,0,0,,0.6165198683738708,0.0033414606004953384,0.0,False,False,1,False
62.158234786,825,62,158234786,map,5.481125831604004,0.12459449470043182,1.6129302978515625,-2.86102294921875e-05,0.0,0.0,0.0,0.0004958157750277947,-0.0006012669174285604,0.7071094914875364,0.707103641408421,0,0,0,,0.6360570192337036,0.005050228908658028,0.0,False,False,1,False
62.208234786,826,62,208234786,map,5.428289413452148,-0.297460675239563,-1.0564231872558594,-5.435943603515625e-05,0.0,0.0,0.0,0.0005425679316628528,-0.0005135407289851206,0.7072768098563904,0.7069363168881102,0,0,0,,0.6856830716133118,-0.003938749432563782,0.0,False,False,1,False
62.258234787,827,62,258234787,map,5.4967241287231445,0.07862627506256104,1.3686943054199219,6.103515261202119e-05,0.0,0.0,0.0,0.0005698061439380425,-0.0005144611954039512,0.7071360645248487,0.7070770798851749,0,0,0,,0.682339072227478,0.0014732888666912913,0.0,False,False,1,False
62.308234788,828,62,308234788,map,5.424097061157227,0.07053791731595993,-1.4525890350341797,1.2016298569506034e-05,0.0,0.0,0.0,0.00048787379787594966,-0.00048049055806263086,0.7072523107202296,0.7069608900702193,0,0,0,,0.6635704040527344,0.0025825537741184235,0.0,False,False,0,False
62.358234789,829,62,358234789,map,5.741067409515381,0.3229273557662964,6.338634490966797,-8.239745511673391e-05,0.0,0.0,0.0,0.0006415999618628396,-0.0008077770477268676,0.7068814375491482,0.7073313008019506,0,0,0,,0.6620635986328125,0.008177842944860458,0.0,False,False,0,False
62.408234789,830,62,408234789,map,6.087051868438721,-0.09069804102182388,6.920022964477539,-0.0009092331165447831,0.0,0.0,0.0,0.0015167868844773202,-0.0016928145819928681,0.7065752573978522,0.7076342553674864,0,0,0,,0.6493562459945679,0.001319844159297645,0.0,False,False,2,False
62.45823479,831,62,458234790,map,6.479217529296875,-0.33418622612953186,7.843809127807617,-0.0012750623282045126,0.0,0.0,0.0,0.0024749532385052635,-0.002441325769470389,0.706545890350957,0.7076586884672073,0,0,0,,0.5778365135192871,-0.005428288131952286,0.0,False,False,2,False
62.508234791,832,62,508234791,map,6.650826930999756,0.02147422358393669,3.432188034057617,-0.0005126952892169356,0.0,0.0,0.0,0.0029560122557155616,-0.002842612676126085,0.7066226005349494,0.7075787461180154,0,0,0,,0.48185020685195923,-0.0016387180658057332,0.0,False,False,2,False
62.508234791,833,62,558234792,map,6.871364116668701,-0.653495192527771,4.409341812133789,0.0009160994086414576,0.0,0.0,0.0,0.0032233679901257015,-0.002798216316629958,0.7069635304573824,0.7072371218251199,0,0,0,,0.47735828161239624,-0.01335328072309494,0.0,False,False,2,False
62.608234792,834,62,608234792,map,6.912525177001953,0.4502992331981659,0.8245182037353516,0.001296615693718195,0.0,0.0,0.0,0.0029432793483367813,-0.002657142255035166,0.7071926892034539,0.7070097432418461,0,0,0,,0.41144219040870667,0.002223469316959381,0.0,False,False,2,False
62.658234793,835,62,658234793,map,7.017147064208984,0.5635533332824707,2.091989517211914,0.0013889312976971269,0.0,0.0,0.0,0.0023921297237101537,-0.0025272327678130873,0.7070632835851254,0.7071417140967876,0,0,0,,0.4197610020637512,0.009517282247543335,0.0,False,False,2,False
62.708234794,836,62,708234794,map,6.97317361831665,-0.31582561135292053,-0.8789348602294922,0.0007524490356445312,0.0,0.0,0.0,0.0019340041126295864,-0.002064001917223298,0.7068929695316407,0.7073148727058669,0,0,0,,0.45589494705200195,-0.002281583845615387,0.0,False,False,2,False
62.708234794,837,62,758234795,map,7.00071907043457,-1.379251480102539,0.5448818206787109,0.0002571105142123997,0.0,0.0,0.0,0.0018517687370262232,-0.001245242706954236,0.7075229089207611,0.7066868851729525,0,0,0,,0.46017399430274963,-0.028494585305452347,0.0,False,False,2,False
62.808234795,838,62,808234795,map,6.920808792114258,0.9734655618667603,-1.592550277709961,-0.00023345943191088736,0.0,0.0,0.0,0.0012996473735379982,-0.0009223372670662156,0.7077321846970729,0.7064790265496765,0,0,0,,0.4152821898460388,0.009269684553146362,0.0,False,False,2,False
62.858234796,839,62,858234796,map,6.9362006187438965,-0.3018088638782501,0.3067970275878906,-0.0004007338429801166,0.0,0.0,0.0,0.0009194291211098457,-0.0006567805502952469,0.7080108845925447,0.7062006163887727,0,0,0,,0.4274876117706299,-0.0058606527745723724,0.0,False,False,2,False
62.908234797,840,62,908234797,map,6.844522476196289,0.2242913842201233,-1.832733154296875,-0.0004228592151775956,0.0,0.0,0.0,0.0005646901754000292,-0.00044652112272214274,0.7079745627091988,0.7062375664750576,0,0,0,,0.3841429352760315,0.0020979195833206177,0.0,False,False,2,False
62.958234798,841,62,958234798,map,6.849795341491699,0.35260048508644104,0.106048583984375,-0.00040283205453306437,0.0,0.0,0.0,0.00025011716939924583,-0.0003883219985599247,0.7079599739947761,0.706252406628638,0,0,0,,0.4117854833602905,0.007283233106136322,0.0,False,False,2,False
63.008234798,842,63,8234798,map,6.749553680419922,-0.3551611602306366,-2.005443572998047,-0.0002510070626158267,0.0,0.0,0.0,0.00012407592056126878,-0.0001704914853055928,0.7077937252158965,0.7064191376816055,0,0,0,,0.4160177707672119,-0.005037978291511536,0.0,False,False,2,False
63.058234799,843,63,58234799,map,6.7534942626953125,0.03912944346666336,0.07892608642578125,-0.00018043517775367945,0.0,0.0,0.0,6.161876227741964e-05,-4.6512355672350666e-05,0.7079380258273706,0.7062745539996285,0,0,0,,0.42394137382507324,-0.00054665666539222,0.0,False,False,2,False
63.1082348,844,63,108234800,map,6.650822162628174,0.23527204990386963,-2.0530033111572266,-9.880065772449598e-05,0.0,0.0,0.0,-8.794941823867452e-05,-2.8938982986860542e-06,0.7077381039195629,0.7064748888084185,0,0,0,,0.4122292995452881,0.0042314231395721436,0.0,False,False,2,False
63.1082348,845,63,158234801,map,6.657857894897461,-0.472638338804245,0.13939857482910156,3.3569333027116954e-05,0.0,0.0,0.0,-2.5969340910235407e-05,0.00012477987319264703,0.7079383925339385,0.7062741791486078,0,0,0,,0.4954850375652313,-0.0088115856051445,0.0,False,False,2,False
63.208234801,846,63,208234801,map,6.561347007751465,-1.0096235275268555,-1.93878173828125,-8.888244337867945e-05,0.0,0.0,0.0,0.00022225662937715358,0.0004568881918129488,0.7083777844365167,0.7058333063634662,0,0,0,,0.46765294671058655,-0.025177299976348877,0.0,False,False,2,False
63.258234802,847,63,258234802,map,6.578243255615234,1.4083962440490723,0.34770965576171875,0.0001350402890238911,0.0,0.0,0.0,-2.881121948139685e-05,0.00016662316906785444,0.7086139219240557,0.705596400970159,0,0,0,,0.48307129740715027,0.019639315083622932,0.0,False,False,2,False
63.308234803,848,63,308234803,map,6.491759777069092,-0.35376644134521484,-1.7307186126708984,3.814693627646193e-07,0.0,0.0,0.0,-0.00011427857331980363,7.851973605590611e-05,0.7084103523507662,0.7058007887905212,0,0,0,,0.5367574691772461,-0.0034987609833478928,0.0,False,False,2,False
63.358234804,849,63,358234804,map,6.526126384735107,0.2405048906803131,0.6881523132324219,-2.899169885495212e-05,0.0,0.0,0.0,-0.00010315423865789168,-3.2940861325166775e-05,0.7084370466611064,0.7057740000823155,0,0,0,,0.5557570457458496,0.0046332161873579025,0.0,False,False,2,False
63.408234804,850,63,408234804,map,6.456393241882324,0.13208967447280884,-1.3944053649902344,-1.983642505365424e-05,0.0,0.0,0.0,-0.0001074991144390675,-0.00011996634075423026,0.7081285289302942,0.7060835365358938,0,0,0,,0.5750810503959656,0.004211487248539925,0.0,False,False,2,False
63.458234805000004,851,63,458234805,map,6.51230525970459,-0.641552746295929,1.115732192993164,1.9073468138230965e-07,0.0,0.0,0.0,0.00014797127225478954,-6.050298480162143e-05,0.7083421660966442,0.7058692160545077,0,0,0,,0.6653645634651184,-0.011814966797828674,0.0,False,False,2,False
63.508234806,852,63,508234806,map,6.467929363250732,-0.3135049343109131,-0.8899307250976562,-2.765655517578125e-05,0.0,0.0,0.0,0.00037735351393906137,6.908946109458324e-06,0.7085509411210472,0.705659564799536,0,0,0,,0.6354498863220215,-0.010916030034422874,0.0,False,False,2,False
63.508234806,853,63,558234807,map,6.546599864959717,0.6599575281143188,1.5775680541992188,8.583069757150952e-06,0.0,0.0,0.0,0.00036842814395194397,-0.0002682635442602364,0.7087506295573945,0.7054589551471937,0,0,0,,0.6068759560585022,0.008620550855994225,0.0,False,False,2,False
63.608234807,854,63,608234807,map,6.5181145668029785,-0.6164337396621704,-0.5734539031982422,-3.4713742934400216e-05,0.0,0.0,0.0,0.0005194649815067767,-0.0002989255895841685,0.7087875802868326,0.705421722681377,0,0,0,,0.6685926914215088,-0.011536028236150742,0.0,False,False,2,False
63.658234808,855,63,658234808,map,6.613835334777832,-0.6481360197067261,1.907501220703125,-1.9073486328125e-05,0.0,0.0,0.0,0.0008398134707447057,-0.00023904494056550422,0.7094108961084696,0.7047945928094435,0,0,0,,0.659717321395874,-0.017746660858392715,0.0,False,False,2,False
63.658234808,856,63,708234809,map,6.602494239807129,-0.435057133436203,-0.23331642150878906,-7.305145845748484e-05,0.0,0.0,0.0,0.0010603968524743653,-0.00019168798590301847,0.7100019085482722,0.7041989269177016,0,0,0,,0.6561256647109985,-0.017370136454701424,0.0,False,False,2,False
63.75823481,857,63,758234810,map,6.708670616149902,-0.0699073076248169,2.122659683227539,-1.2207019608467817e-05,0.0,0.0,0.0,0.0011682868164684499,-0.0003200657116609083,0.7107851942291114,0.703408089467657,0,0,0,,0.6393430233001709,-0.010393444448709488,0.0,False,False,2,False
63.80823481,858,63,808234810,map,6.706962585449219,-0.4239983856678009,-0.041961669921875,-1.3923654478276148e-05,0.0,0.0,0.0,0.0012528853453085543,-0.00036511039290195775,0.7113637291672443,0.702822838130623,0,0,0,,0.6813634634017944,-0.01580830104649067,0.0,False,False,2,False
63.858234811,859,63,858234811,map,6.82240104675293,-1.089666485786438,2.283487319946289,-2.517699613235891e-05,0.0,0.0,0.0,0.0015521103820923699,-0.00025528311881434815,0.7125091201942682,0.7016610858697246,0,0,0,,0.6914969682693481,-0.03030402585864067,0.0,False,False,2,False
63.858234811,860,63,908234812,map,6.8277907371521,3.3419923782348633,0.15913963317871094,0.00025730131892487407,0.0,0.0,0.0,0.0008306595805470123,-0.00108155874636566,0.7122186438395804,0.7019563687314536,0,0,0,,0.6380404233932495,0.060585867613554,0.0,False,False,2,False
63.908234812,861,63,958234813,map,6.946435451507568,-0.6641575694084167,2.3692798614501953,-8.316039748024195e-05,0.0,0.0,0.0,0.0006331940592084935,-0.00143545680152202,0.711586564632551,0.7025966834276252,0,0,0,,0.6882933378219604,0.003341224044561386,0.0,False,False,2,False
63.958234813,862,64,8234813,map,6.9628095626831055,-2.648186445236206,0.28159141540527344,6.599425250897184e-05,0.0,0.0,0.0,0.0013567871572272077,-0.0007678752074886986,0.7120622315171722,0.7021146259287445,0,0,0,,0.7437218427658081,-0.048129916191101074,0.0,False,False,2,False
64.058234814,863,64,58234814,map,7.077281951904297,4.292115211486816,2.3385238647460938,-2.002716064453125e-05,0.0,0.0,0.0,0.0008486520840652486,-0.0014113612358431426,0.7119156148186934,0.7022630883268919,0,0,0,,0.4960295557975769,0.1572704315185547,0.0,False,False,2,False
64.108234815,864,64,108234815,map,7.085762023925781,0.35962727665901184,0.1677417755126953,-0.0004108428838662803,0.0,0.0,0.0,0.0001522151632244468,-0.0020959825287272713,0.7100660135550722,0.704131976323893,0,0,0,,0.7501335144042969,0.025271225720643997,0.0,False,False,2,False
64.158234816,865,64,158234816,map,7.195196151733398,-5.36403751373291,2.122821807861328,0.0006948470836505294,0.0,0.0,0.0,0.00133807665207124,-0.0009274004926478823,0.7104793321031756,0.703716184362293,0,0,0,,1.0,-0.13409468531608582,0.0,False,False,2,False
64.208234816,866,64,208234816,map,7.259061336517334,2.5393126010894775,1.3335418701171875,-0.0004222869756631553,0.0,0.0,0.0,0.0017678202207749589,-0.0006119005815147532,0.7117986795287183,0.7023810505776179,0,0,0,,0.7444674968719482,0.05837820842862129,0.0,False,False,2,False
64.258234817,867,64,258234817,map,7.428958415985107,-4.634084701538086,3.266315460205078,-0.00012683868408203125,0.0,0.0,0.0,0.002377510763965398,-0.0002999565962903334,0.713179079699373,0.7009777869146516,0,0,0,,0.8877406716346741,-0.16961213946342468,0.0,False,False,2,False
64.308234818,868,64,308234818,map,7.478000164031982,-9.296613693237305,0.28374671936035156,-0.004443550016731024,0.0,0.0,0.0,0.004924219799526154,0.0022211358738058375,0.7189037945610961,0.6950885934760067,0,0,0,,1.0,-0.3788467049598694,0.0,False,False,2,False
64.308234818,869,64,358234819,map,7.590758323669434,-11.805968284606934,0.5578422546386719,-0.013849640265107155,0.0,0.0,0.0,0.008167829351495926,0.005855028229595854,0.7299793090203295,0.6833953567374581,0,0,0,,1.0,-0.3883589804172516,0.0,False,False,2,False
64.408234819,870,64,408234819,map,7.720161437988281,-7.70071268081665,1.0261344909667969,-0.01099472027271986,0.0,0.0,0.0,0.010177177885123762,0.008307287145063104,0.7440126956534981,0.6680363184266251,0,0,0,,0.8429759740829468,-0.2875242829322815,0.0,False,False,2,False
64.45823482,871,64,458234820,map,7.905752182006836,-9.499074935913086,1.3189888000488281,0.00011787516996264458,0.0,0.0,0.0,0.011390199466995656,0.009953489529537743,0.7592166980861969,0.6506621218031521,0,0,0,,0.9358807802200317,-0.33558666706085205,0.0,False,False,2,False
64.45823482,872,64,508234821,map,7.977844715118408,-11.659903526306152,-2.405729293823242,-0.002725983504205942,0.0,0.0,0.0,0.012584926617884127,0.012132957381334974,0.776164939793469,0.6302875512038978,0,0,0,,0.9570839405059814,-0.45453524589538574,0.0,False,False,2,False
64.558234822,873,64,558234822,map,8.208531379699707,-6.105012893676758,2.5462722778320312,0.005202866159379482,0.0,0.0,0.0,0.01274487345892145,0.012986982810971772,0.7932795613910023,0.6085856093905627,0,0,0,,0.3685370087623596,-0.15257972478866577,0.0,False,False,2,False
64.558234822,874,64,608234822,map,8.335164070129395,-6.283144950866699,0.03859519958496094,0.02677440457046032,0.0,0.0,0.0,0.011801832503546498,0.012206456355938707,0.8077893021007027,0.5892267497190268,0,0,0,,0.8019728660583496,-0.2547673285007477,0.0,False,False,2,False
64.608234822,875,64,658234823,map,8.448887825012207,-9.692544937133789,-2.2096729278564453,0.00396118126809597,0.0,0.0,0.0,0.011580928137749929,0.012788386519367992,0.8219489062481969,0.5692998636844141,0,0,0,,0.8618077039718628,-0.3433477282524109,0.0,False,False,2,False
64.708234824,876,64,708234824,map,8.575273513793945,-2.737560272216797,1.4068222045898438,0.005307579413056374,0.0,0.0,0.0,0.010628699370826791,0.012165041829356786,0.8348460135548086,0.5502464685562454,0,0,0,,0.46115338802337646,-0.10998164862394333,0.0,False,False,2,False
64.758234824,877,64,758234824,map,8.68422794342041,-6.001243591308594,-0.8631229400634766,0.01518859714269638,0.0,0.0,0.0,0.009365506209253931,0.010815417302709381,0.8449650244592491,0.5346301726264553,0,0,0,,0.9180915951728821,-0.24999892711639404,0.0,False,False,2,False
64.808234825,878,64,808234825,map,8.691978454589844,-9.420051574707031,-5.703649520874023,-0.01475219614803791,0.0,0.0,0.0,0.009461502824271077,0.012149508097411478,0.8559364315613165,0.516851714269554,0,0,0,,1.0,-0.3595542907714844,0.0,False,False,2,False
64.808234825,879,64,858234826,map,8.842009544372559,-5.189208984375,0.07355690002441406,-0.011079024523496628,0.0,0.0,0.0,0.009268470445961288,0.0127365261428469,0.8670496433501625,0.4979726823067313,0,0,0,,0.890627384185791,-0.15537717938423157,0.0,False,False,2,False
64.908234827,880,64,908234827,map,8.93935775756836,-7.548942565917969,-3.1611061096191406,0.004794502165168524,0.0,0.0,0.0,0.008901826631256209,0.012628804574933624,0.8769453134255824,0.48034174088719633,0,0,0,,0.8214389085769653,-0.3870813846588135,0.0,False,False,2,False
64.908234827,881,64,958234827,map,8.999452590942383,-10.279769897460938,-6.983642578125,-0.015132521279156208,0.0,0.0,0.0,0.009404452005860325,0.01465672477970068,0.8879822995824468,0.459547791126746,0,0,0,,1.0,-0.42014679312705994,0.0,False,False,2,False
65.008234828,882,65,8234828,map,9.11378288269043,-8.433618545532227,-4.784708023071289,-0.013202095404267311,0.0,0.0,0.0,0.009737859756379075,0.016540036033017343,0.8998078556957172,0.4358639972785855,0,0,0,,0.8187480568885803,-0.30831027030944824,0.0,False,False,2,False
65.058234829,883,65,58234829,map,9.212325096130371,-9.593324661254883,-7.262611389160156,-0.0036027911119163036,0.0,0.0,0.0,0.00990593546695066,0.018292371738178784,0.9117353720677189,0.4102509876883358,0,0,0,,1.0,-0.38291221857070923,0.0,False,False,2,False
65.10823483,884,65,108234830,map,9.270467758178711,-9.809799194335938,-10.104789733886719,-0.010242080315947533,0.0,0.0,0.0,0.010081159343857728,0.020819058457954988,0.924207842064473,0.38118866942465385,0,0,0,,1.0,-0.4575306177139282,0.0,False,False,2,False
65.15823483,885,65,158234830,map,9.482810020446777,-7.594432830810547,-3.1946182250976562,0.006631470751017332,0.0,0.0,0.0,0.009698352821965007,0.02153085823903627,0.9359510160681047,0.35133752947431285,0,0,0,,1.0,-0.18475648760795593,0.0,False,False,2,False
65.208234831,886,65,208234831,map,9.677523612976074,-8.39324951171875,-5.569696426391602,0.031040381640195847,0.0,0.0,0.0,0.009095906508463017,0.020746852579752995,0.9457013848619136,0.3242463928297154,0,0,0,,1.0,-0.2999705970287323,0.0,False,False,2,False
65.258234832,887,65,258234832,map,9.84210205078125,-8.865432739257812,-8.541440963745117,3.719338565133512e-05,0.0,0.0,0.0,0.008851320275028423,0.021454460160774323,0.9547981647244489,0.29634747325972355,0,0,0,,1.0,-0.33505743741989136,0.0,False,False,2,False
65.308234833,888,65,308234833,map,10.093783378601074,-6.720104217529297,-1.8944168090820312,0.010104179382324219,0.0,0.0,0.0,0.00830083103582321,0.02052349406458269,0.9625421135811169,0.27022687131055645,0,0,0,,1.0,-0.1471879631280899,0.0,False,False,2,False
65.358234833,889,65,358234833,map,10.028538703918457,-2.745685577392578,-8.545694351196289,0.01810455322265625,0.0,0.0,0.0,0.0072389015116081715,0.019290570143699896,0.9686520743738741,0.2475654075585412,0,0,0,,1.0,-0.26584506034851074,0.0,False,False,0,False
65.408234834,890,65,408234834,map,10.02938175201416,-1.7995452880859375,-3.9473342895507812,0.003726768773049116,0.0,0.0,0.0,0.00594006034215572,0.017932169548508882,0.9736888645308491,0.22709722161893792,0,0,0,,1.0,-0.11883250623941422,0.0,False,False,0,False
65.458234835,891,65,458234835,map,10.339310646057129,-9.2449951171875,-6.182217597961426,-0.0023956294171512127,0.0,0.0,0.0,0.005531002071230454,0.01725333266166491,0.9778608113358758,0.2084705355240811,0,0,0,,1.0,-0.2307416796684265,0.0,False,False,0,False
65.508234836,892,65,508234836,map,10.620247840881348,-9.655723571777344,-10.606598854064941,-0.029188917949795723,0.0,0.0,0.0,0.006157228762127253,0.01909408738788861,0.9822331783768701,0.18658908772076213,0,0,0,,1.0,-0.35877346992492676,0.0,False,False,3,False
65.558234836,893,65,558234836,map,10.903909683227539,-8.683700561523438,-9.792299270629883,-0.02718525007367134,0.0,0.0,0.0,0.006641358149233839,0.021341263065045257,0.9866793887045654,0.16113418866990148,0,0,0,,1.0,-0.30432307720184326,0.0,False,False,3,False
65.608234837,894,65,608234837,map,11.15141487121582,-7.565555572509766,-11.063318252563477,-0.0109519949182868,0.0,0.0,0.0,0.006711371473231432,0.023236686442676156,0.9907832364885794,0.13328012676062714,0,0,0,,1.0,-0.3198055326938629,0.0,False,False,3,False
65.658234838,895,65,658234838,map,11.38276481628418,-6.617088317871094,-11.520166397094727,-0.001275637187063694,0.0,0.0,0.0,0.00638010539687246,0.024809621823426206,0.994288705597982,0.10360379742264715,0,0,0,,1.0,-0.31447258591651917,0.0,False,False,3,False
65.708234839,896,65,708234839,map,11.606670379638672,-5.804691314697266,-11.592474937438965,0.00624676002189517,0.0,0.0,0.0,0.005759386788275707,0.02593574318401685,0.9969784055722581,0.07299469509432686,0,0,0,,1.0,-0.2957075238227844,0.0,False,False,3,False
65.758234839,897,65,758234839,map,11.86362075805664,-5.735416412353516,-8.957267761230469,0.019085120409727097,0.0,0.0,0.0,0.005061174574379352,0.025775440320681804,0.9987020194087637,0.04363814406067197,0,0,0,,1.0,-0.20867295563220978,0.0,False,False,3,False
65.80823484,898,65,808234840,map,12.098719596862793,-4.945240020751953,-9.662282943725586,0.020726965740323067,0.0,0.0,0.0,0.004403868044659302,0.025084871125429415,0.9995367253157215,0.016664031084641543,0,0,0,,1.0,-0.19508245587348938,0.0,False,False,3,False
65.80823484,899,65,858234841,map,12.360330581665039,-5.206317901611328,-4.896195888519287,0.02476806566119194,0.0,0.0,0.0,-0.003936341920895959,-0.02288625055933582,-0.999713451519121,0.00580857980431734,0,0,0,,1.0,-0.0741472989320755,0.0,False,False,3,False
65.858234841,900,65,908234842,map,12.60378646850586,-4.724769592285156,-5.576939582824707,0.019674303010106087,0.0,0.0,0.0,-0.003691001003172151,-0.02018296117479548,-0.9995325693540205,0.022664231519325825,0,0,0,,1.0,-0.06391315907239914,0.0,False,False,3,False
65.958234842,901,65,958234842,map,12.8435640335083,-4.697208404541016,-2.4668490886688232,0.00775432214140892,0.0,0.0,0.0,-0.003633128914680361,-0.016964971892559442,-0.99927645011084,0.033846216285605385,0,0,0,,1.0,0.00021791819017380476,0.0,False,False,3,False
66.008234843,902,66,8234843,map,13.067880630493164,-4.516487121582031,0.5781245231628418,0.002536582760512829,0.0,0.0,0.0,-0.0037323948793794104,-0.01292733953941472,-0.9991678270426527,0.038504629900321795,0,0,0,,1.0,0.07152648270130157,0.0,False,False,3,False
66.058234844,903,66,58234844,map,13.287267684936523,-4.434490203857422,1.0623466968536377,-0.006954954005777836,0.0,0.0,0.0,-0.0039033467829631793,-0.00882811599356278,-0.9992641565309388,0.03712106847071555,0,0,0,,1.0,0.07910744100809097,0.0,False,False,3,False
66.108234845,904,66,108234845,map,13.504464149475098,-4.398632049560547,1.4769917726516724,-0.016232110559940338,0.0,0.0,0.0,-0.004061816876370266,-0.005409398570586467,-0.999468412856482,0.03189250308320382,0,0,0,,1.0,0.08020619302988052,0.0,False,False,3,False
66.108234845,905,66,158234845,map,13.720046997070312,-4.3679046630859375,1.9195502996444702,-0.016834259033203125,0.0,0.0,0.0,-0.004172890956606248,-0.002635476993447499,-0.9996863599687339,0.024552452719521004,0,0,0,,1.0,0.07481580972671509,0.0,False,False,3,False
66.208234846,906,66,208234846,map,13.93580436706543,-4.352684020996094,1.7083388566970825,-0.013568496331572533,0.0,0.0,0.0,-0.004228319897980103,-0.0005942734884616072,-0.9998519127828907,0.01667095240999555,0,0,0,,1.0,0.05693091079592705,0.0,False,False,3,False
66.208234846,907,66,258234847,map,14.14950942993164,-4.30328369140625,1.982966661453247,-0.008773230947554111,0.0,0.0,0.0,-0.004238083278679769,0.0009196344759185734,-0.9999485807043839,0.009166726233597928,0,0,0,,1.0,0.046410929411649704,0.0,False,False,3,False
66.308234848,908,66,308234848,map,14.3622465133667,-4.268436431884766,1.7630107402801514,-0.00446319580078125,0.0,0.0,0.0,-0.00421758715499216,0.0019450319068617526,-0.9999858054323373,0.002611080870233365,0,0,0,,1.0,0.03124486282467842,0.0,False,False,3,False
66.358234848,909,66,358234848,map,14.574313163757324,-4.242725372314453,0.3414767384529114,-0.0008872983744367957,0.0,0.0,0.0,0.004184661064550574,-0.0021377081892690656,0.9999869929837438,0.0019830982834970947,0,0,0,,1.0,-0.0006444865139201283,0.0,False,False,3,False
66.408234849,910,66,408234849,map,14.784821510314941,-4.211769104003906,0.9926902651786804,0.0009517668513581157,0.0,0.0,0.0,0.004151041962217966,-0.002138012868930945,0.9999777605226898,0.004761954601432929,0,0,0,,1.0,0.0003255194751545787,0.0,False,False,3,False
66.45823485,911,66,458234850,map,14.994314193725586,-4.188995361328125,0.6939337253570557,0.0014949797187000513,0.0,0.0,0.0,0.004121206579583263,-0.002052254335745662,0.9999701047224254,0.006212372323966544,0,0,0,,1.0,-0.005791906267404556,0.0,False,False,3,False
66.508234851,912,66,508234851,map,15.202841758728027,-4.170398712158203,0.06976507604122162,0.0015424727462232113,0.0,0.0,0.0,0.004097659824460248,-0.001714117483723127,0.9999696711404427,0.006397482668209932,0,0,0,,1.0,-0.01518428698182106,0.0,False,False,3,False
66.508234851,913,66,558234851,map,15.363258361816406,-3.2076644897460938,0.2299780398607254,0.001294899033382535,0.0,0.0,0.0,0.004038309262054374,-0.001364601839997962,0.9999744435356009,0.005739529230481873,0,0,0,,1.0,-0.011501897126436234,0.0,False,False,3,False
66.558234851,914,66,608234852,map,15.35243034362793,0.21694183349609375,0.10558836162090302,0.0017137527465820312,0.0,0.0,0.0,0.0034913799927875355,-0.0010703178592128347,0.9999821478716003,0.00472954791995044,0,0,0,,1.0,-0.009586308151483536,0.0,False,False,0,False
66.608234852,915,66,658234853,map,15.340313911437988,0.24312973022460938,0.2022579312324524,0.00139789585955441,0.0,0.0,0.0,0.002764284625351185,-0.0008654708348441126,0.9999888176212676,0.0037382246004221318,0,0,0,,1.0,-0.004406768828630447,0.0,False,False,0,False
66.708234854,916,66,708234854,map,15.66013240814209,-6.3970184326171875,-0.14778286218643188,-4.405977961141616e-05,0.0,0.0,0.0,0.0027721466952296296,-0.0006037345175199222,0.9999920937566877,0.0027862396610268364,0,0,0,,1.0,-0.006337162107229233,0.0,False,False,4,False
66.758234854,917,66,758234854,map,15.945377349853516,-5.705909729003906,-0.29939696192741394,-0.0011085510486736894,0.0,0.0,0.0,0.0032642541560615745,-0.00029298994645279966,0.9999929929914274,0.0018090798055962099,0,0,0,,1.0,-0.00673864409327507,0.0,False,False,4,False
66.808234855,918,66,808234855,map,16.20205307006836,-5.133571624755859,-0.016085505485534668,-0.000999832060188055,0.0,0.0,0.0,0.0037424522545374084,-0.0001138130567939445,0.9999924677412652,0.0010225255230495497,0,0,0,,1.0,-0.0007085093529894948,0.0,False,False,4,False
66.858234856,919,66,858234856,map,16.436758041381836,-4.693756103515625,0.12395396828651428,-0.0004480361531022936,0.0,0.0,0.0,0.004059074188340872,-8.190027540724344e-05,0.9999915627809521,0.0006257603276475349,0,0,0,,1.0,0.0034220702946186066,0.0,False,False,4,False
66.908234857,920,66,908234857,map,16.65474510192871,-4.359931945800781,-0.061016157269477844,8.25882307253778e-05,0.0,0.0,0.0,0.004209362782815034,-4.768024299574222e-05,0.9999910100584802,0.0005087177780241575,0,0,0,,1.0,0.0016754305688664317,0.0,False,False,4,False
66.958234857,921,66,958234857,map,16.8599853515625,-4.1046142578125,0.07701344788074493,0.00042419429519213736,0.0,0.0,0.0,0.004234929767557367,-4.596761898183245e-05,0.999990848987349,0.0006043164757725736,0,0,0,,1.0,0.003588903695344925,0.0,False,False,4,False
66.958234857,922,67,8234858,map,17.055522918701172,-3.9115524291992188,-0.3205569088459015,0.0003690719313453883,0.0,0.0,0.0,0.0041829638457658615,6.201115320140382e-05,0.9999910351095835,0.0006547278409024689,0,0,0,,1.0,-0.0028492771089076996,0.0,False,False,4,False
67.058234859,923,67,58234859,map,17.243637084960938,-3.7629318237304688,-0.515670657157898,0.0004091262526344508,0.0,0.0,0.0,0.004090944809432035,0.0002814978812777139,0.9999915155232741,0.0003921874223149892,0,0,0,,1.0,-0.007227156311273575,0.0,False,False,4,False
67.10823486,924,67,108234860,map,17.426437377929688,-3.6559677124023438,0.0687989741563797,0.00025081634521484375,0.0,0.0,0.0,0.0039849524658387885,0.0003127669766667488,0.9999920049429194,0.00011126950968543867,0,0,0,,1.0,0.0009628570405766368,0.0,False,False,4,False
67.15823486,925,67,158234860,map,17.605018615722656,-3.5717010498046875,-0.2631244361400604,0.00022335050744004548,0.0,0.0,0.0,-0.003880795562642594,-0.00033731833509743084,-0.9999924003680957,0.00015763310599865784,0,0,0,,1.0,-0.003090139478445053,0.0,False,False,4,False
67.208234861,926,67,208234861,map,17.780454635620117,-3.5086441040039062,-0.18157801032066345,2.269745891680941e-05,0.0,0.0,0.0,-0.003786624149476761,-0.0003654900890153842,-0.9999926563502581,0.00046383197406515893,0,0,0,,1.0,-0.0020510442554950714,0.0,False,False,4,False
67.258234862,927,67,258234862,map,17.95347023010254,-3.4601974487304688,-0.16325271129608154,2.727509126998484e-05,0.0,0.0,0.0,-0.003705867084688013,-0.0003729944367784066,-0.9999927765271622,0.0007578375800101924,0,0,0,,1.0,-0.001555163529701531,0.0,False,False,4,False
67.258234862,928,67,308234862,map,18.124629974365234,-3.423004150390625,-0.15270215272903442,-2.0790103008039296e-05,0.0,0.0,0.0,-0.003639018222939014,-0.00036807143907028597,-0.9999927902877367,0.0010205108209241174,0,0,0,,1.0,-0.0011774712475016713,0.0,False,False,4,False
67.358234863,929,67,358234863,map,18.29434585571289,-3.394012451171875,-0.1815122365951538,-5.779265848104842e-05,0.0,0.0,0.0,-0.0035849866732515214,-0.0003688418139800605,-0.9999927061518312,0.001264701311026,0,0,0,,1.0,-0.0014718660386279225,0.0,False,False,4,False
67.408234864,930,67,408234864,map,18.46292495727539,-3.371124267578125,-0.20431339740753174,-9.212493750965223e-05,0.0,0.0,0.0,-0.0035419622996133763,-0.000380905949805838,-0.9999925075790672,0.0015146614984049263,0,0,0,,1.0,-0.001807812717743218,0.0,False,False,4,False
67.408234864,931,67,458234865,map,18.63058090209961,-3.3523178100585938,-0.29239559173583984,-6.809234764659777e-05,0.0,0.0,0.0,-0.0035082107547923925,-0.0004240535601634401,-0.9999920942784731,0.0018231885343184741,0,0,0,,1.0,-0.0031799860298633575,0.0,False,False,4,False
67.508234865,932,67,508234865,map,18.79754638671875,-3.3395004272460938,0.053242892026901245,-4.253386941854842e-05,0.0,0.0,0.0,-0.0034820881787981086,-0.00036174593895985725,-0.9999918334186096,0.0020192320020799657,0,0,0,,1.0,0.0020602233707904816,0.0,False,False,4,False
67.558234866,933,67,558234866,map,18.963817596435547,-3.3262252807617188,0.30328109860420227,-9.536734069115482e-07,0.0,0.0,0.0,-0.003462002134932315,-0.00016588100692543334,-0.999992230912598,0.00187753539370246,0,0,0,,1.0,0.006558466702699661,0.0,False,False,4,False
67.608234867,934,67,608234867,map,19.129648208618164,-3.3159255981445312,-0.2730798125267029,-3.7384030292741954e-05,0.0,0.0,0.0,-0.003446399768887293,-0.00013863869818124514,-0.9999925923278201,0.001708331768310428,0,0,0,,1.0,-0.002022739499807358,0.0,False,False,4,False
67.608234867,935,67,658234868,map,19.29507827758789,-3.3089065551757812,0.111679807305336,-1.3351441339182202e-05,0.0,0.0,0.0,-0.0034345089136690577,-9.481793375343035e-05,-0.9999929084639,0.0015421348811634347,0,0,0,,1.0,0.002447608858346939,0.0,False,False,4,False
67.708234868,936,67,708234868,map,19.46013069152832,-3.3010482788085938,-0.011203736066818237,-7.877348980400711e-05,0.0,0.0,0.0,-0.0034253440746578826,-5.264468111473094e-05,-0.9999932080705941,0.0013594334074104875,0,0,0,,1.0,0.00046137336175888777,0.0,False,False,4,False
67.708234868,937,67,758234869,map,19.624832153320312,-3.2939910888671875,-0.012122616171836853,-2.8610247682081535e-06,0.0,0.0,0.0,-0.0034181018003208645,-3.39353773131891e-05,-0.9999934060559098,0.0012260804105766257,0,0,0,,1.0,-9.536754805594683e-05,0.0,False,False,4,False
67.758234869,938,67,808234870,map,19.789207458496094,-3.2873153686523438,-0.08485674858093262,-2.8038026357535273e-05,0.0,0.0,0.0,-0.0034123036672036172,-4.8632840038226355e-05,-0.999993467832979,0.0011908441973211318,0,0,0,,1.0,-0.0015635901363566518,0.0,False,False,4,False
67.858234871,939,67,858234871,map,19.95327377319336,-3.2808685302734375,-0.15034429728984833,1.1444094525359105e-05,0.0,0.0,0.0,-0.0034074662707656656,-9.81460107157333e-05,-0.9999933481196761,0.0012974040906591898,0,0,0,,1.0,-0.002823866903781891,0.0,False,False,4,False
67.908234871,940,67,908234871,map,20.117069244384766,-3.2756805419921875,-0.07645756006240845,-4.1580202378099784e-05,0.0,0.0,0.0,-0.003403706561757481,-0.00012920678491004525,-0.9999930880977146,0.0014905851349428293,0,0,0,,1.0,-0.0016949550481513143,0.0,False,False,4,False
67.958234872,941,67,958234872,map,20.280593872070312,-3.2707595825195312,0.0788639485836029,3.852844383800402e-05,0.0,0.0,0.0,-0.003400534271079597,-9.051868186549461e-05,-0.9999928970892833,0.0016229430124661051,0,0,0,,1.0,0.001121528330259025,0.0,False,False,4,False
67.958234872,942,68,8234873,map,20.443851470947266,-3.2647705078125,-0.1284421980381012,9.53677954385057e-07,0.0,0.0,0.0,-0.0033978368698652983,-9.34673605556763e-05,-0.9999927049902927,0.0017423933699809906,0,0,0,,1.0,-0.00146184500772506,0.0,False,False,4,False
68.058234874,943,68,58234874,map,20.606863021850586,-3.2602691650390625,0.0133436918258667,4.768367034557741e-06,0.0,0.0,0.0,-0.0033955248116901322,-8.239853775483568e-05,-0.9999925544591461,0.0018315698200659285,0,0,0,,1.0,0.0006627662805840373,0.0,False,False,4,False
68.108234874,944,68,108234874,map,20.769596099853516,-3.2540130615234375,-0.193663090467453,1.0871885933738668e-05,0.0,0.0,0.0,-0.003393352556807263,-0.00012155479448562655,-0.9999923236198607,0.0019552708786989693,0,0,0,,1.0,-0.0022383928298950195,0.0,False,False,4,False
68.158234875,945,68,158234875,map,20.931991577148438,-3.2490921020507812,0.34954845905303955,-4.95910626341356e-06,0.0,0.0,0.0,-0.0033913651584030523,-1.0176659542566436e-05,-0.999992478673251,0.0018817905636352176,0,0,0,,1.0,0.00593465194106102,0.0,False,False,4,False
68.158234875,946,68,208234876,map,21.06574249267578,-2.6751327514648438,0.032208338379859924,5.722040441469289e-07,0.0,0.0,0.0,-0.0033650366333549805,7.169213131391961e-05,-0.9999929812916454,0.0016458299248205941,0,0,0,,1.0,0.0017179659334942698,0.0,False,False,4,False
68.258234877,947,68,258234877,map,21.047178268432617,0.37181854248046875,-0.17013035714626312,0.0005334853776730597,0.0,0.0,0.0,-0.0029434927570718083,2.4826837949577723e-05,-0.9999945157810748,0.0015177752768073662,0,0,0,,1.0,-0.002179674804210663,0.0,False,False,0,False
68.308234877,948,68,308234877,map,21.027833938598633,0.38654327392578125,0.10613396763801575,0.0007642746204510331,0.0,0.0,0.0,-0.0023494115527010646,2.433375789169945e-05,-0.9999962154057057,0.0014313795757779433,0,0,0,,1.0,0.0011505222646519542,0.0,False,False,0,False
68.358234878,949,68,358234878,map,21.255002975463867,-4.5441436767578125,0.27910515666007996,-0.00012874603271484375,0.0,0.0,0.0,-0.0022933213290378435,0.00012667333758979076,-0.9999966405674627,0.0012014511792854336,0,0,0,,1.0,0.004180923104286194,0.0,False,False,5,False
68.408234879,950,68,408234879,map,21.464523315429688,-4.1892242431640625,-0.42845815420150757,-0.0007223128923214972,0.0,0.0,0.0,-0.002634131037703876,2.0590858863474837e-05,-0.9999958330223566,0.0011810451370693306,0,0,0,,1.0,-0.0066639818251132965,0.0,False,False,5,False
68.45823488,951,68,458234880,map,21.65341567993164,-3.776702880859375,-0.3192681074142456,-0.0007255554664880037,0.0,0.0,0.0,-0.002985356413152142,-0.00015804346062357034,-0.9999943863414734,0.0015132596904834316,0,0,0,,1.0,-0.006075151264667511,0.0,False,False,5,False
68.50823488,952,68,508234880,map,21.82655143737793,-3.4649276733398438,0.6886839270591736,-0.00048580169095657766,0.0,0.0,0.0,-0.0032268518254830268,2.4056916401119188e-05,-0.9999936067776589,0.0015405363904648002,0,0,0,,1.0,0.009939614683389664,0.0,False,False,5,False
68.558234881,953,68,558234881,map,21.98822593688965,-3.2320404052734375,-0.49478983879089355,-5.455018253996968e-05,0.0,0.0,0.0,-0.0033496309460063368,-1.8070199040931965e-05,-0.9999931389363389,0.0015816846213398442,0,0,0,,0.9944541454315186,-0.006533585488796234,0.0,False,False,5,False
68.608234882,954,68,608234882,map,22.13156509399414,-2.8693389892578125,1.864737868309021,0.00010051728168036789,0.0,0.0,0.0,-0.0033669902086783414,0.0005305807580575231,-0.9999938984589025,0.0007647914487444753,0,0,0,,0.7346785664558411,0.028936680406332016,0.0,False,False,5,False
68.658234883,955,68,658234883,map,22.237138748168945,-2.1028900146484375,2.445251941680908,-8.544921001885086e-05,0.0,0.0,0.0,0.0032516954310431185,-0.0015676889636528067,0.9999919109454748,0.001773942432701195,0,0,0,,0.4815158545970917,0.04048006236553192,0.0,False,False,5,False
68.708234883,956,68,708234883,map,22.279537200927734,-0.8415985107421875,0.8868029713630676,0.0002639770391397178,0.0,0.0,0.0,0.002952341592771059,-0.002069659289328279,0.9999814368081613,0.004911845745836829,0,0,0,,0.0,0.014197427779436111,0.0908832997083664,False,False,5,False
68.758234884,957,68,758234884,map,22.217472076416016,1.2302780151367188,-1.7695701122283936,0.0016183853149414062,0.0,0.0,0.0,0.002379409012774114,-0.0013064636298459485,0.9999762260822861,0.0063386777613615814,0,0,0,,0.0,-0.03391725942492485,1.0,False,False,5,False
68.808234885,958,68,808234885,map,22.033449172973633,3.6777496337890625,-2.9791440963745117,0.0013019561301916838,0.0,0.0,0.0,0.0014591224741830973,0.0002900204406995765,0.9999879581120783,0.004676588562769809,0,0,0,,0.0,-0.0632459744811058,1.0,False,False,5,False
68.858234886,959,68,858234886,map,21.749210357666016,5.700569152832031,-2.7789788246154785,-0.0005748748662881553,0.0,0.0,0.0,0.00025715982601937917,0.0018378720742028836,0.9999982407720791,0.00027303444774483797,0,0,0,,0.0,-0.06271873414516449,1.0,False,False,5,False
68.858234886,960,68,908234886,map,21.40162467956543,6.949424743652344,0.2964073419570923,-0.0006427764892578125,0.0,0.0,0.0,0.001065063312221946,-0.0020465999183647762,-0.9999878478812725,0.0043567371616878535,0,0,0,,0.0,-0.0055510513484478,1.0,False,False,5,False
68.958234887,961,68,958234887,map,21.0355167388916,7.34222412109375,-1.8545362949371338,-0.0006853103404864669,0.0,0.0,0.0,0.002281596267331932,-0.002284552664778688,-0.9999556120436759,0.008851501564831278,0,0,0,,0.0,-0.027594324201345444,1.0,False,False,5,False
68.958234887,962,69,8234888,map,20.712478637695312,6.450233459472656,0.9267011284828186,-0.00017452239990234375,0.0,0.0,0.0,0.0031922145490260417,-0.0018299158275603246,-0.9999207661022407,0.012038384104407001,0,0,0,,0.0,0.02425268664956093,1.0,False,False,5,False
69.058234889,963,69,58234889,map,20.42009162902832,5.824775695800781,3.415034770965576,0.0008548736805096269,0.0,0.0,0.0,0.0036570308582117165,-0.00020752334934631244,-0.9999248436598691,0.011700003895205239,0,0,0,,0.0,0.0825832262635231,1.0,False,False,0,False
69.108234889,964,69,108234889,map,20.044635772705078,7.5077056884765625,1.1443288326263428,-0.0003427505725994706,0.0,0.0,0.0,0.003996470914667781,0.0009663065811771552,-0.9999555243744325,0.008487858674203628,0,0,0,,0.0,0.04863762855529785,1.0,False,False,0,False
69.15823489,965,69,158234890,map,19.542194366455078,10.050544738769531,1.0889956951141357,-0.0014467239379882812,0.0,0.0,0.0,0.004739536283722988,0.0014490880393161108,-0.9999792201848664,0.004122637279228987,0,0,0,,0.0,0.04177599027752876,1.0,False,False,4,False
69.208234891,966,69,208234891,map,19.056461334228516,9.7344970703125,2.8994953632354736,-0.001747512724250555,0.0,0.0,0.0,-0.005505411787847926,-0.0023117991937050253,0.9999807436114826,0.0016906897292674635,0,0,0,,0.0,0.06615974009037018,1.0,False,False,4,False
69.208234891,967,69,258234892,map,18.586875915527344,9.429550170898438,2.590557098388672,-0.0013467788230627775,0.0,0.0,0.0,-0.006104593504792627,-0.003229175350283757,0.9999383156101866,0.008698927483370715,0,0,0,,0.0,0.05437973514199257,1.0,False,False,4,False
69.308234892,968,69,308234892,map,18.130998611450195,9.0875244140625,-2.029881238937378,0.0016242980491369963,0.0,0.0,0.0,-0.006480598035230847,-0.0025012876515483886,0.9998799136419503,0.013852931262235814,0,0,0,,0.0,-0.0466049388051033,1.0,False,False,4,False
69.358234893,969,69,358234893,map,17.686016082763672,8.893013000488281,-0.6042048335075378,0.002150916960090399,0.0,0.0,0.0,-0.006674111794097671,-0.001406254769461741,0.9998500590334423,0.015916599200372323,0,0,0,,0.0,-0.033943429589271545,1.0,False,False,4,False
69.408234894,970,69,408234894,map,17.245290756225586,8.877410888671875,3.6749422550201416,-0.00016880035400390625,0.0,0.0,0.0,-0.006769472698645153,-0.0021090572383834325,0.9998122893969676,0.018030864863942207,0,0,0,,0.0,0.03959766775369644,1.0,False,False,4,False
69.458234895,971,69,458234895,map,16.816238403320312,8.589134216308594,0.25341272354125977,-0.00024185178335756063,0.0,0.0,0.0,-0.006777780187621208,-0.002470544330024035,0.9997744060141033,0.01997736683321287,0,0,0,,0.0,-0.012241717427968979,1.0,False,False,4,False
69.508234895,972,69,508234895,map,16.38507080078125,8.554878234863281,-3.871028184890747,0.0016752243973314762,0.0,0.0,0.0,-0.0067151632967981075,-0.0010492827378673804,0.999797643829693,0.018933488326970473,0,0,0,,0.0,-0.11545999348163605,1.0,False,False,4,False
69.558234896,973,69,558234896,map,15.954122543334961,8.593864440917969,-4.370503902435303,4.043584340251982e-05,0.0,0.0,0.0,-0.0066525102922698216,0.001398439751169149,0.9998899628511447,0.013185244124027575,0,0,0,,0.0,-0.1154034212231636,1.0,False,False,4,False
69.558234896,974,69,608234897,map,15.540492057800293,8.275375366210938,-1.0435153245925903,-0.0014755248557776213,0.0,0.0,0.0,-0.006586140460836038,0.0024110071859123404,0.999958490432778,0.005816116365707272,0,0,0,,0.0,-0.052166856825351715,1.0,False,False,4,False
69.658234898,975,69,658234898,map,15.131768226623535,8.173408508300781,2.4038660526275635,0.0009284972329623997,0.0,0.0,0.0,-0.0065013983282214294,0.0014337904442737117,0.9999776435464186,0.0006232752932673762,0,0,0,,0.0,0.029861144721508026,1.0,False,False,4,False
69.708234898,976,69,708234898,map,14.757619857788086,7.523784637451172,3.960787773132324,0.00044040678767487407,0.0,0.0,0.0,0.006383997341825304,0.0006786243216612585,-0.9999793820650726,0.00013961276830936448,0,0,0,,0.0,0.08413562178611755,0.9475624561309814,False,False,4,False
69.708234898,977,69,758234899,map,14.520492553710938,4.8239898681640625,3.4707980155944824,-0.0008802413358353078,0.0,0.0,0.0,-0.005907071743235476,-0.00267366459086884,0.9999730965557644,0.0034298958806151655,0,0,0,,0.0,0.08491763472557068,0.7519946098327637,False,False,0,False
69.8082349,978,69,808234900,map,14.341676712036133,3.5295486450195312,-1.828598976135254,0.0014251709217205644,0.0,0.0,0.0,-0.005149111603687887,-0.0024043561918370253,0.999957009790223,0.007326956557239012,0,0,0,,0.0,-0.005847319960594177,0.5867547988891602,False,False,0,False
69.8582349,979,69,858234900,map,13.88034439086914,9.21875,-0.45156538486480713,0.0006172180292196572,0.0,0.0,0.0,-0.005011637882697627,-0.0014914002839012787,0.9999385614892093,0.009774070688120215,0,0,0,,0.0,0.0019691400229930878,0.23482069373130798,False,False,3,False
69.908234901,980,69,908234901,map,13.525510787963867,7.043094635009766,-3.279566526412964,-0.0012275695335119963,0.0,0.0,0.0,-0.0051472774273089526,0.00010867469098004487,0.9999396439712596,0.00970577866678575,0,0,0,,0.6054086089134216,-0.05963589623570442,0.0,False,False,3,False
69.908234901,981,69,958234902,map,13.241280555725098,5.671215057373047,-4.077549934387207,-0.0017438887152820826,0.0,0.0,0.0,-0.005115663175472534,0.0021351299323191927,0.9999656292211241,0.006165353748869963,0,0,0,,1.0,-0.08819090574979782,0.0,False,False,3,False
69.958234902,982,70,8234903,map,13.042264938354492,3.9965438842773438,-1.9771647453308105,-0.0011547087924554944,0.0,0.0,0.0,-0.0048066273504435,0.00324911799499776,0.9999828087574602,0.000849561833815775,0,0,0,,1.0,-0.054767753928899765,0.0,False,False,3,False
70.058234903,983,70,58234903,map,12.939583778381348,2.0541763305664062,-0.032172203063964844,0.001877212431281805,0.0,0.0,0.0,0.004161803092044127,-0.003061457097841791,-0.9999795314965471,0.0037740513254744808,0,0,0,,1.0,-0.014251131564378738,0.0,False,False,3,False
70.108234904,984,70,108234904,map,12.92029094696045,0.40313720703125,-1.1887540817260742,0.0018611906562000513,0.0,0.0,0.0,0.003235048518764862,-0.0027977953699003426,-0.9999631358751109,0.007445380646019631,0,0,0,,1.0,-0.019690845161676407,0.0,False,False,3,False
70.158234905,985,70,158234905,map,12.962833404541016,-0.8432769775390625,-0.43713808059692383,0.0008100508712232113,0.0,0.0,0.0,0.00216098174504711,-0.0024449158300061742,-0.9999434164986981,0.010125035574903527,0,0,0,,1.0,-0.004697863012552261,0.0,False,False,3,False
70.208234906,986,70,208234906,map,13.046647071838379,-1.6976547241210938,1.339147686958313,0.0002731324639171362,0.0,0.0,0.0,0.001072889619358215,-0.0014666159839672903,-0.9999398992072747,0.01081184159918468,0,0,0,,1.0,0.02784694731235504,0.0,False,False,3,False
70.258234906,987,70,258234906,map,13.164280891418457,-2.354602813720703,0.13362526893615723,-0.0010784149635583162,0.0,0.0,0.0,6.798829892876224e-05,-0.0007466400009515792,-0.9999486498947232,0.010106209973110424,0,0,0,,1.0,0.015629470348358154,0.0,False,False,3,False
70.258234906,988,70,308234907,map,13.295536041259766,-2.643566131591797,2.1944966316223145,-0.0014776230091229081,0.0,0.0,0.0,-0.0007915575510715986,0.000326463157370039,-0.9999692021433865,0.007801385977470057,0,0,0,,0.90729820728302,0.04611540213227272,0.0,False,False,3,False
70.358234908,989,70,358234908,map,13.426039695739746,-2.6116371154785156,1.7610058784484863,-0.0016685484442859888,0.0,0.0,0.0,-0.0014554466858844887,0.0013476969954397955,-0.9999895512328184,0.004118593563292107,0,0,0,,0.7068350315093994,0.04172368720173836,0.0,False,False,3,False
70.358234908,990,70,408234909,map,13.535850524902344,-2.187519073486328,1.6205531358718872,-0.0010887144599109888,0.0,0.0,0.0,0.001878554690903941,-0.0020553735888133792,0.9999961160632626,0.00011970828516317165,0,0,0,,0.6671701073646545,0.03630642965435982,0.0,False,False,3,False
70.458234909,991,70,458234909,map,13.621750831604004,-1.7273712158203125,-2.0104751586914062,0.0006818771362304688,0.0,0.0,0.0,0.0020771947633961463,-0.0013314164820980774,0.9999938621714726,0.002487611595160359,0,0,0,,0.6321570873260498,-0.026356633752584457,0.0,False,False,3,False
70.50823491,992,70,508234910,map,13.683785438537598,-1.2405967712402344,0.07922589778900146,0.0008058547391556203,0.0,0.0,0.0,0.0020989782922157083,-0.000706455038397902,0.9999926374320867,0.003133734677158653,0,0,0,,0.45615577697753906,-0.007306013256311417,0.0,False,False,3,False
70.558234911,993,70,558234911,map,13.698699951171875,-0.2984428405761719,-0.15205833315849304,0.00042514799861237407,0.0,0.0,0.0,0.0019389899706351867,-0.00038318227559039597,0.9999935531916339,0.0029978432928637294,0,0,0,,0.16911423206329346,-0.010317008942365646,0.0,False,False,3,False
70.608234912,994,70,608234912,map,13.62862777709961,1.4046859741210938,-1.5251414775848389,0.00042591095552779734,0.0,0.0,0.0,0.001529985596745377,0.00028907882817995307,0.9999974691844769,0.0016239464726275218,0,0,0,,0.0,-0.03206973895430565,0.11033091694116592,False,False,3,False
70.658234912,995,70,658234912,map,13.477361679077148,3.0241775512695312,0.26569947600364685,0.0003414154052734375,0.0,0.0,0.0,-0.0008528182560090864,-0.00046118301655733313,-0.9999995299488396,1.0646465582070828e-05,0,0,0,,0.0,-0.0060323067009449005,0.24521365761756897,False,False,3,False
70.658234912,996,70,708234913,map,13.257852554321289,4.395351409912109,-0.8949613571166992,8.735656592762098e-05,0.0,0.0,0.0,1.2392240452498301e-05,-0.0006819883813194996,-0.9999982538560671,0.0017398342152846824,0,0,0,,0.0,-0.019275877624750137,0.4114919602870941,False,False,3,False
70.708234913,997,70,758234914,map,13.009729385375977,4.958000183105469,0.7501863241195679,-0.00014266971265897155,0.0,0.0,0.0,0.0009227868980675827,-0.00045075637974468553,-0.9999953432866302,0.0028737933261491653,0,0,0,,0.0,0.008309692144393921,0.36571890115737915,False,False,3,False
70.808234915,998,70,808234915,map,12.765771865844727,4.877204895019531,1.9059596061706543,-0.00033531186636537313,0.0,0.0,0.0,0.0017010329635390546,0.0003994047986326883,-0.9999958099706593,0.0023080302832905494,0,0,0,,0.0,0.03544646129012108,0.24048519134521484,False,False,3,False
70.858234915,999,70,858234915,map,12.5369234085083,4.579181671142578,0.5688285231590271,-0.000560760498046875,0.0,0.0,0.0,0.0022638398870487558,0.0009020625728682358,-0.9999967635112756,0.0007309439475014729,0,0,0,,0.0,0.01985688880085945,0.13154172897338867,False,False,3,False
70.908234916,1000,70,908234916,map,12.386542320251465,3.0078125,0.027629435062408447,-1.2397758837323636e-05,0.0,0.0,0.0,-0.0025506660942603175,-0.0009007614167544195,0.9999960210603979,0.0008003716124619716,0,0,0,,0.0,0.007956258952617645,0.008407000452280045,False,False,3,False
70.958234917,1001,70,958234917,map,12.369211196899414,0.3486824035644531,0.35127371549606323,0.0008899688255041838,0.0,0.0,0.0,-0.002203647025452951,-0.0008403276993491244,0.9999949552672949,0.0021277286259552357,0,0,0,,0.022211259230971336,0.008600737899541855,0.0,False,False,0,False
71.008234918,1002,71,8234918,map,12.360628128051758,0.16841888427734375,-0.6062136888504028,0.0006872176891192794,0.0,0.0,0.0,-0.0016102207992136123,-0.0004927461198216672,0.99999473628674,0.0027734074804263496,0,0,0,,0.007165201008319855,-0.007873423397541046,0.0,False,False,0,False
71.008234918,1003,71,58234918,map,11.82378101348877,10.734825134277344,-0.9481534957885742,-0.0005943297874182463,0.0,0.0,0.0,-0.002144830339448735,4.403418967858131e-05,0.9999947517302472,0.002427812959529186,0,0,0,,0.03689109534025192,-0.02449200302362442,0.0,False,False,2,False
71.058234918,1004,71,108234919,map,11.334203720092773,9.793815612792969,-1.0949352979660034,-0.00184974679723382,0.0,0.0,0.0,-0.003375609706426017,0.0006143677160987269,0.9999934803491559,0.0011256423062671209,0,0,0,,0.0200492050498724,-0.030064772814512253,0.0,False,False,2,False
71.15823492,1005,71,158234920,map,10.883983612060547,9.002151489257812,0.9018421173095703,-0.00147323589771986,0.0,0.0,0.0,-0.004522232231687048,0.0004311777317774459,0.9999896661420707,0.00017638162148288206,0,0,0,,0.04609934613108635,0.00935322791337967,0.0,False,False,2,False
71.208234921,1006,71,208234921,map,10.467833518981934,8.325462341308594,1.1365891695022583,-0.0006414414383471012,0.0,0.0,0.0,-0.005337521773471443,-0.00018114397259830128,0.9999856634537243,0.0003885037882142061,0,0,0,,0.007628083229064941,0.0230327807366848,0.0,False,False,2,False
71.258234921,1007,71,258234921,map,10.074934959411621,7.856712341308594,-0.31696295738220215,0.00044021609937772155,0.0,0.0,0.0,-0.005819548312260974,-0.0003015225865598467,0.9999826529641529,0.0008577367576500066,0,0,0,,0.0,0.000385936233215034,0.03137517720460892,False,False,2,False
71.308234922,1008,71,308234922,map,9.686741828918457,7.7635955810546875,-1.3169621229171753,0.0009639738709665835,0.0,0.0,0.0,-0.006063865141564571,0.00020777325706983934,0.9999814863093718,0.00046196138166856117,0,0,0,,0.0,-0.02387451007962227,0.1483481228351593,False,False,2,False
71.358234923,1009,71,358234923,map,9.3110990524292,7.518177032470703,-0.9175199270248413,0.0008735657320357859,0.0,0.0,0.0,0.006158822238056176,-0.0007288209161750046,-0.9999804676582893,0.0007759063224768241,0,0,0,,0.0,-0.024418383836746216,0.17810994386672974,False,False,2,False
71.358234923,1010,71,408234924,map,8.9561185836792,7.097644805908203,0.28598934412002563,0.0009847640758380294,0.0,0.0,0.0,0.006122799848518682,-0.0007004615322743475,-0.9999792620378825,0.0018698047568893369,0,0,0,,0.0,-0.003541126847267151,0.13976651430130005,False,False,2,False
71.408234924,1011,71,458234924,map,8.63475227355957,6.423778533935547,0.7268248796463013,0.0009593963623046875,0.0,0.0,0.0,0.005965285954990032,-0.00028177876951359634,-0.9999798161964585,0.0021686779146109915,0,0,0,,0.0,0.01058068498969078,0.07749301940202713,False,False,2,False
71.508234925,1012,71,508234925,map,8.322944641113281,6.239986419677734,1.7582240104675293,0.0006345749134197831,0.0,0.0,0.0,0.0057261895858147895,0.0005360564315133061,-0.9999828409574832,0.0011140856924061846,0,0,0,,0.0,0.03745672479271889,0.014528758823871613,False,False,2,False
71.558234926,1013,71,558234926,map,8.061488151550293,5.2317047119140625,0.28194889426231384,0.00013237004168331623,0.0,0.0,0.0,-0.005422267207559673,-0.0008837178298237751,0.9999847989515016,0.0004689638068707323,0,0,0,,0.02855163812637329,0.019250590354204178,0.0,False,False,2,False
71.608234927,1014,71,608234927,map,7.763557434082031,5.965156555175781,0.5424098968505859,0.00015544879715889692,0.0,0.0,0.0,-0.005124937986757915,-0.0009987579751610412,0.9999841447899732,0.002108948032772984,0,0,0,,0.029673825949430466,0.021826818585395813,0.0,False,False,2,False
71.658234927,1015,71,658234927,map,7.545579433441162,4.351644515991211,-0.7403391599655151,6.732952897436917e-05,0.0,0.0,0.0,-0.004799643423644359,-0.0006277595185573751,0.9999835034741826,0.003092267855825228,0,0,0,,0.04888088256120682,-0.002936888486146927,0.0,False,False,2,False
71.708234928,1016,71,708234928,map,7.266580104827881,5.575265884399414,-0.7604278326034546,-1.6403209883719683e-05,0.0,0.0,0.0,-0.0045161833981633695,-9.200353071013917e-05,0.9999848171256531,0.00315612753838079,0,0,0,,0.09284140169620514,-0.012361578643321991,0.0,False,False,2,False
71.708234928,1017,71,758234929,map,7.089216709136963,3.547487258911133,0.04622839391231537,-0.0003562927304301411,0.0,0.0,0.0,-0.004197671032294346,9.884826624483813e-05,0.9999868952531222,0.0029290115987883054,0,0,0,,0.12122296541929245,-0.002800803631544113,0.0,False,False,2,False
71.758234929,1018,71,808234930,map,6.839700222015381,4.994544982910156,0.619877278804779,-0.00018615726730786264,0.0,0.0,0.0,-0.003917019356788282,-0.00010457488107854827,0.9999873640966213,0.0031492333264144198,0,0,0,,0.15399211645126343,0.010782334953546524,0.0,False,False,2,False
71.80823493,1019,71,858234930,map,6.718418598175049,2.4326324462890625,0.6047012805938721,-0.00020236970158293843,0.0,0.0,0.0,-0.0035568522488444677,-0.0004087342843260611,0.9999865243003535,0.003759382404473146,0,0,0,,0.20143675804138184,0.01695072650909424,0.0,False,False,2,False
71.908234931,1020,71,908234931,map,6.5092453956604,4.180364608764648,-0.26810333132743835,-1.6403209883719683e-05,0.0,0.0,0.0,-0.0032267345543850645,-0.0003665942326557949,0.9999842530537535,0.004576837042179192,0,0,0,,0.21838167309761047,0.002820868045091629,0.0,False,False,2,False
71.958234932,1021,71,958234932,map,6.416010856628418,1.8568897247314453,-0.9198382496833801,-0.00010757445124909282,0.0,0.0,0.0,-0.002870189766963458,4.9175389374324635e-05,0.9999863821544966,0.004358336614315456,0,0,0,,0.23538818955421448,-0.016610771417617798,0.0,False,False,2,False
71.958234932,1022,72,8234933,map,6.22163724899292,3.8913345336914062,0.522291898727417,-0.00013217926607467234,0.0,0.0,0.0,-0.0026030886111137273,3.7171693523434414e-05,0.9999864478911865,0.004508501071903661,0,0,0,,0.249047189950943,0.006634782999753952,0.0,False,False,2,False
72.008234933,1023,72,58234933,map,6.149972915649414,1.4319324493408203,-0.15988320112228394,-0.0001861571945482865,0.0,0.0,0.0,-0.002319498168703212,2.2011349549210367e-05,0.9999877583619547,0.004370648690846051,0,0,0,,0.276416152715683,-0.0022542811930179596,0.0,False,False,2,False
72.058234933,1024,72,108234934,map,5.969977378845215,3.596811294555664,-0.5108532905578613,-0.00020618436974473298,0.0,0.0,0.0,-0.0021206713926765273,0.0001987760895979974,0.9999884868991378,0.004299919776400303,0,0,0,,0.31513750553131104,-0.012142520397901535,0.0,False,False,2,False
72.158234935,1025,72,158234935,map,5.920817852020264,0.9821701049804688,-0.5624600648880005,-0.00016574861365370452,0.0,0.0,0.0,-0.0018850678760220492,0.00043489304744247204,0.9999922694341318,0.003423223497633105,0,0,0,,0.3662393391132355,-0.01864546164870262,0.0,False,False,2,False
72.158234935,1026,72,208234935,map,5.759326457977295,3.2318115234375,0.7433584928512573,9.231566946255043e-05,0.0,0.0,0.0,-0.0017186445248998977,0.0001969025037378279,0.9999928834061144,0.003352704509294158,0,0,0,,0.3765680193901062,0.008517690002918243,0.0,False,False,2,False
72.258234936,1027,72,258234936,map,5.732545375823975,0.5350017547607422,-0.11661462485790253,-0.00010852812556549907,0.0,0.0,0.0,-0.0015002325369969267,6.538116752682572e-05,0.9999941123782012,0.0030854880604716255,0,0,0,,0.38793399930000305,-0.002434689551591873,0.0,False,False,2,False
72.308234937,1028,72,308234937,map,5.586548328399658,2.918977737426758,-0.2556504011154175,-1.8501277736504562e-05,0.0,0.0,0.0,-0.0013514717392364985,0.0001179928785152751,0.9999942232581036,0.0031165770070182178,0,0,0,,0.4138597249984741,-0.00746319442987442,0.0,False,False,2,False
72.358234938,1029,72,358234938,map,5.57883358001709,0.15405654907226562,-0.10444140434265137,-1.430511474609375e-05,0.0,0.0,0.0,-0.0011503639583222787,0.0001632983879249111,0.9999959145654035,0.002611675497086772,0,0,0,,0.42561331391334534,-0.0065616704523563385,0.0,False,False,2,False
72.408234938,1030,72,408234938,map,5.4471354484558105,2.635927200317383,0.4805714190006256,-1.735687328618951e-05,0.0,0.0,0.0,-0.0010219124532852978,-1.6253815498338104e-05,0.9999953926343516,0.0028583458189437847,0,0,0,,0.4526631236076355,0.0077947936952114105,0.0,False,False,2,False
72.458234939,1031,72,458234939,map,5.456974029541016,-0.197296142578125,-0.08832219988107681,-5.722040441469289e-07,0.0,0.0,0.0,-0.0008358606058981821,-7.307480285259247e-05,0.9999958856317832,0.0027431216936546154,0,0,0,,0.46263182163238525,-0.0006253757746890187,0.0,False,False,2,False
72.50823494,1032,72,508234940,map,5.338412761688232,2.3697853088378906,-0.3976104259490967,1.926422191900201e-05,0.0,0.0,0.0,-0.0007217922290500484,7.124749307835911e-05,0.9999957323591605,0.002830053575294685,0,0,0,,0.4589597284793854,-0.009971708059310913,0.0,False,False,2,False
72.558234941,1033,72,558234941,map,5.362833023071289,-0.48858642578125,-0.20911641418933868,-3.4713742934400216e-05,0.0,0.0,0.0,-0.000551673023991968,0.00019900680522004746,0.9999973154368063,0.0022416896187109547,0,0,0,,0.4815542995929718,-0.009887050837278366,0.0,False,False,2,False
72.608234941,1034,72,608234941,map,5.254751682281494,2.1631526947021484,0.5774827003479004,5.5503842304460704e-05,0.0,0.0,0.0,-0.0004591141626801579,8.86974159692479e-06,0.9999968832502242,0.0024541037774816906,0,0,0,,0.460698664188385,0.00878186896443367,0.0,False,False,2,False
72.658234942,1035,72,658234942,map,5.289778232574463,-0.7017898559570312,-0.32636189460754395,-7.057187758618966e-06,0.0,0.0,0.0,-0.00031079776810539935,1.8832880302340356e-05,0.9999975620938275,0.0021860595764494717,0,0,0,,0.49249303340911865,-0.006666582077741623,0.0,False,False,2,False
72.708234943,1036,72,708234943,map,5.192507266998291,1.9451904296875,-0.3337397575378418,-5.989074270473793e-05,0.0,0.0,0.0,-0.0002358105606313161,0.00016183697390506724,0.999997705869114,0.002122842123743753,0,0,0,,0.5557811856269836,-0.011248186230659485,0.0,False,False,2,False
72.758234944,1037,72,758234944,map,5.2464189529418945,-1.0782623291015625,0.1300048679113388,-2.937316821771674e-05,0.0,0.0,0.0,-8.421767554886176e-05,0.00015000698302973698,0.9999986815955261,0.0016146865014377745,0,0,0,,0.5831522941589355,-0.0028279274702072144,0.0,False,False,2,False
72.808234944,1038,72,808234944,map,5.16916561126709,1.5470504760742188,0.6064230799674988,7.629387255292386e-07,0.0,0.0,0.0,1.0638574066127324e-05,-0.00010441744438038198,0.9999979818857115,0.0020062921826917613,0,0,0,,0.5823855400085449,0.011826295405626297,0.0,False,False,2,False
72.808234944,1039,72,858234945,map,5.243561267852783,-1.4891242980957031,-0.23793309926986694,-5.4740903578931466e-05,0.0,0.0,0.0,0.00018621422886910181,-0.00011807377935319238,0.999998087683924,0.0019431961657786277,0,0,0,,0.6161870956420898,-0.002416010946035385,0.0,False,False,2,False
72.908234946,1040,72,908234946,map,5.185412883758545,1.163492202758789,0.11577006429433823,-9.727482392918319e-06,0.0,0.0,0.0,0.00030145082522979935,-0.00011627799096004915,0.9999972783837298,0.00231059125816602,0,0,0,,0.600896954536438,0.002431947737932205,0.0,False,False,2,False
72.958234947,1041,72,958234947,map,5.277169227600098,-1.8349742889404297,0.034984685480594635,2.880096508306451e-05,0.0,0.0,0.0,0.0004870148733803455,-0.00011374067667273588,0.9999973761834858,0.0022355101690077796,0,0,0,,0.5925484895706177,0.001465543988160789,0.0,False,False,2,False
73.008234947,1042,73,8234947,map,5.230297088623047,0.9378337860107422,0.06761614233255386,-8.678436279296875e-05,0.0,0.0,0.0,0.0005908477326781335,-0.00011900035512204789,0.999996356924201,0.0026311359140939383,0,0,0,,0.5708581805229187,0.0023339465260505676,0.0,False,False,2,False
73.008234947,1043,73,58234948,map,5.329248905181885,-1.9804000854492188,-0.3012917637825012,9.93728608591482e-05,0.0,0.0,0.0,0.0007462006304332034,3.386705499907077e-06,0.9999968749586768,0.0023860523945784134,0,0,0,,0.5950572490692139,-0.0064226239919662476,0.0,False,False,2,False
73.108234949,1044,73,108234949,map,5.288451671600342,0.8161354064941406,0.05674753338098526,-2.9754637580481358e-05,0.0,0.0,0.0,0.0008122135514479892,3.8560458694841736e-05,0.9999964528486834,0.0025363580758389834,0,0,0,,0.5702581405639648,-0.0012108535738661885,0.0,False,False,2,False
73.15823495,1045,73,158234950,map,5.389784336090088,-2.0267868041992188,-0.03717806190252304,3.147124880342744e-05,0.0,0.0,0.0,0.0009271447645221627,4.9744615539503676e-05,0.9999970525468554,0.0022433960105806674,0,0,0,,0.554387092590332,-0.002483021467924118,0.0,False,False,2,False
73.20823495,1046,73,208234950,map,5.347936153411865,0.8370876312255859,0.03780048340559006,-7.286071922862902e-05,0.0,0.0,0.0,0.0009461222896003974,3.091611432579452e-05,0.999996625725136,0.002419180677272785,0,0,0,,0.537255585193634,-0.0008188636275008321,0.0,False,False,2,False
73.20823495,1047,73,258234951,map,5.445367813110352,-1.9483470916748047,0.0776446983218193,9.746551950229332e-05,0.0,0.0,0.0,0.0010113594864062992,-6.500642521598632e-06,0.9999970367229196,0.0022144198135610354,0,0,0,,0.5648492574691772,0.0005603729514405131,0.0,False,False,2,False
73.308234952,1048,73,308234952,map,5.402451992034912,0.8577156066894531,-0.18111707270145416,-4.9591064453125e-05,0.0,0.0,0.0,0.0009924512101878369,3.841949072916558e-05,0.9999967064399582,0.002366574269780791,0,0,0,,0.5458307266235352,-0.004699353128671646,0.0,False,False,2,False
73.308234952,1049,73,358234953,map,5.497075080871582,-1.8918991088867188,0.17296501994132996,6.389617919921875e-05,0.0,0.0,0.0,0.0010308101617353272,2.4811647296349515e-06,0.9999971917656019,0.0021339834029760166,0,0,0,,0.531955897808075,0.0015785059658810496,0.0,False,False,2,False
73.408234953,1050,73,408234953,map,5.4493608474731445,0.9534263610839844,-0.5558976531028748,-3.147124880342744e-05,0.0,0.0,0.0,0.0009865635668143825,0.000165470742032426,0.9999973491173564,0.002073902124537201,0,0,0,,0.5155527591705322,-0.013546310365200043,0.0,False,False,2,False
73.458234954,1051,73,458234954,map,5.537599086761475,-1.764230728149414,0.46865278482437134,1.983642505365424e-05,0.0,0.0,0.0,0.0009992085179011203,6.588644936614228e-05,0.9999979972347334,0.0017328496286476472,0,0,0,,0.5393418073654175,0.004911385476589203,0.0,False,False,2,False
73.508234955,1052,73,508234955,map,5.48801851272583,0.9913730621337891,-0.08094987273216248,-1.1253358024987392e-05,0.0,0.0,0.0,0.0009406424140272695,1.0301014847171439e-05,0.999997679936591,0.0019378356930301118,0,0,0,,0.5473082661628723,-0.0018881784053519368,0.0,False,False,2,False
73.558234956,1053,73,558234956,map,5.577075004577637,-1.781473159790039,-0.3308231830596924,9.212493750965223e-05,0.0,0.0,0.0,0.0009564768999253961,0.00011917768461185469,0.9999984064115873,0.0015027051957347641,0,0,0,,0.5798225998878479,-0.009161621332168579,0.0,False,False,2,False
73.608234956,1054,73,608234956,map,5.530857563018799,0.9260463714599609,0.6653910875320435,-8.125304884742945e-05,0.0,0.0,0.0,0.0009149702849180169,-7.756543660194933e-05,0.9999979220733367,0.0018200719737028579,0,0,0,,0.5446524024009705,0.011225175112485886,0.0,False,False,2,False
73.658234957,1055,73,658234957,map,5.622446060180664,-1.8329811096191406,-0.9494110941886902,8.02993745310232e-05,0.0,0.0,0.0,0.0009492942105456491,0.00015606492941650275,0.9999986421794779,0.0013379549469805445,0,0,0,,0.6053016185760498,-0.019397716969251633,0.0,False,False,2,False
73.658234957,1056,73,708234958,map,5.581284523010254,0.8230781555175781,0.6120621562004089,-9.17434663278982e-05,0.0,0.0,0.0,0.0009290822084749247,5.925050331706171e-05,0.9999985749143216,0.0014083554073964992,0,0,0,,0.556352972984314,0.0067492276430130005,0.0,False,False,2,False
73.708234958,1057,73,758234959,map,5.67529296875,-1.878652572631836,0.37181025743484497,6.580352783203125e-05,0.0,0.0,0.0,0.0009797290562663528,-0.0001588224479539763,0.9999984426752586,0.0014592989632126578,0,0,0,,0.56055748462677,0.009003188461065292,0.0,False,False,2,False
73.758234959,1058,73,808234959,map,5.6337738037109375,0.8292198181152344,-0.25361284613609314,-8.296966552734375e-05,0.0,0.0,0.0,0.000960231398367444,-0.00012907920377336454,0.9999978123322639,0.0018538136117118328,0,0,0,,0.5483624935150146,-0.002440359443426132,0.0,False,False,2,False
73.808234959,1059,73,858234960,map,5.727095127105713,-1.8669414520263672,-0.6013745069503784,4.692077709478326e-05,0.0,0.0,0.0,0.0010025592500137093,0.00013643706872110205,0.9999985466794267,0.0013721876370355317,0,0,0,,0.5878356695175171,-0.01433911919593811,0.0,False,False,2,False
73.908234961,1060,73,908234961,map,5.686864376068115,0.8044910430908203,0.09522854536771774,-7.62939453125e-05,0.0,0.0,0.0,0.0009784716630588939,0.0001946816049893331,0.9999987446810674,0.0012309868263229537,0,0,0,,0.5423529744148254,-0.003922209143638611,0.0,False,False,2,False
73.908234961,1061,73,958234962,map,5.776771545410156,-1.7966175079345703,0.7162712812423706,4.062652442371473e-05,0.0,0.0,0.0,0.0010125867251874231,-8.267655441224565e-05,0.9999988003903548,0.0011692093750257293,0,0,0,,0.5238823890686035,0.012883439660072327,0.0,False,False,2,False
74.008234962,1062,74,8234962,map,5.731186866760254,0.9101104736328125,-0.619323194026947,-5.531310307560489e-06,0.0,0.0,0.0,0.0009681135075985745,1.0418301302479195e-05,0.9999986057113458,0.0013605965823018037,0,0,0,,0.5423659086227417,-0.010400071740150452,0.0,False,False,2,False
74.058234963,1063,74,58234963,map,5.816384315490723,-1.7037773132324219,-0.18727725744247437,8.583069757150952e-06,0.0,0.0,0.0,0.0009820009391681708,0.00015606874345023498,0.9999991399293472,0.0008552527514462896,0,0,0,,0.5266091823577881,-0.007895298302173615,0.0,False,False,2,False
74.058234963,1064,74,108234964,map,5.764794826507568,1.0342597961425781,-0.5792863368988037,1.449584942747606e-05,0.0,0.0,0.0,0.0009199203733820904,0.00037400723582948727,0.9999994141289253,0.00043082119308147156,0,0,0,,0.4812335968017578,-0.017888575792312622,0.0,False,False,2,False
74.158234965,1065,74,158234965,map,5.837616920471191,-1.459035873413086,0.8814167380332947,7.019042823230848e-05,0.0,0.0,0.0,0.0009064122707495714,0.0001059149964072215,0.9999995826555126,4.344662770047072e-05,0,0,0,,0.4651196002960205,0.011369932442903519,0.0,False,False,2,False
74.208234965,1066,74,208234965,map,5.773885250091553,1.2745952606201172,-0.15141747891902924,-2.8991697035962716e-05,0.0,0.0,0.0,0.0008110369613928528,-1.168313202457895e-05,0.9999996302860658,0.00028550005876527113,0,0,0,,0.4599723219871521,-0.0018918403657153249,0.0,False,False,2,False
74.258234966,1067,74,258234966,map,5.83591365814209,-1.2404632568359375,0.21646617352962494,6.31332368357107e-05,0.0,0.0,0.0,0.0007703117572717599,-9.522508600699544e-05,0.9999996797342302,0.0001951497288820082,0,0,0,,0.4847341477870941,0.004166353493928909,0.0,False,False,2,False
74.308234967,1068,74,308234967,map,5.766663074493408,1.3857555389404297,0.27813658118247986,-2.2315980459097773e-05,0.0,0.0,0.0,0.0006681338332446631,-0.00021326748619818472,0.9999994948609803,0.0007199944059065788,0,0,0,,0.5054562091827393,0.007626812905073166,0.0,False,False,2,False
74.358234968,1069,74,358234968,map,5.830036640167236,-1.266021728515625,0.2895275056362152,5.378722562454641e-05,0.0,0.0,0.0,0.0006474578234947691,-0.00032342716661018284,0.9999992309208989,0.0010071498624698626,0,0,0,,0.558753252029419,0.009958546608686447,0.0,False,False,2,False
74.358234968,1070,74,408234968,map,5.766485214233398,1.2696170806884766,-1.1882449388504028,-9.326934377895668e-05,0.0,0.0,0.0,0.0005891679212553544,9.249217948970181e-05,0.9999992953526198,0.001026460238507624,0,0,0,,0.5430468916893005,-0.02274472638964653,0.0,False,False,2,False
74.458234969,1071,74,458234969,map,5.834700107574463,-1.3628482818603516,-0.2862178683280945,-2.346038854739163e-05,0.0,0.0,0.0,0.0006152338906545753,0.00038492615279830993,0.9999997266752456,0.0001413101219203301,0,0,0,,0.47304415702819824,-0.014597825706005096,0.0,False,False,2,False
74.50823497,1072,74,508234970,map,5.766820907592773,1.3553047180175781,0.6181915998458862,3.757476952159777e-05,0.0,0.0,0.0,0.0005726930357890525,0.0001916509858852693,0.9999998157932957,6.087660283780976e-05,0,0,0,,0.45090198516845703,0.006008535623550415,0.0,False,False,2,False
74.558234971,1073,74,558234971,map,5.8244452476501465,-1.152334213256836,-0.1045607402920723,2.0980837689421605e-06,0.0,0.0,0.0,-0.0005802297596454432,-8.557812903525159e-05,-0.9999997967247887,0.0002501203533600834,0,0,0,,0.46299368143081665,-0.002760138362646103,0.0,False,False,2,False
74.558234971,1074,74,608234971,map,5.7491679191589355,1.5053367614746094,0.26976680755615234,1.7166134057333693e-05,0.0,0.0,0.0,0.0005126587232405568,-3.889231417094746e-05,0.9999998676369827,1.986048079985021e-05,0,0,0,,0.4684410095214844,0.0044538527727127075,0.0,False,False,2,False
74.658234972,1075,74,658234972,map,5.803607940673828,-1.0882186889648438,0.3272315263748169,1.5830995835131034e-05,0.0,0.0,0.0,0.0005078670932224856,-0.00019766825439757713,0.9999998440968878,0.00012167364801480044,0,0,0,,0.5054125785827637,0.008624784648418427,0.0,False,False,2,False
74.708234973,1076,74,708234973,map,5.730113506317139,1.4711952209472656,0.2894147038459778,-2.6512148906476796e-05,0.0,0.0,0.0,0.00044949894841479543,-0.0003274176855456649,0.9999994852876203,0.0008486299834818164,0,0,0,,0.5205796957015991,0.010307785123586655,0.0,False,False,2,False
74.758234973,1077,74,758234973,map,5.791248321533203,-1.2227439880371094,-0.004764869809150696,2.0408628188306466e-05,0.0,0.0,0.0,0.0004741532119047303,-0.00031798512433153174,0.9999991973816423,0.0011310615648440648,0,0,0,,0.5462886095046997,0.004997588694095612,0.0,False,False,2,False
74.808234974,1078,74,808234974,map,5.723321437835693,1.3605213165283203,-1.5910018682479858,-8.354186138603836e-05,0.0,0.0,0.0,0.0004512115383047248,0.00029138899091053983,0.9999995089957144,0.0008327718377564282,0,0,0,,0.5410277247428894,-0.03388453647494316,0.0,False,False,2,False
74.858234975,1079,74,858234975,map,5.791255474090576,-1.3622474670410156,1.1829861402511597,2.47955313170678e-06,0.0,0.0,0.0,0.0005087754000197349,0.000124334338343895,0.9999997827070605,0.0004003428485840292,0,0,0,,0.5307607650756836,0.014751240611076355,0.0,False,False,2,False
74.858234975,1080,74,908234976,map,5.730106830596924,1.2228584289550781,-0.06115863099694252,-3.852844383800402e-05,0.0,0.0,0.0,0.000509774045124237,-3.33983038860765e-05,0.9999995987712077,0.0007358480819342711,0,0,0,,0.5313395261764526,0.0009317881194874644,0.0,False,False,2,False
74.908234976,1081,74,958234976,map,5.801305770874023,-1.4234638214111328,0.20834147930145264,5.607604543911293e-05,0.0,0.0,0.0,0.0005768775796851977,-0.0001277303424093974,0.9999995459787552,0.0007476225659758061,0,0,0,,0.531545102596283,0.005400609225034714,0.0,False,False,2,False
75.008234977,1082,75,8234977,map,5.742794036865234,1.172189712524414,0.38194674253463745,-5.435943603515625e-05,0.0,0.0,0.0,0.0005772373028417629,-0.000276986491388037,0.999998794353581,0.0014146967747060714,0,0,0,,0.547883152961731,0.011073648929595947,0.0,False,False,2,False
75.058234978,1083,75,58234978,map,5.819848537445068,-1.5437030792236328,-0.7272601127624512,1.869201696536038e-05,0.0,0.0,0.0,0.0006460602305499033,-4.289918720272269e-05,0.9999989824669605,0.0012711533666707013,0,0,0,,0.5973724126815796,-0.011830687522888184,0.0,False,False,2,False
75.058234978,1084,75,108234979,map,5.770011901855469,0.9967231750488281,-0.03421344608068466,1.2969969247933477e-05,0.0,0.0,0.0,0.0006601324340868084,0.00010024297396929471,0.9999989395734526,0.0012942289155056669,0,0,0,,0.5506470203399658,-0.004240836948156357,0.0,False,False,2,False
75.158234979,1085,75,158234979,map,5.851682186126709,-1.6333484649658203,-0.12707340717315674,-8.792877633823082e-05,0.0,0.0,0.0,0.0007382807264004476,0.0001621573814614094,0.9999993591924432,0.0008427699896570982,0,0,0,,0.5323636531829834,-0.005713380873203278,0.0,False,False,2,False
75.158234979,1086,75,208234980,map,5.799560546875,1.0453414916992188,-0.7163426280021667,2.1362311599659733e-05,0.0,0.0,0.0,0.0007371768103851025,0.00040081832429561304,0.9999995628267551,0.0004126273379076314,0,0,0,,0.5084736943244934,-0.019920699298381805,0.0,False,False,2,False
75.258234981,1087,75,258234981,map,5.875330448150635,-1.5183162689208984,0.7253594398498535,4.0054314013104886e-05,0.0,0.0,0.0,-0.0007821713505943263,-0.0001987280882023659,-0.9999996691261339,0.00010228757538194743,0,0,0,,0.5159879922866821,0.007185358554124832,0.0,False,False,2,False
75.308234982,1088,75,308234982,map,5.819735050201416,1.1120223999023438,0.29996421933174133,-4.57763690064894e-06,0.0,0.0,0.0,0.0007480829176178822,-6.143428468549734e-05,0.9999996888246474,0.00024279288560761684,0,0,0,,0.5212206840515137,0.006674919277429581,0.0,False,False,2,False
75.358234982,1089,75,358234982,map,5.893604278564453,-1.4760971069335938,0.3886694312095642,6.332397606456652e-05,0.0,0.0,0.0,0.0007717523265735535,-0.0002706751152846946,0.9999995540547506,0.00047225377535504894,0,0,0,,0.5487076044082642,0.011036593466997147,0.0,False,False,2,False
75.408234983,1090,75,408234983,map,5.840881824493408,1.0535526275634766,-0.22497080266475677,-5.0926206313306466e-05,0.0,0.0,0.0,0.0007368398423929939,-0.00022791589602983342,0.9999991868079263,0.0010156302856408612,0,0,0,,0.5722637176513672,-0.0003576112212613225,0.0,False,False,2,False
75.458234984,1091,75,458234984,map,5.921043872833252,-1.6027355194091797,-0.8609351515769958,7.858275785110891e-05,0.0,0.0,0.0,0.0007782736524931628,0.00014517132731709233,0.999999551545071,0.0005197355715523625,0,0,0,,0.5731220245361328,-0.018602952361106873,0.0,False,False,2,False
75.508234985,1092,75,508234985,map,5.872860908508301,0.9633922576904297,0.9310446977615356,-5.893707202631049e-05,0.0,0.0,0.0,0.0007640469033372242,-3.3594960241398444e-05,0.9999994275204597,0.0007483732096903653,0,0,0,,0.534040093421936,0.013962600380182266,0.0,False,False,2,False
75.558234985,1093,75,558234985,map,5.9519548416137695,-1.5804767608642578,0.2929992079734802,1.0299681889591739e-05,0.0,0.0,0.0,0.0008111406662111784,-0.00025754001662831434,0.9999991375036162,0.001000357927468436,0,0,0,,0.5208591222763062,0.010127812623977661,0.0,False,False,2,False
75.608234986,1094,75,608234986,map,5.900160789489746,1.0336875915527344,-0.7361931204795837,2.7275083994027227e-05,0.0,0.0,0.0,0.0007843517546826315,-3.6667820563423395e-05,0.9999989088305422,0.0012513135181538115,0,0,0,,0.529058039188385,-0.011901110410690308,0.0,False,False,2,False
75.608234986,1095,75,658234987,map,5.976635932922363,-1.5294361114501953,0.13700450956821442,2.0790101189049892e-05,0.0,0.0,0.0,0.0008139467533456226,4.789080177681991e-05,0.9999992238661781,0.0009420531806313808,0,0,0,,0.5408581495285034,-0.0004796945722773671,0.0,False,False,2,False
75.708234988,1096,75,708234988,map,5.92342472076416,1.0671424865722656,-0.9642669558525085,-4.57763671875e-05,0.0,0.0,0.0,0.0007747646021772591,0.00037335663045745375,0.9999994835446072,0.0005415303837843392,0,0,0,,0.5222296714782715,-0.02320069819688797,0.0,False,False,2,False
75.758234988,1097,75,758234988,map,5.997567653656006,-1.4857673645019531,0.7025954723358154,-4.57763690064894e-06,0.0,0.0,0.0,-0.0007962518351994282,-0.00022915252407828692,-0.9999996563361638,2.8278786694100674e-05,0,0,0,,0.5370666980743408,0.005917232483625412,0.0,False,False,2,False
75.808234989,1098,75,808234989,map,5.943460464477539,1.0820770263671875,0.19372233748435974,-7.820128303137608e-06,0.0,0.0,0.0,0.0007534651735157579,1.4884978359027441e-05,0.9999996966961088,0.00019666306246027138,0,0,0,,0.5058577656745911,0.0036122798919677734,0.0,False,False,2,False
75.85823499,1099,75,858234990,map,6.013604640960693,-1.4010810852050781,0.6045701503753662,2.2506712411995977e-05,0.0,0.0,0.0,0.0007678923472471062,-0.00026238685362753273,0.99999957724837,0.00043243214886622264,0,0,0,,0.5229639410972595,0.014433132484555244,0.0,False,False,2,False
75.908234991,1100,75,908234991,map,5.957488536834717,1.1253833770751953,0.4171750545501709,-4.8828122089616954e-05,0.0,0.0,0.0,0.0007185796886756722,-0.00047797974984189497,0.9999986444637804,0.0014022300779421154,0,0,0,,0.5421199798583984,0.015233958140015602,0.0,False,False,2,False
75.908234991,1101,75,958234991,map,6.030933856964111,-1.4735889434814453,-0.8652758598327637,2.9563900170614943e-05,0.0,0.0,0.0,0.0007415250786014036,-0.000176310180561889,0.9999986602733476,0.001448622375958544,0,0,0,,0.5863392949104309,-0.011933960020542145,0.0,False,False,2,False
76.008234992,1102,76,8234992,map,5.981298923492432,0.9925651550292969,-0.09938046336174011,4.844665454584174e-05,0.0,0.0,0.0,0.0007189604398605725,4.477749235426817e-05,0.9999985849924435,0.0015202315523747151,0,0,0,,0.5484275221824646,-0.004753598943352699,0.0,False,False,2,False
76.058234993,1103,76,58234993,map,6.060706615447998,-1.587514877319336,-0.5228903293609619,-2.2506712411995977e-05,0.0,0.0,0.0,0.000769440335265896,0.00027757319354842705,0.9999992848259456,0.000872503461357339,0,0,0,,0.5894551277160645,-0.0143194030970335,0.0,False,False,2,False
76.058234993,1104,76,108234994,map,6.016348838806152,0.8870792388916016,0.02261374145746231,-6.484984623966739e-06,0.0,0.0,0.0,0.0007666373691913372,0.0003183927506191405,0.9999994934867317,0.0005691392455184813,0,0,0,,0.5474843978881836,-0.00608459860086441,0.0,False,False,2,False
76.158234994,1105,76,158234994,map,6.096023082733154,-1.5915203094482422,-0.4064590036869049,-4.673004150390625e-05,0.0,0.0,0.0,-0.0008225631942962815,-0.000403084201180636,-0.9999995496369575,0.0002482716257661986,0,0,0,,0.5231174826622009,-0.013734392821788788,0.0,False,False,2,False
76.208234995,1106,76,208234995,map,6.04527473449707,1.012411117553711,0.8751135468482971,1.7356871467200108e-05,0.0,0.0,0.0,-0.0007988080254981383,-8.212173209716294e-05,-0.9999996644395712,0.00016211879657593124,0,0,0,,0.48217087984085083,0.012265644967556,0.0,False,False,2,False
76.208234995,1107,76,258234996,map,6.115412712097168,-1.4027595520019531,-0.16689181327819824,5.645752025884576e-05,0.0,0.0,0.0,-0.0008154606609234539,3.5464721681667806e-05,-0.9999996299599619,0.0002717463948917076,0,0,0,,0.5306079983711243,-0.0013572388561442494,0.0,False,False,2,False
76.258234996,1108,76,308234997,map,6.060484886169434,1.0988044738769531,0.34640640020370483,-6.256102642510086e-05,0.0,0.0,0.0,0.0007614245175925282,-0.00015937509113273136,0.9999996853647567,0.00015525035206824062,0,0,0,,0.5241389274597168,0.00734650157392025,0.0,False,False,2,False
76.308234997,1109,76,358234997,map,6.131300449371338,-1.4152145385742188,0.3197585940361023,6.31332368357107e-05,0.0,0.0,0.0,0.0007712780133692619,-0.0002983313104761489,0.9999995698877888,0.0004199439159960961,0,0,0,,0.5765451192855835,0.009737541899085045,0.0,False,False,2,False
76.408234998,1110,76,408234998,map,6.082643985748291,0.9720897674560547,-0.2956262528896332,-5.9509275160962716e-05,0.0,0.0,0.0,0.000736528816206624,-0.00020333593032212792,0.999999294992203,0.0009089526386788734,0,0,0,,0.5844018459320068,-0.0020926780998706818,0.0,False,False,2,False
76.458234999,1111,76,458234999,map,6.161742210388184,-1.5822982788085938,-0.30614161491394043,6.752014451194555e-05,0.0,0.0,0.0,0.0007818898245370891,-5.856162723946899e-06,0.9999994647053215,0.0006776452449748126,0,0,0,,0.5665470361709595,-0.006418254226446152,0.0,False,False,2,False
76.508235,1112,76,508235000,map,6.116711139678955,0.9020233154296875,0.6061339974403381,-7.209777686512098e-05,0.0,0.0,0.0,0.000772505989245472,-0.00013825345997668385,0.999999108697166,0.0010801506149730493,0,0,0,,0.5353601574897766,0.011036654934287071,0.0,False,False,2,False
76.558235,1113,76,558235000,map,6.192995071411133,-1.5265274047851562,-0.21510183811187744,5.722047262679553e-06,0.0,0.0,0.0,0.0008182334940003008,-0.00012501071367925615,0.9999990424464484,0.0011090412332989223,0,0,0,,0.5228928327560425,-0.0011362918885424733,0.0,False,False,2,False
76.608235001,1114,76,608235001,map,6.1435441970825195,0.9891223907470703,-0.7708914279937744,-2.136230432370212e-05,0.0,0.0,0.0,0.0007902422317196027,0.0001853220411617729,0.999999186172761,0.0009842899837039574,0,0,0,,0.5405815839767456,-0.01661861687898636,0.0,False,False,2,False
76.658235002,1115,76,658235002,map,6.2168965339660645,-1.4675140380859375,0.1841232031583786,7.057187758618966e-06,0.0,0.0,0.0,0.0008163803529964959,0.0002342727423636088,0.9999995575193201,0.00040447566749090923,0,0,0,,0.5334988832473755,-0.002508692443370819,0.0,False,False,2,False
76.708235003,1116,76,708235003,map,6.165704727172852,1.0244369506835938,0.6595296859741211,-5.722044988942798e-06,0.0,0.0,0.0,0.000775185673437469,-4.5559035831022545e-05,0.9999994452960945,0.0007116312592191278,0,0,0,,0.5168929100036621,0.011608241125941277,0.0,False,False,2,False
76.708235003,1117,76,758235003,map,6.23244047164917,-1.326131820678711,-1.9715287685394287,1.888275073724799e-05,0.0,0.0,0.0,-0.0007822814371739336,-0.0005092602049106381,-0.9999995216697183,0.00029214744819486434,0,0,0,,0.5310461521148682,-0.04058930277824402,0.0,False,False,2,False
76.758235003,1118,76,808235004,map,6.177262783050537,1.0952568054199219,1.011743426322937,1.564025842526462e-05,0.0,0.0,0.0,-0.0007280775466620424,-0.00038319349201120363,-0.9999993724708043,0.0007603445476358973,0,0,0,,0.4995196461677551,0.0069673918187618256,0.0,False,False,2,False
76.858235005,1119,76,858235005,map,6.2413201332092285,-1.2822151184082031,0.46539559960365295,0.00011177062697242945,0.0,0.0,0.0,-0.0007325815546077341,-2.0959381999599755e-05,-0.999999306276679,0.0009221340090717664,0,0,0,,0.5231642127037048,0.008437484502792358,0.0,False,False,2,False
76.908235006,1120,76,908235006,map,6.182887554168701,1.1694622039794922,0.5030500292778015,-5.3787229262525216e-05,0.0,0.0,0.0,-0.0006761678140803897,0.00028531913301587736,-0.9999996985369517,0.0002536061617983436,0,0,0,,0.4962485134601593,0.013296591117978096,0.0,False,False,2,False
76.958235006,1121,76,958235006,map,6.245212078094482,-1.2472820281982422,-0.37323668599128723,2.212524486822076e-05,0.0,0.0,0.0,-0.0006800552834407722,0.00022042940666869258,-0.9999997375260846,0.00011782805282453627,0,0,0,,0.5534307956695557,-0.0026980899274349213,0.0,False,False,2,False
77.008235007,1122,77,8235007,map,6.189423084259033,1.115875244140625,0.09509976953268051,-6.103518899180926e-06,0.0,0.0,0.0,0.0006363554474049632,-0.0001591636881969713,0.9999997478646168,0.0002720098669103409,0,0,0,,0.5541906356811523,0.0024184659123420715,0.0,False,False,2,False
77.058235008,1123,77,58235008,map,6.260280609130859,-1.4168834686279297,-0.48747026920318604,1.468658410885837e-05,0.0,0.0,0.0,-0.0006719814648638986,-4.495890385606833e-05,-0.9999997728578935,2.6528646478373073e-05,0,0,0,,0.6142682433128357,-0.00964278168976307,0.0,False,False,2,False
77.108235009,1124,77,108235009,map,6.217679023742676,0.8522701263427734,-0.08268725126981735,-1.7547605239087716e-05,0.0,0.0,0.0,-0.000675658948508622,-0.00015817595727985357,-0.9999997518296224,0.00012168009475618494,0,0,0,,0.6115322113037109,-0.005397584289312363,0.0,False,False,2,False
77.108235009,1125,77,158235009,map,6.303152084350586,-1.7099571228027344,0.21401292085647583,-4.444122168933973e-05,0.0,0.0,0.0,-0.0007644496090349043,-8.8828857553518e-05,-0.999999604873425,0.00044494856237819476,0,0,0,,0.626570463180542,0.0014102979330345988,0.0,False,False,2,False
77.20823501,1126,77,208235010,map,6.272902488708496,0.6048583984375,0.18659436702728271,-2.3269654775504023e-05,0.0,0.0,0.0,-0.0008090792485952192,3.0469372576525894e-05,-0.9999996534157636,0.00019398644163995445,0,0,0,,0.5988656282424927,0.0034193452447652817,0.0,False,False,2,False
77.258235011,1127,77,258235011,map,6.367490768432617,-1.8909740447998047,-0.4535598158836365,-3.356933666509576e-05,0.0,0.0,0.0,-0.0009172713229842316,-8.540468443044573e-05,-0.9999994422916819,0.0005164646018272973,0,0,0,,0.6508811712265015,-0.008820408955216408,0.0,False,False,2,False
77.308235011,1128,77,308235011,map,6.347665786743164,0.3964996337890625,0.0006686896085739136,-8.544921001885086e-05,0.0,0.0,0.0,-0.0009710579381247088,-0.00013815489799816002,-0.9999993492876983,0.0005825666355787973,0,0,0,,0.6168062090873718,-0.00342453271150589,0.0,False,False,2,False
77.358235012,1129,77,358235012,map,6.446909427642822,-1.9771862030029297,-1.0297353267669678,2.346038854739163e-05,0.0,0.0,0.0,-0.0010744767744184445,-0.00047519378910882787,-0.9999981216620145,0.0015415456421420729,0,0,0,,0.5870001316070557,-0.02445061504840851,0.0,False,False,2,False
77.358235012,1130,77,408235013,map,6.426258563995361,0.4061698913574219,0.8308618664741516,-4.444122168933973e-05,0.0,0.0,0.0,-0.001099622907770585,-0.0002753281329104306,-0.9999976980908046,0.001821767540514705,0,0,0,,0.588266909122467,0.007104910910129547,0.0,False,False,2,False
77.458235014,1131,77,458235014,map,6.52052116394043,-1.8855857849121094,0.0661696121096611,9.994506399380043e-05,0.0,0.0,0.0,-0.0011618490570020565,-7.057658290629998e-05,-0.9999971943802858,0.002063094101437634,0,0,0,,0.5694202780723572,0.0010008550016209483,0.0,False,False,2,False
77.508235014,1132,77,508235014,map,6.494626998901367,0.5175685882568359,0.07624730467796326,1.468658410885837e-05,0.0,0.0,0.0,-0.0011415958337455438,2.4779656656387378e-05,-0.9999976265840408,0.001855524509795619,0,0,0,,0.5513466596603394,0.0012934411643072963,0.0,False,False,2,False
77.508235014,1133,77,558235015,map,6.583229064941406,-1.767568588256836,-0.6930129528045654,3.986358569818549e-05,0.0,0.0,0.0,-0.0011600039844328952,-0.00018683755229755003,-0.9999965138383429,0.002364697368797481,0,0,0,,0.6476504802703857,-0.01436907984316349,0.0,False,False,2,False
77.608235016,1134,77,608235016,map,6.564573287963867,0.37016868591308594,0.38729584217071533,-8.945463923737407e-05,0.0,0.0,0.0,-0.0011341307506667617,-0.00013350945605078974,-0.9999963382504985,0.0024534482387642744,0,0,0,,0.6509008407592773,0.0023224037140607834,0.0,False,False,2,False
77.608235016,1135,77,658235017,map,6.664069175720215,-1.9896316528320312,-0.05197674036026001,8.068084571277723e-05,0.0,0.0,0.0,-0.0011859351102940262,-7.355994593425239e-05,-0.9999955429863836,0.002739006063620656,0,0,0,,0.6219621300697327,-0.0017938838573172688,0.0,False,False,2,False
77.708235017,1136,77,708235017,map,6.653500080108643,0.22027015686035156,-0.8998023271560669,-7.877350435592234e-05,0.0,0.0,0.0,-0.0011907301602158851,-0.0003555274175798497,-0.9999941760264659,0.00317862786281514,0,0,0,,0.6571358442306519,-0.019960589706897736,0.0,False,False,2,False
77.708235017,1137,77,758235018,map,6.757112979888916,-2.0476913452148438,-1.36672043800354,-0.0001394271821482107,0.0,0.0,0.0,-0.0012553790961740894,-0.0009027772534761603,-0.9999870351548303,0.0048516532035539905,0,0,0,,0.6178804636001587,-0.03630617633461952,0.0,False,False,2,False
77.808235019,1138,77,808235019,map,6.746379375457764,0.23473739624023438,-0.7678675651550293,-0.0001239776611328125,0.0,0.0,0.0,-0.0012539512771339238,-0.0012468567787431112,-0.9999758248158233,0.0067247853706872114,0,0,0,,0.5537465810775757,-0.03238791972398758,0.0,False,False,2,False
77.85823502,1139,77,858235020,map,6.833323955535889,-1.7711067199707031,1.3313543796539307,0.0004076003679074347,0.0,0.0,0.0,-0.001280830887318468,-0.0006976356532375345,-0.9999674377740582,0.007937012556267874,0,0,0,,0.49381884932518005,0.010377543047070503,0.0,False,False,2,False
77.90823502,1140,77,908235020,map,6.8043317794799805,0.5854415893554688,-0.27665913105010986,0.00013618468074128032,0.0,0.0,0.0,-0.0012091592402351992,-0.0003972120328530097,-0.9999646727820733,0.008308630715921405,0,0,0,,0.5739063620567322,-0.007617693394422531,0.0,False,False,2,False
77.958235021,1141,77,958235021,map,6.875157356262207,-1.4461231231689453,2.6883480548858643,-1.9264207367086783e-05,0.0,0.0,0.0,-0.0011703800789682084,0.0006371636185600553,-0.9999716787432122,0.007407154951503688,0,0,0,,0.5480246543884277,0.05282168835401535,0.0,False,False,2,False
78.008235022,1142,78,8235022,map,6.842895030975342,0.6466770172119141,-0.4896537661552429,-0.000194549560546875,0.0,0.0,0.0,-0.001076705377640313,0.0008555249559857614,-0.9999820075578779,0.005838950513189804,0,0,0,,0.5814698338508606,0.007613923400640488,0.0,False,False,2,False
78.058235023,1143,78,58235023,map,6.901014804840088,-1.1211490631103516,4.079780101776123,-0.0003604888916015625,0.0,0.0,0.0,-0.0010223949695720002,0.001877958184485787,-0.9999924916375822,0.003231818380385688,0,0,0,,0.5167828798294067,0.23790617287158966,0.0,False,False,2,False
78.108235023,1144,78,108235023,map,6.856126308441162,0.9380054473876953,1.3349685668945312,-0.001060867216438055,0.0,0.0,0.0,0.0008969983698572613,-0.0028358107436964927,0.9999943362301462,0.001575144113933184,0,0,0,,0.4361187815666199,0.06658771634101868,0.0,False,False,2,False
78.108235023,1145,78,158235024,map,6.90386962890625,-1.031332015991211,-3.4275341033935547,0.0017904280684888363,0.0,0.0,0.0,0.000826268621957471,-0.0015165554579544846,0.9999915935829294,0.0037188846689088124,0,0,0,,0.7518631219863892,-0.04336598888039589,0.0,False,False,2,False
78.208235025,1146,78,208235025,map,6.845544338226318,1.2352943420410156,-5.883529186248779,0.000704002333804965,0.0,0.0,0.0,0.0007164870197506083,0.001315506116327976,0.9999977847518594,0.00147870936370481,0,0,0,,0.7474521398544312,-0.21045416593551636,0.0,False,False,2,False
78.258235026,1147,78,258235026,map,6.931692123413086,-1.7762470245361328,2.0695338249206543,-0.0016185760032385588,0.0,0.0,0.0,-0.0007492367990607202,-0.0021511592629336485,-0.9999937214632239,0.0027144414115604183,0,0,0,,0.6681488752365112,0.08966117352247238,0.0,False,False,2,False
78.308235026,1148,78,308235026,map,6.923922061920166,0.25368690490722656,-3.3000195026397705,0.0005123137962073088,0.0,0.0,0.0,-0.0008093795981989408,-0.002235436994231874,-0.9999816304904141,0.005575518616530719,0,0,0,,0.8428504467010498,-0.11214817315340042,0.0,False,False,2,False
78.358235027,1149,78,358235027,map,7.03013801574707,-1.612997055053711,-7.541231155395508,-0.003442382672801614,0.0,0.0,0.0,-0.0008911359437511551,-0.004744794393994299,-0.999901734819209,0.013161060307768192,0,0,0,,1.0,-0.26652026176452637,0.0,False,False,2,False
78.408235028,1150,78,408235028,map,7.052304267883301,0.9423160552978516,-10.457077026367188,-0.010330582037568092,0.0,0.0,0.0,-0.0007977233791448882,-0.008743510101771072,-0.9995918515513554,0.027185381745406103,0,0,0,,1.0,-0.4650912284851074,0.0,False,False,2,False
78.458235029,1151,78,458235029,map,7.2906270027160645,-3.9588356018066406,-4.793238639831543,-0.006520651280879974,0.0,0.0,0.0,-0.0009258920001126078,-0.010898318859867487,-0.9989350601459873,0.0448231522894746,0,0,0,,0.9412144422531128,-0.20124246180057526,0.0,False,False,2,False
78.508235029,1152,78,508235029,map,7.4067816734313965,-0.50689697265625,-8.226940155029297,0.0037376396358013153,0.0,0.0,0.0,-0.0010519316792358116,-0.012122808952359633,-0.9979169847664753,0.06335315664931848,0,0,0,,1.0,-0.40385037660598755,0.0,False,False,2,False
78.55823503,1153,78,558235030,map,7.558417797088623,0.36525726318359375,-11.850619316101074,-0.007923508062958717,0.0,0.0,0.0,-0.0006927693920600047,-0.014896546610278524,-0.9961420715475681,0.08647881973394868,0,0,0,,1.0,-0.5,0.0,False,False,2,False
78.608235031,1154,78,608235031,map,7.74480676651001,-1.9845104217529297,-5.53347110748291,-0.0013307551853358746,0.0,0.0,0.0,-0.0003840099766425583,-0.01608913786984914,-0.9936128416466911,0.11168935980535673,0,0,0,,1.0,-0.07561555504798889,0.0,False,False,2,False
78.658235032,1155,78,658235032,map,7.996985912322998,-2.157258987426758,-8.211712837219238,0.018581770360469818,0.0,0.0,0.0,-0.0004494955539928666,-0.015707221350633075,-0.9907620376389319,0.1346984258435891,0,0,0,,1.0,-0.3459432125091553,0.0,False,False,2,False
78.708235032,1156,78,708235032,map,8.1039400100708,3.1313419342041016,-11.731157302856445,-0.00567970285192132,0.0,0.0,0.0,0.00020559414641369966,-0.01745474416903838,-0.9868583430115607,0.16064215033893603,0,0,0,,1.0,-0.4942322373390198,0.0,False,False,2,False
78.758235033,1157,78,758235033,map,8.239992141723633,4.284162521362305,-13.057966232299805,-0.018938826397061348,0.0,0.0,0.0,0.0015486852724232772,-0.02038508366055456,-0.9813105174701828,0.19134188835819824,0,0,0,,1.0,-0.5,0.0,False,False,2,False
78.808235034,1158,78,808235034,map,8.462557792663574,-0.10198593139648438,-7.998075485229492,0.0007373793050646782,0.0,0.0,0.0,0.002402233274458655,-0.021256026431215606,-0.9745813955132017,0.22301012114967178,0,0,0,,0.891608715057373,-0.2786332964897156,0.0,False,False,2,False
78.858235035,1159,78,858235035,map,8.687708854675293,1.8691158294677734,-10.288677215576172,0.021433256566524506,0.0,0.0,0.0,0.0028013445303710005,-0.020975367400804086,-0.9673726691648337,0.25247238538923195,0,0,0,,1.0,-0.3733198046684265,0.0,False,False,2,False
78.908235035,1160,78,908235035,map,8.85669231414795,4.42317008972168,-10.771160125732422,-7.858267053961754e-05,0.0,0.0,0.0,0.003678789439491482,-0.02169676710671862,-0.9589224229113562,0.2828135492567335,0,0,0,,1.0,-0.38738393783569336,0.0,False,False,2,False
78.958235036,1161,78,958235036,map,9.136017799377441,-2.1198558807373047,-6.034126281738281,0.013342284597456455,0.0,0.0,0.0,0.0037252666134739224,-0.020508875034010086,-0.9502878682238738,0.3106742279945722,0,0,0,,0.9714529514312744,-0.10457701236009598,0.0,False,False,2,False
78.958235036,1162,79,8235037,map,9.35908317565918,1.381673812866211,-8.012619018554688,0.02602691575884819,0.0,0.0,0.0,0.0032306488844592728,-0.018464274584961055,-0.9426148096037772,0.33335559720435376,0,0,0,,0.8503950834274292,-0.34261780977249146,0.0,False,False,2,False
79.008235037,1163,79,58235038,map,9.493684768676758,7.0068359375,-10.511798858642578,-0.01564769633114338,0.0,0.0,0.0,0.004068827189720929,-0.019198612083740643,-0.933815303517076,0.3572167925177503,0,0,0,,0.8490877151489258,-0.4748542308807373,0.0,False,False,2,False
79.108235038,1164,79,108235038,map,9.635086059570312,5.983190536499023,-8.850946426391602,-0.0215009693056345,0.0,0.0,0.0,0.005331038054186398,-0.0203457569412954,-0.9235054159024424,0.3830083249834233,0,0,0,,0.4840103089809418,-0.3152404725551605,0.0,False,False,2,False
79.158235039,1165,79,158235039,map,9.680830001831055,9.783868789672852,-8.554792404174805,-0.013094521127641201,0.0,0.0,0.0,0.006961876360519249,-0.021536103465595112,-0.9117003900766665,0.4102317969869161,0,0,0,,0.5236537456512451,-0.4059912860393524,0.0,False,False,2,False
79.20823504,1166,79,208235040,map,9.763704299926758,4.390354156494141,-4.995489120483398,0.0037885678466409445,0.0,0.0,0.0,0.007931033380317455,-0.021126793508461365,-0.8992293404107735,0.43689512545916137,0,0,0,,0.30517953634262085,-0.18934950232505798,0.0,False,False,2,False
79.258235041,1167,79,258235041,map,9.749462127685547,8.026256561279297,-4.669532775878906,0.022566985338926315,0.0,0.0,0.0,0.008411627615688116,-0.01978658678857073,-0.8874458130349089,0.4604103218118846,0,0,0,,0.17932507395744324,-0.2794544994831085,0.0,False,False,2,False
79.308235041,1168,79,308235041,map,9.598653793334961,12.721719741821289,-3.5235023498535156,-0.005676459986716509,0.0,0.0,0.0,0.01002657412288488,-0.01982242178172244,-0.8745229530726878,0.48447512212196336,0,0,0,,0.01126902550458908,-0.41120174527168274,0.0,False,False,2,False
79.358235042,1169,79,358235042,map,9.42431640625,8.195147514343262,-0.06967544555664062,-0.0029375075828284025,0.0,0.0,0.0,0.01134854869202347,-0.018997218226379595,-0.8609471859617155,0.508212808896871,0,0,0,,0.0,-0.20810095965862274,0.22203022241592407,False,False,2,False
79.408235043,1170,79,408235043,map,9.196878433227539,11.224837303161621,0.18190383911132812,0.011681556701660156,0.0,0.0,0.0,0.012282611671335267,-0.017640317492699474,-0.8478506907363488,0.5297991722031888,0,0,0,,0.028770390897989273,-0.33677345514297485,0.0,False,False,2,False
79.408235043,1171,79,458235044,map,8.935164451599121,12.279558181762695,1.1768531799316406,-0.008236122317612171,0.0,0.0,0.0,0.013785007786919917,-0.01717599864094667,-0.8336912364004442,0.5517915194891087,0,0,0,,0.05453290790319443,-0.33617132902145386,0.0,False,False,2,False
79.508235044,1172,79,508235044,map,8.696277618408203,6.114597320556641,3.1212997436523438,0.009188652038574219,0.0,0.0,0.0,0.013994190698771595,-0.015307213099815212,-0.820241713400277,0.5716409567656793,0,0,0,,0.0,-0.17176510393619537,0.15214484930038452,False,False,2,False
79.558235045,1173,79,558235045,map,8.451879501342773,7.582073211669922,3.0087852478027344,0.016350364312529564,0.0,0.0,0.0,0.013538858470801853,-0.013098999970851581,-0.8085639442139883,0.5881066770817942,0,0,0,,0.025877244770526886,-0.20005443692207336,0.0,False,False,2,False
79.608235046,1174,79,608235046,map,8.231154441833496,0.5091714859008789,4.42448616027832,0.014949414879083633,0.0,0.0,0.0,0.01180848609882643,-0.009873581174294037,-0.7997367278846427,0.6001535121310326,0,0,0,,0.04831106215715408,-0.023580681532621384,0.0,False,False,2,False
79.658235047,1175,79,658235047,map,7.986583232879639,5.0878143310546875,3.8044357299804688,0.0042505282908678055,0.0,0.0,0.0,0.010213613076468444,-0.007307030002845988,-0.7936756628284751,0.6082115024021185,0,0,0,,0.06057256832718849,-0.12359922379255295,0.0,False,False,2,False
79.708235047,1176,79,708235047,map,7.7455925941467285,8.773250579833984,3.148040771484375,-0.020377160981297493,0.0,0.0,0.0,0.010360562356964542,-0.007062405293275508,-0.7867047546339642,0.617202082154164,0,0,0,,0.11032842099666595,-0.25598061084747314,0.0,False,False,2,False
79.708235047,1177,79,758235048,map,7.480806350708008,7.357349395751953,4.231910705566406,-0.020036695525050163,0.0,0.0,0.0,0.01099297339066014,-0.00737948120644087,-0.7779406667982885,0.6281982304452873,0,0,0,,0.2651817500591278,-0.2205285280942917,0.0,False,False,2,False
79.808235049,1178,79,808235049,map,7.3264546394348145,5.285332202911377,2.5064563751220703,-0.00619735661894083,0.0,0.0,0.0,0.010967137889316787,-0.007165354062994246,-0.7685976947088796,0.6395982827336738,0,0,0,,0.3626135289669037,-0.20155033469200134,0.0,False,False,2,False
79.808235049,1179,79,858235049,map,7.121988296508789,5.8647780418396,3.6483097076416016,-0.0005086898454464972,0.0,0.0,0.0,0.010762638184348281,-0.00690947093702554,-0.7586926278405768,0.6513232080089296,0,0,0,,0.3171273171901703,-0.21877269446849823,0.0,False,False,2,False
79.858235049,1180,79,908235050,map,7.0374274253845215,3.8885273933410645,1.5205764770507812,0.0029882430098950863,0.0,0.0,0.0,0.01011383420551829,-0.006410438360578023,-0.7488801344109851,0.6625972841193007,0,0,0,,0.3362163305282593,-0.19377122819423676,0.0,False,False,2,False
79.958235051,1181,79,958235051,map,6.876788139343262,1.3739460706710815,3.177947998046875,0.007133865263313055,0.0,0.0,0.0,0.008736997085423057,-0.005237940194910978,-0.7400956604635069,0.6724244509441409,0,0,0,,0.29231172800064087,-0.12875449657440186,0.0,False,False,2,False
79.958235051,1182,80,8235052,map,6.816396713256836,0.7689003944396973,1.1936092376708984,0.004753303248435259,0.0,0.0,0.0,0.007106435418712044,-0.003931990616895726,-0.7332313426285288,0.6799307583957306,0,0,0,,0.18942227959632874,-0.09816116839647293,0.0,False,False,2,False
80.058235052,1183,80,58235052,map,6.640157222747803,-0.26662975549697876,3.5299110412597656,0.0005659100133925676,0.0,0.0,0.0,0.005476396072049528,-0.0025217648805955424,-0.727975137944972,0.6855770185193987,0,0,0,,0.15446895360946655,-0.054848164319992065,0.0,False,False,2,False
80.108235053,1184,80,108235053,map,6.567488670349121,-0.6826902627944946,1.4681434631347656,-0.00260906177572906,0.0,0.0,0.0,0.003998011948273551,-0.0012641717671466217,-0.7246840757847074,0.6890685075333722,0,0,0,,0.20843198895454407,-0.02772873267531395,0.0,False,False,2,False
80.158235054,1185,80,158235054,map,6.382251262664795,0.6607288122177124,3.6913108825683594,-0.004547690972685814,0.0,0.0,0.0,0.0031716718863693876,-0.0005397141549354386,-0.7220309273371321,0.6918533003280083,0,0,0,,0.20513632893562317,-0.03822823986411095,0.0,False,False,2,False
80.208235055,1186,80,208235055,map,6.312344551086426,0.3544248640537262,1.3919544219970703,-0.003867530729621649,0.0,0.0,0.0,0.002660997509953073,-0.00016914021048353286,-0.7200511946765902,0.6939158216445684,0,0,0,,0.23190036416053772,-0.03292336314916611,0.0,False,False,2,False
80.258235055,1187,80,258235055,map,6.128842353820801,0.4289701581001282,3.6639022827148438,-0.0023349763359874487,0.0,0.0,0.0,0.0023487825952430643,9.921890250172948e-05,-0.7181264736873539,0.6959086442668287,0,0,0,,0.22981473803520203,-0.029892705380916595,0.0,False,False,2,False
80.308235056,1188,80,308235056,map,6.065451145172119,-1.1398355960845947,1.2891960144042969,-0.0009683608077466488,0.0,0.0,0.0,0.0017437843620105031,0.0006024241056111774,-0.7172763704793628,0.6967863407481864,0,0,0,,0.24468502402305603,0.00663231685757637,0.0,False,False,2,False
80.358235057,1189,80,358235057,map,6.003125190734863,-0.3219684958457947,1.254892349243164,-0.000333595322445035,0.0,0.0,0.0,0.0011435151009257468,0.0008257897997744669,-0.7167521577686258,0.6973265768479213,0,0,0,,0.300348699092865,0.003995157778263092,0.0,False,False,0,False
80.408235058,1190,80,408235058,map,6.062725067138672,0.39770007133483887,-1.202096939086914,-3.8719153963029385e-05,0.0,0.0,0.0,0.00076524627753143,0.0005416959414112999,-0.7165827365814178,0.6975014713942389,0,0,0,,0.3358657658100128,-0.010325673967599869,0.0,False,False,0,False
80.408235058,1191,80,458235058,map,5.5803728103637695,0.5209353566169739,9.638099670410156,-0.00014228826330509037,0.0,0.0,0.0,0.0011174408236613535,0.0007543527352963336,-0.7162832557772532,0.6978083402848482,0,0,0,,0.3420783281326294,-0.012992780655622482,0.0,False,False,0,False
80.508235059,1192,80,508235059,map,5.205740451812744,0.6759889125823975,7.48194694519043,-0.0008932112250477076,0.0,0.0,0.0,0.0020818285005822336,0.0014568788476621373,-0.7159765989105837,0.6981196554363376,0,0,0,,0.4206694960594177,-0.02171606570482254,0.0,False,False,1,False
80.55823506,1193,80,558235060,map,4.853657245635986,-0.18893465399742126,7.045764923095703,-0.08448734134435654,0.0,0.0,0.0,0.002673090039851993,0.0022057717693154465,-0.7154222306871953,0.6986837775410975,0,0,0,,0.4799838066101074,-0.005317814648151398,0.0,False,False,1,False
80.608235061,1194,80,608235061,map,4.601132392883301,1.2281849384307861,5.036211013793945,0.043202970176935196,0.0,0.0,0.0,0.003152407029186836,0.0023481824975322314,-0.7146616340163741,0.6994592891898191,0,0,0,,0.5314913392066956,-0.03455858677625656,0.0,False,False,1,False
80.658235061,1195,80,658235061,map,4.433413028717041,0.14422692358493805,3.353700637817383,0.027779005467891693,0.0,0.0,0.0,0.0032131605748596057,0.002283326937265692,-0.7138274325502421,0.700310544370101,0,0,0,,0.5723583698272705,-0.02231394499540329,0.0,False,False,1,False
80.708235062,1196,80,708235062,map,4.334151268005371,0.5727071166038513,1.9846725463867188,0.01636371575295925,0.0,0.0,0.0,0.00300240407543148,0.0019522913789317795,-0.7129210349491576,0.7012351759967277,0,0,0,,0.614319920539856,-0.030554745346307755,0.0,False,False,1,False
80.708235062,1197,80,758235063,map,4.2867302894592285,0.03200173377990723,0.9484958648681641,0.008358574472367764,0.0,0.0,0.0,0.002511333920445741,0.0015495703058117504,-0.7120740355212627,0.7020981839958503,0,0,0,,0.6175259351730347,-0.02260410040616989,0.0,False,False,1,False
80.808235064,1198,80,808235064,map,4.27364444732666,-0.16316883265972137,0.2614402770996094,0.0030529021751135588,0.0,0.0,0.0,0.001851977082909263,0.0011647799001895103,-0.7114290038266909,0.7027545702326171,0,0,0,,0.6151148676872253,-0.015175990760326385,0.0,False,False,1,False
80.858235064,1199,80,858235064,map,4.281501293182373,0.04776512831449509,-0.1570892333984375,-0.0002592091914266348,0.0,0.0,0.0,0.0012339070720664537,0.000749064827921552,-0.7108788510443427,0.7033129996758883,0,0,0,,0.6068596839904785,-0.015511676669120789,0.0,False,False,1,False
80.908235065,1200,80,908235065,map,4.2996721267700195,-0.4533393383026123,-0.3628253936767578,-0.00189285259693861,0.0,0.0,0.0,0.0006038999956973878,0.00046469495357898236,-0.7105691413864712,0.7036269712515918,0,0,0,,0.5867223739624023,-0.003173600882291794,0.0,False,False,1,False
80.958235066,1201,80,958235066,map,4.320773124694824,0.08747541904449463,-0.42232513427734375,-0.00242271414026618,0.0,0.0,0.0,0.00016594856986359963,0.00016287052371152325,-0.710317993499154,0.7038808805796618,0,0,0,,0.5676172971725464,-0.008234716951847076,0.0,False,False,1,False
80.958235066,1202,81,8235067,map,4.342500686645508,0.35709595680236816,-0.4348468780517578,-0.0023294449783861637,0.0,0.0,0.0,-4.6433559537753595e-05,-0.00017966834113550322,-0.7099149860279894,0.7042873548318833,0,0,0,,0.5768759846687317,-0.015338215976953506,0.0,False,False,1,False
81.058235067,1203,81,58235067,map,4.365207672119141,0.04890633746981621,-0.4540729522705078,-0.0019334792159497738,0.0,0.0,0.0,-0.00020633637662666345,-0.0004163757498339212,-0.7094777272155895,0.7047277053171219,0,0,0,,0.5740233659744263,-0.012082953006029129,0.0,False,False,1,False
81.108235068,1204,81,108235068,map,4.3847527503967285,-0.7332587242126465,-0.3891277313232422,-0.0014047621516510844,0.0,0.0,0.0,-0.0005066353457287159,-0.0003794735920414447,-0.7093963828616526,0.704809457444509,0,0,0,,0.5440660715103149,0.006736200302839279,0.0,False,False,1,False
81.158235069,1205,81,158235069,map,4.399814605712891,0.09176403284072876,-0.3017997741699219,-0.0009349823230877519,0.0,0.0,0.0,-0.0006405044342626021,-0.0003979696705708363,-0.7094009238125168,0.7048047677677546,0,0,0,,0.5407692193984985,-0.0013664440484717488,0.0,False,False,1,False
81.20823507,1206,81,208235070,map,4.412234306335449,0.5553735494613647,-0.2497100830078125,-0.0006286620628088713,0.0,0.0,0.0,-0.0005419592955486545,-0.0005680998359942559,-0.7091394324679473,0.7050678328088272,0,0,0,,0.5535889863967896,-0.013838451355695724,0.0,False,False,1,False
81.25823507,1207,81,258235070,map,4.421947479248047,-1.0331438779830933,-0.1890277862548828,-0.00031490327091887593,0.0,0.0,0.0,-0.000714264440742702,-0.00041369280467654497,-0.7092417260614993,0.7049648875638255,0,0,0,,0.5342519879341125,0.015253912657499313,0.0,False,False,1,False
81.25823507,1208,81,308235071,map,4.430478096008301,0.8452099561691284,-0.17580032348632812,-0.0001531600864836946,0.0,0.0,0.0,-0.0005972991624699774,-0.0005191175507248054,-0.7091508769693462,0.7050563150871612,0,0,0,,0.5528236627578735,-0.012843035161495209,0.0,False,False,1,False
81.358235072,1209,81,358235072,map,4.439902305603027,-0.701117992401123,-0.18476486206054688,-2.7656551537802443e-05,0.0,0.0,0.0,-0.000657665123585193,-0.0004378399494623312,-0.709209794613857,0.7049970517644275,0,0,0,,0.5541434288024902,0.00989946722984314,0.0,False,False,1,False
81.408235073,1210,81,408235073,map,4.448848247528076,0.09595640003681183,-0.17976760864257812,-1.4495853974949569e-05,0.0,0.0,0.0,-0.0006658291945591366,-0.00040971311891510023,-0.7093368611355567,0.7048692121528645,0,0,0,,0.5410803556442261,0.0019887834787368774,0.0,False,False,1,False
81.458235073,1211,81,458235073,map,4.457122802734375,0.1883906126022339,-0.1668262481689453,3.814697265625e-05,0.0,0.0,0.0,-0.0005908806943900044,-0.0004647564900513004,-0.7093423180315546,0.7048637532963593,0,0,0,,0.5531535744667053,-0.0022907815873622894,0.0,False,False,1,False
81.508235074,1212,81,508235074,map,4.4652018547058105,0.05375228822231293,-0.16188621520996094,2.8991707949899137e-05,0.0,0.0,0.0,-0.0005294276781857554,-0.0005092660306114486,-0.7092907574833511,0.7049156557370092,0,0,0,,0.5443787574768066,-0.0019109883578494191,0.0,False,False,1,False
81.558235075,1213,81,558235075,map,4.474606990814209,0.3479767143726349,-0.18930435180664062,6.122588092694059e-05,0.0,0.0,0.0,-0.00042509601089596964,-0.000602020283476866,-0.7090997840759158,0.7051077599122345,0,0,0,,0.5700180530548096,-0.008885417133569717,0.0,False,False,1,False
81.608235076,1214,81,608235076,map,4.488887786865234,-0.015495093539357185,-0.2855968475341797,1.4305119293567259e-05,0.0,0.0,0.0,-0.00039966037018311624,-0.0006349692899346926,-0.708894292292316,0.7053143408728946,0,0,0,,0.5877043008804321,-0.004763070493936539,0.0,False,False,1,False
81.658235076,1215,81,658235076,map,4.508944988250732,-0.43109622597694397,-0.3993988037109375,-4.57763690064894e-06,0.0,0.0,0.0,-0.000526575372788582,-0.0005429882804944176,-0.7089093483769685,0.7052992015207772,0,0,0,,0.6041104793548584,0.005727954208850861,0.0,False,False,1,False
81.708235077,1216,81,708235077,map,4.534363269805908,-0.06977919489145279,-0.5078983306884766,-3.948211815441027e-05,0.0,0.0,0.0,-0.0006304372058515375,-0.000501196214323043,-0.7090224449004062,0.7051854536068755,0,0,0,,0.6061896085739136,0.0034815073013305664,0.0,False,False,1,False
81.758235078,1217,81,758235078,map,4.562739849090576,-0.00208832323551178,-0.5675315856933594,4.272460864740424e-05,0.0,0.0,0.0,-0.000682802549131919,-0.0005256946937656778,-0.7091182932332213,0.7050890040468443,0,0,0,,0.6027513146400452,0.002093404531478882,0.0,False,False,1,False
81.808235079,1218,81,808235079,map,4.590427398681641,0.06722699850797653,-0.5542182922363281,6.484988261945546e-06,0.0,0.0,0.0,-0.000693879901454502,-0.0005873323402872424,-0.7091609153863018,0.7050460762672655,0,0,0,,0.5804175138473511,5.336094181984663e-05,0.0,False,False,1,False
81.858235079,1219,81,858235079,map,4.6136579513549805,0.27301207184791565,-0.4659461975097656,-5.950927879894152e-05,0.0,0.0,0.0,-0.0006348319363291783,-0.0006927911388512791,-0.7090690438175126,0.705138431890199,0,0,0,,0.5608305931091309,-0.005575798451900482,0.0,False,False,1,False
81.90823508,1220,81,908235080,map,4.632139205932617,0.15000291168689728,-0.37001609802246094,8.98361176950857e-05,0.0,0.0,0.0,-0.0005713498438265367,-0.0007657047404709384,-0.7088860848438299,0.7053223418908499,0,0,0,,0.5591320991516113,-0.006119444966316223,0.0,False,False,1,False
81.958235081,1221,81,958235081,map,4.648324966430664,0.5413747429847717,-0.3230857849121094,-7.953643944347277e-05,0.0,0.0,0.0,-0.00042918806778297427,-0.0008886363820312215,-0.7084927322167668,0.7057174183191199,0,0,0,,0.5727109909057617,-0.015882182866334915,0.0,False,False,1,False
82.008235082,1222,82,8235082,map,4.665221691131592,-0.7407081127166748,-0.3380012512207031,8.58306884765625e-05,0.0,0.0,0.0,-0.0005522135535866548,-0.0007380711014046254,-0.7083850171791444,0.705825628429107,0,0,0,,0.5828735828399658,0.006738346070051193,0.0,False,False,1,False
82.008235082,1223,82,58235082,map,4.683889865875244,0.025378689169883728,-0.37346839904785156,2.613067590573337e-05,0.0,0.0,0.0,-0.0006348566941685005,-0.0006356212689240892,-0.7084178230433174,0.7057927322784979,0,0,0,,0.5842679738998413,0.000469762715511024,0.0,False,False,1,False
82.108235083,1224,82,108235083,map,4.706067085266113,0.32099130749702454,-0.44414520263671875,-5.91278057981981e-06,0.0,0.0,0.0,-0.0005871664761960579,-0.0006796725791588924,-0.7082987909884785,0.7059121871486383,0,0,0,,0.6142220497131348,-0.007003303617238998,0.0,False,False,1,False
82.158235084,1225,82,158235084,map,4.736051559448242,-0.6833755970001221,-0.5971145629882812,1.983642505365424e-05,0.0,0.0,0.0,-0.0007299614969460755,-0.0005644853342813398,-0.7084142649038542,0.7057962721587953,0,0,0,,0.649233341217041,0.01094842329621315,0.0,False,False,1,False
82.208235085,1226,82,208235085,map,4.774238109588623,-0.15342168509960175,-0.7625007629394531,-3.108978125965223e-05,0.0,0.0,0.0,-0.0008597856233768022,-0.0005034618141982545,-0.7086849277509557,0.7055244010475514,0,0,0,,0.6468327641487122,0.007956726476550102,0.0,False,False,1,False
82.258235085,1227,82,258235085,map,4.81799840927124,0.5643720626831055,-0.8785820007324219,-3.0708310077898204e-05,0.0,0.0,0.0,-0.0007874322303559464,-0.0006738001936614596,-0.7086918317617344,0.7055174083876165,0,0,0,,0.6604533195495605,-0.007113045081496239,0.0,False,False,1,False
82.308235086,1228,82,308235086,map,4.86663818359375,-0.009224284440279007,-0.9727668762207031,-3.890991138177924e-05,0.0,0.0,0.0,-0.0007675409882908615,-0.0008070671947897785,-0.7085935593540318,0.7056159912908427,0,0,0,,0.6586263179779053,-0.0021846890449523926,0.0,False,False,1,False
82.308235086,1229,82,358235087,map,4.917569637298584,0.36263611912727356,-1.0190677642822266,1.6593930922681466e-05,0.0,0.0,0.0,-0.0007234475205695535,-0.0009634482642608955,-0.7083705999290973,0.7058396712761458,0,0,0,,0.6571699380874634,-0.009277809411287308,0.0,False,False,1,False
82.408235087,1230,82,408235087,map,4.969858169555664,-0.0571073554456234,-1.0457897186279297,-1.2969967428944074e-05,0.0,0.0,0.0,-0.000756353936397672,-0.0010302367274661831,-0.7081531244747078,0.7060577305275519,0,0,0,,0.6569540500640869,-0.003918837755918503,0.0,False,False,1,False
82.458235088,1231,82,458235088,map,5.022655963897705,-0.06462306529283524,-1.055898666381836,0.09148693829774857,0.0,0.0,0.0,-0.0008377427603455399,-0.001033999974213229,-0.7080173919005668,0.7061937423947058,0,0,0,,0.6570212841033936,-0.002034619450569153,0.0,False,False,1,False
82.458235088,1232,82,508235089,map,5.081411838531494,-0.2438250035047531,-1.1747264862060547,-0.05038109049201012,0.0,0.0,0.0,-0.0009668505071668084,-0.0009757946897634875,-0.7080277240254981,0.7061833013007977,0,0,0,,0.658767580986023,0.0028174016624689102,0.0,False,False,1,False
82.508235089,1233,82,558235090,map,5.062875747680664,0.305105984210968,0.3702735900878906,-0.029368018731474876,0.0,0.0,0.0,-0.0009047382828932199,-0.0009938168874964058,-0.7078372078287734,0.7063743207321452,0,0,0,,0.7007908821105957,-0.005711030215024948,0.0,False,False,1,False
82.60823509,1234,82,608235090,map,5.084374904632568,-0.07038607448339462,-0.4299640655517578,-0.014964103698730469,0.0,0.0,0.0,-0.0007547896343659917,-0.0008439401930484177,-0.7078937424466303,0.7063180356344175,0,0,0,,0.7061187028884888,-0.0015186817618086934,0.0,False,False,1,False
82.658235091,1235,82,658235091,map,5.075594902038574,-0.13194239139556885,0.17577171325683594,0.00556526193395257,0.0,0.0,0.0,-0.0006235291145026707,-0.0006262114294692358,-0.7076462872171411,0.7065663105883867,0,0,0,,0.6905597448348999,0.0017811859725043178,0.0,False,False,1,False
82.708235092,1236,82,708235092,map,5.2332072257995605,-0.11595796793699265,-3.1519699096679688,-0.006336021237075329,0.0,0.0,0.0,-0.0008279596758923245,-0.0007336737870109925,-0.7076761488778551,0.7065360886146986,0,0,0,,0.6859340667724609,0.0029308125376701355,0.0,False,False,1,False
82.758235093,1237,82,758235093,map,5.19722318649292,0.45165613293647766,0.7193088531494141,-0.0023950578179210424,0.0,0.0,0.0,-0.0008356123507589477,-0.0009500682835665381,-0.7076458315595796,0.7065661867076622,0,0,0,,0.694436252117157,-0.00823909044265747,0.0,False,False,1,False
82.808235093,1238,82,808235093,map,5.243377685546875,-0.23571939766407013,-0.9231376647949219,1.0872026905417442e-05,0.0,0.0,0.0,-0.0007969734821259047,-0.0008763773308909165,-0.7074345335865448,0.7067778841228908,0,0,0,,0.6911112070083618,0.0026166439056396484,0.0,False,False,1,False
82.858235094,1239,82,858235094,map,5.158421516418457,-0.07374167442321777,1.69921875,0.0010259629925712943,0.0,0.0,0.0,-0.0006796704109176465,-0.0006642963113607072,-0.7076651161292102,0.7065473658378288,0,0,0,,0.6717942357063293,0.0018859150586649776,0.0,False,False,1,False
82.908235095,1240,82,908235095,map,5.224728107452393,-0.12180719524621964,-1.3258647918701172,0.0013278957922011614,0.0,0.0,0.0,-0.0006336271947777194,-0.0005318263325854187,-0.7076309815019199,0.706581707728101,0,0,0,,0.6781290769577026,0.0036554615944623947,0.0,False,False,1,False
82.958235096,1241,82,958235096,map,5.1589741706848145,0.3244391083717346,1.3146781921386719,0.0011922838166356087,0.0,0.0,0.0,-0.0004745026329881448,-0.0005116020210717837,-0.7078043776757267,0.7064081511801097,0,0,0,,0.6994109749794006,-0.006632588803768158,0.0,False,False,1,False
83.008235096,1242,83,8235096,map,5.246103286743164,-0.19334468245506287,-1.7424678802490234,0.0009597776806913316,0.0,0.0,0.0,-0.0004968428362353803,-0.0005105620898021048,-0.7076628921201014,0.706549873391654,0,0,0,,0.7006644606590271,0.0021072067320346832,0.0,False,False,1,False
83.008235096,1243,83,58235097,map,5.1988043785095215,-0.15010711550712585,0.9463214874267578,0.000755691493395716,0.0,0.0,0.0,-0.0005511015402654893,-0.0004557593227242426,-0.7079385851624924,0.7062736355044416,0,0,0,,0.6714968681335449,0.0035444051027297974,0.0,False,False,1,False
83.108235098,1244,83,108235098,map,5.2995123863220215,-0.1126033216714859,-2.0137786865234375,0.0005167007329873741,0.0,0.0,0.0,-0.0006621531027155129,-0.00048791194943953903,-0.7079477328964248,0.7062643492220251,0,0,0,,0.6746118068695068,0.003889322280883789,0.0,False,False,1,False
83.108235098,1245,83,158235099,map,5.236060619354248,0.22593510150909424,1.2683773040771484,0.000263214111328125,0.0,0.0,0.0,-0.0006100202729897454,-0.0005435255081834332,-0.7081569108278589,0.7060546169398174,0,0,0,,0.6814142465591431,-0.003813566640019417,0.0,False,False,1,False
83.208235099,1246,83,208235099,map,5.304471015930176,-0.024196244776248932,-1.3681602478027344,0.0002880096435546875,0.0,0.0,0.0,-0.0005752186948877176,-0.0005677954624348481,-0.7079703847859108,0.7062416590642719,0,0,0,,0.6875966191291809,-0.0006297082873061299,0.0,False,False,0,False
83.2582351,1247,83,258235100,map,5.384027004241943,-0.3572195768356323,-1.5897941589355469,7.953643944347277e-05,0.0,0.0,0.0,-0.0006997359344113771,-0.0005398352039342132,-0.7080852690048173,0.7061263844142563,0,0,0,,0.6625972986221313,0.007388589903712273,0.0,False,False,0,False
83.308235101,1248,83,308235101,map,5.915931701660156,0.3767704367637634,-10.639486312866211,-0.0006334304343909025,0.0,0.0,0.0,-0.0015205177939209226,-0.001495143505882673,-0.7079323499681275,0.7062770281130059,0,0,0,,0.6782281994819641,-0.004960985854268074,0.0,False,False,2,False
83.358235102,1249,83,358235102,map,6.202642917633057,-0.2600809931755066,-5.733528137207031,-0.0014177323319017887,0.0,0.0,0.0,-0.0024210132126877017,-0.0023655357028441256,-0.7078980361953553,0.7063065292680097,0,0,0,,0.5881487131118774,0.003945192322134972,0.0,False,False,2,False
83.408235102,1250,83,408235102,map,6.538590431213379,-0.4366874098777771,-6.716718673706055,-0.0006664275424554944,0.0,0.0,0.0,-0.0031304116128499314,-0.0028407741608820433,-0.7081276464595663,0.7060717859006523,0,0,0,,0.5371120572090149,0.00968850590288639,0.0,False,False,2,False
83.458235103,1251,83,458235103,map,6.663862228393555,0.6564154624938965,-2.5083160400390625,0.0005313873407430947,0.0,0.0,0.0,-0.0031503528802187225,-0.0031244171380276804,-0.7081543235329498,0.7060437432311598,0,0,0,,0.47608038783073425,-0.007685277611017227,0.0,False,False,2,False
83.458235103,1252,83,508235104,map,6.849157810211182,0.5462156534194946,-3.7057971954345703,0.0014820098876953125,0.0,0.0,0.0,-0.0028279650600438197,-0.003225978508929094,-0.7078230054956622,0.7063768035314909,0,0,0,,0.4905620217323303,-0.012003351002931595,0.0,False,False,2,False
83.558235105,1253,83,558235105,map,6.868647575378418,-0.02327023074030876,-0.3898429870605469,0.0013269424671307206,0.0,0.0,0.0,-0.002442957211295562,-0.002925936724428591,-0.7074537678890949,0.7067493453508612,0,0,0,,0.43702977895736694,-0.004891678690910339,0.0,False,False,2,False
83.558235105,1254,83,608235105,map,6.959657192230225,-0.8731136322021484,-1.8192100524902344,0.0010580061934888363,0.0,0.0,0.0,-0.002295404163866769,-0.0022778476666214607,-0.7075463984697375,0.7066594912277312,0,0,0,,0.4208581745624542,0.012491371482610703,0.0,False,False,2,False
83.608235105,1255,83,658235106,map,6.897843837738037,1.9929571151733398,1.2420940399169922,0.00032958982046693563,0.0,0.0,0.0,-0.0014386417304873137,-0.0021688496025366677,-0.706919214451245,0.707289509777296,0,0,0,,0.4050397574901581,-0.034694187343120575,0.0,False,False,2,False
83.708235107,1256,83,708235107,map,6.912287712097168,-1.0058497190475464,-0.29541015625,4.76837158203125e-06,0.0,0.0,0.0,-0.00108357944600935,-0.0016169643066190683,-0.7065829244609356,0.7076275730511407,0,0,0,,0.3659029006958008,0.008074138313531876,0.0,False,False,2,False
83.758235108,1257,83,758235108,map,6.814028739929199,-0.2871782183647156,1.9646549224853516,-0.0003213882155250758,0.0,0.0,0.0,-0.0008570821912682073,-0.0009673492333899859,-0.7064264052843258,0.7077853230765976,0,0,0,,0.374406635761261,0.005470827221870422,0.0,False,False,2,False
83.808235108,1258,83,808235108,map,6.8141913414001465,-0.027347011491656303,-0.0032711029052734375,-0.0004743575700558722,0.0,0.0,0.0,-0.0006212115085275469,-0.0005572593653890804,-0.7066096626512286,0.7076030583640649,0,0,0,,0.3957114815711975,0.0022836141288280487,0.0,False,False,2,False
83.858235109,1259,83,858235109,map,6.707442283630371,-0.04034852981567383,2.1349716186523438,-0.0005289077525958419,0.0,0.0,0.0,-0.0003658067304261958,-0.00025366937012508877,-0.7065650318785827,0.7076479757363151,0,0,0,,0.3913552165031433,0.0021142885088920593,0.0,False,False,2,False
83.858235109,1260,83,908235110,map,6.704300880432129,-0.241233691573143,0.06297111511230469,-0.00033798214280977845,0.0,0.0,0.0,-0.0002481103146107146,-2.449250305421472e-05,-0.7068496855558083,0.7073637394375287,0,0,0,,0.3971521258354187,0.006412524729967117,0.0,False,False,2,False
83.90823511,1261,83,958235111,map,6.594410419464111,0.4613301753997803,2.1979141235351562,-0.0002714156871661544,0.0,0.0,0.0,1.1121714263705392e-05,2.545382082610503e-05,-0.7067152619219014,0.7074980832448018,0,0,0,,0.4169299006462097,-0.006936952471733093,0.0,False,False,2,False
84.008235111,1262,84,8235111,map,6.594971179962158,-0.360691100358963,-0.011434555053710938,-7.896422903286293e-05,0.0,0.0,0.0,5.1934120377861157e-05,0.00012505846414407657,-0.7068728926522029,0.7073405794217767,0,0,0,,0.4347890019416809,0.006103485822677612,0.0,False,False,2,False
84.008235111,1263,84,58235112,map,6.4886674880981445,-0.15435883402824402,2.126293182373047,-9.34600848268019e-06,0.0,0.0,0.0,6.072925386243241e-05,0.000257421962906666,-0.7069000296014555,0.7073134228864544,0,0,0,,0.4356083273887634,0.005479108542203903,0.0,False,False,2,False
84.058235112,1264,84,108235113,map,6.498502254486084,0.35861936211586,-0.1969146728515625,-1.1062625162594486e-05,0.0,0.0,0.0,0.0001440569221903858,0.0001776048852909589,-0.7070450363033829,0.7071684837030393,0,0,0,,0.4946553111076355,-0.004878077656030655,0.0,False,False,2,False
84.108235113,1265,84,158235114,map,6.402873992919922,-0.11686605215072632,1.912527084350586,3.356933666509576e-05,0.0,0.0,0.0,0.000174588271563578,0.00017076415996516054,-0.7068922855889951,0.7073211695780806,0,0,0,,0.4894721508026123,0.0016785896150395274,0.0,False,False,2,False
84.208235114,1266,84,208235114,map,6.427640438079834,-0.07692525535821915,-0.49530029296875,-1.0681151252356358e-05,0.0,0.0,0.0,0.00010242862333324464,0.00014387469119662565,-0.7070578973989318,0.7071556395407254,0,0,0,,0.519824743270874,0.002352466806769371,0.0,False,False,2,False
84.258235115,1267,84,258235115,map,6.345256328582764,0.2667030692100525,1.6477775573730469,-1.4877318790240679e-05,0.0,0.0,0.0,0.0001322921404073655,5.7563069098526527e-05,-0.7068625406060499,0.7073509227202881,0,0,0,,0.5453296899795532,-0.004551531746983528,0.0,False,False,2,False
84.308235116,1268,84,308235116,map,6.387127876281738,-0.11421361565589905,-0.8375358581542969,2.7275087632006034e-05,0.0,0.0,0.0,4.5475471996388115e-05,-2.2868195038550616e-05,-0.7069353472902892,0.7072781716980845,0,0,0,,0.5535979866981506,0.001271437737159431,0.0,False,False,2,False
84.358235117,1269,84,358235117,map,6.319067478179932,-0.08128976821899414,1.3611888885498047,-1.2397767932270654e-05,0.0,0.0,0.0,-4.2377168533138275e-05,-4.0905623949407545e-05,-0.7068098407868477,0.7074035944902856,0,0,0,,0.5549288392066956,0.002100229263305664,0.0,False,False,2,False
84.408235117,1270,84,408235117,map,6.376291275024414,0.7060893774032593,-1.1426353454589844,-2.899169885495212e-05,0.0,0.0,0.0,1.5570212122613652e-05,-0.00029667285962626047,-0.7066866542172411,0.707526596315661,0,0,0,,0.610088586807251,-0.014323234558105469,0.0,False,False,2,False
84.458235118,1271,84,458235118,map,6.3245673179626465,-0.10405771434307098,1.0339736938476562,8.201600394386332e-06,0.0,0.0,0.0,-2.037354239978767e-05,-0.0003920440454576346,-0.7062439046349153,0.7079684972175061,0,0,0,,0.5821141004562378,-0.002952810376882553,0.0,False,False,2,False
84.508235119,1272,84,508235119,map,6.39567232131958,-0.7493790984153748,-1.4233207702636719,2.9945371352368966e-05,0.0,0.0,0.0,-0.00034561109424862405,-0.00027915141889013964,-0.706449865069311,0.7077629481479015,0,0,0,,0.5811793804168701,0.0137934610247612,0.0,False,False,2,False
84.55823512,1273,84,558235120,map,6.3511152267456055,0.40661388635635376,0.8912563323974609,-2.7084352041129023e-05,0.0,0.0,0.0,-0.0003991992963209394,-0.00033893804955662356,-0.706385467232598,0.7078271663644342,0,0,0,,0.554459273815155,-0.00415225513279438,0.0,False,False,2,False
84.60823512,1274,84,608235120,map,6.42341947555542,1.250789761543274,-1.43768310546875,-3.0899045668775216e-05,0.0,0.0,0.0,-0.0001439214957864645,-0.0007554540759039388,-0.7059881348632789,0.7082232430582963,0,0,0,,0.5454450249671936,-0.02733806148171425,0.0,False,False,2,False
84.658235121,1275,84,658235121,map,6.375868797302246,-0.7884540557861328,0.9443092346191406,2.0790103008039296e-05,0.0,0.0,0.0,-0.00024996211651983507,-0.0006910100227726654,-0.705481693861687,0.7087277613090471,0,0,0,,0.4939654767513275,0.006355272606015205,0.0,False,False,2,False
84.708235122,1276,84,708235122,map,6.4396467208862305,0.0819724053144455,-1.2751007080078125,4.3869011278729886e-05,0.0,0.0,0.0,-0.0003856934118205002,-0.0006277109441755401,-0.7054475894943054,0.7087617058618763,0,0,0,,0.48179030418395996,-0.002105679363012314,0.0,False,False,2,False
84.708235122,1277,84,758235123,map,6.382163047790527,0.21572880446910858,1.1511993408203125,-2.6702878130890895e-06,0.0,0.0,0.0,-0.00034538474184349176,-0.0006129539767332184,-0.70509884003207,0.7091086875664633,0,0,0,,0.5206536054611206,-0.005966998636722565,0.0,False,False,2,False
84.808235123,1278,84,808235123,map,6.440659046173096,0.5662744641304016,-1.1643218994140625,-1.3351441339182202e-05,0.0,0.0,0.0,-0.00022227518503058522,-0.0007431264431739568,-0.7047879938904348,0.7094175653483129,0,0,0,,0.5186282396316528,-0.014864038676023483,0.0,False,False,2,False
84.808235123,1279,84,858235124,map,6.382971286773682,-0.6766783595085144,1.1473369598388672,2.4795554054435343e-06,0.0,0.0,0.0,-0.0003295261173678647,-0.0005621954574445726,-0.7044559462744834,0.7097474164146903,0,0,0,,0.5435913801193237,0.00785725936293602,0.0,False,False,2,False
84.908235125,1280,84,908235125,map,6.447062969207764,0.43064171075820923,-1.2781810760498047,5.226134817348793e-05,0.0,0.0,0.0,-0.0003439928836402907,-0.0005744416570367431,-0.7044040021912036,0.7097989527906431,0,0,0,,0.6094378232955933,-0.007953878492116928,0.0,False,False,2,False
84.958235125,1281,84,958235125,map,6.401490211486816,0.3075435757637024,0.9150409698486328,-7.82012921263231e-06,0.0,0.0,0.0,-0.0002523845398558086,-0.0006493024146816063,-0.7039250563026954,0.7102739118239282,0,0,0,,0.5849935412406921,-0.009720124304294586,0.0,False,False,2,False
84.958235125,1282,85,8235126,map,6.477630615234375,-0.23251190781593323,-1.5256404876708984,2.0980837689421605e-06,0.0,0.0,0.0,-0.0003588932565535734,-0.0006405409604191552,-0.7038069264608916,0.7103909284109572,0,0,0,,0.6097192168235779,0.0006370953051373363,0.0,False,False,2,False
85.008235126,1283,85,58235127,map,6.442593097686768,0.29401466250419617,0.7043075561523438,-4.577636354952119e-05,0.0,0.0,0.0,-0.0003629491891300126,-0.0006762102108634145,-0.7034204664886782,0.7107735633325759,0,0,0,,0.6036967635154724,-0.0075246430933475494,0.0,False,False,2,False
85.108235128,1284,85,108235128,map,6.530198574066162,0.40096715092658997,-1.7464542388916016,-6.294253580563236e-06,0.0,0.0,0.0,-0.0003456856403341161,-0.0008308810550502962,-0.7031305819807879,0.7110601766527701,0,0,0,,0.6598795652389526,-0.011441871523857117,0.0,False,False,2,False
85.108235128,1285,85,158235128,map,6.505345821380615,-2.1238925457000732,0.4803466796875,-6.542205665027723e-05,0.0,0.0,0.0,-0.0008937243416354988,-0.00035669294704038457,-0.7034501368512446,0.7107439616281717,0,0,0,,0.594704270362854,0.03970587998628616,0.0,False,False,2,False
85.158235128,1286,85,208235129,map,6.598729133605957,1.3310718536376953,-1.8613052368164062,9.956359281204641e-05,0.0,0.0,0.0,-0.0008612420280282991,-0.0005335652173370164,-0.7038570100531124,0.7103409624746562,0,0,0,,0.6160052418708801,-0.013904664665460587,0.0,False,False,2,False
85.208235129,1287,85,258235130,map,6.580923080444336,2.0576164722442627,0.39249420166015625,-0.00012092589895473793,0.0,0.0,0.0,-0.00024128619369378302,-0.0011988370565994939,-0.7028787675536765,0.7113086128347591,0,0,0,,0.6688452959060669,-0.045834433287382126,0.0,False,False,2,False
85.308235131,1288,85,308235131,map,6.680788516998291,-3.0195350646972656,-2.039623260498047,0.00011920928955078125,0.0,0.0,0.0,-0.000786894676707235,-0.0007947730109431154,-0.7028983326986763,0.7112894509424764,0,0,0,,0.6434671878814697,0.056737564504146576,0.0,False,False,2,False
85.358235131,1289,85,358235131,map,6.677115440368652,1.0989880561828613,0.08073806762695312,-2.8038026357535273e-05,0.0,0.0,0.0,-0.0009502877711923005,-0.0007016111298772714,-0.7031069149541164,0.7110831673149627,0,0,0,,0.6920801401138306,-0.01054357923567295,0.0,False,False,2,False
85.358235131,1290,85,408235132,map,6.789209365844727,3.83064866065979,-2.147502899169922,-0.00017757414025254548,0.0,0.0,0.0,-8.95785009227552e-05,-0.001701624574506342,-0.7019093669799572,0.7122642325677284,0,0,0,,0.7763347625732422,-0.09232685714960098,0.0,False,False,2,False
85.458235133,1291,85,458235133,map,6.815704822540283,-2.2209928035736084,-0.5980110168457031,-0.00012321471876930445,0.0,0.0,0.0,-0.00023498831447566967,-0.001698098883834976,-0.7004653204515688,0.7136843812816376,0,0,0,,0.7612802982330322,0.02439112588763237,0.0,False,False,2,False
85.508235134,1292,85,508235134,map,6.959626197814941,4.498060703277588,-2.707977294921875,-0.0001688003249000758,0.0,0.0,0.0,0.00017208784775229222,-0.0023452290682078377,-0.6987639547981909,0.7153484505897685,0,0,0,,0.9418210983276367,-0.13397525250911713,0.0,False,False,2,False
85.508235134,1293,85,558235134,map,7.0325469970703125,7.356060028076172,-0.8717060089111328,-0.003825187450274825,0.0,0.0,0.0,0.0021880141658839935,-0.0044776484775928636,-0.6931853280579924,0.7207421620963034,0,0,0,,1.0,-0.19644370675086975,0.0,False,False,2,False
85.608235135,1294,85,608235135,map,7.257445335388184,6.958684921264648,-3.634204864501953,-0.00667800847440958,0.0,0.0,0.0,0.0040860093712033665,-0.006628177452364945,-0.6843015319273127,0.7291575859805693,0,0,0,,1.0,-0.21629640460014343,0.0,False,False,2,False
85.608235135,1295,85,658235136,map,7.435583591461182,0.6101655960083008,-3.510904312133789,0.0024757375940680504,0.0,0.0,0.0,0.003917822336861232,-0.006952849536967198,-0.675465576753795,0.7373483323179866,0,0,0,,1.0,-0.09161890298128128,0.0,False,False,2,False
85.708235137,1296,85,708235137,map,7.684800624847412,5.925741195678711,-4.046001434326172,0.004505920689553022,0.0,0.0,0.0,0.0038134502195033147,-0.007326623951255902,-0.666921639876231,0.7450820789978103,0,0,0,,0.9196252226829529,-0.19406189024448395,0.0,False,False,2,False
85.758235137,1297,85,758235137,map,7.838354587554932,6.136033535003662,-1.8665790557861328,-0.0026235580444335938,0.0,0.0,0.0,0.00467111585919856,-0.008228192917696543,-0.6565210306352907,0.7542483767642559,0,0,0,,0.9095630049705505,-0.19477838277816772,0.0,False,False,2,False
85.808235138,1298,85,808235138,map,8.09011173248291,0.2306842803955078,-5.107240676879883,0.00553741492331028,0.0,0.0,0.0,0.0038919932896470874,-0.007744968204353986,-0.6472801084332224,0.7622029448135337,0,0,0,,0.8446931838989258,-0.06449625641107559,0.0,False,False,2,False
85.858235139,1299,85,858235139,map,8.223663330078125,5.631978511810303,-1.4120101928710938,0.00437660189345479,0.0,0.0,0.0,0.0036213655384674764,-0.007501136047570267,-0.6389921059701819,0.7691681917353477,0,0,0,,0.7309576272964478,-0.19613809883594513,0.0,False,False,2,False
85.90823514,1300,85,908235140,map,8.382522583007812,8.407726287841797,-0.9547328948974609,-0.007552146911621094,0.0,0.0,0.0,0.0052649518113231635,-0.008510899431955137,-0.6278804628746204,0.7782454427837251,0,0,0,,0.9479113221168518,-0.23017197847366333,0.0,False,False,2,False
85.95823514,1301,85,958235140,map,8.51770305633545,4.802031517028809,-1.3105201721191406,-0.0030754089821130037,0.0,0.0,0.0,0.006184797198958279,-0.008876818370651386,-0.6156619617052665,0.7879361010186329,0,0,0,,0.6378110647201538,-0.1711665391921997,0.0,False,False,2,False
85.95823514,1302,86,8235141,map,8.6658935546875,6.84359073638916,-0.7345962524414062,0.0001811981201171875,0.0,0.0,0.0,0.007041356310055584,-0.009121271040248274,-0.6027584222869881,0.7978405267207389,0,0,0,,0.7473463416099548,-0.20230352878570557,0.0,False,False,2,False
86.008235141,1303,86,58235142,map,8.769591331481934,-0.7498884201049805,-2.48443603515625,0.009465026669204235,0.0,0.0,0.0,0.005978504875243609,-0.0079701318388099,-0.5919000660673542,0.8059497789982885,0,0,0,,0.6269623041152954,-0.027852118015289307,0.0,False,False,2,False
86.058235142,1304,86,108235143,map,8.87511157989502,4.655814170837402,-0.5062103271484375,0.008722687140107155,0.0,0.0,0.0,0.005003959677350055,-0.00692239106630264,-0.5837226313679544,0.8119082032584373,0,0,0,,0.5288839936256409,-0.21544352173805237,0.0,False,False,2,False
86.158235143,1305,86,158235143,map,8.863577842712402,8.584752082824707,3.854389190673828,-0.009679222479462624,0.0,0.0,0.0,0.0067545860123735015,-0.007499429893512633,-0.5727627121319928,0.8196590813931593,0,0,0,,0.7738679647445679,-0.2969041168689728,0.0,False,False,2,False
86.208235144,1306,86,208235144,map,8.92398452758789,6.580066680908203,1.784067153930664,-0.011269951239228249,0.0,0.0,0.0,0.00868227797135061,-0.008125383955734821,-0.5589673964003689,0.8291043637240083,0,0,0,,0.5752593278884888,-0.21228790283203125,0.0,False,False,2,False
86.258235145,1307,86,258235145,map,8.882831573486328,8.561649322509766,5.50175666809082,-0.00696639996021986,0.0,0.0,0.0,0.010802327955782409,-0.00870212248416738,-0.5427662539996492,0.8397692399071276,0,0,0,,0.45963770151138306,-0.349682092666626,0.0,False,False,2,False
86.308235146,1308,86,308235146,map,8.822003364562988,9.068622589111328,6.998167037963867,-0.012189103290438652,0.0,0.0,0.0,0.01365965066476821,-0.009378880754312409,-0.5226902391891466,0.852361639444142,0,0,0,,0.41272467374801636,-0.36224812269210815,0.0,False,False,2,False
86.358235146,1309,86,358235146,map,8.795148849487305,2.784738540649414,2.5270938873291016,0.00806751474738121,0.0,0.0,0.0,0.014171682854915687,-0.008737632027413457,-0.5024953325794878,0.8644196075561008,0,0,0,,0.4052453637123108,-0.15571214258670807,0.0,False,False,2,False
86.358235146,1310,86,408235147,map,8.75674057006836,5.370388031005859,4.818391799926758,0.021060369908809662,0.0,0.0,0.0,0.013687962689646727,-0.0077327014714498946,-0.4846250396290707,0.8745807086655193,0,0,0,,0.42376214265823364,-0.24871182441711426,0.0,False,False,2,False
86.458235148,1311,86,458235148,map,8.700016975402832,0.043182373046875,1.4552021026611328,0.014233780093491077,0.0,0.0,0.0,0.012188657798070036,-0.0063474884667516825,-0.4691668990294522,0.8830025859907398,0,0,0,,0.316924124956131,-0.08363861590623856,0.0,False,False,2,False
86.508235149,1312,86,508235149,map,8.65027141571045,2.3406124114990234,3.080930709838867,0.010721588507294655,0.0,0.0,0.0,0.010504066878272449,-0.005058956934550211,-0.4572435079600097,0.8892651156782075,0,0,0,,0.6581931114196777,-0.12282744795084,0.0,False,False,2,False
86.558235149,1313,86,558235149,map,8.56228256225586,5.033779144287109,6.4891815185546875,-0.008437348529696465,0.0,0.0,0.0,0.010747094050103266,-0.0047801826100020905,-0.4447746600366072,0.895565269320452,0,0,0,,0.7610549926757812,-0.24915754795074463,0.0,False,False,2,False
86.60823515,1314,86,608235150,map,8.576031684875488,2.2869300842285156,1.665029525756836,-0.008491325192153454,0.0,0.0,0.0,0.010610519119614607,-0.004533888810909762,-0.43195739054836063,0.9018202001989719,0,0,0,,0.6572203040122986,-0.11462488770484924,0.0,False,False,2,False
86.658235151,1315,86,658235151,map,8.54736328125,4.400444030761719,4.919576644897461,-0.0027153012342751026,0.0,0.0,0.0,0.010561768166084973,-0.00445892951085779,-0.4193638078458815,0.9077458695415945,0,0,0,,0.6997138261795044,-0.1992589384317398,0.0,False,False,2,False
86.658235151,1316,86,708235152,map,8.548811912536621,6.101045608520508,6.22502326965332,-0.010953712277114391,0.0,0.0,0.0,0.011869733374891502,-0.004932277113759454,-0.4042406598534212,0.9145623384949505,0,0,0,,0.6436706185340881,-0.25694167613983154,0.0,False,False,2,False
86.708235152,1317,86,758235152,map,8.566373825073242,1.2848854064941406,0.8815956115722656,0.002021980006247759,0.0,0.0,0.0,0.011325914038647864,-0.004695400844838896,-0.38948828995220225,0.9209498080092122,0,0,0,,0.629006564617157,-0.10244937986135483,0.0,False,False,2,False
86.758235152,1318,86,808235153,map,8.608359336853027,4.914350509643555,4.342565536499023,0.006831169128417969,0.0,0.0,0.0,0.010769876779637548,-0.004522315489465966,-0.3761838430652719,0.9264714105861056,0,0,0,,0.9886246919631958,-0.2216690182685852,0.0,False,False,2,False
86.858235154,1319,86,858235154,map,8.606688499450684,6.297454833984375,7.999143600463867,-0.011093521490693092,0.0,0.0,0.0,0.012465348972878723,-0.005052935679809714,-0.35947842831392984,0.9330564519325435,0,0,0,,1.0,-0.30141401290893555,0.0,False,False,2,False
86.908235155,1320,86,908235155,map,8.75729751586914,5.092830657958984,1.8909168243408203,-0.0034278868697583675,0.0,0.0,0.0,0.012989494756256223,-0.005323190458479779,-0.3415664461446195,0.9397527863951533,0,0,0,,1.0,-0.18088504672050476,0.0,False,False,2,False
86.958235155,1321,86,958235155,map,8.859586715698242,6.51153564453125,6.048450469970703,0.00227203406393528,0.0,0.0,0.0,0.01353487302675139,-0.005646141723076755,-0.3232016650284945,0.9462164720710591,0,0,0,,1.0,-0.2764502763748169,0.0,False,False,2,False
86.958235155,1322,87,8235156,map,9.05591869354248,6.260595321655273,2.7004337310791016,0.0006933207623660564,0.0,0.0,0.0,0.013777431907681542,-0.005914736777318518,-0.304178753446875,0.9524969733339785,0,0,0,,1.0,-0.20167720317840576,0.0,False,False,2,False
87.058235157,1323,87,58235157,map,9.207780838012695,6.796045303344727,5.909490585327148,0.0006116868462413549,0.0,0.0,0.0,0.014358754699829154,-0.006198999924658717,-0.28448882720781027,0.9585517752095236,0,0,0,,1.0,-0.25425851345062256,0.0,False,False,2,False
87.108235158,1324,87,108235158,map,9.384758949279785,7.351131439208984,6.809072494506836,-0.00563812255859375,0.0,0.0,0.0,0.01562854224419683,-0.006502993927801333,-0.26283795985408104,0.9646914877809593,0,0,0,,1.0,-0.2788451015949249,0.0,False,False,2,False
87.108235158,1325,87,158235158,map,9.602184295654297,6.164608001708984,3.0960798263549805,0.00461578369140625,0.0,0.0,0.0,0.015634911528913838,-0.006493700764592185,-0.241478092071918,0.9702585801945631,0,0,0,,1.0,-0.191579669713974,0.0,False,False,2,False
87.158235158,1326,87,208235159,map,9.81838321685791,6.844081878662109,5.277867317199707,0.0067577362060546875,0.0,0.0,0.0,0.015557966839733988,-0.006446757697954679,-0.22090386196990452,0.975150179587626,0,0,0,,1.0,-0.21534740924835205,0.0,False,False,2,False
87.208235159,1327,87,258235160,map,10.063138961791992,5.056419372558594,-0.49016475677490234,0.012874794192612171,0.0,0.0,0.0,0.013846362210602115,-0.00613685683074988,-0.20328124546823653,0.9790032443677877,0,0,0,,1.0,-0.07768962532281876,0.0,False,False,2,False
87.308235161,1328,87,308235161,map,10.182698249816895,4.402294158935547,5.117783546447754,0.0075563425198197365,0.0,0.0,0.0,0.012678815174081344,-0.005813640216523307,-0.18838812947581937,0.9819956017751893,0,0,0,,1.0,-0.16778457164764404,0.0,False,False,2,False
87.308235161,1329,87,358235161,map,10.11866569519043,1.4212799072265625,8.590230941772461,-0.010364913381636143,0.0,0.0,0.0,0.013524384822787509,-0.005127808886456399,-0.17205072955962705,0.984981899858667,0,0,0,,1.0,-0.21171294152736664,0.0,False,False,0,False
87.408235162,1330,87,408235162,map,10.199172973632812,3.113079071044922,5.0786590576171875,-0.005650901701301336,0.0,0.0,0.0,0.013897842035401281,-0.00431152929615973,-0.15534228709391945,0.9877535292482218,0,0,0,,1.0,-0.15745598077774048,0.0,False,False,0,False
87.458235163,1331,87,458235163,map,10.579123497009277,9.509696960449219,6.876764297485352,-0.00768356304615736,0.0,0.0,0.0,0.014855496923178084,-0.004600316407837571,-0.1374135355203998,0.9903916758312831,0,0,0,,1.0,-0.21431243419647217,0.0,False,False,3,False
87.458235163,1332,87,508235163,map,10.936687469482422,8.528861999511719,6.031825542449951,-0.00719604454934597,0.0,0.0,0.0,0.015737416128070773,-0.00523408464693107,-0.11826078470188076,0.9928440586986537,0,0,0,,1.0,-0.19037309288978577,0.0,False,False,3,False
87.558235164,1333,87,558235164,map,11.23399829864502,7.399730682373047,8.404008865356445,-0.00481262244284153,0.0,0.0,0.0,0.01689407184937193,-0.005674621617012442,-0.09780848363893803,0.9950456720845047,0,0,0,,1.0,-0.22523105144500732,0.0,False,False,3,False
87.608235165,1334,87,608235165,map,11.504196166992188,6.518363952636719,8.961599349975586,-0.0040733348578214645,0.0,0.0,0.0,0.018210209083528266,-0.005769588776742023,-0.075800700118137,0.9969399951812956,0,0,0,,1.0,-0.22876888513565063,0.0,False,False,3,False
87.658235166,1335,87,658235166,map,11.775574684143066,6.068630218505859,7.713556289672852,0.0037319189868867397,0.0,0.0,0.0,0.01884619333886699,-0.0055877238935673115,-0.053562686525661526,0.998370991641122,0,0,0,,1.0,-0.19084244966506958,0.0,False,False,3,False
87.708235166,1336,87,708235166,map,12.02924919128418,5.443916320800781,7.95405912399292,0.008043671026825905,0.0,0.0,0.0,0.019040293800879123,-0.0052421145149667185,-0.03195909153162075,0.9992940527771901,0,0,0,,1.0,-0.17601361870765686,0.0,False,False,3,False
87.758235167,1337,87,758235167,map,12.293060302734375,5.369300842285156,5.153599739074707,0.01389770582318306,0.0,0.0,0.0,0.018109170507690116,-0.004878446968629782,-0.012760191790750587,0.999742684996575,0,0,0,,1.0,-0.10541149973869324,0.0,False,False,3,False
87.758235167,1338,87,808235168,map,12.539607048034668,4.907894134521484,5.597405910491943,0.012174797244369984,0.0,0.0,0.0,0.016825028014122213,-0.004562490294157399,0.0034047541141557576,0.9998422424383067,0,0,0,,1.0,-0.09160961955785751,0.0,False,False,3,False
87.858235169,1339,87,858235169,map,12.78583812713623,4.899177551269531,1.456722617149353,0.012011527083814144,0.0,0.0,0.0,0.014367800692784654,-0.004362052247064417,0.015039753688264906,0.9997741468013877,0,0,0,,1.0,-0.005780357867479324,0.0,False,False,3,False
87.908235169,1340,87,908235169,map,13.021180152893066,4.640007019042969,2.6651053428649902,0.004910279531031847,0.0,0.0,0.0,0.011935904555652879,-0.0042609186546146306,0.02227243016025304,0.9996716048830305,0,0,0,,1.0,-0.010036017745733261,0.0,False,False,3,False
87.908235169,1341,87,958235170,map,13.24907398223877,4.551830291748047,0.2663838863372803,-0.0019100192002952099,0.0,0.0,0.0,0.00933835864931162,-0.00422966789288446,0.02558798936168075,0.9996200076867605,0,0,0,,1.0,0.030145633965730667,0.0,False,False,3,False
88.008235171,1342,88,8235171,map,13.470211029052734,4.446125030517578,-0.7292258739471436,-0.00484199495986104,0.0,0.0,0.0,0.006604580121478541,-0.00424132867360881,0.025143337996902188,0.9996530414133071,0,0,0,,1.0,0.049787070602178574,0.0,False,False,3,False
88.008235171,1343,88,58235172,map,13.688499450683594,4.3914031982421875,-0.9330105781555176,-0.007822418585419655,0.0,0.0,0.0,0.004195424947275938,-0.004260252064436439,0.022042936879010558,0.9997391447750795,0,0,0,,1.0,0.050961632281541824,0.0,False,False,3,False
88.058235172,1344,88,108235172,map,13.903440475463867,4.332981109619141,-1.5875723361968994,-0.008114241994917393,0.0,0.0,0.0,0.002100910707292751,-0.004267662518309655,0.01725163785965944,0.9998398642892715,0,0,0,,1.0,0.054016467183828354,0.0,False,False,3,False
88.158235173,1345,88,158235173,map,14.117260932922363,4.300746917724609,-1.6012730598449707,-0.00683364924043417,0.0,0.0,0.0,0.00042621113917054414,-0.004257092325566397,0.011676531540571222,0.9999226740704393,0,0,0,,1.0,0.046031322330236435,0.0,False,False,3,False
88.208235174,1346,88,208235174,map,14.329170227050781,4.254474639892578,-1.8844079971313477,-0.004761886317282915,0.0,0.0,0.0,-0.0009002699956328342,-0.004229721434567382,0.005950561724511159,0.9999729445268427,0,0,0,,1.0,0.04129547253251076,0.0,False,False,3,False
88.258235175,1347,88,258235175,map,14.541471481323242,4.249420166015625,-0.9663428068161011,-0.0024721145164221525,0.0,0.0,0.0,-0.0015945187140440089,-0.004194276771113754,0.0009858471416064872,0.9999894467732404,0,0,0,,1.0,0.018807169049978256,0.0,False,False,3,False
88.308235175,1348,88,308235175,map,14.751670837402344,4.2028045654296875,-1.5110514163970947,-0.0007102964445948601,0.0,0.0,0.0,-0.00206703330321275,-0.004156241917108998,-0.0030593998504038723,0.9999845464300963,0,0,0,,1.0,0.018563348799943924,0.0,False,False,3,False
88.358235176,1349,88,358235176,map,14.961527824401855,4.194526672363281,-0.6115008592605591,0.0003828047192655504,0.0,0.0,0.0,-0.0021420998582923085,-0.004122536786187223,-0.005912044469854525,0.9999717315148614,0,0,0,,1.0,0.0006597748724743724,0.0,False,False,3,False
88.358235176,1350,88,408235177,map,15.170153617858887,4.172554016113281,-0.003203749656677246,0.0011781693901866674,0.0,0.0,0.0,-0.0017981028149632182,-0.004096775650701399,-0.007199896296473708,0.9999640717290069,0,0,0,,1.0,-0.013005029410123825,0.0,False,False,3,False
88.458235178,1351,88,458235178,map,15.378148078918457,4.160919189453125,0.1978534460067749,0.0010616302024573088,0.0,0.0,0.0,-0.0012828633703531958,-0.0040780105847788685,-0.007057448749744562,0.9999659576747543,0,0,0,,1.0,-0.018170367926359177,0.0,False,False,3,False
88.508235178,1352,88,508235178,map,15.363433837890625,-0.294342041015625,-0.01169249415397644,0.0013261794811114669,0.0,0.0,0.0,-0.0008892294022243133,-0.0036239633689128833,-0.006099609502521863,0.9999744351354627,0,0,0,,1.0,-0.013470981270074844,0.0,False,False,0,False
88.508235178,1353,88,558235179,map,15.351313591003418,-0.24181365966796875,0.13647496700286865,0.0012680052313953638,0.0,0.0,0.0,-0.0005769167784146416,-0.002906210267324664,-0.004791491228306097,0.9999841312344521,0,0,0,,1.0,-0.01206481084227562,0.0,False,False,0,False
88.60823518,1354,88,608235180,map,15.60751724243164,5.123653411865234,-0.10923683643341064,8.468625310342759e-05,0.0,0.0,0.0,-0.00039650521551385634,-0.002704127690264452,-0.0035315119488945985,0.9999900294004953,0,0,0,,1.0,-0.00495491549372673,0.0,False,False,0,False
88.60823518,1355,88,658235181,map,15.899479866027832,5.840721130371094,0.3741418719291687,-0.0011133194202557206,0.0,0.0,0.0,-0.00014577864652992855,-0.0031564473792065426,-0.002311432319239989,0.9999923364052158,0,0,0,,1.0,-0.008650567382574081,0.0,False,False,4,False
88.708235181,1356,88,708235181,map,16.161338806152344,5.23712158203125,-0.02666667103767395,-0.0010694504017010331,0.0,0.0,0.0,-1.2611804021352685e-05,-0.0036573189668726515,-0.0013367027617389702,0.9999924185135823,0,0,0,,1.0,-0.0004801267059519887,0.0,False,False,4,False
88.708235181,1357,88,758235182,map,16.399980545043945,4.77386474609375,0.38226062059402466,-0.0005311964778229594,0.0,0.0,0.0,0.00015180305676766923,-0.004009738543523606,-0.000557931117539827,0.9999917937990855,0,0,0,,1.0,-0.004420075565576553,0.0,False,False,4,False
88.758235182,1358,88,808235183,map,16.6209659576416,4.419441223144531,-0.11608779430389404,-5.378722562454641e-05,0.0,0.0,0.0,0.00016961595495881436,-0.004190809335701968,-0.0001132491573391607,0.9999911977223439,0,0,0,,1.0,0.0038574300706386566,0.0,False,False,4,False
88.858235184,1359,88,858235184,map,16.828516006469727,4.15130615234375,0.12843750417232513,0.00036678306059911847,0.0,0.0,0.0,0.00017193726352295768,-0.004237692344284096,3.588139966912543e-05,0.9999910055163985,0,0,0,,1.0,0.0013198218075558543,0.0,False,False,4,False
88.908235184,1360,88,908235184,map,17.025850296020508,3.946990966796875,0.17879965901374817,0.0004640579572878778,0.0,0.0,0.0,0.00021257480709228197,-0.0041981632833742386,8.398086273986065e-05,0.999991161553047,0,0,0,,1.0,0.00011412415187805891,0.0,False,False,4,False
88.958235185,1361,88,958235185,map,17.215465545654297,3.792266845703125,-0.029004476964473724,0.0004930496215820312,0.0,0.0,0.0,0.00019040768120022066,-0.004111813387449967,7.4406614820601686e-06,0.9999915283042243,0,0,0,,1.0,0.002648737281560898,0.0,False,False,4,False
89.008235186,1362,89,8235186,map,17.399173736572266,3.674468994140625,0.32412007451057434,0.000308990478515625,0.0,0.0,0.0,0.00025036660385114516,-0.004007269324794832,-1.46154075135389e-06,0.9999919395210073,0,0,0,,1.0,-0.0030905641615390778,0.0,False,False,4,False
89.008235186,1363,89,58235187,map,17.57843589782715,3.585205078125,0.38625776767730713,0.0001283645542571321,0.0,0.0,0.0,0.0003773827794141248,-0.0039015650513624057,0.0002270370025288907,0.9999922918835861,0,0,0,,1.0,-0.005242343991994858,0.0,False,False,4,False
89.108235187,1364,89,108235187,map,17.754396438598633,3.519287109375,-0.24597130715847015,0.00013599397789221257,0.0,0.0,0.0,0.00029384276934553275,-0.0038048124447467254,0.0003427941482236918,0.9999926597484899,0,0,0,,1.0,0.003990929573774338,0.0,False,False,4,False
89.158235188,1365,89,158235188,map,17.927854537963867,3.4691619873046875,-0.032608140259981155,-4.7302273742388934e-05,0.0,0.0,0.0,0.00017707122216126738,-0.0037212399726811265,0.0002725620292013712,0.9999930233400572,0,0,0,,1.0,0.0018169021932408214,0.0,False,False,4,False
89.208235189,1366,89,208235189,map,18.09923553466797,3.4274673461914062,0.40298330783843994,2.8228787414263934e-05,0.0,0.0,0.0,0.0002427733999922382,-0.003651403787523705,0.0003620038612418238,0.9999932386094723,0,0,0,,1.0,-0.005196046084165573,0.0,False,False,4,False
89.25823519,1367,89,258235190,map,18.269163131713867,3.39813232421875,0.30766963958740234,-0.00011844636901514605,0.0,0.0,0.0,0.0003551484666676188,-0.0035945043917065345,0.0006894239371644752,0.9999932390283345,0,0,0,,1.0,-0.004799503833055496,0.0,False,False,4,False
89.30823519,1368,89,308235190,map,18.437959671020508,3.3756256103515625,0.159124955534935,-8.487701416015625e-05,0.0,0.0,0.0,0.0003961343723007842,-0.0035495560553980886,0.0010900855894628145,0.9999930276970816,0,0,0,,1.0,-0.0024395547807216644,0.0,False,False,4,False
89.358235191,1369,89,358235191,map,18.605823516845703,3.3571243286132812,0.06962671875953674,-1.068114215740934e-05,0.0,0.0,0.0,0.0003659439855516805,-0.00351430256450534,0.0014215227651137937,0.9999927474914571,0,0,0,,1.0,-0.0003885665209963918,0.0,False,False,4,False
89.408235192,1370,89,408235192,map,18.772811889648438,3.3403778076171875,-0.32424214482307434,-8.239746239269152e-05,0.0,0.0,0.0,0.0001854023849693058,-0.0034869009052840255,0.0014310036216257044,0.9999928796629841,0,0,0,,1.0,0.006325911730527878,0.0,False,False,4,False
89.458235193,1371,89,458235193,map,18.939289093017578,3.3296585083007812,-0.062498562037944794,8.773804438533261e-06,0.0,0.0,0.0,4.6893950819422694e-05,-0.0034658301678502637,0.0011943021607094635,0.9999932797096959,0,0,0,,1.0,0.0031068138778209686,0.0,False,False,4,False
89.508235193,1372,89,508235193,map,19.105247497558594,3.3191680908203125,0.0048596784472465515,-0.00011425017873989418,0.0,0.0,0.0,-2.966784870138687e-06,-0.003449615887985549,0.0009155679472746915,0.9999936309180962,0,0,0,,1.0,0.0013391784159466624,0.0,False,False,4,False
89.558235194,1373,89,558235194,map,19.270748138427734,3.310089111328125,-0.07757321000099182,-1.3923643564339727e-05,0.0,0.0,0.0,-4.149893582275232e-05,-0.0034370025366373307,0.0006331457459759527,0.9999938921902803,0,0,0,,1.0,0.0017294398276135325,0.0,False,False,4,False
89.608235195,1374,89,608235195,map,19.43585777282715,3.3021926879882812,0.019312500953674316,-4.577639174385695e-06,0.0,0.0,0.0,-4.705181568202349e-05,-0.003427160665933266,0.0004134203317327952,0.9999940407020064,0,0,0,,1.0,-0.00030171882826834917,0.0,False,False,4,False
89.658235196,1375,89,658235196,map,19.60056495666504,3.2938003540039062,0.23092451691627502,-4.348754373495467e-05,0.0,0.0,0.0,3.7039094236342426e-05,-0.003419496661929901,0.00041344199596137854,0.9999940673506021,0,0,0,,1.0,-0.00417027622461319,0.0,False,False,4,False
89.708235196,1376,89,708235196,map,19.764957427978516,3.2874298095703125,0.2218199521303177,-4.901886131847277e-05,0.0,0.0,0.0,0.0001465067296053665,-0.0034131574661025498,0.0006593544225815179,0.9999939470534984,0,0,0,,1.0,-0.004554320126771927,0.0,False,False,4,False
89.758235197,1377,89,758235197,map,19.928997039794922,3.2798385620117188,0.3552873432636261,5.531310307560489e-06,0.0,0.0,0.0,0.00028281943898520454,-0.003407805408337308,0.0011463692232204477,0.9999934963353853,0,0,0,,1.0,-0.0063621886074543,0.0,False,False,4,False
89.808235198,1378,89,808235198,map,20.092737197875977,3.2733154296875,0.42272353172302246,-1.716607584967278e-06,0.0,0.0,0.0,0.00043516757948874294,-0.003403213729497372,0.001854208802305134,0.9999923953086877,0,0,0,,1.0,-0.006890390068292618,0.0,False,False,4,False
89.858235199,1379,89,858235199,map,20.25615119934082,3.2656478881835938,0.5492663383483887,7.629387255292386e-06,0.0,0.0,0.0,0.0006091759643491466,-0.0033988296664802567,0.002760521669321934,0.9999902281430832,0,0,0,,1.0,-0.007935110479593277,0.0,False,False,4,False
89.908235199,1380,89,908235199,map,20.419445037841797,3.2664871215820312,-0.10472878813743591,1.0681160347303376e-05,0.0,0.0,0.0,0.0005525445733707945,-0.0033958160764115067,0.00344048442347343,0.9999881630272438,0,0,0,,1.0,0.0031939782202243805,0.0,False,False,4,False
89.908235199,1381,89,958235200,map,20.58246421813965,3.2608795166015625,-0.08540898561477661,4.634857032215223e-05,0.0,0.0,0.0,0.00038431826079907274,-0.003393925195739401,0.003668937921565369,0.9999874361539588,0,0,0,,1.0,0.004969287663698196,0.0,False,False,4,False
90.008235201,1382,90,8235201,map,20.7452335357666,3.25592041015625,-0.10408774018287659,1.1444089977885596e-05,0.0,0.0,0.0,0.000218723431903402,-0.0033925382809735566,0.003513117133959148,0.9999880503546407,0,0,0,,1.0,0.005732715129852295,0.0,False,False,4,False
90.058235201,1383,90,58235201,map,20.907546997070312,3.2482147216796875,-0.48445984721183777,-8.621215965831652e-05,0.0,0.0,0.0,-4.080472932932973e-05,-0.003391152709050103,0.002888272305664599,0.9999900781014612,0,0,0,,1.0,0.011069383472204208,0.0,False,False,4,False
90.058235201,1384,90,108235202,map,21.06991958618164,3.2485198974609375,-0.3507670760154724,1.392364538332913e-05,0.0,0.0,0.0,-0.0002699092216586521,-0.0033896989275106013,0.0019242498140065038,0.9999923671472929,0,0,0,,1.0,0.008219894021749496,0.0,False,False,4,False
90.108235202,1385,90,158235203,map,21.058975219726562,-0.21938323974609375,0.17980217933654785,0.0004583358531817794,0.0,0.0,0.0,-0.00025378274319373635,-0.003052341966422818,0.0011385094197021116,0.9999946612853194,0,0,0,,1.0,-0.001979593187570572,0.0,False,False,0,False
90.208235204,1386,90,208235204,map,21.039501190185547,-0.38806915283203125,-0.6055630445480347,0.0006958007579669356,0.0,0.0,0.0,-0.00037965160709445565,-0.002468067979076902,0.000368972672631313,0.9999968141770628,0,0,0,,1.0,0.007256321609020233,0.0,False,False,0,False
90.208235204,1387,90,258235204,map,21.217832565307617,3.567047119140625,-0.374242901802063,8.602139132563025e-05,0.0,0.0,0.0,-0.0005272500089623817,-0.0022522804803208397,-0.00044993657913873015,0.9999972233947156,0,0,0,,1.0,0.0036062821745872498,0.0,False,False,0,False
90.308235205,1388,90,308235205,map,21.432329177856445,4.290008544921875,-0.38793808221817017,-0.0006700515514239669,0.0,0.0,0.0,-0.0006262023270134579,-0.0025573102669085314,-0.0011841893173637798,0.99999583285657,0,0,0,,1.0,0.0026539117097854614,0.0,False,False,5,False
90.308235205,1389,90,358235206,map,21.624683380126953,3.8469314575195312,0.48401397466659546,-0.0007017136085778475,0.0,0.0,0.0,-0.0004095145056807443,-0.002921745574871734,-0.0013416381359110821,0.9999947478400961,0,0,0,,1.0,-0.011700086295604706,0.0,False,False,5,False
90.408235207,1390,90,408235207,map,21.800947189331055,3.5252761840820312,-0.01930840313434601,-0.00042514794040471315,0.0,0.0,0.0,-0.00022694109604714963,-0.0031887334683647736,-0.001015715245680712,0.9999943743837494,0,0,0,,1.0,-0.005095958709716797,0.0,False,False,5,False
90.458235207,1391,90,458235207,map,21.96143913269043,3.2096481323242188,0.18828746676445007,-0.00016517638869117945,0.0,0.0,0.0,-7.837351058876997e-05,-0.0033295357406090877,-0.000423308322416216,0.9999943644138246,0,0,0,,0.9074888825416565,-0.006747212260961533,0.0,False,False,5,False
90.458235207,1392,90,508235208,map,22.098323822021484,2.738037109375,-0.5080832839012146,9.136194421444088e-05,0.0,0.0,0.0,-0.00017055126731511223,-0.003341603023800694,-3.347532801963417e-05,0.9999944017247792,0,0,0,,0.7081900238990784,0.005491543561220169,0.0,False,False,5,False
90.508235208,1393,90,558235209,map,22.176536560058594,1.5599822998046875,-1.9906972646713257,0.0002923965803347528,0.0,0.0,0.0,-0.0008652252581897822,-0.0031743441717748816,-0.0009156524764756703,0.9999941682354323,0,0,0,,0.0,0.0311516635119915,0.1199076697230339,False,False,5,False
90.60823521,1394,90,608235210,map,22.150930404663086,-0.5080032348632812,2.3263039588928223,0.0008726119995117188,0.0,0.0,0.0,-0.00032159861540308486,-0.002714953384932477,-0.0010392736641182683,0.9999957227472022,0,0,0,,0.0,-0.03406376391649246,1.0,False,False,5,False
90.60823521,1395,90,658235210,map,21.990497589111328,-3.219146728515625,2.6817522048950195,0.0008762360084801912,0.0,0.0,0.0,0.0010143680682171115,-0.0018476187877343342,0.0011233256381426476,0.9999971477468064,0,0,0,,0.0,-0.04795646294951439,1.0,False,False,5,False
90.65823521,1396,90,708235211,map,21.721906661987305,-5.383186340332031,1.3162195682525635,3.5095144994556904e-05,0.0,0.0,0.0,0.0018666315070843679,-0.0006440440526254549,0.004529896638891909,0.9999877903907208,0,0,0,,0.0,-0.02683146670460701,1.0,False,False,5,False
90.758235212,1397,90,758235212,map,21.384408950805664,-6.774101257324219,1.907484531402588,-0.00046062463661655784,0.0,0.0,0.0,0.0024920538640232056,0.0007179239755160997,0.008617179154041681,0.9999595084182816,0,0,0,,0.0,-0.03133387491106987,1.0,False,False,5,False
90.808235213,1398,90,808235213,map,21.01993179321289,-7.251319885253906,-3.6992785930633545,0.000543785048648715,0.0,0.0,0.0,0.001265408056163813,0.0019798345424766636,0.010424062831468366,0.999942907326074,0,0,0,,0.0,0.08255229145288467,1.0,False,False,5,False
90.858235213,1399,90,858235213,map,20.680278778076172,-6.787986755371094,-1.046857237815857,-0.0002473830827511847,0.0,0.0,0.0,-7.412068830424496e-05,0.0029890894892965507,0.009204386615468397,0.9999531684619942,0,0,0,,0.0,0.03887952119112015,1.0,False,False,5,False
90.908235214,1400,90,908235214,map,20.393192291259766,-5.739555358886719,-2.293553590774536,-0.0008140563732013106,0.0,0.0,0.0,-0.0012008864423144988,0.003540923647090087,0.0058108701870473334,0.9999761264746011,0,0,0,,0.0,0.0567236952483654,1.0,False,False,0,False
90.908235214,1401,90,958235215,map,20.06106185913086,-6.660499572753906,-3.1041452884674072,-0.0009277343633584678,0.0,0.0,0.0,-0.002488952665085394,0.0038635093608888906,7.432975928855465e-05,0.9999894363867731,0,0,0,,0.0,0.0692516639828682,1.0,False,False,0,False
91.008235216,1402,91,8235216,map,19.55704116821289,-10.093307495117188,-1.1006584167480469,-0.00128002162091434,0.0,0.0,0.0,-0.002977080328779902,0.004569666729613675,-0.00630031694064673,0.9999652799698315,0,0,0,,0.0,0.030907567590475082,1.0,False,False,4,False
91.058235216,1403,91,58235216,map,19.07394027709961,-9.672966003417969,-0.7272708415985107,-0.0003816605021711439,0.0,0.0,0.0,-0.0028863439245696908,0.005352483203822633,-0.011903546086502504,0.9999106587755069,0,0,0,,0.0,0.010002713650465012,1.0,False,False,4,False
91.108235217,1404,91,108235217,map,18.606340408325195,-9.3768310546875,-1.3840997219085693,-8.716582669876516e-05,0.0,0.0,0.0,-0.0028929351539438543,0.005973167724091037,-0.01663484686765354,0.999839604168201,0,0,0,,0.0,0.010185163468122482,1.0,False,False,4,False
91.158235218,1405,91,158235218,map,18.15167236328125,-9.090042114257812,0.2616208791732788,0.0008295058505609632,0.0,0.0,0.0,-0.002479870549931233,0.006377723435242023,-0.01968596027226869,0.9997827953380662,0,0,0,,0.0,-0.025098737329244614,1.0,False,False,4,False
91.208235219,1406,91,208235219,map,17.70377540588379,-8.9227294921875,2.3010647296905518,0.0016302108997479081,0.0,0.0,0.0,-0.0012336586486416884,0.00659412696253306,-0.019637710017763134,0.9997846547738163,0,0,0,,0.0,-0.07317637652158737,1.0,False,False,4,False
91.258235219,1407,91,258235219,map,17.251859664916992,-9.009819030761719,4.904878616333008,0.0005517959361895919,0.0,0.0,0.0,0.0010463750949423376,0.006702842763578061,-0.014967056474298263,0.9998649729931249,0,0,0,,0.0,-0.13488267362117767,1.0,False,False,4,False
91.30823522,1408,91,308235220,map,16.820608139038086,-8.625030517578125,0.0112852081656456,-0.0009397506946697831,0.0,0.0,0.0,0.001892863403622014,0.006744511569601916,-0.008218923403127657,0.9999416872647707,0,0,0,,0.0,-0.03319654241204262,1.0,False,False,4,False
91.358235221,1409,91,358235221,map,16.394182205200195,-8.544883728027344,2.8931500911712646,-0.00011119842383777723,0.0,0.0,0.0,0.0025178054963247713,0.006723559137613848,-0.0008744659000645124,0.9999738445166431,0,0,0,,0.0,-0.07266039401292801,1.0,False,False,4,False
91.408235222,1410,91,408235222,map,15.974518775939941,-8.37789535522461,-2.4169511795043945,0.0009208678966388106,0.0,0.0,0.0,0.001723401922172552,0.006663990826268473,0.004758973093029114,0.999964986030602,0,0,0,,0.0,0.040818024426698685,1.0,False,False,4,False
91.458235222,1411,91,458235222,map,15.556777954101562,-8.3599853515625,-2.8765692710876465,0.0009376525413244963,0.0,0.0,0.0,-0.00010833381606136854,0.006585432035294524,0.006057641189742582,0.9999599618644285,0,0,0,,0.0,0.06614242494106293,1.0,False,False,4,False
91.508235223,1412,91,508235223,map,15.144585609436035,-8.269615173339844,-2.418020725250244,-0.0010040283668786287,0.0,0.0,0.0,-0.0016013942287745,0.006506708734524468,0.003784673014034277,0.9999703868256025,0,0,0,,0.0,0.07151228934526443,1.0,False,False,4,False
91.558235224,1413,91,558235224,map,14.723447799682617,-8.548336029052734,-5.223827362060547,-0.0023097991943359375,0.0,0.0,0.0,-0.003552418070319281,0.00647256154584323,-0.00247150698115577,0.9999696885036721,0,0,0,,0.0,0.1381426751613617,1.0,False,False,4,False
91.608235225,1414,91,608235225,map,14.460426330566406,-5.254459381103516,0.2689552307128906,3.471373929642141e-05,0.0,0.0,0.0,-0.0038919452716572444,0.006138166695632431,-0.010015993484057887,0.9999234248411958,0,0,0,,0.0,0.021366778761148453,0.9432139992713928,False,False,0,False
91.608235225,1415,91,658235225,map,14.230010032653809,-4.715709686279297,-2.7744526863098145,0.00245246896520257,0.0,0.0,0.0,-0.003985438368519083,0.005549126051372558,-0.017152058851087813,0.9998295506526327,0,0,0,,0.0,0.059066373854875565,0.7718992829322815,False,False,0,False
91.708235226,1416,91,708235226,map,13.773350715637207,-9.032974243164062,2.7865452766418457,0.001953697297722101,0.0,0.0,0.0,-0.002787609094228639,0.005345909500589078,-0.021956715525305315,0.9997407429581382,0,0,0,,0.0,-0.061652038246393204,0.63604336977005,False,False,0,False
91.758235227,1417,91,758235227,map,13.327582359313965,-8.78915786743164,5.179649353027344,0.0002037046942859888,0.0,0.0,0.0,7.652639055820781e-06,0.005630669801746738,-0.021175130822368944,0.9997599258490392,0,0,0,,0.0,-0.12929770350456238,0.11580712348222733,False,False,3,False
91.808235228,1418,91,808235228,map,12.993990898132324,-6.642036437988281,5.410789966583252,-0.003554725553840399,0.0,0.0,0.0,0.0029677650135533223,0.005742905332084852,-0.014810857338042238,0.9998694164310074,0,0,0,,0.4833275377750397,-0.14529021084308624,0.0,False,False,3,False
91.858235228,1419,91,858235228,map,12.734882354736328,-5.218162536621094,3.218132972717285,-0.002941894344985485,0.0,0.0,0.0,0.004639007740298124,0.00556289092149268,-0.005629618326653987,0.9999579197392644,0,0,0,,0.9664590954780579,-0.10274447500705719,0.0,False,False,3,False
91.908235229,1420,91,908235229,map,12.558188438415527,-3.5648345947265625,1.4721322059631348,0.0015068053035065532,0.0,0.0,0.0,0.004884715892418319,0.005073932955812002,0.003383963483785662,0.9999694713070748,0,0,0,,1.0,-0.056964077055454254,0.0,False,False,3,False
91.95823523,1421,91,958235230,map,12.472137451171875,-1.6931724548339844,-1.3452908992767334,0.004932975862175226,0.0,0.0,0.0,0.0036605544383985556,0.004264523682797851,0.00948221850569854,0.999939249010245,0,0,0,,1.0,0.009233865886926651,0.0,False,False,3,False
91.95823523,1422,92,8235231,map,12.461442947387695,-0.18220901489257812,-2.3078532218933105,0.003465270856395364,0.0,0.0,0.0,0.0017240541778653499,0.003213436015028738,0.01137533970542759,0.9999286490108958,0,0,0,,1.0,0.047763433307409286,0.0,False,False,3,False
92.058235231,1423,92,58235231,map,12.509045600891113,0.9622955322265625,-2.025824785232544,-0.0004377367440611124,0.0,0.0,0.0,-9.012011564275732e-06,0.0020695413700294496,0.009715280326160007,0.9999506639057177,0,0,0,,1.0,0.05490559712052345,0.0,False,False,3,False
92.108235232,1424,92,108235232,map,12.586234092712402,1.5336799621582031,-2.511415719985962,-0.0026308055967092514,0.0,0.0,0.0,-0.0014642952782947295,0.0009801996339851367,0.005505093567261937,0.9999832943568762,0,0,0,,0.7317344546318054,0.06514162570238113,0.0,False,False,3,False
92.108235232,1425,92,158235233,map,12.651989936828613,1.2830734252929688,-2.3575611114501953,-0.0029901505913585424,0.0,0.0,0.0,-0.002566460374848486,0.00011060848535579974,-0.00022519481768735073,0.9999966751615733,0,0,0,,0.37079471349716187,0.06116066873073578,0.0,False,False,3,False
92.158235233,1426,92,208235234,map,12.663058280944824,0.16437530517578125,-2.466153860092163,-0.002121353056281805,0.0,0.0,0.0,-0.003389958775950353,-0.0003936949202394023,-0.006647642753944089,0.9999720806250658,0,0,0,,0.07603701204061508,0.058433156460523605,0.0,False,False,3,False
92.258235234,1427,92,258235234,map,12.576308250427246,-1.8293380737304688,-2.7768850326538086,-0.00120792374946177,0.0,0.0,0.0,-0.004115829073237713,-0.00042263399587348616,-0.013440241075024853,0.9999011157366465,0,0,0,,0.0,0.0605451837182045,0.22905471920967102,False,False,3,False
92.258235234,1428,92,308235235,map,12.422107696533203,-3.015422821044922,1.9866365194320679,0.002128982450813055,0.0,0.0,0.0,-0.00317465567867442,-5.553733082920036e-05,-0.01791886316679263,0.9998344026986352,0,0,0,,0.0,-0.026951022446155548,0.21308991312980652,False,False,3,False
92.358235236,1429,92,358235236,map,12.241559982299805,-3.5606956481933594,1.8314123153686523,0.0024475096724927425,0.0,0.0,0.0,-0.001503751491106898,0.00047545372207993006,-0.018763389857653284,0.9998227082219432,0,0,0,,0.0,-0.04103037342429161,0.16508230566978455,False,False,3,False
92.408235237,1430,92,408235237,map,12.048608779907227,-3.7844276428222656,5.795760154724121,-0.0001560211239848286,0.0,0.0,0.0,0.0010721817808906362,0.001007750256822091,-0.0152729712695774,0.9998822786779687,0,0,0,,0.027513496577739716,-0.17715206742286682,0.0,False,False,3,False
92.458235237,1431,92,458235237,map,11.863810539245605,-3.7347984313964844,4.552417278289795,-0.00366802210919559,0.0,0.0,0.0,0.0037520215506116356,0.0014801615634067442,-0.007193428272512274,0.9999659924446022,0,0,0,,0.22653532028198242,-0.12303390353918076,0.0,False,False,3,False
92.508235238,1432,92,508235238,map,11.675312995910645,-4.0071868896484375,7.054390907287598,-0.005413246341049671,0.0,0.0,0.0,0.006416322645235702,0.0018932761586653067,0.004449232446582112,0.9999677247990236,0,0,0,,0.23346659541130066,-0.18090227246284485,0.0,False,False,3,False
92.558235239,1433,92,558235239,map,11.531378746032715,-2.827472686767578,-1.1696577072143555,0.0010015483712777495,0.0,0.0,0.0,0.006444000439838394,0.002123240040669659,0.015567268918874003,0.9998558030278507,0,0,0,,0.37375861406326294,0.014770105481147766,0.0,False,False,3,False
92.608235239,1434,92,608235239,map,11.402758598327637,-2.512664794921875,-1.5043461322784424,0.009664726443588734,0.0,0.0,0.0,0.004235605023424953,0.002107513251542172,0.021234102896795833,0.9997633374514933,0,0,0,,0.19728827476501465,0.01860184222459793,0.0,False,False,3,False
92.608235239,1435,92,658235240,map,11.265934944152832,-2.6326560974121094,-3.4185588359832764,0.003666686825454235,0.0,0.0,0.0,0.0016645309926114223,0.002004587539893393,0.021960023345817627,0.9997554542687028,0,0,0,,0.20682066679000854,0.07918992638587952,0.0,False,False,3,False
92.708235241,1436,92,708235241,map,11.182425498962402,-1.6208648681640625,-2.9335994720458984,-0.0013700482668355107,0.0,0.0,0.0,-0.0006138672074687868,0.0018255070419000653,0.018476456508556182,0.9998274407346395,0,0,0,,0.19622555375099182,0.08114946633577347,0.0,False,False,3,False
92.708235241,1437,92,758235242,map,11.174243927001953,-0.15178680419921875,-2.6720752716064453,-0.0030258179176598787,0.0,0.0,0.0,-0.0022168676029036593,0.0013901395323823985,0.012561946219742076,0.9999176718696815,0,0,0,,0.2618032395839691,0.07848882675170898,0.0,False,False,0,False
92.758235242,1438,92,808235242,map,11.058862686157227,-2.3150634765625,-1.5026578903198242,-0.0019987106788903475,0.0,0.0,0.0,-0.0029447665809668876,0.0010224172105831497,0.006053426549234521,0.9999768192512485,0,0,0,,0.3274545669555664,0.05770948901772499,0.0,False,False,0,False
92.858235243,1439,92,858235243,map,10.617270469665527,-8.829078674316406,0.3986373543739319,-0.00037975312443450093,0.0,0.0,0.0,-0.0025018064747119578,0.001771738970290036,0.0010779508901264054,0.9999947199496919,0,0,0,,0.33563512563705444,0.013743359595537186,0.0,False,False,2,False
92.908235244,1440,92,908235244,map,10.243561744689941,-7.473945617675781,0.05798622965812683,-0.000488662684801966,0.0,0.0,0.0,-0.0018253488906683026,0.002817356350425979,-0.002066395202646236,0.9999922302775598,0,0,0,,0.44827839732170105,0.006050430238246918,0.0,False,False,2,False
92.908235244,1441,92,958235245,map,9.944178581237793,-5.984916687011719,0.505662202835083,-0.0004444122314453125,0.0,0.0,0.0,-0.001134185639882624,0.003564521834386549,-0.0035974415723452136,0.9999865330199004,0,0,0,,0.5627818703651428,-0.009118007495999336,0.0,False,False,2,False
93.008235245,1442,93,8235245,map,9.716985702514648,-4.542407989501953,0.4336613714694977,0.00015888210327830166,0.0,0.0,0.0,-0.0005595849450309757,0.003854364091730231,-0.0038527910800670788,0.9999849932589143,0,0,0,,0.6104459166526794,-0.013440173119306564,0.0,False,False,2,False
93.058235246,1443,93,58235246,map,9.5480318069458,-3.378620147705078,0.6018269062042236,0.0007835387950763106,0.0,0.0,0.0,-7.729459173078897e-05,0.003740090319164744,-0.0031870198543822678,0.9999879242542873,0,0,0,,0.5451771020889282,-0.018527399748563766,0.0,False,False,2,False
93.108235247,1444,93,108235247,map,9.405580520629883,-2.8490638732910156,-0.3330622613430023,0.000772666884586215,0.0,0.0,0.0,-1.0645655971111838e-05,0.003388374606713023,-0.0024384689759720233,0.9999912862986595,0,0,0,,0.2634592354297638,-0.0035377368330955505,0.0,False,False,2,False
93.158235248,1445,93,158235248,map,9.252047538757324,-3.070697784423828,-0.04483068361878395,0.000431060791015625,0.0,0.0,0.0,-4.8871624755916224e-05,0.003020916251799374,-0.00189428743735642,0.9999936416556199,0,0,0,,0.16240930557250977,-0.0036623962223529816,0.0,False,False,2,False
93.208235248,1446,93,208235248,map,9.070810317993164,-3.6293601989746094,1.5393645763397217,-5.588532076217234e-05,0.0,0.0,0.0,0.0004656206274089455,0.0027800231439136396,-0.0006275304476080683,0.9999958304284513,0,0,0,,0.017756719142198563,-0.0310102216899395,0.0,False,False,2,False
93.208235248,1447,93,258235249,map,8.868409156799316,-4.050788879394531,0.3210747241973877,-0.0004398345772642642,0.0,0.0,0.0,0.0007533541891717551,0.0027070935764823404,0.0009902434346826926,0.9999955617500379,0,0,0,,0.01397811621427536,-0.017077352851629257,0.0,False,False,2,False
93.258235249,1448,93,308235250,map,8.638406753540039,-4.595813751220703,-0.5692553520202637,-0.0002830505254678428,0.0,0.0,0.0,0.0005100018748676747,0.00276934774832535,0.001976493330785259,0.9999940820251138,0,0,0,,0.024013038724660873,0.0017912982730194926,0.0,False,False,2,False
93.358235251,1449,93,358235251,map,8.424259185791016,-4.281139373779297,-1.7682838439941406,-0.0002796173212118447,0.0,0.0,0.0,-0.00029941548160960927,0.0028866787120197628,0.001503666575442554,0.999994658197339,0,0,0,,0.0923600047826767,0.03206586837768555,0.0,False,False,2,False
93.408235251,1450,93,408235251,map,8.176128387451172,-4.965915679931641,-0.5450745820999146,-0.0003120422188658267,0.0,0.0,0.0,-0.0007875379849328843,0.0030203687369558655,0.0001935910417848828,0.9999951098276051,0,0,0,,0.11356844753026962,0.020798619836568832,0.0,False,False,2,False
93.458235252,1451,93,458235252,map,7.989570617675781,-3.733034133911133,-0.20808711647987366,-0.0001102447640732862,0.0,0.0,0.0,-0.0008657007367095932,0.0030857112549112255,-0.0011482000981177921,0.9999942052756208,0,0,0,,0.14292758703231812,0.01431344449520111,0.0,False,False,2,False
93.458235252,1452,93,508235253,map,7.74981689453125,-4.793424606323242,0.21285377442836761,0.0002662658807821572,0.0,0.0,0.0,-0.0006610578581164577,0.0031212836150359222,-0.002110776972427543,0.9999926825790655,0,0,0,,0.16379910707473755,0.004352353513240814,0.0,False,False,2,False
93.558235254,1453,93,558235254,map,7.593021392822266,-3.1366825103759766,-0.07947318255901337,0.00020294188288971782,0.0,0.0,0.0,-0.0004921289103601756,0.003065593404905583,-0.0027857919900328406,0.9999912996167516,0,0,0,,0.18980950117111206,0.005762059241533279,0.0,False,False,2,False
93.558235254,1454,93,608235254,map,7.3702392578125,-4.450368881225586,0.9405500888824463,0.00015544891357421875,0.0,0.0,0.0,-4.739136987880964e-05,0.00299425778270392,-0.0027613160292352047,0.9999917036196728,0,0,0,,0.20441937446594238,-0.014143723994493484,0.0,False,False,2,False
93.658235255,1455,93,658235255,map,7.243282794952393,-2.538633346557617,0.3486134111881256,9.479522123001516e-05,0.0,0.0,0.0,0.00026965765811026043,0.002846598833671447,-0.002221573862641695,0.999993444363212,0,0,0,,0.21582698822021484,-0.01105908676981926,0.0,False,False,2,False
93.708235256,1456,93,708235256,map,7.036397457122803,-4.138240814208984,-0.35280388593673706,0.00016860962205100805,0.0,0.0,0.0,0.00019460087134242233,0.0027176640905520622,-0.001895170594701335,0.9999944923652373,0,0,0,,0.20837169885635376,0.0014918631641194224,0.0,False,False,2,False
93.758235257,1457,93,758235257,map,6.939830303192139,-1.9362163543701172,-0.83751380443573,1.3923636288382113e-05,0.0,0.0,0.0,-0.00019111241728670268,0.0025243129375488336,-0.0021500503878116996,0.999994484286572,0,0,0,,0.24616482853889465,0.01583949849009514,0.0,False,False,2,False
93.808235257,1458,93,808235257,map,6.758938312530518,-3.61541748046875,0.32714778184890747,1.907392288558185e-07,0.0,0.0,0.0,-0.0002099425152849049,0.0023486946954394505,-0.0026845252758861417,0.9999936164203305,0,0,0,,0.2977150082588196,-0.0003521182807162404,0.0,False,False,2,False
93.858235258,1459,93,858235258,map,6.6897711753845215,-1.3813972473144531,0.3712396025657654,4.5776359911542386e-05,0.0,0.0,0.0,-1.855785804937488e-05,0.002118580460526168,-0.002553821693865822,0.9999944946184425,0,0,0,,0.3380478024482727,-0.006325684487819672,0.0,False,False,2,False
93.908235259,1460,93,908235259,map,6.52678918838501,-3.2597827911376953,-0.02957366406917572,-1.811982656363398e-05,0.0,0.0,0.0,5.257040263983776e-05,0.0019383877631484405,-0.0026550325447087823,0.9999945953311044,0,0,0,,0.36171776056289673,-0.0011085645528510213,0.0,False,False,2,False
93.95823526,1461,93,958235260,map,6.481355667114258,-0.9084606170654297,0.0546129047870636,-0.00011043546692235395,0.0,0.0,0.0,6.941895492211814e-05,0.0017122787371239004,-0.0024011387003896904,0.9999956488982722,0,0,0,,0.3651619851589203,-0.00217553973197937,0.0,False,False,2,False
93.95823526,1462,94,8235260,map,6.332430362701416,-2.9784393310546875,0.021349862217903137,-3.299712261650711e-05,0.0,0.0,0.0,6.977646231470988e-05,0.0015511590563697046,-0.0025104231346255008,0.9999956433967662,0,0,0,,0.3621717095375061,-0.0015283265383914113,0.0,False,False,2,False
94.058235261,1463,94,58235261,map,6.302924633026123,-0.5904006958007812,-0.06812639534473419,-0.00011577606346691027,0.0,0.0,0.0,3.070883448387186e-05,0.001354388283970476,-0.0023056852048757444,0.9999964242461469,0,0,0,,0.3776755928993225,0.0003850198118016124,0.0,False,False,2,False
94.108235262,1464,94,108235262,map,6.164184093475342,-2.774076461791992,0.21261218190193176,-1.4495853974949569e-05,0.0,0.0,0.0,7.973863885080002e-05,0.0012293960191102188,-0.002400632226404026,0.9999963595894193,0,0,0,,0.4019956886768341,-0.004974290728569031,0.0,False,False,2,False
94.158235263,1465,94,158235263,map,6.150116920471191,-0.28090476989746094,0.2722013592720032,-7.820127939339727e-05,0.0,0.0,0.0,0.00018615846647974417,0.0010601312545529238,-0.0019138063509437043,0.9999975894030942,0,0,0,,0.41547727584838867,-0.008552756160497665,0.0,False,False,2,False
94.208235263,1466,94,208235263,map,6.022292613983154,-2.557086944580078,-0.32213661074638367,1.4877318790240679e-05,0.0,0.0,0.0,8.814634325717497e-05,0.0009585670145523154,-0.0019898496808357347,0.9999975569358899,0,0,0,,0.415462851524353,0.0031931884586811066,0.0,False,False,2,False
94.258235264,1467,94,258235264,map,6.021705150604248,-0.012226104736328125,-0.12897613644599915,-4.673004150390625e-05,0.0,0.0,0.0,-2.9922025779888372e-05,0.0008074614681434041,-0.001861752841575503,0.9999979404913827,0,0,0,,0.43947792053222656,0.0027002841234207153,0.0,False,False,2,False
94.258235264,1468,94,308235265,map,5.904027938842773,-2.354907989501953,-0.248422771692276,1.9073479506914737e-06,0.0,0.0,0.0,-0.00015065348079072702,0.0007223432342581745,-0.002325216511759436,0.99999702444155,0,0,0,,0.44680339097976685,0.006619706749916077,0.0,False,False,2,False
94.358235266,1469,94,358235266,map,5.919008255004883,0.3020668029785156,0.7603211402893066,6.599425978492945e-05,0.0,0.0,0.0,8.664813952234986e-05,0.0005785914379398541,-0.001970452107265466,0.9999978875190392,0,0,0,,0.5425259470939636,-0.015152595937252045,0.0,False,False,2,False
94.408235266,1470,94,408235266,map,5.81939697265625,-1.9923114776611328,0.14395444095134735,-0.00010528564598644152,0.0,0.0,0.0,0.00024616498641446915,0.00048266360499389156,-0.0017580498273107486,0.9999983078482927,0,0,0,,0.5253220200538635,-0.008871152997016907,0.0,False,False,2,False
94.458235267,1471,94,458235267,map,5.855936527252197,0.7295608520507812,-0.6968465447425842,6.389617919921875e-05,0.0,0.0,0.0,8.499087909387377e-06,0.00031422290484011604,-0.0015468860701316907,0.9999987541668327,0,0,0,,0.5317039489746094,0.01078813523054123,0.0,False,False,2,False
94.508235268,1472,94,508235268,map,5.771763324737549,-1.685495376586914,-0.32419320940971375,-2.861022494471399e-06,0.0,0.0,0.0,-0.00022805705233040912,0.00020523432834520928,-0.0021569653736381914,0.9999976266817978,0,0,0,,0.5231765508651733,0.010177969932556152,0.0,False,False,2,False
94.558235269,1473,94,558235269,map,5.823818683624268,1.0444068908691406,0.7745385766029358,-2.746581958490424e-05,0.0,0.0,0.0,-3.392007737573221e-06,3.624625069796971e-05,-0.0019342143360071647,0.9999981287430523,0,0,0,,0.5726509690284729,-0.013673845678567886,0.0,False,False,2,False
94.608235269,1474,94,608235269,map,5.753056526184082,-1.415252685546875,0.22322431206703186,-5.054473876953125e-05,0.0,0.0,0.0,0.00019969289519795159,-6.776824736412194e-05,-0.0017791763769160226,0.9999983950295281,0,0,0,,0.5352428555488586,-0.00962822139263153,0.0,False,False,2,False
94.65823527,1475,94,658235270,map,5.816246032714844,1.2637138366699219,0.059754878282547,-3.528595334501006e-05,0.0,0.0,0.0,0.0002499665820001255,-0.00022392621813487884,-0.0011579587190790736,0.9999992732524167,0,0,0,,0.5178634524345398,-0.006820205599069595,0.0,False,False,2,False
94.708235271,1476,94,708235271,map,5.748424053192139,-1.3571739196777344,-0.6234579086303711,5.359650094760582e-05,0.0,0.0,0.0,2.9800520112844097e-06,-0.000292007506211463,-0.0013770076763512788,0.9999990092858067,0,0,0,,0.48477327823638916,0.009896233677864075,0.0,False,False,2,False
94.708235271,1477,94,758235272,map,5.8102850914001465,1.2380695343017578,0.5080944895744324,-3.414153979974799e-05,0.0,0.0,0.0,5.98409990286228e-05,-0.00039536259646734667,-0.00107601207758948,0.9999993411525234,0,0,0,,0.5076733231544495,-0.00960804894566536,0.0,False,False,2,False
94.758235272,1478,94,808235272,map,5.740743637084961,-1.3923931121826172,0.5407252311706543,-4.100799196748994e-05,0.0,0.0,0.0,0.00029441715725593727,-0.0004105444057214113,-0.0007673666137976239,0.9999995779600652,0,0,0,,0.488314688205719,-0.016389697790145874,0.0,False,False,2,False
94.858235273,1479,94,858235273,map,5.801146507263184,1.2095069885253906,-0.7795605659484863,0.00010662078420864418,0.0,0.0,0.0,7.628505678485807e-05,-0.0004707888403344022,-0.0004112059778278574,0.9999998017240311,0,0,0,,0.4935045838356018,0.010049231350421906,0.0,False,False,2,False
94.908235274,1480,94,908235274,map,5.729829788208008,-1.4267444610595703,-0.17612671852111816,-5.302429053699598e-05,0.0,0.0,0.0,-0.00012607930325475976,-0.0004519362537926828,-0.0008366282216520797,0.9999995399553194,0,0,0,,0.4739326238632202,0.005528442561626434,0.0,False,False,2,False
94.958235275,1481,94,958235275,map,5.788388252258301,1.1707687377929688,-0.11517800390720367,6.69479341013357e-05,0.0,0.0,0.0,-0.00020364952480313075,-0.0004863046945558235,-0.0009260367927028276,0.9999994322450757,0,0,0,,0.5087248682975769,0.004864741116762161,0.0,False,False,2,False
95.008235275,1482,95,8235275,map,5.716823101043701,-1.4306831359863281,0.7397025227546692,-2.555847095209174e-05,0.0,0.0,0.0,5.957958298657306e-05,-0.0004543065193521415,-0.0009956803444951766,0.9999993993380751,0,0,0,,0.5115753412246704,-0.014951013028621674,0.0,False,False,2,False
95.058235276,1483,95,58235276,map,5.778024196624756,1.2232685089111328,-0.770417332649231,2.346038854739163e-05,0.0,0.0,0.0,-8.272206008364062e-05,-0.0004898776485951363,-0.0008785462007845326,0.9999994906666321,0,0,0,,0.5067461729049683,0.012386981397867203,0.0,False,False,2,False
95.108235277,1484,95,108235277,map,5.707094192504883,-1.4226150512695312,1.5766627788543701,-0.0001012802094919607,0.0,0.0,0.0,0.00036538940646064713,-0.0004605069325642878,-0.0004932143678269889,0.9999997055817236,0,0,0,,0.513817310333252,-0.03383629396557808,0.0,False,False,2,False
95.108235277,1485,95,158235277,map,5.7710771560668945,1.2847423553466797,-1.1193288564682007,5.779266939498484e-05,0.0,0.0,0.0,0.00016638221378075237,-0.0005024631682358113,2.3785723965506627e-05,0.9999998596409716,0,0,0,,0.5345154404640198,0.012954436242580414,0.0,False,False,2,False
95.208235278,1486,95,208235278,map,5.704927921295166,-1.3231945037841797,-0.18426166474819183,3.871917579090223e-05,0.0,0.0,0.0,-8.460100501898024e-05,-0.00048640240643835377,-0.00036762700808041024,0.999999810552858,0,0,0,,0.4819876551628113,0.005583636462688446,0.0,False,False,2,False
95.258235279,1487,95,258235279,map,5.768878936767578,1.2781810760498047,-0.2692373991012573,-2.136230432370212e-05,0.0,0.0,0.0,-0.00023543705502800794,-0.0005311917547841556,-0.0005270855740354553,0.9999996922927079,0,0,0,,0.5179808735847473,0.008402708917856216,0.0,False,False,2,False
95.30823528,1488,95,308235280,map,5.7026262283325195,-1.3244819641113281,0.16028709709644318,-6.86645489622606e-06,0.0,0.0,0.0,-0.00019626740421747782,-0.0005104909603118578,-0.0010285599069371444,0.9999993214710715,0,0,0,,0.5218567252159119,3.8441154174506664e-05,0.0,False,False,2,False
95.30823528,1489,95,358235280,map,5.769696235656738,1.3414382934570312,0.6573966145515442,-8.201597665902227e-06,0.0,0.0,0.0,9.360325691329246e-05,-0.0005564080156573247,-0.000622180226481536,0.9999996472700959,0,0,0,,0.5275719165802002,-0.01440315693616867,0.0,False,False,2,False
95.35823528,1490,95,408235281,map,5.704432964324951,-1.3058948516845703,-0.8192658424377441,3.128051321255043e-05,0.0,0.0,0.0,-7.613852927819768e-05,-0.0005366684018650044,-0.0009405311064876325,0.9999994107954208,0,0,0,,0.4872323274612427,0.013493262231349945,0.0,False,False,2,False
95.408235281,1491,95,458235282,map,5.770373344421387,1.319580078125,0.2310301512479782,-1.3160704838810489e-05,0.0,0.0,0.0,-9.933347035712264e-05,-0.0005771203195093003,-0.0009187017430938582,0.9999994065258768,0,0,0,,0.5211300253868103,-0.0015979447634890676,0.0,False,False,2,False
95.458235282,1492,95,508235283,map,5.703486919403076,-1.3394641876220703,0.9479254484176636,1.7166134966828395e-06,0.0,0.0,0.0,0.00026069523318089313,-0.0005481256620519058,-0.0006907709310751654,0.999999577215798,0,0,0,,0.48820018768310547,-0.022134725004434586,0.0,False,False,2,False
95.558235283,1493,95,558235283,map,5.767323017120361,1.278371810913086,-0.9814034700393677,1.621246337890625e-05,0.0,0.0,0.0,4.864740317865608e-05,-0.0005780650168029691,-0.0003945082260386149,0.9999997539187327,0,0,0,,0.49901896715164185,0.013744045048952103,0.0,False,False,2,False
95.608235284,1494,95,608235284,map,5.699472904205322,-1.3577461242675781,-0.21026611328125,-4.940032886224799e-05,0.0,0.0,0.0,-0.00017814196600999835,-0.000539492543584983,-0.0009437024372362634,0.9999993933192888,0,0,0,,0.5001650452613831,0.007743678987026215,0.0,False,False,2,False
95.658235285,1495,95,658235285,map,5.762609004974365,1.2607002258300781,1.3618981838226318,2.079009937006049e-05,0.0,0.0,0.0,0.0002516421190639107,-0.0005635797439803566,-0.0003078539506969118,0.9999997621400023,0,0,0,,0.5267825126647949,-0.02849677950143814,0.0,False,False,2,False
95.708235286,1496,95,708235286,map,5.696406841278076,-1.3208866119384766,-0.8634781837463379,-1.354217511106981e-05,0.0,0.0,0.0,0.00013657759494644015,-0.000529384932822628,-0.00026447900949045007,0.9999998155744865,0,0,0,,0.5229813456535339,0.00930236279964447,0.0,False,False,2,False
95.758235286,1497,95,758235286,map,5.763144016265869,1.3341045379638672,-0.3726890981197357,7.762908353470266e-05,0.0,0.0,0.0,-0.00012773556804440798,-0.0005684708346942057,-0.0002994142440411477,0.9999997854377995,0,0,0,,0.5100314617156982,0.009241975843906403,0.0,False,False,2,False
95.808235287,1498,95,808235287,map,5.699733257293701,-1.2680530548095703,0.05474504083395004,-7.858275785110891e-05,0.0,0.0,0.0,-0.0001820676773736148,-0.000546726182139927,-0.0008049997546670835,0.9999995099584987,0,0,0,,0.5453643798828125,0.002185538411140442,0.0,False,False,2,False
95.858235288,1499,95,858235288,map,5.771824836730957,1.441030502319336,-0.21540731191635132,2.422332727292087e-05,0.0,0.0,0.0,-0.0002261302288725336,-0.0005987555977129144,-0.0009360954634509418,0.9999993570408618,0,0,0,,0.5576915740966797,0.006641704589128494,0.0,False,False,2,False
95.908235289,1500,95,908235289,map,5.714784622192383,-1.1419200897216797,-0.19647322595119476,-3.1852719985181466e-05,0.0,0.0,0.0,-0.00028137754243841116,-0.0005948841935547105,-0.0015910257565269613,0.9999985177871601,0,0,0,,0.5420403480529785,0.007742136716842651,0.0,False,False,2,False
95.958235289,1501,95,958235289,map,5.792141914367676,1.5494918823242188,0.8502147197723389,3.7384030292741954e-05,0.0,0.0,0.0,3.5448633073440984e-05,-0.0006612411964717173,-0.0013082114732039087,0.99999892504253,0,0,0,,0.5716835856437683,-0.01573251187801361,0.0,False,False,2,False
96.00823529,1502,96,8235290,map,5.739844799041748,-1.0459709167480469,0.022254139184951782,-1.754760705807712e-05,0.0,0.0,0.0,0.00019017723786441174,-0.0006667261090546334,-0.0011913515657797488,0.999999049994729,0,0,0,,0.5351179838180542,-0.005788922309875488,0.0,False,False,2,False
96.058235291,1503,96,58235291,map,5.818909645080566,1.5813159942626953,-0.01445794478058815,-1.659393274167087e-05,0.0,0.0,0.0,0.00018718647515234457,-0.0007329723046913464,-0.0007111250148079917,0.9999994610068734,0,0,0,,0.5258321762084961,-0.003636755049228668,0.0,False,False,2,False
96.108235292,1504,96,108235292,map,5.763872146606445,-1.1014080047607422,-0.5225920677185059,-3.185272362316027e-05,0.0,0.0,0.0,-3.241820589378392e-05,-0.0007200512404545087,-0.001009093344046124,0.9999992311026514,0,0,0,,0.4949348568916321,0.009172629565000534,0.0,False,False,2,False
96.158235292,1505,96,158235292,map,5.836077690124512,1.4408016204833984,1.3736803531646729,3.471374657237902e-05,0.0,0.0,0.0,0.00034423637260810284,-0.0007522389783923328,-0.0002557458055037295,0.9999996251158909,0,0,0,,0.5230935215950012,-0.029409650713205338,0.0,False,False,2,False
96.208235293,1506,96,208235293,map,5.777550220489502,-1.166543960571289,-0.9069753289222717,-8.201597665902227e-06,0.0,0.0,0.0,0.00018485589654585423,-0.0007109301656086995,-0.00013859987561536837,0.9999997205982967,0,0,0,,0.5210200548171997,0.00930597260594368,0.0,False,False,2,False
96.258235294,1507,96,258235294,map,5.849227428436279,1.4332294464111328,-0.3427813947200775,5.130767385708168e-05,0.0,0.0,0.0,-9.303364979109586e-05,-0.0007329468971675712,-0.00012198726895473883,0.9999997196263066,0,0,0,,0.5202735066413879,0.008101578801870346,0.0,False,False,2,False
96.308235295,1508,96,308235295,map,5.79001522064209,-1.1853313446044922,-0.29249435663223267,-3.700255911098793e-05,0.0,0.0,0.0,-0.0002737690860147972,-0.0006893561841129468,-0.0007672967286140286,0.9999994305469726,0,0,0,,0.5090000629425049,0.009570177644491196,0.0,False,False,2,False
96.358235295,1509,96,358235295,map,5.8602519035339355,1.4045906066894531,1.1791146993637085,9.002684964798391e-05,0.0,0.0,0.0,0.00011501819686273716,-0.0007086178531230596,-0.000329453024982906,0.9999996880460797,0,0,0,,0.5464351773262024,-0.022864025086164474,0.0,False,False,2,False
96.358235295,1510,96,408235296,map,5.8016204833984375,-1.1713218688964844,-0.8493579626083374,-3.4332288123550825e-06,0.0,0.0,0.0,4.593632897054486e-06,-0.0006690047337613272,-0.0004771741333130812,0.9999996623581486,0,0,0,,0.5173964500427246,0.011387627571821213,0.0,False,False,2,False
96.458235297,1511,96,458235297,map,5.872284889221191,1.4121437072753906,-0.33001697063446045,-5.874633643543348e-05,0.0,0.0,0.0,-0.0002161658306077527,-0.0006966387665735112,-0.0006457860973580151,0.999999525463427,0,0,0,,0.5131520628929138,0.009826213121414185,0.0,False,False,2,False
96.508235298,1512,96,508235298,map,5.812812805175781,-1.1890602111816406,0.08600503206253052,5.149840944795869e-06,0.0,0.0,0.0,-0.00022876961060573506,-0.000659843481282318,-0.0012169839507401245,0.99999901561007,0,0,0,,0.5257630944252014,0.002371855080127716,0.0,False,False,2,False
96.558235298,1513,96,558235298,map,5.8837738037109375,1.4202404022216797,0.47612282633781433,4.57763671875e-05,0.0,0.0,0.0,-1.3475257380818558e-05,-0.0006888971804679172,-0.0010046292890390947,0.9999992579792666,0,0,0,,0.535128116607666,-0.008878868073225021,0.0,False,False,2,False
96.608235299,1514,96,608235299,map,5.8252973556518555,-1.172475814819336,0.839557945728302,-8.010865713004023e-06,0.0,0.0,0.0,0.00037124832688269503,-0.0006563444626736764,-0.0005831450670351209,0.9999995456641253,0,0,0,,0.5378508567810059,-0.02244299277663231,0.0,False,False,2,False
96.6582353,1515,96,658235300,map,5.897816181182861,1.4528179168701172,-1.1730570793151855,4.386902219266631e-06,0.0,0.0,0.0,6.762077583054032e-05,-0.0006928037344432618,-0.0002811083764436574,0.9999997182142087,0,0,0,,0.5411842465400696,0.016811247915029526,0.0,False,False,2,False
96.6582353,1516,96,708235301,map,5.842736721038818,-1.1015892028808594,0.001052767038345337,-1.5068053471622989e-05,0.0,0.0,0.0,-0.00013073619226820478,-0.0006703937571115755,-0.0007572647279130349,0.9999994800150601,0,0,0,,0.5311511754989624,0.0036528892815113068,0.0,False,False,2,False
96.758235301,1517,96,758235301,map,5.916394233703613,1.4722728729248047,-0.2273981273174286,1.4877318790240679e-05,0.0,0.0,0.0,-0.00022728839230240822,-0.0007123652557128671,-0.0009172678989659178,0.9999992997474201,0,0,0,,0.5293275713920593,0.007244125008583069,0.0,False,False,2,False
96.808235302,1518,96,808235302,map,5.860817909240723,-1.1109256744384766,0.9986016154289246,-2.7847288947668858e-05,0.0,0.0,0.0,0.0001136066049327727,-0.0006884780027276452,-0.0009131855309193781,0.9999993395916645,0,0,0,,0.5507261157035828,-0.019519515335559845,0.0,False,False,2,False
96.808235302,1519,96,858235303,map,5.93681001663208,1.5165519714355469,0.5556530356407166,-5.664824857376516e-05,0.0,0.0,0.0,0.0004584907867236323,-0.0007308960671327205,7.783303479431054e-05,0.9999996247595077,0,0,0,,0.5477310419082642,-0.019810009747743607,0.0,False,False,2,False
96.908235304,1520,96,908235304,map,5.883464336395264,-1.0628604888916016,-0.9230262041091919,4.9781796406023204e-05,0.0,0.0,0.0,0.00018489407889231614,-0.0007106367521496393,0.00015885567533532635,0.9999997177871903,0,0,0,,0.518339216709137,0.010832779109477997,0.0,False,False,2,False
96.908235304,1521,96,958235304,map,5.9565229415893555,1.460866928100586,-0.3359454274177551,-2.0980837689421605e-06,0.0,0.0,0.0,-0.00011895498500956462,-0.0007482310229821745,0.00011788891568936574,0.9999997060510825,0,0,0,,0.5144123435020447,0.00871819257736206,0.0,False,False,2,False
96.958235304,1522,97,8235305,map,5.899803638458252,-1.136312484741211,-0.452507883310318,-1.449584942747606e-05,0.0,0.0,0.0,-0.00035466798829745844,-0.0007128773519461695,-0.0006562095161462764,0.9999994677026434,0,0,0,,0.5118246674537659,0.013611029833555222,0.0,False,False,2,False
97.058235306,1523,97,58235306,map,5.971850872039795,1.4404010772705078,-0.08799418807029724,5.5313107623078395e-06,0.0,0.0,0.0,-0.00041173250123948145,-0.0007370975610156187,-0.0010946684414649913,0.9999990444318115,0,0,0,,0.572513222694397,0.008182931691408157,0.0,False,False,2,False
97.058235306,1524,97,108235307,map,5.920213222503662,-1.0337257385253906,-0.12746743857860565,-4.844665454584174e-05,0.0,0.0,0.0,-0.00039789392913546753,-0.0007089567502713544,-0.0019025134652379534,0.9999978597493405,0,0,0,,0.5706287026405334,0.007992403581738472,0.0,False,False,2,False
97.158235307,1525,97,158235307,map,6.000123023986816,1.6019630432128906,0.9649401307106018,-5.722040441469289e-07,0.0,0.0,0.0,4.033118141700778e-06,-0.0007588343374543364,-0.0016616798233805873,0.9999983314857813,0,0,0,,0.5878803133964539,-0.01708853244781494,0.0,False,False,2,False
97.208235308,1526,97,208235308,map,5.955355644226074,-0.8953571319580078,-0.07888854295015335,-1.5640256606275216e-05,0.0,0.0,0.0,0.00016126211581269888,-0.0007580685969805695,-0.0015769701093347416,0.9999984562447117,0,0,0,,0.5570559501647949,-0.003546055406332016,0.0,False,False,2,False
97.258235309,1527,97,258235309,map,6.0385966300964355,1.6648292541503906,0.06751891225576401,-1.525881998531986e-06,0.0,0.0,0.0,0.00018337266946986643,-0.000822571383102363,-0.00112186787388321,0.999999015581144,0,0,0,,0.5573316812515259,-0.004481565207242966,0.0,False,False,2,False
97.30823531,1528,97,308235310,map,5.993512153625488,-0.9016990661621094,-0.06771329045295715,2.6702880859375e-05,0.0,0.0,0.0,0.00013394576486560006,-0.0008170351612370514,-0.0011429170083439503,0.9999990041258989,0,0,0,,0.5210930705070496,-0.0013174639316275716,0.0,False,False,2,False
97.35823531,1529,97,358235310,map,6.072318077087402,1.5756607055664062,0.3945578336715698,4.95910626341356e-06,0.0,0.0,0.0,0.00022618300044007297,-0.0008595170673030358,-0.0006069212318274912,0.9999994208589721,0,0,0,,0.5429350137710571,-0.010552637279033661,0.0,False,False,2,False
97.408235311,1530,97,408235311,map,6.022258281707764,-1.0036945343017578,0.5084365606307983,-2.8038022719556466e-05,0.0,0.0,0.0,0.0004138005192532827,-0.000825281899605912,-0.00013455334013003913,0.999999564787063,0,0,0,,0.49670523405075073,-0.016523398458957672,0.0,False,False,2,False
97.408235311,1531,97,458235312,map,6.092207908630371,1.4018917083740234,-0.9720107913017273,4.196166628389619e-05,0.0,0.0,0.0,9.326346636072264e-05,-0.0008352807233406271,0.00019981477345884657,0.9999996268409781,0,0,0,,0.48874637484550476,0.013344772160053253,0.0,False,False,2,False
97.458235312,1532,97,508235312,map,6.032064914703369,-1.2036418914794922,-0.32608434557914734,1.087188684323337e-05,0.0,0.0,0.0,-0.00020667690898016632,-0.0007647109273507053,-0.0003688882741298709,0.9999996182115741,0,0,0,,0.46092191338539124,0.009832672774791718,0.0,False,False,2,False
97.558235313,1533,97,558235313,map,6.092670917510986,1.2121868133544922,0.016133002936840057,7.82012921263231e-06,0.0,0.0,0.0,-0.000260347833377621,-0.0007418696377216964,-0.0005708799948614412,0.9999995279721274,0,0,0,,0.5167509317398071,0.003806043416261673,0.0,False,False,2,False
97.608235314,1534,97,608235314,map,6.029627799987793,-1.262359619140625,-0.3047327399253845,8.583068120060489e-05,0.0,0.0,0.0,-0.00032573616573383483,-0.0006615011390302841,-0.0012554401011420932,0.9999989400906113,0,0,0,,0.5333143472671509,0.009425787255167961,0.0,False,False,2,False
97.658235315,1535,97,658235315,map,6.094815254211426,1.3058185577392578,0.9661967754364014,1.0490421118447557e-05,0.0,0.0,0.0,2.573751022007025e-05,-0.0006608620237935134,-0.0009760090203572079,0.9999993050024375,0,0,0,,0.5800767540931702,-0.017290715128183365,0.0,False,False,2,False
97.658235315,1536,97,708235315,map,6.040365695953369,-1.0888195037841797,-0.13346067070960999,-6.046295311534777e-05,0.0,0.0,0.0,0.00014899270670340527,-0.0006259812994291611,-0.0008884887222672602,0.9999993982680073,0,0,0,,0.5560669898986816,-0.0026337429881095886,0.0,False,False,2,False
97.758235316,1537,97,758235316,map,6.111518859863281,1.4136123657226562,1.431917428970337,-9.651183790992945e-05,0.0,0.0,0.0,0.0006196591524242853,-0.0006678017499911498,0.00030268244449754617,0.9999995392232415,0,0,0,,0.5433815121650696,-0.03580894321203232,0.0,False,False,2,False
97.808235317,1538,97,808235317,map,6.054656028747559,-1.127920150756836,-1.3292109966278076,2.2125243049231358e-05,0.0,0.0,0.0,0.0002976738169985661,-0.0006481447919826625,0.000587952079989895,0.9999995728053982,0,0,0,,0.44046130776405334,0.014652140438556671,0.0,False,False,2,False
97.858235318,1539,97,858235318,map,6.11523962020874,1.2114620208740234,0.10226696729660034,8.58306884765625e-05,0.0,0.0,0.0,7.037524736812994e-05,-0.0006684079558539124,0.0008280231097685084,0.9999994313277679,0,0,0,,0.4814728796482086,-0.0011267849477007985,0.0,False,False,2,False
97.908235318,1540,97,908235318,map,6.048068523406982,-1.3430595397949219,-0.28598859906196594,-3.4713742934400216e-05,0.0,0.0,0.0,-8.464955750802404e-05,-0.0006081290732060998,0.0005019539273344373,0.9999996855278194,0,0,0,,0.46708038449287415,0.005534078925848007,0.0,False,False,2,False
97.958235319,1541,97,958235319,map,6.101370811462402,1.0658836364746094,-0.21144655346870422,4.825591895496473e-05,0.0,0.0,0.0,-0.00020349685738659735,-0.0005964842202200086,0.0003937599953601134,0.999999723874297,0,0,0,,0.47682464122772217,0.006407860666513443,0.0,False,False,2,False
98.00823532,1542,98,8235320,map,6.029923439025879,-1.428823471069336,0.1118713915348053,4.005432856502011e-06,0.0,0.0,0.0,-0.00017366468467090945,-0.0005215913280293701,-5.113074966829082e-05,0.9999998475843435,0,0,0,,0.5111009478569031,0.00021758663933724165,0.0,False,False,2,False
98.00823532,1543,98,58235321,map,6.084819316864014,1.0978317260742188,-0.08114251494407654,1.7166134057333693e-05,0.0,0.0,0.0,-0.00014863153541138082,-0.0005193274365396645,-5.2357698812301855e-05,0.999999852733165,0,0,0,,0.5219746232032776,0.0026015229523181915,0.0,False,False,2,False
98.108235321,1544,98,108235321,map,6.0173163414001465,-1.3507366180419922,-0.2684573531150818,-8.354186138603836e-05,0.0,0.0,0.0,-0.00021412627953374777,-0.0004715865840190534,-0.000582036703629179,0.9999996964946068,0,0,0,,0.5226619243621826,0.007281504571437836,0.0,False,False,2,False
98.158235322,1545,98,158235322,map,6.077289581298828,1.1980056762695312,-0.3013317286968231,-8.58306884765625e-06,0.0,0.0,0.0,-0.0003152326843542877,-0.0005011728760041501,-0.0008919915131535598,0.9999994269024575,0,0,0,,0.5451490879058838,0.010011015459895134,0.0,False,False,2,False
98.208235323,1546,98,208235323,map,6.017727375030518,-1.1898517608642578,0.2840082049369812,-5.7220458984375e-06,0.0,0.0,0.0,-0.00020975564622706508,-0.0004883994360125097,-0.0014278541290496502,0.9999988393498995,0,0,0,,0.5891851186752319,-0.0014277679147198796,0.0,False,False,2,False
98.258235324,1547,98,258235324,map,6.090550899505615,1.4571952819824219,0.26936352252960205,4.749298022943549e-05,0.0,0.0,0.0,-2.2541885480842302e-05,-0.0005615074693189683,-0.0012536949495818408,0.9999990562246539,0,0,0,,0.5897375345230103,-0.0052111223340034485,0.0,False,False,2,False
98.258235324,1548,98,308235324,map,6.04210090637207,-0.9689235687255859,0.05751640349626541,-0.00010528564598644152,0.0,0.0,0.0,6.956019373109165e-05,-0.0005891669327862411,-0.0013474331590076732,0.9999989162332061,0,0,0,,0.5572658777236938,-0.003002990037202835,0.0,False,False,2,False
98.358235325,1549,98,358235325,map,6.12033748626709,1.563873291015625,0.6063485741615295,-2.2697449821862392e-05,0.0,0.0,0.0,0.0002917811240394528,-0.0006796982706204893,-0.0007032231486186885,0.9999994791754844,0,0,0,,0.5643920302391052,-0.01534571498632431,0.0,False,False,2,False
98.408235326,1550,98,408235326,map,6.073983669281006,-0.9286689758300781,0.3054046630859375,3.433227902860381e-05,0.0,0.0,0.0,0.00044788283526158416,-0.000700797264418719,-0.00018999636534248026,0.9999996360927044,0,0,0,,0.5360269546508789,-0.013650577515363693,0.0,False,False,2,False
98.458235327,1551,98,458235327,map,6.150173664093018,1.5262031555175781,-0.6160116791725159,8.583065209677443e-06,0.0,0.0,0.0,0.0002153350131493655,-0.0007684753342411408,0.0003106897898987052,0.9999996332741062,0,0,0,,0.5264047384262085,0.0059562381356954575,0.0,False,False,2,False
98.508235327,1552,98,508235327,map,6.102958679199219,-0.9449863433837891,0.27545058727264404,2.4795554054435343e-06,0.0,0.0,0.0,0.00015226111309068498,-0.0007599696690662602,0.000322357957231026,0.9999996476739392,0,0,0,,0.5839369297027588,-0.006426215171813965,0.0,False,False,2,False
98.558235328,1553,98,558235328,map,6.183600902557373,1.6135215759277344,-0.2681809961795807,-2.2888207240612246e-06,0.0,0.0,0.0,4.3327832347120346e-05,-0.0008145909672593269,0.0005936532112443971,0.9999994910699302,0,0,0,,0.5920684337615967,0.0027625467628240585,0.0,False,False,2,False
98.608235329,1554,98,608235329,map,6.143411159515381,-0.8037853240966797,-0.3413090109825134,-1.5830992197152227e-05,0.0,0.0,0.0,-0.00013433220514613248,-0.0008141060569240561,0.0001932358940118061,0.9999996409229737,0,0,0,,0.5620583295822144,0.007332002744078636,0.0,False,False,2,False
98.65823533,1555,98,658235330,map,6.226035118103027,1.6522026062011719,-0.14317384362220764,6.198883056640625e-05,0.0,0.0,0.0,-0.00023006842223324787,-0.0008727981779264898,3.255604348974265e-05,0.9999995921158997,0,0,0,,0.5581501126289368,0.005709659308195114,0.0,False,False,2,False
98.70823533,1556,98,708235330,map,6.186650276184082,-0.7873058319091797,0.3415507376194,-4.749298022943549e-05,0.0,0.0,0.0,-0.00010570682260062043,-0.0008655485058766468,-0.00028394240346500064,0.9999995795141932,0,0,0,,0.5847014784812927,-0.004698729142546654,0.0,False,False,2,False
98.758235331,1557,98,758235331,map,6.2726569175720215,1.7200946807861328,-0.1315729022026062,1.945495569088962e-05,0.0,0.0,0.0,-6.619270210403271e-05,-0.0009204042254410788,-0.00015905867209680866,0.9999995615873672,0,0,0,,0.5980517268180847,0.001711675780825317,0.0,False,False,2,False
98.758235331,1558,98,808235332,map,6.239756107330322,-0.6584835052490234,-0.2523418664932251,-2.346038854739163e-05,0.0,0.0,0.0,-0.00014459896659079432,-0.0009197963474976017,-0.0005676557862218507,0.9999994054161864,0,0,0,,0.5950316190719604,0.00581696629524231,0.0,False,False,2,False
98.808235332,1559,98,858235333,map,6.332193374633789,1.8488883972167969,0.6549233198165894,-1.6403195331804454e-05,0.0,0.0,0.0,6.65963697575119e-05,-0.000985997466356632,-0.00026415445969847417,0.9999994767980338,0,0,0,,0.6406095027923584,-0.011899970471858978,0.0,False,False,2,False
98.908235333,1560,98,908235333,map,6.309392929077148,-0.4560661315917969,0.023879259824752808,3.299712989246473e-05,0.0,0.0,0.0,0.00017298258965216481,-0.0010046603096499592,-0.00014001002799167382,0.9999994705657989,0,0,0,,0.6185407638549805,-0.004652891308069229,0.0,False,False,2,False
98.958235334,1561,98,958235334,map,6.409180641174316,1.9960880279541016,-0.1733298897743225,-8.010865713004023e-06,0.0,0.0,0.0,0.00010799961468721849,-0.0010891339297122806,0.00019932170478266812,0.9999993811969208,0,0,0,,0.615125834941864,0.000607825699262321,0.0,False,False,2,False
99.008235335,1562,99,8235335,map,6.392415523529053,-0.33888816833496094,0.8164631128311157,-6.923675391590223e-05,0.0,0.0,0.0,0.00033202910730340224,-0.0011123970292246735,0.0005519088585806435,0.9999991738627252,0,0,0,,0.6432161331176758,-0.01830095238983631,0.0,False,False,2,False
99.008235335,1563,99,58235336,map,6.498152732849121,2.117910385131836,-0.6042927503585815,8.18252592580393e-05,0.0,0.0,0.0,0.00019254020593229373,-0.0011979127216262119,0.0010415242218688619,0.9999987215795206,0,0,0,,0.6358088850975037,0.005131727084517479,0.0,False,False,2,False
99.108235336,1564,99,108235336,map,6.487700939178467,-0.20862579345703125,-0.21004435420036316,-2.231597864010837e-05,0.0,0.0,0.0,-1.0184627231685915e-05,-0.0012219035546522222,0.0008189074699978834,0.9999989181186808,0,0,0,,0.6039535999298096,0.00398557074368,0.0,False,False,2,False
99.158235337,1565,99,158235337,map,6.593868255615234,2.1210765838623047,0.6356271505355835,-4.005432856502011e-06,0.0,0.0,0.0,0.00014175823260751178,-0.0012927706896515862,0.001226299127554052,0.9999984024182225,0,0,0,,0.6562262773513794,-0.012169130146503448,0.0,False,False,2,False
99.208235338,1566,99,208235338,map,6.588151931762695,-0.11795997619628906,0.46812838315963745,-3.280639066360891e-05,0.0,0.0,0.0,0.00036915716995427657,-0.0013037613628676817,0.001701703421834825,0.9999976340645794,0,0,0,,0.6314640045166016,-0.014430617913603783,0.0,False,False,2,False
99.208235338,1567,99,258235339,map,6.696622848510742,2.169065475463867,0.04649251699447632,1.0681151252356358e-05,0.0,0.0,0.0,0.00041028356329405973,-0.0013676022968310247,0.0025436036995768996,0.9999957456967378,0,0,0,,0.6237975358963013,-0.00785861723124981,0.0,False,False,2,False
99.308235339,1568,99,308235339,map,6.693992614746094,-0.054473876953125,0.17936408519744873,1.7166166799142957e-06,0.0,0.0,0.0,0.00040285809426408647,-0.0013685623888963,0.003022959737801944,0.9999944132127774,0,0,0,,0.6607973575592041,-0.00899827852845192,0.0,False,False,2,False
99.35823534,1569,99,358235340,map,6.805476188659668,2.2260093688964844,0.3150460124015808,1.583098855917342e-05,0.0,0.0,0.0,0.00044465967889455415,-0.0014267641343848018,0.0038933551135201185,0.9999913041661086,0,0,0,,0.6488689184188843,-0.011493729427456856,0.0,False,False,2,False
99.408235341,1570,99,408235341,map,6.807131290435791,0.032749176025390625,0.026926547288894653,7.438661668857094e-06,0.0,0.0,0.0,0.00040462639010939504,-0.0014281521724558875,0.0043905054102421825,0.9999892600028759,0,0,0,,0.6178450584411621,-0.0068328361958265305,0.0,False,False,2,False
99.458235342,1571,99,458235342,map,6.913852691650391,2.128458023071289,0.4179598391056061,-3.0517576306010596e-05,0.0,0.0,0.0,0.0004573480699752127,-0.001470318269046661,0.005276619282956133,0.9999848930288264,0,0,0,,0.6151176691055298,-0.012853618711233139,0.0,False,False,2,False
99.458235342,1572,99,508235342,map,6.912023544311523,-0.028591156005859375,-0.5627589225769043,4.6157834731275216e-05,0.0,0.0,0.0,0.00022655669831793962,-0.0014461572802659801,0.005489056941650302,0.9999838636473464,0,0,0,,0.6274347305297852,0.004680901765823364,0.0,False,False,2,False
99.558235343,1573,99,558235343,map,7.010809421539307,1.9640922546386719,0.7936406135559082,8.163451275322586e-05,0.0,0.0,0.0,0.0003395291518186765,-0.0014588998665840934,0.006175773579876816,0.9999798078720512,0,0,0,,0.5610821843147278,-0.015999410301446915,0.0,False,False,2,False
99.608235344,1574,99,608235344,map,6.993999004364014,-0.3484058380126953,0.6112203001976013,-7.83920258982107e-05,0.0,0.0,0.0,0.000584157668638954,-0.0013868722757434705,0.007010972544504846,0.9999742904740547,0,0,0,,0.49868083000183105,-0.01899399235844612,0.0,False,False,2,False
99.608235344,1575,99,658235345,map,7.050168991088867,1.1418914794921875,-5.1792144775390625,0.00016231535119004548,0.0,0.0,0.0,-0.0009448309541875487,-0.001307584770773205,0.005757539645657217,0.9999821239671057,0,0,0,,0.5320480465888977,0.15245872735977173,0.0,False,False,2,False
99.708235345,1576,99,708235345,map,7.016311168670654,-0.6827735900878906,-0.34362971782684326,-0.0009420394781045616,0.0,0.0,0.0,-0.0020785236231899893,-0.0011495878267324452,0.001915884537517309,0.9999953437760674,0,0,0,,0.4899105131626129,0.032557860016822815,0.0,False,False,2,False
99.708235345,1577,99,758235346,map,7.073391914367676,1.160430908203125,3.2514214515686035,0.0012174606090411544,0.0,0.0,0.0,-0.0007920613477958769,-0.0010491024704411748,0.0009789443507853442,0.999998656844491,0,0,0,,0.7946576476097107,-0.045728426426649094,0.0,False,False,2,False
99.808235347,1578,99,808235347,map,7.039100170135498,-0.8410358428955078,5.844258785247803,-0.0002233505219919607,0.0,0.0,0.0,0.0018073110347978602,-0.000927359401193331,0.003978565301668586,0.999990022274975,0,0,0,,0.8966657519340515,-0.17450830340385437,0.0,False,False,2,False
99.858235348,1579,99,858235348,map,7.171463489532471,2.718801498413086,-1.6918530464172363,-0.0015100478194653988,0.0,0.0,0.0,0.0025540587786126033,-0.0010271440161660004,0.008753674269037658,0.9999578965865097,0,0,0,,0.9174103140830994,0.022867698222398758,0.0,False,False,2,False
99.908235348,1580,99,908235348,map,7.239943027496338,1.182413101196289,3.9238736629486084,0.0005975723615847528,0.0,0.0,0.0,0.0028484935270804675,-0.0012514521653478321,0.01267802922224423,0.9999147901332113,0,0,0,,0.9885908365249634,-0.1273997575044632,0.0,False,False,2,False
99.958235349,1581,99,958235349,map,7.4189772605896,2.8372573852539062,8.449007034301758,-0.004507255740463734,0.0,0.0,0.0,0.005627132535010857,-0.0015023191481938019,0.021592757828388476,0.9997498843340644,0,0,0,,1.0,-0.28402814269065857,0.0,False,False,2,False
99.958235349,1582,100,8235350,map,7.575863838195801,3.194150924682617,-0.3086090087890625,-0.002876853570342064,0.0,0.0,0.0,0.006509347452808795,-0.0018403752007899324,0.03234533481852249,0.9994538612313911,0,0,0,,1.0,0.008805293589830399,0.0,False,False,2,False
100.00823535,1583,100,58235350,map,7.836827754974365,4.924249649047852,2.765684127807617,0.00721626216545701,0.0,0.0,0.0,0.005519053047869272,-0.0023742192084489763,0.04000921726707641,0.9991812476574413,0,0,0,,1.0,-0.16891808807849884,0.0,False,False,2,False
100.05823535,1584,100,108235351,map,7.970677375793457,1.4143085479736328,8.424663543701172,-0.0037691115867346525,0.0,0.0,0.0,0.007339270114152983,-0.0025332757606601657,0.05094414860900227,0.9986713229840015,0,0,0,,1.0,-0.42666488885879517,0.0,False,False,2,False
100.158235352,1585,100,158235352,map,8.238489151000977,4.621543884277344,4.356100559234619,-0.004373741336166859,0.0,0.0,0.0,0.008755532542751084,-0.002647552419472147,0.06438055641366533,0.9978834977450753,0,0,0,,1.0,-0.14662672579288483,0.0,False,False,2,False
100.208235353,1586,100,208235353,map,8.398066520690918,1.3739585876464844,8.379812240600586,-0.0014711380936205387,0.0,0.0,0.0,0.010286979459550925,-0.0025749891590160718,0.0794109269468272,0.9967855597699413,0,0,0,,1.0,-0.4928303360939026,0.0,False,False,2,False
100.258235353,1587,100,258235353,map,8.556856155395508,-0.18459320068359375,12.094664573669434,-0.01146545261144638,0.0,0.0,0.0,0.013569701191477494,-0.0019657701218243244,0.09961530752867834,0.9949315501396911,0,0,0,,1.0,-0.5,0.0,False,False,2,False
100.308235354,1588,100,308235354,map,8.739483833312988,0.5491447448730469,9.390230178833008,-0.0096588134765625,0.0,0.0,0.0,0.016195531618950355,-0.0012189164904621826,0.12368930247195749,0.9921880746371474,0,0,0,,1.0,-0.3028414845466614,0.0,False,False,2,False
100.358235355,1589,100,358235355,map,8.9109468460083,-1.4539718627929688,12.272038459777832,-0.002711296547204256,0.0,0.0,0.0,0.018537344829560685,-0.0003346191067461093,0.15032699756194484,0.98846246700658,0,0,0,,1.0,-0.5,0.0,False,False,2,False
100.408235356,1590,100,408235356,map,8.993901252746582,-5.181283950805664,13.7514066696167,-0.013151359744369984,0.0,0.0,0.0,0.021735212177707654,0.0012040731739866007,0.18160924341733,0.9831298049925893,0,0,0,,1.0,-0.5,0.0,False,False,2,False
100.408235356,1591,100,458235356,map,9.238005638122559,-0.4602622985839844,10.278129577636719,0.0017436966300010681,0.0,0.0,0.0,0.02323059236286723,0.0023832987849071443,0.21455725506156972,0.9764322013154915,0,0,0,,1.0,-0.31512975692749023,0.0,False,False,2,False
100.508235357,1592,100,508235357,map,9.410404205322266,-4.1500091552734375,12.230215072631836,0.01747455634176731,0.0,0.0,0.0,0.02394224597349538,0.003338501001265557,0.24697396759441373,0.9687205389582086,0,0,0,,1.0,-0.5,0.0,False,False,2,False
100.558235358,1593,100,558235358,map,9.523967742919922,-7.755823135375977,13.416976928710938,-0.007486152462661266,0.0,0.0,0.0,0.025870954738904543,0.005054292810337426,0.28194233851578226,0.9590691662113514,0,0,0,,1.0,-0.5,0.0,False,False,2,False
100.608235359,1594,100,608235359,map,9.754525184631348,-3.1396484375,10.319814682006836,0.004731370136141777,0.0,0.0,0.0,0.026403118408802533,0.006284964701790224,0.3171006132256357,0.9480034681629144,0,0,0,,0.5008005499839783,-0.29993492364883423,0.0,False,False,2,False
100.658235359,1595,100,658235359,map,9.898138046264648,-6.73736572265625,10.657844543457031,0.022395513951778412,0.0,0.0,0.0,0.026087615151731622,0.007174221725104514,0.35013694167254933,0.9363076892531258,0,0,0,,1.0,-0.37966835498809814,0.0,False,False,2,False
100.658235359,1596,100,708235360,map,9.959664344787598,-10.67255973815918,10.756807327270508,-0.004325485322624445,0.0,0.0,0.0,0.02680721824162101,0.008856815649809075,0.38383993556151547,0.9229679483789365,0,0,0,,1.0,-0.45622530579566956,0.0,False,False,2,False
100.758235361,1597,100,758235361,map,10.157855033874512,-4.524421691894531,8.400869369506836,0.004409599117934704,0.0,0.0,0.0,0.02632830630607212,0.00985911699735216,0.41645790808798755,0.9087202148571712,0,0,0,,0.9846544861793518,-0.10233115404844284,0.0,False,False,2,False
100.758235361,1598,100,808235362,map,10.344766616821289,-5.944862365722656,8.631019592285156,0.03074359893798828,0.0,0.0,0.0,0.02466763800196396,0.009839976307522301,0.4446904964277935,0.8952904807315188,0,0,0,,0.6790756583213806,-0.25900745391845703,0.0,False,False,2,False
100.858235362,1599,100,858235362,map,10.407238960266113,-11.195669174194336,8.259830474853516,-0.0036506657488644123,0.0,0.0,0.0,0.024432258210073946,0.010719728763408858,0.4719368219152742,0.8812285675660465,0,0,0,,0.3027283549308777,-0.3905126452445984,0.0,False,False,2,False
100.908235363,1600,100,908235363,map,10.468461036682129,-5.912141799926758,4.5801544189453125,-0.005381392315030098,0.0,0.0,0.0,0.023435364481426156,0.011343847339022089,0.4978534308414757,0.8668702683899959,0,0,0,,0.068976029753685,-0.08291589468717575,0.0,False,False,2,False
100.958235364,1601,100,958235364,map,10.41015338897705,-9.192647933959961,3.1874656677246094,0.02095031552016735,0.0,0.0,0.0,0.021375804312125664,0.01138167456682588,0.5196358537088721,0.8540445609066989,0,0,0,,0.06545323878526688,-0.3071514964103699,0.0,False,False,2,False
101.008235365,1602,101,8235365,map,10.268725395202637,-7.554154396057129,0.22859573364257812,0.0019271858036518097,0.0,0.0,0.0,0.01938175383225513,0.011644739334649093,0.5391071045703179,0.841933653838604,0,0,0,,0.0,-0.1586272418498993,0.3269394636154175,False,False,2,False
101.058235365,1603,101,58235365,map,10.039041519165039,-11.763715744018555,-0.3606605529785156,-0.006060409359633923,0.0,0.0,0.0,0.018010339010424984,0.012483649400130928,0.5571055437649499,0.8301525156817532,0,0,0,,0.04206088185310364,-0.3294358253479004,0.0,False,False,2,False
101.108235366,1604,101,108235366,map,9.71622085571289,-15.081038475036621,-1.9644927978515625,-0.02815875969827175,0.0,0.0,0.0,0.01810511898922515,0.014585106445900296,0.5769087856734669,0.8164776373845848,0,0,0,,0.0,-0.5,0.12246646732091904,False,False,2,False
101.158235367,1605,101,158235367,map,9.316488265991211,-16.56669807434082,-4.263038635253906,-0.031644631177186966,0.0,0.0,0.0,0.018713031398616,0.017474431649733484,0.5995792674450541,0.7999057249104079,0,0,0,,0.0,-0.4958019554615021,0.10479699820280075,False,False,2,False
101.208235368,1606,101,208235368,map,8.906208038330078,-15.719001770019531,-5.855712890625,-0.018262289464473724,0.0,0.0,0.0,0.018892439078859218,0.02025819991178499,0.6245006058621367,0.780532942520564,0,0,0,,0.0,-0.5,0.12521585822105408,False,False,2,False
101.258235368,1607,101,258235368,map,8.519360542297363,-14.127230644226074,-6.692161560058594,0.0027830107137560844,0.0,0.0,0.0,0.018286585814615577,0.022299144687933453,0.6502562252855865,0.7591674323907552,0,0,0,,0.0,-0.4782889485359192,0.10520046204328537,False,False,2,False
101.308235369,1608,101,308235369,map,8.18991756439209,-10.216020584106445,-6.5299224853515625,0.02594776079058647,0.0,0.0,0.0,0.01659539119638384,0.02288352517675846,0.6747331083237862,0.737520284330028,0,0,0,,0.0,-0.3647465109825134,0.16895842552185059,False,False,2,False
101.308235369,1609,101,358235370,map,7.918966770172119,-4.887589931488037,-5.622692108154297,0.04658985137939453,0.0,0.0,0.0,0.013652343225994271,0.02138612835521518,0.6951258335391417,0.7184402011197085,0,0,0,,0.0,-0.21182912588119507,0.12805601954460144,False,False,2,False
101.408235371,1610,101,408235371,map,7.673581600189209,0.9015125036239624,-4.865703582763672,0.050150297582149506,0.0,0.0,0.0,0.009509877871785307,0.017658903678601845,0.7088039212794641,0.7051203631456041,0,0,0,,0.0,-0.04831842705607414,0.10249342769384384,False,False,2,False
101.458235371,1611,101,458235371,map,7.412047386169434,4.403024196624756,-5.063486099243164,0.0242893248796463,0.0,0.0,0.0,0.004849522138437815,0.012674714517825082,0.7149317506440913,0.6990625334459682,0,0,0,,0.08972174674272537,0.07713480293750763,0.0,False,False,2,False
101.458235371,1612,101,508235372,map,7.20397424697876,3.7594614028930664,-4.115896224975586,-0.014491844922304153,0.0,0.0,0.0,0.0010059023012091834,0.008179405287890011,0.7153015242251346,0.698767353938989,0,0,0,,0.09532125294208527,0.09666266292333603,0.0,False,False,2,False
101.558235373,1613,101,558235373,map,6.942812442779541,2.670189142227173,-5.250511169433594,-0.032868772745132446,0.0,0.0,0.0,-0.0014360534353096903,0.005088684796136509,0.7128059009099256,0.7013414223226557,0,0,0,,0.09271059185266495,0.09939146786928177,0.0,False,False,2,False
101.608235374,1614,101,608235374,map,6.805875778198242,0.7448428869247437,-2.7563858032226562,-0.02940978668630123,0.0,0.0,0.0,-0.002424363930299306,0.003387910137419259,0.7093538286775098,0.7048402586863157,0,0,0,,0.14972978830337524,0.06944689899682999,0.0,False,False,2,False
101.658235374,1615,101,658235374,map,6.586123943328857,0.8052366971969604,-4.4203948974609375,-0.01848144643008709,0.0,0.0,0.0,-0.002758784650009952,0.0024405446627607293,0.7061275356504924,0.7080750922361037,0,0,0,,0.20568418502807617,0.061734799295663834,0.0,False,False,2,False
101.708235375,1616,101,708235375,map,6.484012126922607,-0.4687628149986267,-2.028627395629883,-0.009721755981445312,0.0,0.0,0.0,-0.002494832170603358,0.0020803185657084985,0.7034027400880204,0.7107840975456404,0,0,0,,0.2673528492450714,0.02853209152817726,0.0,False,False,2,False
101.758235376,1617,101,758235376,map,6.288637638092041,-1.0272572040557861,-3.882112503051758,-0.0037803652230650187,0.0,0.0,0.0,-0.0019416955344685866,0.0021340636726916015,0.70204372505836,0.7121279967090707,0,0,0,,0.25945910811424255,0.0016913114814087749,0.0,False,False,2,False
101.758235376,1618,101,808235377,map,6.213603973388672,-1.029586672782898,-1.4820480346679688,-0.0009206769755110145,0.0,0.0,0.0,-0.0013199203568771795,0.002250421598109677,0.7014897304657433,0.7126747866060517,0,0,0,,0.30273234844207764,-0.014307400211691856,0.0,False,False,2,False
101.858235377,1619,101,858235377,map,6.034359931945801,-0.9856427907943726,-3.5747623443603516,0.0007545470725744963,0.0,0.0,0.0,-0.0008488394149022767,0.002353340609306821,0.7019913105297213,0.7121811154477411,0,0,0,,0.2945656478404999,-0.02414952591061592,0.0,False,False,2,False
101.858235377,1620,101,908235378,map,5.980696201324463,-0.6177728772163391,-1.0707950592041016,0.0013973237946629524,0.0,0.0,0.0,-0.0005267014486117411,0.0022892767659071778,0.7026640333776832,0.711517911225627,0,0,0,,0.297512948513031,-0.024540230631828308,0.0,False,False,2,False
101.958235379,1621,101,958235379,map,5.811454772949219,-0.5840184092521667,-3.3854293823242188,0.0015466685872524977,0.0,0.0,0.0,-0.0003752752516867784,0.0021891534204118495,0.7038515530348719,0.7103436197124504,0,0,0,,0.30873018503189087,-0.02632080763578415,0.0,False,False,2,False
102.00823538,1622,102,8235380,map,5.7741265296936035,0.050853267312049866,-0.7463932037353516,0.0014669419033452868,0.0,0.0,0.0,-0.00037945897287891767,0.0018927528032251025,0.7046484893651342,0.7095539302499478,0,0,0,,0.3545505702495575,-0.01405021920800209,0.0,False,False,2,False
102.05823538,1623,102,58235380,map,5.616081237792969,0.7232003808021545,-3.1609439849853516,0.0013074874877929688,0.0,0.0,0.0,-0.0006617834335683852,0.0014291483351390744,0.7052577418345571,0.7089492486491149,0,0,0,,0.3624209761619568,0.00705033540725708,0.0,False,False,2,False
102.108235381,1624,102,108235381,map,5.596680164337158,-0.06533913314342499,-0.3878307342529297,0.0006708144210278988,0.0,0.0,0.0,-0.0007313221468410037,0.0011053454908713462,0.7053265712845758,0.7088812814704641,0,0,0,,0.41513949632644653,-0.0027268044650554657,0.0,False,False,2,False
102.158235382,1625,102,158235382,map,5.453171253204346,0.5941964387893677,-2.8734397888183594,0.0004318237479310483,0.0,0.0,0.0,-0.0008800244343924225,0.0007973668470932766,0.7054320846472288,0.7087765259328013,0,0,0,,0.4015921354293823,0.013028737157583237,0.0,False,False,2,False
102.208235383,1626,102,208235383,map,5.4500017166137695,0.11151812970638275,-0.06436347961425781,0.0002405166596872732,0.0,0.0,0.0,-0.0008711729034582851,0.0005649878781665797,0.7050566738907251,0.7091502016136056,0,0,0,,0.4178648591041565,0.007390372455120087,0.0,False,False,2,False
102.258235383,1627,102,258235383,map,5.3188958168029785,-0.5822093486785889,-2.6183223724365234,0.00018424987501930445,0.0,0.0,0.0,-0.0006664914327074063,0.0006276909521147634,0.705256262260508,0.7089518787164447,0,0,0,,0.45438432693481445,-0.009700071066617966,0.0,False,False,2,False
102.308235384,1628,102,308235384,map,5.332874774932861,-0.19705379009246826,0.2801799774169922,4.9018857680493966e-05,0.0,0.0,0.0,-0.00042608671323753837,0.0006332202273435886,0.7053259692258758,0.7088827086463849,0,0,0,,0.5038283467292786,-0.007580876350402832,0.0,False,False,2,False
102.358235385,1629,102,358235385,map,5.219695091247559,-0.04000067710876465,-2.263517379760742,3.490447852527723e-05,0.0,0.0,0.0,-0.0003233366654072841,0.0005852697352795798,0.7057482953958418,0.7084623465355101,0,0,0,,0.5190439820289612,-0.004274196922779083,0.0,False,False,2,False
102.358235385,1630,102,408235386,map,5.256612300872803,0.18205462396144867,0.7378578186035156,-1.6212461559916846e-05,0.0,0.0,0.0,-0.0002544183463367566,0.0003953803210670884,0.7057232853986404,0.708487419360327,0,0,0,,0.5769686698913574,0.0017185694305226207,0.0,False,False,2,False
102.458235386,1631,102,458235386,map,5.165552139282227,0.10054845362901688,-1.8216133117675781,-9.536734069115482e-07,0.0,0.0,0.0,-0.00023060716472076364,0.00023721244682702448,0.7059249337137924,0.708286579367256,0,0,0,,0.5882850885391235,0.0028053075075149536,0.0,False,False,2,False
102.508235387,1632,102,508235387,map,5.228975296020508,-0.31292760372161865,1.2694072723388672,1.2207028703414835e-05,0.0,0.0,0.0,-2.6800558319572745e-05,0.00014133701332731373,0.7058884115540903,0.7083230405254526,0,0,0,,0.635337769985199,-0.006722990423440933,0.0,False,False,2,False
102.558235388,1633,102,558235388,map,5.164161682128906,0.2912607192993164,-1.2971210479736328,-2.7656553356791846e-05,0.0,0.0,0.0,3.490359397155515e-05,-1.965610264095481e-05,0.7061032985610026,0.7081088406146675,0,0,0,,0.6416904926300049,0.005062120035290718,0.0,False,False,2,False
102.608235388,1634,102,608235388,map,5.255212783813477,0.026194266974925995,1.8209171295166016,2.4604794816696085e-05,0.0,0.0,0.0,0.00016521886105149396,-0.00022613893959735963,0.7059140439131326,0.7082974545839594,0,0,0,,0.6502536535263062,0.0021376535296440125,0.0,False,False,2,False
102.658235389,1635,102,658235389,map,5.21318244934082,0.1811736524105072,-0.8415889739990234,-7.572173490189016e-05,0.0,0.0,0.0,0.00023584793040110037,-0.0003946675343082194,0.705970415679507,0.7082411741762796,0,0,0,,0.6291146278381348,0.006143931299448013,0.0,False,False,2,False
102.658235389,1636,102,708235390,map,5.32285737991333,-0.3041965067386627,2.194976806640625,-5.8555600844556466e-05,0.0,0.0,0.0,0.0004656069680525394,-0.0004903242107967002,0.7058161932315326,0.7083946951837424,0,0,0,,0.6566750407218933,-0.004227932542562485,0.0,False,False,2,False
102.70823539,1637,102,758235391,map,5.296698093414307,-0.1449313908815384,-0.5228137969970703,-7.343292236328125e-05,0.0,0.0,0.0,0.000642132137157666,-0.0005185170724304757,0.7060938692921149,0.7081177631965275,0,0,0,,0.6224086284637451,-0.003904178738594055,0.0,False,False,2,False
102.808235391,1638,102,808235391,map,5.4155426025390625,0.383681058883667,2.37548828125,6.599425978492945e-05,0.0,0.0,0.0,0.0006982640863261322,-0.0007300409233958772,0.70591733602355,0.7082935084898987,0,0,0,,0.6068718433380127,0.00738104060292244,0.0,False,False,2,False
102.858235392,1639,102,858235392,map,5.3918561935424805,0.0160062313079834,-0.47382354736328125,-6.370544724632055e-05,0.0,0.0,0.0,0.0007138434593037972,-0.0008330923252930163,0.7059653213057947,0.7082455516967961,0,0,0,,0.5738041996955872,0.0034517496824264526,0.0,False,False,2,False
102.858235392,1640,102,908235393,map,5.506491184234619,-0.47249943017959595,2.294321060180664,3.871918306685984e-05,0.0,0.0,0.0,0.0009104654340017044,-0.0007986109037570982,0.70591466916518,0.7082958514143172,0,0,0,,0.5787463188171387,-0.008867494761943817,0.0,False,False,2,False
102.908235393,1641,102,958235394,map,5.478389739990234,0.41828954219818115,-0.5633354187011719,-5.149840944795869e-06,0.0,0.0,0.0,0.0008640072152916765,-0.000857365262264687,0.7060769453108174,0.7081340732635903,0,0,0,,0.5507777333259583,0.007191408425569534,0.0,False,False,2,False
103.008235394,1642,103,8235394,map,5.585243225097656,-0.8200753331184387,2.1381282806396484,7.305144390556961e-05,0.0,0.0,0.0,0.0010546399888660776,-0.0007325545107927762,0.7061836769559123,0.7080275174733042,0,0,0,,0.5697489380836487,-0.016938824206590652,0.0,False,False,2,False
103.058235395,1643,103,58235395,map,5.551816940307617,0.9856298565864563,-0.6705093383789062,-1.5640256606275216e-05,0.0,0.0,0.0,0.0008466095529688075,-0.0008794361155565712,0.7063097852247934,0.7079018273320742,0,0,0,,0.5529398322105408,0.01697218045592308,0.0,False,False,2,False
103.108235396,1644,103,108235396,map,5.653689861297607,-1.8266139030456543,2.034311294555664,1.2588502613652963e-05,0.0,0.0,0.0,0.0011926065001910792,-0.0005505547690132519,0.7066774116991492,0.7075346707924448,0,0,0,,0.624457836151123,-0.037570077925920486,0.0,False,False,2,False
103.158235397,1645,103,158235397,map,5.621601581573486,1.043738603591919,-0.6363296508789062,-2.784729076665826e-05,0.0,0.0,0.0,0.0010456837721421377,-0.0006283381674466247,0.7071918028719353,0.7070206967885294,0,0,0,,0.5196059346199036,0.010275609791278839,0.0,False,False,2,False
103.208235397,1646,103,208235397,map,5.719150543212891,0.11238164454698563,1.95098876953125,0.0001354217529296875,0.0,0.0,0.0,0.0008863372667032922,-0.0008018987598514574,0.7070858470964368,0.707126704488342,0,0,0,,0.529143750667572,0.002924881875514984,0.0,False,False,2,False
103.258235398,1647,103,258235398,map,5.676389694213867,0.5147496461868286,-0.8565902709960938,-3.147125244140625e-05,0.0,0.0,0.0,0.0006573651426911994,-0.0009290949432226182,0.707025332559958,0.7071873045891989,0,0,0,,0.5174263715744019,0.013048339635133743,0.0,False,False,2,False
103.308235399,1648,103,308235399,map,5.766079425811768,-0.15894663333892822,1.7944812774658203,6.0462949477368966e-05,0.0,0.0,0.0,0.0006365123267610492,-0.0009320096241732039,0.7066667419253655,0.7075456466311607,0,0,0,,0.5785165429115295,0.0019443294731900096,0.0,False,False,2,False
103.3582354,1649,103,358235400,map,5.724181175231934,0.26928770542144775,-0.8392333984375,-1.964568582479842e-05,0.0,0.0,0.0,0.0005596373281092112,-0.0009095058256769525,0.7065711361160008,0.7076412150327017,0,0,0,,0.5664697289466858,0.008892398327589035,0.0,False,False,2,False
103.4082354,1650,103,408235400,map,5.8150787353515625,-0.3736363649368286,1.8195343017578125,2.0217894416418858e-05,0.0,0.0,0.0,0.0006654099484393259,-0.0008150455431863452,0.7063317304578701,0.7078802013609039,0,0,0,,0.5589866638183594,-0.0038709305226802826,0.0,False,False,2,False
103.458235401,1651,103,458235401,map,5.7732086181640625,-0.5201408267021179,-0.8372402191162109,-4.9591064453125e-05,0.0,0.0,0.0,0.0008196055772301587,-0.0005886562323980147,0.7066909472100185,0.7075216511612522,0,0,0,,0.545063316822052,-0.01172160729765892,0.0,False,False,2,False
103.508235402,1652,103,508235402,map,5.859620571136475,-0.7492802143096924,1.7244243621826172,-2.1743777324445546e-05,0.0,0.0,0.0,0.0010665347152944212,-0.00036011037762269756,0.7071319230571175,0.7070807423609838,0,0,0,,0.5248502492904663,-0.02167908474802971,0.0,False,False,2,False
103.558235403,1653,103,558235403,map,5.81009578704834,0.9749407768249512,-0.9864616394042969,9.34600848268019e-06,0.0,0.0,0.0,0.0008253483015487302,-0.0005154174060543892,0.7075132808350361,0.7066993778029823,0,0,0,,0.4826037287712097,0.012473952025175095,0.0,False,False,2,False
103.558235403,1654,103,608235403,map,5.886016845703125,0.2631661593914032,1.5181255340576172,8.60214204294607e-05,0.0,0.0,0.0,0.0006094128119428915,-0.0007153670813400488,0.707242368738224,0.706970543040875,0,0,0,,0.49899208545684814,0.008243195712566376,0.0,False,False,2,False
103.658235404,1655,103,658235404,map,5.829078674316406,-0.09155796468257904,-1.138601303100586,-5.226134817348793e-05,0.0,0.0,0.0,0.0005173729265575704,-0.0006884842790884522,0.7072555747640268,0.7069574317311179,0,0,0,,0.5289914011955261,0.0017250998644158244,0.0,False,False,2,False
103.708235405,1656,103,708235405,map,5.902556896209717,0.284518301486969,1.46881103515625,7.247922440001275e-06,0.0,0.0,0.0,0.00045359794844216896,-0.0007330104941081137,0.7069088796189608,0.7073041021091157,0,0,0,,0.5460257530212402,0.00838514044880867,0.0,False,False,2,False
103.758235406,1657,103,758235406,map,5.846563816070557,-0.7723340392112732,-1.119394302368164,-3.490447852527723e-05,0.0,0.0,0.0,0.0005900965641333957,-0.00050268158201019,0.7071483598494304,0.7070647751511402,0,0,0,,0.5112141966819763,-0.013444188982248306,0.0,False,False,2,False
103.808235406,1658,103,808235406,map,5.91856575012207,0.411521852016449,1.440420150756836,1.468658410885837e-05,0.0,0.0,0.0,0.0005798904648534528,-0.000519554422186912,0.7070788605690269,0.7071342720634164,0,0,0,,0.5306879281997681,0.0054010264575481415,0.0,False,False,2,False
103.858235407,1659,103,858235407,map,5.861320495605469,0.27956438064575195,-1.145477294921875,-4.215240551275201e-05,0.0,0.0,0.0,0.0004382764368006166,-0.0005863105281256088,0.7070931206263584,0.7071200625895206,0,0,0,,0.5193310379981995,0.007834531366825104,0.0,False,False,2,False
103.908235408,1660,103,908235408,map,5.930902004241943,-0.8652582764625549,1.3912391662597656,4.329681542003527e-05,0.0,0.0,0.0,0.0006276096895130329,-0.0004150975994761671,0.7071252080092939,0.7070879535092317,0,0,0,,0.5005066990852356,-0.016092389822006226,0.0,False,False,2,False
103.908235408,1661,103,958235409,map,5.868686199188232,0.8101032972335815,-1.243753433227539,9.15527380129788e-06,0.0,0.0,0.0,0.0004729606598790696,-0.0004911946785902245,0.7072684948318153,0.7069447016947932,0,0,0,,0.47900107502937317,0.013330135494470596,0.0,False,False,2,False
103.958235409,1662,104,8235409,map,5.933684349060059,-0.04005596041679382,1.3000679016113281,9.72747784544481e-06,0.0,0.0,0.0,0.000403876656499937,-0.000564880213980826,0.7069726046744104,0.7072405913364066,0,0,0,,0.5316634774208069,0.0032299011945724487,0.0,False,False,2,False
104.008235409,1663,104,58235410,map,5.869672775268555,-1.0383714437484741,-1.2823295593261719,-6.294249760685489e-05,0.0,0.0,0.0,0.0006171850034558383,-0.00026960243090363674,0.7074135205226812,0.7067995878457393,0,0,0,,0.49156802892684937,-0.021296929568052292,0.0,False,False,2,False
104.108235411,1664,104,108235411,map,5.930987358093262,0.9303486347198486,1.2285995483398438,3.681182715808973e-05,0.0,0.0,0.0,0.0004903728020606819,-0.0004031940801255316,0.7073540672773215,0.7068591235000645,0,0,0,,0.4752444624900818,0.01369037851691246,0.0,False,False,2,False
104.158235412,1665,104,158235412,map,5.86229944229126,-0.13499590754508972,-1.3736438751220703,-6.408691115211695e-05,0.0,0.0,0.0,0.00037814383709915486,-0.0004289918369822371,0.707433676523822,0.7067795033058264,0,0,0,,0.5037361979484558,0.0005153975216671824,0.0,False,False,2,False
104.208235412,1666,104,208235412,map,5.922059059143066,0.20649150013923645,1.1949443817138672,4.138946678722277e-05,0.0,0.0,0.0,0.000329955332138906,-0.00048543115592901247,0.7071685671024672,0.7070447462419298,0,0,0,,0.500920295715332,0.005979776382446289,0.0,False,False,2,False
104.258235413,1667,104,258235413,map,5.854468822479248,-0.7326599955558777,-1.3525581359863281,6.294249033089727e-06,0.0,0.0,0.0,0.0004610110016936874,-0.0002820298705666092,0.7074715829640985,0.7067415844750337,0,0,0,,0.5365472435951233,-0.013866983354091644,0.0,False,False,2,False
104.258235413,1668,104,308235414,map,5.916324615478516,0.8624646067619324,1.2375259399414062,2.09808349609375e-05,0.0,0.0,0.0,0.00033936827369936644,-0.00043674500934981345,0.707261423348222,0.7069518888343244,0,0,0,,0.49205899238586426,0.015286184847354889,0.0,False,False,2,False
104.308235414,1669,104,358235415,map,5.849239349365234,-0.07576242089271545,-1.3414859771728516,-5.531310307560489e-06,0.0,0.0,0.0,0.0002513234572515125,-0.0004738036509703271,0.7072107994210858,0.7070025442166451,0,0,0,,0.5129698514938354,0.0034740418195724487,0.0,False,False,2,False
104.40823541500001,1670,104,408235415,map,5.911376953125,-0.9945437908172607,1.2410926818847656,1.2397763384797145e-05,0.0,0.0,0.0,0.000526328282964069,-0.00024251575350261003,0.7073134779461232,0.7068997864481265,0,0,0,,0.5279573202133179,-0.019886720925569534,0.0,False,False,2,False
104.458235416,1671,104,458235416,map,5.847005367279053,0.9639564752578735,-1.28570556640625,-6.141662015579641e-05,0.0,0.0,0.0,0.0003740130354733441,-0.0003581535432188933,0.7074866056982507,0.7067265628217583,0,0,0,,0.5254729986190796,0.01529119536280632,0.0,False,False,2,False
104.508235417,1672,104,508235417,map,5.913830757141113,-0.003115832805633545,1.336526870727539,3.2806394301587716e-05,0.0,0.0,0.0,0.00030737046296329276,-0.000488461487884158,0.7071660700734602,0.707047251791301,0,0,0,,0.5377253293991089,0.004435092210769653,0.0,False,False,2,False
104.558235418,1673,104,558235418,map,5.8522138595581055,-1.0390827655792236,-1.234598159790039,-3.2615658710710704e-05,0.0,0.0,0.0,0.0005439705191908153,-0.00022997351575743214,0.7075781243451383,0.7066348768327759,0,0,0,,0.5153378248214722,-0.020789004862308502,0.0,False,False,2,False
104.558235418,1674,104,608235418,map,5.91916036605835,0.8321052193641663,1.3414669036865234,1.4877318790240679e-05,0.0,0.0,0.0,0.00047249668524337554,-0.00036776398672837556,0.7075338875319832,0.7066791630509645,0,0,0,,0.5167452692985535,0.011790692806243896,0.0,False,False,2,False
104.658235419,1675,104,658235419,map,5.856964588165283,0.3700607419013977,-1.2446784973144531,-6.523132469737902e-05,0.0,0.0,0.0,0.00027771895192941283,-0.0005338145622540313,0.7074445222560715,0.7067686225661661,0,0,0,,0.5116205811500549,0.01147858053445816,0.0,False,False,2,False
104.70823542,1676,104,708235420,map,5.924376010894775,-0.2555597126483917,1.348886489868164,1.9454957509879023e-05,0.0,0.0,0.0,0.0003258483331354161,-0.0005431407737474625,0.7071243209453406,0.7070889573091595,0,0,0,,0.5360323190689087,-0.0002902039559558034,0.0,False,False,2,False
104.758235421,1677,104,758235421,map,5.864609718322754,-0.5545417070388794,-1.195821762084961,2.0217894416418858e-05,0.0,0.0,0.0,0.0004888913845519402,-0.00034918183205918734,0.7074049681909905,0.7068082130507297,0,0,0,,0.5317808389663696,-0.010994896292686462,0.0,False,False,2,False
104.808235421,1678,104,808235421,map,5.932915210723877,0.7893551588058472,1.3660240173339844,-1.926422191900201e-05,0.0,0.0,0.0,0.00039195528733330736,-0.0005048562302510536,0.7071755204594362,0.7070377463432663,0,0,0,,0.5053073763847351,0.014443542808294296,0.0,False,False,2,False
104.808235421,1679,104,858235422,map,5.8703813552856445,-1.5980547666549683,-1.2559986114501953,-3.795623706537299e-05,0.0,0.0,0.0,0.00068554264020892,-0.000167306324876208,0.7077290526528504,0.706483609201927,0,0,0,,0.5187587738037109,-0.03177328780293465,0.0,False,False,2,False
104.858235422,1680,104,908235423,map,5.935642242431641,0.8594346046447754,1.3107872009277344,3.833770824712701e-05,0.0,0.0,0.0,0.0006287506035508945,-0.0002651991320530311,0.7078975360539804,0.7063148113913529,0,0,0,,0.47904419898986816,0.008425865322351456,0.0,False,False,2,False
104.958235424,1681,104,958235424,map,5.870148181915283,0.3697684705257416,-1.3094329833984375,-1.7166144061775412e-06,0.0,0.0,0.0,0.00039793299939112274,-0.000436453917301575,0.707974804373392,0.7062374441572491,0,0,0,,0.5107569098472595,0.008862722665071487,0.0,False,False,2,False
104.958235424,1682,105,8235424,map,5.934108257293701,-0.20779219269752502,1.2790966033935547,7.743835158180445e-05,0.0,0.0,0.0,0.000393563346991866,-0.00046959093072074893,0.707765416385725,0.7064472662277002,0,0,0,,0.5239023566246033,-0.0011334308655932546,0.0,False,False,2,False
105.008235424,1683,105,58235425,map,5.870405673980713,0.11361554265022278,-1.273946762084961,-1.4114377336227335e-05,0.0,0.0,0.0,0.00035695822043832823,-0.00045101261361622433,0.7078553058403394,0.7063572291426846,0,0,0,,0.513257622718811,0.0031926892697811127,0.0,False,False,2,False
105.108235426,1684,105,108235426,map,5.934837818145752,0.21911612153053284,1.2885379791259766,3.547668529790826e-05,0.0,0.0,0.0,0.0003219267431580981,-0.0005247645951453076,0.7075583952237445,0.7066546103533825,0,0,0,,0.5105655193328857,0.0067563727498054504,0.0,False,False,2,False
105.108235426,1685,105,158235426,map,5.8704023361206055,0.23557515442371368,-1.2892723083496094,-5.53131103515625e-05,0.0,0.0,0.0,0.00023300638523179003,-0.0005633053110234277,0.7074441229491711,0.7067690155205086,0,0,0,,0.5054757595062256,0.008898060768842697,0.0,False,False,2,False
105.208235427,1686,105,208235427,map,5.936098575592041,-0.15702372789382935,1.3143539428710938,5.340576535672881e-06,0.0,0.0,0.0,0.0002939255076669557,-0.00054589178820649,0.7071046402506233,0.7071086503119504,0,0,0,,0.5647746920585632,0.0013368184445425868,0.0,False,False,2,False
105.258235428,1687,105,258235428,map,5.877302169799805,-0.9676632881164551,-1.1779117584228516,-1.544952465337701e-05,0.0,0.0,0.0,0.0005587612845248332,-0.0002512917395145368,0.7075160122315124,0.706697047591333,0,0,0,,0.5454660654067993,-0.01986609771847725,0.0,False,False,2,False
105.258235428,1688,105,308235429,map,5.949158668518066,1.0100271701812744,1.4390182495117188,5.207061622058973e-05,0.0,0.0,0.0,0.00045183816160506535,-0.0004331538720300875,0.7073898157657625,0.7068233561300018,0,0,0,,0.5577353239059448,0.016080085188150406,0.0,False,False,2,False
105.358235429,1689,105,358235429,map,5.89699125289917,-0.21925893425941467,-1.0430240631103516,-1.7738340829964727e-05,0.0,0.0,0.0,0.0004014388120068584,-0.00048427258802867025,0.7074266763759854,0.7067864613011257,0,0,0,,0.5820394158363342,-0.00013767380733042955,0.0,False,False,2,False
105.40823543,1690,105,408235430,map,5.977704048156738,0.17887534201145172,1.6140270233154297,-4.138946678722277e-05,0.0,0.0,0.0,0.0004226517286145959,-0.0005705918535109933,0.7071596063933131,0.7070535954764018,0,0,0,,0.577796220779419,0.005435027182102203,0.0,False,False,2,False
105.458235431,1691,105,458235431,map,5.932085990905762,-0.6879668235778809,-0.9129428863525391,-5.91278057981981e-06,0.0,0.0,0.0,0.0005965169349600521,-0.0004201499173857452,0.7074419165725151,0.706771110273899,0,0,0,,0.5493348836898804,-0.012676127254962921,0.0,False,False,2,False
105.508235432,1692,105,508235432,map,6.014678955078125,0.08934762328863144,1.6521739959716797,-4.0435788832837716e-05,0.0,0.0,0.0,0.0006941321703529314,-0.0004282506735349698,0.7075223259329226,0.7066905214366173,0,0,0,,0.5632873773574829,-0.002024363726377487,0.0,False,False,2,False
105.558235432,1693,105,558235432,map,5.970157146453857,0.3169301748275757,-0.8899307250976562,-2.384185791015625e-05,0.0,0.0,0.0,0.0005993726186331723,-0.0005286709471923728,0.7076983469798478,0.7065142680381513,0,0,0,,0.5487124919891357,0.0053885318338871,0.0,False,False,2,False
105.558235432,1694,105,608235433,map,6.051347732543945,0.1821311116218567,1.6237354278564453,2.6321413315599784e-05,0.0,0.0,0.0,0.0005419404188451187,-0.0006645286694290366,0.7074398938950991,0.7067729912977155,0,0,0,,0.5251662731170654,0.005859827622771263,0.0,False,False,2,False
105.658235434,1695,105,658235434,map,6.0032148361206055,0.39001816511154175,-0.9637641906738281,2.1171566913835704e-05,0.0,0.0,0.0,0.00040921427438706334,-0.000764075540210962,0.7072863263547678,0.7069266590558199,0,0,0,,0.5374181866645813,0.011725367978215218,0.0,False,False,2,False
105.708235435,1696,105,708235435,map,6.083073139190674,-0.34134411811828613,1.59820556640625,-1.945495569088962e-05,0.0,0.0,0.0,0.0004957302574561379,-0.0007242071203929876,0.7069669502487043,0.7072460399546997,0,0,0,,0.5986853837966919,-0.001855872687883675,0.0,False,False,2,False
105.708235435,1697,105,758235435,map,6.0397796630859375,-1.1456034183502197,-0.8694648742675781,-1.2779232747561764e-05,0.0,0.0,0.0,0.0008175459864300352,-0.0003688103604231463,0.7074940812974315,0.7067186997148027,0,0,0,,0.5537750720977783,-0.024495113641023636,0.0,False,False,2,False
105.808235436,1698,105,808235436,map,6.121026039123535,1.0466233491897583,1.6286373138427734,5.607604543911293e-05,0.0,0.0,0.0,0.0007047737796175642,-0.0005384663144386579,0.7074970779281061,0.7067157123420554,0,0,0,,0.5452150702476501,0.014234930276870728,0.0,False,False,2,False
105.808235436,1699,105,858235437,map,6.0768327713012695,-0.4940679669380188,-0.8844852447509766,-3.4713742934400216e-05,0.0,0.0,0.0,0.0006868699434353419,-0.0005213351198902262,0.7077269984764253,0.7064854931609874,0,0,0,,0.5566879510879517,-0.007649730890989304,0.0,False,False,2,False
105.908235438,1700,105,908235438,map,6.15802001953125,0.2578572630882263,1.6243267059326172,3.128051685052924e-05,0.0,0.0,0.0,0.0006663287953727663,-0.0005929628458476593,0.7076488561335814,0.7065637273550304,0,0,0,,0.5634878873825073,0.0035668443888425827,0.0,False,False,2,False
105.958235438,1701,105,958235438,map,6.1156744956970215,0.2858285903930664,-0.8469200134277344,-2.880096508306451e-05,0.0,0.0,0.0,0.0005453035641848035,-0.0006791683216733624,0.707665196266314,0.706547387913771,0,0,0,,0.5651611089706421,0.007245494052767754,0.0,False,False,2,False
105.958235438,1702,106,8235439,map,6.200292110443115,-0.3901524543762207,1.69219970703125,5.7220458984375e-05,0.0,0.0,0.0,0.0006375717392815027,-0.0006462263955136458,0.7075255479020991,0.7066871832427396,0,0,0,,0.6165872812271118,-0.005290552973747253,0.0,False,False,2,False
106.05823544,1703,106,58235440,map,6.166529178619385,0.06542719900608063,-0.6751537322998047,-6.1035143517074175e-06,0.0,0.0,0.0,0.0006617526321339266,-0.0006152572440276167,0.7077121531543711,0.706500312681871,0,0,0,,0.5964392423629761,0.00039011973422020674,0.0,False,False,2,False
106.108235441,1704,106,108235441,map,6.258861541748047,0.14580024778842926,1.846780776977539,-6.408691115211695e-05,0.0,0.0,0.0,0.0006698309217010147,-0.0007017319160709894,0.7075525484491451,0.7066600668510811,0,0,0,,0.614298939704895,0.0033156443387269974,0.0,False,False,2,False
106.158235441,1705,106,158235441,map,6.233891010284424,-0.608026921749115,-0.5010604858398438,-5.321502612787299e-05,0.0,0.0,0.0,0.000813018621690532,-0.0005809482890218192,0.7078718580546405,0.706340168809673,0,0,0,,0.6457905769348145,-0.011716408655047417,0.0,False,False,2,False
106.208235442,1706,106,208235442,map,6.335284233093262,0.07215701043605804,2.0282363891601562,5.8555600844556466e-05,0.0,0.0,0.0,0.0009058496484126488,-0.0006128420269025971,0.7079887782764511,0.7062228357223255,0,0,0,,0.6094822883605957,-0.0024165622889995575,0.0,False,False,2,False
106.258235443,1707,106,258235443,map,6.314595699310303,0.40585988759994507,-0.41259765625,-2.5749204723979346e-05,0.0,0.0,0.0,0.0007992044667576833,-0.000753251201585431,0.7081352815313506,0.7060759285908013,0,0,0,,0.570702075958252,0.006728451699018478,0.0,False,False,2,False
106.308235444,1708,106,308235444,map,6.409053325653076,-1.2494882345199585,1.8814659118652344,-3.776550875045359e-05,0.0,0.0,0.0,0.0010799462727034976,-0.0005567361637828427,0.7084268632360289,0.7057831842757752,0,0,0,,0.5567647218704224,-0.02464168891310692,0.0,False,False,2,False
106.358235444,1709,106,358235444,map,6.380720615386963,0.7156194448471069,-0.5607700347900391,7.686615572310984e-05,0.0,0.0,0.0,0.0009814684132317347,-0.0006209073985218433,0.7088589410139962,0.7053493127084426,0,0,0,,0.5547986030578613,0.006206851452589035,0.0,False,False,2,False
106.408235445,1710,106,408235445,map,6.466884136199951,0.28016364574432373,1.7245006561279297,5.569458153331652e-05,0.0,0.0,0.0,0.0008174340040172581,-0.0008046041945576672,0.7087115166992123,0.7054974631503936,0,0,0,,0.5498088002204895,0.006065782159566879,0.0,False,False,2,False
106.408235445,1711,106,458235446,map,6.431628704071045,0.3308432102203369,-0.7044601440429688,-1.049041748046875e-05,0.0,0.0,0.0,0.0006351752704802929,-0.0009008052272901937,0.7086158552818346,0.7055936186967058,0,0,0,,0.5424453020095825,0.009197600185871124,0.0,False,False,2,False
106.508235447,1712,106,508235447,map,6.513621807098389,-0.6289928555488586,1.6379261016845703,2.1743777324445546e-05,0.0,0.0,0.0,0.0007508369513711594,-0.000774590851757312,0.7084894822668294,0.7057205465126863,0,0,0,,0.6457383632659912,-0.009013278409838676,0.0,False,False,2,False
106.558235447,1713,106,558235447,map,6.4875569343566895,-0.15550732612609863,-0.5222606658935547,2.155303991457913e-05,0.0,0.0,0.0,0.0008344250081078223,-0.0006326450561410079,0.7088113108554065,0.7053973554661084,0,0,0,,0.6293792128562927,-0.005508057773113251,0.0,False,False,2,False
106.608235448,1714,106,608235448,map,6.581106662750244,0.08143439888954163,1.8715476989746094,4.196167537884321e-06,0.0,0.0,0.0,0.0008597381500816388,-0.0006682907086578032,0.70885138446729,0.7053570223487171,0,0,0,,0.6211867332458496,-0.000625152257271111,0.0,False,False,2,False
106.658235449,1715,106,658235449,map,6.564641952514648,-0.1634560525417328,-0.3303813934326172,-4.0626528061693534e-05,0.0,0.0,0.0,0.0008782323393470653,-0.0006566283349353781,0.7091434846770794,0.7050633416135295,0,0,0,,0.6552644968032837,-0.004316460341215134,0.0,False,False,2,False
106.70823545,1716,106,708235450,map,6.6666178703308105,-0.08772231638431549,2.0389175415039062,-1.811981201171875e-05,0.0,0.0,0.0,0.0009441955792520234,-0.0007005793144274627,0.7092200476583328,0.7049861996399961,0,0,0,,0.6265685558319092,-0.0034482069313526154,0.0,False,False,2,False
106.75823545,1717,106,758235450,map,6.655761241912842,-0.5660548806190491,-0.22276878356933594,-0.00011024474224541336,0.0,0.0,0.0,0.0010817240842374812,-0.000593158495984338,0.7097274468628922,0.7044752864405426,0,0,0,,0.6048670411109924,-0.013601917773485184,0.0,False,False,2,False
106.808235451,1718,106,808235451,map,6.754934310913086,-1.9054880142211914,1.947488784790039,-0.0001224517764057964,0.0,0.0,0.0,0.0015942025356031333,-0.00016382477087486895,0.7107762523222005,0.7034163424420331,0,0,0,,0.6400896310806274,-0.04572590813040733,0.0,False,False,2,False
106.808235451,1719,106,858235452,map,6.744176864624023,0.14145851135253906,-0.2116107940673828,-7.247926987474784e-06,0.0,0.0,0.0,0.0016663628016812607,-9.070012914367328e-05,0.7121568335913188,0.7020184181185608,0,0,0,,0.5537229180335999,-0.016008008271455765,0.0,False,False,2,False
106.908235453,1720,106,908235453,map,6.830413818359375,2.654513359069824,1.764993667602539,0.00044841761700809,0.0,0.0,0.0,0.0008975740272831875,-0.0008987748516995005,0.7119539526393663,0.7022250037458181,0,0,0,,0.5357238054275513,0.04467606917023659,0.0,False,False,2,False
106.908235453,1721,106,958235453,map,6.800290584564209,-0.04286907613277435,-0.6027030944824219,-9.994506399380043e-05,0.0,0.0,0.0,0.0004906768751166948,-0.0012117502006520568,0.7113918477636821,0.7027943723686391,0,0,0,,0.48225685954093933,0.0117073655128479,0.0,False,False,2,False
107.008235454,1722,107,8235454,map,6.869772434234619,-1.755757451057434,1.368722915649414,1.7929078239831142e-05,0.0,0.0,0.0,0.0008630425255054236,-0.0007645179149132827,0.7114151165792,0.7027710883157902,0,0,0,,0.6495514512062073,-0.028384098783135414,0.0,False,False,2,False
107.058235455,1723,107,58235455,map,6.823570728302002,4.4410505294799805,-0.9145927429199219,-0.00011692047701217234,0.0,0.0,0.0,6.0332348453124175e-05,-0.0014096501963646022,0.710613565774842,0.7035811036284985,0,0,0,,0.4794510006904602,0.12009819597005844,0.0,False,False,2,False
107.058235455,1724,107,108235456,map,6.892206192016602,0.22644445300102234,1.3694953918457031,-0.0006404876476153731,0.0,0.0,0.0,-0.0005584873159304554,-0.0019451799449864326,0.7083346079201626,0.7058739176294085,0,0,0,,0.7043251991271973,0.031710151582956314,0.0,False,False,2,False
107.158235456,1725,107,158235456,map,6.8686299324035645,-3.858983039855957,-0.46532630920410156,0.0010059355990961194,0.0,0.0,0.0,0.000409567505068913,-0.0008954128247735226,0.7081284883536962,0.7060829090639719,0,0,0,,0.8950719833374023,-0.06737509369850159,0.0,False,False,2,False
107.208235457,1726,107,208235457,map,6.972339153289795,4.361026287078857,2.0595264434814453,-5.245208740234375e-05,0.0,0.0,0.0,0.000228394180058081,-0.001213436649906475,0.7075806961165232,0.7066314696437256,0,0,0,,0.6064850091934204,0.1264241635799408,0.0,False,False,2,False
107.258235458,1727,107,258235458,map,6.983520030975342,-2.283588409423828,0.2483844757080078,-0.00042438507080078125,0.0,0.0,0.0,0.00020521161168510378,-0.0013682626968526033,0.7064170240176467,0.7077945139116568,0,0,0,,1.0,-0.04927525296807289,0.0,False,False,2,False
107.308235459,1728,107,308235459,map,7.112518787384033,-6.48456335067749,2.449016571044922,-0.00014934540376998484,0.0,0.0,0.0,0.002180144592644363,0.00035712106570818657,0.7084667907415337,0.7057406930668597,0,0,0,,1.0,-0.21335041522979736,0.0,False,False,2,False
107.358235459,1729,107,358235459,map,7.162511825561523,-9.636056900024414,0.26284217834472656,-0.00663070660084486,0.0,0.0,0.0,0.005218861734714763,0.0032772196393596703,0.7154256375411253,0.6986617067383211,0,0,0,,1.0,-0.3678198754787445,0.0,False,False,2,False
107.358235459,1730,107,408235460,map,7.4047532081604,-2.7194106578826904,4.557085037231445,-0.006134796421974897,0.0,0.0,0.0,0.006865547663690553,0.004547061044524255,0.7246101913178481,0.6891097584053258,0,0,0,,0.8177858591079712,-0.12163539975881577,0.0,False,False,2,False
107.458235461,1731,107,458235461,map,7.514960289001465,-6.499930381774902,1.2717437744140625,0.002998734125867486,0.0,0.0,0.0,0.007655904695992168,0.005023082948179186,0.7338014455467297,0.6793022849030552,0,0,0,,0.8358375430107117,-0.3178587555885315,0.0,False,False,2,False
107.458235461,1732,107,508235462,map,7.663972854614258,-10.245251655578613,0.9688949584960938,-0.0067615509033203125,0.0,0.0,0.0,0.00938571365182633,0.007026607251662134,0.7458074367747219,0.6660584076650455,0,0,0,,1.0,-0.33951300382614136,0.0,False,False,2,False
107.508235462,1733,107,558235462,map,7.829254150390625,-1.981191635131836,2.9236221313476562,0.0013530731666833162,0.0,0.0,0.0,0.009661285091230024,0.007424082523013761,0.7582172736033747,0.6518881104749057,0,0,0,,1.0,-0.06408461183309555,0.0,False,False,2,False
107.608235463,1734,107,608235463,map,8.076329231262207,-5.338706970214844,3.7225818634033203,0.01638050004839897,0.0,0.0,0.0,0.009035168862660304,0.0064478788035608955,0.7682001372506267,0.64011353657822,0,0,0,,1.0,-0.25973841547966003,0.0,False,False,2,False
107.658235464,1735,107,658235464,map,8.193028450012207,-10.203895568847656,-0.6840038299560547,-0.0055366517044603825,0.0,0.0,0.0,0.009954358482084901,0.00777773446235433,0.7797914398388597,0.6259119170840903,0,0,0,,0.9836120009422302,-0.4791966676712036,0.0,False,False,2,False
107.708235464,1736,107,708235464,map,8.31706714630127,-12.87635326385498,-2.288360595703125,-0.01833648607134819,0.0,0.0,0.0,0.011705117452751069,0.010843039084084427,0.7945675788346774,0.6069660463268411,0,0,0,,1.0,-0.5,0.0,False,False,2,False
107.758235465,1737,107,758235465,map,8.442092895507812,-11.503334045410156,-2.652254104614258,-0.01677245832979679,0.0,0.0,0.0,0.01306377066743977,0.013895538264127075,0.8117263515822142,0.5837264616747524,0,0,0,,0.9597218036651611,-0.4164949059486389,0.0,False,False,2,False
107.808235466,1738,107,808235466,map,8.631936073303223,-11.636390686035156,-2.124204635620117,-0.00337925273925066,0.0,0.0,0.0,0.013775165279416527,0.016178432542172834,0.8297003996589836,0.5578044011548545,0,0,0,,1.0,-0.4152510166168213,0.0,False,False,2,False
107.858235467,1739,107,858235467,map,8.758411407470703,-12.387189865112305,-5.058479309082031,-0.00023174099624156952,0.0,0.0,0.0,0.01421269551666021,0.01848941644189208,0.8482091349812098,0.5291478093124989,0,0,0,,1.0,-0.46978992223739624,0.0,False,False,2,False
107.908235467,1740,107,908235467,map,9.014183044433594,-8.786611557006836,-0.126953125,0.015147398225963116,0.0,0.0,0.0,0.01378891152681216,0.01911022060410816,0.8656262044624486,0.5001359210607682,0,0,0,,0.45235106348991394,-0.2843620777130127,0.0,False,False,2,False
107.908235467,1741,107,958235468,map,9.18639087677002,-7.548732757568359,-1.6290855407714844,0.03399467468261719,0.0,0.0,0.0,0.012646549727302699,0.01811817448180873,0.8802337109425546,0.47402574893537225,0,0,0,,0.3909956216812134,-0.2701846659183502,0.0,False,False,2,False
108.008235469,1742,108,8235469,map,9.272850036621094,-8.126420974731445,-4.814338684082031,0.012110710144042969,0.0,0.0,0.0,0.011667877351559986,0.017889451167859588,0.8932230476899863,0.44910624049375464,0,0,0,,0.45177027583122253,-0.2966820001602173,0.0,False,False,2,False
108.05823547,1743,108,58235470,map,9.332010269165039,-2.009439468383789,-0.2514362335205078,0.015464399009943008,0.0,0.0,0.0,0.009934662323899559,0.016068505210658182,0.9037835204884683,0.42757274669730255,0,0,0,,0.1630043089389801,-0.0948994979262352,0.0,False,False,2,False
108.05823547,1744,108,108235470,map,9.313289642333984,-3.847036361694336,-4.237394332885742,0.013996696099638939,0.0,0.0,0.0,0.008151967936786743,0.014069887172267101,0.9116142476095419,0.4107250263241892,0,0,0,,0.594482421875,-0.17558646202087402,0.0,False,False,2,False
108.158235471,1745,108,158235471,map,9.275269508361816,2.432861328125,1.3234424591064453,0.0020469678565859795,0.0,0.0,0.0,0.006066188452065857,0.011079060550028864,0.9170901760699551,0.39847969174221565,0,0,0,,0.6074187755584717,0.05865749344229698,0.0,False,False,2,False
108.158235471,1746,108,208235472,map,9.261665344238281,-3.0980587005615234,-3.4584522247314453,-0.0033775344491004944,0.0,0.0,0.0,0.004535444893373976,0.008720245186594035,0.9203104932986684,0.39106519020217895,0,0,0,,1.0,-0.19367916882038116,0.0,False,False,2,False
108.258235473,1747,108,258235473,map,9.232782363891602,-6.680278778076172,-8.042573928833008,-0.029224395751953125,0.0,0.0,0.0,0.004753112458522574,0.010296411841987124,0.9248681226165826,0.3801188598225753,0,0,0,,1.0,-0.3744048774242401,0.0,False,False,2,False
108.308235473,1748,108,308235473,map,9.219056129455566,-7.8619384765625,-10.044946670532227,-0.03424853831529617,0.0,0.0,0.0,0.005671923021416602,0.013846720473901565,0.9317117294356739,0.3628902738478151,0,0,0,,1.0,-0.35970550775527954,0.0,False,False,2,False
108.358235474,1749,108,358235474,map,9.19389820098877,-7.848234176635742,-12.057018280029297,-0.028990361839532852,0.0,0.0,0.0,0.006530777132821255,0.017818931225525015,0.9404621748711963,0.33936813680214645,0,0,0,,1.0,-0.5,0.0,False,False,2,False
108.358235474,1750,108,408235475,map,9.205399513244629,-7.8275299072265625,-12.843856811523438,-0.02268829382956028,0.0,0.0,0.0,0.007051809339522241,0.021787048748715013,0.9505231108398785,0.30980867039374504,0,0,0,,1.0,-0.5,0.0,False,False,2,False
108.408235475,1751,108,458235476,map,9.329689979553223,-7.502784729003906,-9.572577476501465,0.0012010568752884865,0.0,0.0,0.0,0.007080341251418412,0.024069866720204804,0.9605306646745999,0.2770403445413795,0,0,0,,1.0,-0.40207532048225403,0.0,False,False,2,False
108.458235476,1752,108,508235476,map,9.498676300048828,-7.501926422119141,-9.162721633911133,0.021549224853515625,0.0,0.0,0.0,0.006850080097128286,0.024961388769164847,0.9695280234194033,0.24360914859225324,0,0,0,,1.0,-0.37673071026802063,0.0,False,False,2,False
108.558235477,1753,108,558235477,map,9.739331245422363,-6.750221252441406,-4.463024139404297,0.03570403903722763,0.0,0.0,0.0,0.006416180909528042,0.02388763800212234,0.9768637432534869,0.21242749466583,0,0,0,,1.0,-0.22872112691402435,0.0,False,False,2,False
108.608235478,1754,108,608235478,map,9.963601112365723,-6.902408599853516,-6.820578575134277,0.030610844492912292,0.0,0.0,0.0,0.0060678641386782235,0.022427793441280305,0.982532011411748,0.18463754130006851,0,0,0,,1.0,-0.24789518117904663,0.0,False,False,2,False
108.658235479,1755,108,658235479,map,9.979390144348145,-3.078746795654297,-10.249261856079102,0.001431657001376152,0.0,0.0,0.0,0.005548088944790624,0.02222952363386959,0.9872381354021816,0.15759419721454057,0,0,0,,1.0,-0.2965688109397888,0.0,False,False,2,False
108.658235479,1756,108,708235479,map,9.937496185302734,-1.1879348754882812,-9.523475646972656,-0.00394630478695035,0.0,0.0,0.0,0.004455427331866508,0.022179020272491263,0.99110974178674,0.13110957235253454,0,0,0,,1.0,-0.2672172784805298,0.0,False,False,0,False
108.75823548,1757,108,758235480,map,10.076338768005371,-4.293537139892578,-8.962657928466797,-0.0024190894328057766,0.0,0.0,0.0,0.003499970602474725,0.022032451411401963,0.9941851077787903,0.10534843502141418,0,0,0,,1.0,-0.25105929374694824,0.0,False,False,0,False
108.808235481,1758,108,808235481,map,10.4591703414917,-8.743247985839844,-8.919936180114746,-0.008194351568818092,0.0,0.0,0.0,0.0036673883326009786,0.022203216038133886,0.996566664332996,0.07967716737301582,0,0,0,,1.0,-0.24679537117481232,0.0,False,False,3,False
108.858235482,1759,108,858235482,map,10.810567855834961,-7.639484405517578,-8.40106201171875,-0.0038728713989257812,0.0,0.0,0.0,0.004088699956494768,0.022098573350633057,0.9982463700998042,0.05476422345927368,0,0,0,,1.0,-0.22125902771949768,0.0,False,False,3,False
108.908235482,1760,108,908235482,map,11.15668773651123,-7.129802703857422,-5.5637431144714355,0.008787536062300205,0.0,0.0,0.0,0.004420579223081414,0.020819994656365238,0.999245978642015,0.03247245709217319,0,0,0,,1.0,-0.14399856328964233,0.0,False,False,3,False
108.958235483,1761,108,958235483,map,11.463899612426758,-6.200962066650391,-6.515982151031494,0.00903377402573824,0.0,0.0,0.0,0.004584569017692963,0.01935433324442075,0.9997166851999212,0.013074434766661472,0,0,0,,1.0,-0.1383485198020935,0.0,False,False,3,False
109.008235484,1762,109,8235484,map,11.75976848602295,-5.857219696044922,-4.164731979370117,0.006839181296527386,0.0,0.0,0.0,-0.004626048087497598,-0.017385678984760483,-0.999833649874034,0.0030017369802301857,0,0,0,,1.0,-0.08270692080259323,0.0,False,False,3,False
109.058235485,1763,109,58235485,map,12.037415504455566,-5.475215911865234,-2.773871898651123,0.006005668547004461,0.0,0.0,0.0,-0.0046226337106087005,-0.014897030851800771,-0.9997659482329344,0.014991947281113633,0,0,0,,1.0,-0.04155601188540459,0.0,False,False,3,False
109.108235485,1764,109,108235485,map,12.29558277130127,-5.174655914306641,0.2516871690750122,0.004267883487045765,0.0,0.0,0.0,-0.00462799210570893,-0.01157682205341433,-0.999683224301394,0.02186343821501687,0,0,0,,1.0,0.021946091204881668,0.0,False,False,3,False
109.108235485,1765,109,158235486,map,12.543116569519043,-4.940338134765625,-0.3948974609375,-0.003776170779019594,0.0,0.0,0.0,-0.004634631580621024,-0.008556442062743077,-0.9996539412610549,0.02443982836638396,0,0,0,,1.0,0.024793628603219986,0.0,False,False,3,False
109.208235487,1766,109,208235487,map,12.778838157653809,-4.7473907470703125,0.9808123111724854,-0.008833121508359909,0.0,0.0,0.0,-0.004628175572206728,-0.005807009222137633,-0.9996908285770795,0.02372985237288787,0,0,0,,1.0,0.047115955501794815,0.0,False,False,3,False
109.258235488,1767,109,258235488,map,13.006451606750488,-4.597740173339844,1.728215217590332,-0.009529493749141693,0.0,0.0,0.0,-0.0046029706917295075,-0.003261145958496848,-0.9997771404643471,0.020343229654649124,0,0,0,,1.0,0.05824478343129158,0.0,False,False,3,False
109.308235488,1768,109,308235488,map,13.230703353881836,-4.515705108642578,1.6019771099090576,-0.008814239874482155,0.0,0.0,0.0,-0.004555104753007544,-0.001229400555512264,-0.9998701071870306,0.015411305874561207,0,0,0,,1.0,0.05181681737303734,0.0,False,False,3,False
109.358235489,1769,109,358235489,map,13.450387954711914,-4.417572021484375,2.0515964031219482,-0.006544684991240501,0.0,0.0,0.0,-0.004488074655843468,0.00040510623623649306,-0.9999425680984547,0.009723866488601424,0,0,0,,1.0,0.051158357411623,0.0,False,False,3,False
109.40823549,1770,109,408235490,map,13.66844367980957,-4.368629455566406,1.6993688344955444,-0.003920173738151789,0.0,0.0,0.0,-0.004410960394418302,0.0015412073177442052,-0.9999809659819737,0.004029364982384563,0,0,0,,1.0,0.03830898180603981,0.0,False,False,3,False
109.40823549,1771,109,458235491,map,13.884589195251465,-4.321079254150391,1.4015700817108154,-0.00154285435564816,0.0,0.0,0.0,0.004333999110060278,-0.0021819299337030333,0.9999877296102481,0.0009981294605673477,0,0,0,,1.0,0.025452550500631332,0.0,False,False,3,False
109.508235491,1772,109,508235491,map,14.099013328552246,-4.283428192138672,0.9379879236221313,0.00029068003641441464,0.0,0.0,0.0,0.004265110881548171,-0.0023779879690815366,0.9999761142538709,0.004891311083563732,0,0,0,,1.0,0.011147622019052505,0.0,False,False,3,False
109.558235492,1773,109,558235492,map,14.311580657958984,-4.243717193603516,0.9023456573486328,0.00102996826171875,0.0,0.0,0.0,0.004207341815460322,-0.0023540302787297433,0.9999594242367684,0.0076096449565766795,0,0,0,,1.0,0.0051337070763111115,0.0,False,False,3,False
109.558235492,1774,109,608235493,map,14.52206802368164,-4.214134216308594,-0.4525148868560791,0.0015190124977380037,0.0,0.0,0.0,0.004163344308480074,-0.0018204904079990422,0.9999519763070447,0.008683170992147365,0,0,0,,1.0,-0.018559593707323074,0.0,False,False,3,False
109.608235493,1775,109,658235494,map,14.731918334960938,-4.198589324951172,-0.17810508608818054,0.0011322021018713713,0.0,0.0,0.0,0.004131006903289109,-0.001207741521168972,0.9999561834368482,0.008313082989798016,0,0,0,,1.0,-0.01757938787341118,0.0,False,False,3,False
109.708235494,1776,109,708235494,map,14.940908432006836,-4.182090759277344,-0.3056134283542633,0.00054759974591434,0.0,0.0,0.0,0.00410656028732111,-0.0006825471134782339,0.9999663877887055,0.0070635391166647115,0,0,0,,1.0,-0.01780008152127266,0.0,False,False,3,False
109.758235495,1777,109,758235495,map,15.148911476135254,-4.163818359375,-0.6877095699310303,0.0002271652192575857,0.0,0.0,0.0,0.0040871784375154955,-0.00014100529136155723,0.9999782307346149,0.005178141249229948,0,0,0,,1.0,-0.020681288093328476,0.0,False,False,3,False
109.758235495,1778,109,808235496,map,15.3567476272583,-4.157886505126953,-0.3058871626853943,4.291534423828125e-05,0.0,0.0,0.0,0.004070835483302739,0.0002101496078976903,0.999986705594226,0.003157969350245297,0,0,0,,1.0,-0.011643175035715103,0.0,False,False,3,False
109.808235496,1779,109,858235497,map,15.38634204864502,-0.5922126770019531,-0.10367542505264282,0.0004993438487872481,0.0,0.0,0.0,0.0037425325817424648,0.00032989292366231377,0.999991804120212,0.0015087454844891599,0,0,0,,1.0,-0.004017811268568039,0.0,False,False,3,False
109.908235497,1780,109,908235497,map,15.37421703338623,0.24305343627929688,0.17777815461158752,0.0010839460883289576,0.0,0.0,0.0,0.0030455106476780917,0.00025082561354837604,0.9999951861779559,0.0005381192449051734,0,0,0,,1.0,0.004045877605676651,0.0,False,False,0,False
109.958235498,1781,109,958235498,map,15.565011978149414,-3.8155746459960938,0.09656980633735657,0.0002887725713662803,0.0,0.0,0.0,0.0026553526072703388,0.00013654111778442333,0.9999964434189437,0.00020882652550896098,0,0,0,,1.0,0.005545366555452347,0.0,False,False,0,False
110.008235499,1782,110,8235499,map,15.86383056640625,-5.977382659912109,-0.31076401472091675,-0.0011505126021802425,0.0,0.0,0.0,0.0030448617711172454,0.00017789426610604622,0.9999953403370405,0.00012835353994696016,0,0,0,,1.0,-0.00028680649120360613,0.0,False,False,4,False
110.008235499,1783,110,58235500,map,16.13096809387207,-5.342884063720703,-0.04916466772556305,-0.0011474608909338713,0.0,0.0,0.0,0.0035611688529676422,0.00020446991593774813,0.999993621486174,0.0001823606883171772,0,0,0,,1.0,0.002456609159708023,0.0,False,False,4,False
110.0582355,1784,110,108235500,map,16.37368392944336,-4.854888916015625,-0.27324581146240234,-0.0007198334205895662,0.0,0.0,0.0,0.003949336261220404,0.00026587849151687033,0.9999921388109565,0.00023316949242271407,0,0,0,,1.0,-0.0016303473385050893,0.0,False,False,4,False
110.158235501,1785,110,158235501,map,16.597734451293945,-4.481353759765625,-0.319402277469635,-6.275178748182952e-05,0.0,0.0,0.0,0.004163597483991669,0.00036311211461829377,0.9999912581345515,0.00012751494189817102,0,0,0,,1.0,-0.003575686365365982,0.0,False,False,4,False
110.158235501,1786,110,208235502,map,16.807598114013672,-4.1973114013671875,-0.29555562138557434,0.0002809524303302169,0.0,0.0,0.0,-0.004234060410293639,-0.0004464295348222799,-0.9999909269538051,0.00013943881130523103,0,0,0,,1.0,-0.003984745591878891,0.0,False,False,4,False
110.208235502,1787,110,258235502,map,17.00673484802246,-3.9826583862304688,-0.102560855448246,0.00045585635234601796,0.0,0.0,0.0,-0.00420872064584634,-0.0004436557259912282,-0.9999909532465281,0.0004280948751470736,0,0,0,,1.0,-0.0011801013024523854,0.0,False,False,4,False
110.308235503,1788,110,308235503,map,17.197702407836914,-3.8193893432617188,0.029629673808813095,0.00043373103835619986,0.0,0.0,0.0,-0.004129665469796223,-0.0003560404027865169,-0.9999912352954045,0.0005902801964709232,0,0,0,,1.0,0.0013206190196797252,0.0,False,False,4,False
110.308235503,1789,110,358235504,map,17.38248062133789,-3.6956024169921875,0.12481199204921722,0.00027484894962981343,0.0,0.0,0.0,-0.004027532625773618,-0.00021966918872139032,-0.9999917120129171,0.0005537435065047765,0,0,0,,1.0,0.0032233260571956635,0.0,False,False,4,False
110.408235505,1790,110,408235505,map,17.562602996826172,-3.602447509765625,0.0023790262639522552,0.00028667450533248484,0.0,0.0,0.0,-0.003921744619755185,-0.00012832888808684168,-0.999992218534787,0.00040782436038696137,0,0,0,,1.0,0.00145200255792588,0.0,False,False,4,False
110.458235505,1791,110,458235505,map,17.73918342590332,-3.5316085815429688,-0.04407503455877304,0.00010471343557583168,0.0,0.0,0.0,-0.003823185864645346,-9.449715664004576e-05,-0.9999926506829437,0.0002700004290394015,0,0,0,,1.0,0.0001811570255085826,0.0,False,False,4,False
110.508235506,1792,110,508235506,map,17.913061141967773,-3.4775543212890625,0.0971892848610878,-1.5068035281728953e-05,0.0,0.0,0.0,-0.003737019128707201,-3.9675113114650834e-05,-0.9999930104823821,0.00011000136125815717,0,0,0,,1.0,0.0017931348411366343,0.0,False,False,4,False
110.558235507,1793,110,558235507,map,18.084882736206055,-3.436431884765625,0.010083749890327454,2.3078900994732976e-05,0.0,0.0,0.0,0.003664664188011583,3.927270791500361e-06,0.9999932840334141,4.592421112230855e-05,0,0,0,,1.0,0.00031751010101288557,0.0,False,False,4,False
110.608235508,1794,110,608235508,map,18.25510597229004,-3.4044647216796875,-0.05511775240302086,-0.00012168882676633075,0.0,0.0,0.0,0.0036056572385183925,1.1284028730006888e-05,0.9999934924525656,0.0001190002923567454,0,0,0,,1.0,-0.0010904931696131825,0.0,False,False,4,False
110.658235508,1795,110,658235508,map,18.424087524414062,-3.3796310424804688,0.031232470646500587,-6.179811316542327e-05,0.0,0.0,0.0,0.0035585098115116123,6.4819776904194195e-06,0.999993658448712,0.00014152125651478858,0,0,0,,1.0,-8.38377745822072e-05,0.0,False,False,4,False
110.708235509,1796,110,708235509,map,18.592039108276367,-3.3589553833007812,-0.24024441838264465,-6.771086918888614e-05,0.0,0.0,0.0,0.0035213761162474276,7.939489576805171e-05,0.9999937967467684,8.64184271219122e-06,0,0,0,,1.0,-0.004169251769781113,0.0,False,False,4,False
110.75823551,1797,110,758235510,map,18.75909423828125,-3.3405303955078125,-0.45018577575683594,-0.0001050949067575857,0.0,0.0,0.0,-0.0034919992332468047,-0.000255352612505884,-0.9999937760348366,0.00043431323620887063,0,0,0,,1.0,-0.007719244807958603,0.0,False,False,4,False
110.75823551,1798,110,808235511,map,18.92561912536621,-3.3298492431640625,-0.2948223948478699,6.484983714472037e-06,0.0,0.0,0.0,-0.00346909902705453,-0.00039248982424874444,-0.9999933255293894,0.0010771259680204025,0,0,0,,1.0,-0.005300428718328476,0.0,False,False,4,False
110.858235511,1799,110,858235511,map,19.091615676879883,-3.3203125,0.16001924872398376,4.95910626341356e-06,0.0,0.0,0.0,-0.0034516805890804827,-0.0003259505036732742,-0.9999928209546239,0.0015289527767238307,0,0,0,,1.0,0.002751734107732773,0.0,False,False,4,False
110.858235511,1800,110,908235512,map,19.25710678100586,-3.3087921142578125,-0.38441771268844604,-2.9182430807850324e-05,0.0,0.0,0.0,-0.0034380970750384513,-0.0003517538412073419,-0.9999921961698477,0.0019139898490923555,0,0,0,,1.0,-0.003970187157392502,0.0,False,False,4,False
110.958235513,1801,110,958235513,map,19.422250747680664,-3.302001953125,-0.2564660310745239,-8.792877633823082e-05,0.0,0.0,0.0,-0.003427560733357455,-0.0004124785105685342,-0.9999913290578178,0.0023288405004404577,0,0,0,,1.0,-0.002275068312883377,0.0,False,False,4,False
110.958235513,1802,111,8235514,map,19.586820602416992,-3.2929229736328125,0.46601003408432007,-4.0435788832837716e-05,0.0,0.0,0.0,-0.0034194319345100814,-0.00021678552040927515,-0.9999914029472049,0.0023354915894322863,0,0,0,,1.0,0.009199939668178558,0.0,False,False,4,False
111.058235514,1803,111,58235514,map,19.75130844116211,-3.2893753051757812,-0.1405392587184906,1.8119808373739943e-05,0.0,0.0,0.0,-0.0034132527418776256,-0.00011696787963857522,-0.999991949823542,0.002106255527208784,0,0,0,,1.0,0.0010112932650372386,0.0,False,False,4,False
111.108235515,1804,111,108235515,map,19.915470123291016,-3.2827377319335938,-0.16656212508678436,-5.34057107870467e-06,0.0,0.0,0.0,-0.0034083457493185036,-0.00013635033289017016,-0.9999922983778013,0.0019410751974197286,0,0,0,,1.0,-0.0007468202384188771,0.0,False,False,4,False
111.108235515,1805,111,158235516,map,20.079355239868164,-3.277587890625,-0.03712847828865051,3.414153979974799e-05,0.0,0.0,0.0,-0.0034044801530476025,-0.0001397931658134384,-0.9999925284765814,0.0018256406469324344,0,0,0,,1.0,0.0002717039315029979,0.0,False,False,4,False
111.208235517,1806,111,208235517,map,20.242950439453125,-3.2715225219726562,-0.11940076947212219,-1.926422555698082e-05,0.0,0.0,0.0,-0.003401186931591075,-0.0001513335543557564,-0.9999926133918159,0.0017838686660858005,0,0,0,,1.0,-0.001365549978800118,0.0,False,False,4,False
111.258235517,1807,111,258235517,map,20.406110763549805,-3.2646560668945312,0.4695260524749756,-5.8364865253679454e-05,0.0,0.0,0.0,-0.0033983877016584185,2.0633049753496953e-05,-0.9999930549636271,0.0015298888256875165,0,0,0,,1.0,0.00731489434838295,0.0,False,False,4,False
111.308235518,1808,111,308235518,map,20.569143295288086,-3.2598876953125,-0.2744893729686737,3.051763997063972e-06,0.0,0.0,0.0,-0.0033958239023187896,2.3997832261552532e-05,-0.9999933568379787,0.0013244183778020806,0,0,0,,1.0,-0.003556232899427414,0.0,False,False,4,False
111.308235518,1809,111,358235519,map,20.731916427612305,-3.2545089721679688,-0.2761244773864746,9.193419828079641e-05,0.0,0.0,0.0,-0.0033933879388991324,-9.810556792420518e-05,-0.9999932240669611,0.0014237674523122487,0,0,0,,1.0,-0.004961509257555008,0.0,False,False,4,False
111.358235519,1810,111,408235520,map,20.894481658935547,-3.2507705688476562,-0.1457202434539795,-6.88552827341482e-05,0.0,0.0,0.0,-0.00339136933812916,-0.00018240484092204456,-0.9999927695620284,0.0017106040308292854,0,0,0,,1.0,-0.0032128430902957916,0.0,False,False,4,False
111.40823552,1811,111,458235520,map,21.056888580322266,-3.2467269897460938,-0.32380416989326477,1.92642164620338e-05,0.0,0.0,0.0,-0.0033893991461174037,-0.00028461750045143797,-0.999991870373271,0.0021656762625186354,0,0,0,,1.0,-0.005344502627849579,0.0,False,False,4,False
111.508235521,1812,111,508235521,map,21.04595375061035,0.21854400634765625,0.027038902044296265,0.0004734039248432964,0.0,0.0,0.0,-0.0030519320491063013,-0.0002803389845193669,-0.9999919565225335,0.002587278697223639,0,0,0,,1.0,0.0002710482804104686,0.0,False,False,0,False
111.558235522,1813,111,558235522,map,21.02665138244629,0.3855133056640625,0.11993095278739929,0.0007642746204510331,0.0,0.0,0.0,-0.002468083484844584,-0.00018333370851038146,-0.9999930792707545,0.002777834274717754,0,0,0,,1.0,0.0028937645256519318,0.0,False,False,0,False
111.608235523,1814,111,608235523,map,21.204753875732422,-3.5642623901367188,0.5844069719314575,1.564025296829641e-05,0.0,0.0,0.0,-0.00225261421257382,8.499296817071477e-05,-0.9999944196253792,0.002465608141147934,0,0,0,,1.0,0.011004708707332611,0.0,False,False,0,False
111.658235523,1815,111,658235523,map,21.419307708740234,-4.291229248046875,0.035306960344314575,-0.0006788253085687757,0.0,0.0,0.0,-0.0025578667083333904,0.0002145752286518996,-0.9999948950614499,0.0019029257508659523,0,0,0,,1.0,0.003049049526453018,0.0,False,False,5,False
111.658235523,1816,111,708235524,map,21.61151123046875,-3.8456344604492188,0.7692815065383911,-0.0007301330333575606,0.0,0.0,0.0,-0.002921922936994255,0.00046285599710786527,-0.9999951230043916,0.0010010485043309798,0,0,0,,1.0,0.012691844254732132,0.0,False,False,5,False
111.758235525,1817,111,758235525,map,21.787616729736328,-3.5213851928710938,-0.44259724020957947,-0.0004833221319131553,0.0,0.0,0.0,-0.0031879542277896133,0.0003757779248049638,-0.9999947932427963,0.0003304937058419061,0,0,0,,1.0,-0.00679391622543335,0.0,False,False,5,False
111.808235526,1818,111,808235526,map,21.946369171142578,-3.17138671875,-1.0873183012008667,-0.00010910036507993937,0.0,0.0,0.0,-0.003324778918286352,-0.00012216561393651115,-0.9999942410515703,0.0006699137269812812,0,0,0,,0.8797562122344971,-0.019808903336524963,0.0,False,False,5,False
111.858235526,1819,111,858235526,map,22.068193435668945,-2.4375152587890625,3.8121888637542725,8.773808076512069e-05,0.0,0.0,0.0,0.0033064343233890864,-0.0008878750490427412,0.9999940239672711,0.0004808323067842871,0,0,0,,0.10206537693738937,0.05989740788936615,0.0,False,False,5,False
111.908235527,1820,111,908235527,map,22.10940933227539,-0.8274078369140625,-2.488920211791992,0.00044517513015307486,0.0,0.0,0.0,0.003061166173511962,-0.0006659414167136547,0.9999940499407888,0.0014442529926300492,0,0,0,,0.0,-0.04609089717268944,0.8492463231086731,False,False,5,False
111.958235528,1821,111,958235528,map,22.008522033691406,2.0217514038085938,-1.3029907941818237,0.001190948416478932,0.0,0.0,0.0,0.002391252096270301,0.00030778748750085355,0.9999970463008041,0.0003075222624569608,0,0,0,,0.0,-0.027710534632205963,1.0,False,False,5,False
111.958235528,1822,112,8235529,map,21.784521102905273,4.4970703125,-2.336728096008301,0.0005838394281454384,0.0,0.0,0.0,-0.0013055641835552489,-0.0013875089156736074,-0.9999949347880229,0.002549650852476245,0,0,0,,0.0,-0.04499970003962517,1.0,False,False,5,False
112.058235529,1823,112,58235529,map,21.467302322387695,6.327629089355469,2.2947957515716553,0.00055866246111691,0.0,0.0,0.0,3.608920010519528e-05,-0.000908700074666971,-0.9999892044141105,0.004556755093089927,0,0,0,,0.0,0.03598020598292351,1.0,False,False,5,False
112.10823553,1824,112,108235530,map,21.118488311767578,6.981658935546875,-0.8961668610572815,-0.000292015029117465,0.0,0.0,0.0,0.0013786442637989695,-0.000646837074553847,-0.9999828111511908,0.005662008826785927,0,0,0,,0.0,-0.0074388980865478516,1.0,False,False,5,False
112.158235531,1825,112,158235531,map,20.753082275390625,7.2997283935546875,1.7013299465179443,-0.0008575440151616931,0.0,0.0,0.0,0.002535015167625884,-3.084223508594385e-05,-0.999981254603712,0.00557343592790097,0,0,0,,0.0,0.034997839480638504,1.0,False,False,5,False
112.208235532,1826,112,208235532,map,20.430959701538086,6.440620422363281,1.1204500198364258,-0.0007965087424963713,0.0,0.0,0.0,0.0033742822252124686,0.0006493639468254487,-0.9999862026757665,0.003973286300992941,0,0,0,,0.0,0.029219163581728935,1.0,False,False,5,False
112.258235532,1827,112,258235532,map,20.144987106323242,5.725288391113281,2.2805144786834717,-0.00038108823355287313,0.0,0.0,0.0,0.003781296761048465,0.001537842334616397,-0.9999913884123794,0.0007482892758423012,0,0,0,,0.0,0.046327244490385056,1.0,False,False,0,False
112.258235532,1828,112,308235533,map,19.771251678466797,7.488555908203125,1.7785675525665283,-0.0003215789911337197,0.0,0.0,0.0,-0.004075950803551917,-0.002286571074808419,0.9999821658931054,0.003718348222070066,0,0,0,,0.0,0.038171518594026566,1.0,False,False,0,False
112.358235534,1829,112,358235534,map,19.272111892700195,9.984359741210938,0.10175377130508423,-0.0006477354909293354,0.0,0.0,0.0,-0.004784619399625728,-0.002239921253709258,0.9999555991080964,0.0078032033387519266,0,0,0,,0.0,0.003206387162208557,1.0,False,False,4,False
112.408235535,1830,112,408235535,map,18.792526245117188,9.60968017578125,1.3830006122589111,-0.0006744384882040322,0.0,0.0,0.0,-0.005515573626128643,-0.0022923604486467216,0.9999169702317412,0.011418238643666208,0,0,0,,0.0,0.016045846045017242,1.0,False,False,4,False
112.408235535,1831,112,458235535,map,18.328676223754883,9.265785217285156,-0.8969408273696899,0.0002382278034929186,0.0,0.0,0.0,-0.006066301769774912,-0.0017721179690896205,0.9998873960017979,0.01361083750125309,0,0,0,,0.0,-0.028328442946076393,1.0,False,False,4,False
112.508235536,1832,112,508235536,map,17.87567138671875,9.042892456054688,-1.7547720670700073,0.0009344100253656507,0.0,0.0,0.0,-0.006413331896651432,-0.0006953437243001897,0.9998908602447579,0.013291097399637453,0,0,0,,0.0,-0.05228318274021149,1.0,False,False,4,False
112.558235537,1833,112,558235537,map,17.434520721435547,8.830451965332031,0.7877197861671448,0.0002956390380859375,0.0,0.0,0.0,-0.006601782893162387,-0.0004606063338380714,0.9999065975457346,0.011958281187078543,0,0,0,,0.0,-0.010803472250699997,1.0,False,False,4,False
112.608235538,1834,112,608235538,map,17.0023136138916,8.643951416015625,-0.06015896797180176,0.00037364958552643657,0.0,0.0,0.0,-0.006671049949518007,-0.00046702621033666697,0.999923644716217,0.010391521376890197,0,0,0,,0.0,-0.017162857577204704,1.0,False,False,4,False
112.658235538,1835,112,658235538,map,16.57630729675293,8.541412353515625,1.6014697551727295,0.00021343230037018657,0.0,0.0,0.0,-0.006669063294094856,-0.0009730213372684323,0.999931640121954,0.009554679862553034,0,0,0,,0.0,0.016720615327358246,1.0,False,False,4,False
112.658235538,1836,112,708235539,map,16.17389678955078,8.066329956054688,0.9894281625747681,-4.5776323531754315e-06,0.0,0.0,0.0,-0.006596046888070117,-0.0014639846066585576,0.9999295519277986,0.009759103237168979,0,0,0,,0.0,0.01511839684098959,0.898318886756897,False,False,4,False
112.708235539,1837,112,758235540,map,15.789144515991211,7.662525177001953,-2.127086877822876,0.000755691493395716,0.0,0.0,0.0,-0.00643822129845884,-0.0007393776010520049,0.9999377393499254,0.009084054768438075,0,0,0,,0.0,-0.03613606467843056,0.8496314287185669,False,False,4,False
112.80823554,1838,112,808235540,map,15.432754516601562,7.122306823730469,-0.503871738910675,0.0004493713495321572,0.0,0.0,0.0,-0.006216475627498559,-6.997817084007443e-05,0.9999521795369408,0.0075491173755685625,0,0,0,,0.0,-0.014915753155946732,0.7373414039611816,False,False,4,False
112.858235541,1839,112,858235541,map,15.084368705749512,6.960945129394531,-0.6997150182723999,-3.4332333598285913e-05,0.0,0.0,0.0,-0.005964333434324665,0.00034146208483468545,0.9999653865776691,0.005791008280221015,0,0,0,,0.0,-0.015156656503677368,0.7548706531524658,False,False,4,False
112.858235541,1840,112,908235542,map,14.747710227966309,6.721305847167969,-2.0771896839141846,-0.00045013424823991954,0.0,0.0,0.0,-0.005743019260267497,0.0010960046139458614,0.9999777356908921,0.003216306294281607,0,0,0,,0.0,-0.03671222925186157,0.8980892300605774,False,False,4,False
112.958235543,1841,112,958235543,map,14.497065544128418,5.014858245849609,-1.9521543979644775,-9.117124136537313e-05,0.0,0.0,0.0,0.005318331496641338,-0.0019146690606004174,-0.999983975631754,0.00031284531608877285,0,0,0,,0.0,-0.035476576536893845,0.8920818567276001,False,False,0,False
113.008235543,1842,113,8235543,map,14.26248836517334,4.692363739013672,2.693958282470703,0.0009883880848065019,0.0,0.0,0.0,0.004809328454347447,-0.0010536452892576159,-0.9999858917825576,0.0019940981083449746,0,0,0,,0.0,0.04586731269955635,0.8123501539230347,False,False,0,False
113.058235544,1843,113,58235544,map,13.754735946655273,10.169963836669922,1.7607431411743164,-0.000777816807385534,0.0,0.0,0.0,0.004958028562560027,0.00025837230178101303,-0.9999872966283787,0.0008705046775279164,0,0,0,,0.0,0.052075039595365524,0.5558379292488098,False,False,3,False
113.108235545,1844,113,108235545,map,13.355782508850098,7.979640960693359,0.001677870750427246,-0.001944160321727395,0.0,0.0,0.0,-0.005352430959021961,-0.0006976015976920801,0.9999846930434597,0.0012159414530483529,0,0,0,,0.6497865319252014,0.019854694604873657,0.0,False,False,3,False
113.158235546,1845,113,158235546,map,13.079733848571777,5.501976013183594,-2.9917373657226562,-8.907321898732334e-05,0.0,0.0,0.0,-0.0053901973077071985,0.00033930315005476034,0.9999841169359946,0.0016113727363431458,0,0,0,,1.0,-0.041969623416662216,0.0,False,False,3,False
113.158235546,1846,113,208235546,map,12.885891914367676,3.878192901611328,-1.0591806173324585,0.0007375716813839972,0.0,0.0,0.0,-0.005028837059606882,0.001190975568234002,0.9999865485625157,0.0004416662210826145,0,0,0,,1.0,-0.02229466661810875,0.0,False,False,3,False
113.258235547,1847,113,258235547,map,12.785479545593262,2.0139503479003906,-1.0507999658584595,0.0012611389392986894,0.0,0.0,0.0,0.004311210542650247,-0.001608644196725563,-0.999988464082935,0.0013774717993670868,0,0,0,,1.0,-0.02186327427625656,0.0,False,False,3,False
113.308235548,1848,113,308235548,map,12.76900577545166,0.3275299072265625,0.2828957140445709,0.00140800466760993,0.0,0.0,0.0,0.0033182996000398644,-0.001397297812194787,-0.9999894763697161,0.0028431666165224857,0,0,0,,1.0,2.8944341465830803e-06,0.0,False,False,3,False
113.358235549,1849,113,358235549,map,12.812936782836914,-0.8820152282714844,0.6660350561141968,0.0006660461076535285,0.0,0.0,0.0,0.0021944642780355418,-0.0008130609816614905,-0.999991863159455,0.003285859591413052,0,0,0,,1.0,0.011568482965230942,0.0,False,False,3,False
113.408235549,1850,113,408235549,map,12.900568008422852,-1.7514991760253906,-0.26718491315841675,-0.0007436751620844007,0.0,0.0,0.0,0.0010784487118445103,-0.0005317135743472056,-0.9999938934275757,0.003281362005195798,0,0,0,,1.0,0.0007591656176373363,0.0,False,False,3,False
113.45823555,1851,113,458235550,map,13.019344329833984,-2.3736572265625,-0.3514106571674347,-0.0012157439487054944,0.0,0.0,0.0,6.0568069469312064e-05,-0.0005025215939595297,-0.9999942946396576,0.0033398340812434064,0,0,0,,1.0,-0.0025612153112888336,0.0,False,False,3,False
113.508235551,1852,113,508235551,map,13.160970687866211,-2.8298568725585938,-0.402468740940094,-0.001230430556461215,0.0,0.0,0.0,-0.0008159472126720537,-0.0005613530489455458,-0.9999930827198112,0.00358519531258995,0,0,0,,1.0,-0.004951126873493195,0.0,False,False,3,False
113.508235551,1853,113,558235552,map,13.31960391998291,-3.169536590576172,-0.39175406098365784,-0.0010152816539630294,0.0,0.0,0.0,-0.0015406469679347312,-0.0006292342355037805,-0.9999905363770742,0.004019655145458742,0,0,0,,1.0,-0.005814444273710251,0.0,False,False,3,False
113.608235552,1854,113,608235552,map,13.490516662597656,-3.4230995178222656,0.6124991178512573,-0.0004713058297056705,0.0,0.0,0.0,-0.0021237994310151585,-0.0003500669846443167,-0.999989456083975,0.004056433157206455,0,0,0,,1.0,0.009630795568227768,0.0,False,False,3,False
113.658235553,1855,113,658235553,map,13.660247802734375,-3.3991432189941406,0.9461976289749146,-0.0002485275035724044,0.0,0.0,0.0,-0.00256763208284735,0.0001732014128307467,-0.9999913050309527,0.003281330408525159,0,0,0,,0.7469802498817444,0.017728623002767563,0.0,False,False,3,False
113.708235554,1856,113,708235554,map,13.796585083007812,-2.726879119873047,1.5926003456115723,4.863730282522738e-05,0.0,0.0,0.0,-0.0028128039862856166,0.0008978920322158423,-0.9999945731068562,0.0014613967528958047,0,0,0,,0.5400179624557495,0.029591713100671768,0.0,False,False,3,False
113.758235555,1857,113,758235555,map,13.879796981811523,-1.6611289978027344,0.7491158843040466,0.0002756119647528976,0.0,0.0,0.0,0.0028064885885646018,-0.0013149371181384168,0.9999948670950439,0.0008126166026853605,0,0,0,,0.2488459050655365,0.01762416958808899,0.0,False,False,3,False
113.808235555,1858,113,808235555,map,13.881948471069336,-0.04703521728515625,-1.854947566986084,0.0012844084994867444,0.0,0.0,0.0,0.002503343558450297,-0.000621633513645329,0.9999953636738057,0.0016184788215545035,0,0,0,,0.015064571052789688,-0.026844438165426254,0.0,False,False,3,False
113.808235555,1859,113,858235556,map,13.789605140686035,1.8469810485839844,-0.08149489760398865,0.0009399413829669356,0.0,0.0,0.0,0.0018852674419236623,-0.00011349604401950776,0.9999973770181335,0.0012957014213841216,0,0,0,,0.0,-0.00868229940533638,0.14478269219398499,False,False,3,False
113.908235557,1860,113,908235557,map,13.61034107208252,3.586559295654297,-0.5201525688171387,0.0005830764421261847,0.0,0.0,0.0,0.0010007374246778823,0.00020488406548830847,0.9999993713732623,0.00046238534449773454,0,0,0,,0.0,-0.014247909188270569,0.38591182231903076,False,False,3,False
113.908235557,1861,113,958235558,map,13.361083030700684,4.986438751220703,-0.30565357208251953,-6.313319317996502e-05,0.0,0.0,0.0,5.861136112319537e-05,-0.0003949947665126036,-0.9999997062945905,0.0006541823716187835,0,0,0,,0.0,-0.010729007422924042,0.4754467010498047,False,False,3,False
114.008235558,1862,114,8235558,map,13.089726448059082,5.426502227783203,0.15457667410373688,-0.00048809050349518657,0.0,0.0,0.0,0.0010980438666684845,-0.00034473022589513654,-0.9999980999141456,0.0015734131169247373,0,0,0,,0.0,-0.0013243594439700246,0.44813963770866394,False,False,3,False
114.058235559,1863,114,58235559,map,12.828068733215332,5.2313232421875,0.6294243335723877,-0.0006721497047692537,0.0,0.0,0.0,0.001950584293654054,-4.33917683047907e-05,-0.9999964006483555,0.0018417460198245413,0,0,0,,0.0,0.010026175528764725,0.3002402186393738,False,False,3,False
114.10823556,1864,114,108235560,map,12.583198547363281,4.899253845214844,1.5173444747924805,-0.00048408505972474813,0.0,0.0,0.0,0.0025422412183212693,0.0006031261452384552,-0.999996169232176,0.0009136571642852957,0,0,0,,0.0,0.029294803738594055,0.18280935287475586,False,False,3,False
114.158235561,1865,114,158235561,map,12.415448188781738,3.354358673095703,-0.17267510294914246,-8.049013558775187e-05,0.0,0.0,0.0,-0.002838050805410919,-0.000730984773699059,0.9999956614520548,0.00029699487213710155,0,0,0,,0.0,0.004886075854301453,0.08155014365911484,False,False,3,False
114.208235561,1866,114,208235561,map,12.389571189880371,0.5215263366699219,0.7713186740875244,0.0008640289306640625,0.0,0.0,0.0,-0.002479727765499374,-0.0008519596810529441,0.9999952788734842,0.0016022938723918828,0,0,0,,0.0,0.01484580710530281,0.02501002326607704,False,False,0,False
114.258235562,1867,114,258235562,map,12.375589370727539,0.277099609375,-0.43564295768737793,0.0007600784301757812,0.0,0.0,0.0,-0.0018509167685240976,-0.000645167924672424,0.9999949341685875,0.002507888081077817,0,0,0,,0.0,-0.0034683793783187866,0.02034420147538185,False,False,0,False
114.308235563,1868,114,308235563,map,11.832167625427246,10.868473052978516,-0.019306838512420654,-0.0006404876476153731,0.0,0.0,0.0,-0.0023509576927619627,-0.0004335719029931732,0.9999928190727327,0.002940546939026811,0,0,0,,0.0,-0.001004282501526177,0.026963137090206146,False,False,2,False
114.358235564,1869,114,358235564,map,11.325439453125,10.13214111328125,-0.6628414988517761,-0.0017660140292719007,0.0,0.0,0.0,-0.003575244482960202,-9.678160680686614e-05,0.9999896850730138,0.002799644224219695,0,0,0,,0.0,-0.015093404799699783,0.08228259533643723,False,False,2,False
114.408235564,1870,114,408235564,map,10.836085319519043,9.78668212890625,-0.881862998008728,-0.001778030302375555,0.0,0.0,0.0,-0.004773833884466475,0.0003490555042430601,0.9999867158301472,0.0019122848990606402,0,0,0,,0.0,-0.022601444274187088,0.22013729810714722,False,False,2,False
114.408235564,1871,114,458235565,map,10.370619773864746,9.315662384033203,-1.3214248418807983,-0.0010522841475903988,0.0,0.0,0.0,-0.005702735893511081,0.0009068065401226836,0.9999833147926515,0.0001632223286318843,0,0,0,,0.0,-0.03439072147011757,0.23353341221809387,False,False,2,False
114.458235565,1872,114,508235566,map,9.918776512145996,9.049854278564453,-1.1324694156646729,-1.3732933439314365e-05,0.0,0.0,0.0,0.006319783749545369,-0.0013711047906475608,-0.9999765626613636,0.0022482288531677124,0,0,0,,0.0,-0.034578416496515274,0.3416523039340973,False,False,2,False
114.508235566,1873,114,558235567,map,9.503826141357422,8.292312622070312,0.5737061500549316,0.001175308134406805,0.0,0.0,0.0,0.0066383618838140954,-0.0011328619384687226,-0.9999688948989374,0.004105850694523253,0,0,0,,0.0,-0.0015827344032004476,0.24221128225326538,False,False,2,False
114.558235567,1874,114,608235567,map,9.12209415435791,7.624168395996094,1.2703619003295898,0.0018836974631994963,0.0,0.0,0.0,0.006689414073587175,-0.00037541781573907125,-0.9999673660565246,0.004514158038031531,0,0,0,,0.0,0.021445218473672867,0.19826218485832214,False,False,2,False
114.608235567,1875,114,658235568,map,8.767522811889648,7.089118957519531,0.7227525115013123,0.0014518738025799394,0.0,0.0,0.0,0.006550980743255667,0.00022945061531867676,-0.9999711185029728,0.0038463181914578175,0,0,0,,0.0,0.02018938586115837,0.13500919938087463,False,False,2,False
114.708235569,1876,114,708235569,map,8.450139999389648,6.354179382324219,1.7219878435134888,0.0008323669317178428,0.0,0.0,0.0,0.006281181412129737,0.000962925389083283,-0.9999777448838403,0.002032060971601193,0,0,0,,0.0,0.04296361282467842,0.06991386413574219,False,False,2,False
114.75823557,1877,114,758235570,map,8.137811660766602,6.247520446777344,0.07346928119659424,0.0006685256958007812,0.0,0.0,0.0,0.005943839691436813,0.0011236504238514853,-0.9999817037089332,2.0659783782712825e-05,0,0,0,,0.0,0.0186922587454319,0.021847587078809738,False,False,2,False
114.80823557,1878,114,808235570,map,7.8834452629089355,5.093097686767578,0.4807665944099426,0.00036945348256267607,0.0,0.0,0.0,-0.005558613259162683,-0.001100723035668426,0.999982316641483,0.001804614021510139,0,0,0,,0.0010540783405303955,0.021505948156118393,0.0,False,False,2,False
114.858235571,1879,114,858235571,map,7.5839385986328125,5.991001129150391,0.025221258401870728,8.487695595249534e-05,0.0,0.0,0.0,-0.005205580391772066,-0.0009342339447539232,0.9999805051018681,0.003319421023917962,0,0,0,,0.031138237565755844,0.012573134154081345,0.0,False,False,2,False
114.908235572,1880,114,908235572,map,7.3730692863464355,4.221029281616211,0.2182762324810028,-0.00018806458683684468,0.0,0.0,0.0,-0.004836755668774015,-0.0007930940560335161,0.9999775695595183,0.004564775378685302,0,0,0,,0.07041420042514801,0.013171155005693436,0.0,False,False,2,False
114.908235572,1881,114,958235573,map,7.0982794761657715,5.485963821411133,-0.7845450639724731,-0.00020751947886310518,0.0,0.0,0.0,-0.004514353993617264,-0.0003678614150650944,0.9999766694799181,0.0051132946179708,0,0,0,,0.10941412299871445,-0.00694693997502327,0.0,False,False,2,False
115.008235573,1882,115,8235573,map,6.9329047203063965,3.3092403411865234,0.1360669732093811,-0.0003496170393191278,0.0,0.0,0.0,-0.004155212970456146,-0.00017965407963033746,0.99997706483996,0.005345252439330492,0,0,0,,0.16297397017478943,0.0027821511030197144,0.0,False,False,2,False
115.058235574,1883,115,58235574,map,6.69166898727417,4.823293685913086,-0.15116572380065918,-0.00027198795578442514,0.0,0.0,0.0,-0.0038348461555054655,-7.922362995882357e-05,0.9999777779641913,0.005452637561640766,0,0,0,,0.18966740369796753,-0.0007157587679103017,0.0,False,False,2,False
115.108235575,1884,115,108235575,map,6.578672885894775,2.2580814361572266,-0.1857304573059082,-0.0002359389327466488,0.0,0.0,0.0,-0.0034531922529951816,3.0449150023636268e-05,0.9999789760270061,0.005488354953308301,0,0,0,,0.2078094482421875,-0.0031964443624019623,0.0,False,False,2,False
115.108235575,1885,115,158235576,map,6.378810882568359,3.9943695068359375,-0.34449905157089233,-5.8174191508442163e-05,0.0,0.0,0.0,-0.0031020357364639644,0.00016636769047566075,0.9999825051405242,0.0050337966747742114,0,0,0,,0.24974337220191956,-0.007915683090686798,0.0,False,False,2,False
115.208235576,1886,115,208235576,map,6.299487113952637,1.5836048126220703,-0.5187333226203918,-0.0001939773210324347,0.0,0.0,0.0,-0.00272303817049464,0.0003709208633846985,0.9999857958075907,0.0045668001811344245,0,0,0,,0.2839304506778717,-0.014872763305902481,0.0,False,False,2,False
115.258235577,1887,115,258235577,map,6.116782188415527,3.6580944061279297,0.6352474689483643,-0.00013656615919899195,0.0,0.0,0.0,-0.0024353510981838977,0.0001592653076979302,0.9999887261204801,0.004073245822387755,0,0,0,,0.30292442440986633,0.008226785808801651,0.0,False,False,2,False
115.308235578,1888,115,308235578,map,6.061767101287842,1.0976982116699219,-0.35489046573638916,-0.00020065308490302414,0.0,0.0,0.0,-0.002128364245183939,0.00013666371741761986,0.999989615323318,0.004027484846732094,0,0,0,,0.34355682134628296,-0.006603501737117767,0.0,False,False,2,False
115.358235578,1889,115,358235578,map,5.8964033126831055,3.3076095581054688,0.042383819818496704,-0.00014953612117096782,0.0,0.0,0.0,-0.0019080339867788244,0.00011125843352308298,0.9999917600128503,0.003581470964314487,0,0,0,,0.3492504060268402,-0.0007473976584151387,0.0,False,False,2,False
115.408235579,1890,115,408235579,map,5.861856937408447,0.6978225708007812,0.7152613401412964,-7.62939453125e-05,0.0,0.0,0.0,-0.0016590087450325196,-0.00016803277259131499,0.9999905246568218,0.004021200261809953,0,0,0,,0.37139731645584106,0.016200315207242966,0.0,False,False,2,False
115.45823558,1891,115,458235580,map,5.710161209106445,3.0277633666992188,-0.6224155426025391,-6.50405854685232e-05,0.0,0.0,0.0,-0.0014913325106887337,-6.506014101476768e-05,0.9999913747228283,0.00387584500061806,0,0,0,,0.380323201417923,-0.007687725126743317,0.0,False,False,2,False
115.508235581,1892,115,508235581,map,5.692886829376221,0.3457927703857422,0.03826230764389038,-6.332396878860891e-05,0.0,0.0,0.0,-0.0012832846879022863,1.8198805294788712e-05,0.9999911819605967,0.003998606039865338,0,0,0,,0.39055535197257996,-0.0001347215147688985,0.0,False,False,2,False
115.558235581,1893,115,558235581,map,5.551990985870361,2.8155899047851562,-0.37507814168930054,-1.8501283193472773e-05,0.0,0.0,0.0,-0.001156052185390934,0.00014953647292732398,0.9999932017934238,0.0034982208513130047,0,0,0,,0.3791697025299072,-0.008556399494409561,0.0,False,False,2,False
115.608235582,1894,115,608235582,map,5.5475311279296875,0.08797645568847656,-0.4517419636249542,-5.321502612787299e-05,0.0,0.0,0.0,-0.0009853919686609873,0.0003413712842383687,0.9999945475301709,0.0031332695771382896,0,0,0,,0.4290494918823242,-0.014515284448862076,0.0,False,False,2,False
115.608235582,1895,115,658235583,map,5.417839527130127,2.593822479248047,-0.00753854401409626,-8.01086389401462e-06,0.0,0.0,0.0,-0.0008881268747052676,0.00035688118385440845,0.9999969086638945,0.002294891964718156,0,0,0,,0.4441613256931305,-0.006673790514469147,0.0,False,False,2,False
115.708235584,1896,115,708235584,map,5.429927825927734,-0.23957252502441406,0.6243724226951599,-2.9182436264818534e-05,0.0,0.0,0.0,-0.000731348552548045,7.593153369936003e-05,0.9999968813263689,0.0023867763265971557,0,0,0,,0.47454071044921875,0.010616850107908249,0.0,False,False,2,False
115.758235584,1897,115,758235584,map,5.314239025115967,2.3122024536132812,-0.324641615152359,4.005432856502011e-06,0.0,0.0,0.0,-0.0006388169145832538,4.213917364038456e-05,0.9999976856342123,0.0020539872099990778,0,0,0,,0.49765878915786743,-0.004783473908901215,0.0,False,False,2,False
115.808235585,1898,115,808235585,map,5.345607280731201,-0.6278514862060547,-0.18546143174171448,4.711151268566027e-05,0.0,0.0,0.0,-0.00047349276350818663,0.00012190860205411714,0.9999978463231299,0.002017000743026178,0,0,0,,0.5477151870727539,-0.005983907729387283,0.0,False,False,2,False
115.858235586,1899,115,858235586,map,5.249322891235352,1.9256591796875,-0.0188414566218853,-1.506805438111769e-05,0.0,0.0,0.0,-0.0003646352729082659,0.00013708806685908608,0.9999988045972963,0.0014963462026267654,0,0,0,,0.5520311594009399,-0.00296160951256752,0.0,False,False,2,False
115.858235586,1900,115,908235587,map,5.301793575286865,-1.0475826263427734,0.48001810908317566,-2.47955313170678e-06,0.0,0.0,0.0,-0.00018092657087003154,-4.8683363614421085e-05,0.9999984292959088,0.0017624702044412635,0,0,0,,0.5585018992424011,0.009861882776021957,0.0,False,False,2,False
115.90823558700001,1901,115,958235587,map,5.2220377922058105,1.5940475463867188,-0.2132091224193573,2.09808349609375e-05,0.0,0.0,0.0,-6.350962428933989e-05,-5.715778805105029e-05,0.999998751015078,0.0015781849698357764,0,0,0,,0.559624195098877,-0.001339912530966103,0.0,False,False,2,False
116.008235588,1902,116,8235588,map,5.291563510894775,-1.3901615142822266,0.08287861943244934,-3.1852719985181466e-05,0.0,0.0,0.0,0.00012119540138726816,-5.455129626079733e-05,0.9999983025593523,0.0018377198493785877,0,0,0,,0.5906825065612793,0.0025106556713581085,0.0,False,False,2,False
116.058235589,1903,116,58235589,map,5.227529048919678,1.2808609008789062,0.029683858156204224,-5.4168704082258046e-05,0.0,0.0,0.0,0.00023378425787265897,-6.270829572265907e-05,0.9999985774522117,0.0016692831225783382,0,0,0,,0.5718022584915161,0.0025067701935768127,0.0,False,False,2,False
116.10823559,1904,116,108235590,map,5.312432289123535,-1.6986751556396484,-0.13123053312301636,3.261566598666832e-05,0.0,0.0,0.0,0.00041030260107480904,-8.760616346083943e-06,0.9999981497234044,0.0018793947948535237,0,0,0,,0.614742636680603,-0.0015866832109168172,0.0,False,False,2,False
116.15823559,1905,116,158235590,map,5.264055252075195,0.9678459167480469,0.07019456475973129,-1.5830995835131034e-05,0.0,0.0,0.0,0.0005146761745757774,-6.438347019402439e-06,0.999998517524766,0.0016431723139341858,0,0,0,,0.6164367198944092,0.002039797604084015,0.0,False,False,2,False
116.208235591,1906,116,208235591,map,5.364777565002441,-2.014284133911133,0.03893490880727768,6.484988261945546e-06,0.0,0.0,0.0,0.0006863633289563648,-2.3673329271330303e-05,0.9999979628760122,0.001898048676943569,0,0,0,,0.6188904047012329,0.0019404924241825938,0.0,False,False,2,False
116.258235592,1907,116,258235592,map,5.328447341918945,0.7271671295166016,0.10351341217756271,-8.258820162154734e-05,0.0,0.0,0.0,0.0007795796399117182,-6.183851270726677e-05,0.9999981166980676,0.0017762409469551158,0,0,0,,0.5912001729011536,0.004086431115865707,0.0,False,False,2,False
116.258235592,1908,116,308235593,map,5.436212539672852,-2.15423583984375,0.16948950290679932,-6.294249033089727e-06,0.0,0.0,0.0,0.0009259228461137605,-0.0001253417870369431,0.9999971428536322,0.0022002820028349055,0,0,0,,0.6065499782562256,0.006231263279914856,0.0,False,False,2,False
116.358235593,1909,116,358235593,map,5.405823230743408,0.6052207946777344,-1.06063973903656,5.168915959075093e-05,0.0,0.0,0.0,0.0009850425273110538,0.00023316001677889132,0.999998210120283,0.0015984629668105296,0,0,0,,0.6110137701034546,-0.021511603146791458,0.0,False,False,2,False
116.358235593,1910,116,408235594,map,5.5180344581604,-2.243671417236328,0.709010660648346,6.275176565395668e-05,0.0,0.0,0.0,0.0010990787300350776,0.00012954956464896952,0.9999981180150035,0.0015934896631686667,0,0,0,,0.6026597023010254,0.008758075535297394,0.0,False,False,2,False
116.408235594,1911,116,458235595,map,5.491716384887695,0.5268669128417969,0.11054445058107376,-4.4441225327318534e-05,0.0,0.0,0.0,0.00112893641511241,-2.4559046216616275e-05,0.9999982867552583,0.0014667603663486627,0,0,0,,0.5917060375213623,0.00450541079044342,0.0,False,False,2,False
116.508235596,1912,116,508235596,map,5.604093551635742,-2.2459793090820312,0.2615604102611542,2.0790103008039296e-05,0.0,0.0,0.0,0.001211642337797916,-0.0001552135875153314,0.9999973759287762,0.0019380317720558613,0,0,0,,0.5887588262557983,0.0082920603454113,0.0,False,False,2,False
116.508235596,1913,116,558235596,map,5.578513145446777,0.5088233947753906,-1.0097005367279053,8.392335075768642e-06,0.0,0.0,0.0,0.001210395486430039,0.0001674049991846217,0.9999982129660978,0.0014425612442737006,0,0,0,,0.6090649366378784,-0.01912299171090126,0.0,False,False,2,False
116.608235597,1914,116,608235597,map,5.690688133239746,-2.2434520721435547,-0.02944447100162506,-8.583069757150952e-06,0.0,0.0,0.0,0.0012698686974346762,0.0003166339447263745,0.9999985363734483,0.0011020106159682283,0,0,0,,0.5925211906433105,-0.00733749195933342,0.0,False,False,2,False
116.658235598,1915,116,658235598,map,5.663961410522461,0.5351924896240234,0.6711199879646301,-3.814698175119702e-06,0.0,0.0,0.0,0.0012494846657119018,6.362277505949909e-05,0.9999988832090368,0.0008175089549628652,0,0,0,,0.5397419929504395,0.010920211672782898,0.0,False,False,2,False
116.708235599,1916,116,708235599,map,5.7674479484558105,-2.0687294006347656,0.2118363231420517,7.152557373046875e-05,0.0,0.0,0.0,0.0012752934611284345,-0.00014545040805575624,0.9999983493923621,0.0012859561882333853,0,0,0,,0.5511119365692139,0.007909707725048065,0.0,False,False,2,False
116.758235599,1917,116,758235599,map,5.731965065002441,0.7085704803466797,-0.23126982152462006,2.746581958490424e-05,0.0,0.0,0.0,0.0012146142258845397,-0.0001048245807661003,0.9999985002814629,0.0012301052452589076,0,0,0,,0.5244738459587097,-0.0010784977348521352,0.0,False,False,2,False
116.8082356,1918,116,808235600,map,5.824666976928711,-1.8547821044921875,-0.5273444056510925,-9.34600848268019e-06,0.0,0.0,0.0,0.0012039865031342782,0.0001276548452372729,0.9999985670556287,0.001183219096436729,0,0,0,,0.5454051494598389,-0.011292096227407455,0.0,False,False,2,False
116.858235601,1919,116,858235601,map,5.782050132751465,0.85235595703125,0.22250589728355408,5.4931642807787284e-05,0.0,0.0,0.0,0.0011191751298943989,0.0001326753772391605,0.9999990929349036,0.0007375456886570284,0,0,0,,0.5122992396354675,0.0010922326473519206,0.0,False,False,2,False
116.908235602,1920,116,908235602,map,5.865172863006592,-1.6591262817382812,-1.0142228603363037,-4.57763690064894e-06,0.0,0.0,0.0,0.0010906282261797496,0.0004326069694248891,0.9999992839954087,0.00023535070002029323,0,0,0,,0.5168227553367615,-0.02394496276974678,0.0,False,False,2,False
116.958235602,1921,116,958235602,map,5.813283443450928,1.0345840454101562,1.1032464504241943,1.6975405742414296e-05,0.0,0.0,0.0,-0.0009920904556709577,-0.00013867597436681637,-0.9999994769073167,0.00020666541730724123,0,0,0,,0.4971073865890503,0.015471551567316055,0.0,False,False,2,False
117.008235603,1922,117,8235603,map,5.88877534866333,-1.5099906921386719,-0.11180955171585083,2.861015673261136e-06,0.0,0.0,0.0,0.0009573080304881298,-2.6701322582951915e-05,0.9999995387695784,7.28629170505663e-05,0,0,0,,0.5133928656578064,0.0008757225004956126,0.0,False,False,2,False
117.058235604,1923,117,58235604,map,5.8311333656311035,1.1541461944580078,0.46141302585601807,-2.2315976821118966e-05,0.0,0.0,0.0,0.0008604174098816475,-0.00020574258060543403,0.9999995941204065,0.000170619147829643,0,0,0,,0.49974602460861206,0.01182359829545021,0.0,False,False,2,False
117.108235605,1924,117,108235605,map,5.900620937347412,-1.3882827758789062,0.25401678681373596,2.47955322265625e-05,0.0,0.0,0.0,0.000832134305089222,-0.00033896848869998845,0.9999991930947684,0.0008980326688344276,0,0,0,,0.503461480140686,0.011095564812421799,0.0,False,False,2,False
117.158235605,1925,117,158235605,map,5.83895206451416,1.2306022644042969,-0.7173737287521362,-7.801055471645668e-05,0.0,0.0,0.0,0.0007458296071345801,-8.1272472903732e-05,0.9999994175001451,0.000775971876229512,0,0,0,,0.5089060664176941,-0.010114338248968124,0.0,False,False,2,False
117.158235605,1926,117,208235606,map,5.903425216674805,-1.2830162048339844,-1.3346712589263916,7.26699799997732e-05,0.0,0.0,0.0,0.0007281072265215371,0.0005204577299517606,0.9999995970374128,7.006161511819456e-05,0,0,0,,0.5011814832687378,-0.03288467600941658,0.0,False,False,2,False
117.258235607,1927,117,258235607,map,5.836590766906738,1.330270767211914,1.3619965314865112,-5.8364865253679454e-05,0.0,0.0,0.0,-0.0006513666037022062,-0.00022112624810110464,-0.9999996347815223,0.0005072095737080663,0,0,0,,0.4584161043167114,0.01796269789338112,0.0,False,False,2,False
117.258235607,1928,117,308235608,map,5.895781993865967,-1.183023452758789,0.32850784063339233,6.67572021484375e-05,0.0,0.0,0.0,-0.0006366380236116682,0.0001374149138148604,-0.9999997878838425,6.437257187684365e-06,0,0,0,,0.48058760166168213,0.01111409068107605,0.0,False,False,2,False
117.308235608,1929,117,358235608,map,5.823916912078857,1.4371585845947266,-0.042221248149871826,-7.915496826171875e-05,0.0,0.0,0.0,0.0005590661947175026,-0.0002099244167994328,0.9999998144131101,0.00012062534685318862,0,0,0,,0.48680055141448975,0.004414413124322891,0.0,False,False,2,False
117.408235609,1930,117,408235609,map,5.881170272827148,-1.144561767578125,0.12666359543800354,4.844665454584174e-05,0.0,0.0,0.0,0.0005523867101993177,-0.0002251349619597216,0.999999604694214,0.0006593895565049745,0,0,0,,0.5115678906440735,0.006394475698471069,0.0,False,False,2,False
117.45823561,1931,117,458235610,map,5.810501575469971,1.4122390747070312,-0.38836991786956787,-6.675722943327855e-06,0.0,0.0,0.0,0.0004940894797607812,-6.31094324265164e-05,0.9999997387239801,0.0005238747533681615,0,0,0,,0.49918705224990845,-0.0049173347651958466,0.0,False,False,2,False
117.45823561,1932,117,508235611,map,5.869680404663086,-1.1836051940917969,-0.2746174931526184,-3.986358569818549e-05,0.0,0.0,0.0,0.0005108130353694625,0.00011837671718437545,0.9999997305351713,0.0005137962438577735,0,0,0,,0.519315242767334,-0.006869055330753326,0.0,False,False,2,False
117.558235611,1933,117,558235611,map,5.79991340637207,1.401987075805664,-1.1228448152542114,-1.544952465337701e-05,0.0,0.0,0.0,-0.00047090730102596203,-0.0005491141041996673,-0.9999995609060877,0.0005957412579289405,0,0,0,,0.4930334687232971,-0.028779294341802597,0.0,False,False,2,False
117.608235612,1934,117,608235612,map,5.8573408126831055,-1.1550331115722656,1.0164223909378052,1.564025842526462e-05,0.0,0.0,0.0,-0.0004962468707170468,-0.00029994701983206243,-0.9999994562652196,0.0008667410766323748,0,0,0,,0.4531061053276062,0.011259008198976517,0.0,False,False,2,False
117.608235612,1935,117,658235613,map,5.780799865722656,1.530599594116211,0.27884024381637573,2.0408628188306466e-05,0.0,0.0,0.0,-0.0004481772203869049,9.66974148699571e-06,-0.9999993948380216,0.0010046727158124387,0,0,0,,0.4487995505332947,0.007547933608293533,0.0,False,False,2,False
117.708235614,1936,117,708235614,map,5.8323073387146,-1.0301494598388672,-0.0024063466116786003,4.386902219266631e-05,0.0,0.0,0.0,-0.0004546716716833723,0.00010650670297609461,-0.9999996930669813,0.0006291231489517761,0,0,0,,0.4790375530719757,0.0030936338007450104,0.0,False,False,2,False
117.758235614,1937,117,758235614,map,5.753335952758789,1.579742431640625,0.23038209974765778,-1.5640262063243426e-05,0.0,0.0,0.0,-0.0003957630334087312,0.0001853931066136546,-0.9999997368621121,0.000579030848881644,0,0,0,,0.47548550367355347,0.0075971819460392,0.0,False,False,2,False
117.808235615,1938,117,808235615,map,5.8044114112854,-1.0208797454833984,0.19607332348823547,-4.463195728021674e-05,0.0,0.0,0.0,0.00040477068946304795,-0.0002570019092332474,0.9999998849060235,1.728141222782954e-05,0,0,0,,0.4822317957878113,0.008587781339883804,0.0,False,False,2,False
117.858235616,1939,117,858235616,map,5.726284980773926,1.5621566772460938,-0.10631155222654343,1.201629675051663e-05,0.0,0.0,0.0,0.00035653333294156627,-0.00020483473867495742,0.9999999098805576,0.00010566734952285687,0,0,0,,0.5024979114532471,0.002576105296611786,0.0,False,False,2,False
117.908235616,1940,117,908235616,map,5.781364917755127,-1.101236343383789,0.10258428752422333,-1.811981201171875e-05,0.0,0.0,0.0,0.00038500234727232533,-0.0001773244504407265,0.9999997405106142,0.0005825014474072604,0,0,0,,0.5194243788719177,0.005303218960762024,0.0,False,False,2,False
117.958235617,1941,117,958235617,map,5.708527565002441,1.457204818725586,-1.0321284532546997,2.460479663568549e-05,0.0,0.0,0.0,0.00036180477301343887,0.00020818564601641625,0.9999999126353812,2.2028910617772095e-05,0,0,0,,0.5276241898536682,-0.0207151360809803,0.0,False,False,2,False
117.958235617,1942,118,8235618,map,5.771356582641602,-1.2579727172851562,0.6009453535079956,-3.356933666509576e-05,0.0,0.0,0.0,-0.0004186609875671771,-0.0001498536741416392,-0.9999999010439294,1.3378539991903377e-05,0,0,0,,0.5520203709602356,0.006922364234924316,0.0,False,False,2,False
118.058235619,1943,118,58235619,map,5.707456588745117,1.2781238555908203,0.14069640636444092,3.0517576306010596e-06,0.0,0.0,0.0,-0.00042647103589965905,-9.716272753058258e-07,-0.9999998939393129,0.00017390478523270834,0,0,0,,0.5510990023612976,0.004492208361625671,0.0,False,False,2,False
118.108235619,1944,118,108235619,map,5.7795305252075195,-1.4406204223632812,0.3030948340892792,-4.596710277837701e-05,0.0,0.0,0.0,0.0005098708110286241,-0.00015169151773494353,0.9999998106866661,0.0003092702236882402,0,0,0,,0.5535963773727417,0.009261928498744965,0.0,False,False,2,False
118.15823562,1945,118,158235620,map,5.722997665405273,1.1302852630615234,-0.8555397391319275,3.318786548334174e-05,0.0,0.0,0.0,-0.0005328575669411802,-0.00010723819994413208,-0.9999998495561907,7.382667382748092e-05,0,0,0,,0.5672816634178162,-0.015239465981721878,0.0,False,False,2,False
118.15823562,1946,118,208235621,map,5.802553176879883,-1.5915107727050781,0.5992437601089478,-3.108978125965223e-05,0.0,0.0,0.0,0.0006253141605718805,2.2877309818362474e-05,0.9999998008006504,8.280995574138768e-05,0,0,0,,0.5742079019546509,0.009159252047538757,0.0,False,False,2,False
118.258235622,1947,118,258235622,map,5.752488136291504,1.001739501953125,0.16678577661514282,-4.7874447773210704e-05,0.0,0.0,0.0,0.0006528386378028528,-0.00011537672930905858,0.999999775743469,9.488379708655672e-05,0,0,0,,0.5378216505050659,0.006659120321273804,0.0,False,False,2,False
118.258235622,1948,118,308235622,map,5.833845615386963,-1.6254901885986328,0.34535345435142517,3.4713742934400216e-05,0.0,0.0,0.0,0.0007351518179850304,-0.0002596655891386532,0.9999994260800291,0.0007348232432706152,0,0,0,,0.5405930876731873,0.01158188283443451,0.0,False,False,2,False
118.358235623,1949,118,358235623,map,5.7846245765686035,0.9821796417236328,-0.5993267297744751,1.0299681889591739e-05,0.0,0.0,0.0,0.0007406030464529817,-6.944832640213742e-05,0.9999995198128276,0.0006380111061217948,0,0,0,,0.5688321590423584,-0.007634099572896957,0.0,False,False,2,False
118.408235624,1950,118,408235624,map,5.868314743041992,-1.673879623413086,-0.11460290849208832,-2.2888161765877157e-06,0.0,0.0,0.0,0.0008066286116430583,8.529080772998337e-05,0.9999994357666268,0.0006859607779921967,0,0,0,,0.5573369264602661,-0.0036996454000473022,0.0,False,False,2,False
118.458235625,1951,118,458235625,map,5.820539951324463,0.9554958343505859,-0.003916127607226372,-6.618499901378527e-05,0.0,0.0,0.0,0.0008007650678423507,0.00011779475067566242,0.9999996247611601,0.00030883206061157217,0,0,0,,0.5131153464317322,-0.001405697432346642,0.0,False,False,2,False
118.508235625,1952,118,508235625,map,5.89907693862915,-1.5633106231689453,-1.342303991317749,1.9645694919745438e-05,0.0,0.0,0.0,-0.0008409916729947034,-0.0005575785137897576,-0.9999994208405957,0.0003743763887402651,0,0,0,,0.5404417514801025,-0.032121770083904266,0.0,False,False,2,False
118.508235625,1953,118,558235626,map,5.847168922424316,1.0311031341552734,1.0286848545074463,5.455016435007565e-05,0.0,0.0,0.0,-0.0008072735586508095,-0.00033276313863297047,-0.9999990014002442,0.0011112050258936838,0,0,0,,0.5104363560676575,0.010493822395801544,0.0,False,False,2,False
118.558235626,1954,118,608235627,map,5.921588897705078,-1.4887619018554688,0.33582210540771484,9.841918654274195e-05,0.0,0.0,0.0,-0.0008260025287103255,1.4389184647914504e-06,-0.9999993083265892,0.0008372957034320658,0,0,0,,0.49161291122436523,0.008231844753026962,0.0,False,False,2,False
118.658235628,1955,118,658235628,map,5.860970497131348,1.213216781616211,0.4080541729927063,-1.0490416570974048e-05,0.0,0.0,0.0,-0.0007641110420914628,0.0002493192185322765,-0.9999994754762771,0.0006348396753890342,0,0,0,,0.46937549114227295,0.012585427612066269,0.0,False,False,2,False
118.708235628,1956,118,708235628,map,5.926403522491455,-1.3094615936279297,-0.32923638820648193,2.975464303744957e-05,0.0,0.0,0.0,-0.0007536715597219618,0.00018549820240765005,-0.999999685263931,0.00016444341247323803,0,0,0,,0.5204254388809204,-0.0014650599332526326,0.0,False,False,2,False
118.708235628,1957,118,758235629,map,5.863237380981445,1.2641716003417969,0.3417252004146576,2.2888179955771193e-05,0.0,0.0,0.0,-0.0006808191493194245,0.00021806604647964028,-0.9999997421159009,6.856104635540952e-05,0,0,0,,0.5071261525154114,0.009248517453670502,0.0,False,False,2,False
118.80823563,1958,118,808235630,map,5.928442478179932,-1.3030147552490234,0.22637195885181427,3.070831735385582e-05,0.0,0.0,0.0,0.0006785430047196886,-0.0002938845088352577,0.9999995490284557,0.0005959481280497414,0,0,0,,0.524964451789856,0.00974314659833908,0.0,False,False,2,False
118.80823563,1959,118,858235631,map,5.866658687591553,1.233682632446289,-0.6884681582450867,-9.822845458984375e-05,0.0,0.0,0.0,0.0006241629636828997,-3.888651657741133e-05,0.9999997103977475,0.00043371978832990304,0,0,0,,0.537359356880188,-0.010065045207738876,0.0,False,False,2,False
118.908235631,1960,118,908235631,map,5.934329986572266,-1.3435554504394531,-1.5295575857162476,-6.866455078125e-05,0.0,0.0,0.0,-0.0006444338249405007,-0.0006174726290080009,-0.9999995196773314,0.0004050650618965052,0,0,0,,0.5642966628074646,-0.037361547350883484,0.0,False,False,2,False
118.958235632,1961,118,958235632,map,5.874898433685303,1.1787796020507812,1.4624112844467163,4.4059750507585704e-05,0.0,0.0,0.0,-0.0006155147947983211,-0.00029657493341384293,-0.99999918199588,0.001081292012850178,0,0,0,,0.4695834517478943,0.01821170747280121,0.0,False,False,2,False
118.958235632,1962,119,8235633,map,5.939887046813965,-1.2994861602783203,0.3359109163284302,1.296997106692288e-05,0.0,0.0,0.0,-0.0006430148221068153,9.46710373652438e-05,-0.9999995916477917,0.0006279120822778725,0,0,0,,0.4769834876060486,0.010806512087583542,0.0,False,False,2,False
119.058235634,1963,119,58235634,map,5.873554706573486,1.3263607025146484,-0.2008335143327713,-3.0326844353112392e-05,0.0,0.0,0.0,-0.0005948149037993289,0.00012906216054646736,-0.9999996240275337,0.0006176430848377574,0,0,0,,0.5070876479148865,0.0003818570403382182,0.0,False,False,2,False
119.108235634,1964,119,108235634,map,5.935693740844727,-1.2424945831298828,0.20359350740909576,6.103515261202119e-05,0.0,0.0,0.0,-0.0006078774874050282,0.0001626091603168604,-0.9999997856899768,0.00018072969273390227,0,0,0,,0.5144888758659363,0.006348244845867157,0.0,False,False,2,False
119.158235635,1965,119,158235635,map,5.870155334472656,1.311349868774414,0.1873435080051422,-4.215240551275201e-05,0.0,0.0,0.0,-0.0005611282168699348,0.00022128279093356894,-0.9999998170349859,4.581534017562868e-05,0,0,0,,0.5121031999588013,0.00770142674446106,0.0,False,False,2,False
119.208235636,1966,119,208235636,map,5.935091972351074,-1.2993144989013672,-0.18730589747428894,6.008148193359375e-05,0.0,0.0,0.0,0.000586216079553132,-0.00014563067568805957,0.9999997457810538,0.0003789198357688507,0,0,0,,0.5614041090011597,0.00012247625272721052,0.0,False,False,2,False
119.258235637,1967,119,258235637,map,5.876770973205566,1.167287826538086,0.254609078168869,-0.00010757445852505043,0.0,0.0,0.0,0.0005648599689736004,-0.00016775808285463128,0.9999997320769677,0.0004343229601772599,0,0,0,,0.5651838779449463,0.007574811577796936,0.0,False,False,2,False
119.308235637,1968,119,308235637,map,5.950606822967529,-1.4752483367919922,-1.317295789718628,2.269744800287299e-05,0.0,0.0,0.0,0.0006236320902792756,0.00028597672705010075,0.9999997503810729,0.00016893229238092318,0,0,0,,0.5896937251091003,-0.026162654161453247,0.0,False,False,2,False
119.358235638,1969,119,358235638,map,5.902668476104736,0.9562969207763672,0.5916941165924072,-4.653930227505043e-05,0.0,0.0,0.0,-0.000637827376073099,-0.00026088185468544126,-0.9999996547455631,0.0004643550914012158,0,0,0,,0.5775162577629089,0.004337295889854431,0.0,False,False,2,False
119.408235639,1970,119,408235639,map,5.984853267669678,-1.6438674926757812,0.19623705744743347,1.3351427696761675e-06,0.0,0.0,0.0,-0.0007233961054740159,-7.771874537250023e-05,-0.9999996820083282,0.00032655950997627624,0,0,0,,0.5428459048271179,0.0038649234920740128,0.0,False,False,2,False
119.408235639,1971,119,458235640,map,5.936517715454102,0.9670066833496094,0.26925480365753174,-6.942749314475805e-05,0.0,0.0,0.0,-0.000735433546122481,9.002394812594085e-05,-0.999999664404166,0.00034960655510165613,0,0,0,,0.5155608057975769,0.007447648793458939,0.0,False,False,2,False
119.50823564,1972,119,508235640,map,6.014028549194336,-1.5484142303466797,0.44581860303878784,9.212493750965223e-05,0.0,0.0,0.0,0.0007919889828022912,-0.0002910811100392533,0.9999995883931259,0.00033352483783579594,0,0,0,,0.5442405939102173,0.01353718526661396,0.0,False,False,2,False
119.558235641,1973,119,558235641,map,5.963781833648682,1.0048103332519531,-1.396078109741211,-1.735687328618951e-05,0.0,0.0,0.0,-0.0007717991825516516,-0.0001552653717475873,-0.9999996807421783,0.00013687303472569774,0,0,0,,0.555179238319397,-0.02498844638466835,0.0,False,False,2,False
119.608235642,1974,119,608235642,map,6.0425705909729,-1.5777397155761719,0.7442527413368225,-2.937316821771674e-05,0.0,0.0,0.0,-0.0008132288424679813,-0.00010805315127371854,-0.9999996514041146,0.00015548316769714048,0,0,0,,0.5640891790390015,0.008872874081134796,0.0,False,False,2,False
119.658235643,1975,119,658235643,map,5.995518684387207,0.9418106079101562,0.3742157220840454,3.2043459214037284e-05,0.0,0.0,0.0,-0.0007938280413314183,0.00012321710563196017,-0.9999996713038868,0.00010975747851624112,0,0,0,,0.5407018661499023,0.010144980624318123,0.0,False,False,2,False
119.708235643,1976,119,708235643,map,6.076066493988037,-1.6116809844970703,-0.3155052661895752,-4.6348573960131034e-05,0.0,0.0,0.0,0.0008373069116695556,-8.195323361447754e-05,0.999999619181437,0.00023202970573246137,0,0,0,,0.5823689699172974,-0.002438994124531746,0.0,False,False,2,False
119.708235643,1977,119,758235644,map,6.0343918800354,0.8345413208007812,0.39999091625213623,0.0001068115234375,0.0,0.0,0.0,0.0008251799927845261,-0.00016135731148950316,0.9999996055399777,0.00028628951551824784,0,0,0,,0.5953412055969238,0.009476449340581894,0.0,False,False,2,False
119.758235644,1978,119,808235645,map,6.122097015380859,-1.7527103424072266,0.26553675532341003,-7.45773286325857e-05,0.0,0.0,0.0,0.0008861186130743039,-0.0002780707333470389,0.9999991237295913,0.0009434036890351719,0,0,0,,0.5899438858032227,0.010117121040821075,0.0,False,False,2,False
119.808235645,1979,119,858235646,map,6.087199687957764,0.6956863403320312,-1.0217984914779663,2.937316821771674e-05,0.0,0.0,0.0,0.0008914336011665971,7.414983618398239e-05,0.9999994062036427,0.0006224470246683576,0,0,0,,0.6031110286712646,-0.017058173194527626,0.0,False,False,2,False
119.858235646,1980,119,908235646,map,6.179446697235107,-1.8446826934814453,-0.11191673576831818,-9.250640869140625e-05,0.0,0.0,0.0,0.0009637814116696936,0.0002782024417044479,0.9999994402521081,0.00033648813089925413,0,0,0,,0.5802688598632812,-0.007376227527856827,0.0,False,False,2,False
119.958235647,1981,119,958235647,map,6.145322322845459,0.6934452056884766,-1.3267738819122314,-7.2479248046875e-05,0.0,0.0,0.0,-0.0009643024202448973,-0.0007371019477108975,-0.999998736078018,0.0010269585811262688,0,0,0,,0.5450913906097412,-0.033433668315410614,0.0,False,False,2,False
120.008235648,1982,120,8235648,map,6.228322505950928,-1.6707515716552734,1.257886290550232,0.0001600265532033518,0.0,0.0,0.0,-0.0010051388064007156,-0.00039496383368024194,-0.9999983708731163,0.0014463577231098215,0,0,0,,0.4766589403152466,0.013328935950994492,0.0,False,False,2,False
120.058235649,1983,120,58235649,map,6.18016242980957,0.9635543823242188,-0.09182490408420563,5.817413330078125e-05,0.0,0.0,0.0,-0.0009509052257413831,-0.00014913327231172685,-0.9999979336758086,0.0017905816462794812,0,0,0,,0.5015016794204712,-0.0010126904817298055,0.0,False,False,2,False
120.108235649,1984,120,108235649,map,6.249573230743408,-1.3887786865234375,0.8637246489524841,7.762908353470266e-05,0.0,0.0,0.0,-0.0009326130898978464,0.00022575823926054546,-0.9999987886980047,0.0012255074724961369,0,0,0,,0.507245659828186,0.01865394413471222,0.0,False,False,2,False
120.15823565,1985,120,158235650,map,6.193950176239014,1.1125946044921875,0.04183676093816757,-6.847381155239418e-05,0.0,0.0,0.0,-0.0008426382088697529,0.00036468031186913456,-0.9999992284313183,0.0008367233038869467,0,0,0,,0.5027719736099243,0.0080637838691473,0.0,False,False,2,False
120.15823565,1986,120,208235651,map,6.259542942047119,-1.3123798370361328,-0.23493683338165283,9.422301081940532e-05,0.0,0.0,0.0,-0.0008155267323305183,0.0002500900279124486,-0.9999995904029577,0.000302597163570983,0,0,0,,0.5698246955871582,0.00020682800095528364,0.0,False,False,2,False
120.208235651,1987,120,258235651,map,6.208503723144531,1.0206985473632812,-0.0835961252450943,-3.242492311983369e-05,0.0,0.0,0.0,-0.0007492733939946466,0.0001211738953384842,-0.9999996488785766,0.00035517459300333837,0,0,0,,0.5697730779647827,0.00011895957868546247,0.0,False,False,2,False
120.308235652,1988,120,308235652,map,6.281664848327637,-1.4628028869628906,0.2549695372581482,-2.7656551537802443e-05,0.0,0.0,0.0,0.0007675813291084385,-0.0001475762848716805,0.9999996933398821,4.858276634715937e-05,0,0,0,,0.5743398666381836,0.0066063180565834045,0.0,False,False,2,False
120.358235653,1989,120,358235653,map,6.239140033721924,0.8504486083984375,-0.6418657302856445,-6.351470801746473e-05,0.0,0.0,0.0,-0.0007489137684077816,-7.118899539225995e-05,-0.9999996832012897,0.00026011077381017113,0,0,0,,0.6210347414016724,-0.010778144001960754,0.0,False,False,2,False
120.408235654,1990,120,408235654,map,6.325241565704346,-1.7219734191894531,-0.025418903678655624,-9.91821252682712e-06,0.0,0.0,0.0,-0.0008184240142088052,-0.00017784817574236858,-0.9999995784688696,0.0003763166783189469,0,0,0,,0.6377196907997131,-0.0035804156213998795,0.0,False,False,2,False
120.458235654,1991,120,458235654,map,6.297428131103516,0.5566787719726562,-0.12761637568473816,-4.19616708313697e-06,0.0,0.0,0.0,-0.0008522758767091003,-0.00021507969303368637,-0.999999223703092,0.0008831533100024289,0,0,0,,0.6152116060256958,-0.00476667657494545,0.0,False,False,2,False
120.508235655,1992,120,508235655,map,6.39165735244751,-1.8854331970214844,0.5143187046051025,-5.168914867681451e-05,0.0,0.0,0.0,-0.0009531267662642941,-1.602052905752745e-05,-0.9999993042496671,0.0006948329953551288,0,0,0,,0.5882152318954468,0.00872747227549553,0.0,False,False,2,False
120.508235655,1993,120,558235656,map,6.366419792175293,0.5065155029296875,-0.7215958833694458,4.005432856502011e-06,0.0,0.0,0.0,-0.0009844859317821467,-0.00016465674039560507,-0.999998882643018,0.001112828973137659,0,0,0,,0.5978295803070068,-0.012685636058449745,0.0,False,False,2,False
120.608235657,1994,120,608235657,map,6.458686351776123,-1.8324565887451172,-1.2733426094055176,-7.934570021461695e-05,0.0,0.0,0.0,-0.00105804330802621,-0.000669320894303751,-0.9999971158289099,0.00204960673318454,0,0,0,,0.5798200368881226,-0.031393613666296005,0.0,False,False,2,False
120.658235657,1995,120,658235657,map,6.42918586730957,0.5779552459716797,1.12776780128479,1.5258792700478807e-05,0.0,0.0,0.0,-0.0010547080855208407,-0.00039589581224438075,-0.9999952722513419,0.0028611767378166958,0,0,0,,0.5116928815841675,0.010677210986614227,0.0,False,False,2,False
120.708235658,1996,120,708235658,map,6.511302947998047,-1.6348075866699219,-0.8066149950027466,0.00012168883404228836,0.0,0.0,0.0,-0.0010777787578643968,-0.00041601668585189205,-0.9999939184893867,0.0032906393464190897,0,0,0,,0.5697228312492371,-0.016714081168174744,0.0,False,False,2,False
120.708235658,1997,120,758235659,map,6.474538326263428,0.7273101806640625,0.8777401447296143,-1.564025842526462e-05,0.0,0.0,0.0,-0.0010272084806875186,-0.00012060325448011712,-0.9999927528438809,0.0036639537809980724,0,0,0,,0.5300695896148682,0.011784495785832405,0.0,False,False,2,False
120.758235659,1998,120,808235660,map,6.550915241241455,-1.5294933319091797,0.5216344594955444,5.9700014389818534e-05,0.0,0.0,0.0,-0.001023018988098371,0.00023920458415606772,-0.9999947263249434,0.0030730336181999055,0,0,0,,0.5675091743469238,0.013822555541992188,0.0,False,False,2,False
120.85823566,1999,120,858235660,map,6.515906810760498,0.7023334503173828,-0.5591695308685303,-3.242494130972773e-06,0.0,0.0,0.0,-0.000966544645103812,0.00013339357265057197,-0.999994832501485,0.0030631630597206,0,0,0,,0.6381735801696777,-0.006047671660780907,0.0,False,False,2,False
120.85823566,2000,120,908235661,map,6.603531360626221,-1.747903823852539,-0.5701957941055298,6.008147829561494e-05,0.0,0.0,0.0,-0.0009959478245068533,-0.00016311021425093183,-0.9999942582398013,0.003234960651766044,0,0,0,,0.6541237831115723,-0.012348858639597893,0.0,False,False,2,False
120.958235662,2001,120,958235662,map,6.585161209106445,0.3741264343261719,-0.5430464744567871,-0.00010852812556549907,0.0,0.0,0.0,-0.0010019632611404663,-0.00044289435985427457,-0.9999907026708548,0.004170669737537409,0,0,0,,0.6423968076705933,-0.01613664999604225,0.0,False,False,2,False
121.008235663,2002,121,8235663,map,6.687409400939941,-2.037954330444336,-0.45476093888282776,-7.07626313669607e-05,0.0,0.0,0.0,-0.0010903327080860855,-0.0006226898752161187,-0.999986593157087,0.00502363792362467,0,0,0,,0.6945975422859192,-0.016459990292787552,0.0,False,False,2,False
121.058235663,2003,121,58235663,map,6.682007789611816,0.09952545166015625,0.5485378503799438,2.746581594692543e-05,0.0,0.0,0.0,-0.0011443097058974037,-0.00040068142150743557,-0.9999824457336423,0.005799847778924441,0,0,0,,0.5959718227386475,0.0028049051761627197,0.0,False,False,2,False
121.108235664,2004,121,108235664,map,6.784256935119629,-2.024049758911133,-1.1935570240020752,-7.286071922862902e-05,0.0,0.0,0.0,-0.0012356251720444108,-0.0006157471426703374,-0.9999773211584638,0.006591756566573201,0,0,0,,0.609745979309082,-0.025584395974874496,0.0,False,False,2,False
121.158235665,2005,121,158235665,map,6.772372245788574,0.2683258056640625,-1.157905101776123,-0.00019321442232467234,0.0,0.0,0.0,-0.0012413908976930505,-0.0010587711038188387,-0.9999626946997627,0.008482167245341054,0,0,0,,0.5672684907913208,-0.03455594554543495,0.0,False,False,2,False
121.158235665,2006,121,208235666,map,6.85165548324585,-1.6483211517333984,4.696995735168457,0.0004327774222474545,0.0,0.0,0.0,-0.0012659695068593345,0.00031352822734946264,-0.9999676072373253,0.007942512028112496,0,0,0,,0.583368182182312,0.1307639479637146,0.0,False,False,2,False
121.258235666,2007,121,258235666,map,6.831758499145508,0.39981842041015625,0.3570478558540344,-0.0004991531604900956,0.0,0.0,0.0,-0.0012097363640869191,0.0014561040000031886,-0.999983676713753,0.005390974412374081,0,0,0,,0.5453913807868958,0.028581254184246063,0.0,False,False,2,False
121.308235667,2008,121,308235667,map,6.9113264083862305,-1.5717411041259766,-3.39746356010437,0.0006652831798419356,0.0,0.0,0.0,-0.001188615993075133,0.0002855382329430144,-0.9999872882638657,0.004891724708018891,0,0,0,,0.8111838698387146,-0.05415397509932518,0.0,False,False,2,False
121.308235667,2009,121,358235668,map,6.897824287414551,0.2534008026123047,3.7772364616394043,-0.0001165389985544607,0.0,0.0,0.0,-0.0011566126746472547,0.0006236310868652004,-0.9999892392206813,0.004449131851432975,0,0,0,,0.6309468746185303,0.15550975501537323,0.0,False,False,2,False
121.408235669,2010,121,408235669,map,7.005794525146484,-2.1582603454589844,0.1289433240890503,-0.00043487548828125,0.0,0.0,0.0,-0.001218098914943138,0.0013108078373437722,-0.9999964644423678,0.0019670080353803143,0,0,0,,0.7399616241455078,0.020916610956192017,0.0,False,False,2,False
121.408235669,2011,121,458235669,map,7.012363433837891,-0.0780487060546875,-5.524036407470703,0.0005674362182617188,0.0,0.0,0.0,-0.0012587684121878643,-0.00047340929522106775,-0.9999951008495388,0.0028265991304511264,0,0,0,,0.9171149134635925,-0.20630821585655212,0.0,False,False,2,False
121.50823567,2012,121,508235670,map,7.132165431976318,-1.815805435180664,-9.388009071350098,-0.0038303376641124487,0.0,0.0,0.0,-0.001308770631746447,-0.004570468703450503,-0.9999344249304012,0.010418434353201925,0,0,0,,1.0,-0.28587836027145386,0.0,False,False,2,False
121.558235671,2013,121,558235671,map,7.261117458343506,-2.3642826080322266,-2.234947681427002,-0.006257248111069202,0.0,0.0,0.0,-0.0014882485709475548,-0.006791704676679029,-0.9997372509730351,0.02184231857322614,0,0,0,,0.8564956188201904,-0.09592967480421066,0.0,False,False,2,False
121.608235672,2014,121,608235672,map,7.472657680511475,-3.502798080444336,-5.958585739135742,0.0018859864212572575,0.0,0.0,0.0,-0.0018116668274334063,-0.007662171265196046,-0.9994132738937878,0.03333342106219523,0,0,0,,1.0,-0.2546258568763733,0.0,False,False,2,False
121.608235672,2015,121,658235672,map,7.5490641593933105,0.2685832977294922,-10.07110595703125,-0.006787681486457586,0.0,0.0,0.0,-0.0017210504790314703,-0.010417882638296048,-0.9987218255388709,0.049428947984840425,0,0,0,,1.0,-0.4556496739387512,0.0,False,False,2,False
121.708235673,2016,121,708235673,map,7.803187370300293,-4.596195220947266,-2.754685878753662,-0.0019990920554846525,0.0,0.0,0.0,-0.0017419042647019312,-0.011417193833120355,-0.9976597071914143,0.06739230001454846,0,0,0,,0.9611011743545532,-0.008435454219579697,0.0,False,False,2,False
121.758235674,2017,121,758235674,map,7.975464820861816,-2.254047393798828,-5.326170921325684,0.013770484365522861,0.0,0.0,0.0,-0.0019584202652938656,-0.010691495579553525,-0.9965193392210007,0.08265024543748968,0,0,0,,1.0,-0.31730788946151733,0.0,False,False,2,False
121.808235675,2018,121,808235675,map,8.163535118103027,-0.8371639251708984,-10.576534271240234,-0.005101966671645641,0.0,0.0,0.0,-0.0017108642573823885,-0.012493549786874652,-0.9948065385192995,0.10099967859585203,0,0,0,,1.0,-0.5,0.0,False,False,2,False
121.808235675,2019,121,858235675,map,8.366416931152344,-2.450094223022461,-5.406684875488281,-0.004254341125488281,0.0,0.0,0.0,-0.0014603573759019433,-0.013515250440932058,-0.992538869238136,0.12116847120161245,0,0,0,,1.0,-0.1872066706418991,0.0,False,False,2,False
121.858235675,2020,121,908235676,map,8.589981079101562,-1.1916446685791016,-9.40737247467041,0.0036537169944494963,0.0,0.0,0.0,-0.0012447760173629526,-0.014254449494852904,-0.9898648993890927,0.14128956847441573,0,0,0,,1.0,-0.5,0.0,False,False,2,False
121.958235677,2021,121,958235677,map,8.691368103027344,3.368682861328125,-12.326245307922363,-0.012544249184429646,0.0,0.0,0.0,-0.0003029875930468302,-0.01689619194110029,-0.9860461332797547,0.16561234839362673,0,0,0,,1.0,-0.5,0.0,False,False,2,False
122.008235678,2022,122,8235678,map,8.795587539672852,5.132465362548828,-13.625869750976562,-0.021601485088467598,0.0,0.0,0.0,0.001317702558371557,-0.02047981464816395,-0.9805031984026898,0.19542855158353967,0,0,0,,1.0,-0.5,0.0,False,False,2,False
122.058235678,2023,122,58235678,map,8.904218673706055,5.963172912597656,-12.940540313720703,-0.015435409732162952,0.0,0.0,0.0,0.0031654501796852834,-0.02355014368383239,-0.9730106965618,0.22953334187858523,0,0,0,,1.0,-0.5,0.0,False,False,2,False
122.108235679,2024,122,108235679,map,9.057683944702148,6.170616149902344,-12.876033782958984,-0.0027053849771618843,0.0,0.0,0.0,0.0049688099667812,-0.025769727025532888,-0.9635447317038444,0.2662569850770301,0,0,0,,1.0,-0.5,0.0,False,False,2,False
122.15823568,2025,122,158235680,map,9.205810546875,7.396345138549805,-12.467975616455078,0.005435752682387829,0.0,0.0,0.0,0.0067365035787987386,-0.0273336143748552,-0.9520746299484611,0.3045675492452215,0,0,0,,1.0,-0.5,0.0,False,False,2,False
122.15823568,2026,122,208235681,map,9.367390632629395,8.362951278686523,-12.241706848144531,0.008342741057276726,0.0,0.0,0.0,0.008493774722516884,-0.02845556776271273,-0.9385977861365252,0.343732937487635,0,0,0,,1.0,-0.5,0.0,False,False,2,False
122.208235681,2027,122,258235681,map,9.40632438659668,10.654706954956055,-9.523544311523438,0.009448053315281868,0.0,0.0,0.0,0.010330782848566752,-0.029030948206456065,-0.9232044467835978,0.38307183192054345,0,0,0,,1.0,-0.5,0.0,False,False,2,False
122.308235682,2028,122,308235682,map,9.266794204711914,13.314962387084961,-5.710430145263672,0.017444036900997162,0.0,0.0,0.0,0.012493957233876658,-0.028584823320777802,-0.9063432970942986,0.4213889375868736,0,0,0,,0.8589093089103699,-0.5,0.0,False,False,0,False
122.358235683,2029,122,358235683,map,9.332969665527344,7.937965393066406,-6.229143142700195,0.027839090675115585,0.0,0.0,0.0,0.013786669356994002,-0.02686140641580932,-0.8889447551090597,0.4570181779289522,0,0,0,,0.48744022846221924,-0.32261332869529724,0.0,False,False,0,False
122.408235684,2030,122,408235684,map,9.69905948638916,7.597923278808594,-12.131423950195312,0.016833877190947533,0.0,0.0,0.0,0.013917147805974892,-0.025975546226220347,-0.8714182009250887,0.48965488161732645,0,0,0,,0.12447774410247803,-0.35017916560173035,0.0,False,False,3,False
122.408235684,2031,122,458235684,map,9.986079216003418,1.6246414184570312,-7.0652008056640625,0.02005176618695259,0.0,0.0,0.0,0.012645975864460469,-0.023870849059551842,-0.8552828214617774,0.5174568167219299,0,0,0,,0.0,-0.04993192479014397,0.006533175706863403,False,False,3,False
122.508235685,2032,122,508235685,map,10.105705261230469,2.346067428588867,-3.6316490173339844,0.040910907089710236,0.0,0.0,0.0,0.010270096195019195,-0.019990101073447474,-0.8433007534020951,0.5369718431116077,0,0,0,,0.0,-0.10515069216489792,0.16176074743270874,False,False,3,False
122.558235686,2033,122,558235686,map,10.071969032287598,6.794500350952148,-2.020893096923828,-0.005051987245678902,0.0,0.0,0.0,0.009273613302316543,-0.0174296501105275,-0.8333454394422849,0.552399842463852,0,0,0,,0.0,-0.14299659430980682,0.22941476106643677,False,False,3,False
122.608235687,2034,122,608235687,map,9.992350578308105,-0.2610301971435547,1.8083763122558594,-0.0077106524258852005,0.0,0.0,0.0,0.007784668304626857,-0.013813480589092896,-0.8262254828489496,0.5631163629166014,0,0,0,,0.0,0.023406170308589935,0.14866256713867188,False,False,3,False
122.658235687,2035,122,658235687,map,9.856725692749023,6.405124664306641,0.5074882507324219,-0.014433669857680798,0.0,0.0,0.0,0.007025041180902161,-0.011221893110135673,-0.8213147459656053,0.5703216688596746,0,0,0,,0.0,-0.11600983887910843,0.15723353624343872,False,False,3,False
122.708235688,2036,122,708235688,map,9.693662643432617,2.2693872451782227,2.658061981201172,-0.022319601848721504,0.0,0.0,0.0,0.006586815984993825,-0.00914126430126723,-0.8171669408809269,0.5762909350956874,0,0,0,,0.0,-0.022095244377851486,0.21657517552375793,False,False,3,False
122.758235689,2037,122,758235689,map,9.502823829650879,6.908783912658691,1.7312240600585938,-0.017518043518066406,0.0,0.0,0.0,0.006740121420533983,-0.00803623113854454,-0.8132417445462367,0.5818314658728226,0,0,0,,0.0,-0.22940225899219513,0.16782093048095703,False,False,3,False
122.808235689,2038,122,808235689,map,9.28918170928955,10.711078643798828,1.3862228393554688,-0.023966217413544655,0.0,0.0,0.0,0.008366699189320672,-0.008948935996565507,-0.8066981149223647,0.5908367509472546,0,0,0,,0.06326291710138321,-0.34097862243652344,0.0,False,False,3,False
122.85823569,2039,122,858235690,map,9.020763397216797,12.709240913391113,2.6658248901367188,-0.02391338348388672,0.0,0.0,0.0,0.01087391779393191,-0.010766360501552748,-0.7963947662267055,0.6045835093021249,0,0,0,,0.0,-0.3545316457748413,0.08136645704507828,False,False,3,False
122.85823569,2040,122,908235691,map,8.765423774719238,12.211332321166992,3.265209197998047,-0.015303993597626686,0.0,0.0,0.0,0.013312752413860814,-0.012253712155577374,-0.7826952277672,0.6221421040180662,0,0,0,,0.00363081693649292,-0.37313786149024963,0.0,False,False,3,False
122.958235692,2041,122,958235692,map,8.55063533782959,10.537714004516602,3.3353042602539062,0.0009387964382767677,0.0,0.0,0.0,0.014953003847216893,-0.012834697444780016,-0.7668515002745644,0.6415219830559945,0,0,0,,0.04662062227725983,-0.3531935513019562,0.0,False,False,3,False
123.008235692,2042,123,8235692,map,8.55284309387207,6.771739959716797,-0.3370475769042969,0.01881389692425728,0.0,0.0,0.0,0.015021012357632287,-0.012474030699695743,-0.7507079585455028,0.6603456130862827,0,0,0,,0.09747711569070816,-0.25428950786590576,0.0,False,False,0,False
123.058235693,2043,123,58235693,map,8.518916130065918,3.3481521606445312,0.6329727172851562,0.030868910253047943,0.0,0.0,0.0,0.013457811337979917,-0.01101906963935884,-0.7366068970464696,0.6760974387185962,0,0,0,,0.11200227588415146,-0.17117609083652496,0.0,False,False,0,False
123.108235694,2044,123,108235694,map,8.190213203430176,0.9503316879272461,6.573066711425781,0.02613372914493084,0.0,0.0,0.0,0.011287842107899258,-0.008362627725164223,-0.7259334505976783,0.6876214630023015,0,0,0,,0.09143432229757309,-0.09821702539920807,0.0,False,False,0,False
123.108235694,2045,123,158235695,map,7.778595447540283,-0.5141069889068604,8.232250213623047,0.010539623908698559,0.0,0.0,0.0,0.009267459378697308,-0.004943905468100875,-0.7190826634470541,0.6948451591004126,0,0,0,,0.0,-0.03941095992922783,0.005915947258472443,False,False,2,False
123.208235695,2046,123,208235695,map,7.4577317237854,-1.04019033908844,6.42242431640625,-0.004998205695301294,0.0,0.0,0.0,0.007442337111584598,-0.001956983567408517,-0.7153342726966551,0.6987400519071324,0,0,0,,0.07150929421186447,-0.004954483360052109,0.0,False,False,2,False
123.258235696,2047,123,258235696,map,7.114898681640625,-1.318819522857666,6.874675750732422,-0.01158905029296875,0.0,0.0,0.0,0.005862508915505572,0.0003355196809358713,-0.7138746794076222,0.7002488561336063,0,0,0,,0.10632555931806564,0.020207945257425308,0.0,False,False,2,False
123.258235696,2048,123,308235697,map,6.894279956817627,-0.3955557942390442,4.42108154296875,-0.011870574206113815,0.0,0.0,0.0,0.004741124957258447,0.0016419436181545296,-0.7136648452569669,0.7004693529339051,0,0,0,,0.12999176979064941,0.015082646161317825,0.0,False,False,2,False
123.308235697,2049,123,358235698,map,6.614754676818848,-0.3345590829849243,5.599803924560547,-0.008376884274184704,0.0,0.0,0.0,0.003959865637106815,0.002312092250259264,-0.7139869498742123,0.7001439916923385,0,0,0,,0.15229955315589905,0.016675427556037903,0.0,False,False,2,False
123.408235698,2050,123,408235698,map,6.478308200836182,0.05294919013977051,2.7284622192382812,-0.004803275689482689,0.0,0.0,0.0,0.0033812485434619797,0.0024431257837262553,-0.7145241766978285,0.6995983127545281,0,0,0,,0.18248692154884338,0.009151943027973175,0.0,False,False,2,False
123.458235699,2051,123,458235699,map,6.257167339324951,0.6575107574462891,4.408884048461914,-0.002120399381965399,0.0,0.0,0.0,0.0030765821326146285,0.002212898719675391,-0.7145693582551939,0.6995543366775722,0,0,0,,0.21863391995429993,-0.006139528006315231,0.0,False,False,2,False
123.5082357,2052,123,508235700,map,6.162570476531982,0.7937432527542114,1.8781852722167969,-0.0007892608409747481,0.0,0.0,0.0,0.0028941885622032035,0.0017641578122919615,-0.7143746369948731,0.6997552353775018,0,0,0,,0.2804059088230133,-0.017901459708809853,0.0,False,False,2,False
123.558235701,2053,123,558235701,map,5.9685282707214355,0.5164781212806702,3.8745880126953125,0.0001296997652389109,0.0,0.0,0.0,0.002703647532795269,0.0014249454351420523,-0.7136166374447183,0.7005297670924617,0,0,0,,0.3151337802410126,-0.01774377003312111,0.0,False,False,2,False
123.558235701,2054,123,608235701,map,5.9086809158325195,0.011394023895263672,1.1968994140625,0.0003377914254087955,0.0,0.0,0.0,0.002342543324606655,0.0012236458553520294,-0.7131409092039893,0.7010157336332048,0,0,0,,0.35709884762763977,-0.009418204426765442,0.0,False,False,2,False
123.658235702,2055,123,658235702,map,5.738452911376953,-0.045974403619766235,3.405284881591797,0.0004951476003043354,0.0,0.0,0.0,0.00196754631044833,0.0011651186479094099,-0.7125349923100674,0.7016328498536429,0,0,0,,0.3746033310890198,-0.004459291696548462,0.0,False,False,2,False
123.708235703,2056,123,708235703,map,5.764276504516602,0.18845781683921814,-0.5185127258300781,0.0003444671747274697,0.0,0.0,0.0,0.001592212292880898,0.0009380759730870842,-0.7123052413868726,0.701867386310457,0,0,0,,0.39026209712028503,-0.008812990039587021,0.0,False,False,2,False
123.758235704,2057,123,758235704,map,5.694080829620361,0.27801722288131714,1.4015579223632812,0.0004930496215820312,0.0,0.0,0.0,0.0012235462730302163,0.0005849546683293961,-0.7117295930453832,0.7024522383379578,0,0,0,,0.3653416037559509,-0.01140587404370308,0.0,False,False,0,False
123.758235704,2058,123,808235704,map,5.556797981262207,0.21413810551166534,2.744293212890625,9.574889554642141e-05,0.0,0.0,0.0,0.001029353001400309,0.00038788472056424305,-0.7112939942886715,0.7028937641398659,0,0,0,,0.373712420463562,-0.012205716222524643,0.0,False,False,0,False
123.858235705,2059,123,858235705,map,5.048696041107178,0.7964328527450562,10.160322189331055,-0.0007135391351766884,0.0,0.0,0.0,0.0018183285999662944,0.000955894745822755,-0.7102018167881821,0.7039951415862917,0,0,0,,0.3865651488304138,-0.027145903557538986,0.0,False,False,1,False
123.908235706,2060,123,908235706,map,4.748396396636963,-0.5280041098594666,6.006622314453125,-0.07459602504968643,0.0,0.0,0.0,0.0023254662832955927,0.001751386106110004,-0.7095253820825334,0.7046738657236463,0,0,0,,0.44577664136886597,0.0003921388415619731,0.0,False,False,1,False
123.958235707,2061,123,958235707,map,4.492025375366211,0.2286781370639801,5.126791000366211,0.03915252536535263,0.0,0.0,0.0,0.0026498729872971344,0.0022284878467853215,-0.7091875590362933,0.7050113602795433,0,0,0,,0.4993937909603119,-0.0073697008192539215,0.0,False,False,1,False
124.008235707,2062,124,8235707,map,4.316023349761963,-0.3583323359489441,3.5213756561279297,0.02460002899169922,0.0,0.0,0.0,0.0026123412897097417,0.0024574929493756392,-0.7091139463602438,0.705084780348286,0,0,0,,0.5256863832473755,0.0042494237422943115,0.0,False,False,1,False
124.058235708,2063,124,58235708,map,4.205755233764648,0.9107625484466553,2.204904556274414,0.014194297604262829,0.0,0.0,0.0,0.0025624270209900503,0.0021504778070435817,-0.7087688460557978,0.7054328687222449,0,0,0,,0.5795434713363647,-0.020918559283018112,0.0,False,False,1,False
124.108235709,2064,124,108235709,map,4.149068832397461,0.10067731142044067,1.1343002319335938,0.00708351144567132,0.0,0.0,0.0,0.002262333132139067,0.001707813149263427,-0.7082890985501498,0.705916792616568,0,0,0,,0.6101051568984985,-0.0142395980656147,0.0,False,False,1,False
124.108235709,2065,124,158235710,map,4.130795001983643,-0.6846661567687988,0.36408424377441406,0.002315330784767866,0.0,0.0,0.0,0.0016106185503404187,0.0014137984571539735,-0.7081631741675448,0.7060455550704611,0,0,0,,0.6176128387451172,0.005095623433589935,0.0,False,False,1,False
124.20823571,2066,124,208235710,map,4.138014316558838,0.09952694177627563,-0.1445293426513672,-0.0005476002115756273,0.0,0.0,0.0,0.0010314544419059858,0.0010044535175199256,-0.7081265531934139,0.7060840685338259,0,0,0,,0.6180970668792725,-0.002459019422531128,0.0,False,False,1,False
124.258235711,2067,124,258235711,map,4.163191795349121,0.039189230650663376,-0.5035781860351562,-0.0018964766059070826,0.0,0.0,0.0,0.0005571874517442133,0.0005568384187290932,-0.7080446355620311,0.7061672418945455,0,0,0,,0.6438368558883667,-0.0030756108462810516,0.0,False,False,1,False
124.308235712,2068,124,308235712,map,4.198858261108398,-1.2142573595046997,-0.7040309906005859,-0.0024324418045580387,0.0,0.0,0.0,-0.00011557676707208306,0.000433317270015406,-0.7084561333259397,0.7057547067012819,0,0,0,,0.6295361518859863,0.025695575401186943,0.0,False,False,1,False
124.358235713,2069,124,358235713,map,4.24213171005249,1.3061683177947998,-0.8747577667236328,-0.0022090913262218237,0.0,0.0,0.0,-0.000245994966506991,-8.792980879874253e-05,-0.7084489301324737,0.7057620315297349,0,0,0,,0.6469234824180603,-0.016825363039970398,0.0,False,False,1,False
124.358235713,2070,124,408235713,map,4.295429229736328,-0.02763417549431324,-1.0659599304199219,-0.0018102643080055714,0.0,0.0,0.0,-0.00037004639056216986,-0.00048774385785567913,-0.7082182953892384,0.705993251559503,0,0,0,,0.6776219606399536,-0.005731426179409027,0.0,False,False,1,False
124.458235714,2071,124,458235714,map,4.355391502380371,-0.5828413963317871,-1.1974906921386719,-0.0013425828656181693,0.0,0.0,0.0,-0.0006803990253089694,-0.0005961749858471291,-0.7082793613444062,0.7059316736952046,0,0,0,,0.6719426512718201,0.008952682837843895,0.0,False,False,1,False
124.508235715,2072,124,508235715,map,4.416181564331055,0.3634205460548401,-1.217355728149414,-0.0009170531993731856,0.0,0.0,0.0,-0.0008129652746128111,-0.0007846921030711733,-0.7082837354981116,0.7059269603681436,0,0,0,,0.6400572061538696,-0.004350718110799789,0.0,False,False,1,False
124.508235715,2073,124,558235716,map,4.475271701812744,-0.11163458228111267,-1.181497573852539,-0.0005800246726721525,0.0,0.0,0.0,-0.0009186182556473504,-0.0009031979638862946,-0.7082663912394241,0.7059440908560827,0,0,0,,0.6502774953842163,0.0008153727976605296,0.0,False,False,1,False
124.558235716,2074,124,608235716,map,4.534980297088623,0.21197479963302612,-1.1946392059326172,-0.0002529144403524697,0.0,0.0,0.0,-0.0009479070710696838,-0.0010232486868031363,-0.7081819495191791,0.7060285977278289,0,0,0,,0.6639783978462219,-0.004646629095077515,0.0,False,False,1,False
124.608235716,2075,124,658235717,map,4.595859527587891,-0.1552402526140213,-1.2173080444335938,-0.0001501083461334929,0.0,0.0,0.0,-0.0010137411525044135,-0.001058095555349358,-0.708138556463388,0.7060719776429457,0,0,0,,0.6626306772232056,0.0008616613922640681,0.0,False,False,1,False
124.658235717,2076,124,708235718,map,4.6563920974731445,-0.0834883600473404,-1.2103939056396484,-3.8146954466355965e-05,0.0,0.0,0.0,-0.0010816822415854936,-0.0010558845121278436,-0.7081637561034623,0.7060466058362305,0,0,0,,0.6557062864303589,0.0015956404386088252,0.0,False,False,1,False
124.758235719,2077,124,758235719,map,4.714419841766357,-0.218899667263031,-1.1595439910888672,4.005431037512608e-05,0.0,0.0,0.0,-0.0011597500218361214,-0.0010122544595915037,-0.7082848072746742,0.7059251108330639,0,0,0,,0.641282856464386,0.005395075306296349,0.0,False,False,1,False
124.758235719,2078,124,808235719,map,4.770373344421387,0.3260268270969391,-1.1204051971435547,0.00011196135892532766,0.0,0.0,0.0,-0.0011072703319380153,-0.0010720021838622148,-0.708283215337069,0.7059267041524306,0,0,0,,0.6533275842666626,-0.004180736839771271,0.0,False,False,1,False
124.85823572,2079,124,858235720,map,4.825038909912109,-0.14827969670295715,-1.0928535461425781,4.5394899643724784e-05,0.0,0.0,0.0,-0.0010970243414451008,-0.0010730790933394828,-0.7082803937594593,0.7059295494982476,0,0,0,,0.6441260576248169,0.0016770510701462626,0.0,False,False,1,False
124.908235721,2080,124,908235721,map,4.876051902770996,-0.10988917201757431,-1.0197925567626953,7.667540921829641e-05,0.0,0.0,0.0,-0.0011127022617811125,-0.001032095755924433,-0.7083492594183467,0.7058604843405721,0,0,0,,0.6260495781898499,0.0029091909527778625,0.0,False,False,1,False
124.958235722,2081,124,958235722,map,4.92051362991333,-0.9166567325592041,-0.8804988861083984,-4.196167537884321e-06,0.0,0.0,0.0,-0.0012978118850905465,-0.0007960277885559087,-0.7087965832385016,0.7054112882662827,0,0,0,,0.609081506729126,0.021336276084184647,0.0,False,False,1,False
125.008235722,2082,125,8235722,map,4.963650226593018,1.2088532447814941,-0.8724689483642578,4.6539309551008046e-05,0.0,0.0,0.0,-0.0010671113681102573,-0.000963106730889582,-0.7088285000400142,0.7053793952404454,0,0,0,,0.6562507152557373,-0.014663554728031158,0.0,False,False,1,False
125.058235723,2083,125,58235723,map,5.008967876434326,0.0036061927676200867,-0.9063053131103516,0.10491389781236649,0.0,0.0,0.0,-0.0008989489537548948,-0.0010799019820914232,-0.7086275818230935,0.7055813035944496,0,0,0,,0.6308430433273315,-0.004599597305059433,0.0,False,False,1,False
125.058235723,2084,125,108235724,map,5.050317287445068,-0.04719691351056099,-0.8269405364990234,-0.055650513619184494,0.0,0.0,0.0,-0.0008601621639288223,-0.0010702421329526575,-0.7084939349631899,0.7057155650991438,0,0,0,,0.619227409362793,-0.0021685920655727386,0.0,False,False,1,False
125.158235725,2085,125,158235725,map,5.081396102905273,-0.11012814939022064,-0.6212806701660156,-0.03290386125445366,0.0,0.0,0.0,-0.0008692957301052852,-0.000986889739856254,-0.7083360254419463,0.7058741711060698,0,0,0,,0.6099927425384521,0.0005199200240895152,0.0,False,False,1,False
125.208235725,2086,125,208235725,map,5.00996732711792,0.2903757393360138,1.4280128479003906,-0.017466925084590912,0.0,0.0,0.0,-0.0006349152040763804,-0.0008331051155620924,-0.7084623045870336,0.7057478769346596,0,0,0,,0.6544420719146729,-0.007934581488370895,0.0,False,False,1,False
125.258235726,2087,125,258235726,map,5.056172847747803,-0.02781650424003601,-0.9240913391113281,0.0021545409690588713,0.0,0.0,0.0,-0.0005272064440620406,-0.0007305525912238947,-0.7080268461358307,0.7061849428423306,0,0,0,,0.6717742681503296,-0.002440840005874634,0.0,False,False,1,False
125.308235727,2088,125,308235727,map,5.174030303955078,-0.0339420884847641,-2.3571109771728516,-0.006472968962043524,0.0,0.0,0.0,-0.0006568230984999265,-0.0008035785744857365,-0.7079787134499496,0.706233009810959,0,0,0,,0.6729034185409546,-0.0015031789662316442,0.0,False,False,1,False
125.358235727,2089,125,358235727,map,5.0656843185424805,-0.20817585289478302,2.1673583984375,-0.0021642684005200863,0.0,0.0,0.0,-0.0006767839660777839,-0.0006738513554165724,-0.7078526824181756,0.7063594466567338,0,0,0,,0.6424365043640137,0.003936750814318657,0.0,False,False,1,False
125.408235728,2090,125,408235728,map,5.099539279937744,0.3116084039211273,-0.6776046752929688,0.00024471315555274487,0.0,0.0,0.0,-0.0005095829074425026,-0.0005956899700969628,-0.7079080565474425,0.7063041617843853,0,0,0,,0.6822182536125183,-0.007054261863231659,0.0,False,False,1,False
125.408235728,2091,125,458235729,map,5.002479076385498,-0.006918434519320726,1.9412040710449219,0.0011814117897301912,0.0,0.0,0.0,-0.00032624600363150946,-0.0004543962687134606,-0.7075621607730086,0.7066508867395606,0,0,0,,0.6710720062255859,-0.0023317337036132812,0.0,False,False,1,False
125.50823573,2092,125,508235730,map,5.134875774383545,0.02128422260284424,-2.6479339599609375,0.01245269738137722,0.0,0.0,0.0,-0.0003703266012545416,-0.0004899418542081771,-0.7074100140628311,0.7068031513928138,0,0,0,,0.6776238679885864,-0.001727946219034493,0.0,False,False,1,False
125.55823573,2093,125,558235730,map,5.220593452453613,-0.12561990320682526,-1.7142868041992188,-0.0032600401900708675,0.0,0.0,0.0,-0.0006993838566006165,-0.0007385994114492596,-0.7074185034549005,0.7067941894941974,0,0,0,,0.6592315435409546,0.0015024932799860835,0.0,False,False,1,False
125.608235731,2094,125,608235731,map,5.292909145355225,-0.15901055932044983,-1.4460086822509766,-0.0018859864212572575,0.0,0.0,0.0,-0.0009187255700721414,-0.0008381752206913168,-0.7073901099918078,0.7068222447627157,0,0,0,,0.6623881459236145,0.00458105094730854,0.0,False,False,1,False
125.658235732,2095,125,658235732,map,5.206295490264893,0.1329604983329773,1.7320060729980469,-0.0009429931524209678,0.0,0.0,0.0,-0.0008054799452625278,-0.0007545895252457854,-0.7076389639688969,0.7065733355213263,0,0,0,,0.6695119142532349,-0.0011340138735249639,0.0,False,False,1,False
125.708235733,2096,125,708235733,map,5.271047115325928,-0.04960551857948303,-1.2949562072753906,-0.0003856658877339214,0.0,0.0,0.0,-0.000710512729977052,-0.0006727227642685089,-0.7075563875443637,0.7066562113651257,0,0,0,,0.6786965131759644,0.0013699008850380778,0.0,False,False,1,False
125.758235733,2097,125,758235733,map,5.2027201652526855,-0.15941885113716125,1.3669681549072266,-0.00017776487220544368,0.0,0.0,0.0,-0.000635143784780898,-0.0005209055409067132,-0.70787068253542,0.7063415760498801,0,0,0,,0.6587399244308472,0.004435066133737564,0.0,False,False,1,False
125.808235734,2098,125,808235734,map,5.2836127281188965,0.3552202582359314,-1.6184616088867188,1.182554115075618e-05,0.0,0.0,0.0,-0.0005327080378029252,-0.0005762138470241932,-0.7077247453191445,0.7064878407040711,0,0,0,,0.6942996382713318,-0.0068255942314863205,0.0,False,False,1,False
125.858235735,2099,125,858235735,map,5.231086730957031,-0.25446563959121704,1.0508346557617188,-1.3732897059526294e-05,0.0,0.0,0.0,-0.0005248100659298828,-0.0005183174293058911,-0.707932993328579,0.7062792173625637,0,0,0,,0.6720455288887024,0.003594420850276947,0.0,False,False,1,False
125.858235735,2100,125,908235736,map,5.326414108276367,-0.0783500224351883,-1.9063377380371094,-3.81478457711637e-07,0.0,0.0,0.0,-0.0006112168477474675,-0.0005244605857073282,-0.7078917479540531,0.7063204828784272,0,0,0,,0.6735552549362183,0.002489037811756134,0.0,False,False,1,False
125.958235736,2101,125,958235736,map,5.284195423126221,-0.2060869336128235,0.8452320098876953,6.942747859284282e-05,0.0,0.0,0.0,-0.0006817884093383243,-0.0004802973374524281,-0.7082484759066757,0.7059627474979848,0,0,0,,0.6527107954025269,0.00591813400387764,0.0,False,False,1,False
126.008235737,2102,126,8235737,map,5.35048770904541,0.31272903084754944,-1.3269901275634766,0.00013084412785246968,0.0,0.0,0.0,-0.0006279649918240722,-0.0005663016746125875,-0.7081592903041296,0.706052196737843,0,0,0,,0.6885574460029602,-0.005160454660654068,0.0,False,False,0,False
126.058235738,2103,126,58235738,map,5.276330471038818,-0.0035203061997890472,1.483154296875,8.525847806595266e-05,0.0,0.0,0.0,-0.0005197186875695143,-0.0005394661838614028,-0.7082949643059185,0.7059162006977882,0,0,0,,0.6657915115356445,-0.001448812079615891,0.0,False,False,0,False
126.108235739,2104,126,108235739,map,5.695333480834961,-0.3343416452407837,-8.37890625,-0.00010623932030284777,0.0,0.0,0.0,-0.0009869083242427861,-0.0008745059968706668,-0.7084560504856009,0.7057537005085871,0,0,0,,0.6701985597610474,0.005262237042188644,0.0,False,False,0,False
126.108235739,2105,126,158235739,map,6.030666351318359,1.0616216659545898,-6.707038879394531,-0.0011365890968590975,0.0,0.0,0.0,-0.0016763751926423785,-0.002032277608990845,-0.7082409146522329,0.7059659102439027,0,0,0,,0.6264116764068604,-0.020084014162421227,0.0,False,False,2,False
126.20823574,2106,126,208235740,map,6.41395902633667,-1.0149118900299072,-7.665824890136719,-0.0011487959418445826,0.0,0.0,0.0,-0.002626983557043088,-0.002686469024952545,-0.7081743706519423,0.7060275792016163,0,0,0,,0.5613264441490173,0.01058395579457283,0.0,False,False,2,False
126.258235741,2107,126,258235741,map,6.577255725860596,-0.3717495799064636,-3.2639694213867188,-0.00025253306375816464,0.0,0.0,0.0,-0.003191667775806408,-0.002858971292352686,-0.7084361166841511,0.7057619344491727,0,0,0,,0.5056381821632385,0.00852104090154171,0.0,False,False,2,False
126.308235742,2108,126,308235742,map,6.796301364898682,0.5668084025382996,-4.383544921875,0.001136016915552318,0.0,0.0,0.0,-0.0031464057449407897,-0.003017649002076192,-0.7084758182989441,0.7057216227458456,0,0,0,,0.49214601516723633,-0.007179278880357742,0.0,False,False,2,False
126.358235742,2109,126,358235742,map,6.839548110961914,0.5251871347427368,-0.8651638031005859,0.0013347624335438013,0.0,0.0,0.0,-0.0027025507517895774,-0.002979755714939941,-0.7081583389824521,0.7060421971843662,0,0,0,,0.46434998512268066,-0.011893276125192642,0.0,False,False,2,False
126.358235742,2110,126,408235743,map,6.955285549163818,-0.017353538423776627,-2.314777374267578,0.001314353896304965,0.0,0.0,0.0,-0.002308465758271065,-0.002691439102323792,-0.707784472611644,0.7064195406918317,0,0,0,,0.4549984633922577,-0.005385413765907288,0.0,False,False,2,False
126.458235744,2111,126,458235744,map,6.9240193367004395,-0.9484553337097168,0.6273078918457031,0.0007036208407953382,0.0,0.0,0.0,-0.002122589764567499,-0.00199138065689565,-0.7079049293725682,0.7063017343782966,0,0,0,,0.4111117124557495,0.013647910207509995,0.0,False,False,2,False
126.508235745,2112,126,508235745,map,6.958956718444824,0.9509913921356201,-0.7007312774658203,0.00018672944861464202,0.0,0.0,0.0,-0.0015680706274529492,-0.0016855982830608785,-0.7077208030971283,0.7064884746239611,0,0,0,,0.43329381942749023,-0.014126051217317581,0.0,False,False,2,False
126.558235745,2113,126,558235745,map,6.870975494384766,1.5284523963928223,1.7702102661132812,-0.0003187179390806705,0.0,0.0,0.0,-0.0006650773643917152,-0.0016746310014315799,-0.7069656208678671,0.7072456180097687,0,0,0,,0.416280061006546,-0.036571748554706573,0.0,False,False,2,False
126.608235746,2114,126,608235746,map,6.87990140914917,-1.3479392528533936,-0.18873214721679688,-0.00029048911528661847,0.0,0.0,0.0,-0.0005251969241208253,-0.0011080566328582875,-0.7063637565922197,0.707847963726404,0,0,0,,0.38492459058761597,0.013028372079133987,0.0,False,False,2,False
126.658235747,2115,126,658235747,map,6.782181262969971,-0.24549460411071777,1.9539642333984375,-0.00046825414756312966,0.0,0.0,0.0,-0.00047295055517381694,-0.000536327930984574,-0.7064985810236222,0.7077140974162738,0,0,0,,0.4150438904762268,0.005566392093896866,0.0,False,False,2,False
126.708235748,2116,126,708235748,map,6.785841464996338,-0.2435728907585144,-0.07320404052734375,-0.00039749141433276236,0.0,0.0,0.0,-0.00041181426018698625,-0.0001923137673291362,-0.7065796565781198,0.7076333671714302,0,0,0,,0.41029393672943115,0.006919320672750473,0.0,False,False,2,False
126.758235748,2117,126,758235748,map,6.682590961456299,-0.11360397934913635,2.0651626586914062,-0.0002597808779682964,0.0,0.0,0.0,-0.0002875763468604732,4.230240475964196e-05,-0.706970427503129,0.7072430488498237,0,0,0,,0.4009115695953369,0.005264464765787125,0.0,False,False,2,False
126.758235748,2118,126,808235749,map,6.686099052429199,0.3814873695373535,-0.07029533386230469,-0.00015296936908271164,0.0,0.0,0.0,-8.789454371216432e-05,3.298937595715898e-05,-0.7069314384189762,0.7072820742540613,0,0,0,,0.45231199264526367,-0.005401838570833206,0.0,False,False,2,False
126.85823575,2119,126,858235750,map,6.584557056427002,-0.30335062742233276,2.0308589935302734,-8.487701416015625e-05,0.0,0.0,0.0,-7.700161150240854e-06,0.00013465635386207325,-0.707155916591789,0.7070576295024336,0,0,0,,0.43727385997772217,0.005112253129482269,0.0,False,False,2,False
126.908235751,2120,126,908235751,map,6.594696998596191,-0.2870364189147949,-0.2021503448486328,-6.103515625e-05,0.0,0.0,0.0,-6.53361780332968e-05,0.0002344182950663424,-0.70727954631842,0.7069339319475738,0,0,0,,0.4631568193435669,0.0077440328896045685,0.0,False,False,2,False
126.908235751,2121,126,958235751,map,6.49963903427124,0.16116434335708618,1.9007205963134766,-1.6975400285446085e-05,0.0,0.0,0.0,-3.04552358705946e-06,0.00023594898907522421,-0.7076051741852704,0.7066079972552196,0,0,0,,0.4998176097869873,-0.00010166701395064592,0.0,False,False,2,False
127.008235752,2122,127,8235752,map,6.523477554321289,-0.10142011940479279,-0.4765129089355469,3.147125244140625e-05,0.0,0.0,0.0,-1.811638496585752e-05,0.00018626672523964057,-0.7076357677855561,0.7065773737723634,0,0,0,,0.5221076011657715,0.0030251163989305496,0.0,False,False,2,False
127.058235753,2123,127,58235753,map,6.4407854080200195,-0.4438791871070862,1.6559410095214844,2.0408628188306466e-05,0.0,0.0,0.0,-0.00012280131171490472,0.00026267238035116255,-0.7080846283247669,0.7061275203907826,0,0,0,,0.5117639899253845,0.011135250329971313,0.0,False,False,2,False
127.058235753,2124,127,108235754,map,6.478407859802246,1.1638221740722656,-0.7546710968017578,1.4877318790240679e-05,0.0,0.0,0.0,7.742791102707353e-05,-7.269381619452098e-05,-0.7078362113251045,0.7063765898282938,0,0,0,,0.5749013423919678,-0.020646018907427788,0.0,False,False,2,False
127.158235754,2125,127,158235754,map,0.6315511465072632,-0.4491383135318756,116.93733215332031,-0.056399911642074585,0.0,0.0,0.0,-0.00092457749642686,-0.0012486928039662087,-0.7074971207063776,0.7067145181152851,0,0,0,,0.0,0.0,1.0,False,False,2,False
